  0
SECTION
  2
HEADER
  9
$ACADVER
  1
AC1024
  9
$ACADMAINTVER
 70
6
  9
$DWGCODEPAGE
  3
ANSI_1252
  9
$LASTSAVEDBY
  1
ezdxf
  9
$INSBASE
 10
0.0
 20
0.0
 30
0.0
  9
$EXTMIN
 10
1e+20
 20
1e+20
 30
1e+20
  9
$EXTMAX
 10
-1e+20
 20
-1e+20
 30
-1e+20
  9
$LIMMIN
 10
0.0
 20
0.0
  9
$LIMMAX
 10
420.0
 20
297.0
  9
$ORTHOMODE
 70
0
  9
$REGENMODE
 70
1
  9
$FILLMODE
 70
1
  9
$QTEXTMODE
 70
0
  9
$MIRRTEXT
 70
1
  9
$LTSCALE
 40
1.0
  9
$ATTMODE
 70
1
  9
$TEXTSIZE
 40
2.5
  9
$TRACEWID
 40
1.0
  9
$TEXTSTYLE
  7
OpenSans
  9
$CLAYER
  8
0
  9
$CELTYPE
  6
ByLayer
  9
$CECOLOR
 62
256
  9
$CELTSCALE
 40
1.0
  9
$DISPSILH
 70
0
  9
$DIMSCALE
 40
1.0
  9
$DIMASZ
 40
0.175
  9
$DIMEXO
 40
0.125
  9
$DIMDLI
 40
3.75
  9
$DIMRND
 40
0.0
  9
$DIMDLE
 40
0.0
  9
$DIMEXE
 40
0.375
  9
$DIMTP
 40
0.0
  9
$DIMTM
 40
0.0
  9
$DIMTXT
 40
0.25
  9
$DIMCEN
 40
2.5
  9
$DIMTSZ
 40
0.0
  9
$DIMTOL
 70
0
  9
$DIMLIM
 70
0
  9
$DIMTIH
 70
0
  9
$DIMTOH
 70
0
  9
$DIMSE1
 70
0
  9
$DIMSE2
 70
0
  9
$DIMTAD
 70
1
  9
$DIMZIN
 70
12
  9
$DIMBLK
  1
ARCHTICK
  9
$DIMASO
 70
1
  9
$DIMSHO
 70
1
  9
$DIMPOST
  1

  9
$DIMAPOST
  1

  9
$DIMALT
 70
0
  9
$DIMALTD
 70
3
  9
$DIMALTF
 40
0.03937007874
  9
$DIMLFAC
 40
100.0
  9
$DIMTOFL
 70
1
  9
$DIMTVP
 40
0.0
  9
$DIMTIX
 70
0
  9
$DIMSOXD
 70
0
  9
$DIMSAH
 70
0
  9
$DIMBLK1
  1

  9
$DIMBLK2
  1

  9
$DIMSTYLE
  2
EZDXF
  9
$DIMCLRD
 70
0
  9
$DIMCLRE
 70
0
  9
$DIMCLRT
 70
0
  9
$DIMTFAC
 40
0.5
  9
$DIMGAP
 40
0.1
  9
$DIMJUST
 70
0
  9
$DIMSD1
 70
0
  9
$DIMSD2
 70
0
  9
$DIMTOLJ
 70
0
  9
$DIMTZIN
 70
8
  9
$DIMALTZ
 70
0
  9
$DIMALTTZ
 70
0
  9
$DIMUPT
 70
1
  9
$DIMDEC
 70
2
  9
$DIMTDEC
 70
2
  9
$DIMALTU
 70
2
  9
$DIMALTTD
 70
3
  9
$DIMTXSTY
  7
OpenSansCondensed-Light
  9
$DIMAUNIT
 70
0
  9
$DIMADEC
 70
2
  9
$DIMALTRND
 40
0.0
  9
$DIMAZIN
 70
3
  9
$DIMDSEP
 70
46
  9
$DIMATFIT
 70
3
  9
$DIMFRAC
 70
0
  9
$DIMLDRBLK
  1

  9
$DIMLUNIT
 70
2
  9
$DIMLWD
 70
-2
  9
$DIMLWE
 70
-2
  9
$DIMTMOVE
 70
2
  9
$DIMFXL
 40
1.0
  9
$DIMFXLON
 70
0
  9
$DIMJOGANG
 40
0.785398163397
  9
$DIMTFILL
 70
0
  9
$DIMTFILLCLR
 70
0
  9
$DIMARCSYM
 70
0
  9
$DIMLTYPE
  6

  9
$DIMLTEX1
  6

  9
$DIMLTEX2
  6

  9
$DIMTXTDIRECTION
 70
0
  9
$LUNITS
 70
2
  9
$LUPREC
 70
4
  9
$SKETCHINC
 40
1.0
  9
$FILLETRAD
 40
10.0
  9
$AUNITS
 70
0
  9
$AUPREC
 70
2
  9
$MENU
  1
.
  9
$ELEVATION
 40
0.0
  9
$PELEVATION
 40
0.0
  9
$THICKNESS
 40
0.0
  9
$LIMCHECK
 70
0
  9
$CHAMFERA
 40
0.0
  9
$CHAMFERB
 40
0.0
  9
$CHAMFERC
 40
0.0
  9
$CHAMFERD
 40
0.0
  9
$SKPOLY
 70
0
  9
$TDCREATE
 40
2461315.8994907406
  9
$TDUCREATE
 40
2458532.153996898
  9
$TDUPDATE
 40
2461315.8994907406
  9
$TDUUPDATE
 40
2458532.1544311
  9
$TDINDWG
 40
0.0
  9
$TDUSRTIMER
 40
0.0
  9
$USRTIMER
 70
1
  9
$ANGBASE
 50
0.0
  9
$ANGDIR
 70
0
  9
$PDMODE
 70
0
  9
$PDSIZE
 40
0.0
  9
$PLINEWID
 40
0.0
  9
$SPLFRAME
 70
0
  9
$SPLINETYPE
 70
6
  9
$SPLINESEGS
 70
8
  9
$HANDSEED
  5
1C1
  9
$SURFTAB1
 70
6
  9
$SURFTAB2
 70
6
  9
$SURFTYPE
 70
6
  9
$SURFU
 70
6
  9
$SURFV
 70
6
  9
$UCSBASE
  2

  9
$UCSNAME
  2

  9
$UCSORG
 10
0.0
 20
0.0
 30
0.0
  9
$UCSXDIR
 10
1.0
 20
0.0
 30
0.0
  9
$UCSYDIR
 10
0.0
 20
1.0
 30
0.0
  9
$UCSORTHOREF
  2

  9
$UCSORTHOVIEW
 70
0
  9
$UCSORGTOP
 10
0.0
 20
0.0
 30
0.0
  9
$UCSORGBOTTOM
 10
0.0
 20
0.0
 30
0.0
  9
$UCSORGLEFT
 10
0.0
 20
0.0
 30
0.0
  9
$UCSORGRIGHT
 10
0.0
 20
0.0
 30
0.0
  9
$UCSORGFRONT
 10
0.0
 20
0.0
 30
0.0
  9
$UCSORGBACK
 10
0.0
 20
0.0
 30
0.0
  9
$PUCSBASE
  2

  9
$PUCSNAME
  2

  9
$PUCSORG
 10
0.0
 20
0.0
 30
0.0
  9
$PUCSXDIR
 10
1.0
 20
0.0
 30
0.0
  9
$PUCSYDIR
 10
0.0
 20
1.0
 30
0.0
  9
$PUCSORTHOREF
  2

  9
$PUCSORTHOVIEW
 70
0
  9
$PUCSORGTOP
 10
0.0
 20
0.0
 30
0.0
  9
$PUCSORGBOTTOM
 10
0.0
 20
0.0
 30
0.0
  9
$PUCSORGLEFT
 10
0.0
 20
0.0
 30
0.0
  9
$PUCSORGRIGHT
 10
0.0
 20
0.0
 30
0.0
  9
$PUCSORGFRONT
 10
0.0
 20
0.0
 30
0.0
  9
$PUCSORGBACK
 10
0.0
 20
0.0
 30
0.0
  9
$USERI1
 70
0
  9
$USERI2
 70
0
  9
$USERI3
 70
0
  9
$USERI4
 70
0
  9
$USERI5
 70
0
  9
$USERR1
 40
0.0
  9
$USERR2
 40
0.0
  9
$USERR3
 40
0.0
  9
$USERR4
 40
0.0
  9
$USERR5
 40
0.0
  9
$WORLDVIEW
 70
1
  9
$SHADEDGE
 70
3
  9
$SHADEDIF
 70
70
  9
$TILEMODE
 70
1
  9
$MAXACTVP
 70
64
  9
$PINSBASE
 10
0.0
 20
0.0
 30
0.0
  9
$PLIMCHECK
 70
0
  9
$PEXTMIN
 10
1e+20
 20
1e+20
 30
1e+20
  9
$PEXTMAX
 10
-1e+20
 20
-1e+20
 30
-1e+20
  9
$PLIMMIN
 10
0.0
 20
0.0
  9
$PLIMMAX
 10
420.0
 20
297.0
  9
$UNITMODE
 70
0
  9
$VISRETAIN
 70
1
  9
$PLINEGEN
 70
0
  9
$PSLTSCALE
 70
1
  9
$TREEDEPTH
 70
3020
  9
$CMLSTYLE
  2
Standard
  9
$CMLJUST
 70
0
  9
$CMLSCALE
 40
20.0
  9
$PROXYGRAPHICS
 70
1
  9
$MEASUREMENT
 70
1
  9
$CELWEIGHT
370
-1
  9
$ENDCAPS
280
0
  9
$JOINSTYLE
280
0
  9
$LWDISPLAY
290
0
  9
$INSUNITS
 70
4
  9
$HYPERLINKBASE
  1

  9
$STYLESHEET
  1

  9
$XEDIT
290
1
  9
$CEPSNTYPE
380
0
  9
$PSTYLEMODE
290
1
  9
$FINGERPRINTGUID
  2
{649CD86B-04C8-451E-B8D3-0E96E35D98F4}
  9
$VERSIONGUID
  2
{7F42E1F3-4E15-4CF6-88D0-60EC76BA94BF}
  9
$EXTNAMES
290
1
  9
$PSVPSCALE
 40
0.0
  9
$OLESTARTUP
290
0
  9
$SORTENTS
280
127
  9
$INDEXCTL
280
0
  9
$HIDETEXT
280
1
  9
$XCLIPFRAME
280
1
  9
$HALOGAP
280
0
  9
$OBSCOLOR
 70
257
  9
$OBSLTYPE
280
0
  9
$INTERSECTIONDISPLAY
280
0
  9
$INTERSECTIONCOLOR
 70
257
  9
$DIMASSOC
280
2
  9
$PROJECTNAME
  1

  9
$CAMERADISPLAY
290
0
  9
$LENSLENGTH
 40
50.0
  9
$CAMERAHEIGHT
 40
0.0
  9
$STEPSPERSEC
 40
24.0
  9
$STEPSIZE
 40
100.0
  9
$3DDWFPREC
 40
2.0
  9
$PSOLWIDTH
 40
0.005
  9
$PSOLHEIGHT
 40
0.08
  9
$LOFTANG1
 40
1.570796326795
  9
$LOFTANG2
 40
1.570796326795
  9
$LOFTMAG1
 40
0.0
  9
$LOFTMAG2
 40
0.0
  9
$LOFTPARAM
 70
7
  9
$LOFTNORMALS
280
1
  9
$LATITUDE
 40
37.795
  9
$LONGITUDE
 40
-122.394
  9
$NORTHDIRECTION
 40
0.0
  9
$TIMEZONE
 70
-8000
  9
$LIGHTGLYPHDISPLAY
280
1
  9
$TILEMODELIGHTSYNCH
280
1
  9
$CMATERIAL
347
20
  9
$SOLIDHIST
280
0
  9
$SHOWHIST
280
1
  9
$DWFFRAME
280
2
  9
$DGNFRAME
280
2
  9
$REALWORLDSCALE
290
1
  9
$INTERFERECOLOR
 62
256
  9
$CSHADOW
280
0
  9
$SHADOWPLANELOCATION
 40
0.0
  0
ENDSEC
  0
SECTION
  2
CLASSES
  0
CLASS
  1
ACDBDICTIONARYWDFLT
  2
AcDbDictionaryWithDefault
  3
ObjectDBX Classes
 90
0
 91
0
280
0
281
0
  0
CLASS
  1
SUN
  2
AcDbSun
  3
SCENEOE
 90
1153
 91
0
280
0
281
0
  0
CLASS
  1
VISUALSTYLE
  2
AcDbVisualStyle
  3
ObjectDBX Classes
 90
4095
 91
0
280
0
281
0
  0
CLASS
  1
MATERIAL
  2
AcDbMaterial
  3
ObjectDBX Classes
 90
1153
 91
0
280
0
281
0
  0
CLASS
  1
SCALE
  2
AcDbScale
  3
ObjectDBX Classes
 90
1153
 91
0
280
0
281
0
  0
CLASS
  1
TABLESTYLE
  2
AcDbTableStyle
  3
ObjectDBX Classes
 90
4095
 91
0
280
0
281
0
  0
CLASS
  1
MLEADERSTYLE
  2
AcDbMLeaderStyle
  3
ACDB_MLEADERSTYLE_CLASS
 90
4095
 91
0
280
0
281
0
  0
CLASS
  1
DICTIONARYVAR
  2
AcDbDictionaryVar
  3
ObjectDBX Classes
 90
0
 91
0
280
0
281
0
  0
CLASS
  1
CELLSTYLEMAP
  2
AcDbCellStyleMap
  3
ObjectDBX Classes
 90
1152
 91
0
280
0
281
0
  0
CLASS
  1
MENTALRAYRENDERSETTINGS
  2
AcDbMentalRayRenderSettings
  3
SCENEOE
 90
1024
 91
0
280
0
281
0
  0
CLASS
  1
ACDBDETAILVIEWSTYLE
  2
AcDbDetailViewStyle
  3
ObjectDBX Classes
 90
1025
 91
0
280
0
281
0
  0
CLASS
  1
ACDBSECTIONVIEWSTYLE
  2
AcDbSectionViewStyle
  3
ObjectDBX Classes
 90
1025
 91
0
280
0
281
0
  0
CLASS
  1
RASTERVARIABLES
  2
AcDbRasterVariables
  3
ISM
 90
0
 91
0
280
0
281
0
  0
CLASS
  1
LAYOUT
  2
AcDbLayout
  3
ObjectDBX Classes
 90
0
 91
0
280
0
281
0
  0
CLASS
  1
ACDBPLACEHOLDER
  2
AcDbPlaceHolder
  3
ObjectDBX Classes
 90
0
 91
0
280
0
281
0
  0
ENDSEC
  0
SECTION
  2
TABLES
  0
TABLE
  2
VPORT
  5
8
330
0
100
AcDbSymbolTable
 70
1
  0
VPORT
  5
23
330
8
100
AcDbSymbolTableRecord
100
AcDbViewportTableRecord
  2
*Active
 70
0
 10
0.0
 20
0.0
 11
1.0
 21
1.0
 12
0.0
 22
0.0
 13
0.0
 23
0.0
 14
0.5
 24
0.5
 15
0.5
 25
0.5
 16
0.0
 26
0.0
 36
1.0
 17
0.0
 27
0.0
 37
0.0
 40
1000.0
 41
1.34
 42
50.0
 43
0.0
 44
0.0
 50
0.0
 51
0.0
 71
0
 72
1000
 73
1
 74
3
 75
0
 76
0
 77
0
 78
0
281
0
 65
0
146
0.0
  0
ENDTAB
  0
TABLE
  2
LTYPE
  5
2
330
0
100
AcDbSymbolTable
 70
21
  0
LTYPE
  5
24
330
2
100
AcDbSymbolTableRecord
100
AcDbLinetypeTableRecord
  2
ByBlock
 70
0
  3

 72
65
 73
0
 40
0.0
  0
LTYPE
  5
25
330
2
100
AcDbSymbolTableRecord
100
AcDbLinetypeTableRecord
  2
ByLayer
 70
0
  3

 72
65
 73
0
 40
0.0
  0
LTYPE
  5
26
330
2
100
AcDbSymbolTableRecord
100
AcDbLinetypeTableRecord
  2
Continuous
 70
0
  3

 72
65
 73
0
 40
0.0
  0
LTYPE
  5
2F
330
2
100
AcDbSymbolTableRecord
100
AcDbLinetypeTableRecord
  2
CENTER
 70
0
  3
Center ____ _ ____ _ ____ _ ____ _ ____ _ ____
 72
65
 73
4
 40
5.08
 49
3.175
 74
0
 49
-0.635
 74
0
 49
0.635
 74
0
 49
-0.635
 74
0
  0
LTYPE
  5
30
330
2
100
AcDbSymbolTableRecord
100
AcDbLinetypeTableRecord
  2
CENTERX2
 70
0
  3
Center (2x) ________  __  ________  __  ________
 72
65
 73
4
 40
8.89
 49
6.35
 74
0
 49
-0.635
 74
0
 49
1.27
 74
0
 49
-0.635
 74
0
  0
LTYPE
  5
31
330
2
100
AcDbSymbolTableRecord
100
AcDbLinetypeTableRecord
  2
CENTER2
 70
0
  3
Center (.5x) ____ _ ____ _ ____ _ ____ _ ____
 72
65
 73
4
 40
2.54
 49
1.587
 74
0
 49
-0.318
 74
0
 49
0.318
 74
0
 49
-0.318
 74
0
  0
LTYPE
  5
32
330
2
100
AcDbSymbolTableRecord
100
AcDbLinetypeTableRecord
  2
DASHED
 70
0
  3
Dashed __ __ __ __ __ __ __ __ __ __ __ __ __ _
 72
65
 73
2
 40
1.524
 49
1.27
 74
0
 49
-0.254
 74
0
  0
LTYPE
  5
33
330
2
100
AcDbSymbolTableRecord
100
AcDbLinetypeTableRecord
  2
DASHEDX2
 70
0
  3
Dashed (2x) ____  ____  ____  ____  ____  ____
 72
65
 73
2
 40
3.048
 49
2.54
 74
0
 49
-0.508
 74
0
  0
LTYPE
  5
34
330
2
100
AcDbSymbolTableRecord
100
AcDbLinetypeTableRecord
  2
DASHED2
 70
0
  3
Dashed (.5x) _ _ _ _ _ _ _ _ _ _ _ _ _ _
 72
65
 73
2
 40
0.762
 49
0.635
 74
0
 49
-0.127
 74
0
  0
LTYPE
  5
35
330
2
100
AcDbSymbolTableRecord
100
AcDbLinetypeTableRecord
  2
PHANTOM
 70
0
  3
Phantom ______  __  __  ______  __  __  ______
 72
65
 73
6
 40
6.35
 49
3.175
 74
0
 49
-0.635
 74
0
 49
0.635
 74
0
 49
-0.635
 74
0
 49
0.635
 74
0
 49
-0.635
 74
0
  0
LTYPE
  5
36
330
2
100
AcDbSymbolTableRecord
100
AcDbLinetypeTableRecord
  2
PHANTOMX2
 70
0
  3
Phantom (2x)____________    ____    ____    ____________
 72
65
 73
6
 40
10.795
 49
6.35
 74
0
 49
-0.635
 74
0
 49
1.27
 74
0
 49
-0.635
 74
0
 49
1.27
 74
0
 49
-0.635
 74
0
  0
LTYPE
  5
37
330
2
100
AcDbSymbolTableRecord
100
AcDbLinetypeTableRecord
  2
PHANTOM2
 70
0
  3
Phantom (.5x) ___ _ _ ___ _ _ ___ _ _ ___ _ _ ___
 72
65
 73
6
 40
3.175
 49
1.587
 74
0
 49
-0.318
 74
0
 49
0.318
 74
0
 49
-0.318
 74
0
 49
0.318
 74
0
 49
-0.318
 74
0
  0
LTYPE
  5
38
330
2
100
AcDbSymbolTableRecord
100
AcDbLinetypeTableRecord
  2
DASHDOT
 70
0
  3
Dash dot __ . __ . __ . __ . __ . __ . __ . __
 72
65
 73
4
 40
3.556
 49
2.54
 74
0
 49
-0.508
 74
0
 49
0.0
 74
0
 49
-0.508
 74
0
  0
LTYPE
  5
39
330
2
100
AcDbSymbolTableRecord
100
AcDbLinetypeTableRecord
  2
DASHDOTX2
 70
0
  3
Dash dot (2x) ____  .  ____  .  ____  .  ____
 72
65
 73
4
 40
6.096
 49
5.08
 74
0
 49
-0.508
 74
0
 49
0.0
 74
0
 49
-0.508
 74
0
  0
LTYPE
  5
3A
330
2
100
AcDbSymbolTableRecord
100
AcDbLinetypeTableRecord
  2
DASHDOT2
 70
0
  3
Dash dot (.5x) _ . _ . _ . _ . _ . _ . _ . _
 72
65
 73
4
 40
1.778
 49
1.27
 74
0
 49
-0.254
 74
0
 49
0.0
 74
0
 49
-0.254
 74
0
  0
LTYPE
  5
3B
330
2
100
AcDbSymbolTableRecord
100
AcDbLinetypeTableRecord
  2
DOT
 70
0
  3
Dot .  .  .  .  .  .  .  .  .  .  .  .  .  .  .  .
 72
65
 73
2
 40
0.508
 49
0.0
 74
0
 49
-0.508
 74
0
  0
LTYPE
  5
3C
330
2
100
AcDbSymbolTableRecord
100
AcDbLinetypeTableRecord
  2
DOTX2
 70
0
  3
Dot (2x) .    .    .    .    .    .    .    . 
 72
65
 73
2
 40
1.016
 49
0.0
 74
0
 49
-1.016
 74
0
  0
LTYPE
  5
3D
330
2
100
AcDbSymbolTableRecord
100
AcDbLinetypeTableRecord
  2
DOT2
 70
0
  3
Dot (.5) . . . . . . . . . . . . . . . . . . . 
 72
65
 73
2
 40
0.254
 49
0.0
 74
0
 49
-0.254
 74
0
  0
LTYPE
  5
3E
330
2
100
AcDbSymbolTableRecord
100
AcDbLinetypeTableRecord
  2
DIVIDE
 70
0
  3
Divide __ . . __ . . __ . . __ . . __ . . __
 72
65
 73
6
 40
4.064
 49
2.54
 74
0
 49
-0.508
 74
0
 49
0.0
 74
0
 49
-0.508
 74
0
 49
0.0
 74
0
 49
-0.508
 74
0
  0
LTYPE
  5
3F
330
2
100
AcDbSymbolTableRecord
100
AcDbLinetypeTableRecord
  2
DIVIDEX2
 70
0
  3
Divide (2x) ____  . .  ____  . .  ____  . .  ____
 72
65
 73
6
 40
6.604
 49
5.08
 74
0
 49
-0.508
 74
0
 49
0.0
 74
0
 49
-0.508
 74
0
 49
0.0
 74
0
 49
-0.508
 74
0
  0
LTYPE
  5
40
330
2
100
AcDbSymbolTableRecord
100
AcDbLinetypeTableRecord
  2
DIVIDE2
 70
0
  3
Divide(.5x) _ . _ . _ . _ . _ . _ . _ . _
 72
65
 73
6
 40
2.032
 49
1.27
 74
0
 49
-0.254
 74
0
 49
0.0
 74
0
 49
-0.254
 74
0
 49
0.0
 74
0
 49
-0.254
 74
0
  0
ENDTAB
  0
TABLE
  2
LAYER
  5
1
330
0
100
AcDbSymbolTable
 70
11
  0
LAYER
  5
27
330
1
100
AcDbSymbolTableRecord
100
AcDbLayerTableRecord
  2
0
 70
0
 62
7
  6
Continuous
370
-3
390
13
347
21
  0
LAYER
  5
28
330
1
100
AcDbSymbolTableRecord
100
AcDbLayerTableRecord
  2
Defpoints
 70
0
 62
7
  6
Continuous
290
0
370
-3
390
13
347
21
  0
LAYER
  5
8A
330
1
100
AcDbSymbolTableRecord
100
AcDbLayerTableRecord
  2
TAGLIO
 70
0
 62
7
  6
CONTINUOUS
370
-3
390
13
347
21
  0
LAYER
  5
8B
330
1
100
AcDbSymbolTableRecord
100
AcDbLayerTableRecord
  2
MONTAGGIO
 70
0
 62
5
  6
DOT
370
-3
390
13
347
21
  0
LAYER
  5
8C
330
1
100
AcDbSymbolTableRecord
100
AcDbLayerTableRecord
  2
CUCITURA
 70
0
 62
1
  6
DASHED
370
-3
390
13
347
21
  0
LAYER
  5
8D
330
1
100
AcDbSymbolTableRecord
100
AcDbLayerTableRecord
  2
SCARNITURA
 70
0
 62
8
  6
DASHDOT
370
-3
390
13
347
21
  0
LAYER
  5
8E
330
1
100
AcDbSymbolTableRecord
100
AcDbLayerTableRecord
  2
RIFERIMENTO
 70
0
 62
3
  6
CONTINUOUS
370
-3
390
13
347
21
  0
LAYER
  5
8F
330
1
100
AcDbSymbolTableRecord
100
AcDbLayerTableRecord
  2
ASSE
 70
0
 62
6
  6
CENTER
370
-3
390
13
347
21
  0
LAYER
  5
90
330
1
100
AcDbSymbolTableRecord
100
AcDbLayerTableRecord
  2
FORI
 70
0
 62
7
  6
CONTINUOUS
370
-3
390
13
347
21
  0
LAYER
  5
91
330
1
100
AcDbSymbolTableRecord
100
AcDbLayerTableRecord
  2
TACCHE
 70
0
 62
7
  6
CONTINUOUS
370
-3
390
13
347
21
  0
LAYER
  5
92
330
1
100
AcDbSymbolTableRecord
100
AcDbLayerTableRecord
  2
TESTO
 70
0
 62
7
  6
CONTINUOUS
370
-3
390
13
347
21
  0
ENDTAB
  0
TABLE
  2
STYLE
  5
5
330
0
100
AcDbSymbolTable
 70
26
  0
STYLE
  5
29
330
5
100
AcDbSymbolTableRecord
100
AcDbTextStyleTableRecord
  2
Standard
 70
0
 40
0.0
 41
1.0
 50
0.0
 71
0
 42
2.5
  3
txt
  4

  0
STYLE
  5
41
330
5
100
AcDbSymbolTableRecord
100
AcDbTextStyleTableRecord
  2
OpenSans-Light
 70
0
 40
0.0
 41
1.0
 50
0.0
 71
0
 42
2.5
  3
OpenSans-Light.ttf
  4

  0
STYLE
  5
42
330
5
100
AcDbSymbolTableRecord
100
AcDbTextStyleTableRecord
  2
OpenSans-Light-Italic
 70
0
 40
0.0
 41
1.0
 50
0.0
 71
0
 42
2.5
  3
OpenSans-LightItalic.ttf
  4

  0
STYLE
  5
43
330
5
100
AcDbSymbolTableRecord
100
AcDbTextStyleTableRecord
  2
OpenSans
 70
0
 40
0.0
 41
1.0
 50
0.0
 71
0
 42
2.5
  3
OpenSans-Regular.ttf
  4

  0
STYLE
  5
44
330
5
100
AcDbSymbolTableRecord
100
AcDbTextStyleTableRecord
  2
OpenSans-Italic
 70
0
 40
0.0
 41
1.0
 50
0.0
 71
0
 42
2.5
  3
OpenSans-Italic.ttf
  4

  0
STYLE
  5
45
330
5
100
AcDbSymbolTableRecord
100
AcDbTextStyleTableRecord
  2
OpenSans-SemiBold
 70
0
 40
0.0
 41
1.0
 50
0.0
 71
0
 42
2.5
  3
OpenSans-SemiBold.ttf
  4

  0
STYLE
  5
46
330
5
100
AcDbSymbolTableRecord
100
AcDbTextStyleTableRecord
  2
OpenSans-SemiBoldItalic
 70
0
 40
0.0
 41
1.0
 50
0.0
 71
0
 42
2.5
  3
OpenSans-SemiBoldItalic.ttf
  4

  0
STYLE
  5
47
330
5
100
AcDbSymbolTableRecord
100
AcDbTextStyleTableRecord
  2
OpenSans-Bold
 70
0
 40
0.0
 41
1.0
 50
0.0
 71
0
 42
2.5
  3
OpenSans-Bold.ttf
  4

  0
STYLE
  5
48
330
5
100
AcDbSymbolTableRecord
100
AcDbTextStyleTableRecord
  2
OpenSans-BoldItalic
 70
0
 40
0.0
 41
1.0
 50
0.0
 71
0
 42
2.5
  3
OpenSans-BoldItalic.ttf
  4

  0
STYLE
  5
49
330
5
100
AcDbSymbolTableRecord
100
AcDbTextStyleTableRecord
  2
OpenSans-ExtraBold
 70
0
 40
0.0
 41
1.0
 50
0.0
 71
0
 42
2.5
  3
OpenSans-ExtraBold.ttf
  4

  0
STYLE
  5
4A
330
5
100
AcDbSymbolTableRecord
100
AcDbTextStyleTableRecord
  2
OpenSans-ExtraBoldItalic
 70
0
 40
0.0
 41
1.0
 50
0.0
 71
0
 42
2.5
  3
OpenSans-ExtraBoldItalic.ttf
  4

  0
STYLE
  5
4B
330
5
100
AcDbSymbolTableRecord
100
AcDbTextStyleTableRecord
  2
OpenSansCondensed-Bold
 70
0
 40
0.0
 41
1.0
 50
0.0
 71
0
 42
2.5
  3
OpenSansCondensed-Bold.ttf
  4

  0
STYLE
  5
4C
330
5
100
AcDbSymbolTableRecord
100
AcDbTextStyleTableRecord
  2
OpenSansCondensed-Light
 70
0
 40
0.0
 41
1.0
 50
0.0
 71
0
 42
2.5
  3
OpenSansCondensed-Light.ttf
  4

  0
STYLE
  5
4D
330
5
100
AcDbSymbolTableRecord
100
AcDbTextStyleTableRecord
  2
OpenSansCondensed-Italic
 70
0
 40
0.0
 41
1.0
 50
0.0
 71
0
 42
2.5
  3
OpenSansCondensed-LightItalic.ttf
  4

  0
STYLE
  5
4E
330
5
100
AcDbSymbolTableRecord
100
AcDbTextStyleTableRecord
  2
LiberationSans
 70
0
 40
0.0
 41
1.0
 50
0.0
 71
0
 42
2.5
  3
LiberationSans-Regular.ttf
  4

  0
STYLE
  5
4F
330
5
100
AcDbSymbolTableRecord
100
AcDbTextStyleTableRecord
  2
LiberationSans-Bold
 70
0
 40
0.0
 41
1.0
 50
0.0
 71
0
 42
2.5
  3
LiberationSans-Bold.ttf
  4

  0
STYLE
  5
50
330
5
100
AcDbSymbolTableRecord
100
AcDbTextStyleTableRecord
  2
LiberationSans-BoldItalic
 70
0
 40
0.0
 41
1.0
 50
0.0
 71
0
 42
2.5
  3
LiberationSans-BoldItalic.ttf
  4

  0
STYLE
  5
51
330
5
100
AcDbSymbolTableRecord
100
AcDbTextStyleTableRecord
  2
LiberationSans-Italic
 70
0
 40
0.0
 41
1.0
 50
0.0
 71
0
 42
2.5
  3
LiberationSans-Italic.ttf
  4

  0
STYLE
  5
52
330
5
100
AcDbSymbolTableRecord
100
AcDbTextStyleTableRecord
  2
LiberationSerif
 70
0
 40
0.0
 41
1.0
 50
0.0
 71
0
 42
2.5
  3
LiberationSerif-Regular.ttf
  4

  0
STYLE
  5
53
330
5
100
AcDbSymbolTableRecord
100
AcDbTextStyleTableRecord
  2
LiberationSerif-Bold
 70
0
 40
0.0
 41
1.0
 50
0.0
 71
0
 42
2.5
  3
LiberationSerif-Bold.ttf
  4

  0
STYLE
  5
54
330
5
100
AcDbSymbolTableRecord
100
AcDbTextStyleTableRecord
  2
LiberationSerif-BoldItalic
 70
0
 40
0.0
 41
1.0
 50
0.0
 71
0
 42
2.5
  3
LiberationSerif-BoldItalic.ttf
  4

  0
STYLE
  5
55
330
5
100
AcDbSymbolTableRecord
100
AcDbTextStyleTableRecord
  2
LiberationSerif-Italic
 70
0
 40
0.0
 41
1.0
 50
0.0
 71
0
 42
2.5
  3
LiberationSerif-Italic.ttf
  4

  0
STYLE
  5
56
330
5
100
AcDbSymbolTableRecord
100
AcDbTextStyleTableRecord
  2
LiberationMono
 70
0
 40
0.0
 41
1.0
 50
0.0
 71
0
 42
2.5
  3
LiberationMono-Regular.ttf
  4

  0
STYLE
  5
57
330
5
100
AcDbSymbolTableRecord
100
AcDbTextStyleTableRecord
  2
LiberationMono-Bold
 70
0
 40
0.0
 41
1.0
 50
0.0
 71
0
 42
2.5
  3
LiberationMono-Bold.ttf
  4

  0
STYLE
  5
58
330
5
100
AcDbSymbolTableRecord
100
AcDbTextStyleTableRecord
  2
LiberationMono-BoldItalic
 70
0
 40
0.0
 41
1.0
 50
0.0
 71
0
 42
2.5
  3
LiberationMono-BoldItalic.ttf
  4

  0
STYLE
  5
59
330
5
100
AcDbSymbolTableRecord
100
AcDbTextStyleTableRecord
  2
LiberationMono-Italic
 70
0
 40
0.0
 41
1.0
 50
0.0
 71
0
 42
2.5
  3
LiberationMono-Italic.ttf
  4

  0
ENDTAB
  0
TABLE
  2
VIEW
  5
7
330
0
100
AcDbSymbolTable
 70
0
  0
ENDTAB
  0
TABLE
  2
UCS
  5
6
330
0
100
AcDbSymbolTable
 70
0
  0
ENDTAB
  0
TABLE
  2
APPID
  5
3
330
0
100
AcDbSymbolTable
 70
3
  0
APPID
  5
2A
330
3
100
AcDbSymbolTableRecord
100
AcDbRegAppTableRecord
  2
ACAD
 70
0
  0
APPID
  5
1BE
330
3
100
AcDbSymbolTableRecord
100
AcDbRegAppTableRecord
  2
HATCHBACKGROUNDCOLOR
 70
0
  0
APPID
  5
1BF
330
3
100
AcDbSymbolTableRecord
100
AcDbRegAppTableRecord
  2
EZDXF
 70
0
  0
ENDTAB
  0
TABLE
  2
DIMSTYLE
  5
4
330
0
100
AcDbSymbolTable
 70
12
100
AcDbDimStyleTable
  0
DIMSTYLE
105
2B
330
4
100
AcDbSymbolTableRecord
100
AcDbDimStyleTableRecord
  2
Standard
 70
0
 40
1.0
 41
2.5
 42
0.625
 43
3.75
 44
1.25
 45
0.0
 46
0.0
 47
0.0
 48
0.0
 49
2.5
140
2.5
141
2.5
142
0.0
143
0.03937007874
144
1.0
145
0.0
146
1.0
147
0.625
148
0.0
 69
0
 70
0
 71
0
 72
0
 73
0
 74
0
 75
0
 76
0
 77
1
 78
8
 79
3
170
0
171
3
172
1
173
0
174
0
175
0
176
0
177
0
178
0
179
2
271
2
272
2
273
2
274
3
275
0
276
0
277
2
278
44
279
0
280
0
281
0
282
0
283
0
284
8
285
0
286
0
288
0
289
3
290
0
371
-2
372
-2
  0
DIMSTYLE
105
73
330
4
100
AcDbSymbolTableRecord
100
AcDbDimStyleTableRecord
  2
EZDXF
 70
0
 40
1.0
 41
0.175
 42
0.125
 43
3.75
 44
0.375
 45
0.0
 46
0.0
 47
0.0
 48
0.0
 49
2.5
140
0.25
141
2.5
142
0.0
143
0.03937007874
144
100.0
145
0.0
146
0.5
147
0.1
148
0.0
 69
0
 70
0
 71
0
 72
0
 73
0
 74
0
 75
0
 76
0
 77
1
 78
12
 79
3
170
0
171
3
172
1
173
0
174
0
175
0
176
0
177
0
178
0
179
2
271
2
272
2
273
2
274
3
275
0
276
0
277
2
278
46
279
2
280
0
281
0
282
0
283
0
284
8
285
0
286
0
288
1
289
3
290
0
340
4C
342
74
371
-2
372
-2
  0
DIMSTYLE
105
7C
330
4
100
AcDbSymbolTableRecord
100
AcDbDimStyleTableRecord
  2
EZ_M_100_H25_CM
 70
0
 40
1.0
 41
0.25
 42
0.125
 43
3.75
 44
0.375
 45
0.0
 46
0.0
 47
0.0
 48
0.0
 49
2.5
140
0.25
141
2.5
142
0.125
143
0.03937007874
144
100.0
145
0.0
146
0.5
147
0.1
148
0.0
 69
0
 70
0
 71
0
 72
0
 73
0
 74
0
 75
0
 76
0
 77
1
 78
12
 79
3
170
0
171
3
172
1
173
0
174
0
175
0
176
0
177
0
178
0
179
2
271
2
272
2
273
2
274
3
275
0
276
0
277
2
278
46
279
2
280
0
281
0
282
0
283
0
284
8
285
0
286
0
288
1
289
3
290
0
340
4C
371
-2
372
-2
  0
DIMSTYLE
105
7D
330
4
100
AcDbSymbolTableRecord
100
AcDbDimStyleTableRecord
  2
EZ_M_50_H25_CM
 70
0
 40
1.0
 41
0.125
 42
0.0625
 43
3.75
 44
0.1875
 45
0.0
 46
0.0
 47
0.0
 48
0.0
 49
2.5
140
0.125
141
2.5
142
0.0625
143
0.03937007874
144
100.0
145
0.0
146
0.5
147
0.05
148
0.0
 69
0
 70
0
 71
0
 72
0
 73
0
 74
0
 75
0
 76
0
 77
1
 78
12
 79
3
170
0
171
3
172
1
173
0
174
0
175
0
176
0
177
0
178
0
179
2
271
2
272
2
273
2
274
3
275
0
276
0
277
2
278
46
279
2
280
0
281
0
282
0
283
0
284
8
285
0
286
0
288
1
289
3
290
0
340
4C
371
-2
372
-2
  0
DIMSTYLE
105
7E
330
4
100
AcDbSymbolTableRecord
100
AcDbDimStyleTableRecord
  2
EZ_M_25_H25_CM
 70
0
 40
1.0
 41
0.0625
 42
0.03125
 43
3.75
 44
0.09375
 45
0.0
 46
0.0
 47
0.0
 48
0.0
 49
2.5
140
0.0625
141
2.5
142
0.03125
143
0.03937007874
144
100.0
145
0.0
146
0.5
147
0.025
148
0.0
 69
0
 70
0
 71
0
 72
0
 73
0
 74
0
 75
0
 76
0
 77
1
 78
12
 79
3
170
0
171
3
172
1
173
0
174
0
175
0
176
0
177
0
178
0
179
2
271
2
272
2
273
2
274
3
275
0
276
0
277
2
278
46
279
2
280
0
281
0
282
0
283
0
284
8
285
0
286
0
288
1
289
3
290
0
340
4C
371
-2
372
-2
  0
DIMSTYLE
105
7F
330
4
100
AcDbSymbolTableRecord
100
AcDbDimStyleTableRecord
  2
EZ_M_20_H25_CM
 70
0
 40
1.0
 41
0.05
 42
0.025
 43
3.75
 44
0.07500000000000001
 45
0.0
 46
0.0
 47
0.0
 48
0.0
 49
2.5
140
0.05
141
2.5
142
0.025
143
0.03937007874
144
100.0
145
0.0
146
0.5
147
0.020000000000000004
148
0.0
 69
0
 70
0
 71
0
 72
0
 73
0
 74
0
 75
0
 76
0
 77
1
 78
12
 79
3
170
0
171
3
172
1
173
0
174
0
175
0
176
0
177
0
178
0
179
2
271
2
272
2
273
2
274
3
275
0
276
0
277
2
278
46
279
2
280
0
281
0
282
0
283
0
284
8
285
0
286
0
288
1
289
3
290
0
340
4C
371
-2
372
-2
  0
DIMSTYLE
105
80
330
4
100
AcDbSymbolTableRecord
100
AcDbDimStyleTableRecord
  2
EZ_M_10_H25_CM
 70
0
 40
1.0
 41
0.025
 42
0.0125
 43
3.75
 44
0.037500000000000006
 45
0.0
 46
0.0
 47
0.0
 48
0.0
 49
2.5
140
0.025
141
2.5
142
0.0125
143
0.03937007874
144
100.0
145
0.0
146
0.5
147
0.010000000000000002
148
0.0
 69
0
 70
0
 71
0
 72
0
 73
0
 74
0
 75
0
 76
0
 77
1
 78
12
 79
3
170
0
171
3
172
1
173
0
174
0
175
0
176
0
177
0
178
0
179
2
271
2
272
2
273
2
274
3
275
0
276
0
277
2
278
46
279
2
280
0
281
0
282
0
283
0
284
8
285
0
286
0
288
1
289
3
290
0
340
4C
371
-2
372
-2
  0
DIMSTYLE
105
81
330
4
100
AcDbSymbolTableRecord
100
AcDbDimStyleTableRecord
  2
EZ_M_5_H25_CM
 70
0
 40
1.0
 41
0.0125
 42
0.00625
 43
3.75
 44
0.018750000000000003
 45
0.0
 46
0.0
 47
0.0
 48
0.0
 49
2.5
140
0.0125
141
2.5
142
0.00625
143
0.03937007874
144
100.0
145
0.0
146
0.5
147
0.005000000000000001
148
0.0
 69
0
 70
0
 71
0
 72
0
 73
0
 74
0
 75
0
 76
0
 77
1
 78
12
 79
3
170
0
171
3
172
1
173
0
174
0
175
0
176
0
177
0
178
0
179
2
271
2
272
2
273
2
274
3
275
0
276
0
277
2
278
46
279
2
280
0
281
0
282
0
283
0
284
8
285
0
286
0
288
1
289
3
290
0
340
4C
371
-2
372
-2
  0
DIMSTYLE
105
82
330
4
100
AcDbSymbolTableRecord
100
AcDbDimStyleTableRecord
  2
EZ_M_1_H25_CM
 70
0
 40
1.0
 41
0.0025
 42
0.00125
 43
3.75
 44
0.00375
 45
0.0
 46
0.0
 47
0.0
 48
0.0
 49
2.5
140
0.0025
141
2.5
142
0.00125
143
0.03937007874
144
100.0
145
0.0
146
0.5
147
0.001
148
0.0
 69
0
 70
0
 71
0
 72
0
 73
0
 74
0
 75
0
 76
0
 77
1
 78
12
 79
3
170
0
171
3
172
1
173
0
174
0
175
0
176
0
177
0
178
0
179
2
271
2
272
2
273
2
274
3
275
0
276
0
277
2
278
46
279
2
280
0
281
0
282
0
283
0
284
8
285
0
286
0
288
1
289
3
290
0
340
4C
371
-2
372
-2
  0
DIMSTYLE
105
83
330
4
100
AcDbSymbolTableRecord
100
AcDbDimStyleTableRecord
  2
EZ_RADIUS
 70
0
 40
1.0
 41
0.25
 42
0.125
 43
3.75
 44
0.375
 45
0.0
 46
0.0
 47
0.0
 48
0.0
 49
2.5
140
0.25
141
0.0
142
0.0
143
0.03937007874
144
100.0
145
0.0
146
0.5
147
0.1
148
0.0
 69
0
 70
0
 71
0
 72
0
 73
0
 74
0
 75
0
 76
0
 77
1
 78
12
 79
3
170
0
171
3
172
0
173
0
174
0
175
0
176
0
177
0
178
0
179
2
271
2
272
2
273
2
274
3
275
0
276
0
277
2
278
46
279
1
280
0
281
0
282
0
283
0
284
8
285
0
286
0
288
1
289
3
290
0
340
4C
342
84
371
-2
372
-2
  0
DIMSTYLE
105
88
330
4
100
AcDbSymbolTableRecord
100
AcDbDimStyleTableRecord
  2
EZ_RADIUS_INSIDE
 70
0
 40
1.0
 41
0.25
 42
0.125
 43
3.75
 44
0.375
 45
0.0
 46
0.0
 47
0.0
 48
0.0
 49
2.5
140
0.25
141
0.0
142
0.0
143
0.03937007874
144
100.0
145
0.0
146
0.5
147
0.1
148
0.0
 69
0
 70
0
 71
0
 72
0
 73
0
 74
0
 75
0
 76
0
 77
0
 78
12
 79
3
170
0
171
3
172
0
173
0
174
1
175
0
176
0
177
0
178
0
179
2
271
2
272
2
273
2
274
3
275
0
276
0
277
2
278
46
279
0
280
0
281
0
282
0
283
0
284
8
285
0
286
0
288
1
289
0
290
0
340
4C
342
84
371
-2
372
-2
  0
DIMSTYLE
105
89
330
4
100
AcDbSymbolTableRecord
100
AcDbDimStyleTableRecord
  2
EZ_CURVED
 70
0
 40
1.0
 41
0.25
 42
0.125
 43
3.75
 44
0.375
 45
0.0
 46
0.0
 47
0.0
 48
0.0
 49
2.5
140
0.25
141
2.5
142
0.0
143
0.03937007874
144
100.0
145
0.0
146
0.5
147
0.1
148
0.0
 69
0
 70
0
 71
0
 72
0
 73
0
 74
0
 75
0
 76
0
 77
1
 78
12
 79
2
 90
2
170
0
171
3
172
1
173
0
174
0
175
0
176
0
177
0
178
0
179
2
271
2
272
2
273
2
274
3
275
0
276
0
277
2
278
46
279
2
280
0
281
0
282
0
283
0
284
8
285
0
286
0
288
1
289
3
290
0
340
4C
371
-2
372
-2
  0
ENDTAB
  0
TABLE
  2
BLOCK_RECORD
  5
9
330
0
100
AcDbSymbolTable
 70
5
  0
BLOCK_RECORD
  5
17
330
9
100
AcDbSymbolTableRecord
100
AcDbBlockTableRecord
  2
*Model_Space
340
1A
 70
0
280
1
281
0
  0
BLOCK_RECORD
  5
1B
330
9
100
AcDbSymbolTableRecord
100
AcDbBlockTableRecord
  2
*Paper_Space
340
1E
 70
0
280
1
281
0
  0
BLOCK_RECORD
  5
74
330
9
100
AcDbSymbolTableRecord
100
AcDbBlockTableRecord
  2
_ARCHTICK
340
0
 70
0
280
1
281
0
  0
BLOCK_RECORD
  5
78
330
9
100
AcDbSymbolTableRecord
100
AcDbBlockTableRecord
  2
_CLOSEDFILLED
340
0
 70
0
280
1
281
0
  0
BLOCK_RECORD
  5
84
330
9
100
AcDbSymbolTableRecord
100
AcDbBlockTableRecord
  2
_CLOSEDBLANK
340
0
 70
0
280
1
281
0
  0
ENDTAB
  0
ENDSEC
  0
SECTION
  2
BLOCKS
  0
BLOCK
  5
18
330
17
100
AcDbEntity
  8
0
100
AcDbBlockBegin
  2
*Model_Space
 70
0
 10
0.0
 20
0.0
 30
0.0
  3
*Model_Space
  1

  0
ENDBLK
  5
19
330
17
100
AcDbEntity
  8
0
100
AcDbBlockEnd
  0
BLOCK
  5
1C
330
1B
100
AcDbEntity
  8
0
100
AcDbBlockBegin
  2
*Paper_Space
 70
0
 10
0.0
 20
0.0
 30
0.0
  3
*Paper_Space
  1

  0
ENDBLK
  5
1D
330
1B
100
AcDbEntity
  8
0
100
AcDbBlockEnd
  0
BLOCK
  5
75
330
74
100
AcDbEntity
  8
0
100
AcDbBlockBegin
  2
_ARCHTICK
 70
0
 10
0.0
 20
0.0
 30
0.0
  3
_ARCHTICK
  1

  0
LWPOLYLINE
  5
77
330
74
100
AcDbEntity
  8
0
  6
BYBLOCK
 62
0
100
AcDbPolyline
 90
2
 70
0
 43
0.15
 10
-0.5
 20
-0.5
 10
0.5
 20
0.5
  0
ENDBLK
  5
76
330
74
100
AcDbEntity
  8
0
100
AcDbBlockEnd
  0
BLOCK
  5
79
330
78
100
AcDbEntity
  8
0
100
AcDbBlockBegin
  2
_CLOSEDFILLED
 70
0
 10
0.0
 20
0.0
 30
0.0
  3
_CLOSEDFILLED
  1

  0
SOLID
  5
7B
330
78
100
AcDbEntity
  8
0
  6
BYBLOCK
 62
0
100
AcDbTrace
 10
-1.0
 20
0.16439898372402537
 30
0.0
 11
0.0
 21
0.0
 31
0.0
 12
-1.0
 22
-0.16439898372402537
 32
0.0
 13
-1.0
 23
-0.16439898372402537
 33
0.0
  0
ENDBLK
  5
7A
330
78
100
AcDbEntity
  8
0
100
AcDbBlockEnd
  0
BLOCK
  5
85
330
84
100
AcDbEntity
  8
0
100
AcDbBlockBegin
  2
_CLOSEDBLANK
 70
0
 10
0.0
 20
0.0
 30
0.0
  3
_CLOSEDBLANK
  1

  0
LWPOLYLINE
  5
87
330
84
100
AcDbEntity
  8
0
  6
BYBLOCK
 62
0
100
AcDbPolyline
 90
3
 70
1
 10
-1.0
 20
0.16439898372402537
 10
0.0
 20
0.0
 10
-1.0
 20
-0.16439898372402537
  0
ENDBLK
  5
86
330
84
100
AcDbEntity
  8
0
100
AcDbBlockEnd
  0
ENDSEC
  0
SECTION
  2
ENTITIES
  0
LWPOLYLINE
  5
93
330
17
100
AcDbEntity
  8
TAGLIO
100
AcDbPolyline
 90
162
 70
0
 10
0.45779377184239306
 20
-438.1774416195904
 10
0.16399630423108313
 20
-434.73831597197335
 10
0.03601756855558691
 20
-430.7031035164439
 10
0.0
 20
-427.1542988553447
 10
0.054792392511002985
 20
-424.64285555162616
 10
0.18736285173364498
 20
-423.03853276292136
 10
0.32785216803302886
 20
-421.70259120061263
 10
0.5213067833261119
 20
-420.48349617676644
 10
0.7683121162804987
 20
-419.3345403650559
 10
1.0810131253399051
 20
-418.2132578345032
 10
1.4963468502224608
 20
-417.04440627021734
 10
1.982147594353867
 20
-415.93678870765524
 10
2.636123584342767
 20
-414.72292372328275
 10
3.6703623770607976
 20
-413.14984009993753
 10
4.813892036252748
 20
-411.7167865195323
 10
5.674875299064759
 20
-410.78219298845517
 10
7.354423182253031
 20
-409.2083603911384
 10
8.223464978209297
 20
-408.48018725652264
 10
9.729653660570577
 20
-407.3617926731294
 10
10.509964293768927
 20
-406.84020174634907
 10
11.627562427058766
 20
-406.230084942437
 10
12.770838340253169
 20
-405.7026256742417
 10
15.138997276523039
 20
-404.4025154996033
 10
16.265667084466553
 20
-403.84482941646934
 10
17.4153902850183
 20
-403.3245750956071
 10
18.671510611720983
 20
-402.848488193274
 10
20.981168272047658
 20
-402.1412310630966
 10
23.322554241015027
 20
-401.65019398463266
 10
25.71730821865341
 20
-401.38198245997205
 10
30.395282615577976
 20
-401.1900289552582
 10
36.71740237264719
 20
-401.0977551286806
 10
45.87420555874222
 20
-401.1769921666155
 10
56.77513528485411
 20
-401.41930361966024
 10
65.23290949296845
 20
-401.73076306137926
 10
81.49478875746566
 20
-402.5143607259108
 10
87.51098538349794
 20
-402.66506513010575
 10
90.54052634389316
 20
-402.68530489579916
 10
96.68505691853463
 20
-402.60150895962954
 10
99.80128172553174
 20
-402.44863844026236
 10
104.52637162676145
 20
-402.074526130266
 10
109.284397835686
 20
-401.43408627131726
 10
114.07200373265238
 20
-400.62760714725374
 10
123.60394813831856
 20
-398.7574652347279
 10
128.41327524350766
 20
-397.89812823298996
 10
131.63294842841574
 20
-397.22827934798323
 10
136.46940462704725
 20
-396.0806577721306
 10
139.68352852179274
 20
-395.2415194970622
 10
153.99738993533137
 20
-391.14971956300474
 10
169.79476866495457
 20
-387.163305653379
 10
173.44842500592023
 20
-386.3659428871652
 10
178.9963237031794
 20
-385.3106054655416
 10
191.14639736973263
 20
-382.64883534847047
 10
194.08895691405814
 20
-382.10668455220235
 10
195.54701174911924
 20
-381.89045305793786
 10
198.44990035628336
 20
-381.59829108002305
 10
201.45351597808778
 20
-381.509522064639
 10
202.88076081491553
 20
-381.52722352138744
 10
205.72638863948373
 20
-381.6629157263213
 10
208.55277675315006
 20
-381.9089788669046
 10
212.74655896199386
 20
-382.42525364551494
 10
220.95870296459856
 20
-383.6020160326518
 10
223.63653288640668
 20
-384.0523724355993
 10
226.2859740252736
 20
-384.5801865667181
 10
230.21946951623462
 20
-385.5174537265856
 10
234.0801070581974
 20
-386.58239893749726
 10
237.860070520749
 20
-387.75239437522595
 10
241.58447781201914
 20
-389.0016612346497
 10
244.1457326121599
 20
-390.0011672932083
 10
246.47072202693872
 20
-390.99141506053354
 10
252.32491455682108
 20
-393.6447448691695
 10
254.61339334116406
 20
-394.7976673557045
 10
257.3973902228953
 20
-396.364087511525
 10
259.1010697356631
 20
-397.41332482847827
 10
261.2939553231241
 20
-398.93729349653825
 10
263.04379069578073
 20
-400.33397918632267
 10
264.6119983291285
 20
-401.7365114070349
 10
266.6502083996044
 20
-403.7499850137903
 10
267.70089374089036
 20
-404.86651609497767
 10
268.7794844743504
 20
-406.0598161586189
 10
269.8348917633281
 20
-407.3205137776194
 10
270.9096161525547
 20
-408.70884032460566
 10
271.9822239326928
 20
-410.2438681461506
 10
273.05930275691145
 20
-411.9955249437658
 10
274.1441510586384
 20
-414.2069414169654
 10
274.2508419514609
 20
-414.51123301596147
 10
274.9462868333892
 20
-416.83144663909883
 10
275.1880246811656
 20
-417.89197238706987
 10
275.25583027083366
 20
-418.4078051865244
 10
275.32364634371356
 20
-420.7329965987121
 10
275.3253129300369
 20
-425.25235935062125
 10
275.27330204179424
 20
-427.4455332187436
 10
275.18367986142204
 20
-428.70987373952437
 10
274.80366921917556
 20
-430.34637761332044
 10
274.09976470268066
 20
-432.5192143951774
 10
273.28433117750603
 20
-434.2100233692985
 10
272.4613320737768
 20
-435.67690427265217
 10
271.804868812948
 20
-436.7321808074794
 10
270.70939942186783
 20
-438.2920868273347
 10
268.56043422520196
 20
-441.0019065999153
 10
266.31896922576834
 20
-443.48829377293583
 10
264.0344528386865
 20
-445.7861170632851
 10
262.11756737633766
 20
-447.5076523408591
 10
259.96890705595325
 20
-449.20959754176454
 10
257.73017621229997
 20
-450.7667635831023
 10
254.37685219768844
 20
-452.8575410600493
 10
252.09313955148494
 20
-454.1516616753935
 10
246.491437722619
 20
-457.0756371617177
 10
243.79035579384478
 20
-458.4564272614437
 10
241.26430969748017
 20
-459.664323118169
 10
235.06542606678767
 20
-462.2867204255179
 10
229.9295461442083
 20
-464.33394078721136
 10
225.99598422024548
 20
-465.77239140364776
 10
222.00315888245456
 20
-467.0766719088663
 10
209.65961311375145
 20
-470.47294238309155
 10
205.34728681810358
 20
-471.5074926984026
 10
201.13536947703165
 20
-472.3455637326812
 10
198.35545570719228
 20
-472.77453640204783
 10
196.81810412802878
 20
-472.9616532807082
 10
192.43650842784984
 20
-473.3923899738341
 10
184.5192802486409
 20
-474.28738652439785
 10
180.50947864606528
 20
-474.62655225458195
 10
177.48410443468566
 20
-474.7441234664198
 10
174.42607895451022
 20
-474.68433906373383
 10
171.35921409884247
 20
-474.4495713774888
 10
167.7135179050131
 20
-473.9986888976754
 10
158.58604585426596
 20
-472.49868472307895
 10
130.14764774138322
 20
-468.05726180087964
 10
125.39276308238374
 20
-467.24809592969575
 10
117.42974025037263
 20
-465.7267450526901
 10
111.36079099592585
 20
-464.6533068801131
 10
107.85840206697725
 20
-464.13454847952556
 10
104.67916115628647
 20
-463.74532618923615
 10
102.13351489543136
 20
-463.53272656562393
 10
98.38415377706852
 20
-463.307189191691
 10
91.03414757893395
 20
-463.1356905552972
 10
83.52315816591326
 20
-462.8636225187717
 10
73.13658519446923
 20
-462.38061489444266
 10
55.72851273803655
 20
-461.4495084329643
 10
41.183489571449776
 20
-460.9172989544533
 10
35.78746497408064
 20
-460.6773117846793
 10
30.993755702196314
 20
-460.3905855220759
 10
27.07331034336271
 20
-460.09103360025915
 10
24.66879483000038
 20
-459.80064529534025
 10
23.475333536146785
 20
-459.5847109133292
 10
21.1367700787638
 20
-458.9799286163983
 10
19.625931671885766
 20
-458.4648264486595
 10
17.77064956079666
 20
-457.710345937133
 10
15.400401232287878
 20
-456.5274826125428
 10
13.125701122196977
 20
-455.2428734894313
 10
11.978322106973762
 20
-454.6747981409769
 10
10.780023332475421
 20
-453.97112237647394
 10
8.457408444268125
 20
-452.2384173923372
 10
6.3969449947159065
 20
-450.3779585139235
 10
5.1614908409577875
 20
-449.0582459201567
 10
4.037844921767948
 20
-447.63691479068126
 10
3.228427210075408
 20
-446.4175525742469
 10
2.5480685181335083
 20
-445.2545429201113
 10
2.0124487873579264
 20
-444.1274472194926
 10
1.5529764261780086
 20
-443.00919978953044
 10
1.188179171973898
 20
-441.8913769732246
 10
0.8928714215699181
 20
-440.72908973514234
 10
0.45779377184239306
 20
-438.1774416195904
  0
LWPOLYLINE
  5
94
330
17
100
AcDbEntity
  8
ASSE
100
AcDbPolyline
 90
11
 70
0
 10
11.678674334803064
 20
-430.5873718071331
 10
12.85366943048044
 20
-430.5888444150411
 10
12.853669442144975
 20
-430.58884441514556
 10
14.020608792060525
 20
-430.59153727875514
 10
14.02060880349244
 20
-430.5915372788527
 10
15.18153102921117
 20
-430.5953864223191
 10
15.18153104010374
 20
-430.59538642240653
 10
16.338323969975594
 20
-430.6003714425791
 10
16.338323980926567
 20
-430.60037144266107
 10
17.492761320898243
 20
-430.6065071190072
 10
17.492761332825875
 20
-430.6065071190898
  0
LWPOLYLINE
  5
95
330
17
100
AcDbEntity
  8
ASSE
100
AcDbPolyline
 90
8
 70
0
 10
51.01254478016311
 20
-431.2668380866907
 10
52.36710351490021
 20
-431.30586821509473
 10
52.367103527196775
 20
-431.3058682154394
 10
53.72957547869555
 20
-431.34582009286595
 10
53.729575492676446
 20
-431.3458200933
 10
55.09985556430987
 20
-431.38999860146475
 10
55.0998555768467
 20
-431.38999860190245
 10
56.47781783125627
 20
-431.43966251686106
  0
LWPOLYLINE
  5
96
330
17
100
AcDbEntity
  8
ASSE
100
AcDbPolyline
 90
8
 70
0
 10
69.20731270270923
 20
-432.055607421147
 10
70.6582103518308
 20
-432.1333650721202
 10
70.6582103650474
 20
-432.1333650728194
 10
72.11629253603354
 20
-432.2109315015808
 10
72.11629255098252
 20
-432.2109315023613
 10
73.58143257905593
 20
-432.28770605710884
 10
73.581432593853
 20
-432.28770605786485
 10
75.05348616987841
 20
-432.36307642835266
  0
LWPOLYLINE
  5
97
330
17
100
AcDbEntity
  8
ASSE
100
AcDbPolyline
 90
8
 70
0
 10
121.6960877173197
 20
-432.85428770746245
 10
123.29575152730794
 20
-432.8509452749164
 10
123.29575154323123
 20
-432.8509452748916
 10
124.89281430254793
 20
-432.8477257863035
 10
124.89281431835734
 20
-432.8477257862111
 10
126.48880726667502
 20
-432.8377610166499
 10
126.48880728288701
 20
-432.83776101640694
 10
128.08591941725052
 20
-432.8130989937191
  0
LWPOLYLINE
  5
98
330
17
100
AcDbEntity
  8
ASSE
100
AcDbPolyline
 90
10
 70
0
 10
179.50752087954433
 20
-429.97091087569925
 10
180.9938057789995
 20
-429.75938843094804
 10
180.99380579292068
 20
-429.7593884287641
 10
182.4757137460002
 20
-429.5262631375525
 10
182.47571376005934
 20
-429.5262631351943
 10
183.95353546024032
 20
-429.27769576659244
 10
183.95353547444753
 20
-429.27769576411174
 10
185.42677769654543
 20
-429.0197445401216
 10
185.42677771079033
 20
-429.0197445375926
 10
186.89499221178437
 20
-428.758364825897
  0
LWPOLYLINE
  5
99
330
17
100
AcDbEntity
  8
ASSE
100
AcDbPolyline
 90
11
 70
0
 10
211.02355212667558
 20
-426.18476588691357
 10
211.0235521393894
 20
-426.1847658860569
 10
212.39231169920785
 20
-426.0935213693063
 10
212.3923117122535
 20
-426.09352136843887
 10
213.75549232432925
 20
-426.0039695968962
 10
213.7554923371486
 20
-426.0039695960511
 10
215.11304423765353
 20
-425.9156628597634
 10
215.11304425039458
 20
-425.9156628589267
 10
216.4648986130424
 20
-425.8281641740043
 10
216.4648986261949
 20
-425.8281641731398
 10
217.81096993645926
 20
-425.74104750634893
  0
LWPOLYLINE
  5
9A
330
17
100
AcDbEntity
  8
ASSE
100
AcDbPolyline
 90
10
 70
0
 10
221.81342003190974
 20
-425.478581010301
 10
221.81342004476383
 20
-425.4785810094378
 10
223.13522810943968
 20
-425.39127097357846
 10
223.13522812233413
 20
-425.3912709727158
 10
224.45063093351874
 20
-425.30469212132414
 10
224.45063094593152
 20
-425.30469212049957
 10
225.75947885230465
 20
-425.21913738317255
 10
225.7594788652266
 20
-425.21913738232314
 10
227.0616179461541
 20
-425.13488788094674
 10
227.06161795830891
 20
-425.13488788015866
  0
LWPOLYLINE
  5
9B
330
17
100
AcDbEntity
  8
ASSE
100
AcDbPolyline
 90
8
 70
0
 10
227.06161795830891
 20
-425.13488788015866
 10
228.35689098495774
 20
-425.0522139012438
 10
228.35689099756962
 20
-425.0522139004399
 10
229.6451389617935
 20
-424.9713758893755
 10
229.64513897465997
 20
-424.9713758885721
 10
230.92620233716218
 20
-424.89262496026976
 10
230.9262023491458
 20
-424.8926249595395
 10
232.19992203272048
 20
-424.8162031733009
  0
LWPOLYLINE
  5
9C
330
17
100
AcDbEntity
  8
ASSE
100
AcDbPolyline
 90
10
 70
0
 10
244.54321284082894
 20
-424.2147979661934
 10
245.73870053320783
 20
-424.1687008800176
 10
245.73870054502106
 20
-424.1687008795691
 10
246.92664757762074
 20
-424.1244497794399
 10
246.9266475893314
 20
-424.12444977901123
 10
248.10690885831937
 20
-424.08198868578035
 10
248.10690886903606
 20
-424.0819886854025
 10
249.2793416372291
 20
-424.041262870835
 10
249.2793416491776
 20
-424.0412628704296
 10
250.44380661314005
 20
-424.0022185582657
  0
LWPOLYLINE
  5
9D
330
17
100
AcDbEntity
  8
ASSE
100
AcDbPolyline
 90
19
 70
0
 10
262.70989880834463
 20
-423.67178626837335
 10
263.78651547763695
 20
-423.64984253191557
 10
263.7865154884812
 20
-423.6498425316969
 10
264.8707883383923
 20
-423.6288897962491
 10
264.870788349527
 20
-423.6288897960285
 10
265.9635276940545
 20
-423.6087690720941
 10
265.96352770534486
 20
-423.60876907187276
 10
267.06525617283694
 20
-423.58929117766604
 10
267.0652561833682
 20
-423.58929117746
 10
268.1764852147395
 20
-423.570219298675
 10
268.17648522652075
 20
-423.5702192984428
 10
269.29801821691944
 20
-423.5512372831222
 10
269.29801822732594
 20
-423.55123728291323
 10
270.4313562210172
 20
-423.53188728622166
 10
270.4313562318322
 20
-423.5318872859973
 10
271.5793600927582
 20
-423.51143585247263
 10
271.5793601033491
 20
-423.51143585224173
 10
272.7475463805721
 20
-423.4885605565283
 10
272.7475463940382
 20
-423.48856055621326
  0
TEXT
  5
9E
330
17
100
AcDbEntity
  8
TESTO
100
AcDbText
 10
198.07684165443396
 20
-420.06711944723736
 30
0.0
 40
4.0
  1
SOTTOPIEDE
 72
1
 11
198.07684165443396
 21
-420.06711944723736
 31
0.0
100
AcDbText
 73
2
  0
TEXT
  5
9F
330
17
100
AcDbEntity
  8
TESTO
100
AcDbText
 10
198.07684165443396
 20
-426.8671194472373
 30
0.0
 40
2.6
  1
Oxford cap-toe tg 42 - destra
 72
1
 11
198.07684165443396
 21
-426.8671194472373
 31
0.0
100
AcDbText
 73
2
  0
TEXT
  5
A0
330
17
100
AcDbEntity
  8
TESTO
100
AcDbText
 10
198.07684165443396
 20
-431.28711944723733
 30
0.0
 40
2.6
  1
cuoio/cartone fibra 2,5 mm
 72
1
 11
198.07684165443396
 21
-431.28711944723733
 31
0.0
100
AcDbText
 73
2
  0
TEXT
  5
A1
330
17
100
AcDbEntity
  8
TESTO
100
AcDbText
 10
198.07684165443396
 20
-435.70711944723735
 30
0.0
 40
2.6
  1
tagliare 2 per paio (dx + sx speculare)
 72
1
 11
198.07684165443396
 21
-435.70711944723735
 31
0.0
100
AcDbText
 73
2
  0
LWPOLYLINE
  5
A2
330
17
100
AcDbEntity
  8
TESTO
100
AcDbPolyline
 90
2
 70
0
 10
183.07684165443396
 20
-445.06711944723736
 10
213.07684165443396
 20
-445.06711944723736
  0
LWPOLYLINE
  5
A3
330
17
100
AcDbEntity
  8
TESTO
100
AcDbPolyline
 90
3
 70
0
 10
209.07684165443396
 20
-443.06711944723736
 10
213.07684165443396
 20
-445.06711944723736
 10
209.07684165443396
 20
-447.06711944723736
  0
TEXT
  5
A4
330
17
100
AcDbEntity
  8
TESTO
100
AcDbText
 10
198.07684165443396
 20
-442.06711944723736
 30
0.0
 40
2.2
  1
verso del tiro
 72
1
 11
198.07684165443396
 21
-442.06711944723736
 31
0.0
100
AcDbText
 73
2
  0
LWPOLYLINE
  5
A5
330
17
100
AcDbEntity
  8
TAGLIO
100
AcDbPolyline
 90
176
 70
0
 10
0.0
 20
0.0
 10
9.951694516174513
 20
-1.7221135542470165
 10
15.614093464354454
 20
-2.5191799286225773
 10
20.908291534632355
 20
-3.1715273123078305
 10
27.287497197446186
 20
-4.056065084742954
 10
38.086980608250386
 20
-5.770474212310603
 10
47.26149087553581
 20
-6.90429275388712
 10
53.681035810736276
 20
-7.792434580517352
 10
57.22482310113992
 20
-8.330823213008614
 10
63.57170130748068
 20
-9.409916691908592
 10
68.25434865002977
 20
-10.259056168085948
 10
77.41089929901084
 20
-11.688912598761362
 10
86.94327068248958
 20
-13.318178102686602
 10
92.51779735997769
 20
-14.178356627268613
 10
96.95609152578527
 20
-14.9881003623465
 10
100.19182918455418
 20
-15.635271545461706
 10
103.5547352944821
 20
-16.388848679237668
 10
105.48012593572975
 20
-16.8744619914371
 10
108.6901891147689
 20
-17.774612431736983
 10
114.65740839501763
 20
-19.60831349050926
 10
120.98704306601353
 20
-21.718960573833954
 10
125.02277963666036
 20
-23.182819368272078
 10
128.3817912432067
 20
-24.4706521120508
 10
132.3266962465083
 20
-26.116534751128313
 10
135.21973563283484
 20
-27.42234015915517
 10
139.80381974081385
 20
-29.62210266526293
 10
143.81455344776325
 20
-31.652129221884195
 10
147.81682318168333
 20
-33.813035866075865
 10
150.72648384670867
 20
-35.47073730370715
 10
153.40825666608015
 20
-37.06603468886826
 10
156.08648447463204
 20
-38.75341131914013
 10
159.82724124222514
 20
-41.26405588855303
 10
162.70123142048126
 20
-43.337301624475
 10
165.94465011189735
 20
-45.89124941229369
 10
168.4963019354978
 20
-48.0268615180386
 10
171.77376180612623
 20
-50.94195707947682
 10
174.1402404777155
 20
-53.181249517027624
 10
175.69461845894693
 20
-54.75053600905494
 10
178.1322849562652
 20
-57.39697639099805
 10
180.96359607147218
 20
-60.86225758942851
 10
182.74404291679377
 20
-63.188934608513705
 10
183.97352313030805
 20
-65.0147396930517
 10
185.51925942636072
 20
-67.50940621863512
 10
187.07970441969405
 20
-70.5050040913365
 10
188.15626765121328
 20
-72.85984563624234
 10
189.3400591588247
 20
-75.96251209338413
 10
190.20546659959865
 20
-78.70008333249137
 10
190.92905019290535
 20
-81.40701336780441
 10
191.49090190580682
 20
-83.93788659397518
 10
192.03338164240532
 20
-86.8151769809749
 10
192.86938185130572
 20
-91.84995587074526
 10
193.2844350578225
 20
-93.55558936973253
 10
193.62017052412108
 20
-95.2649837329365
 10
193.78347259882713
 20
-96.31903386896543
 10
193.9348036405064
 20
-97.84828560876619
 10
194.03039318572283
 20
-100.03331675591627
 10
194.0232129758385
 20
-101.42005131924229
 10
193.73614190688954
 20
-104.39637889994518
 10
193.5152111262072
 20
-105.80399601263329
 10
193.08949136840326
 20
-107.6518389261711
 10
192.3358366780701
 20
-110.20952791361266
 10
192.02066056985248
 20
-111.73427999760216
 10
191.07872673896765
 20
-115.74636625012587
 10
190.38450075839995
 20
-118.47926567463168
 10
189.71814601756654
 20
-120.79051823046886
 10
188.73173296396396
 20
-123.68295338573367
 10
187.55761670103536
 20
-126.50563396054736
 10
186.66503514705508
 20
-128.36653461633668
 10
185.34883205000446
 20
-130.90162154917323
 10
183.48217859855455
 20
-133.9969214060933
 10
182.91082183737532
 20
-134.85866828125452
 10
180.87659714754867
 20
-137.6623737533149
 10
178.26264945142876
 20
-140.85877712624847
 10
175.6051665953619
 20
-143.84939569786638
 10
173.34394027102942
 20
-146.1807264792221
 10
172.10672598381154
 20
-147.38893643165267
 10
168.84750398229423
 20
-150.39333837753225
 10
164.91368422654455
 20
-153.81458934937848
 10
162.06755438014255
 20
-156.09425379524922
 10
157.57843161281838
 20
-159.43529684260875
 10
153.18860826046895
 20
-162.5159061730694
 10
148.2339756700288
 20
-165.75367281897644
 10
143.09579282266512
 20
-168.93586288758883
 10
138.84659775457723
 20
-171.4318025337967
 10
132.75594442327164
 20
-174.87375366996366
 10
128.59329609693089
 20
-177.05781271265852
 10
121.85473025424314
 20
-180.3701274685815
 10
116.39204100570447
 20
-182.98739775293217
 10
111.21834099169185
 20
-185.39784418636316
 10
108.06202337550194
 20
-186.77001467608687
 10
104.7432821985553
 20
-188.07663368576195
 10
100.31742069445097
 20
-189.68211750300566
 10
93.202915723476
 20
-192.13900551984875
 10
89.16332565230704
 20
-193.46655649945825
 10
86.25313771901426
 20
-194.36476453321546
 10
81.64711516874951
 20
-195.70421149442745
 10
78.24768057007317
 20
-196.61678945245558
 10
74.77997819247035
 20
-197.4666447172254
 10
64.92095054069388
 20
-199.76538736063787
 10
57.79001065790432
 20
-201.29033869044716
 10
53.35485882355877
 20
-202.18918122802145
 10
41.49736580175909
 20
-204.47956603562977
 10
36.178256570802134
 20
-205.58726777899227
 10
27.178665110984014
 20
-207.25282113085643
 10
21.95403028878485
 20
-208.10986714490033
 10
15.824387152724256
 20
-209.0454175709629
 10
10.10645878325451
 20
-210.02529519312907
 10
7.918635503716189
 20
-210.47956580747356
 10
0.8715226159208953
 20
-212.07953086465932
 10
1.6761841212053525
 20
-194.44252414763773
 10
2.0339785754447632
 20
-191.3064138726811
 10
2.6831798204603388
 20
-187.61492756103092
 10
3.3614024290463362
 20
-184.5270430391091
 10
4.15996883281673
 20
-181.3263336507964
 10
4.9469342924711555
 20
-178.51589509743454
 10
5.901242059731061
 20
-175.41455836585357
 10
7.566196738197789
 20
-170.96156955455928
 10
9.718714830864968
 20
-165.79321253922626
 10
10.666147117405472
 20
-163.33355174981068
 10
11.07451618663876
 20
-162.06967324815622
 10
11.789132003330394
 20
-159.50381309822035
 10
12.46526744878733
 20
-156.84331827023837
 10
12.995583536694
 20
-154.3764208648373
 10
13.39687177963529
 20
-151.8648865349756
 10
13.593709375737774
 20
-149.41575433356167
 10
13.661479028554794
 20
-147.05054130366634
 10
13.635772457252187
 20
-144.7731102934261
 10
13.422687371745809
 20
-142.5325482095642
 10
13.043019601002982
 20
-141.47589186625873
 10
12.727107261764075
 20
-140.323202556056
 10
10.277610927645696
 20
-134.08267400699452
 10
5.849225146344708
 20
-123.23372661478507
 10
4.99585847762765
 20
-120.78450182837364
 10
4.240968689116414
 20
-118.44000128001392
 10
3.418918515556328
 20
-115.40836292112195
 10
2.8326797696345523
 20
-112.4432408400151
 10
2.632951523999651
 20
-110.94389858893338
 10
2.4967000885810933
 20
-109.38431593793797
 10
2.4271744169415683
 20
-107.70930993012095
 10
2.4295450755327863
 20
-105.610766890684
 10
2.4968858172206296
 20
-103.51365330889458
 10
2.6219072253803404
 20
-101.84232844291778
 10
2.809883524732726
 20
-100.28851719507834
 10
3.0595954908985448
 20
-98.79768588953029
 10
3.3727206293745837
 20
-97.32448124033917
 10
3.7461146383304538
 20
-95.85650379086479
 10
4.6646692372928555
 20
-92.87969191579332
 10
5.212533113213766
 20
-91.32788553148475
 10
7.14773084957406
 20
-86.45978120933383
 10
11.136940257642578
 20
-77.26659809612332
 10
13.667004192983967
 20
-70.99900450590087
 10
14.30755218938313
 20
-68.78214588442134
 10
14.591736327554173
 20
-66.55292776774627
 10
14.478372486777772
 20
-62.94997936797657
 10
14.349111757802262
 20
-61.921052915092105
 10
14.182274879716601
 20
-59.75328969759619
 10
13.696254515372289
 20
-57.00832609838665
 10
13.112150773056129
 20
-54.527894541580935
 10
13.01565965028226
 20
-54.32837194930761
 10
12.429408407934375
 20
-52.18171221093769
 10
12.161953235637583
 20
-51.58744502928283
 10
11.665545393490476
 20
-49.94307890197459
 10
10.003752745104407
 20
-45.87984810822371
 10
9.792684479946303
 20
-45.51981336053893
 10
8.17587303463273
 20
-41.91916757690851
 10
6.6207618149086045
 20
-38.123274194169596
 10
5.91110704720046
 20
-36.64484824621496
 10
5.006126300851065
 20
-33.90797492331933
 10
3.023639311572026
 20
-27.224982043435347
 10
2.5583365370360127
 20
-25.611888065194876
 10
1.906872480122587
 20
-22.862008373010497
 10
1.4305602846594354
 20
-20.517101648594405
 10
1.2600378557495162
 20
-19.439978312778464
 10
0.9852430052993668
 20
-17.40887941370363
 10
0.9000408523358487
 20
-16.442649395851788
 10
0.0
 20
0.0
  0
LWPOLYLINE
  5
A6
330
17
100
AcDbEntity
  8
MONTAGGIO
100
AcDbPolyline
 90
628
 70
0
 10
1.5333733543996004
 20
-197.57272057815618
 10
1.601611669177288
 20
-197.55784442855804
 10
1.967977260516733
 20
-197.47472075748442
 10
3.0759944053126844
 20
-197.22183962037275
 10
3.431920929580542
 20
-197.14083502594545
 10
4.558001843833864
 20
-196.88580093311236
 10
4.902979971367245
 20
-196.80806896398119
 10
6.0500943377685985
 20
-196.5604627342214
 10
6.3870686469343525
 20
-196.49332528540924
 10
7.546190706359056
 20
-196.25980416564818
 10
7.913289298994158
 20
-196.19718323326873
 10
9.049434982464362
 20
-195.9905337826928
 10
9.476040685303388
 20
-195.9187115532805
 10
10.554692967371892
 20
-195.72752156086005
 10
11.0419610495249
 20
-195.6497211979477
 10
12.0737356172138
 20
-195.47485684349428
 10
12.600323274993826
 20
-195.38733084639495
 10
13.597698180695119
 20
-195.2235637604128
 10
14.15502981613372
 20
-195.135501115488
 10
15.131771036186905
 20
-194.9772596001627
 10
15.723858138243685
 20
-194.89164494696126
 10
16.668327000358858
 20
-194.75195754840945
 10
17.30221803231038
 20
-194.65979088440656
 10
18.220122519790152
 20
-194.52586423128076
 10
18.8336264993562
 20
-194.42879781596065
 10
19.77518680867567
 20
-194.2804550540136
 10
20.33770762985992
 20
-194.1871403682669
 10
21.340592306660824
 20
-194.0242869588931
 10
21.83651751408351
 20
-193.94880795008305
 10
22.904809753560357
 20
-193.76866747788108
 10
23.320955006841046
 20
-193.70486281204052
 10
24.4825814632363
 20
-193.50951982155365
 10
24.7970216144451
 20
-193.45688788023682
 10
26.064690359276824
 20
-193.23804667820963
 10
26.268659228098898
 20
-193.20206871496862
 10
27.65742307097105
 20
-192.95643418601742
 10
27.73114405061696
 20
-192.94293056146626
 10
28.491257231518603
 20
-192.79746490254342
 10
29.1854970152463
 20
-192.67227617282515
 10
29.245375189620987
 20
-192.66015205464842
 10
30.629938441796185
 20
-192.4046728628697
 10
30.835776793424117
 20
-192.36548702776545
 10
32.069925997193636
 20
-192.12875732624906
 10
32.41847152599313
 20
-192.05701502309913
 10
33.49523795936703
 20
-191.84676567012278
 10
34.00914319693695
 20
-191.73612659421187
 10
34.91264709647206
 20
-191.5550076720597
 10
35.59646842591664
 20
-191.40994637223378
 10
36.323012791568644
 20
-191.25533548262945
 10
37.18116264765867
 20
-191.06755476859044
 10
37.74491371030268
 20
-190.96116134244699
 10
38.776624594451604
 20
-190.74572888557418
 10
39.18864608440187
 20
-190.6684922669387
 10
40.36499711153944
 20
-190.43661067210394
 10
40.631091023072884
 20
-190.37977926008784
 10
41.952800219737554
 20
-190.12531981607418
 10
42.06687636109717
 20
-190.1034475617398
 10
43.111901454690994
 20
-189.8950438425005
 10
43.51020436673733
 20
-189.8145807163075
 10
43.54155122668095
 20
-189.81292174185637
 10
44.95681023679761
 20
-189.54770641635463
 10
45.13982597049322
 20
-189.51051657054603
 10
46.39915937898557
 20
-189.27290949123457
 10
46.72692616332954
 20
-189.21145859274392
 10
47.83125995702697
 20
-188.99828840453597
 10
48.323470412602944
 20
-188.90530081165656
 10
49.26245427868139
 20
-188.72204497750857
 10
49.909088791051005
 20
-188.59694339730356
 10
50.68340410796495
 20
-188.446425860237
 10
51.499278218015846
 20
-188.2780958385108
 10
52.09053263900711
 20
-188.16531134845366
 10
53.082508812119656
 20
-187.96553033851353
 10
53.4967186195272
 20
-187.88221045282143
 10
54.65751696115595
 20
-187.63870870710292
 10
54.8916134990416
 20
-187.59364953169256
 10
56.23174003090813
 20
-187.31006596167225
 10
56.28199532342161
 20
-187.29706825096574
 10
56.59651829129314
 20
-187.23011085835606
 10
57.68490643833837
 20
-187.00518169839586
 10
57.81650458297652
 20
-186.9776323767393
 10
59.07782721838211
 20
-186.71186222166014
 10
59.38209162421123
 20
-186.64700945111917
 10
60.45770093447868
 20
-186.411977409742
 10
60.943861160135455
 20
-186.30786994320414
 10
61.83660677145103
 20
-186.10936951086984
 10
62.50080963470599
 20
-185.95935328389209
 10
63.21142052907504
 20
-185.7938388302213
 10
64.04346364706296
 20
-185.5977139450796
 10
64.57209688283176
 20
-185.47866395120084
 10
65.59084288890996
 20
-185.2336571513793
 10
65.92802368756546
 20
-185.1539959457711
 10
67.1239518391904
 20
-184.8632443512675
 10
67.28226202300817
 20
-184.82387784954318
 10
68.67147166392196
 20
-184.50289051796221
 10
68.67147166392196
 20
-184.50289051796221
 10
68.69973516665223
 20
-184.49620820328028
 10
70.08995105203421
 20
-184.18010470224158
 10
70.21760498184783
 20
-184.14662046739465
 10
71.49540597841134
 20
-183.8573983982186
 10
71.75605287057756
 20
-183.79449218967727
 10
72.87410547246635
 20
-183.5234192769169
 10
73.28755992841587
 20
-183.4280922610729
 10
74.24769076342118
 20
-183.18688293246169
 10
74.83139242647367
 20
-183.04000885514077
 10
75.60344236685019
 20
-182.8370154858112
 10
76.36469100562482
 20
-182.6317330960639
 10
76.94863301736063
 20
-182.47923221463964
 10
77.90042874984483
 20
-182.21486974758432
 10
78.27527035685047
 20
-182.1100238444614
 10
79.42474159829389
 20
-181.77787845703202
 10
79.57360948150668
 20
-181.7342347753792
 10
80.41305735501231
 20
-181.4774167554128
 10
80.8690042965562
 20
-181.35159498852204
 10
80.9385308343605
 20
-181.33187809156632
 10
82.19754119582308
 20
-180.96505793793847
 10
82.46445601877578
 20
-180.88427321519094
 10
83.50634429219811
 20
-180.56853209112015
 10
83.98133773781606
 20
-180.41994205173864
 10
84.81098956781528
 20
-180.16027337423304
 10
85.47792299192099
 20
-179.9421286116638
 10
86.10842690552516
 20
-179.74266740465868
 10
86.96700870585714
 20
-179.45829962290907
 10
87.40693934655634
 20
-179.313145730602
 10
88.44755335128606
 20
-178.96674206687433
 10
88.69871499745912
 20
-178.88335857901478
 10
89.91912061171016
 20
-178.46867272548053
 10
89.98802448461379
 20
-178.44482862293364
 10
90.64446068178296
 20
-178.21251411858782
 10
91.28728713845885
 20
-178.0006603348052
 10
91.35556288972994
 20
-177.97806833111466
 10
92.63279417299297
 20
-177.54055863008273
 10
92.80564450873753
 20
-177.48095424619987
 10
93.96426924953687
 20
-177.07562353038912
 10
94.25002194716706
 20
-176.97315361934875
 10
95.29884110920099
 20
-176.6065776871394
 10
95.67127307116019
 20
-176.47555431671555
 10
96.61576485841272
 20
-176.13739926376059
 10
97.09296064424665
 20
-175.97015271965003
 10
97.9380574457322
 20
-175.66396620817005
 10
98.49574844907923
 20
-175.45832821085423
 10
99.24163676681576
 20
-175.18420514375688
 10
99.89342947606482
 20
-174.94351072838694
 10
100.53617413158793
 20
-174.69375854700883
 10
101.2682769174445
 20
-174.41549764120896
 10
101.811362163198
 20
-174.19298469014547
 10
102.62066167303442
 20
-173.87072881808615
 10
103.07747518428272
 20
-173.67802821986862
 10
103.96008364790177
 20
-173.30484438953965
 10
104.33213519706953
 20
-173.14295560649572
 10
105.28735659291583
 20
-172.71622662158103
 10
105.5642416059241
 20
-172.58673308954388
 10
106.59234962426117
 20
-172.10543051024996
 10
106.79914627936887
 20
-172.00966836440682
 10
107.90150209628769
 20
-171.49114057547985
 10
108.03771219098853
 20
-171.42751745702276
 10
109.21152260547325
 20
-170.88137621248467
 10
109.29355873856292
 20
-170.84313765506084
 10
110.5324760620816
 20
-170.27262375075406
 10
110.55888881491681
 20
-170.2577312696074
 10
111.682960669674
 20
-169.69360979609482
 10
111.82058726374501
 20
-169.62694929632738
 10
111.82926358530815
 20
-169.62303437662013
 10
113.10310883818285
 20
-169.02986409735425
 10
113.1320160400317
 20
-169.01822053818023
 10
114.39122942604482
 20
-168.4186259080068
 10
114.43713080998063
 20
-168.3968525153154
 10
115.67443318777111
 20
-167.80663774918673
 10
115.74017483070241
 20
-167.77599343824787
 10
116.95825140842175
 20
-167.18461150878366
 10
117.04109174771453
 20
-167.1445463806252
 10
118.2336288445606
 20
-166.56182233227372
 10
118.33680230084738
 20
-166.51377923135618
 10
119.50948250662879
 20
-165.93426004536167
 10
119.62869311521095
 20
-165.87498172346852
 10
120.79107131942672
 20
-165.30609727039896
 10
120.9185706189584
 20
-165.24178099198667
 10
122.06771835219828
 20
-164.66580260497096
 10
122.19908836533892
 20
-164.60333129082903
 10
123.33500935048667
 20
-164.02014633619837
 10
123.47382220521446
 20
-163.9509739948532
 10
124.58891009987379
 20
-163.36630737060844
 10
124.72927414046276
 20
-163.29322317569085
 10
125.82832480896653
 20
-162.70034106770834
 10
125.98600654269822
 20
-162.61945138224422
 10
127.0538505430643
 20
-162.02951290589888
 10
127.22229140760086
 20
-161.94100048312646
 10
128.26067354983857
 20
-161.35658485031513
 10
128.45134349391682
 20
-161.24650086712
 10
129.47398032775146
 20
-160.66453994416875
 10
129.6797066461514
 20
-160.5406869508733
 10
130.69665699790278
 20
-159.9660798563779
 10
130.90265839583788
 20
-159.8417456580944
 10
131.9450947914351
 20
-159.25111077734988
 10
132.13915405939872
 20
-159.13801645035636
 10
133.1859704154935
 20
-158.5334072153508
 10
133.37180620480228
 20
-158.4258057721574
 10
134.43102075476273
 20
-157.80256581293582
 10
134.59669916479277
 20
-157.70292547520336
 10
135.66927543949805
 20
-157.06478960323108
 10
135.82667307933434
 20
-156.97091833453987
 10
136.89916243611216
 20
-156.3193459113491
 10
137.04866954805027
 20
-156.23043716406198
 10
138.1258441388975
 20
-155.56811947546475
 10
138.2609977643465
 20
-155.47839179262803
 10
139.34912116519666
 20
-154.80419517607945
 10
139.47409875775617
 20
-154.72870618530618
 10
140.55780233314675
 20
-154.04025102636837
 10
140.683027086108
 20
-153.96456023644532
 10
141.761870174455
 20
-153.27356275799158
 10
141.88207284276743
 20
-153.1965222116873
 10
142.96317468187416
 20
-152.49542367162104
 10
143.07518050228876
 20
-152.42268588604497
 10
144.1559641835566
 20
-151.7141223887598
 10
144.260099617998
 20
-151.64625016440408
 10
145.34945347511757
 20
-150.9159917492212
 10
145.43420657905403
 20
-150.85960968093138
 10
146.5253190625497
 20
-150.11184003156882
 10
146.60994001663911
 20
-150.05449415753833
 10
147.70608121822934
 20
-149.28317268721867
 10
147.77139426861646
 20
-149.2368625943529
 10
148.89727077258573
 20
-148.42534908046116
 10
148.93176119160734
 20
-148.40777271201193
 10
149.4270745771838
 20
-148.05305762665594
 10
150.14288734998462
 20
-147.52295325906005
 10
150.1955783535647
 20
-147.48283081693344
 10
151.2814012945394
 20
-146.6932746460621
 10
151.4336051332991
 20
-146.57986202283513
 10
152.4314409086042
 20
-145.83696164927662
 10
152.65535240761693
 20
-145.66683495028593
 10
153.56851343565316
 20
-144.9692237508865
 10
153.8571492995574
 20
-144.74107706719082
 10
154.70472878737047
 20
-144.0754866606675
 10
155.0357580416033
 20
-143.7998115149801
 10
155.82260678471647
 20
-143.1678858652984
 10
156.18397643231924
 20
-142.8593154855413
 10
156.92098600805403
 20
-142.2405531834837
 10
157.30825007830995
 20
-141.91103781658046
 10
158.00923549445966
 20
-141.30119402785846
 10
158.40640435119843
 20
-140.9420820645513
 10
159.08717305226867
 20
-140.33933743925326
 10
159.52669456894884
 20
-139.94716632978322
 10
160.15928167355221
 20
-139.37542652816296
 10
160.6885329511737
 20
-138.89652708101784
 10
161.24753647078668
 20
-138.38744520414298
 10
161.87234982858607
 20
-137.801073974144
 10
162.31764587792014
 20
-137.38024467487057
 10
163.03201167222304
 20
-136.68155784035815
 10
163.38594450162563
 20
-136.34008014590572
 10
164.19322923506255
 20
-135.52317204129284
 10
164.44346711415756
 20
-135.26824410890185
 10
165.36377411367988
 20
-134.30214688231126
 10
165.49520535452322
 20
-134.16493992009998
 10
166.32009891879494
 20
-133.2277715757748
 10
166.56948487724887
 20
-132.93618689660244
 10
166.6321936046689
 20
-132.86812686194685
 10
167.56937476976427
 20
-131.82252366677747
 10
167.87825978990062
 20
-131.4569988465125
 10
168.57537194471286
 20
-130.63382320873586
 10
169.18102743597376
 20
-129.87671531910996
 10
169.57194880629834
 20
-129.4037501781621
 10
170.39019735234254
 20
-128.2836948092418
 10
170.60791598041595
 20
-127.9936999865439
 10
170.78007100986255
 20
-127.750451373152
 10
171.53618814362295
 20
-126.69670109549101
 10
172.39074342031267
 20
-125.29829666757249
 10
172.47547260657166
 20
-125.16170956866253
 10
172.55957572607133
 20
-125.01415692146651
 10
173.3238104275534
 20
-123.73232845857622
 10
173.95845276855414
 20
-122.46821522278805
 10
174.18378182463366
 20
-122.0247434259359
 10
174.5881331763823
 20
-121.17373337756992
 10
174.933063038894
 20
-120.45413457290891
 10
175.13347246651563
 20
-119.95331828565693
 10
175.767816286313
 20
-118.39741988517886
 10
175.98755753737058
 20
-117.69921309294281
 10
176.4475798754083
 20
-116.33047257720477
 10
176.57838746718238
 20
-115.84332847566606
 10
176.84212402266755
 20
-114.92904985748476
 10
176.99950820059223
 20
-114.3287097737233
 10
177.08242628104244
 20
-114.00191055723003
 10
177.29931726929664
 20
-113.13694186970542
 10
177.44996938629637
 20
-112.54371531316625
 10
177.5597625470351
 20
-112.07650145937026
 10
177.7228607091424
 20
-111.29940032716772
 10
177.75967199381955
 20
-111.11295894961435
 10
177.7715874924603
 20
-111.05606522432828
 10
177.94370288147707
 20
-110.36836606273842
 10
177.98980630790444
 20
-110.17308881616351
 10
178.11155402833248
 20
-109.69840886329874
 10
178.18554929634814
 20
-109.37776060926544
 10
178.26821065189577
 20
-109.04790631942397
 10
178.36816334392933
 20
-108.62705514077386
 10
178.4186901788458
 20
-108.41971250251696
 10
178.5182207468521
 20
-107.89936483072044
 10
178.54669114427645
 20
-107.77786804469095
 10
178.65331486099066
 20
-107.22664641473833
 10
178.65846407535426
 20
-107.17753024539267
 10
178.7394513737623
 20
-106.78546653397588
 10
178.78626961189678
 20
-106.63344135011711
 10
178.78626961189678
 20
-106.63344135011711
 10
178.95450706371258
 20
-106.0955523666123
 10
178.9644303217875
 20
-106.06901302222373
 10
179.1345569740548
 20
-105.50832991424004
 10
179.147125136891
 20
-105.47274041759165
 10
179.33840183099818
 20
-104.85078964059151
 10
179.3485689206356
 20
-104.81652041725752
 10
179.5507003327429
 20
-104.08745319711028
 10
179.56647268790192
 20
-104.02858544771907
 10
179.78155283833001
 20
-103.08187017727003
 10
179.81291502271782
 20
-102.93222277846327
 10
180.03680041847898
 20
-100.80339600134126
 10
180.04377355060478
 20
-100.64525727146642
 10
179.94819273158907
 20
-98.46025313848064
 10
179.93678743844936
 20
-98.38656372187933
 10
179.78522753847142
 20
-97.40842784092865
 10
179.77869102898984
 20
-97.36189855676076
 10
179.62407248526227
 20
-96.6206333140621
 10
179.61380891757648
 20
-96.57488981943618
 10
179.46296978255805
 20
-95.9488565077957
 10
179.45637408506786
 20
-95.92526944579035
 10
179.3181454311035
 20
-95.36543023050596
 10
179.311911921755
 20
-95.33993352806839
 10
179.17333821256193
 20
-94.81717286535222
 10
179.1689454708033
 20
-94.80122940444491
 10
179.10972522713917
 20
-94.5562092058715
 10
179.0684043448494
 20
-94.27212007968615
 10
179.06356966320757
 20
-94.24985138040071
 10
178.99869428404756
 20
-93.75132818345502
 10
178.98109235664674
 20
-93.65543533049605
 10
178.92960218193468
 20
-93.21733837874608
 10
178.89551367442056
 20
-93.05246363211295
 10
178.84629917521116
 20
-92.66853363360372
 10
178.7963695154845
 20
-92.43747811600628
 10
178.7563986707338
 20
-92.11614313092537
 10
178.68383059783957
 20
-91.78246103509215
 10
178.65146598904803
 20
-91.54127662710977
 10
178.55624273452878
 20
-91.10298702655193
 10
178.53204724914795
 20
-90.95325160488647
 10
178.4124710671884
 20
-90.3790745309113
 10
178.40896427602385
 20
-90.32366849433453
 10
178.35310921782198
 20
-90.02535325878831
 10
178.30272324750953
 20
-89.59391282729489
 10
178.27055091026867
 20
-89.44860076692036
 10
178.1839668622156
 20
-88.86301289878405
 10
178.0885483679588
 20
-88.42330968663292
 10
178.03117414644794
 20
-88.0842331350883
 10
177.85809209392903
 20
-87.24549584556814
 10
177.85809209392903
 20
-87.24549584556814
 10
177.85399821952143
 20
-87.23540340040402
 10
177.7034206749681
 20
-86.36798151364833
 10
177.5551649486545
 20
-85.79176213993513
 10
177.49233281591648
 20
-85.46648143946729
 10
177.3790514406425
 20
-84.97401807439535
 10
177.25632593906658
 20
-84.41641760353572
 10
177.135590281483
 20
-84.01379779024066
 10
176.9956187567143
 20
-83.47612071320154
 10
176.83357549698948
 20
-82.88048607663427
 10
176.6941899609777
 20
-82.36686939781418
 10
176.52220193263943
 20
-81.87138971874879
 10
176.37819708266568
 20
-81.38123421666174
 10
176.2369301768262
 20
-80.95311904236081
 10
176.0019524405841
 20
-80.21631276560447
 10
175.65559033849158
 20
-79.34925244785876
 10
175.61823887115563
 20
-79.2407243051606
 10
175.59193512636818
 20
-79.17125565357725
 10
175.11764514160078
 20
-77.95830103704355
 10
174.80146111627872
 20
-77.28400336501883
 10
174.6089178522113
 20
-76.86735082384138
 10
174.29020408546998
 20
-76.24264779286321
 10
174.13324157372293
 20
-75.91418004402198
 10
174.05091044133667
 20
-75.74230736900509
 10
173.50567219936883
 20
-74.69784574838238
 10
173.11668808906975
 20
-74.04776870165222
 10
172.88432969048748
 20
-73.65569469061899
 10
172.45715787207754
 20
-73.00879759763524
 10
172.31895151512254
 20
-72.77891732626401
 10
172.25301131458065
 20
-72.6717358320121
 10
171.5560904977432
 20
-71.60496953523511
 10
171.20706814218752
 20
-71.14099837912792
 10
170.76300701556136
 20
-70.52923381506315
 10
170.16899163374984
 20
-69.78518313314396
 10
169.93675136360292
 20
-69.4883043730515
 10
169.1351509789643
 20
-68.51855045343595
 10
169.1039723865339
 20
-68.47700498404865
 10
168.979432822212
 20
-68.32232879937163
 10
168.38721657282767
 20
-67.56726971208514
 10
168.26626688306052
 20
-67.41676700166278
 10
167.41845303887573
 20
-66.40884665473087
 10
167.15906661684517
 20
-66.13183718175935
 10
166.44951638176062
 20
-65.34802738212153
 10
166.07455940964374
 20
-64.96037575146786
 10
165.46885280683398
 20
-64.31263393944829
 10
164.99084678840177
 20
-63.83975124573334
 10
164.4705871038892
 20
-63.30536826930029
 10
163.90042635819842
 20
-62.76080522196679
 10
163.46856134239096
 20
-62.33463596429735
 10
162.80463071641873
 20
-61.72838595163671
 10
162.4614367991433
 20
-61.395691908489596
 10
161.70503753463618
 20
-60.721886561579595
 10
161.45317494159244
 20
-60.484311895020085
 10
160.61978836466932
 20
-59.75000913702658
 10
160.4380748182837
 20
-59.58282694723357
 10
159.54029278305063
 20
-58.793413179246215
 10
159.38752719641673
 20
-58.65842879450895
 10
158.45545693493608
 20
-57.85985745684428
 10
158.3216259058356
 20
-57.74619061469053
 10
157.345506562656
 20
-56.948189935495634
 10
157.24736645096516
 20
-56.86199491682737
 10
156.22992574826594
 20
-56.05539046684504
 10
156.16476898724156
 20
-56.00638169109922
 10
155.08003060544928
 20
-55.18605399649783
 10
155.08003060544928
 20
-55.18605399649783
 10
155.05151872161005
 20
-55.16285357749814
 10
154.11399445191603
 20
-54.394588564491926
 10
154.06269464564346
 20
-54.35436385108562
 10
152.94863786643617
 20
-53.54330043576323
 10
152.83910379257458
 20
-53.46064000015201
 10
151.80540988156804
 20
-52.737948934163
 10
151.63241284790178
 20
-52.6231441756338
 10
150.67374883796077
 20
-51.96459709815116
 10
150.43540622470215
 20
-51.80962549659128
 10
149.52652147792278
 20
-51.194050948190664
 10
149.2434249685161
 20
-51.01281491918982
 10
148.36066111262718
 20
-50.42866949101142
 10
148.0486717801993
 20
-50.2318911324943
 10
147.179326011293
 20
-49.67342424870776
 10
146.84375282583775
 20
-49.47229723685186
 10
145.99219050483708
 20
-48.940458982486746
 10
145.63964020655487
 20
-48.73203917061397
 10
144.7919999615572
 20
-48.223160691468166
 10
144.42445357009467
 20
-48.01065737011649
 10
143.5796967319745
 20
-47.509151552127406
 10
143.19728713713738
 20
-47.29764525408751
 10
142.3588495808653
 20
-46.806265646086985
 10
141.96826520742803
 20
-46.58950223393913
 10
141.12581982387852
 20
-46.11061587467941
 10
140.72770734294448
 20
-45.894004719179264
 10
139.89483748610903
 20
-45.43208788558425
 10
139.4875993002886
 20
-45.21311610153842
 10
138.65522265149724
 20
-44.759487061034235
 10
138.2371101777569
 20
-44.54102076842054
 10
137.405416724283
 20
-44.098934694004356
 10
136.97993149659717
 20
-43.87984164106413
 10
136.14904238233086
 20
-43.44723719225834
 10
135.7111764807104
 20
-43.23269713371971
 10
134.8843426814531
 20
-42.80921032397535
 10
134.45057532548
 20
-42.59236845796406
 10
133.62243612857617
 20
-42.18357139461003
 10
133.1807960719439
 20
-41.966244249687236
 10
132.3460734995252
 20
-41.56025834907214
 10
131.90113814872964
 20
-41.35305956316864
 10
131.06695073742253
 20
-40.943330587273095
 10
130.63456429250638
 20
-40.74076862141567
 10
129.7739855414746
 20
-40.329309013455656
 10
129.35256045744387
 20
-40.133605063219676
 10
128.4716747904571
 20
-39.72701168533982
 10
128.06975885797698
 20
-39.544323153581416
 10
127.1485106468499
 20
-39.13377841282369
 10
126.7822024450706
 20
-38.97182893237252
 10
125.83062457664926
 20
-38.56141116707988
 10
125.4720749106998
 20
-38.407566737521705
 10
124.49847235959778
 20
-38.00158413443256
 10
124.16583234691254
 20
-37.864747304909486
 10
123.15963046641896
 20
-37.46022625851265
 10
122.83652999904496
 20
-37.331455542136155
 10
121.8163630285849
 20
-36.93400942320494
 10
121.49958659228717
 20
-36.817045285882955
 10
120.44733862009167
 20
-36.42116462791677
 10
120.15176746038172
 20
-36.30810947474558
 10
119.06948929146256
 20
-35.90645596107464
 10
118.79067796103544
 20
-35.80611962255614
 10
117.6862735343083
 20
-35.40564326094517
 10
117.42705972254606
 20
-35.313187625200044
 10
116.28264922500502
 20
-34.90488735282946
 10
116.05028370496169
 20
-34.82710709158596
 10
114.87462994487316
 20
-34.41577460190368
 10
114.67189889177868
 20
-34.34753337214545
 10
113.43423761199438
 20
-33.92816740991324
 10
113.27841802158457
 20
-33.87964424563506
 10
111.98928576184639
 20
-33.4523943635881
 10
111.88068165386667
 20
-33.423620066283775
 10
110.51011313175113
 20
-32.97992304208236
 10
110.47075908882823
 20
-32.96772560018462
 10
109.6995319330275
 20
-32.72851445731794
 10
109.02870141691947
 20
-32.522801279356116
 10
108.97884004198002
 20
-32.51065242244749
 10
107.6245702746202
 20
-32.083512456260024
 10
107.4517256592604
 20
-32.02956515585265
 10
106.19856279905119
 20
-31.65040863919802
 10
105.87616052559551
 20
-31.552109099366305
 10
104.76829502444664
 20
-31.214059843934365
 10
104.26392059187211
 20
-31.06687230711566
 10
103.317188558395
 20
-30.792886119598734
 10
102.63160845734333
 20
-30.605009859793938
 10
101.85767257374455
 20
-30.397694862482183
 10
100.97056195421314
 20
-30.170640046308847
 10
100.39180984219752
 20
-30.026880156866923
 10
99.31401740460474
 20
-29.776915914414758
 10
98.91329225438156
 20
-29.68101349511639
 10
97.66702539509508
 20
-29.411383079146475
 10
97.4257943818121
 20
-29.359303441051622
 10
96.04393680037305
 20
-29.080790929963143
 10
95.94393991030157
 20
-29.06456509440818
 10
94.8519759299923
 20
-28.84792811054129
 10
94.47328624376452
 20
-28.769025247125768
 10
94.44377720876449
 20
-28.760837083318677
 10
92.99298302617547
 20
-28.496182540382847
 10
92.82988977692327
 20
-28.46180480457417
 10
91.50481001286082
 20
-28.222539824556492
 10
91.2347673082553
 20
-28.172807791637354
 10
90.03319160692578
 20
-27.956118591262197
 10
89.63018425617332
 20
-27.890283338350173
 10
88.55858515129911
 20
-27.714165679058567
 10
88.02063623052739
 20
-27.637570724968725
 10
87.07973944292664
 20
-27.498085546077448
 10
86.387067294504
 20
-27.3967277960125
 10
85.60366471914219
 20
-27.279287932224833
 10
84.6820256020233
 20
-27.134663281441306
 10
84.12486196511784
 20
-27.039706594565928
 10
82.92023754324929
 20
-26.837211976451528
 10
82.63980581436083
 20
-26.785874337281854
 10
81.15250636422118
 20
-26.537338868870677
 10
81.1441206998088
 20
-26.536529957633917
 10
81.0697013640908
 20
-26.52548519859306
 10
79.68918432046893
 20
-26.284994896663534
 10
79.3877078166431
 20
-26.23094384026234
 10
78.14167458106186
 20
-26.003536982847322
 10
77.5584071886626
 20
-25.90738072168901
 10
76.61505893799672
 20
-25.749913778909615
 10
75.75392963168487
 20
-25.60729045407612
 10
75.08027577633544
 20
-25.493556204280537
 10
73.96903695993777
 20
-25.32414428486817
 10
73.5527122633106
 20
-25.251295459208677
 10
72.20293198566921
 20
-25.047190960288447
 10
72.02169270443386
 20
-25.013162344150658
 10
70.70176048541562
 20
-24.80506366130362
 10
70.52257587810108
 20
-24.770198036231506
 10
70.49163675223494
 20
-24.765504842431028
 10
68.95962953866739
 20
-24.535925604036265
 10
68.72814028350675
 20
-24.502701823301834
 10
67.41198579857124
 20
-24.30528536995314
 10
66.99568341410146
 20
-24.239402666798583
 10
65.86553231270237
 20
-24.054344768928104
 10
65.1986219130936
 20
-23.932571100805063
 10
64.32518480919356
 20
-23.768367893046843
 10
63.35021371330825
 20
-23.59753206362558
 10
62.76898310551468
 20
-23.487036679189373
 10
61.50576654826125
 20
-23.265307750191482
 10
61.22165445740511
 20
-23.21126734337662
 10
59.68087920719236
 20
-22.94890393302643
 10
59.661413663277614
 20
-22.943038858690784
 10
59.52708704810493
 20
-22.92431146425531
 10
58.13396741934713
 20
-22.68205930526102
 10
57.86873270610761
 20
-22.63911548137571
 10
56.53548533302775
 20
-22.405420532138265
 10
56.024291025001304
 20
-22.322574785836082
 10
54.93891178005072
 20
-22.14294115112307
 10
54.19304644963272
 20
-22.03068726190736
 10
53.3560244380394
 20
-21.89684738037306
 10
52.38784530262899
 20
-21.759388478318158
 10
51.77647332053604
 20
-21.662280793121596
 10
50.612634502109216
 20
-21.502468434516743
 10
50.20249658944125
 20
-21.43769685561827
 10
48.859624531360694
 20
-21.255283097825156
 10
48.62017859472532
 20
-21.21961874711843
 10
47.13831375766485
 20
-21.024558556617762
 10
47.05635978702301
 20
-21.013200447573922
 10
46.11907198846839
 20
-20.88863638728384
 10
45.51048243017627
 20
-20.794359543481733
 10
45.46014060372568
 20
-20.788123725079657
 10
43.923853188230325
 20
-20.594350090911234
 10
43.75114194747211
 20
-20.56940546101356
 10
42.34071735933246
 20
-20.390667028494505
 10
42.0671208365094
 20
-20.36058822954888
 10
40.773437144268044
 20
-20.200175822777624
 10
40.40387885464142
 20
-20.161999441007538
 10
39.21555343599637
 20
-20.01430951704154
 10
38.756734585076
 20
-19.962731066302922
 10
37.658574886106194
 20
-19.835804226842868
 10
37.11369604051926
 20
-19.763619972812336
 10
36.102198337687994
 20
-19.629892932880182
 10
35.42549965636886
 20
-19.525527243898665
 10
34.55629574594593
 20
-19.381462148849835
 10
33.665674896141866
 20
-19.24035688240906
 10
33.007106390748305
 20
-19.119370509671455
 10
31.900352901954193
 20
-18.940944109833765
 10
31.45318817750551
 20
-18.869598630142065
 10
30.14791389274818
 20
-18.66097935511874
 10
29.902909431084623
 20
-18.61930463866588
 10
28.414612292534372
 20
-18.39242702585898
 10
28.342031746041073
 20
-18.37772562319563
 10
27.618775507092494
 20
-18.274334548236965
 10
26.803798260974048
 20
-18.139089357365833
 10
26.71043934970217
 20
-18.130733066074697
 10
25.21960190713895
 20
-17.902501776888755
 10
24.99690459394074
 20
-17.87572444049283
 10
23.649242197475672
 20
-17.67667901636287
 10
23.30079448838225
 20
-17.630601238297203
 10
22.08371218988046
 20
-17.462522065183748
 10
21.633780188190713
 20
-17.400118669630217
 10
20.530530039856103
 20
-17.250556378917906
 10
20.00216441746187
 20
-17.1806288722579
 10
18.974837736981556
 20
-17.03737558030255
 10
18.385946948049536
 20
-16.96444211021918
 10
17.42862675491486
 20
-16.834986830231315
 10
16.810357033451623
 20
-16.765661535621064
 10
15.886093253732469
 20
-16.651012292767405
 10
15.291015257314655
 20
-16.588133475050995
 10
14.359035766883068
 20
-16.469238061357487
 10
13.797581017099702
 20
-16.40156262631575
 10
12.832110729029495
 20
-16.265231688216545
 10
12.31014053114194
 20
-16.196896407131106
 10
11.314376592710857
 20
-16.056467015846124
 10
10.834558960798518
 20
-15.992619747252348
 10
9.803694034790112
 20
-15.843971564787978
 10
9.372374630327982
 20
-15.78544747473208
 10
8.30121790662372
 20
-15.627735767690524
 10
7.910810536833196
 20
-15.572873411798525
 10
6.803720500144749
 20
-15.402188823554695
 10
6.461388928043135
 20
-15.350857571519498
 10
5.311107277144544
 20
-15.156366079091129
 10
4.998390377932367
 20
-15.103077505592097
 10
3.818792082098412
 20
-14.896901672677217
 10
3.5242645446971324
 20
-14.846153060870563
 10
2.334763974193322
 20
-14.636917002141786
 10
2.0521648974632285
 20
-14.586333081182431
 10
0.8631721727164461
 20
-14.371595745581999
 10
0.8128873762436228
 20
-14.363646462228417
  0
LWPOLYLINE
  5
A7
330
17
100
AcDbEntity
  8
SCARNITURA
100
AcDbPolyline
 90
234
 70
0
 10
6.908296497026242
 20
-16.25992352899425
 10
6.963605169582053
 20
-16.840574787451544
 10
7.0649474770922325
 20
-17.53576571587959
 10
7.1672633841967865
 20
-18.322301833486932
 10
7.264598577794487
 20
-18.99376803666837
 10
7.366682778034004
 20
-19.592120560888134
 10
7.518791214783903
 20
-20.305248022547943
 10
7.673214838741103
 20
-21.092044267994254
 10
7.8063084782604335
 20
-21.72553447932532
 10
7.9793725052210505
 20
-22.41446610214453
 10
8.188537154336615
 20
-23.276619937522526
 10
8.334616219629567
 20
-23.95339129281993
 10
8.49644563473359
 20
-24.518999887599136
 10
8.728253155923852
 20
-25.307005676600454
 10
8.94095374687086
 20
-26.08320721989861
 10
9.115959289880408
 20
-26.684686504541276
 10
9.382938206683178
 20
-27.478671043560297
 10
9.645915463428736
 20
-28.412622393776303
 10
9.856882840654777
 20
-29.178645169254537
 10
10.045151894286477
 20
-29.850029453317887
 10
10.270104834343869
 20
-30.567675101707266
 10
10.510319569997137
 20
-31.371293572102104
 10
10.71661369187774
 20
-32.063574779240355
 10
10.940030292692171
 20
-32.74449079715933
 10
11.196575885502341
 20
-33.52338545971338
 10
11.387425969033131
 20
-34.1293406385127
 10
11.52713219997969
 20
-34.48904433133191
 10
11.800498377959457
 20
-35.04937307382525
 10
12.205475435759467
 20
-35.92947285114272
 10
12.577957642028679
 20
-36.82940223488794
 10
12.875657371592808
 20
-37.58649131094839
 10
13.154093153314562
 20
-38.269530262252175
 10
13.425619864619108
 20
-38.92088505586074
 10
13.710082891085818
 20
-39.55949821818342
 10
14.054015243412152
 20
-40.31226167898228
 10
14.39196667168892
 20
-41.09046331317825
 10
14.700405741866206
 20
-41.794757380628425
 10
14.987539850333008
 20
-42.43894565979713
 10
15.303674325256338
 20
-43.101563399600025
 10
15.71915116825096
 20
-43.98583111339849
 10
16.089271271644435
 20
-44.8921514077997
 10
16.399727977290183
 20
-45.66480843177317
 10
16.679241900675834
 20
-46.376558773105074
 10
16.98774331418585
 20
-47.1186495493711
 10
17.385706497807575
 20
-48.14671608844793
 10
17.68314249065483
 20
-49.11560004756447
 10
17.836791327021984
 20
-49.624244266663595
 10
18.17025269182392
 20
-50.46654132386968
 10
18.482550123683183
 20
-51.57173390937413
 10
18.65847205061769
 20
-52.22106062636914
 10
18.93498728723847
 20
-53.09937863041063
 10
19.175110230521483
 20
-54.12277425988219
 10
19.34207414261124
 20
-54.85170317077137
 10
19.57417517161221
 20
-55.80626801616353
 10
19.748202121827603
 20
-56.8281713434923
 10
19.879037066145003
 20
-57.617834780060264
 10
20.013610835831173
 20
-58.430337217516126
 10
20.174068984505254
 20
-59.47786291827839
 10
20.258507658569698
 20
-60.513258636244586
 10
20.3097607031024
 20
-61.19421268242368
 10
20.403502334497063
 20
-62.00078108694953
 10
20.481371016013327
 20
-63.07245189453647
 10
20.506271462070885
 20
-64.02235037550054
 10
20.52472655268616
 20
-64.82758274749409
 10
20.539607972855464
 20
-65.5238519791377
 10
20.58537973889196
 20
-66.80274697864294
 10
20.430016824768614
 20
-68.1236752665638
 10
20.328251559886382
 20
-68.96352207607376
 10
20.11468349667979
 20
-70.25618175300986
 10
19.79147856014285
 20
-71.38650296182334
 10
19.556184176349007
 20
-72.20599056364554
 10
19.2069490595091
 20
-73.289272650535
 10
18.82607065968145
 20
-74.22425538245145
 10
18.56086118964265
 20
-74.89313565032927
 10
18.254245955412784
 20
-75.69365618949968
 10
17.925125381207266
 20
-76.48117024891533
 10
17.651758837353015
 20
-77.16038640625419
 10
17.3390166638396
 20
-77.95610143875507
 10
17.0149943957436
 20
-78.7210461368038
 10
16.714681444974104
 20
-79.46422096368639
 10
16.370073211659843
 20
-80.27616028615137
 10
16.045688880545555
 20
-81.01995843451652
 10
15.727093259985935
 20
-81.7625566305791
 10
15.39485081773168
 20
-82.5191101594832
 10
15.079202581412432
 20
-83.23769486420431
 10
14.765619598022937
 20
-83.96186101926992
 10
14.440311866003896
 20
-84.71008692858246
 10
14.11737137708542
 20
-85.44541355619413
 10
13.800933569836758
 20
-86.17146399629952
 10
13.484510025011218
 20
-86.8974519359183
 10
13.179279495135802
 20
-87.60311883780324
 10
12.91297324767433
 20
-88.23017321688445
 10
12.641682967485337
 20
-88.93466424773753
 10
12.308216220176348
 20
-89.74364242746931
 10
12.030527549107177
 20
-90.41221051446949
 10
11.76027266823192
 20
-91.10285185194869
 10
11.45984112826494
 20
-91.86961053348463
 10
11.152819833718269
 20
-92.63600702431509
 10
10.891306421002042
 20
-93.28458255268684
 10
10.662441665128654
 20
-93.9192593971093
 10
10.419145496650799
 20
-94.60600538382695
 10
10.189515744692784
 20
-95.29158880839614
 10
9.970792735929848
 20
-95.96300623462716
 10
9.767134242094244
 20
-96.64173372289994
 10
9.572775030970746
 20
-97.30593239512727
 10
9.397174584485327
 20
-97.97943139943023
 10
9.230688227707589
 20
-98.6300063784342
 10
9.088528975798482
 20
-99.29225024408136
 10
8.950950885605721
 20
-99.9374450429707
 10
8.844011638725647
 20
-100.58368641394186
 10
8.737452818964044
 20
-101.23846025674041
 10
8.659694812163082
 20
-101.89073378191162
 10
8.584732527647418
 20
-102.5498289516764
 10
8.535229520362009
 20
-103.22514155523521
 10
8.486630727190203
 20
-103.89608994211676
 10
8.465748478847274
 20
-104.580582920442
 10
8.44129678198641
 20
-105.33638882393696
 10
8.42896598939015
 20
-106.04380950326423
 10
8.428265897246945
 20
-106.79567463420483
 10
8.42645948517395
 20
-107.48759217963007
 10
8.450913811291116
 20
-108.15923734157126
 10
8.478198688057063
 20
-108.83607991641838
 10
8.529373499263215
 20
-109.49764696732014
 10
8.585780596322167
 20
-110.1536312232284
 10
8.668441133054301
 20
-110.8128829897114
 10
8.753941886753722
 20
-111.46301131769525
 10
8.869074634886175
 20
-112.12077988219446
 10
8.98590949208807
 20
-112.78147122670896
 10
9.13023585310495
 20
-113.43815044628934
 10
9.2811712467402
 20
-114.11830746495986
 10
9.45245481198674
 20
-114.78845395297587
 10
9.630615667660265
 20
-115.47207080055726
 10
9.828892795612887
 20
-116.15836787052508
 10
10.0319131276149
 20
-116.85443002264554
 10
10.248055876959
 20
-117.53831758397526
 10
10.47986622780715
 20
-118.25711957588419
 10
10.714414258485249
 20
-118.96390568051362
 10
10.95735420221024
 20
-119.67171356550571
 10
11.215481248030216
 20
-120.40642346581637
 10
11.436732198232448
 20
-121.04045256696136
 10
11.685401405114959
 20
-121.65789020699057
 10
11.980912043503281
 20
-122.39213598473177
 10
12.279642819860129
 20
-123.13194123818971
 10
12.577015716310797
 20
-123.86899470414104
 10
12.872569264583205
 20
-124.59698992986284
 10
13.170899090662743
 20
-125.32606288299512
 10
13.473346695107296
 20
-126.06208798722469
 10
13.780280073702755
 20
-126.80889393406666
 10
14.082709753849485
 20
-127.54981038300318
 10
14.382966816983867
 20
-128.28023653606414
 10
14.688700057954406
 20
-129.02168297359788
 10
14.999218774789256
 20
-129.77824325805284
 10
15.30399128913416
 20
-130.52964845454116
 10
15.600040114306466
 20
-131.25815943378177
 10
15.918895221744151
 20
-132.03439459437482
 10
16.228144692388184
 20
-132.82392432600798
 10
16.513127943368062
 20
-133.54976579539948
 10
16.812221506808953
 20
-134.29876836060822
 10
17.109892765666757
 20
-135.06129997871383
 10
17.402722320484997
 20
-135.80763965081752
 10
17.69744029788032
 20
-136.5636884893883
 10
17.981306053348618
 20
-137.29516870959753
 10
18.367611641963776
 20
-138.28945470634864
 10
18.662766737027653
 20
-139.2864733191189
 10
18.839423305547825
 20
-139.8690073028843
 10
19.27879828855771
 20
-141.23627330275716
 10
19.457339532353444
 20
-142.74408088471264
 10
19.54122455027519
 20
-143.53814104289694
 10
19.63036412459971
 20
-144.63478431714196
 10
19.64035481223098
 20
-145.6548477879199
 10
19.64991620595646
 20
-146.45626516571946
 10
19.653619526388212
 20
-147.3678376421333
 10
19.63210013329592
 20
-148.24850222140174
 10
19.611253093985937
 20
-149.14813425175768
 10
19.554768074310743
 20
-150.1252231112981
 10
19.48650731368346
 20
-150.9644154438837
 10
19.421843231143527
 20
-151.8453006212481
 10
19.304944686784097
 20
-152.90311888036507
 10
19.156155299510658
 20
-153.83567309640853
 10
19.02907476579611
 20
-154.6373211969399
 10
18.86756878203437
 20
-155.60087958728266
 10
18.667192869457466
 20
-156.5231051640073
 10
18.504647238758395
 20
-157.2790023144825
 10
18.31549193502127
 20
-158.17312956717524
 10
18.086815231550275
 20
-159.07556361351493
 10
17.8919828660936
 20
-159.8368108109447
 10
17.690955176424296
 20
-160.64105179808217
 10
17.46222146759237
 20
-161.50078870607794
 10
17.2367743346837
 20
-162.30185921060644
 10
17.02177605119229
 20
-163.0767565227259
 10
16.77534720685489
 20
-163.94537571215767
 10
16.462291126748653
 20
-164.93615527452118
 10
16.13369752773329
 20
-165.82711181438685
 10
15.835893069467915
 20
-166.6306580369298
 10
15.51422969517887
 20
-167.4504614263688
 10
15.188281828776184
 20
-168.2628498144186
 10
14.857360763693492
 20
-169.0479577667819
 10
14.553421872953408
 20
-169.769766567358
 10
14.255423103836193
 20
-170.48774338929894
 10
13.942679510988341
 20
-171.2466158622393
 10
13.633255610344975
 20
-171.97793677422914
 10
13.35171872680425
 20
-172.66524595796557
 10
13.078234262049108
 20
-173.34771933976236
 10
12.808694068631468
 20
-174.04900630645062
 10
12.543991375151904
 20
-174.741902265677
 10
12.267893937981256
 20
-175.503717099305
 10
11.97152901885596
 20
-176.27310318190112
 10
11.73664554358595
 20
-176.90385989332043
 10
11.526356575096713
 20
-177.52847324716586
 10
11.306285570558373
 20
-178.2194596047261
 10
11.089903419713522
 20
-178.91762960739396
 10
10.870768587800995
 20
-179.6648870522552
 10
10.645677737736378
 20
-180.41016964691585
 10
10.437953349839205
 20
-181.13830243134208
 10
10.229059006415326
 20
-181.86765798254203
 10
10.039093717837147
 20
-182.5701491852637
 10
9.847431728714355
 20
-183.30716635536862
 10
9.654290353898602
 20
-184.05957483653816
 10
9.468287093878018
 20
-184.79825129485766
 10
9.296668988619501
 20
-185.50390459238054
 10
9.126085131058801
 20
-186.26067766019344
 10
8.948924448555715
 20
-187.01609853111287
 10
8.793917410738914
 20
-187.7310722381118
 10
8.635310226512388
 20
-188.48560147372962
 10
8.485602768244576
 20
-189.2084357149166
 10
8.350769928878009
 20
-189.92400462090566
 10
8.216550250775839
 20
-190.66202034502646
 10
8.094713863887108
 20
-191.3721436791629
 10
7.986435632954226
 20
-192.073432004886
 10
7.887936002682096
 20
-192.7746116409407
 10
7.801302059347819
 20
-193.4790327459131
 10
7.724696367014701
 20
-194.17603169914793
 10
7.663010382997044
 20
-194.86472678746384
 10
7.612129051450921
 20
-195.56094203839592
  0
LWPOLYLINE
  5
A8
330
17
100
AcDbEntity
  8
RIFERIMENTO
100
AcDbPolyline
 90
136
 70
0
 10
9.704960323312434
 20
-195.60674679117574
 10
9.734026136166733
 20
-195.20456616857643
 10
9.77199231139042
 20
-194.6510314695634
 10
9.794029016581135
 20
-194.42791889113346
 10
9.856410794272193
 20
-193.67554519538606
 10
9.861603107990419
 20
-193.6590325786083
 10
9.869885649996064
 20
-193.5885173299854
 10
9.952368456958482
 20
-192.88539658065528
 10
9.97290193743487
 20
-192.69066893978976
 10
10.048773698514935
 20
-192.11403936509367
 10
10.116529848478166
 20
-191.68791041562704
 10
10.171469518358776
 20
-191.33397350524714
 10
10.27782007088689
 20
-190.64134184749486
 10
10.297690859608792
 20
-190.548196842192
 10
10.343030433380477
 20
-190.29202025046652
 10
10.444569804926658
 20
-189.75253602755086
 10
10.481244124580769
 20
-189.55767978411546
 10
10.593540911466704
 20
-188.93929604818408
 10
10.70462312023929
 20
-188.40635949865992
 10
10.765864928900243
 20
-188.11979530511098
 10
10.908722879948357
 20
-187.45418340419923
 10
10.948451863702843
 20
-187.27848520665884
 10
10.968577381271047
 20
-187.1892468706645
 10
11.14614268901667
 20
-186.40460518984708
 10
11.264041861866701
 20
-185.88246907279472
 10
11.361416138087463
 20
-185.5080436473422
 10
11.527931034601295
 20
-184.84588931199647
 10
11.585770796300665
 20
-184.5878333633691
 10
11.626653926272638
 20
-184.44735164845358
 10
11.833973933625316
 20
-183.62617279795683
 10
12.04102345912844
 20
-182.83961183410128
 10
12.098647417269916
 20
-182.63801438750653
 10
12.163132323476077
 20
-182.37878557718278
 10
12.38245106899231
 20
-181.59835184972832
 10
12.5485493303255
 20
-181.00727120399324
 10
12.68839908642704
 20
-180.51683007824562
 10
12.841597410418814
 20
-180.03139066042087
 10
13.04517363180156
 20
-179.38030557171163
 10
13.25806552764368
 20
-178.72553532274972
 10
13.479055645299013
 20
-178.10108292889498
 10
13.574061343023544
 20
-177.8398193769575
 10
14.011989519052662
 20
-176.64721649516207
 10
14.356360686200532
 20
-175.74958922339442
 10
14.561925011727396
 20
-175.20854874177581
 10
15.050985005011285
 20
-173.9841300088131
 10
15.131253075177852
 20
-173.79446643969942
 10
15.157689400775382
 20
-173.72835717378214
 10
15.712320330294006
 20
-172.40609469746508
 10
15.983668464913535
 20
-171.781415636338
 10
16.292398946266644
 20
-171.04078984896432
 10
16.815076887559968
 20
-169.84480178941703
 10
16.88538535760358
 20
-169.68183938095677
 10
17.037580205296166
 20
-169.33025333570518
 10
17.42182308632158
 20
-168.40808605489968
 10
17.63458872979359
 20
-167.88375360613452
 10
17.936075006714304
 20
-167.1424786720596
 10
18.41984932602614
 20
-165.88194837423205
 10
18.42885094626689
 20
-165.8777814911116
 10
18.4248471229088
 20
-165.86872040716838
 10
18.83712404890045
 20
-164.5864463457361
 10
19.107852074104613
 20
-163.66773008082896
 10
19.22127944195651
 20
-163.2939742903092
 10
19.372381561558683
 20
-162.78408411787734
 10
19.585360310500818
 20
-162.00742198757814
 10
19.749283254154307
 20
-161.38676274971283
 10
19.926148718121595
 20
-160.72452377425185
 10
20.139616961329807
 20
-159.92550171990746
 10
20.255975127340605
 20
-159.44275857920064
 10
20.354030352135823
 20
-159.01477229729284
 10
20.553537550647775
 20
-158.16687394572702
 10
20.769533543671628
 20
-157.2349524348707
 10
20.836034655047882
 20
-156.88256118552573
 10
20.900312330172767
 20
-156.5242912957608
 10
21.078396244227804
 20
-155.5851993071947
 10
21.246829622525865
 20
-154.67276212326897
 10
21.298980441809306
 20
-154.28948227038518
 10
21.351621393376007
 20
-153.83683619899634
 10
21.468540733819935
 20
-152.95646404905614
 10
21.549948072419994
 20
-152.2119578918927
 10
21.59951917194411
 20
-151.61061076280808
 10
21.65465236764257
 20
-150.80924024840937
 10
21.690451568301086
 20
-150.24927906205647
 10
21.70882341960197
 20
-149.8407108345453
 10
21.740111831422553
 20
-148.86751071088892
 10
21.778246497854667
 20
-147.55316952493575
 10
21.77370948127637
 20
-147.49633827930887
 10
21.772666037598498
 20
-147.39893000772113
 10
21.745624688714884
 20
-146.07911218074224
 10
21.737713177463263
 20
-145.32379122441637
 10
21.68303517008607
 20
-144.6547849440694
 10
21.600104472106352
 20
-143.32437838120694
 10
21.593858672191374
 20
-143.2147830772578
 10
21.592271829935868
 20
-143.1616762578218
 10
21.388808529070815
 20
-141.7012857300746
 10
21.31210990151027
 20
-141.04690249265786
 10
21.037204081548396
 20
-140.0734117533719
 10
20.79892197753881
 20
-138.9598455311465
 10
20.579651461199347
 20
-138.36967953044442
 10
20.06186884286481
 20
-136.91740833400513
 10
19.910083780286158
 20
-136.52578862495935
 10
19.291157278715758
 20
-134.92132052929801
 10
19.201358509403747
 20
-134.66726047910842
 10
18.555613557051515
 20
-132.97766707356408
 10
18.504759050682765
 20
-132.83171083662504
 10
17.859775919671677
 20
-131.08362172364997
 10
17.84503834012844
 20
-131.05146651267864
 10
17.556479303931553
 20
-130.30013068222286
 10
17.175930003860003
 20
-129.28309844191642
 10
17.160755361636603
 20
-129.24410754356896
 10
16.526324750857952
 20
-127.54177282461183
 10
16.490799487990557
 20
-127.45069485610972
 10
15.902401891336638
 20
-125.83725592497854
 10
15.8511739968082
 20
-125.6997792661143
 10
15.305203113462028
 20
-124.15870647557826
 10
15.2433810489581
 20
-123.98750618880814
 10
14.742163204865221
 20
-122.51440225991236
 10
14.679959529331
 20
-122.32704948694001
 10
14.229088477382248
 20
-120.90119096731915
 10
14.16161645180614
 20
-120.70117559775987
 10
13.753748677947101
 20
-119.31252835444724
 10
13.691378059249473
 20
-119.09983331746147
 10
13.336305516607865
 20
-117.74911502347595
 10
13.279273975298082
 20
-117.53130269599868
 10
12.972616647438514
 20
-116.19284911858338
 10
12.921069099259569
 20
-115.96913815778834
 10
12.65507348176854
 20
-114.64051983597949
 10
12.609110807944148
 20
-114.41055967252662
 10
12.406860795376616
 20
-113.08609406705656
 10
12.372071709226418
 20
-112.85148353774618
 10
12.21240036982715
 20
-111.49790457940676
 10
12.183429517648904
 20
-111.25554817713795
 10
12.08131104580761
 20
-109.84827552426336
 10
12.063805927503665
 20
-109.59907177622675
 10
12.014925685066942
 20
-108.09197485361656
 10
12.003823113723314
 20
-107.81430922728796
 10
12.012225868978874
 20
-106.8560253028451
  0
LWPOLYLINE
  5
A9
330
17
100
AcDbEntity
  8
RIFERIMENTO
100
AcDbPolyline
 90
101
 70
0
 10
12.064171143137202
 20
-104.34692535105421
 10
12.082688531144072
 20
-103.72463975866634
 10
12.095614102814807
 20
-103.37923625445517
 10
12.20553751508902
 20
-101.88423985265202
 10
12.228272662218956
 20
-101.60688138628443
 10
12.386693092007903
 20
-100.21293187364114
 10
12.414702734612803
 20
-99.95475952889159
 10
12.627927772154464
 20
-98.60633325238157
 10
12.666687099907278
 20
-98.36494628362342
 10
12.920614762243645
 20
-97.03707782940467
 10
12.964760149024613
 20
-96.80365838282214
 10
13.281055453298933
 20
-95.4915594556842
 10
13.335857559635883
 20
-95.2627975013967
 10
13.691873939857942
 20
-93.93147908123736
 10
13.751745915535736
 20
-93.70890418977042
 10
14.15485688255157
 20
-92.35611386020899
 10
14.21931468667799
 20
-92.1482637168669
 10
14.678307141637163
 20
-90.76127458442754
 10
14.742777454464772
 20
-90.5539773203067
 10
15.251161384745558
 20
-89.12297918334949
 10
15.310360382582445
 20
-88.93332204092013
 10
15.85839815495126
 20
-87.44302080564543
 10
15.920217848257437
 20
-87.2774245593695
 10
16.52044272633168
 20
-85.72213887252654
 10
16.57126975121659
 20
-85.57608492199984
 10
17.218609009859534
 20
-83.93505194171405
 10
17.252920233857793
 20
-83.82745735269884
 10
17.950002030045
 20
-82.0906369517813
 10
17.962586828428414
 20
-82.03494256318695
 10
18.378068802783332
 20
-80.98482172665899
 10
18.69698571398854
 20
-80.2009663545436
 10
18.704098985189177
 20
-80.15814726084108
 10
19.424299262209246
 20
-78.30341129498271
 10
19.485813053837205
 20
-78.14329658356775
 10
20.18376193896532
 20
-76.35993096567361
 10
20.309122613310308
 20
-76.0558845386702
 10
20.972554923998274
 20
-74.3566318268235
 10
21.15359861062919
 20
-73.88412311535913
 10
21.71816516997322
 20
-72.310414002675
 10
21.9431852608667
 20
-71.47210286734384
 10
22.228032570758018
 20
-70.22733659253794
 10
22.475097023438423
 20
-68.2572594119552
 10
22.49371751796855
 20
-68.11883709603808
 10
22.500386230158796
 20
-67.95536340305489
 10
22.61589982728694
 20
-65.95674675861261
 10
22.613574366500302
 20
-63.89039508110341
 10
22.61681118700696
 20
-63.73511599076488
 10
22.59534710378361
 20
-63.46131395642368
 10
22.501184716261776
 20
-61.44460167408508
 10
22.42173930787908
 20
-60.47915160020855
 10
22.28481314398624
 20
-59.07270775897962
 10
22.041527178358706
 20
-57.44790648152468
 10
21.914679238927732
 20
-56.611499171811914
 10
21.511270063205586
 20
-54.760228712415426
 10
21.358933050228046
 20
-54.050558866592354
 10
20.881141943008913
 20
-52.274578975595546
 10
20.634492283385754
 20
-51.367160082258465
 10
20.187670778594736
 20
-49.91247493012122
 10
19.755202179056
 20
-48.5241402301742
 10
19.454992889347324
 20
-47.64660429724995
 10
18.68239821892584
 20
-45.46628547761611
 10
18.676868608699607
 20
-45.45318798797513
 10
18.66582147275838
 20
-45.427016271315836
 10
17.81070325037726
 20
-43.474123865047204
 10
17.157442473173944
 20
-42.04778200763417
 10
16.915129893851883
 20
-41.53922307130182
 10
16.74667230700203
 20
-41.178250098832876
 10
16.012047951423966
 20
-39.626541612024766
 10
15.210924178689652
 20
-37.88224711545794
 10
15.12012548607052
 20
-37.704564456179554
 10
15.00525894101682
 20
-37.452042138770366
 10
14.248593549984804
 20
-35.705234321821564
 10
13.681993843809977
 20
-34.31564901140632
 10
13.396907306911714
 20
-33.636791775508414
 10
13.05257662194333
 20
-32.76046271613055
 10
12.592431611018924
 20
-31.466953709369108
 10
12.267368235339461
 20
-30.50026903817016
 10
11.836567581551975
 20
-29.140312164313627
 10
11.699363511053917
 20
-28.683149427105377
 10
11.446956783026422
 20
-27.807295545934352
 10
11.2321290043229
 20
-27.087621728288298
 10
11.120419791086931
 20
-26.69204139173027
 10
10.822659468863776
 20
-25.663318211479123
 10
10.546354470455043
 20
-24.611375148778734
 10
10.48490996210353
 20
-24.365857182627195
 10
10.416699794063703
 20
-24.102845983353745
 10
10.182122309857448
 20
-23.157508823437013
 10
10.02697935074417
 20
-22.491188209096777
 10
9.922913298764627
 20
-22.01403667240271
 10
9.762610217517704
 20
-21.284616263558092
 10
9.686762403160145
 20
-20.937719985215665
 10
9.660409778168855
 20
-20.75913855773473
 10
9.494538514318947
 20
-19.8973928882192
 10
9.391240654157286
 20
-19.25377786047551
 10
9.322304903277882
 20
-18.900229011132637
 10
9.194352855636907
 20
-18.006530067491667
 10
9.178469986231221
 20
-17.920015322130382
 10
9.179866837031568
 20
-17.882721008633325
 10
9.06732311585165
 20
-16.94814618950892
 10
9.039702611193007
 20
-16.60951464474013
 10
8.97428026632224
 20
-15.99517575207443
  0
LWPOLYLINE
  5
AA
330
17
100
AcDbEntity
  8
ASSE
100
AcDbPolyline
 90
10
 70
0
 10
2.429541511360128
 20
-105.61087780097132
 10
4.2683914539107946
 20
-105.63284510658384
 10
4.268391591465161
 20
-105.6328451082272
 10
4.268391592324406
 20
-105.63284510822997
 10
4.84592542448803
 20
-105.63646425941526
 10
6.12564847871181
 20
-105.6444837224286
 10
6.125648480644202
 20
-105.6444837224462
 10
7.988835384212507
 20
-105.64282481886251
 10
7.988835387205427
 20
-105.6428248188675
 10
9.856947038227446
 20
-105.62936432063839
  0
LWPOLYLINE
  5
AB
330
17
100
AcDbEntity
  8
ASSE
100
AcDbPolyline
 90
8
 70
0
 10
15.524462568673272
 20
-105.53275538047623
 10
17.439270910886307
 20
-105.4860724657072
 10
17.43927091170829
 20
-105.48607246568555
 10
17.82119589689708
 20
-105.47574868845933
 10
19.36450692445092
 20
-105.43403159778683
 10
19.364506927810055
 20
-105.43403159769366
 10
20.806157182194283
 20
-105.39203142991128
 10
21.298651411466153
 20
-105.37768340049506
  0
LWPOLYLINE
  5
AC
330
17
100
AcDbEntity
  8
ASSE
100
AcDbPolyline
 90
18
 70
0
 10
21.29865141258645
 20
-105.37768340046237
 10
23.240173794148575
 20
-105.31805327505143
 10
23.24017379495396
 20
-105.3180532750273
 10
25.187535298573238
 20
-105.25615548922933
 10
25.187535299371916
 20
-105.2561554892051
 10
27.139191169536417
 20
-105.19300443059777
 10
27.139191170327877
 20
-105.19300443057381
 10
29.093592817141115
 20
-105.1296236113712
 10
29.09359282030651
 20
-105.12962361127688
 10
31.049190692126956
 20
-105.06705282096583
 10
31.049190694916007
 20
-105.06705282088537
 10
32.325681698195
 20
-105.02742508727991
 10
33.004437885206514
 20
-105.0063535957563
 10
33.004437886705105
 20
-105.00635359570656
 10
34.95779447295902
 20
-104.94861310244659
 10
34.957794475408264
 20
-104.94861310236908
 10
36.188134370113616
 20
-104.9147512974079
 10
36.90773227156079
 20
-104.89494629564486
  0
LWPOLYLINE
  5
AD
330
17
100
AcDbEntity
  8
ASSE
100
AcDbPolyline
 90
9
 70
0
 10
36.90773227156079
 20
-104.89494629564486
 10
36.907732272945154
 20
-104.89494629561297
 10
37.975575207367555
 20
-104.86834619966957
 10
38.85273945308633
 20
-104.84649593280125
 10
38.85273945423479
 20
-104.84649593277052
 10
40.79132272137983
 20
-104.80442945487634
 10
40.791322723349154
 20
-104.80442945483027
 10
41.743900519448005
 20
-104.78727753140251
 10
42.72674088609476
 20
-104.76958070624616
  0
LWPOLYLINE
  5
AE
330
17
100
AcDbEntity
  8
ASSE
100
AcDbPolyline
 90
8
 70
0
 10
46.63805810667061
 20
-104.71577437858896
 10
48.60874614141598
 20
-104.69371938979161
 10
48.60874614269872
 20
-104.69371938977326
 10
49.867289987650764
 20
-104.68046931057326
 10
50.58434578529739
 20
-104.67292007329883
 10
50.584345786009564
 20
-104.67292007329392
 10
51.32533579976521
 20
-104.66505668341844
 10
52.560965378664065
 20
-104.65194417591329
  0
LWPOLYLINE
  5
AF
330
17
100
AcDbEntity
  8
ASSE
100
AcDbPolyline
 90
10
 70
0
 10
54.53470692335188
 20
-104.62938806817478
 10
54.53470692404821
 20
-104.62938806816848
 10
56.50170807247561
 20
-104.60388611792058
 10
56.50170807559269
 20
-104.60388611788528
 10
57.621331642398985
 20
-104.5868530943109
 10
58.45818625449718
 20
-104.57412188290482
 10
58.45818625684767
 20
-104.57412188285979
 10
59.58406095852459
 20
-104.55366707573877
 10
60.40048051055261
 20
-104.53883442656972
 10
60.400480512191066
 20
-104.53883442653967
  0
LWPOLYLINE
  5
B0
330
17
100
AcDbEntity
  8
ASSE
100
AcDbPolyline
 90
14
 70
0
 10
76.80428061219425
 20
-103.48068755963149
 10
78.51562151329907
 20
-103.2615410271701
 10
78.51562151620533
 20
-103.26154102679978
 10
80.21214630218536
 20
-103.0394197263548
 10
80.21214630469593
 20
-103.03941972602837
 10
81.89356366156875
 20
-102.82021184658622
 10
81.89356366280764
 20
-102.82021184642616
 10
82.41700231348779
 20
-102.75406953811307
 10
83.55960820284449
 20
-102.60968854730677
 10
83.55960820547749
 20
-102.60968854698982
 10
85.21003901328476
 20
-102.4135019130034
 10
85.21003901382461
 20
-102.4135019129442
 10
86.84463840386299
 20
-102.23718176087708
 10
86.84463840472065
 20
-102.23718176079528
  0
LWPOLYLINE
  5
B1
330
17
100
AcDbEntity
  8
ASSE
100
AcDbPolyline
 90
10
 70
0
 10
86.84463840472065
 20
-102.23718176079528
 10
87.28453585965272
 20
-102.19612920369383
 10
88.46321124021745
 20
-102.08613166262799
 10
88.46321124252268
 20
-102.08613166241793
 10
89.72235179756503
 20
-101.99143738917562
 10
90.06558516173754
 20
-101.96562435834103
 10
90.06558516234969
 20
-101.965624358301
 10
91.65203175640059
 20
-101.86593689309795
 10
91.65203175729935
 20
-101.86593689304237
 10
93.22297748976588
 20
-101.77321755955454
  0
LWPOLYLINE
  5
B2
330
17
100
AcDbEntity
  8
ASSE
100
AcDbPolyline
 90
21
 70
0
 10
96.31887311226694
 20
-101.60623408639395
 10
97.8451510780693
 20
-101.5308360010804
 10
97.8451510793939
 20
-101.5308360010196
 10
98.46518102626762
 20
-101.50185297578176
 10
99.35810166076428
 20
-101.46011379622021
 10
99.35810166264952
 20
-101.46011379612956
 10
100.16797709926773
 20
-101.42417521618762
 10
100.85832832488254
 20
-101.39354057585976
 10
100.85832832648656
 20
-101.39354057579453
 10
101.95619137580222
 20
-101.34710726303031
 10
102.34637107740107
 20
-101.3306048986137
 10
102.34637107796678
 20
-101.33060489858863
 10
103.82271257523524
 20
-101.2708111401256
 10
103.8227125769368
 20
-101.27081114005276
 10
105.28778418680312
 20
-101.21367968397654
 10
105.28778418812854
 20
-101.21367968392144
 10
106.74197180662347
 20
-101.15874694621154
 10
106.74197180763963
 20
-101.15874694617031
 10
108.1856215585565
 20
-101.10556523154325
 10
108.18562155904199
 20
-101.10556523152393
 10
109.61904514335887
 20
-101.05370242454752
  0
LWPOLYLINE
  5
B3
330
17
100
AcDbEntity
  8
ASSE
100
AcDbPolyline
 90
11
 70
0
 10
112.9683152482424
 20
-100.93392377984415
 10
113.86066356905894
 20
-100.90193053581044
 10
113.86066356989596
 20
-100.90193053578312
 10
115.25578226486574
 20
-100.8513176582318
 10
115.25578226556725
 20
-100.85131765820849
 10
116.07922281547408
 20
-100.82088175057412
 10
116.64187898440652
 20
-100.80008492293443
 10
116.64187898488602
 20
-100.80008492291512
 10
118.0183337102099
 20
-100.74851824620524
 10
118.01833371158523
 20
-100.74851824614983
 10
119.38451944746454
 20
-100.69719492221226
  0
LWPOLYLINE
  5
B4
330
17
100
AcDbEntity
  8
ASSE
100
AcDbPolyline
 90
13
 70
0
 10
126.05635497518695
 20
-100.455173233838
 10
127.35803794794018
 20
-100.41176162025982
 10
127.35803794841713
 20
-100.4117616202433
 10
128.6485890493547
 20
-100.37066737686888
 10
128.6485890512373
 20
-100.37066737680667
 10
129.5402764027542
 20
-100.34382397525577
 10
129.9279295841676
 20
-100.33215404409142
 10
129.92792958497887
 20
-100.33215404406941
 10
130.57633566210575
 20
-100.31391108106305
 10
131.195992689789
 20
-100.29647697513415
 10
131.19599269057272
 20
-100.29647697511125
 10
131.6898838192916
 20
-100.28366777394356
 10
132.45272343977797
 20
-100.2638833202643
  0
LWPOLYLINE
  5
B5
330
17
100
AcDbEntity
  8
ASSE
100
AcDbPolyline
 90
14
 70
0
 10
139.75146049709565
 20
-100.14005446134644
 10
140.9270240862836
 20
-100.12920474221156
 10
140.927024088129
 20
-100.1292047421866
 10
141.6350755634697
 20
-100.12400042574872
 10
142.09145060854584
 20
-100.12064598015236
 10
142.0914506097194
 20
-100.12064598015118
 10
143.24505093300192
 20
-100.11432139678222
 10
143.2450509335867
 20
-100.11432139678294
 10
143.48210351862699
 20
-100.1134613501358
 10
144.3881180609994
 20
-100.11017425342435
 10
144.3881180632973
 20
-100.11017425340363
 10
145.31104972780244
 20
-100.10853165177629
 10
145.5209347530337
 20
-100.1081581057161
 10
145.52093475354857
 20
-100.10815810571896
  0
LWPOLYLINE
  5
B6
330
17
100
AcDbEntity
  8
ASSE
100
AcDbPolyline
 90
41
 70
0
 10
157.38714998020544
 20
-100.22358409671774
 10
157.38714998226467
 20
-100.22358409677851
 10
158.19696822726664
 20
-100.24047038319412
 10
158.41787118001884
 20
-100.24507663965602
 10
158.41787118063598
 20
-100.24507663966418
 10
158.77494427008344
 20
-100.25289997855138
 10
159.45177146730666
 20
-100.26772901127167
 10
159.45177146843548
 20
-100.26772901130613
 10
160.1368063653707
 20
-100.28329368257008
 10
160.49820958329383
 20
-100.29150512158039
 10
160.49820958398274
 20
-100.29150512159283
 10
161.56005983418152
 20
-100.3161661296936
 10
161.56005983491718
 20
-100.31616612970818
 10
161.77068414540008
 20
-100.32110581555258
 10
162.63996249296238
 20
-100.34149264522952
 10
162.63996249585392
 20
-100.34149264530774
 10
163.16606015208703
 20
-100.35381714870798
 10
163.74078864511387
 20
-100.36728089098365
 10
163.74078864900142
 20
-100.36728089106879
 10
164.86619067356602
 20
-100.39333496493364
 10
164.86619067468678
 20
-100.39333496495857
 10
166.02138513008427
 20
-100.4194536574941
 10
166.02138513317956
 20
-100.41945365756231
 10
166.56421827183036
 20
-100.43126340921748
 10
167.2144635761217
 20
-100.44540999498552
 10
167.21446357952385
 20
-100.445409995059
 10
167.74591997655892
 20
-100.4563046223919
 10
168.45893985303738
 20
-100.4709212228764
 10
168.45893986003423
 20
-100.47092122301231
 10
169.2202149191238
 20
-100.48515233026006
 10
169.77954949033762
 20
-100.49560840677472
 10
169.77954949482864
 20
-100.49560840685592
 10
170.90024486447982
 20
-100.5136490727747
 10
171.22854357431953
 20
-100.51893394099501
 10
171.22854357759408
 20
-100.51893394103143
 10
172.9512089511638
 20
-100.53976159792221
 10
176.59389829031673
 20
-100.5959934926932
 10
176.59389829334899
 20
-100.59599349274097
 10
176.5938982944611
 20
-100.59599349275962
 10
176.59389829505142
 20
-100.59599349277067
 10
176.5938982954221
 20
-100.59599349277872
  0
LWPOLYLINE
  5
B7
330
17
100
AcDbEntity
  8
TACCHE
100
AcDbPolyline
 90
2
 70
0
 10
2.429541511360128
 20
-105.61087780097132
 10
5.4290958861036245
 20
-105.6625842121518
  0
LWPOLYLINE
  5
B8
330
17
100
AcDbEntity
  8
TACCHE
100
AcDbPolyline
 90
2
 70
0
 10
12.182403530418355
 20
-209.6572252698969
 10
11.66151673800448
 20
-206.7027918302187
  0
LWPOLYLINE
  5
B9
330
17
100
AcDbEntity
  8
TACCHE
100
AcDbPolyline
 90
2
 70
0
 10
11.000182815849456
 20
-1.8742843705135783
 10
10.574347475236209
 20
-4.843907959907483
  0
TEXT
  5
BA
330
17
100
AcDbEntity
  8
TESTO
100
AcDbText
 10
81.08941204408134
 20
-95.07864709226618
 30
0.0
 40
4.0
  1
FODERA AVAMPIEDE
 72
1
 11
81.08941204408134
 21
-95.07864709226618
 31
0.0
100
AcDbText
 73
2
  0
TEXT
  5
BB
330
17
100
AcDbEntity
  8
TESTO
100
AcDbText
 10
81.08941204408134
 20
-101.87864709226618
 30
0.0
 40
2.6
  1
Oxford cap-toe tg 42 - destra
 72
1
 11
81.08941204408134
 21
-101.87864709226618
 31
0.0
100
AcDbText
 73
2
  0
TEXT
  5
BC
330
17
100
AcDbEntity
  8
TESTO
100
AcDbText
 10
81.08941204408134
 20
-106.29864709226618
 30
0.0
 40
2.6
  1
pelle fodera (vitello) 0,8 mm
 72
1
 11
81.08941204408134
 21
-106.29864709226618
 31
0.0
100
AcDbText
 73
2
  0
TEXT
  5
BD
330
17
100
AcDbEntity
  8
TESTO
100
AcDbText
 10
81.08941204408134
 20
-110.71864709226618
 30
0.0
 40
2.6
  1
tagliare 2 per paio (dx + sx speculare)
 72
1
 11
81.08941204408134
 21
-110.71864709226618
 31
0.0
100
AcDbText
 73
2
  0
TEXT
  5
BE
330
17
100
AcDbEntity
  8
TESTO
100
AcDbText
 10
8.42896598939015
 20
-106.04380950326423
 30
0.0
 40
2.2
  1
scarnire 6
 72
1
 11
8.42896598939015
 21
-106.04380950326423
 31
0.0
100
AcDbText
 73
2
  0
LWPOLYLINE
  5
BF
330
17
100
AcDbEntity
  8
TESTO
100
AcDbPolyline
 90
2
 70
0
 10
66.08941204408134
 20
-120.07864709226618
 10
96.08941204408134
 20
-120.07864709226618
  0
LWPOLYLINE
  5
C0
330
17
100
AcDbEntity
  8
TESTO
100
AcDbPolyline
 90
3
 70
0
 10
92.08941204408134
 20
-118.07864709226618
 10
96.08941204408134
 20
-120.07864709226618
 10
92.08941204408134
 20
-122.07864709226618
  0
TEXT
  5
C1
330
17
100
AcDbEntity
  8
TESTO
100
AcDbText
 10
81.08941204408134
 20
-117.07864709226618
 30
0.0
 40
2.2
  1
verso del tiro
 72
1
 11
81.08941204408134
 21
-117.07864709226618
 31
0.0
100
AcDbText
 73
2
  0
LWPOLYLINE
  5
C2
330
17
100
AcDbEntity
  8
TAGLIO
100
AcDbPolyline
 90
77
 70
0
 10
791.96680649091
 20
-381.6365326056066
 10
793.0125063780193
 20
-381.7067898005296
 10
793.5797394115998
 20
-381.509522064639
 10
798.2098169633452
 20
-381.79743562157677
 10
801.3698034963285
 20
-381.93678593432253
 10
813.2249459212466
 20
-382.3234780059422
 10
833.4431615580029
 20
-383.4778989723449
 10
841.0260109420409
 20
-383.8079233915468
 10
846.4296075555575
 20
-383.9432861345916
 10
851.5108046929042
 20
-383.93075370863966
 10
858.4384977868665
 20
-383.73248755943456
 10
871.4915722328212
 20
-383.08330277639743
 10
886.0234196623232
 20
-382.4587467298609
 10
885.2895134687326
 20
-385.24992454324416
 10
884.8675580645511
 20
-387.126580247538
 10
884.1630214913234
 20
-390.9527162021578
 10
883.8885137069888
 20
-392.90318954732174
 10
883.4881554495719
 20
-396.9658511535048
 10
883.3638632736945
 20
-399.1143213419618
 10
883.2876296583715
 20
-401.418253864209
 10
883.2669161979837
 20
-404.2091716170323
 10
883.2897242524552
 20
-407.01045215457384
 10
883.3668605286482
 20
-409.3142503624375
 10
883.491345668624
 20
-411.4628453560017
 10
883.8670939355427
 20
-415.34289312111844
 10
884.1633103050765
 20
-417.47662960562246
 10
884.8280334588251
 20
-421.1273778307139
 10
885.281009628952
 20
-423.1731514377195
 10
886.0096494833417
 20
-425.9645538340373
 10
875.2147041270747
 20
-426.1959410826945
 10
863.6165760815989
 20
-426.6953182882607
 10
857.1440852838646
 20
-427.0471253042126
 10
842.9076568678004
 20
-427.95371864584945
 10
831.0164810017046
 20
-428.53638987161173
 10
815.528667422998
 20
-429.45752291590554
 10
811.3297660620133
 20
-429.6441864512871
 10
806.443026299694
 20
-429.80186107717765
 10
798.4583533462991
 20
-429.9652868421982
 10
795.3556753783912
 20
-430.0767502915654
 10
793.0092030330443
 20
-430.2289174368597
 10
792.2218381171673
 20
-429.9884052098971
 10
790.9187604457986
 20
-429.7660071305634
 10
789.7623264669113
 20
-429.34017365969896
 10
786.8461518858887
 20
-427.8378956572834
 10
786.1759645865994
 20
-427.4379693900664
 10
784.83067032692
 20
-426.38642016770007
 10
783.8054135330564
 20
-425.5144066625193
 10
781.9894838825692
 20
-423.65917803813426
 10
780.5758897076378
 20
-421.9397262457018
 10
779.3651903222561
 20
-420.19498196496124
 10
778.414629043602
 20
-418.6440784080167
 10
777.5567044398498
 20
-417.10040093832043
 10
776.3720371456836
 20
-414.2878427069865
 10
775.5484898071701
 20
-411.896787199492
 10
774.9556708314428
 20
-409.599864643637
 10
774.7704832255133
 20
-408.29128627388565
 10
774.6678719541769
 20
-406.6703552054138
 10
774.6488150547187
 20
-405.0497654065415
 10
774.7466489116687
 20
-403.15742608323524
 10
774.9099540500232
 20
-401.7503683613738
 10
775.3247225516678
 20
-399.6391598118662
 10
775.6225927094412
 20
-398.4850051379389
 10
775.9888438025583
 20
-397.32701911340666
 10
776.4452955317225
 20
-396.12302552397733
 10
777.0018151066645
 20
-394.8527159773022
 10
777.687151545646
 20
-393.5095140333812
 10
778.4988978138117
 20
-392.0746685632243
 10
779.0616661909906
 20
-391.1929894907015
 10
780.6246068070631
 20
-389.00390785378966
 10
782.0479603236744
 20
-387.355745499258
 10
783.8083934895965
 20
-385.6529230091933
 10
786.105809331808
 20
-383.9102762177426
 10
787.6848899732291
 20
-383.08770939116937
 10
789.594017019867
 20
-382.1687729992739
 10
790.314909789492
 20
-381.953503844916
 10
791.5417174100412
 20
-381.7999599792919
 10
791.96680649091
 20
-381.6365326056066
  0
LWPOLYLINE
  5
C3
330
17
100
AcDbEntity
  8
SCARNITURA
100
AcDbPolyline
 90
50
 70
0
 10
881.5137148948229
 20
-424.5954749033042
 10
881.3152681579736
 20
-423.7670641695637
 10
881.1341216104439
 20
-422.95540730277884
 10
880.9497901767955
 20
-422.1275739790482
 10
880.7841561952924
 20
-421.29228465619747
 10
880.6242531903097
 20
-420.4765982465008
 10
880.4716813315681
 20
-419.63754479780346
 10
880.3325880481219
 20
-418.81431099862124
 10
880.1941440327865
 20
-417.9678450002366
 10
880.0769854329982
 20
-417.1291451530909
 10
879.9623873062502
 20
-416.30962383066
 10
879.8556142714776
 20
-415.4580840325003
 10
879.7637122853781
 20
-414.6266181595631
 10
879.6734881159509
 20
-413.78059949452773
 10
879.6019153082138
 20
-412.93923975148346
 10
879.5320809003197
 20
-412.1120953638492
 10
879.4727204222622
 20
-411.2608417901405
 10
879.425135795803
 20
-410.43840449102146
 10
879.3769790021976
 20
-409.6017140296589
 10
879.3438891810292
 20
-408.751464094624
 10
879.3176265417754
 20
-407.9389503186825
 10
879.2904414692919
 20
-407.0861976899848
 10
879.285242572468
 20
-406.23978892511565
 10
879.2780145538035
 20
-405.44648364545066
 10
879.2706357053087
 20
-404.63379145082234
 10
879.268353835124
 20
-403.7993941301643
 10
879.2749226271445
 20
-402.9776472355309
 10
879.2813817723973
 20
-402.1767983395447
 10
879.2889804320433
 20
-401.32195215223214
 10
879.31864397671
 20
-400.4758866756737
 10
879.3440360600183
 20
-399.67576193315745
 10
879.3746908480443
 20
-398.8239438737675
 10
879.4232394176599
 20
-397.9819729118887
 10
879.4706403697495
 20
-397.157730027756
 10
879.5309119691437
 20
-396.30611567489586
 10
879.6004007574037
 20
-395.4818345609945
 10
879.6721451548852
 20
-394.63553184266334
 10
879.7646826772087
 20
-393.7859526824077
 10
879.8563300429865
 20
-392.9677383780725
 10
879.9594973983585
 20
-392.116779541949
 10
880.0764973094099
 20
-391.28566634437203
 10
880.1953637551345
 20
-390.4448515951881
 10
880.3353130967005
 20
-389.60067378899316
 10
880.4751814788222
 20
-388.7761557924603
 10
880.6303854921786
 20
-387.93614086367825
 10
880.7902563500542
 20
-387.1265241261709
 10
880.9559185211523
 20
-386.29090951008965
 10
881.1423410256152
 20
-385.4594514656074
 10
881.3277117539856
 20
-384.63670746453954
 10
881.532422685932
 20
-383.8086064755603
  0
LWPOLYLINE
  5
C4
330
17
100
AcDbEntity
  8
SCARNITURA
100
AcDbPolyline
 90
310
 70
0
 10
883.7942052203848
 20
-386.5702740594272
 10
882.9930732078732
 20
-386.6035736834159
 10
882.1998271510522
 20
-386.6372328982311
 10
881.3982467869192
 20
-386.6731471520871
 10
880.5996989209593
 20
-386.70625271145633
 10
879.795225059343
 20
-386.7427703897508
 10
878.985742178916
 20
-386.77437827475177
 10
878.1901576076762
 20
-386.8066410188396
 10
877.3896500514448
 20
-386.8395610746828
 10
876.5901871731385
 20
-386.87168085137955
 10
875.80121936785
 20
-386.90423009280505
 10
874.993692427001
 20
-386.94101213489404
 10
874.1829652968182
 20
-386.97127341018876
 10
873.403680406608
 20
-387.00253267516365
 10
872.6069179925
 20
-387.04043202916426
 10
871.8226286197882
 20
-387.0729105292054
 10
871.0358177751117
 20
-387.1164981815166
 10
870.2383654655252
 20
-387.15454073834724
 10
869.4489995025933
 20
-387.1990564543254
 10
868.6376691924526
 20
-387.2417559537292
 10
867.8440226679046
 20
-387.28168239614024
 10
867.0481800616125
 20
-387.325877476304
 10
866.2446604207175
 20
-387.3676731422396
 10
865.4498589196363
 20
-387.41014218079266
 10
864.6429763042579
 20
-387.4539185073548
 10
863.8293350204201
 20
-387.49428813963675
 10
863.0242069500641
 20
-387.5322475407328
 10
862.2227935711567
 20
-387.56975944368276
 10
861.4218391607162
 20
-387.6067753088849
 10
860.6159304250913
 20
-387.64393895300407
 10
859.810100095837
 20
-387.6786297944159
 10
859.0000182429717
 20
-387.7134854048162
 10
858.1867596528232
 20
-387.7442701295905
 10
857.3844220171737
 20
-387.77341852314197
 10
856.5824647199602
 20
-387.80278679405137
 10
855.7728225884223
 20
-387.8313597888627
 10
854.9504921718735
 20
-387.8574554547564
 10
854.1343774765622
 20
-387.877176331476
 10
853.32572849318
 20
-387.8964126270489
 10
852.5155121086768
 20
-387.9125479743247
 10
851.69986510861
 20
-387.9278815564911
 10
850.8846541453393
 20
-387.937870760682
 10
850.0702971815729
 20
-387.9471393591281
 10
849.249717438622
 20
-387.95145080946725
 10
848.4380562069945
 20
-387.95252987018546
 10
847.620154919104
 20
-387.9522020545589
 10
846.8000465026628
 20
-387.94613991621117
 10
845.9825639661542
 20
-387.9377731113608
 10
845.1558394646097
 20
-387.92456330436914
 10
844.3378665519127
 20
-387.9054331931276
 10
843.535958412594
 20
-387.8855014563998
 10
842.7152141258898
 20
-387.8655140472603
 10
841.9018773518164
 20
-387.8369827565684
 10
841.099700702671
 20
-387.81211488317933
 10
840.282769819302
 20
-387.7825460485468
 10
839.471617085347
 20
-387.7504910586622
 10
838.6669474983307
 20
-387.71678789338836
 10
837.8638031147702
 20
-387.68305863886184
 10
837.0514095547572
 20
-387.647628768559
 10
836.253153427933
 20
-387.6090093074497
 10
835.4558938106433
 20
-387.5747533756341
 10
834.6513614081756
 20
-387.5368229507974
 10
833.8518350428153
 20
-387.50046558114326
 10
833.0326126755695
 20
-387.46183636082407
 10
832.2276869971523
 20
-387.41730424632806
 10
831.4476170197363
 20
-387.3783098648737
 10
830.6196806443218
 20
-387.3403485014551
 10
829.812849609551
 20
-387.2885956890943
 10
829.0221022771019
 20
-387.24933424507975
 10
828.2197543957528
 20
-387.20132839371
 10
827.4253054132718
 20
-387.16051308448937
 10
826.6247744480405
 20
-387.11458748346854
 10
825.8352129487904
 20
-387.0734595965673
 10
825.0287162041989
 20
-387.03114006028954
 10
824.2106328246191
 20
-386.9855533950723
 10
823.4057486758304
 20
-386.9356996077627
 10
822.6084791442593
 20
-386.8888902843508
 10
821.8041043555039
 20
-386.83978105369965
 10
820.9919540825326
 20
-386.78986024076573
 10
820.1980340027872
 20
-386.73608937367436
 10
819.394024709894
 20
-386.6885436714206
 10
818.5832297290967
 20
-386.63166973275713
 10
817.7964330430422
 20
-386.5802807716003
 10
817.00972915724
 20
-386.52975761210485
 10
816.225655912053
 20
-386.48331093322366
 10
815.42825266863
 20
-386.43810530416846
 10
814.6503085044413
 20
-386.39262048074846
 10
813.8769204501152
 20
-386.35704901211284
 10
813.0916429248884
 20
-386.3215176774285
 10
812.3098960143564
 20
-386.29112405375565
 10
811.5209972683059
 20
-386.2625988761687
 10
810.7308986509217
 20
-386.23622597872554
 10
809.9446679051946
 20
-386.21168360008835
 10
809.15692586648
 20
-386.190847643021
 10
808.3675942925898
 20
-386.1711111311457
 10
807.5608646228267
 20
-386.1541269420768
 10
806.7219058815245
 20
-386.1303527021324
 10
805.9137024647712
 20
-386.09766809517293
 10
805.1243735959916
 20
-386.072012266918
 10
804.323720306935
 20
-386.0438779317795
 10
803.5261252170191
 20
-386.017637289756
 10
802.7161999017577
 20
-385.99014560798213
 10
801.9067724396781
 20
-385.9594855380893
 10
801.0969829883834
 20
-385.9281166665391
 10
800.290268088771
 20
-385.893533943894
 10
799.4837178900596
 20
-385.8594538481805
 10
798.6740746850384
 20
-385.82197171166797
 10
797.8535150053983
 20
-385.7831204201725
 10
797.0380666804057
 20
-385.73679829046273
 10
796.2303470482863
 20
-385.6919723989605
 10
795.4200884490625
 20
-385.64245043975876
 10
794.6089104104559
 20
-385.59281539589676
 10
794.0948965106412
 20
-385.54720054200084
 10
793.6041660253536
 20
-385.5994295047395
 10
792.8056558497648
 20
-385.66095340666504
 10
792.2352946229109
 20
-385.69805439776087
 10
791.6279234171287
 20
-385.8155690630064
 10
791.1244990234425
 20
-385.88607679044634
 10
790.9160546520164
 20
-385.9623821028539
 10
790.4179319463763
 20
-386.2137859146523
 10
789.7208565634169
 20
-386.5492580153475
 10
789.0534836588043
 20
-386.8855629372265
 10
788.4888922623379
 20
-387.17296148641196
 10
788.1010471887439
 20
-387.40861904506676
 10
787.6300281497385
 20
-387.7704268288949
 10
786.9961568881869
 20
-388.255921373252
 10
786.4993895220796
 20
-388.6263686886098
 10
786.1031219168557
 20
-388.9967046750626
 10
785.5600658669391
 20
-389.53103524141784
 10
785.0593071802848
 20
-390.0071362945167
 10
784.6500774050141
 20
-390.45884485346215
 10
784.1680199341215
 20
-391.01763784584676
 10
783.7507404781284
 20
-391.50047584779463
 10
783.365652633919
 20
-392.0323399918616
 10
782.9194100869455
 20
-392.63579702502676
 10
782.5364385316257
 20
-393.18797245259304
 10
782.1620647933423
 20
-393.7700169044434
 10
781.8088034788257
 20
-394.34218231892885
 10
781.4645900229617
 20
-394.9620840732621
 10
781.1107198822438
 20
-395.5990562192602
 10
780.7997860949346
 20
-396.20807832492335
 10
780.504645835089
 20
-396.8214826358512
 10
780.2377862306677
 20
-397.4311521285374
 10
779.9832538742917
 20
-398.0680342848772
 10
779.7555916314991
 20
-398.67854045135454
 10
779.561830246754
 20
-399.2943675378298
 10
779.3738253337613
 20
-399.95269746493364
 10
779.2123601831496
 20
-400.5874055180985
 10
779.0726423240519
 20
-401.26214696768
 10
778.9361723697798
 20
-401.95937223413165
 10
778.832625347214
 20
-402.5952160137898
 10
778.7614080822088
 20
-403.21467108450196
 10
778.7133920182972
 20
-403.88923444815043
 10
778.6751408686007
 20
-404.614320339789
 10
778.6507600652631
 20
-405.2850138758669
 10
778.6599899084198
 20
-405.9788109260787
 10
778.6715594563495
 20
-406.6702031485978
 10
778.7175462292864
 20
-407.3477064791197
 10
778.7666098413499
 20
-407.99215093783647
 10
778.852150281936
 20
-408.5773695620446
 10
778.961441203189
 20
-409.1705638957675
 10
779.1131041450111
 20
-409.781849585174
 10
779.296945568019
 20
-410.4488780721808
 10
779.5048706756396
 20
-411.1314934168041
 10
779.7176059873199
 20
-411.7922219714418
 10
779.9574143090947
 20
-412.45053588368995
 10
780.2198468835624
 20
-413.14337158120014
 10
780.485229889325
 20
-413.81157816867744
 10
780.7713060718708
 20
-414.4822380758418
 10
781.0445124654431
 20
-415.10692636221626
 10
781.316184623369
 20
-415.65214080888614
 10
781.6426169103752
 20
-416.234711821478
 10
782.005222308928
 20
-416.85586683232884
 10
782.3898223063811
 20
-417.48292747687657
 10
782.7575216621029
 20
-418.0699181859286
 10
783.1640020237863
 20
-418.6576475521507
 10
783.5707578991121
 20
-419.24890746328794
 10
783.948082434083
 20
-419.7504878690277
 10
784.4007920051343
 20
-420.29746268904864
 10
784.8551989013488
 20
-420.8489936039014
 10
785.2878833464755
 20
-421.3292104473733
 10
785.7659566898011
 20
-421.8244453294495
 10
786.255321795457
 20
-422.3108737338334
 10
786.728182417652
 20
-422.75041773221136
 10
787.2244714485255
 20
-423.1719266279155
 10
787.7856246560543
 20
-423.6192735631589
 10
788.2757314052315
 20
-424.0061668153254
 10
788.6587823682588
 20
-424.2615157272143
 10
789.1786618400566
 20
-424.5370604266545
 10
789.8694871172165
 20
-424.8962585113867
 10
790.561403541978
 20
-425.2595260648126
 10
791.1367926814904
 20
-425.55408775247196
 10
791.6520355740125
 20
-425.775191377402
 10
791.9533953785598
 20
-425.90154135112857
 10
792.476071476872
 20
-425.97500010209393
 10
793.2648299355012
 20
-426.1465405284363
 10
793.4746688549222
 20
-426.21237651853863
 10
793.8262036250671
 20
-426.1594535318515
 10
794.6635452937287
 20
-426.11523047369315
 10
795.4852583414689
 20
-426.07428773636417
 10
796.3165773043858
 20
-426.0398765915043
 10
797.1269432574286
 20
-426.0122978062445
 10
797.9443018736473
 20
-425.98283817169585
 10
798.7564617457213
 20
-425.9622832161877
 10
799.5724033003268
 20
-425.937815969924
 10
800.3775141921711
 20
-425.9238514887116
 10
801.1794549415149
 20
-425.9017004673728
 10
801.9919194753301
 20
-425.8883221583755
 10
802.7996719244827
 20
-425.8709583844012
 10
803.5968933449565
 20
-425.86088596210413
 10
804.3875566256721
 20
-425.842620696859
 10
805.1896591297295
 20
-425.828630539696
 10
805.9663407935979
 20
-425.8114561770042
 10
806.7475281072371
 20
-425.7886028107234
 10
807.5319876544656
 20
-425.76386576891844
 10
808.337043642086
 20
-425.7340743418105
 10
809.1533713197998
 20
-425.7105048508349
 10
809.9442484641872
 20
-425.6876564898884
 10
810.7337864737864
 20
-425.66124056199993
 10
811.5267150597335
 20
-425.6341762287959
 10
812.3119186650323
 20
-425.60515254706104
 10
813.0971219209466
 20
-425.5725632531712
 10
813.8802727606843
 20
-425.5379115415867
 10
814.6573320665519
 20
-425.49923577479336
 10
815.4407879353146
 20
-425.4557444503047
 10
816.234792115205
 20
-425.4099413688052
 10
817.0195943153961
 20
-425.3644001148044
 10
817.7980091033631
 20
-425.31389305160224
 10
818.5914514308895
 20
-425.2597019556489
 10
819.4016082902033
 20
-425.2050733292607
 10
820.2012270873788
 20
-425.1551137732463
 10
821.0042929198595
 20
-425.10126626254487
 10
821.8186671900957
 20
-425.05217758786495
 10
822.620611956567
 20
-425.00460022748393
 10
823.4192801733687
 20
-424.95764989083744
 10
824.2187713475798
 20
-424.9100620513362
 10
825.0228070066912
 20
-424.86298621407593
 10
825.8335240839044
 20
-424.8167616699192
 10
826.6379761915258
 20
-424.7743323143335
 10
827.4231068156715
 20
-424.7315930914362
 10
828.2288170714434
 20
-424.68341277020534
 10
829.0293932306067
 20
-424.6425091415791
 10
829.8216749914922
 20
-424.59555766957783
 10
830.6413202600456
 20
-424.55091109357835
 10
831.4426941433001
 20
-424.51164543635764
 10
832.2441282635853
 20
-424.4687603150093
 10
833.058053233886
 20
-424.42974467241015
 10
833.861826637276
 20
-424.39254837363933
 10
834.6593230871939
 20
-424.3560141173788
 10
835.4556911981466
 20
-424.31832141771923
 10
836.2525885381477
 20
-424.2805454875738
 10
837.0547320032425
 20
-424.24152019084
 10
837.8571206092246
 20
-424.2045481903807
 10
838.6623065707636
 20
-424.16651133771285
 10
839.4508097283012
 20
-424.1324524812917
 10
840.2393902556057
 20
-424.09073555111684
 10
841.0248783297333
 20
-424.052592843245
 10
841.816999877335
 20
-424.0051243285601
 10
842.5905872009332
 20
-423.96502438590466
 10
843.3724480148078
 20
-423.9079302378977
 10
844.1952799666118
 20
-423.858258438012
 10
845.0014896372965
 20
-423.809211051105
 10
845.800068564083
 20
-423.7640673943101
 10
846.5844965854534
 20
-423.7161000600522
 10
847.3812613262775
 20
-423.66524215700474
 10
848.1760437992158
 20
-423.6158361107144
 10
848.9761464512767
 20
-423.5631167807407
 10
849.7715969960063
 20
-423.51423199474766
 10
850.5717628838831
 20
-423.46011189603684
 10
851.3584628208207
 20
-423.41243211341816
 10
852.1632036531234
 20
-423.3530738280424
 10
852.9699574919249
 20
-423.3066900072401
 10
853.7716826686153
 20
-423.2506103057114
 10
854.5689122212013
 20
-423.20615262644014
 10
855.3648070944298
 20
-423.1496532549472
 10
856.1736990140193
 20
-423.10348862238874
 10
856.9795457581577
 20
-423.05029602646664
 10
857.8040985044518
 20
-423.00623479424615
 10
858.5991180611006
 20
-422.96381068396465
 10
859.3946001192704
 20
-422.91966831104423
 10
860.1960179911621
 20
-422.8754012523537
 10
860.9957941072198
 20
-422.83190611921407
 10
861.8002216048883
 20
-422.7876879139474
 10
862.5968314634242
 20
-422.7464497262259
 10
863.4118564250763
 20
-422.70058685672694
 10
864.2178508209684
 20
-422.66523597862414
 10
865.0183835768225
 20
-422.62267442174306
 10
865.8212195231122
 20
-422.5879752690664
 10
866.6247586985936
 20
-422.54653695187477
 10
867.4306188215926
 20
-422.5133780805798
 10
868.2367592776357
 20
-422.47428558292785
 10
869.0472092953448
 20
-422.44362789047904
 10
869.8418555414344
 20
-422.4092787997785
 10
870.6490603483578
 20
-422.3767621988637
 10
871.4332612607437
 20
-422.34584327029734
 10
872.249080478275
 20
-422.30673794580196
 10
873.0481962597637
 20
-422.2818151352569
 10
873.8421830636995
 20
-422.24324028976724
 10
874.6726976391118
 20
-422.2150241511838
 10
875.5015159283658
 20
-422.18758295781043
 10
876.3347661752358
 20
-422.1713424668781
 10
877.1245153413081
 20
-422.1581672070849
 10
877.9149376370814
 20
-422.13864638865454
 10
878.7207373858898
 20
-422.121230739689
 10
879.5254258006554
 20
-422.1036259770122
 10
880.3350274019946
 20
-422.0879316444189
 10
881.1349246130212
 20
-422.07416040210785
 10
881.9354845600149
 20
-422.05847702190346
 10
882.7350800894743
 20
-422.04482234763503
 10
883.5417606951378
 20
-422.02874136250557
  0
LWPOLYLINE
  5
C5
330
17
100
AcDbEntity
  8
RIFERIMENTO
100
AcDbPolyline
 90
45
 70
0
 10
868.6536452329544
 20
-383.8737160791496
 10
868.3744692061043
 20
-384.9399971353818
 10
868.1900727066734
 20
-385.63272104866616
 10
867.9061801379155
 20
-386.7814309236193
 10
867.7460701485344
 20
-387.3955102892945
 10
867.4692304090372
 20
-388.595534319417
 10
867.3469345083754
 20
-389.1492481979374
 10
867.0915893238077
 20
-390.4031040135507
 10
866.9882848642662
 20
-390.9121628116953
 10
866.7519949604794
 20
-392.20870626059957
 10
866.6652919579595
 20
-392.68148467683994
 10
866.4705312085111
 20
-394.0344567123964
 10
866.3977546066315
 20
-394.4679187056836
 10
866.2283318036784
 20
-395.88732423468093
 10
866.1861922372663
 20
-396.2957370956067
 10
866.0480787706852
 20
-397.7740638478461
 10
866.0170620404982
 20
-398.1699578636627
 10
865.9183926352991
 20
-399.7314076387566
 10
865.8905129147298
 20
-400.12445773416533
 10
865.8370642962577
 20
-401.81129097172146
 10
865.8203593265882
 20
-402.2232380436942
 10
865.7976722827775
 20
-404.29922834695446
 10
865.7920638911414
 20
-404.7907976349396
 10
865.8128510724719
 20
-406.8674431581567
 10
865.8180406556762
 20
-407.3693031515824
 10
865.8699305432774
 20
-409.05734007548693
 10
865.8863059289807
 20
-409.4695106906224
 10
865.9838389805931
 20
-411.0228852337498
 10
866.0114705220343
 20
-411.4263803779035
 10
866.1350805030536
 20
-412.897018558437
 10
866.1798173655698
 20
-413.3136509407717
 10
866.3435551605149
 20
-414.7148031816882
 10
866.3915269686893
 20
-415.135449407539
 10
866.5953135258709
 20
-416.49034682901583
 10
866.660248742727
 20
-416.9361729943836
 10
866.8982580565005
 20
-418.2363993662536
 10
866.9858150041514
 20
-418.7202388417861
 10
867.2383248432384
 20
-419.95628122812974
 10
867.3483983012829
 20
-420.4883314797577
 10
867.6151728584204
 20
-421.6727747628361
 10
867.7534267935456
 20
-422.24763814447135
 10
868.0369111281358
 20
-423.3776613467115
 10
868.2061764547802
 20
-424.02423418217586
 10
868.4812705237421
 20
-425.0760370795036
 10
868.6813975825685
 20
-425.7961239462317
  0
LWPOLYLINE
  5
C6
330
17
100
AcDbEntity
  8
RIFERIMENTO
100
AcDbPolyline
 90
89
 70
0
 10
866.1669344570506
 20
-405.073696889544
 10
864.4847115998759
 20
-405.1653462567733
 10
864.2642079973086
 20
-405.17437975317966
 10
862.597245044037
 20
-405.2760234831528
 10
862.3491828954047
 20
-405.2847725871647
 10
860.711440795298
 20
-405.3964987697382
 10
860.4358478589903
 20
-405.4149822697751
 10
858.835277977325
 20
-405.5267161425646
 10
858.5242619783185
 20
-405.5549770124894
 10
856.974656813639
 20
-405.6768901916882
 10
856.612401332791
 20
-405.7050078437618
 10
855.121645362337
 20
-405.83708418236466
 10
854.7044345840021
 20
-405.874690824383
 10
853.2842000034436
 20
-405.9972794529477
 10
852.8100506119499
 20
-406.0446181246193
 10
851.4601412727382
 20
-406.1678120675112
 10
850.9175646149351
 20
-406.2145469777398
 10
849.6595633238437
 20
-406.338459044522
 10
849.0305554883823
 20
-406.4050501799082
 10
847.8584906861677
 20
-406.51954363887387
 10
847.1591844500954
 20
-406.5859447642081
 10
846.0923162228806
 20
-406.69136189876434
 10
845.2874293822249
 20
-406.7675755091716
 10
844.333527853742
 20
-406.8638628379003
 10
843.4424952156575
 20
-406.95038264566466
 10
842.5931578318009
 20
-407.0376102692593
 10
841.6023601994631
 20
-407.1345448859268
 10
840.8735620823084
 20
-407.20250547832063
 10
839.783203106935
 20
-407.3100519537449
 10
839.174668160915
 20
-407.3687183916412
 10
837.9712775856447
 20
-407.48658289161096
 10
837.4827200841822
 20
-407.52581502634285
 10
836.1664368857888
 20
-407.6438328121592
 10
835.8057970929725
 20
-407.67337468551113
 10
834.3550259643549
 20
-407.79147450232836
 10
834.1355786538749
 20
-407.81130124761955
 10
832.558870109509
 20
-407.9393464934622
 10
832.4803062473236
 20
-407.949381847099
 10
831.5330087597376
 20
-408.02844936521166
 10
830.853525849186
 20
-408.0778043815627
 10
830.7748982218669
 20
-408.0879873339766
 10
829.2520308624889
 20
-408.2170296392757
 10
829.0029039739701
 20
-408.2372158553657
 10
827.6653269790118
 20
-408.3459200878156
 10
827.2460420449924
 20
-408.3859006562931
 10
826.098451564884
 20
-408.4850871314084
 10
825.4876639966903
 20
-408.53486265112866
 10
824.5429133702885
 20
-408.6150920095968
 10
823.7493148960576
 20
-408.68386070265996
 10
823.0019029996604
 20
-408.74451525716654
 10
822.0141684158684
 20
-408.8239202797919
 10
821.4670587703056
 20
-408.8738275878932
 10
820.2987133199123
 20
-408.97395863715167
 10
819.9431541207742
 20
-409.0039279922976
 10
818.5943568223435
 20
-409.11468178370296
 10
818.4336755543708
 20
-409.12355012182866
 10
817.0908829891531
 20
-409.2343327687938
 10
816.9263470642298
 20
-409.24439629013494
 10
816.9047064254473
 20
-409.24456460417923
 10
815.4390038876937
 20
-409.3699620452238
 10
815.2310957227099
 20
-409.380353725704
 10
813.9609165967703
 20
-409.48293430496693
 10
813.571689194255
 20
-409.51456557870114
 10
812.4840295240245
 20
-409.5984225675561
 10
811.9265603161681
 20
-409.64200451755505
 10
811.0120657651704
 20
-409.7043503147404
 10
810.2907212561345
 20
-409.75624022888877
 10
809.5275474908638
 20
-409.8073212048509
 10
808.646790483538
 20
-409.85858001607147
 10
808.0348475379719
 20
-409.8987324705389
 10
807.0076602484226
 20
-409.95471519254244
 10
806.5338348338141
 20
-409.9833654387121
 10
805.3736453654136
 20
-410.03956167719167
 10
805.0292454667139
 20
-410.05810619505746
 10
803.7447512070503
 20
-410.1085543778853
 10
803.5124758834183
 20
-410.1192630160763
 10
802.1256066037499
 20
-410.16873332133923
 10
801.9793912068759
 20
-410.1795241030263
 10
800.5118518184746
 20
-410.21867546053596
 10
800.4387644579366
 20
-410.2191871691975
 10
798.9070755972352
 20
-410.25095085042204
 10
798.9070755972352
 20
-410.25095085042204
 10
798.6230319524882
 20
-410.2608873610332
 10
797.3627183933003
 20
-410.2659320896306
 10
797.3197049608874
 20
-410.2652576537114
 10
795.8267134391685
 20
-410.2637522264687
 10
795.7534186380852
 20
-410.26384474253445
 10
795.7357589599616
 20
-410.26636556726
 10
795.5679733197838
 20
-410.26597426350764
  0
LWPOLYLINE
  5
C7
330
17
100
AcDbEntity
  8
RIFERIMENTO
100
AcDbPolyline
 90
82
 70
0
 10
795.5534718011536
 20
-401.62759377470195
 10
795.6570023828133
 20
-401.6270259170699
 10
795.7392117648533
 20
-401.63615524243096
 10
797.2677576903633
 20
-401.6595853797501
 10
797.3068402991534
 20
-401.6612158753692
 10
798.6111541984076
 20
-401.6881694192856
 10
798.8953601191246
 20
-401.69483711094944
 10
798.9040352179842
 20
-401.69563925115233
 10
800.5009213928383
 20
-401.7301300759216
 10
800.5783492777649
 20
-401.7376672623956
 10
802.1152725213869
 20
-401.7758459103365
 10
802.2786961233134
 20
-401.7730927573162
 10
803.7344353228219
 20
-401.82439796732433
 10
804.0055912519433
 20
-401.8307563931255
 10
805.3629711213977
 20
-401.8833406334965
 10
805.7677582896436
 20
-401.9019589927578
 10
806.9965829325173
 20
-401.9592280082487
 10
807.5568108429384
 20
-401.98577532767945
 10
808.6354224454503
 20
-402.0471217550568
 10
809.3770827424967
 20
-402.0848658491971
 10
810.2793064928278
 20
-402.14173990444993
 10
811.2157140405388
 20
-402.2097901383477
 10
811.9154785391053
 20
-402.2488203800197
 10
813.0684500771217
 20
-402.33833843122756
 10
813.5611652685127
 20
-402.3699405674505
 10
814.9485382284901
 20
-402.47952693483063
 10
815.2211218844325
 20
-402.4989780011796
 10
816.8651101954606
 20
-402.61986893539506
 10
816.8952848907524
 20
-402.630651835001
 10
817.0814983766815
 20
-402.6405379255965
 10
818.585104162384
 20
-402.75739580160354
 10
818.7930548843793
 20
-402.77770115848165
 10
820.2896647510818
 20
-402.8958712398935
 10
820.7455149184286
 20
-402.9357756359836
 10
822.0053882088229
 20
-403.04448223356246
 10
822.7097213857693
 20
-403.1045280314771
 10
823.7407904031899
 20
-403.18385171133286
 10
824.6908354647751
 20
-403.26314731976976
 10
825.4795864524013
 20
-403.3327871871451
 10
826.6842993145502
 20
-403.4322683849143
 10
827.2385340054961
 20
-403.48227208352483
 10
828.6768491960077
 20
-403.6021505549292
 10
828.9960752412574
 20
-403.6320780963924
 10
830.6768094472054
 20
-403.7731659115534
 10
830.7688580047814
 20
-403.7831086725622
 10
831.5273210477452
 20
-403.8437540821262
 10
832.5535361468392
 20
-403.93435377831264
 10
832.6456842213361
 20
-403.9444771307183
 10
834.3503273775534
 20
-404.0858484358886
 10
834.6052953685131
 20
-404.1062502726411
 10
836.1624355607876
 20
-404.22837779554527
 10
836.5587533565288
 20
-404.24911148158407
 10
837.9680419327016
 20
-404.3519597190033
 10
838.5195831205583
 20
-404.3831745920017
 10
839.7807250385011
 20
-404.4566237722343
 10
840.4742539467782
 20
-404.4885699845846
 10
841.6005832407724
 20
-404.55233571981273
 10
842.4282756169914
 20
-404.58516972292284
 10
843.4413044463886
 20
-404.6289692780616
 10
844.395248667521
 20
-404.65269674238823
 10
845.2866916168433
 20
-404.6862287036812
 10
846.3672715505097
 20
-404.7109395539044
 10
847.1587881588349
 20
-404.7342279866791
 10
848.3388920078086
 20
-404.74992323838944
 10
849.0303911290463
 20
-404.7628544503395
 10
850.3159403140429
 20
-404.7793816374826
 10
850.9175580208798
 20
-404.78226765042734
 10
852.2870338542983
 20
-404.7793621914361
 10
852.8101430099961
 20
-404.7818809340709
 10
854.2579841742835
 20
-404.7795974047992
 10
854.7045935252974
 20
-404.77192403058183
 10
856.2250609028124
 20
-404.7602431188766
 10
856.6125725842323
 20
-404.75200567932274
 10
858.1919446765071
 20
-404.7307693998404
 10
858.5244843076866
 20
-404.72244137428805
 10
860.1447889220024
 20
-404.680966359607
 10
860.4360801071934
 20
-404.67255799869633
 10
862.0935740326673
 20
-404.6311588858172
 10
862.3494273446518
 20
-404.62255304943534
 10
864.0163634840126
 20
-404.56101563811285
 10
864.2644639329869
 20
-404.55228806581465
 10
865.94085278595
 20
-404.49063440636854
  0
LWPOLYLINE
  5
C8
330
17
100
AcDbEntity
  8
ASSE
100
AcDbPolyline
 90
10
 70
0
 10
813.4305152036859
 20
-405.94261515642086
 10
813.4305152045945
 20
-405.94261515641944
 10
815.1036930335936
 20
-405.93997711214746
 10
815.1036930345023
 20
-405.9399771121466
 10
816.7911473259463
 20
-405.93787257911544
 10
816.7911473268532
 20
-405.937872579115
 10
818.4924179558276
 20
-405.93626661616617
 10
818.4924179567308
 20
-405.93626661616605
 10
820.2070212076143
 20
-405.935117760987
 10
820.2070212085121
 20
-405.93511776098717
  0
LWPOLYLINE
  5
C9
330
17
100
AcDbEntity
  8
ASSE
100
AcDbPolyline
 90
6
 70
0
 10
821.9344410165629
 20
-405.9343837956213
 10
823.6741143562582
 20
-405.93401790991487
 10
823.674114357141
 20
-405.9340179099154
 10
825.4254117527826
 20
-405.93396923125886
 10
825.4254117536574
 20
-405.93396923125954
 10
827.1876531622651
 20
-405.9342210736594
  0
LWPOLYLINE
  5
CA
330
17
100
AcDbEntity
  8
ASSE
100
AcDbPolyline
 90
10
 70
0
 10
827.1876531622651
 20
-405.9342210736594
 10
827.187653163132
 20
-405.9342210736602
 10
828.9601143750966
 20
-405.93478258114754
 10
828.9601143759555
 20
-405.9347825811484
 10
830.7420328024796
 20
-405.93568818398546
 10
830.7420328033307
 20
-405.93568818398643
 10
832.532614720959
 20
-405.93700476371635
 10
832.5326147218026
 20
-405.9370047637174
 10
834.3310428624674
 20
-405.9388365408776
 10
834.3310428633034
 20
-405.9388365408756
  0
LWPOLYLINE
  5
CB
330
17
100
AcDbEntity
  8
ASSE
100
AcDbPolyline
 90
10
 70
0
 10
841.5882230486216
 20
-405.8415893093618
 10
841.5882230498038
 20
-405.84158930932756
 10
842.1640179355068
 20
-405.82503771782615
 10
843.426819265622
 20
-405.7887376875868
 10
843.426819268246
 20
-405.7887376875119
 10
844.8379121194381
 20
-405.7416958185363
 10
845.2792988062349
 20
-405.72698122716895
 10
845.2792988070399
 20
-405.72698122713916
 10
847.1443494160086
 20
-405.6574443750813
 10
847.14434941681
 20
-405.6574443750491
  0
LWPOLYLINE
  5
CC
330
17
100
AcDbEntity
  8
ASSE
100
AcDbPolyline
 90
12
 70
0
 10
860.4307825070485
 20
-405.0452678141462
 10
861.6794905475098
 20
-404.9852909106892
 10
862.3434735337271
 20
-404.95339903351066
 10
862.3434735351934
 20
-404.9533990334402
 10
864.2550712324633
 20
-404.86393775432754
 10
864.2550712348606
 20
-404.8639377542157
 10
865.4595325519854
 20
-404.80978473111907
 10
866.1639946603109
 20
-404.7781118560516
 10
866.163994661667
 20
-404.7781118559931
 10
867.2097046137116
 20
-404.7336737973307
 10
868.0686880388585
 20
-404.69717079211307
 10
868.0686880399832
 20
-404.697170792066
  0
LWPOLYLINE
  5
CD
330
17
100
AcDbEntity
  8
ASSE
100
AcDbPolyline
 90
13
 70
0
 10
873.7744129680566
 20
-404.4921036654224
 10
873.774412971647
 20
-404.4921036653113
 10
875.3375339826022
 20
-404.444417546992
 10
875.6974953587571
 20
-404.4334362085974
 10
875.6974953595917
 20
-404.43343620857223
 10
877.6294913198785
 20
-404.37716238765125
 10
877.6294913211357
 20
-404.3771623876148
 10
878.8635334527639
 20
-404.34195601102766
 10
879.5666293906429
 20
-404.3218971656035
 10
879.5666293913417
 20
-404.32189716558344
 10
880.2933296824344
 20
-404.3010433876503
 10
881.505130594732
 20
-404.26626890436836
 10
881.5051305959076
 20
-404.2662689043346
  0
LWPOLYLINE
  5
CE
330
17
100
AcDbEntity
  8
TACCHE
100
AcDbPolyline
 90
2
 70
0
 10
868.6229389032092
 20
-383.2378265579374
 10
868.7687585176866
 20
-386.23428056893664
  0
LWPOLYLINE
  5
CF
330
17
100
AcDbEntity
  8
TACCHE
100
AcDbPolyline
 90
2
 70
0
 10
868.7039310482288
 20
-426.4575606144076
 10
868.57041919084
 20
-423.4605329895872
  0
TEXT
  5
D0
330
17
100
AcDbEntity
  8
TESTO
100
AcDbText
 10
798.9657039180712
 20
-399.0785065533215
 30
0.0
 40
4.0
  1
LINGUETTA
 72
1
 11
798.9657039180712
 21
-399.0785065533215
 31
0.0
100
AcDbText
 73
2
  0
TEXT
  5
D1
330
17
100
AcDbEntity
  8
TESTO
100
AcDbText
 10
798.9657039180712
 20
-405.87850655332153
 30
0.0
 40
2.6
  1
Oxford cap-toe tg 42 - destra
 72
1
 11
798.9657039180712
 21
-405.87850655332153
 31
0.0
100
AcDbText
 73
2
  0
TEXT
  5
D2
330
17
100
AcDbEntity
  8
TESTO
100
AcDbText
 10
798.9657039180712
 20
-410.29850655332154
 30
0.0
 40
2.6
  1
vitello box 1,4 mm
 72
1
 11
798.9657039180712
 21
-410.29850655332154
 31
0.0
100
AcDbText
 73
2
  0
TEXT
  5
D3
330
17
100
AcDbEntity
  8
TESTO
100
AcDbText
 10
798.9657039180712
 20
-414.71850655332156
 30
0.0
 40
2.6
  1
tagliare 2 per paio (dx + sx speculare)
 72
1
 11
798.9657039180712
 21
-414.71850655332156
 31
0.0
100
AcDbText
 73
2
  0
TEXT
  5
D4
330
17
100
AcDbEntity
  8
TESTO
100
AcDbText
 10
879.268353835124
 20
-403.7993941301643
 30
0.0
 40
2.2
  1
scarnire 4
 72
1
 11
879.268353835124
 21
-403.7993941301643
 31
0.0
100
AcDbText
 73
2
  0
TEXT
  5
D5
330
17
100
AcDbEntity
  8
TESTO
100
AcDbText
 10
778.6599899084198
 20
-405.9788109260787
 30
0.0
 40
2.2
  1
scarnire 4
 72
1
 11
778.6599899084198
 21
-405.9788109260787
 31
0.0
100
AcDbText
 73
2
  0
LWPOLYLINE
  5
D6
330
17
100
AcDbEntity
  8
TESTO
100
AcDbPolyline
 90
2
 70
0
 10
783.9657039180712
 20
-424.0785065533215
 10
813.9657039180712
 20
-424.0785065533215
  0
LWPOLYLINE
  5
D7
330
17
100
AcDbEntity
  8
TESTO
100
AcDbPolyline
 90
3
 70
0
 10
809.9657039180712
 20
-422.0785065533215
 10
813.9657039180712
 20
-424.0785065533215
 10
809.9657039180712
 20
-426.0785065533215
  0
TEXT
  5
D8
330
17
100
AcDbEntity
  8
TESTO
100
AcDbText
 10
798.9657039180712
 20
-421.0785065533215
 30
0.0
 40
2.2
  1
verso del tiro
 72
1
 11
798.9657039180712
 21
-421.0785065533215
 31
0.0
100
AcDbText
 73
2
  0
LWPOLYLINE
  5
D9
330
17
100
AcDbEntity
  8
TAGLIO
100
AcDbPolyline
 90
110
 70
0
 10
405.45393431208953
 20
-336.94497509259264
 10
405.26201128527987
 20
-314.8929698940805
 10
405.268055326782
 20
-310.30654164863716
 10
405.3276153095139
 20
-307.14366974101137
 10
405.73212539489066
 20
-299.64769004330805
 10
407.32246011885684
 20
-290.0005291241787
 10
408.4734954350077
 20
-284.8085598781906
 10
409.5409815282392
 20
-280.55912589372724
 10
410.5427842302312
 20
-276.8310812264707
 10
413.2321213664674
 20
-267.3498124991511
 10
416.224207471329
 20
-268.0288359082708
 10
428.089461422204
 20
-270.36452754033996
 10
431.8812417587668
 20
-271.18749874674467
 10
436.40105318355756
 20
-272.25135996707303
 10
455.6943929715303
 20
-277.0877414906208
 10
459.500912692868
 20
-278.16988090710765
 10
463.40348269402296
 20
-279.4096870850714
 10
467.1080468549256
 20
-280.52375988418834
 10
469.62368898223565
 20
-281.21340398887344
 10
472.11144115634056
 20
-281.8132575778411
 10
474.56782943588917
 20
-282.2742269430136
 10
476.96781789501364
 20
-282.53135549948917
 10
480.2025944401871
 20
-282.6007996601851
 10
483.2836297756487
 20
-282.45025149547314
 10
486.10312170035104
 20
-282.0780233510858
 10
488.4317356630037
 20
-281.5696366925539
 10
489.45057472853864
 20
-281.28222942484774
 10
491.486841732722
 20
-280.54696092552814
 10
492.4741405841766
 20
-280.09890410312386
 10
493.7744076885462
 20
-279.38831255480324
 10
495.2507637483592
 20
-278.4065251385957
 10
496.1781682631293
 20
-277.68329033267867
 10
497.9147390256355
 20
-276.1426811089995
 10
499.4238744806038
 20
-274.6092041763985
 10
500.47402677864756
 20
-273.43512692324055
 10
502.57447679742415
 20
-270.83743942037125
 10
503.63655020087594
 20
-269.4074247258671
 10
505.031809200183
 20
-267.3267089140924
 10
506.3283800372503
 20
-265.0373619088567
 10
507.09244381140377
 20
-263.54355338432583
 10
508.0188570355692
 20
-261.5497652490034
 10
509.6340720747078
 20
-257.6295999188163
 10
510.35120953741654
 20
-255.7703053163406
 10
511.5895311182871
 20
-252.32255317084713
 10
512.5588239606776
 20
-249.2608734087001
 10
514.5851256826147
 20
-242.19448774331875
 10
515.6021232929266
 20
-238.93169965822057
 10
515.8793095502299
 20
-238.41301868071778
 10
516.2527061420096
 20
-237.9580336171917
 10
516.7073444537739
 20
-237.58498377717382
 10
517.5027594244195
 20
-237.20878051384182
 10
518.3735994017552
 20
-237.07953086465935
 10
519.2449297601355
 20
-237.20878051384182
 10
524.1423556834453
 20
-239.08570245010986
 10
530.0534509469655
 20
-241.2538079511096
 10
548.6095818399518
 20
-247.66124041203136
 10
564.6148298404062
 20
-253.4674434231183
 10
563.0576981039106
 20
-257.12185309423336
 10
562.3789822304791
 20
-258.7974196437112
 10
561.805712017482
 20
-260.37772767296974
 10
560.8820205786649
 20
-263.4678004311788
 10
560.4580714799129
 20
-265.2628663677689
 10
559.8455509772518
 20
-268.4673565322537
 10
559.1824905171072
 20
-273.40064605156243
 10
558.814059722735
 20
-277.11297352927835
 10
557.7312040745308
 20
-289.49919864637525
 10
557.4696003199631
 20
-290.6172562293044
 10
557.3093038268155
 20
-291.6258268249942
 10
556.6679613755487
 20
-293.6668143457288
 10
555.8733351897737
 20
-295.69787908065894
 10
554.9512315121628
 20
-297.7398736380326
 10
553.9176098043531
 20
-299.7919220406923
 10
553.0570835534274
 20
-301.34899859048494
 10
551.4256254118374
 20
-303.97198297425325
 10
549.8900339004127
 20
-306.08234979450253
 10
547.6229465353872
 20
-308.8695991987226
 10
545.8758265846508
 20
-310.88189984244536
 10
544.0444416223945
 20
-312.86574718581073
 10
541.2947673605731
 20
-315.3677121604967
 10
537.4955702285691
 20
-318.6982485867229
 10
535.4213686889566
 20
-320.65570541981816
 10
533.8564989453457
 20
-322.20796208300726
 10
532.5928919369417
 20
-323.58691614574235
 10
531.3490069664686
 20
-325.0520269439627
 10
528.7899714358578
 20
-328.2862413279375
 10
526.9311584881569
 20
-330.8933570261415
 10
525.2417433995449
 20
-333.56303638333577
 10
516.8586945292313
 20
-349.13013975318927
 10
510.6043146652293
 20
-347.921410659926
 10
503.15109005252947
 20
-346.6540110562882
 10
496.388082851057
 20
-345.6909359180981
 10
490.161454216606
 20
-345.01021837876226
 10
479.3245071662107
 20
-344.1540358307381
 10
472.44018806520614
 20
-343.7148862873658
 10
466.0806458760762
 20
-343.4266532944858
 10
457.30611732191676
 20
-343.1650770311116
 10
451.63729536274417
 20
-342.9096503775204
 10
445.530146478519
 20
-342.75446873864115
 10
441.3600056586868
 20
-342.5359256258685
 10
438.23127190398634
 20
-342.266553093375
 10
436.385191576292
 20
-342.00625107870604
 10
435.2055276769416
 20
-341.780679122389
 10
432.46600024668066
 20
-341.1330044098232
 10
429.92649011652054
 20
-340.6609307177996
 10
421.7127983948202
 20
-338.8260788889846
 10
419.15094936248954
 20
-338.3038505991103
 10
416.8802862068086
 20
-337.9055989026584
 10
414.46662493946843
 20
-337.60202438169574
 10
411.98458464606733
 20
-337.3546544427856
 10
405.45393431208953
 20
-336.94497509259264
  0
LWPOLYLINE
  5
DA
330
17
100
AcDbEntity
  8
MONTAGGIO
100
AcDbPolyline
 90
183
 70
0
 10
405.3378803832625
 20
-322.9265864297627
 10
405.870960191358
 20
-322.94672309578937
 10
409.43983558949105
 20
-323.1434312116007
 10
409.6826273004776
 20
-323.1621059404064
 10
411.489675484869
 20
-323.28655790231164
 10
411.59846334850823
 20
-323.2902251447974
 10
413.10899485426756
 20
-323.39901978889804
 10
413.1643826856525
 20
-323.400797368818
 10
413.17220040049864
 20
-323.3982594441759
 10
414.46179308477014
 20
-323.5231070377308
 10
414.6571277348861
 20
-323.53845224492187
 10
415.6347567859491
 20
-323.648843153568
 10
416.04136733123556
 20
-323.68980220457956
 10
416.7695630163669
 20
-323.781312104614
 10
417.40958615825696
 20
-323.8535480924585
 10
417.8619714439404
 20
-323.9115893361114
 10
418.76924633759774
 20
-324.0335940123653
 10
418.93461229465873
 20
-324.0546674322203
 10
419.44904208918905
 20
-324.1408261920811
 10
419.97317478102264
 20
-324.24313284502244
 10
420.1837692402078
 20
-324.2684948760803
 10
420.93321999748406
 20
-324.412207049606
 10
421.60375869592184
 20
-324.5174106937656
 10
421.92074441822706
 20
-324.580528553267
 10
422.5713946701126
 20
-324.70891286530804
 10
422.9446888342455
 20
-324.79512752870323
 10
423.16729272839655
 20
-324.8316373770424
 10
423.8746276160811
 20
-324.9883410316495
 10
424.7953059617638
 20
-325.1589443759922
 10
424.85575288939475
 20
-325.1748060773519
 10
424.94145341425263
 20
-325.19500390313215
 10
425.8961011417205
 20
-325.4522289541184
 10
426.70487044671
 20
-325.59099479797226
 10
426.85892293818097
 20
-325.62350353376115
 10
427.01220137143275
 20
-325.6612049816288
 10
427.94371139907884
 20
-325.9072366923721
 10
428.96427332508335
 20
-326.0938851778818
 10
428.9849465546371
 20
-326.09853615580437
 10
428.9849465546371
 20
-326.09853615580437
 10
429.9424093891638
 20
-326.3342095687958
 10
430.6461088695565
 20
-326.4901472305547
 10
431.0245689817487
 20
-326.5837534796816
 10
431.5968770976033
 20
-326.67928375034984
 10
432.0194927313865
 20
-326.76778313273917
 10
432.25901889728357
 20
-326.82549700367616
 10
433.16120258653024
 20
-327.03975029426135
 10
433.90683432351307
 20
-327.16461477618134
 10
434.26100183879953
 20
-327.24418605542564
 10
435.0217137161109
 20
-327.361717913226
 10
435.2772183302214
 20
-327.4072832997258
 10
435.37691995047874
 20
-327.42372599057944
 10
436.47708590038195
 20
-327.70220410423366
 10
436.87524824574444
 20
-327.7773690426263
 10
437.6869289406138
 20
-327.9881429648228
 10
438.2970810236838
 20
-328.12629298892534
 10
438.84390262489967
 20
-328.22384520840836
 10
439.7507945990996
 20
-328.34817916178235
 10
439.9230534589487
 20
-328.36914775359645
 10
440.2827594185865
 20
-328.3872939719616
 10
440.8965315634653
 20
-328.4437037385875
 10
441.15516768495957
 20
-328.46441262146084
 10
442.01949151196794
 20
-328.55146894105235
 10
442.6335251615709
 20
-328.58042291475397
 10
443.1187202759382
 20
-328.6161481088961
 10
444.0899107230048
 20
-328.6548026451923
 10
444.20700048107676
 20
-328.6640441870559
 10
444.6128347546854
 20
-328.6775306750563
 10
445.2360419548109
 20
-328.7096704625221
 10
445.4044517163185
 20
-328.71791704820254
 10
446.4224252322225
 20
-328.7829337038885
 10
446.8321326845356
 20
-328.7877414900553
 10
447.61690975272234
 20
-328.8232968385834
 10
448.22273680191165
 20
-328.81960528672215
 10
448.81678395082486
 20
-328.8471762459252
 10
449.590030710047
 20
-328.8471426226862
 10
450.0469185271427
 20
-328.8681041953857
 10
450.93042061540115
 20
-328.87623162973034
 10
451.31052990606406
 20
-328.89840879702354
 10
452.26869240535734
 20
-328.92048118042266
 10
452.5866429992715
 20
-328.94186198858733
 10
453.5863071338108
 20
-328.97669314660436
 10
453.8766415277924
 20
-328.99647475419073
 10
454.89792753097527
 20
-329.04396868104124
 10
455.17172598700154
 20
-329.06106533888135
 10
456.2069290516054
 20
-329.10239047103187
 10
456.46508965261256
 20
-329.1211866581992
 10
457.51390514525406
 20
-329.1625121279594
 10
457.76996922701665
 20
-329.1727633764675
 10
458.82360655113143
 20
-329.2076932535647
 10
459.0763870809592
 20
-329.21597377642513
 10
460.1247250926177
 20
-329.24565289977494
 10
460.37492879848463
 20
-329.252346855691
 10
461.42891550850317
 20
-329.2788824304433
 10
461.67658713862573
 20
-329.28415601698435
 10
462.7362890830793
 20
-329.3151655484587
 10
462.981109112754
 20
-329.32367992733043
 10
464.04774917345804
 20
-329.3501946895701
 10
464.29037972128003
 20
-329.36233678562326
 10
465.3634827240798
 20
-329.39107254454865
 10
465.6041317895779
 20
-329.40483359305495
 10
466.6736070330066
 20
-329.438365050442
 10
466.92287234523303
 20
-329.4516810558841
 10
467.9891845386301
 20
-329.4917281178152
 10
468.23673073666833
 20
-329.5028710761816
 10
469.310595698388
 20
-329.5471846765939
 10
469.55722039923387
 20
-329.55328370555895
 10
470.63807245161087
 20
-329.60648054724084
 10
470.88345545624134
 20
-329.6177788292639
 10
471.9623327136566
 20
-329.6731395071049
 10
472.21657105432746
 20
-329.6870538496169
 10
473.2935639198341
 20
-329.73991920730464
 10
473.5469064527594
 20
-329.75842422713055
 10
474.6318029561003
 20
-329.8195197291333
 10
474.8839291878225
 20
-329.8349612141806
 10
475.96784625742566
 20
-329.8998805373843
 10
476.2290797840002
 20
-329.9165687047338
 10
477.3213560067773
 20
-329.9856217692449
 10
477.5720008460667
 20
-329.9988249070523
 10
478.67282485752594
 20
-330.07045633132606
 10
478.92286113417856
 20
-330.0910408778153
 10
480.0225644079386
 20
-330.1705106036289
 10
480.28169803895537
 20
-330.1864537539998
 10
481.3900264151366
 20
-330.2701888813222
 10
481.6488880856173
 20
-330.2903124378221
 10
482.74637810388305
 20
-330.37354495794335
 10
483.0150783437937
 20
-330.39427402279864
 10
484.12159012256546
 20
-330.4799353301772
 10
484.38989942693775
 20
-330.5007383920409
 10
485.49627653052187
 20
-330.58587795077386
 10
485.7636511420275
 20
-330.60902691232866
 10
486.8803615736298
 20
-330.6980005492642
 10
487.15746898649314
 20
-330.72012905917575
 10
488.2731050906985
 20
-330.8090285976191
 10
488.54088138502925
 20
-330.8277290303822
 10
489.6663943748286
 20
-330.9220831666294
 10
489.94381896025453
 20
-330.94209436972596
 10
491.0687905963863
 20
-331.0389776688197
 10
491.34595104491376
 20
-331.0597027582509
 10
492.47059930926946
 20
-331.16662239976307
 10
492.75752460770815
 20
-331.19594906896873
 10
493.8816769448499
 20
-331.30640721459156
 10
494.1882022987124
 20
-331.33823080218946
 10
495.2930656400208
 20
-331.4611945513238
 10
495.60905714159884
 20
-331.49774013489974
 10
496.713488315335
 20
-331.62570109208554
 10
497.0499025775242
 20
-331.6671108107436
 10
498.14546866058913
 20
-331.8015753829178
 10
498.4817941250729
 20
-331.84540825423585
 10
499.57707837957713
 20
-331.98868258064067
 10
499.92308745383014
 20
-332.0360618322632
 10
501.01887688393685
 20
-332.1812713011872
 10
501.3754393237075
 20
-332.2352010598661
 10
502.46058511538286
 20
-332.3925812586081
 10
502.8271823234435
 20
-332.44726536258037
 10
503.9132495508276
 20
-332.60918494696494
 10
504.2797838069485
 20
-332.665901796753
 10
505.3662922383414
 20
-332.8297774483932
 10
505.7432738358244
 20
-332.8937389747285
 10
506.8176257389811
 20
-333.06589524051077
 10
507.2047258179591
 20
-333.1297140999116
 10
508.2803624704043
 20
-333.3068041913454
 10
508.667339773392
 20
-333.37196910931715
 10
509.75360672346505
 20
-333.5542737917807
 10
510.1393907066973
 20
-333.6237514343917
 10
511.2251273482197
 20
-333.80877452668415
 10
511.6103945640281
 20
-333.88094110084546
 10
512.705193089888
 20
-334.0767053434888
 10
513.0819546175787
 20
-334.14214223068933
 10
514.1747177700324
 20
-334.34535015726277
 10
514.551331074423
 20
-334.4101490607408
 10
515.663496767562
 20
-334.6230200086306
 10
516.0284291749455
 20
-334.69311729291394
 10
517.1400384483209
 20
-334.90621026672227
 10
517.4946690057932
 20
-334.97552862169516
 10
518.6234160005765
 20
-335.1984835104755
 10
518.9676501523471
 20
-335.26737239149674
 10
520.1136257522598
 20
-335.5084591210057
 10
520.4475329140353
 20
-335.5846422092012
 10
521.6006974303865
 20
-335.8456558874863
 10
521.9621735092655
 20
-335.93899066989746
 10
523.0864028176712
 20
-336.21629309028873
 10
523.5089087180644
 20
-336.3239848051627
 10
523.7245644824131
 20
-336.3778098768805
  0
LWPOLYLINE
  5
DB
330
17
100
AcDbEntity
  8
MONTAGGIO
100
AcDbPolyline
 90
65
 70
0
 10
563.4580785991025
 20
-256.2398717521585
 10
563.3268960554743
 20
-256.1992443273256
 10
563.1844173741248
 20
-256.14377929103284
 10
562.4810763138662
 20
-255.89336064917217
 10
561.4291291852212
 20
-255.51577537291212
 10
560.8413686321982
 20
-255.30559802716806
 10
559.67894637828
 20
-254.88964747622774
 10
559.2090531972046
 20
-254.7160356128507
 10
557.9404588535497
 20
-254.25233155417038
 10
557.5925110960268
 20
-254.1258985560047
 10
556.1965164862073
 20
-253.6078454566459
 10
555.9839188928332
 20
-253.5321067335948
 10
554.4651228625492
 20
-252.9690666073309
 10
554.3874064994295
 20
-252.945227298436
 10
553.4730489036752
 20
-252.60850749011635
 10
552.8197601008326
 20
-252.3621198981305
 10
552.7433049826695
 20
-252.33497557384877
 10
551.2689617393498
 20
-251.8011550621692
 10
551.0283337915639
 20
-251.7128592324703
 10
549.731563973805
 20
-251.24584041261113
 10
549.3244448357559
 20
-251.10043233624697
 10
548.2078897798242
 20
-250.70568154244881
 10
547.6156267087229
 20
-250.49179745925582
 10
546.6948573718031
 20
-250.16846005242223
 10
545.9220965152567
 20
-249.89619227193708
 10
545.1929880333596
 20
-249.64050664588441
 10
544.2305123829315
 20
-249.30194401450493
 10
543.6942559460659
 20
-249.11882222057696
 10
542.5522382732333
 20
-248.72319594167203
 10
542.202856401076
 20
-248.60615811823462
 10
540.8835900470945
 20
-248.14883737290248
 10
540.7265311130537
 20
-248.09410658555947
 10
539.4109199587076
 20
-247.6409536497922
 10
539.2499659747771
 20
-247.58549911824335
 10
539.2289032212913
 20
-247.57823544305882
 10
537.7882085175517
 20
-247.09100985987547
 10
537.5860310916387
 20
-247.01811982713153
 10
536.3368089377785
 20
-246.595872021797
 10
535.9544570819672
 20
-246.46670512413175
 10
534.8834025920889
 20
-246.10717349136263
 10
534.3355430999724
 20
-245.9219052083074
 10
533.4369617335935
 20
-245.6138195256187
 10
532.7288743717354
 20
-245.37117963006474
 10
531.9786813896875
 20
-245.11382795461515
 10
531.116860161157
 20
-244.81036672584625
 10
530.5160854439167
 20
-244.60096394056842
 10
529.5121138110001
 20
-244.2425562369117
 10
529.0469414331826
 20
-244.07998153512193
 10
527.9146835152494
 20
-243.66913437600965
 10
527.5766027993352
 20
-243.55054531570948
 10
526.3249295200559
 20
-243.08916553844017
 10
526.0975445867258
 20
-243.00719856617016
 10
524.7453800682899
 20
-242.50831919535585
 10
524.6010276374457
 20
-242.45930808950465
 10
523.1718109665676
 20
-241.92491808756665
 10
523.1002720643893
 20
-241.89897199149456
 10
521.6103073063048
 20
-241.33540673031297
 10
521.6103073063048
 20
-241.33540673031297
 10
521.3330273142631
 20
-241.2328366744827
 10
520.1116820487447
 20
-240.7563799346189
 10
520.0699703988693
 20
-240.74030195234434
 10
518.6223196154106
 20
-240.17673157185078
 10
518.5513827579337
 20
-240.14902880743836
 10
518.5342743321148
 20
-240.14231941259456
 10
518.3738445922775
 20
-240.0795188192214
  0
LWPOLYLINE
  5
DC
330
17
100
AcDbEntity
  8
MONTAGGIO
100
AcDbPolyline
 90
217
 70
0
 10
518.3738445922775
 20
-240.0795188192214
 10
518.0917098671418
 20
-240.95890738419618
 10
518.0365237474648
 20
-241.1407079735448
 10
517.7705890641115
 20
-242.0007269226818
 10
517.6940242406531
 20
-242.26356239433915
 10
517.4610823212965
 20
-243.048227572371
 10
517.3554355227535
 20
-243.42490468357937
 10
517.1560977385602
 20
-244.10968818137374
 10
517.0096292517072
 20
-244.62797859622222
 10
516.8469249017219
 20
-245.20404635939704
 10
516.6588809803443
 20
-245.8917064096286
 10
516.532430841675
 20
-246.32193421926206
 10
516.2803851398484
 20
-247.22317604223306
 10
516.210618191069
 20
-247.4660787755899
 10
515.8749521788418
 20
-248.63280796920975
 10
515.8749521788418
 20
-248.63280796920975
 10
515.8672423598994
 20
-248.65410842492503
 10
515.514177750242
 20
-249.83816880543978
 10
515.4344160491826
 20
-250.11636900920277
 10
515.1426407425237
 20
-251.06235332291612
 10
514.9519789884257
 20
-251.67864322715934
 10
514.7542946270017
 20
-252.29673264021858
 10
514.4210071041788
 20
-253.31596250989244
 10
514.3362335133663
 20
-253.54209215749475
 10
514.1193425153134
 20
-254.1775282810527
 10
513.8967332222596
 20
-254.80597574256248
 10
513.8202050350822
 20
-255.02583395546438
 10
513.4344929585691
 20
-256.0792589354611
 10
513.1597350722644
 20
-256.8250756815473
 10
512.9567225453769
 20
-257.3555393265743
 10
512.5057842756323
 20
-258.51994239793794
 10
512.4554011148304
 20
-258.65010750927183
 10
512.4337402961735
 20
-258.7077940278527
 10
511.94104478448236
 20
-259.95554910676503
 10
511.64846210611574
 20
-260.6776930450138
 10
511.40470144737014
 20
-261.26375564330215
 10
510.9559906806171
 20
-262.30390433599473
 10
510.8409940375372
 20
-262.57092536752145
 10
510.77960869945326
 20
-262.72672383702434
 10
510.25434896720566
 20
-263.86951976351014
 10
509.79018209918286
 20
-264.856492320505
 10
509.6377592068186
 20
-265.1594162304077
 10
509.4319912513773
 20
-265.55895021818185
 10
508.9922868451051
 20
-266.4171357713739
 10
508.6492794032923
 20
-267.07232337016376
 10
508.314660857402
 20
-267.6556248783779
 10
507.9283806551175
 20
-268.30931892560204
 10
507.6088156634167
 20
-268.8632300135897
 10
507.3027540696297
 20
-269.3602746258964
 10
506.85898314909934
 20
-270.0249041252596
 10
506.4401360387384
 20
-270.6280292361133
 10
506.08592914538497
 20
-271.1399077794552
 10
505.67869753580703
 20
-271.7033341600061
 10
505.2746150254016
 20
-272.238756047437
 10
504.9599295232855
 20
-272.65677146259384
 10
504.45407577888307
 20
-273.3115341349072
 10
503.7960682796465
 20
-274.1352810956075
 10
503.6134519219527
 20
-274.3578644558414
 10
503.4823692027979
 20
-274.5149810404511
 10
502.74552943577
 20
-275.3953173201585
 10
502.0187346582907
 20
-276.21215753838
 10
501.8565174498176
 20
-276.3999244495151
 10
501.6025710862076
 20
-276.6716416655373
 10
500.93724237805236
 20
-277.36560068767983
 10
500.55443059378086
 20
-277.74225866985677
 10
500.0029439328965
 20
-278.2973563874045
 10
499.1010917384471
 20
-279.13908764127024
 10
499.0428872687432
 20
-279.1918414810788
 10
498.9334399507096
 20
-279.28756106766554
 10
498.0532744405009
 20
-280.02612657168834
 10
497.6492023813262
 20
-280.3343369659467
 10
497.0353725174019
 20
-280.8200094871846
 10
496.2132137756368
 20
-281.38710903514425
 10
495.9882723946524
 20
-281.54791952207154
 10
495.3315707308799
 20
-281.95261262257435
 10
494.9089335895119
 20
-282.20545715814774
 10
494.7782984911723
 20
-282.2747262858667
 10
493.79542555897564
 20
-282.7937728561832
 10
493.3529619682741
 20
-282.9945799935609
 10
492.66111165635544
 20
-283.30852726193194
 10
491.93743652036324
 20
-283.59612888619705
 10
491.4952473560286
 20
-283.7633198972949
 10
490.5214031292552
 20
-284.0900913598702
 10
490.31002793199633
 20
-284.15686304383905
 10
489.11373858248476
 20
-284.4943469488776
 10
489.1036146075923
 20
-284.4940954911643
 10
489.0437019816779
 20
-284.5065045571669
 10
487.87047163014006
 20
-284.78561331144465
 10
487.70960269918044
 20
-284.82267761088565
 10
486.62721810017507
 20
-285.0322641394983
 10
486.31706643153814
 20
-285.0823140930891
 10
485.3749139667199
 20
-285.2301760113038
 10
484.9343808917872
 20
-285.2873285750774
 10
484.10325661093304
 20
-285.37926743944774
 10
483.5519856898949
 20
-285.4387046207603
 10
482.8211973731519
 20
-285.4912874541941
 10
482.1906201505021
 20
-285.5354699885449
 10
481.52969610901
 20
-285.56398809993124
 10
480.8188063952764
 20
-285.5924676929442
 10
480.23836230023477
 20
-285.6005928847408
 10
479.46780716291266
 20
-285.60819251413625
 10
478.92733136099014
 20
-285.59736251423146
 10
478.1170791338207
 20
-285.58471926268373
 10
477.60680903818763
 20
-285.5606556514255
 10
476.7665504712046
 20
-285.52556516183296
 10
476.2869223978994
 20
-285.481154845593
 10
475.43681226414384
 20
-285.413161888512
 10
474.94717595211876
 20
-285.34381664871296
 10
474.1079247281544
 20
-285.24022685863457
 10
473.58795216842225
 20
-285.1431067637749
 10
472.78916289470504
 20
-285.01181233245984
 10
472.219489345391
 20
-284.890968955148
 10
471.4800553466953
 20
-284.7466395332161
 10
470.84117021020376
 20
-284.5961202660672
 10
470.17117600606866
 20
-284.4453106359723
 10
469.4520401937166
 20
-284.2594184094028
 10
468.8721938918023
 20
-284.11806090368805
 10
468.06089943013376
 20
-283.8960373831003
 10
467.58199081241287
 20
-283.7737894986582
 10
466.67071879799056
 20
-283.51008875699716
 10
466.3010300253963
 20
-283.413637840712
 10
465.2694498638018
 20
-283.1063135904344
 10
465.0189718446122
 20
-283.03487552991396
 10
463.8763816703254
 20
-282.6897044737753
 10
463.74572728345254
 20
-282.6505815268072
 10
462.4818337547244
 20
-282.26501638935275
 10
462.4818337547244
 20
-282.26501638935275
 10
462.4818337547244
 20
-282.26501638935275
 10
461.1285961034435
 20
-281.8041462230393
 10
460.98624013648976
 20
-281.75798491353646
 10
459.87912539301266
 20
-281.41915845073083
 10
459.59702199267355
 20
-281.3340182682875
 10
458.63010098686954
 20
-281.0407146735646
 10
458.21662339293573
 20
-280.9188132485553
 10
457.390454989749
 20
-280.67936144652316
 10
456.84560345154887
 20
-280.5207282037517
 10
456.1591381507088
 20
-280.323827755125
 10
455.49279537174897
 20
-280.14547983778345
 10
454.93625572199903
 20
-279.99036580536307
 10
454.1463767008454
 20
-279.78404562097694
 10
453.72169400503117
 20
-279.6740256790891
 10
452.8265779482409
 20
-279.44876575140546
 10
452.50292903009023
 20
-279.36676507590056
 10
451.5044119998216
 20
-279.13276242725186
 10
451.30011567433144
 20
-279.08330485767425
 10
450.14788539139533
 20
-278.80876055264025
 10
450.08487358147926
 20
-278.7883278712567
 10
449.6080292503956
 20
-278.6709094215328
 10
448.8239418597468
 20
-278.46213422704307
 10
448.7070943358333
 20
-278.43632313933745
 10
447.5972455550517
 20
-278.1568032269338
 10
447.2527449786095
 20
-278.06654600657055
 10
446.3668682070113
 20
-277.8430934027631
 10
445.7571805731005
 20
-277.6909345307093
 10
445.11960554643997
 20
-277.5333823190198
 10
444.2220969953661
 20
-277.3016669207165
 10
443.8711546026678
 20
-277.21814255426267
 10
442.6283942863291
 20
-276.89952609905123
 10
442.60604649824523
 20
-276.8985948787714
 10
442.54795929660287
 20
-276.87860271350564
 10
441.30604179322944
 20
-276.57272014205415
 10
440.8125840834176
 20
-276.44811064873574
 10
439.9680371568404
 20
-276.2354073135976
 10
438.5895937187378
 20
-275.88287711696796
 10
438.58377612155243
 20
-275.8803053677705
 10
438.58377612155243
 20
-275.8803053677705
 10
437.1490221126335
 20
-275.5258655382394
 10
435.7323231304143
 20
-275.1763012405271
 10
435.6839690025131
 20
-275.1643978631031
 10
435.6253503616064
 20
-275.15047133758884
 10
434.170223418645
 20
-274.7960740409002
 10
433.31151317251806
 20
-274.5949614423013
 10
432.5932856921155
 20
-274.42816386088424
 10
431.2117137185713
 20
-274.1118329125513
 10
430.96131415746504
 20
-274.0586707503787
 10
429.3742882408174
 20
-273.7102716892889
 10
429.2493990872286
 20
-273.6793485239705
 10
427.7437630776081
 20
-273.3606021805581
 10
427.4413318461802
 20
-273.2936784821423
 10
426.28135894168946
 20
-273.06047127023993
 10
425.51762430910384
 20
-272.90122131343674
 10
424.9733846095445
 20
-272.79195958969376
 10
424.2477394375189
 20
-272.6556518936608
 10
423.796226637093
 20
-272.5609042152521
 10
423.459029362445
 20
-272.4882687488041
 10
422.71656366978607
 20
-272.3470739991527
 10
422.1687824545142
 20
-272.246129629923
 10
421.7484211131925
 20
-272.16888648034194
 10
421.1745532430684
 20
-272.046099090048
 10
420.85195908409935
 20
-271.9853815547077
 10
420.70211050334416
 20
-271.9556177242647
 10
420.0381587303399
 20
-271.83684991774163
 10
419.5821395498762
 20
-271.7516645070973
 10
419.2859383788654
 20
-271.69224674514373
 10
418.6037409113087
 20
-271.5539653422961
 10
418.58547710907436
 20
-271.5482274885575
 10
418.50924970359773
 20
-271.5282556576821
 10
417.930379900018
 20
-271.4127775842008
 10
417.80923603057875
 20
-271.3885108373517
 10
417.32615293704583
 20
-271.29938687143925
 10
417.0922991197859
 20
-271.25428020873863
 10
416.74634117934846
 20
-271.1862200474824
 10
416.43161730029357
 20
-271.1258065896784
 10
416.20038424376816
 20
-271.0798062413645
 10
415.81902907296757
 20
-271.0040976029533
 10
415.65855647896876
 20
-270.975240046367
 10
415.2310889567919
 20
-270.8879219326129
 10
415.1338598717659
 20
-270.86192704218104
 10
414.66015281806125
 20
-270.7596615963016
 10
414.5910966743255
 20
-270.7442808097101
 10
414.0608434077882
 20
-270.62881540694605
 10
414.0217724642996
 20
-270.6193230975341
 10
413.4050317320601
 20
-270.4779835131516
 10
413.3854223794782
 20
-270.4733701929639
 10
412.42835642999904
 20
-270.24191527377667
 10
412.4119803627902
 20
-270.2358720152981
 10
412.4119803627902
 20
-270.2358720152981
  0
LWPOLYLINE
  5
DD
330
17
100
AcDbEntity
  8
SCARNITURA
100
AcDbPolyline
 90
110
 70
0
 10
519.6221266933223
 20
-331.3150479672121
 10
520.068306090667
 20
-330.5242310697504
 10
520.5559070209299
 20
-329.7110588407213
 10
521.0459174526903
 20
-328.9301917688176
 10
521.520697691375
 20
-328.2034785145158
 10
521.9996753279162
 20
-327.47475899349485
 10
522.5279580991082
 20
-326.70435063977106
 10
523.0387006685115
 20
-325.9940256404142
 10
523.5287798563672
 20
-325.31332198628047
 10
524.0636802326391
 20
-324.5873338960649
 10
524.6091772706532
 20
-323.87784096579725
 10
525.1195715514938
 20
-323.22600672427586
 10
525.6431764388127
 20
-322.5558703451683
 10
526.1990963168777
 20
-321.8670236963304
 10
526.751585981565
 20
-321.1967858352465
 10
527.299683973481
 20
-320.5459081316238
 10
527.8882279843997
 20
-319.85424713682266
 10
528.4940609361892
 20
-319.1817071743507
 10
529.0786225537295
 20
-318.53842947726304
 10
529.7317971189605
 20
-317.8450228483638
 10
530.3860026508626
 20
-317.19091537648893
 10
531.0015199997141
 20
-316.58675912617207
 10
531.6150221452825
 20
-315.9967418918113
 10
532.2208465754637
 20
-315.4196840973359
 10
532.8316598724924
 20
-314.8441912072504
 10
533.4857675017668
 20
-314.2352933324498
 10
534.1449493541098
 20
-313.64901304349127
 10
534.7720435027809
 20
-313.0938351276668
 10
535.381118897046
 20
-312.5639293875132
 10
535.9973300274094
 20
-312.01887317701295
 10
536.6280197928893
 20
-311.47608959426805
 10
537.1979866219804
 20
-310.9806610376333
 10
537.7579671101377
 20
-310.48199166048727
 10
538.3441684292357
 20
-309.9526490614931
 10
538.9102706586391
 20
-309.44334999150084
 10
539.4349752288116
 20
-308.95511618460694
 10
539.8712546424845
 20
-308.54095880485437
 10
540.2969305579857
 20
-308.08536920187845
 10
540.8141867101814
 20
-307.526834592958
 10
541.3195352577022
 20
-306.9733018933863
 10
541.8029967023059
 20
-306.43118649106964
 10
542.2964789339852
 20
-305.86058151323834
 10
542.8127323924507
 20
-305.2610904960827
 10
543.3060317481685
 20
-304.68534839524955
 10
543.7595546024636
 20
-304.1415768205559
 10
544.2299151249911
 20
-303.5542085806357
 10
544.7231838534815
 20
-302.94061451265884
 10
545.1346662301737
 20
-302.422395173244
 10
545.545161071997
 20
-301.85606731576036
 10
546.0155483790118
 20
-301.216041718248
 10
546.3957108176646
 20
-300.69147916361
 10
546.7491522358779
 20
-300.15062564225406
 10
547.1513311967483
 20
-299.5255724801786
 10
547.5081771077874
 20
-298.9578032015762
 10
547.8364684817151
 20
-298.391768106515
 10
548.1958145027809
 20
-297.7481202551758
 10
548.5298462849669
 20
-297.14336376924757
 10
548.8446433357235
 20
-296.52351528689087
 10
549.202875349924
 20
-295.81222063520994
 10
549.5141034514807
 20
-295.1989109871644
 10
549.7925863392943
 20
-294.58403929544045
 10
550.1097347903324
 20
-293.88171937827485
 10
550.365311662531
 20
-293.3065474825117
 10
550.6129442444071
 20
-292.6541469306255
 10
550.887016404342
 20
-291.9685691830585
 10
551.074395620921
 20
-291.4451314392358
 10
551.2819092320261
 20
-290.759828740307
 10
551.4450741482945
 20
-290.28892519071127
 10
551.5212548834546
 20
-289.84380463171357
 10
551.6907827700966
 20
-288.98725904365364
 10
551.8048867378417
 20
-288.524709909463
 10
551.8319773359069
 20
-288.0606585165348
 10
551.9156252322266
 20
-287.24035435058926
 10
551.9827293929261
 20
-286.5091192080473
 10
552.0422855845583
 20
-285.74389255750054
 10
552.1073391125203
 20
-284.9180107555417
 10
552.1770400878686
 20
-284.10237894164936
 10
552.2433876019015
 20
-283.302158958811
 10
552.3139114806248
 20
-282.46752856087403
 10
552.3911066533783
 20
-281.64117171068324
 10
552.4639896241881
 20
-280.85273633687507
 10
552.5343247298607
 20
-280.0593808251129
 10
552.6063808119729
 20
-279.25139410587997
 10
552.6780284346247
 20
-278.45870885364263
 10
552.7457123138342
 20
-277.6692095220002
 10
552.8156797205509
 20
-276.85342038014096
 10
552.8903114876853
 20
-276.024183686862
 10
552.9682101317912
 20
-275.20100128885804
 10
553.048716193992
 20
-274.3710705646023
 10
553.134575497081
 20
-273.5449152189218
 10
553.2228600482163
 20
-272.7065959622409
 10
553.3201339980595
 20
-271.8700554491012
 10
553.4201664532565
 20
-271.01934086789925
 10
553.5333369021612
 20
-270.169992464544
 10
553.6468038330058
 20
-269.32764088524186
 10
553.7736211497873
 20
-268.4721156154572
 10
553.9072232002877
 20
-267.6087359333707
 10
554.0560479997929
 20
-266.73981080978325
 10
554.2128381630117
 20
-265.8715630399345
 10
554.3841299779415
 20
-265.00437844339433
 10
554.5650441020604
 20
-264.13276554017636
 10
554.7626072201251
 20
-263.26153261539946
 10
554.9719765725935
 20
-262.38255526258627
 10
555.2053380077031
 20
-261.48920566642107
 10
555.4530765927083
 20
-260.60352738258877
 10
555.7156821000424
 20
-259.73402429555995
 10
555.9910707008969
 20
-258.86521624895073
 10
556.2904750998376
 20
-257.9868491354455
 10
556.602764896714
 20
-257.12425720929554
 10
556.9321989528487
 20
-256.26408780234397
  0
CIRCLE
  5
DE
330
17
100
AcDbEntity
  8
RIFERIMENTO
100
AcDbCircle
 10
526.808233439433
 20
-252.68657206230074
 30
0.0
 40
1.8
  0
CIRCLE
  5
DF
330
17
100
AcDbEntity
  8
RIFERIMENTO
100
AcDbCircle
 10
536.5029815959638
 20
-256.06812298277646
 30
0.0
 40
1.8
  0
CIRCLE
  5
E0
330
17
100
AcDbEntity
  8
RIFERIMENTO
100
AcDbCircle
 10
546.3217729966512
 20
-259.5297294849653
 30
0.0
 40
1.8
  0
CIRCLE
  5
E1
330
17
100
AcDbEntity
  8
RIFERIMENTO
100
AcDbCircle
 10
556.3959490843527
 20
-263.2483242940091
 30
0.0
 40
1.8
  0
TEXT
  5
E2
330
17
100
AcDbEntity
  8
TESTO
100
AcDbText
 10
527.4999613312385
 20
-282.2876329147917
 30
0.0
 40
4.0
  1
FODERA QUARTIERE ESTERNO
 72
1
 11
527.4999613312385
 21
-282.2876329147917
 31
0.0
100
AcDbText
 73
2
  0
TEXT
  5
E3
330
17
100
AcDbEntity
  8
TESTO
100
AcDbText
 10
527.4999613312385
 20
-289.0876329147917
 30
0.0
 40
2.6
  1
Oxford cap-toe tg 42 - destra
 72
1
 11
527.4999613312385
 21
-289.0876329147917
 31
0.0
100
AcDbText
 73
2
  0
TEXT
  5
E4
330
17
100
AcDbEntity
  8
TESTO
100
AcDbText
 10
527.4999613312385
 20
-293.50763291479166
 30
0.0
 40
2.6
  1
pelle fodera (vitello) 0,8 mm
 72
1
 11
527.4999613312385
 21
-293.50763291479166
 31
0.0
100
AcDbText
 73
2
  0
TEXT
  5
E5
330
17
100
AcDbEntity
  8
TESTO
100
AcDbText
 10
527.4999613312385
 20
-297.9276329147917
 30
0.0
 40
2.6
  1
tagliare 2 per paio (dx + sx speculare)
 72
1
 11
527.4999613312385
 21
-297.9276329147917
 31
0.0
100
AcDbText
 73
2
  0
TEXT
  5
E6
330
17
100
AcDbEntity
  8
TESTO
100
AcDbText
 10
548.1958145027809
 20
-297.7481202551758
 30
0.0
 40
2.2
  1
scarnire 6
 72
1
 11
548.1958145027809
 21
-297.7481202551758
 31
0.0
100
AcDbText
 73
2
  0
LWPOLYLINE
  5
E7
330
17
100
AcDbEntity
  8
TESTO
100
AcDbPolyline
 90
2
 70
0
 10
512.5131274452178
 20
-306.6592937764078
 10
542.4867952172591
 20
-307.9159720531755
  0
LWPOLYLINE
  5
E8
330
17
100
AcDbEntity
  8
TESTO
100
AcDbPolyline
 90
3
 70
0
 10
538.5740847327714
 20
-305.7501704314704
 10
542.4867952172591
 20
-307.9159720531755
 10
538.4065276292024
 20
-309.7466594677426
  0
TEXT
  5
E9
330
17
100
AcDbEntity
  8
TESTO
100
AcDbText
 10
527.6256291589152
 20
-304.29026613758754
 30
0.0
 40
2.2
  1
verso del tiro
 72
1
 11
527.6256291589152
 21
-304.29026613758754
 31
0.0
100
AcDbText
 73
2
  0
LWPOLYLINE
  5
EA
330
17
100
AcDbEntity
  8
TAGLIO
100
AcDbPolyline
 90
109
 70
0
 10
221.0363227561753
 20
-254.18159830254288
 10
224.23545762745593
 20
-252.8294353123134
 10
229.8862771998656
 20
-250.61398465925117
 10
239.54375705047696
 20
-247.0418353513216
 10
252.52834258705562
 20
-242.38785121791324
 10
265.73510578133
 20
-237.326609829206
 10
266.39473792598545
 20
-237.12270522859447
 10
267.27357229329687
 20
-237.0795308646593
 10
268.1275852238313
 20
-237.29337579076298
 10
268.6466739382711
 20
-237.57083448917746
 10
269.2989436588899
 20
-238.16211441400463
 10
269.7512997014802
 20
-238.91682487610325
 10
270.6663764604072
 20
-241.66578236465338
 10
273.44275667422767
 20
-250.73743774962202
 10
273.9876605541199
 20
-252.34880462384456
 10
275.2651983397011
 20
-255.77407478182323
 10
276.80832151860284
 20
-259.57015002285306
 10
277.6837194923062
 20
-261.58130258423387
 10
278.6607316998379
 20
-263.6277121554349
 10
279.772355571964
 20
-265.74581745821285
 10
281.06036907621467
 20
-267.90251114281176
 10
282.61957984975834
 20
-270.1285013994912
 10
284.7548688303028
 20
-272.8309235999284
 10
286.5647288927404
 20
-274.90467288086154
 10
288.96587082343797
 20
-277.28335277891574
 10
290.2382965206987
 20
-278.3344335147973
 10
291.56506339461106
 20
-279.31228099330673
 10
292.72393885108073
 20
-280.0234154416628
 10
294.04189439401364
 20
-280.7013558548291
 10
295.3039526177254
 20
-281.2444754800039
 10
296.55222681743334
 20
-281.68342913520996
 10
299.0777835298288
 20
-282.35525735232795
 10
300.37926224912354
 20
-282.60930814247394
 10
302.9152361809855
 20
-282.9491777439523
 10
304.17515797073213
 20
-283.0402192156033
 10
306.72044512294406
 20
-283.10866288817317
 10
308.7890570582144
 20
-283.06189874746275
 10
310.43227373098125
 20
-282.93428073732446
 10
312.36040433287366
 20
-282.6587326352896
 10
314.0818308583936
 20
-282.3233274892881
 10
315.88631876004536
 20
-281.9081049472792
 10
319.06155803036035
 20
-281.06146214796877
 10
322.7955798047134
 20
-279.96772948056395
 10
326.57209554930563
 20
-278.7594494630225
 10
330.3563140923882
 20
-277.67980225208936
 10
335.66583871594844
 20
-276.38740031454597
 10
350.3302103642505
 20
-272.69940359844213
 10
354.8770562134524
 20
-271.6605328471263
 10
358.28658243062137
 20
-270.93821729893364
 10
369.2693974575436
 20
-268.80317078509984
 10
372.33925693881406
 20
-268.1670318231255
 10
374.07628672565
 20
-274.2566379943893
 10
374.8435870352662
 20
-277.6889334710684
 10
375.8448097223842
 20
-281.4268283012063
 10
376.8782171782465
 20
-285.67386319822606
 10
378.0126159579138
 20
-290.87770890439054
 10
379.5902565592886
 20
-300.55621828085077
 10
379.9719954081155
 20
-308.0571133389171
 10
380.05303104226607
 20
-311.218425115677
 10
380.26201128527987
 20
-337.84242581930965
 10
373.23490644384844
 20
-338.14091729839936
 10
368.1025058811481
 20
-338.6614577751314
 10
365.73258735701074
 20
-339.08863903659324
 10
361.3547589938802
 20
-340.07279478089714
 10
353.3748517852481
 20
-341.7382845438952
 10
350.61167197646967
 20
-342.3887133894268
 10
349.21865361248064
 20
-342.6326608640236
 10
347.8914336057519
 20
-342.79651317390227
 10
344.27721681642817
 20
-343.12513979318015
 10
339.66433359699045
 20
-343.3775318487052
 10
334.3246205276105
 20
-343.55641563603353
 10
328.8696349657929
 20
-343.8102454705394
 10
319.48674284409464
 20
-344.0400873223106
 10
310.81282201560094
 20
-344.3843274797779
 10
302.5351935591449
 20
-344.84948014159096
 10
294.6421757757334
 20
-345.4108437224826
 10
291.87418897985674
 20
-345.66736812650583
 10
288.19991972784305
 20
-346.0870991832899
 10
282.66294883702705
 20
-346.8787367189773
 10
276.23029556037653
 20
-348.0154823783303
 10
269.12575607130793
 20
-349.49032941799544
 10
260.9313228076684
 20
-333.89377431121676
 10
259.2713177939229
 20
-331.20824104896525
 10
257.1147115771061
 20
-328.16580375155644
 10
253.9797159350269
 20
-324.268287441434
 10
252.38644807963226
 20
-322.5071241048601
 10
248.73273532016583
 20
-319.0146463764666
 10
244.9145907366094
 20
-315.7086470653659
 10
242.14741297574176
 20
-313.23655769255095
 10
240.56057298933933
 20
-311.5524270659971
 10
238.98523216222506
 20
-309.7833020316564
 10
236.25161137683995
 20
-306.49486652404823
 10
234.69874622919184
 20
-304.3983366781502
 10
233.3463086535254
 20
-302.31844611602384
 10
232.6338825755634
 20
-301.1001796186621
 10
231.11999769241544
 20
-298.2206807205793
 10
230.1801894444751
 20
-296.20913560285675
 10
229.34453080326244
 20
-294.2099114451322
 10
228.6785399267232
 20
-292.1892415235695
 10
228.25028048064772
 20
-290.08148811307166
 10
227.50995625225474
 20
-281.67359321889387
 10
226.66831063902558
 20
-273.8561001250828
 10
226.20607392737625
 20
-270.5608932860236
 10
225.89150349003847
 20
-268.6773016777872
 10
225.2607138258523
 20
-265.6968457504563
 10
224.80345915699888
 20
-263.9147023957156
 10
223.89924870347008
 20
-261.0621601554556
 10
223.19611907287634
 20
-259.23024162816955
 10
221.0363227561753
 20
-254.18159830254288
  0
LWPOLYLINE
  5
EB
330
17
100
AcDbEntity
  8
MONTAGGIO
100
AcDbPolyline
 90
59
 70
0
 10
266.97976606283044
 20
-240.06509709011385
 10
266.8817276075149
 20
-240.1034874373481
 10
266.80064689738487
 20
-240.13100319177357
 10
265.31453620941727
 20
-240.69563177472799
 10
265.27620158463816
 20
-240.7090786301809
 10
264.01004857718306
 20
-241.19572343353025
 10
263.73539060144833
 20
-241.30482023158547
 10
263.7247403349443
 20
-241.30499510980587
 10
262.17737760269233
 20
-241.90523745782602
 10
262.101011320382
 20
-241.9312056076848
 10
260.61312265083325
 20
-242.51358158098827
 10
260.4571640177325
 20
-242.58042249872446
 10
259.0450874099725
 20
-243.12424257992768
 10
258.78357462038673
 20
-243.22882533425474
 10
257.46672421068513
 20
-243.7337806322029
 10
257.07412945987653
 20
-243.88461635447308
 10
255.88043090837172
 20
-244.336512350134
 10
255.3366491606427
 20
-244.54339355302824
 10
254.28656912689905
 20
-244.93323650313314
 10
253.56547543090235
 20
-245.202912552447
 10
252.685097890978
 20
-245.52241950559926
 10
251.76988584414676
 20
-245.85148247443973
 10
251.0884913089145
 20
-246.10060633147523
 10
249.9596566381684
 20
-246.4989253631573
 10
249.47918821500565
 20
-246.67199831767238
 10
248.1228538943148
 20
-247.15383470125664
 10
247.85689543751457
 20
-247.2489100490881
 10
246.25418278907554
 20
-247.82609552287624
 10
246.2229796430903
 20
-247.8334641525509
 10
246.04180710647358
 20
-247.89850009537994
 10
244.57523065951233
 20
-248.4165663401006
 10
244.37126581938242
 20
-248.48596222095318
 10
242.91576076747893
 20
-249.01563079659206
 10
242.4709377306678
 20
-249.17232947134616
 10
241.24598536971143
 20
-249.6171535703856
 10
240.5612413739198
 20
-249.8640198236927
 10
239.56256301872304
 20
-250.23288955336432
 10
238.64157150164593
 20
-250.5696859277982
 10
237.87670074432944
 20
-250.84881302376402
 10
236.71205535261976
 20
-251.28050046633544
 10
236.17532037126162
 20
-251.4769469724543
 10
234.78758594914814
 20
-251.99528321676448
 10
234.47858494549195
 20
-252.1080193444261
 10
232.86015396093583
 20
-252.71701962584893
 10
232.77064413991135
 20
-252.748426256217
 10
232.04304365596784
 20
-253.02742967637818
 10
231.05043210126917
 20
-253.3821319121211
 10
230.96137650054925
 20
-253.41472768480608
 10
229.32720775302172
 20
-254.04199884305757
 10
229.08178250772582
 20
-254.13231712458827
 10
227.59496559712028
 20
-254.7144056707967
 10
227.21806686192855
 20
-254.86366946181948
 10
225.87907895926924
 20
-255.40167928761667
 10
225.35606639325357
 20
-255.6122818378406
 10
224.16665396773573
 20
-256.10887674614935
 10
223.51453708672472
 20
-256.38425080934064
 10
222.45722320174198
 20
-256.8360504105161
 10
222.27269342008242
 20
-256.91907162943085
 10
222.19197499358668
 20
-256.9498353593135
  0
LWPOLYLINE
  5
EC
330
17
100
AcDbEntity
  8
MONTAGGIO
100
AcDbPolyline
 90
163
 70
0
 10
262.4162327739606
 20
-336.72002940148946
 10
263.05802622713026
 20
-336.56265340233165
 10
263.44884269832585
 20
-336.4607943364055
 10
264.5390802977814
 20
-336.18775659609923
 10
264.87519590370255
 20
-336.1035427239979
 10
266.00888600826767
 20
-335.84163707965666
 10
266.31460072164566
 20
-335.77285553140575
 10
267.4768506222359
 20
-335.518015608989
 10
267.76314134143973
 20
-335.45558550200116
 10
268.9349470042604
 20
-335.20671727619515
 10
269.21012312754215
 20
-335.14840374768704
 10
270.3820154967051
 20
-334.9039154233983
 10
270.6484914388466
 20
-334.851145163225
 10
271.83907552029484
 20
-334.6118870081955
 10
272.0959543724184
 20
-334.5602626381734
 10
273.27839536540625
 20
-334.3295460847415
 10
273.53551439264373
 20
-334.27669868493155
 10
274.7293245533998
 20
-334.0537291972709
 10
274.96716498228903
 20
-334.00880114683827
 10
276.1704049603515
 20
-333.78893876150516
 10
276.4089041302509
 20
-333.74563637360484
 10
277.61435437800264
 20
-333.53313815453356
 10
277.8440941169419
 20
-333.49248841877164
 10
279.0502787448826
 20
-333.28860564467635
 10
279.27113843688466
 20
-333.250839407187
 10
280.47892236040417
 20
-333.0496378388475
 10
280.6998368137929
 20
-333.01665365183135
 10
281.9096182966897
 20
-332.83244430234186
 10
282.13080688756384
 20
-332.7988377818376
 10
283.3423954150976
 20
-332.6143026734337
 10
283.55449821313294
 20
-332.5895021980205
 10
284.7677991709028
 20
-332.4198962774234
 10
284.9809037552979
 20
-332.3904333334985
 10
286.19558264484886
 20
-332.230998190268
 10
286.398971219861
 20
-332.20297250109394
 10
287.61532643803923
 20
-332.0550189153344
 10
287.81930600044274
 20
-332.0309206545449
 10
289.03746751346347
 20
-331.8909163132867
 10
289.23256871547085
 20
-331.86963128111717
 10
290.45268495183774
 20
-331.7395809589562
 10
290.64772156011657
 20
-331.7205557210215
 10
291.85946347801564
 20
-331.602630507792
 10
292.05613497713716
 20
-331.5845098080822
 10
293.2691649519232
 20
-331.47771607800104
 10
293.46648271156187
 20
-331.46013672234955
 10
294.67148949621134
 20
-331.3643763427507
 10
294.87909248067746
 20
-331.3504985331169
 10
296.07578275342365
 20
-331.26233406595964
 10
296.2746406458652
 20
-331.24476557007813
 10
297.47293534483936
 20
-331.1623918140807
 10
297.68202918791235
 20
-331.1477247850469
 10
298.87185132868166
 20
-331.0648848087028
 10
299.0722848658812
 20
-331.050120144584
 10
300.26351370701724
 20
-330.96739189530496
 10
300.4740128545503
 20
-330.9546036350605
 10
301.6465479103317
 20
-330.8776840036431
 10
301.85759683331383
 20
-330.8646829349013
 10
303.0313941150919
 20
-330.7936122817795
 10
303.24294392453874
 20
-330.7804062499784
 10
304.39736844183756
 20
-330.7128550072038
 10
304.6194825140659
 20
-330.7002716395639
 10
305.775099308583
 20
-330.63437031592156
 10
305.98794105080975
 20
-330.62210442732675
 10
307.13418515684435
 20
-330.5589869045284
 10
307.3576288544635
 20
-330.54214614326094
 10
308.4952759650786
 20
-330.4824375113172
 10
308.71894246543474
 20
-330.4748539786569
 10
309.85807165331505
 20
-330.41635561592057
 10
310.072344922438
 20
-330.40363884394435
 10
311.20293346976564
 20
-330.3509812749963
 10
311.4281398087298
 20
-330.3383364023514
 10
312.5502751648544
 20
-330.28599975150416
 10
312.7763378642799
 20
-330.27999392989886
 10
313.89035741194175
 20
-330.22787656499287
 10
314.1170654776721
 20
-330.2234078987325
 10
315.22329921599635
 20
-330.1766529796334
 10
315.45149130589385
 20
-330.17095130309025
 10
316.5596496421951
 20
-330.13021631311756
 10
316.7891412502903
 20
-330.12319576938614
 10
317.8899708477336
 20
-330.08579674270703
 10
318.12085369344277
 20
-330.0795506827666
 10
319.21458060781015
 20
-330.04098301518167
 10
319.4467815860704
 20
-330.0401349050018
 10
320.533082454074
 20
-330.0094138303514
 10
320.76750441568106
 20
-330.0013082621961
 10
321.8574764519026
 20
-329.9765338743571
 10
322.09361242295506
 20
-329.9724252720394
 10
323.1778056664673
 20
-329.94050394953484
 10
323.4156423154512
 20
-329.9405521347108
 10
324.4933744025817
 20
-329.9189916993918
 10
324.7338980041952
 20
-329.91551522280264
 10
325.8058494725169
 20
-329.89091353830986
 10
326.04928498155647
 20
-329.8844193581902
 10
327.11570920977056
 20
-329.8578205552951
 10
327.3726721850295
 20
-329.8500427241038
 10
328.4342863997863
 20
-329.81701606934496
 10
328.69456402095693
 20
-329.80669351130484
 10
329.7521796663199
 20
-329.7666584711997
 10
330.0054112813557
 20
-329.7526141836739
 10
331.0706175521195
 20
-329.70132715269375
 10
331.3387720963811
 20
-329.6904651140573
 10
332.38995605931717
 20
-329.6349240617014
 10
332.6743747175601
 20
-329.6217111206791
 10
333.710572434655
 20
-329.56960309375876
 10
334.0326762372341
 20
-329.55752079067395
 10
335.04356401408063
 20
-329.5173008879048
 10
335.4154926175252
 20
-329.50582412717006
 10
336.36795721025044
 20
-329.4740649538418
 10
336.8609266200369
 20
-329.46452148677804
 10
337.7094217952748
 20
-329.43508139371215
 10
338.397597547373
 20
-329.4188229315456
 10
339.067935967117
 20
-329.39024083838416
 10
340.0612240095161
 20
-329.3465891929419
 10
340.4450311724893
 20
-329.316188672786
 10
341.86455307069866
 20
-329.2111432660666
 10
341.8797568304341
 20
-329.21432759513124
 10
341.89083681041234
 20
-329.211413899326
 10
343.23856527038504
 20
-329.16372142082406
 10
343.91473907084435
 20
-329.1134201146874
 10
344.64611738799385
 20
-329.0547124333672
 10
346.0617541899702
 20
-328.9113015813896
 10
346.1367746234306
 20
-328.9043964384826
 10
346.17618913024916
 20
-328.9019852541455
 10
347.50323297390327
 20
-328.73816003129207
 10
348.1404138482573
 20
-328.59307028480873
 10
348.89996291042826
 20
-328.40324019274
 10
349.9186449151424
 20
-328.1710307280663
 10
350.3252501548626
 20
-328.07129069602684
 10
351.3482433475904
 20
-327.86551696603897
 10
351.92321500863386
 20
-327.7476657450646
 10
352.35061288469865
 20
-327.6571348512046
 10
353.3675729135167
 20
-327.45022718045317
 10
354.5891726227037
 20
-327.18052551755056
 10
355.0387338942409
 20
-327.0838281247036
 10
355.8224283799375
 20
-326.9171171048093
 10
356.58011710753163
 20
-326.7488211108928
 10
357.0392918032444
 20
-326.6640473550095
 10
358.56303808468545
 20
-326.35396486108004
 10
359.224759489787
 20
-326.1853880925984
 10
360.58723484933364
 20
-325.8979769381478
 10
361.0556063369607
 20
-325.78148384819474
 10
362.2825149449401
 20
-325.5195805829773
 10
362.76614854684067
 20
-325.4020948775328
 10
363.0084066066652
 20
-325.3543187994034
 10
364.1592140988372
 20
-325.1455197944559
 10
365.32800253387194
 20
-324.9397528448722
 10
365.61123028459843
 20
-324.88145029558115
 10
366.0163590367425
 20
-324.8162594811175
 10
366.8597288270055
 20
-324.70171022619894
 10
367.29809927058085
 20
-324.65301682399974
 10
368.2000653050752
 20
-324.56031163643127
 10
369.0895541716301
 20
-324.46622360535554
 10
369.57330077879453
 20
-324.41152686397515
 10
370.76200318130594
 20
-324.29292297519333
 10
370.95211054289
 20
-324.273134024556
 10
372.1639239384771
 20
-324.1823961398158
 10
372.3095953608845
 20
-324.1658868029125
 10
372.3335646705118
 20
-324.16626120437184
 10
373.97534012492895
 20
-324.09818486205245
 10
374.1637951289637
 20
-324.0890978075291
 10
376.0020741495598
 20
-323.9912822813321
 10
376.53803503943755
 20
-323.96739015364176
 10
380.13533646766996
 20
-323.8379329688224
  0
LWPOLYLINE
  5
ED
330
17
100
AcDbEntity
  8
MONTAGGIO
100
AcDbPolyline
 90
219
 70
0
 10
373.16433548198563
 20
-271.0595344522485
 10
373.16433548198563
 20
-271.0595344522485
 10
372.2066975468098
 20
-271.25907150408403
 10
372.1770239111921
 20
-271.26512390488324
 10
371.5765321512979
 20
-271.39490802430834
 10
371.5358456195516
 20
-271.40054823356905
 10
371.03205755543763
 20
-271.5027353806796
 10
370.97332912895536
 20
-271.51500128473185
 10
370.51735684178516
 20
-271.6079940767146
 10
370.42839035694624
 20
-271.626209170694
 10
370.0308373950647
 20
-271.7059320632175
 10
369.90257793165443
 20
-271.7361278250967
 10
369.55157251271305
 20
-271.8050545221905
 10
369.3697987409304
 20
-271.8379979094328
 10
369.0670882995149
 20
-271.89813387964824
 10
368.8239465794101
 20
-271.9461515544483
 10
368.5807557413683
 20
-271.9945410675152
 10
368.24463342732264
 20
-272.06238848871305
 10
368.07044679433426
 20
-272.0952718196784
 10
367.65026514263934
 20
-272.1767429774104
 10
367.5570960177488
 20
-272.19670831088524
 10
367.08118073774085
 20
-272.28803867381606
 10
367.01756924627796
 20
-272.3030928776242
 10
366.99472620403253
 20
-272.3053947774624
 10
366.465575628447
 20
-272.40385421301823
 10
366.30585115667213
 20
-272.43314301269703
 10
365.8898030943648
 20
-272.5103176543194
 10
365.55337136716787
 20
-272.5786830863867
 10
365.29673645801904
 20
-272.62442511635726
 10
364.74919378898244
 20
-272.7292410880954
 10
364.67501792498433
 20
-272.74916813797483
 10
364.4365144631528
 20
-272.79106772511466
 10
364.03294552744774
 20
-272.8652076067812
 10
363.8694137313821
 20
-272.90039456205216
 10
363.3646245114949
 20
-272.9904213482672
 10
362.90105716045844
 20
-273.08005401227797
 10
362.67614100311596
 20
-273.1252625697889
 10
362.17801250756503
 20
-273.22308611146684
 10
361.96407696119365
 20
-273.263381131335
 10
361.8394343357155
 20
-273.28708952771814
 10
361.23509793977223
 20
-273.40294174557414
 10
360.6782243826392
 20
-273.51423445827476
 10
360.47533517475506
 20
-273.5566323508533
 10
360.14382388190734
 20
-273.62669015174276
 10
359.6984488003328
 20
-273.7118806078336
 10
359.3876719668044
 20
-273.77781893081453
 10
358.90195677472275
 20
-273.8744247877323
 10
358.24561616736486
 20
-274.0119756935169
 10
358.0872742448328
 20
-274.04409051303406
 10
357.950793583004
 20
-274.0721178197051
 10
357.26051221166983
 20
-274.2158232049036
 10
356.4605210535632
 20
-274.3889099994998
 10
356.40142615207003
 20
-274.403565478418
 10
356.3438280984903
 20
-274.4160281279462
 10
355.5431527459393
 20
-274.58565086369185
 10
354.7769524048449
 20
-274.7601168863496
 10
354.66236080898204
 20
-274.78189344005546
 10
354.5195798063979
 20
-274.81357863749827
 10
353.77392338249194
 20
-274.9809925898863
 10
353.1649543692522
 20
-275.12203474944033
 10
352.86969685294696
 20
-275.1864281640168
 10
352.4552144095871
 20
-275.28747135322317
 10
351.95865810701594
 20
-275.39888286705275
 10
351.60898279987543
 20
-275.48251469934485
 10
351.03521734309413
 20
-275.61538802233093
 10
350.11249105329114
 20
-275.8384706977517
 10
350.09705396199985
 20
-275.84219143205723
 10
350.0716600455803
 20
-275.8483186816903
 10
349.1587364975388
 20
-276.07298487940653
 10
348.66917935741793
 20
-276.1898900876469
 10
348.2127709462932
 20
-276.30203361728934
 10
347.256987051385
 20
-276.54670100044916
 10
347.256987051385
 20
-276.54670100044916
 10
347.256987051385
 20
-276.54670100044916
 10
346.3028131537218
 20
-276.7817025778405
 10
345.89363050785846
 20
-276.8870418084815
 10
345.32943493210246
 20
-277.0269466936387
 10
344.5751434581261
 20
-277.21663820507456
 10
344.3338354492105
 20
-277.27823153557813
 10
343.36158185827605
 20
-277.53033429331714
 10
343.3171624719936
 20
-277.54173816997184
 10
343.3077155467703
 20
-277.54844027825663
 10
342.28926647901886
 20
-277.7932146992474
 10
342.05279648815576
 20
-277.8562788462541
 10
341.2585550089145
 20
-278.0469227966381
 10
340.82176677293813
 20
-278.1588587647123
 10
340.21840820649373
 20
-278.30587022268094
 10
339.5877006159
 20
-278.46498355506174
 10
339.1840059326828
 20
-278.56763370258153
 10
338.3698208324497
 20
-278.7793079249757
 10
338.12733720927645
 20
-278.8403112600437
 10
337.15526483079077
 20
-279.09477901617163
 10
337.07190623284487
 20
-279.11732908697655
 10
336.41466621170343
 20
-279.2925476839655
 10
335.9932097411488
 20
-279.397447785581
 10
335.94233686253176
 20
-279.4088852978499
 10
334.9080058859222
 20
-279.6528027128422
 10
334.73488380172887
 20
-279.69186126023413
 10
333.80170090724323
 20
-279.90748241357915
 10
333.5371188569834
 20
-279.96922434844515
 10
332.68878885266804
 20
-280.17494483162807
 10
332.3238033195529
 20
-280.27134407372404
 10
331.5672546710001
 20
-280.46435711384163
 10
331.11327738935285
 20
-280.5827328852947
 10
330.4493946638503
 20
-280.7603793669323
 10
329.89492088128327
 20
-280.9138363581352
 10
329.3317498556802
 20
-281.07266479898817
 10
328.66744646052666
 20
-281.2678349884868
 10
328.21550248919084
 20
-281.3990727976657
 10
327.432292530341
 20
-281.6334815902007
 10
327.09186567476087
 20
-281.73836245779216
 10
326.1889154733815
 20
-282.018256303372
 10
325.9680328717609
 20
-282.08990589492726
 10
324.9461327239943
 20
-282.4181663025021
 10
324.82656228219287
 20
-282.45478367587367
 10
323.69504890852306
 20
-282.83011268785475
 10
323.69504890852306
 20
-282.83011268785475
 10
323.69504890852306
 20
-282.83011268785475
 10
322.5337924866392
 20
-283.1748061493172
 10
322.4330180887373
 20
-283.2038272876662
 10
321.3714601756522
 20
-283.5179444157048
 10
321.1611403951044
 20
-283.5783577850105
 10
320.20102427175794
 20
-283.8541133408367
 10
319.88099941630645
 20
-283.94745986646217
 10
319.0119507435811
 20
-284.1874637954693
 10
318.60198855237775
 20
-284.29941432190657
 10
317.81339868885505
 20
-284.51032737299556
 10
317.31435629612923
 20
-284.6378405648459
 10
316.60605335138325
 20
-284.8206563072053
 10
316.0174903286339
 20
-284.9596211975904
 10
315.3789565690282
 20
-285.1109041671215
 10
314.7113754902642
 20
-285.25654719274894
 10
314.1426214183829
 20
-285.37659287190456
 10
313.40397366545966
 20
-285.518652411539
 10
312.8758043727267
 20
-285.6141884868036
 10
312.0869701745921
 20
-285.7466766620588
 10
311.5884413843504
 20
-285.8130947831346
 10
310.75921623877406
 20
-285.9167602510197
 10
310.26982133377373
 20
-285.962949420774
 10
309.4300061385784
 20
-286.02855591639195
 10
308.9297689769177
 20
-286.0588796022873
 10
308.07912537181505
 20
-286.08712953033427
 10
307.5484518262903
 20
-286.0979038003416
 10
306.72711523415313
 20
-286.10884258484674
 10
306.1456684375187
 20
-286.1036412761356
 10
305.3745921427235
 20
-286.09350724359405
 10
304.72235588203455
 20
-286.06669936056016
 10
304.000498405237
 20
-286.03547394946133
 10
303.257410410343
 20
-285.98086106242795
 10
302.63548505366674
 20
-285.93689910714374
 10
301.7713371457162
 20
-285.83593812211654
 10
301.24873683752594
 20
-285.77730318517195
 10
300.2328172191772
 20
-285.6219239371479
 10
299.861154951207
 20
-285.56493619673824
 10
298.66220106910026
 20
-285.3280562974896
 10
298.46206101648664
 20
-285.29320960084243
 10
297.121058919284
 20
-284.9635994609178
 10
297.04961095577823
 20
-284.95030111207456
 10
297.0383664279152
 20
-284.9446749771259
 10
295.62938916774317
 20
-284.5396394034317
 10
295.30275234851456
 20
-284.42229715157634
 10
294.1984307558993
 20
-284.03600917494947
 10
293.4869758098286
 20
-283.7205176715969
 10
292.7675056705991
 20
-283.42028505971666
 10
291.55815876869053
 20
-282.78915721386693
 10
291.3255971089312
 20
-282.6828610422999
 10
290.7667307718691
 20
-282.3480077148587
 10
289.86178037033307
 20
-281.78598643015783
 10
289.33185617929433
 20
-281.38266101636043
 10
288.40308136553455
 20
-280.7094214957357
 10
287.100565600968
 20
-279.63712340844245
 10
286.92792612856624
 20
-279.4866911455597
 10
286.74233758413027
 20
-279.3046029706136
 10
285.4476420098083
 20
-278.05517731041493
 10
284.38075329309027
 20
-276.9621162118467
 10
283.95601118599023
 20
-276.49505933832614
 10
283.13082573037264
 20
-275.5415166231196
 10
282.46180625965303
 20
-274.7655841586626
 10
282.14061831681244
 20
-274.3764545358456
 10
280.9415182439474
 20
-272.87918494454556
 10
280.2055480800277
 20
-271.9101155366581
 10
279.4223382940565
 20
-270.8180109062158
 10
278.5367551394995
 20
-269.5270430295275
 10
277.8939084067428
 20
-268.46151169916857
 10
277.15240512383843
 20
-267.20923217784946
 10
276.34612323557667
 20
-265.676827721415
 10
275.9754769305249
 20
-264.96655896071877
 10
275.29773169149405
 20
-263.54157835612796
 10
274.9486332878699
 20
-262.81607814463524
 10
274.7689859527272
 20
-262.3909494228955
 10
274.04814156736614
 20
-260.74588870944365
 10
273.3015667416856
 20
-258.94225788947415
 10
273.22673105155354
 20
-258.7592307831063
 10
273.1534127205208
 20
-258.57286626152865
 10
272.4711113045021
 20
-256.86660114468145
 10
271.9924196980114
 20
-255.61394608302538
 10
271.7802548950722
 20
-255.0563607290367
 10
271.4696944153306
 20
-254.20089443076608
 10
271.1531263198576
 20
-253.3324652461048
 10
271.00779657396436
 20
-252.89184123376413
 10
270.59628929623676
 20
-251.68512107223825
 10
270.24795981713436
 20
-250.61280538958655
 10
270.08631756991815
 20
-250.11223322690955
 10
269.6343404015822
 20
-248.64248380974985
 10
269.628466281005
 20
-248.62753865316571
 10
269.6255518114168
 20
-248.61402161488672
 10
269.201894334595
 20
-247.2174181716051
 10
269.1014220233454
 20
-246.8799437531951
 10
268.8000129340789
 20
-245.87791430836913
 10
268.6388018124485
 20
-245.3237719121395
 10
268.42833751022056
 20
-244.61210926272454
 10
268.21123712958894
 20
-243.8931705346384
 10
268.06200782709266
 20
-243.4071711923058
 10
267.80756907486733
 20
-242.57529890279912
 10
267.7020442239044
 20
-242.24360075927103
 10
267.4125959274841
 20
-241.34024539477605
 10
267.33757716521325
 20
-241.1183747708959
 10
267.00275853706603
 20
-240.14661971910525
 10
266.97976606283044
 20
-240.06509709011385
  0
LWPOLYLINE
  5
EE
330
17
100
AcDbEntity
  8
SCARNITURA
100
AcDbPolyline
 90
110
 70
0
 10
228.71878070297345
 20
-256.88619438879095
 10
229.05642776736545
 20
-257.740995200326
 10
229.37597055323775
 20
-258.58334798243726
 10
229.68795864070395
 20
-259.45524552728773
 10
229.97847584052568
 20
-260.3249643276031
 10
230.2504046763192
 20
-261.1849682307229
 10
230.51242568839794
 20
-262.06431980664547
 10
230.7594588563787
 20
-262.9617341198531
 10
230.98262637690888
 20
-263.8436997105187
 10
231.1869422291912
 20
-264.7023248050677
 10
231.38239721443972
 20
-265.57018889116483
 10
231.56172609822013
 20
-266.4309228467611
 10
231.73616294245795
 20
-267.30751532453746
 10
231.89237142738844
 20
-268.1867016897657
 10
232.0348117230452
 20
-269.0303271327737
 10
232.17120680473366
 20
-269.8836742028212
 10
232.29702715331328
 20
-270.7305683204257
 10
232.4166045425289
 20
-271.57112331706486
 10
232.52920083536515
 20
-272.4150766369453
 10
232.6367234580593
 20
-273.2660864607825
 10
232.73223863521022
 20
-274.0932664532371
 10
232.8291856067561
 20
-274.92337378476503
 10
232.91642915656604
 20
-275.75434645120276
 10
233.0021098231972
 20
-276.5591182344667
 10
233.08761396189686
 20
-277.38720010591487
 10
233.16717262344713
 20
-278.2063656354553
 10
233.2395036412342
 20
-278.95385916394997
 10
233.3271813787393
 20
-279.71318933446133
 10
233.418349539364
 20
-280.5372754948445
 10
233.5092617972173
 20
-281.3889026000019
 10
233.58779740672344
 20
-282.2308266033021
 10
233.6635733448386
 20
-283.0447690154076
 10
233.73699978399443
 20
-283.8716462092597
 10
233.80638598840622
 20
-284.6922874232939
 10
233.87395334963364
 20
-285.5120031661287
 10
233.93785017456338
 20
-286.3254138841669
 10
233.99838053838278
 20
-287.0960820193975
 10
234.0656155375666
 20
-287.8496752658906
 10
234.13997788051483
 20
-288.63406947762496
 10
234.1855174156931
 20
-289.1751663895135
 10
234.27686499973709
 20
-289.6426278092739
 10
234.40877029787862
 20
-290.28201845770286
 10
234.5080670855589
 20
-290.72436325789243
 10
234.68382404395274
 20
-291.23520147901667
 10
234.89715192987626
 20
-291.8817475056014
 10
235.1036792498501
 20
-292.4259656695649
 10
235.37611479928498
 20
-293.0784651575141
 10
235.64065258171428
 20
-293.71685121357723
 10
235.9251546348345
 20
-294.330964548159
 10
236.24970989610006
 20
-295.0258665005483
 10
236.54763156927478
 20
-295.65221376705404
 10
236.88341396332527
 20
-296.30550910447874
 10
237.23653009580985
 20
-297.00404544824164
 10
237.54301428947576
 20
-297.59254982755033
 10
237.86923645935522
 20
-298.1673236579836
 10
238.23206927319436
 20
-298.787807308732
 10
238.57953684741037
 20
-299.36349806353905
 10
238.96377634013706
 20
-299.95763292608535
 10
239.36402986572355
 20
-300.57429568566965
 10
239.7136995323784
 20
-301.09106274375034
 10
240.12155077026884
 20
-301.6411196586921
 10
240.59199011226247
 20
-302.2779347335308
 10
240.99224574749803
 20
-302.81688236625223
 10
241.42378785413163
 20
-303.3478403241722
 10
241.91883425107096
 20
-303.95917774149825
 10
242.38833187021572
 20
-304.5321055664879
 10
242.8591317845378
 20
-305.08863060791384
 10
243.34986703439455
 20
-305.6573274442757
 10
243.8576620221574
 20
-306.23643969536806
 10
244.36429041054478
 20
-306.8102504423376
 10
244.84429488910465
 20
-307.3438396351071
 10
245.3416699115785
 20
-307.8748620750797
 10
245.88235524554062
 20
-308.44534737842145
 10
246.2999564788093
 20
-308.8905678819033
 10
246.7205985736055
 20
-309.2762000194902
 10
247.2856647848362
 20
-309.7873332227355
 10
247.85729902639144
 20
-310.3022028882559
 10
248.43549571924703
 20
-310.8130269066242
 10
249.01993553442014
 20
-311.32782819290105
 10
249.59725572551278
 20
-311.8291867680085
 10
250.1936715312386
 20
-312.3404952242257
 10
250.8204524576269
 20
-312.87792605741413
 10
251.4443858777297
 20
-313.4204494995136
 10
252.05212692619313
 20
-313.9493584091147
 10
252.74316359734257
 20
-314.5521024407433
 10
253.41410498455252
 20
-315.1802416274634
 10
254.01874502957912
 20
-315.7484237157826
 10
254.62744742259727
 20
-316.3292144194265
 10
255.20042932315982
 20
-316.88098796497627
 10
255.80480686563394
 20
-317.45441921074877
 10
256.50637845822496
 20
-318.1445566492585
 10
257.17964779851724
 20
-318.86264839572664
 10
257.7510899718967
 20
-319.49473880577756
 10
258.35647852398137
 20
-320.16412739778474
 10
258.9650694820599
 20
-320.8823426858605
 10
259.5049985222014
 20
-321.5356432484401
 10
260.04007752465236
 20
-322.1869318749026
 10
260.5990877841382
 20
-322.8816516357046
 10
261.115031230501
 20
-323.54768013041996
 10
261.62659861971684
 20
-324.20011848639274
 10
262.1775268113977
 20
-324.9241494609664
 10
262.71555938795564
 20
-325.66183006396176
 10
263.1993351979674
 20
-326.34714952475656
 10
263.694563013362
 20
-327.04348068216996
 10
264.23954962381174
 20
-327.8447482871308
 10
264.7202584009376
 20
-328.60352196178826
 10
265.1689303152838
 20
-329.3089634236426
 10
265.64076300708473
 20
-330.07319349982623
 10
266.13545036555314
 20
-330.90867178714825
 10
266.58180058586584
 20
-331.72785167221025
  0
CIRCLE
  5
EF
330
17
100
AcDbEntity
  8
RIFERIMENTO
100
AcDbCircle
 10
258.7120303169638
 20
-252.74402184420023
 30
0.0
 40
1.8
  0
CIRCLE
  5
F0
330
17
100
AcDbEntity
  8
RIFERIMENTO
100
AcDbCircle
 10
249.06841715852954
 20
-256.28269226617215
 30
0.0
 40
1.8
  0
CIRCLE
  5
F1
330
17
100
AcDbEntity
  8
RIFERIMENTO
100
AcDbCircle
 10
239.29401987458814
 20
-259.86900601212676
 30
0.0
 40
1.8
  0
CIRCLE
  5
F2
330
17
100
AcDbEntity
  8
RIFERIMENTO
100
AcDbCircle
 10
229.27472583421167
 20
-263.71336812395447
 30
0.0
 40
1.8
  0
TEXT
  5
F3
330
17
100
AcDbEntity
  8
TESTO
100
AcDbText
 10
274.8352875311528
 20
-298.59613987578786
 30
0.0
 40
4.0
  1
FODERA QUARTIERE INTERNO
 72
1
 11
274.8352875311528
 21
-298.59613987578786
 31
0.0
100
AcDbText
 73
2
  0
TEXT
  5
F4
330
17
100
AcDbEntity
  8
TESTO
100
AcDbText
 10
274.8352875311528
 20
-305.39613987578787
 30
0.0
 40
2.6
  1
Oxford cap-toe tg 42 - destra
 72
1
 11
274.8352875311528
 21
-305.39613987578787
 31
0.0
100
AcDbText
 73
2
  0
TEXT
  5
F5
330
17
100
AcDbEntity
  8
TESTO
100
AcDbText
 10
274.8352875311528
 20
-309.8161398757879
 30
0.0
 40
2.6
  1
pelle fodera (vitello) 0,8 mm
 72
1
 11
274.8352875311528
 21
-309.8161398757879
 31
0.0
100
AcDbText
 73
2
  0
TEXT
  5
F6
330
17
100
AcDbEntity
  8
TESTO
100
AcDbText
 10
274.8352875311528
 20
-314.2361398757879
 30
0.0
 40
2.6
  1
tagliare 2 per paio (dx + sx speculare)
 72
1
 11
274.8352875311528
 21
-314.2361398757879
 31
0.0
100
AcDbText
 73
2
  0
TEXT
  5
F7
330
17
100
AcDbEntity
  8
TESTO
100
AcDbText
 10
238.23206927319436
 20
-298.787807308732
 30
0.0
 40
2.2
  1
scarnire 6
 72
1
 11
238.23206927319436
 21
-298.787807308732
 31
0.0
100
AcDbText
 73
2
  0
LWPOLYLINE
  5
F8
330
17
100
AcDbEntity
  8
TESTO
100
AcDbPolyline
 90
2
 70
0
 10
289.8218489653154
 20
-322.9613356696964
 10
259.8487260969903
 20
-324.2309440818794
  0
LWPOLYLINE
  5
F9
330
17
100
AcDbEntity
  8
TESTO
100
AcDbPolyline
 90
3
 70
0
 10
263.9297830402458
 20
-326.0598711514766
 10
259.8487260969903
 20
-324.2309440818794
 10
263.7605019186214
 20
-322.0634547690333
  0
TEXT
  5
FA
330
17
100
AcDbEntity
  8
TESTO
100
AcDbText
 10
274.9622483723711
 20
-326.5934521626204
 30
0.0
 40
2.2
  1
verso del tiro
 72
1
 11
274.9622483723711
 21
-326.5934521626204
 31
0.0
100
AcDbText
 73
2
  0
LWPOLYLINE
  5
FB
330
17
100
AcDbEntity
  8
TAGLIO
100
AcDbPolyline
 90
102
 70
0
 10
558.9904937414098
 20
-439.5131019983155
 10
564.7773674059476
 20
-423.85619890354536
 10
565.4044043065963
 20
-422.27186265456777
 10
566.2050445314073
 20
-420.47630768446703
 10
567.3556277858354
 20
-418.1944848797442
 10
568.326149112685
 20
-416.46509189159775
 10
569.5065495394117
 20
-414.5318707062385
 10
571.401645807936
 20
-411.730518007929
 10
573.004771148127
 20
-409.5762386435009
 10
575.0795049129298
 20
-406.98803991685475
 10
577.5024271618166
 20
-404.10656432136125
 10
581.0669348271076
 20
-400.38902489894855
 10
583.5629685995123
 20
-397.9964746017352
 10
585.2422759654415
 20
-396.508963322312
 10
588.4118983131145
 20
-394.12611347079195
 10
590.7983506250735
 20
-392.54615403448446
 10
592.5895970869118
 20
-391.48514689823327
 10
595.565174868081
 20
-389.96923861367486
 10
599.1032501015305
 20
-388.37183661656013
 10
601.4608894933199
 20
-387.43177664830546
 10
604.9584184709087
 20
-386.22769454731235
 10
608.4231725169077
 20
-385.1765597566357
 10
611.750726880432
 20
-384.3072101417175
 10
615.2813960094052
 20
-383.5551818330877
 10
619.1983266134621
 20
-382.82824667319795
 10
621.6490343471189
 20
-382.4697784652999
 10
624.1377724160682
 20
-382.1980304324495
 10
627.8944164798788
 20
-381.93492210592797
 10
631.5635894154834
 20
-381.7585989415017
 10
636.3076166626248
 20
-381.63991116554064
 10
641.1440037651948
 20
-381.59044909145297
 10
655.7562796629511
 20
-381.64090864266603
 10
668.5725697197803
 20
-381.509522064639
 10
678.422502508603
 20
-381.55307753418185
 10
683.6785789327741
 20
-381.68345164440615
 10
687.4956336569003
 20
-381.85167118378575
 10
692.6007472880376
 20
-382.28446495145437
 10
695.3860013183881
 20
-382.7011996403803
 10
697.9154654746291
 20
-383.2031558429359
 10
701.6508197330711
 20
-384.0647233749912
 10
704.3812122336535
 20
-384.873484891252
 10
708.1946409816708
 20
-386.16329321558646
 10
711.1935423121419
 20
-387.33161839199136
 10
713.4988182718523
 20
-388.3912849484988
 10
716.1714987481229
 20
-389.7530068299516
 10
718.9222212732402
 20
-391.32511924441945
 10
720.2868222549732
 20
-392.2216827867979
 10
721.6800931576397
 20
-393.21302201483763
 10
723.0852296452351
 20
-394.28016853389045
 10
724.5020217432666
 20
-395.44202556005445
 10
725.4515231979701
 20
-396.2389424576727
 10
725.9860799847502
 20
-396.7614267421718
 10
728.8966892910963
 20
-399.84311306880414
 10
732.3671831266995
 20
-403.83580495639774
 10
735.9746519852372
 20
-408.6339099376617
 10
738.8419681453836
 20
-412.64158931045796
 10
740.7153410394583
 20
-415.5107698766529
 10
741.4602563182832
 20
-416.75125897167896
 10
742.6829600524087
 20
-418.97682741546214
 10
743.642440426125
 20
-420.99563764005774
 10
744.0393067399596
 20
-421.9583953449587
 10
744.7024623659318
 20
-423.8233587551682
 10
745.0267773679215
 20
-424.9249001627588
 10
749.6488150547187
 20
-438.81015120964946
 10
733.9449459442776
 20
-439.21371296908126
 10
725.4284743464789
 20
-439.5915642807851
 10
721.258217050749
 20
-439.8650891617459
 10
713.9295105475899
 20
-440.45284469781103
 10
708.5159390045815
 20
-440.8307455883658
 10
704.0697200088744
 20
-441.2777280660724
 10
699.7424187377909
 20
-441.6296124429407
 10
697.8984020572531
 20
-441.75332647013863
 10
695.1239513370205
 20
-441.8591796887969
 10
693.1599282820902
 20
-441.82135300100646
 10
689.7842691565583
 20
-441.51451465048297
 10
687.2855289342044
 20
-441.405117224944
 10
678.9839673615148
 20
-440.7885645427489
 10
676.3554728711152
 20
-440.6544072734067
 10
673.0141982120182
 20
-440.6049845248832
 10
669.922321249823
 20
-440.6813314386029
 10
664.186253399693
 20
-440.94685311393306
 10
658.7884673563201
 20
-441.0569658439759
 10
654.2957375209207
 20
-440.9754254224174
 10
648.5034849734287
 20
-440.6236021755553
 10
643.8534076017295
 20
-440.50831590290295
 10
641.3544414329914
 20
-440.59664779739376
 10
635.0172538506715
 20
-441.06809161194025
 10
629.0980491014877
 20
-441.54029218290134
 10
626.4032999742387
 20
-441.8418295640539
 10
624.9958509904353
 20
-441.9210646917306
 10
623.219988021214
 20
-441.92244078058155
 10
620.0916830213822
 20
-441.8321249002248
 10
616.5899154879328
 20
-441.6331840375225
 10
610.4355021720635
 20
-441.17382906083657
 10
605.1133318758573
 20
-440.8722997425174
 10
595.9499548139881
 20
-440.19644601094575
 10
590.910822225178
 20
-439.9026433298659
 10
585.7190828536579
 20
-439.6751847061605
 10
579.1898994110328
 20
-439.4708732213646
 10
571.2379331817793
 20
-439.3318415947939
 10
567.0607620501789
 20
-439.35454504637147
 10
558.9904937414098
 20
-439.5131019983155
  0
LWPOLYLINE
  5
FC
330
17
100
AcDbEntity
  8
MONTAGGIO
100
AcDbPolyline
 90
265
 70
0
 10
564.233336305696
 20
-425.41251833363697
 10
565.3786615902554
 20
-425.384614650513
 10
565.5896842754526
 20
-425.38035859705576
 10
566.8278522508185
 20
-425.3564319678611
 10
567.0287738362647
 20
-425.35362921306756
 10
568.2661364799546
 20
-425.33702735462504
 10
568.4660344039362
 20
-425.33613671291903
 10
569.6921029603648
 20
-425.3289914655826
 10
569.8929041986622
 20
-425.32890672800056
 10
571.1176945394742
 20
-425.3316273823121
 10
571.3185126375048
 20
-425.3319537097414
 10
572.5327723476773
 20
-425.3439658406717
 10
572.742950073658
 20
-425.3487535063753
 10
573.9468266223184
 20
-425.36694531862895
 10
574.1480344643065
 20
-425.3671749305539
 10
575.3517391188432
 20
-425.39088573766054
 10
575.5623670533358
 20
-425.39483006497426
 10
576.7564895875284
 20
-425.41711785166086
 10
576.9579734560867
 20
-425.4201473009234
 10
578.1524007609144
 20
-425.4426172710216
 10
578.3632634943181
 20
-425.44847299738905
 10
579.5375226084458
 20
-425.47515845633205
 10
579.7485042947977
 20
-425.48084388726056
 10
580.9225395690082
 20
-425.51366104267265
 10
581.1336130919126
 20
-425.5191965727612
 10
582.2871947962674
 20
-425.55410014154796
 10
582.508296314785
 20
-425.56121467601065
 10
583.662074516971
 20
-425.5982393062685
 10
583.8735740250092
 20
-425.6048858409923
 10
585.0170143399888
 20
-425.64427750783204
 10
585.2390625237738
 20
-425.6473617211875
 10
586.3729155157461
 20
-425.68986081295145
 10
586.5940467237249
 20
-425.70224757609503
 10
587.7285501813476
 20
-425.7466179761399
 10
587.9405084966747
 20
-425.7531155473479
 10
589.0653966396404
 20
-425.80310700070333
 10
589.2878405494874
 20
-425.81073880099734
 10
590.4036413342259
 20
-425.8608838034945
 10
590.6260903097435
 20
-425.87529603545426
 10
591.7332283188362
 20
-425.9255598271522
 10
591.9559012911066
 20
-425.94165495143915
 10
593.0543000389915
 20
-425.99722067612674
 10
593.2782725343377
 20
-426.0123221840743
 10
594.3774666326053
 20
-426.07476964763106
 10
594.6025513777153
 20
-426.0887834176407
 10
595.693656301142
 20
-426.1546174494147
 10
595.9198139771543
 20
-426.16965296683986
 10
597.0034382377861
 20
-426.23442951551834
 10
597.2302179265928
 20
-426.2550990956883
 10
598.3053644369845
 20
-426.3278180667315
 10
598.5347150592613
 20
-426.3415978160173
 10
599.6124271225851
 20
-426.4214431754301
 10
599.8429025683474
 20
-426.4395191730267
 10
600.9150096872751
 20
-426.5125788865969
 10
601.1466921290531
 20
-426.5351446521089
 10
602.2111275203531
 20
-426.6188537067521
 10
602.4455210921369
 20
-426.63832560979745
 10
603.5041758108542
 20
-426.71941461877043
 10
603.7415424778486
 20
-426.73634691466685
 10
604.7945829962915
 20
-426.81585639295037
 10
605.0452138384564
 20
-426.83305886341185
 10
606.0937632120445
 20
-426.9066722672567
 10
606.3477452876025
 20
-426.92190982921664
 10
607.3926219018023
 20
-426.98915024442954
 10
607.6398932752793
 20
-427.00021584317943
 10
608.6928650272275
 20
-427.058065487067
 10
608.9543616088717
 20
-427.07411525287796
 10
609.9936735981518
 20
-427.127495259726
 10
610.2711413471986
 20
-427.1432471811918
 10
611.295275544776
 20
-427.19999281534206
 10
611.6096111847892
 20
-427.22126066762837
 10
612.6077304035289
 20
-427.28874007377175
 10
612.9708198684715
 20
-427.3163800369681
 10
613.9109126376475
 20
-427.3876457387571
 10
614.3925504220692
 20
-427.4307550398627
 10
615.230462408601
 20
-427.49445090479037
 10
615.9043193730884
 20
-427.55288379437
 10
616.5669973904135
 20
-427.5990629741
 10
617.5430003949618
 20
-427.66566421194796
 10
617.923838684725
 20
-427.6790408078768
 10
619.3213177822345
 20
-427.7365539700536
 10
619.3357977298838
 20
-427.7414653431365
 10
619.3469306811581
 20
-427.73982111836267
 10
620.6788760372372
 20
-427.84444445048814
 10
621.3457364026127
 20
-427.87244084271885
 10
622.0726702025701
 20
-427.8994142406809
 10
623.4732623034238
 20
-427.92473196098416
 10
623.5476714251854
 20
-427.9268946131334
 10
623.586701978664
 20
-427.9291021762159
 10
624.9137247304769
 20
-427.9213055761857
 10
625.5526038756017
 20
-427.8529360689668
 10
626.3222657712137
 20
-427.7555305303095
 10
627.3471151954134
 20
-427.64978904733414
 10
627.7593458887638
 20
-427.6010416332644
 10
628.7817410861984
 20
-427.5255009425462
 10
629.3596034356428
 20
-427.48188786040816
 10
629.7926659462296
 20
-427.44656973881325
 10
630.8222220493456
 20
-427.3708331645748
 10
632.0532221582669
 20
-427.26291024585447
 10
632.5074260408231
 20
-427.22621416237143
 10
633.3043945663374
 20
-427.16418083902533
 10
634.0757572247428
 20
-427.09714387358605
 10
634.5364547374394
 20
-427.0750530864439
 10
636.0782932530061
 20
-426.97575292460226
 10
636.7558288414839
 20
-426.9013732416539
 10
638.1450477911791
 20
-426.8076237620801
 10
638.6270656907603
 20
-426.7589692647116
 10
639.890960045948
 20
-426.67248253717406
 10
640.3919278827926
 20
-426.6253878555772
 10
640.6409779485359
 20
-426.6129127930356
 10
641.820251803969
 20
-426.57233092031356
 10
643.0386263863786
 20
-426.53239183938365
 10
643.3346627115143
 20
-426.5145333653381
 10
643.7531057787071
 20
-426.5072786065947
 10
644.6192911324424
 20
-426.51330773204074
 10
645.0808160000762
 20
-426.52604331554676
 10
646.0212478974755
 20
-426.5622414013246
 10
646.9684668402205
 20
-426.5857609611451
 10
647.4794467354428
 20
-426.59739014152245
 10
648.7424010969255
 20
-426.6256517279713
 10
648.94420561015
 20
-426.6290180756944
 10
650.1784338449777
 20
-426.6861130486676
 10
650.3284985647579
 20
-426.6875790638495
 10
650.3552959527806
 20
-426.69133090756065
 10
652.1243572625705
 20
-426.8354322586532
 10
652.332459686746
 20
-426.8494876920452
 10
654.3463481526258
 20
-426.96226098490354
 10
654.9550232116833
 20
-426.9909581031891
 10
659.0223327816879
 20
-427.0589196888662
 10
659.6578439126937
 20
-427.05374737022424
 10
663.6854220747014
 20
-426.9558142681406
 10
663.9576164895851
 20
-426.94607119733104
 10
665.961195638512
 20
-426.85765062458205
 10
666.0797266921144
 20
-426.84626165693226
 10
667.730585194826
 20
-426.757653496899
 10
667.7901234852742
 20
-426.7511334084972
 10
667.7981587503801
 20
-426.7474483392843
 10
669.1736508529802
 20
-426.7013606574533
 10
669.382662802306
 20
-426.6903097783902
 10
670.4169220620643
 20
-426.66516936032826
 10
670.8545931096453
 20
-426.650694348666
 10
671.6218992030755
 20
-426.63555967015117
 10
672.3032472316161
 20
-426.6180679467493
 10
672.7767657252668
 20
-426.60663765667897
 10
673.734934095482
 20
-426.5972515693116
 10
673.907041128293
 20
-426.5922846332962
 10
674.4504579505423
 20
-426.6034188961903
 10
675.0056885942362
 20
-426.6285132845339
 10
675.2241419085445
 20
-426.62227101739103
 10
676.0026495672056
 20
-426.6516157374152
 10
676.6998205318005
 20
-426.65645341913535
 10
677.0283545629067
 20
-426.6703508443887
 10
677.7064339162367
 20
-426.7012743970584
 10
678.0972854901074
 20
-426.7313974735586
 10
678.3258859461214
 20
-426.7341056008262
 10
679.0560148774209
 20
-426.7829975267643
 10
680.0022434037995
 20
-426.81499757045026
 10
680.0648309377551
 20
-426.82159724177893
 10
680.153643165493
 20
-426.8289974090825
 10
681.1463641569652
 20
-426.9432429829061
 10
681.9698035422165
 20
-426.96068020749976
 10
682.1274261090284
 20
-426.97000078602935
 10
682.2853030840461
 20
-426.9848883545752
 10
683.2456773302731
 20
-427.0919276943054
 10
684.2822195142036
 20
-427.12769009481485
 10
684.3032882624865
 20
-427.12926375006964
 10
684.3032882624865
 20
-427.12926375006964
 10
685.283573055607
 20
-427.2239927541517
 10
685.9996296647101
 20
-427.27701618426977
 10
686.3852826233466
 20
-427.31491595698714
 10
686.963741419464
 20
-427.3285358989097
 10
687.3934751425863
 20
-427.3563220843886
 10
687.6371047361035
 20
-427.3794889159121
 10
688.550835049148
 20
-427.46241563083373
 10
689.3007174915442
 20
-427.481954361862
 10
689.6584355198114
 20
-427.51066410005706
 10
690.4251501588459
 20
-427.5229486576868
 10
690.6834836514337
 20
-427.5330559854349
 10
690.7833927720897
 20
-427.535564496339
 10
691.8947359982104
 20
-427.6578391511955
 10
692.2954725372088
 20
-427.6788859549007
 10
693.1155453572221
 20
-427.77677781036175
 10
693.7328112136381
 20
-427.8330807222638
 10
694.2784584006884
 20
-427.85542499817115
 10
695.1839492717156
 20
-427.85930872690744
 10
695.3546654367582
 20
-427.8567126840371
 10
695.7115311101447
 20
-427.82756059345775
 10
696.3241432992832
 20
-427.80286372071765
 10
696.5796422553099
 20
-427.7895724119427
 10
697.4309260516525
 20
-427.76113488678067
 10
698.03574005913
 20
-427.71159385308897
 10
698.5110929911073
 20
-427.68386680630965
 10
699.4659975990337
 20
-427.5995518925945
 10
699.5809990430266
 20
-427.59357525925134
 10
699.9832295991043
 20
-427.5559491985677
 10
700.6025938381937
 20
-427.50938336189864
 10
700.7680228081308
 20
-427.4964559413627
 10
701.7642580782103
 20
-427.4314101989534
 10
702.1659505484716
 20
-427.3864617704541
 10
702.9326343015496
 20
-427.32398175557785
 10
703.5254971630712
 20
-427.24752207922023
 10
704.1051860394169
 20
-427.20175009069004
 10
704.8624041783235
 20
-427.10951806584
 10
705.3074343721269
 20
-427.07488661903426
 10
706.1736992304193
 20
-426.9786782921248
 10
706.5440131474708
 20
-426.9552970247755
 10
707.4851723876609
 20
-426.8655199101762
 10
707.7949171235359
 20
-426.84931160855257
 10
708.7785750948419
 20
-426.76885202149066
 10
709.0613374036344
 20
-426.7547919376396
 10
710.0681634473519
 20
-426.6859467814085
 10
710.3346852710845
 20
-426.6715100224224
 10
711.3548371481367
 20
-426.596247908973
 10
711.6065513906042
 20
-426.5856363914076
 10
712.6405780668304
 20
-426.5100743524961
 10
712.8892633725535
 20
-426.49154514021654
 10
713.9277074820145
 20
-426.4103118561147
 10
714.1731679599728
 20
-426.3905284577277
 10
715.2063052008428
 20
-426.30584654829033
 10
715.4491827150075
 20
-426.2850772032818
 10
716.4879772821687
 20
-426.19781950797534
 10
716.7284028391097
 20
-426.17621395194317
 10
717.7738334649944
 20
-426.0939610623754
 10
718.0120683320458
 20
-426.07615620577644
 10
719.0642977879895
 20
-425.98982049278857
 10
719.3010650488327
 20
-425.9761126561701
 10
720.3604908458097
 20
-425.89238387370335
 10
720.5957890000495
 20
-425.88073335555316
 10
721.6529493736311
 20
-425.80316321289916
 10
721.8969449923906
 20
-425.79039431839436
 10
722.952453443233
 20
-425.72053468041423
 10
723.1948482138357
 20
-425.70598016507023
 10
724.2589914384421
 20
-425.64038752690453
 10
724.500349235375
 20
-425.6210934058881
 10
725.5730283096959
 20
-425.56431170708385
 10
725.8141476729102
 20
-425.55046906906995
 10
726.8859344631992
 20
-425.4966284139941
 10
727.1364499360576
 20
-425.48461646958356
 10
728.2068880035561
 20
-425.42894080981375
 10
728.457465377934
 20
-425.4216898490958
 10
729.5374141641428
 20
-425.3737397848528
 10
729.7868939276785
 20
-425.36363194048147
 10
730.867088025229
 20
-425.31977541194226
 10
731.126176347723
 20
-425.31003655134396
 10
732.2158813553344
 20
-425.2695005062024
 10
732.4646079163213
 20
-425.257365495586
 10
733.5638420537873
 20
-425.21843259184516
 10
733.8131954317245
 20
-425.2136801930288
 10
734.912954397116
 20
-425.1824132232583
 10
735.1712844347305
 20
-425.17206577166036
 10
736.2808140664349
 20
-425.14377191336695
 10
736.5397508756048
 20
-425.1375177703109
 10
737.6392081775377
 20
-425.1092799909804
 10
737.9084030509757
 20
-425.1025023118062
 10
739.0177725013548
 20
-425.0750892761985
 10
739.2869956713805
 20
-425.06826267007665
 10
740.3968246892147
 20
-425.0395470562074
 10
740.6657349376002
 20
-425.03497036229817
 10
741.7868539836046
 20
-425.0081163685167
 10
742.0657399138528
 20
-425.00131443125946
 10
743.1864120882381
 20
-424.9735451419055
 10
743.456073773651
 20
-424.96405898218086
 10
744.5879534686494
 20
-424.9395113297427
 10
744.867426738236
 20
-424.92970741151595
 10
745.0266862174564
 20
-424.92462633465317
  0
LWPOLYLINE
  5
FD
330
17
100
AcDbEntity
  8
SCARNITURA
100
AcDbPolyline
 90
265
 70
0
 10
734.7081383956495
 20
-425.55984383661206
 10
734.5166159327732
 20
-425.0959320721369
 10
734.290833041118
 20
-424.59227798441907
 10
734.0283947369364
 20
-424.0368281910044
 10
733.77290739106
 20
-423.5168988120984
 10
733.5000204942971
 20
-423.00098861780043
 10
733.1949600066783
 20
-422.44411457824873
 10
732.8933074787046
 20
-421.9152092654214
 10
732.531605292718
 20
-421.31244488014795
 10
732.2028842829197
 20
-420.7591768072898
 10
731.8493637524687
 20
-420.2115510714153
 10
731.46726700363
 20
-419.6118458804226
 10
731.0663865591437
 20
-419.0129737195505
 10
730.6686660495864
 20
-418.41041143219945
 10
730.2916234353419
 20
-417.865968819543
 10
729.8477445236554
 20
-417.2334761886941
 10
729.4458691546245
 20
-416.65827731008585
 10
729.0346804215934
 20
-416.09729270660927
 10
728.5433263456611
 20
-415.4257312133616
 10
728.0855692662813
 20
-414.79179424987854
 10
727.6663734385916
 20
-414.22353039201806
 10
727.2120698950282
 20
-413.6191615364551
 10
726.7312643343408
 20
-412.9794426311076
 10
726.2376457220205
 20
-412.3227601187874
 10
725.7496854454571
 20
-411.6679803681709
 10
725.295963346302
 20
-411.06035678326276
 10
724.8544369940716
 20
-410.4783119327096
 10
724.5762855675496
 20
-410.1090612367833
 10
724.2117263655593
 20
-409.6974776163503
 10
723.6459644995109
 20
-409.0338744057669
 10
723.1554437063747
 20
-408.45415772172447
 10
722.7444259981265
 20
-407.97922664948203
 10
722.2147415424286
 20
-407.39583797525086
 10
721.6835042990322
 20
-406.78626467228264
 10
721.2726123465668
 20
-406.3321596468644
 10
720.7096601147141
 20
-405.7328952456036
 10
720.2048883283073
 20
-405.1693582701941
 10
719.7955028433386
 20
-404.743162013703
 10
719.2642751869219
 20
-404.1990180163578
 10
718.8616619740508
 20
-403.7812157824559
 10
718.6473868860985
 20
-403.57862825924826
 10
718.3272964929623
 20
-403.31414866257984
 10
717.7127461226388
 20
-402.82117766699145
 10
717.1341195615815
 20
-402.3373527310441
 10
716.7088795133154
 20
-402.00307978582424
 10
716.1183923339872
 20
-401.560664998656
 10
715.6272732843051
 20
-401.18076702687534
 10
715.076559920083
 20
-400.8003650006332
 10
714.5369735779984
 20
-400.4059314247896
 10
714.0733971025998
 20
-400.10459156279103
 10
713.6206810486292
 20
-399.80557110149704
 10
713.1477118386563
 20
-399.53212395789797
 10
712.5731896792847
 20
-399.19666341596417
 10
711.939482238032
 20
-398.84919278516054
 10
711.3595365867475
 20
-398.52173679989977
 10
710.7714420810753
 20
-398.22068628593973
 10
710.1586277790763
 20
-397.89764712963665
 10
709.5448329768952
 20
-397.599411838046
 10
708.9003902720135
 20
-397.2795412729097
 10
708.29080991263
 20
-396.9950473696345
 10
707.6870789281503
 20
-396.7142891531946
 10
707.2122531075303
 20
-396.50688066532
 10
706.60988121192
 20
-396.2693485641144
 10
705.9709882098947
 20
-396.01341466231986
 10
705.3005532889132
 20
-395.76552301094284
 10
704.630078730868
 20
-395.510373773597
 10
704.0073504797895
 20
-395.29195553772314
 10
703.2969750786212
 20
-395.0450429853764
 10
702.6406772454271
 20
-394.820956962804
 10
701.9650817722022
 20
-394.60263112101524
 10
701.3026146185889
 20
-394.3896518150636
 10
700.6027624366175
 20
-394.1797289825369
 10
699.8772605362885
 20
-393.9579844430344
 10
699.3463750374893
 20
-393.80177004876225
 10
698.8205520404983
 20
-393.6707027379108
 10
698.1334788683587
 20
-393.5088536575249
 10
697.4110790472477
 20
-393.341298479729
 10
696.6480153787918
 20
-393.17084553942817
 10
695.9491535260445
 20
-393.01107043164
 10
695.25582374078
 20
-392.86889651047613
 10
694.5583427068815
 20
-392.7230923865402
 10
693.9199376986523
 20
-392.6037697942133
 10
693.2444974257062
 20
-392.4842241630158
 10
692.6260356185635
 20
-392.3825061650042
 10
691.9871260452464
 20
-392.29283878159976
 10
691.4865485991744
 20
-392.22373004697323
 10
690.9198933397738
 20
-392.1808006851223
 10
690.0342904972788
 20
-392.10543855311505
 10
689.2463346866431
 20
-392.02735814275195
 10
688.5110312675216
 20
-391.96664077885
 10
687.7443370845801
 20
-391.90040656042197
 10
687.1207583693378
 20
-391.85189673274317
 10
686.4974520059831
 20
-391.8208220458306
 10
685.720959010762
 20
-391.7889322763153
 10
684.8674740495542
 20
-391.74949851007443
 10
684.090503617961
 20
-391.70909457362507
 10
683.4360552638522
 20
-391.68156162500316
 10
682.6681723568239
 20
-391.66443046908034
 10
681.7887576350513
 20
-391.63383086365445
 10
681.042490899137
 20
-391.6048891597166
 10
680.3583394603426
 20
-391.5885157728375
 10
679.5889702480506
 20
-391.576982316874
 10
678.7746338511353
 20
-391.56246107253946
 10
678.0193770161156
 20
-391.5489112526651
 10
677.255296668579
 20
-391.5423498817846
 10
676.4330441535419
 20
-391.53377514939325
 10
675.6498583206906
 20
-391.5235732248442
 10
674.8926834080316
 20
-391.51840610120905
 10
674.1060808181501
 20
-391.5151004892602
 10
673.3234212149512
 20
-391.5119593287616
 10
672.5416132542691
 20
-391.5115476387535
 10
671.708884677635
 20
-391.5113615316852
 10
670.9128773778469
 20
-391.5058587617696
 10
670.2115877124181
 20
-391.5063350970262
 10
669.361152900091
 20
-391.51701093943416
 10
668.5756962577484
 20
-391.50970947713125
 10
667.8859349960585
 20
-391.52163012375246
 10
667.050125903062
 20
-391.5326176927689
 10
666.2311634215043
 20
-391.54014759828965
 10
665.5039627896182
 20
-391.5468372558537
 10
664.7459175264149
 20
-391.56518239044215
 10
663.9123292248411
 20
-391.5803109308796
 10
663.0033197023604
 20
-391.59555455802
 10
662.1921630420018
 20
-391.5927916629171
 10
661.4795653748388
 20
-391.6041560815103
 10
660.6504422456039
 20
-391.6158467111064
 10
659.7681990298022
 20
-391.62423432135313
 10
658.9509392930772
 20
-391.62257719559796
 10
658.1983806140076
 20
-391.62750092969156
 10
657.3794233473593
 20
-391.6336624434989
 10
656.558341369102
 20
-391.6360096893184
 10
655.7056900466362
 20
-391.6388738834954
 10
654.8248705059232
 20
-391.6323680354341
 10
654.0333218013516
 20
-391.6225004913416
 10
653.2609316296415
 20
-391.6181938851645
 10
652.48168452051
 20
-391.61292650077803
 10
651.6560360426633
 20
-391.611755307357
 10
650.8378360279858
 20
-391.6022928041038
 10
650.0578857362752
 20
-391.5986081366407
 10
649.2532040544531
 20
-391.59261592608067
 10
648.4680256730461
 20
-391.5882748826748
 10
647.6816360644806
 20
-391.58489819756693
 10
646.8907758474963
 20
-391.5828371571331
 10
646.110209621331
 20
-391.58105336934375
 10
645.3128473730264
 20
-391.58223464121363
 10
644.508395749659
 20
-391.5810049282602
 10
643.7334519817337
 20
-391.5816084374233
 10
642.9502999109308
 20
-391.58449847082
 10
642.1564516251246
 20
-391.5879542278307
 10
641.339817672862
 20
-391.5921072966952
 10
640.5658871844378
 20
-391.59296394233513
 10
639.8051226094955
 20
-391.60107364063225
 10
638.9962358008104
 20
-391.60856745080076
 10
638.1992575531569
 20
-391.61567347027466
 10
637.4416215373249
 20
-391.62322619574456
 10
636.6814696658689
 20
-391.6366642766846
 10
635.904042380414
 20
-391.6507984471952
 10
635.0984356005574
 20
-391.66873262888663
 10
634.3030994821895
 20
-391.6824338757511
 10
633.5688752883783
 20
-391.6995839510346
 10
632.8257602189058
 20
-391.72234216638776
 10
632.0577557044903
 20
-391.7491625600431
 10
631.2784785631691
 20
-391.7780571255999
 10
630.5524206843061
 20
-391.8062754334873
 10
629.8337970117683
 20
-391.8438169690876
 10
629.0547120000883
 20
-391.88703675419697
 10
628.2973871336745
 20
-391.9294714730907
 10
627.5365117388026
 20
-391.97823198848266
 10
626.7679822409041
 20
-392.02727212299874
 10
626.0415325380723
 20
-392.07822663803665
 10
625.3572760292617
 20
-392.1317568074023
 10
624.6794695166781
 20
-392.195137977613
 10
624.0051864750959
 20
-392.26422219477377
 10
623.2906829206042
 20
-392.34895691971246
 10
622.5878923781871
 20
-392.43235967641556
 10
621.9341156159772
 20
-392.5222651713544
 10
621.2944291238438
 20
-392.6165255697039
 10
620.6415933045513
 20
-392.727137280957
 10
619.9113377671999
 20
-392.856037821005
 10
619.1906942304594
 20
-392.98638708745773
 10
618.4615315250991
 20
-393.1255008947522
 10
617.701216690738
 20
-393.2723484956511
 10
616.9534034807175
 20
-393.41902585474173
 10
616.1899958121568
 20
-393.57268051730006
 10
615.4976962159141
 20
-393.7112146334913
 10
614.8533497260476
 20
-393.8540727397497
 10
614.1828218941147
 20
-394.00809270571324
 10
613.5027002922081
 20
-394.17489533433667
 10
612.8012286549177
 20
-394.35107462093606
 10
612.1367880845698
 20
-394.5247075797381
 10
611.4542184800986
 20
-394.7130821110737
 10
610.7401925474849
 20
-394.9140179180867
 10
610.0839427459483
 20
-395.10301485379676
 10
609.4172675438256
 20
-395.30811539077854
 10
608.7027659998589
 20
-395.5303140462446
 10
608.0542699871829
 20
-395.7366493135165
 10
607.3619025220935
 20
-395.97082255404297
 10
606.6269379698399
 20
-396.216361372605
 10
605.9473950003105
 20
-396.4497844101459
 10
605.3103573826494
 20
-396.67412994113494
 10
604.717024230703
 20
-396.8947663669239
 10
604.1005751494253
 20
-397.1359100384246
 10
603.4519994309165
 20
-397.3978833017363
 10
602.8172679555914
 20
-397.6608052794812
 10
602.1984836457656
 20
-397.9273117017576
 10
601.5369775490327
 20
-398.2215888353734
 10
600.9319107389645
 20
-398.49246579393355
 10
600.3236878506242
 20
-398.7840477338249
 10
599.6825472600466
 20
-399.0912259873701
 10
599.0829878555635
 20
-399.39150986426296
 10
598.4250928195347
 20
-399.728608740807
 10
597.7586404743181
 20
-400.07239157300546
 10
597.285953788128
 20
-400.31767773532204
 10
596.8446315428552
 20
-400.579184216801
 10
596.3239389200346
 20
-400.8912054162741
 10
595.7250208013904
 20
-401.27506163633427
 10
595.2050256415974
 20
-401.59718217782165
 10
594.6811856530386
 20
-401.96380061938953
 10
594.1547023282349
 20
-402.31406427451236
 10
593.64909118736
 20
-402.694199903397
 10
593.0762270420975
 20
-403.10607916075196
 10
592.5257832027553
 20
-403.5343641497603
 10
591.8874642989834
 20
-404.0153372330873
 10
591.5377935067913
 20
-404.28152815426967
 10
591.2002948762362
 20
-404.58178212761254
 10
590.7045618171092
 20
-405.0249150883373
 10
590.1912539716142
 20
-405.49896459744184
 10
589.6255755430172
 20
-406.0260366234986
 10
589.1739215388768
 20
-406.4452442906684
 10
588.6552498933228
 20
-406.96692545464066
 10
588.1417260133621
 20
-407.45676583226935
 10
587.668084496156
 20
-407.952076241013
 10
587.1102504284133
 20
-408.5115618328125
 10
586.6643597862812
 20
-408.97807742478903
 10
586.1083662462515
 20
-409.5715891801678
 10
585.5333130687947
 20
-410.169812252465
 10
585.082510692921
 20
-410.6448252277004
 10
584.727498256515
 20
-411.0351809100516
 10
584.3190659530655
 20
-411.5184195762658
 10
583.8570941913179
 20
-412.06310924835003
 10
583.3799605480958
 20
-412.6458415204625
 10
582.883364425003
 20
-413.243245483693
 10
582.4221811888543
 20
-413.8119148921229
 10
581.9129344846319
 20
-414.44214698136307
 10
581.4522028711083
 20
-415.00722100630406
 10
581.0583979126131
 20
-415.50946095122623
 10
580.617856694267
 20
-416.0882660580669
 10
580.1910754255049
 20
-416.64834646313784
 10
579.8013067960214
 20
-417.1817578297003
 10
579.3958301401946
 20
-417.7466898706024
 10
579.0125009227546
 20
-418.29449102625364
 10
578.6296116197623
 20
-418.8593329865659
 10
578.2407208287148
 20
-419.4442400851621
 10
577.8882051988911
 20
-419.9860404326454
 10
577.5492633585934
 20
-420.5324424128858
 10
577.1953100068943
 20
-421.11670832936005
 10
576.847520938282
 20
-421.70737021507546
 10
576.5284360612405
 20
-422.2618266682415
 10
576.2359876116388
 20
-422.79768537995966
 10
575.9278283669468
 20
-423.3851202074869
 10
575.6228184576323
 20
-423.98164374898624
 10
575.3402377778538
 20
-424.55586294072884
 10
575.0717770992087
 20
-425.125716956438
 10
574.8306788259057
 20
-425.6602107748703
 10
574.5903592782313
 20
-426.2344576617578
  0
LWPOLYLINE
  5
FE
330
17
100
AcDbEntity
  8
ASSE
100
AcDbPolyline
 90
4
 70
0
 10
658.8564803676142
 20
-388.74711883528727
 10
658.8354988235728
 20
-384.3893546168545
 10
658.835498823541
 20
-384.3893546012819
 10
658.8216030354964
 20
-381.61748936140606
  0
LWPOLYLINE
  5
FF
330
17
100
AcDbEntity
  8
ASSE
100
AcDbPolyline
 90
10
 70
0
 10
658.9330389255831
 20
-403.65471358078094
 10
658.9330389255776
 20
-403.65471357979084
 10
658.9330389255704
 20
-403.6547135784307
 10
658.9330389255596
 20
-403.6547135763788
 10
658.9330389255406
 20
-403.6547135727452
 10
658.933038925493
 20
-403.6547135636216
 10
658.8829014620552
 20
-394.02656324009814
 10
658.8829014620177
 20
-394.0265632278751
 10
658.8564803676318
 20
-388.7471188441934
 10
658.8564803676142
 20
-388.74711883528727
  0
LWPOLYLINE
  5
100
330
17
100
AcDbEntity
  8
ASSE
100
AcDbPolyline
 90
14
 70
0
 10
658.9330389256415
 20
-403.65471359212546
 10
658.9365983747138
 20
-404.4343067274161
 10
658.967363013146
 20
-411.17240030595127
 10
658.9673630129323
 20
-411.1724003199794
 10
658.9671144440898
 20
-414.3786444341366
 10
658.9671144435752
 20
-414.37864445333025
 10
658.9603137637704
 20
-416.87559226147016
 10
658.9603137630296
 20
-416.8755922819856
 10
658.9541626973489
 20
-419.0091283548834
 10
658.9541626965863
 20
-419.00912837253765
 10
658.9521628793493
 20
-420.91323530120275
 10
658.9521628786838
 20
-420.9132353151105
 10
658.9571838291407
 20
-422.6566289387868
 10
658.9571838285185
 20
-422.6566289513285
  0
LWPOLYLINE
  5
101
330
17
100
AcDbEntity
  8
TACCHE
100
AcDbPolyline
 90
2
 70
0
 10
658.8216460865316
 20
-381.622028901614
 10
658.831560995075
 20
-384.622012517334
  0
TEXT
  5
102
330
17
100
AcDbEntity
  8
TESTO
100
AcDbText
 10
624.2604109938391
 20
-398.05913768325826
 30
0.0
 40
4.0
  1
CONTRAFFORTE
 72
1
 11
624.2604109938391
 21
-398.05913768325826
 31
0.0
100
AcDbText
 73
2
  0
TEXT
  5
103
330
17
100
AcDbEntity
  8
TESTO
100
AcDbText
 10
624.2604109938391
 20
-404.85913768325827
 30
0.0
 40
2.6
  1
Oxford cap-toe tg 42 - destra
 72
1
 11
624.2604109938391
 21
-404.85913768325827
 31
0.0
100
AcDbText
 73
2
  0
TEXT
  5
104
330
17
100
AcDbEntity
  8
TESTO
100
AcDbText
 10
624.2604109938391
 20
-409.2791376832582
 30
0.0
 40
2.6
  1
termoplastico / cuoio 1,6 mm
 72
1
 11
624.2604109938391
 21
-409.2791376832582
 31
0.0
100
AcDbText
 73
2
  0
TEXT
  5
105
330
17
100
AcDbEntity
  8
TESTO
100
AcDbText
 10
624.2604109938391
 20
-413.69913768325824
 30
0.0
 40
2.6
  1
tagliare 2 per paio (dx + sx speculare)
 72
1
 11
624.2604109938391
 21
-413.69913768325824
 31
0.0
100
AcDbText
 73
2
  0
TEXT
  5
106
330
17
100
AcDbEntity
  8
TESTO
100
AcDbText
 10
654.8248705059232
 20
-391.6323680354341
 30
0.0
 40
2.2
  1
scarnire 10
 72
1
 11
654.8248705059232
 21
-391.6323680354341
 31
0.0
100
AcDbText
 73
2
  0
LWPOLYLINE
  5
107
330
17
100
AcDbEntity
  8
TESTO
100
AcDbPolyline
 90
2
 70
0
 10
637.2942455798778
 20
-430.4833653187621
 10
611.2265764078003
 20
-415.63491004775443
  0
LWPOLYLINE
  5
108
330
17
100
AcDbEntity
  8
TESTO
100
AcDbPolyline
 90
3
 70
0
 10
613.7123686126768
 20
-419.3525486953606
 10
611.2265764078003
 20
-415.63491004775443
 10
615.6921626488112
 20
-415.8768594724169
  0
TEXT
  5
109
330
17
100
AcDbEntity
  8
TESTO
100
AcDbText
 10
622.7755654667383
 20
-425.665904600466
 30
0.0
 40
2.2
  1
verso del tiro
 72
1
 11
622.7755654667383
 21
-425.665904600466
 31
0.0
100
AcDbText
 73
2
  0
LWPOLYLINE
  5
10A
330
17
100
AcDbEntity
  8
TAGLIO
100
AcDbPolyline
 90
113
 70
0
 10
470.69305776536584
 20
-145.30363211696837
 10
470.01395438096216
 20
-144.11649857965887
 10
469.5336853120427
 20
-143.04895362047702
 10
469.0573536045999
 20
-141.69422408929583
 10
468.83692169197985
 20
-140.87386376744064
 10
468.62710657650126
 20
-139.81301475081648
 10
468.0230274861928
 20
-137.71907390727384
 10
467.5272895092568
 20
-135.5566957526521
 10
467.14933507488576
 20
-133.17398504552324
 10
466.61011091452093
 20
-130.3916204621106
 10
466.3729243731529
 20
-128.75810386216637
 10
465.59444812665845
 20
-122.27567468333518
 10
465.05050357550135
 20
-116.06727277725763
 10
464.6389706904305
 20
-110.42842842168172
 10
464.25916506300706
 20
-103.74781100967432
 10
463.98105186044904
 20
-97.61156803455289
 10
463.76624349353335
 20
-91.31401975642251
 10
463.6410943963478
 20
-85.27627235473389
 10
463.61431285852285
 20
-80.4647489253777
 10
463.6600906903518
 20
-74.31560335673963
 10
463.7696170654677
 20
-69.55486493843719
 10
464.03294956542726
 20
-62.75080758311843
 10
464.3968650151802
 20
-55.370433460802985
 10
464.7062489884398
 20
-50.2659159729063
 10
464.866068981915
 20
-48.096460663085
 10
465.0957268088579
 20
-46.31960266318731
 10
465.2550385277189
 20
-42.83600851095515
 10
465.4476921468121
 20
-40.08642864179926
 10
465.65140869904326
 20
-37.79261465166897
 10
465.91665867009766
 20
-36.1575682983714
 10
465.99332463454186
 20
-34.03240192302985
 10
466.206681613413
 20
-31.27635461597191
 10
466.3777077927346
 20
-29.68179888681314
 10
466.6548209008837
 20
-28.095292690411767
 10
466.69873124133403
 20
-26.484056225425718
 10
466.83883845922696
 20
-24.862732225312726
 10
467.04705120314475
 20
-23.220960515470637
 10
467.38640737705873
 20
-21.526254680641216
 10
467.4656330576941
 20
-19.700630047998658
 10
467.7734603169851
 20
-17.512380366789984
 10
468.1611975597918
 20
-15.999101233410784
 10
468.32494879985205
 20
-15.13773461868081
 10
468.42807020208414
 20
-13.996886288554208
 10
468.6680338913985
 20
-12.66414991068666
 10
469.0877469488619
 20
-11.040949336581662
 10
469.5590662392661
 20
-9.655311245266006
 10
472.41837296790817
 20
0.0
 10
475.63761137937024
 20
-1.4388416277172382
 10
482.0566083997586
 20
-3.918227386326407
 10
484.89878158855527
 20
-5.065899855588526
 10
487.61988775056767
 20
-6.227417503877064
 10
490.8357670823738
 20
-7.679889571976048
 10
494.71029926780227
 20
-9.498670858255991
 10
498.8079225940674
 20
-11.529885930703585
 10
502.8184378750633
 20
-13.656010033948093
 10
506.7382154727524
 20
-15.867647126173694
 10
510.63536968186384
 20
-18.258211585243345
 10
514.1228724695749
 20
-20.554468862280515
 10
515.8088808518442
 20
-21.74581205640203
 10
519.0899888236596
 20
-24.23519188028294
 10
521.564863512107
 20
-26.234902492132136
 10
524.8432405618248
 20
-29.050476553293464
 10
527.1502799794816
 20
-31.161379654286975
 10
529.4555332468526
 20
-33.449674015501714
 10
530.9218521844211
 20
-35.00717078177463
 10
531.789519060611
 20
-36.00398101906465
 10
534.5076850652505
 20
-39.273037036835404
 10
535.5010290261298
 20
-40.562251887359054
 10
536.6093236803047
 20
-42.158735086717044
 10
538.1107722006745
 20
-44.494132540512766
 10
538.9688059992418
 20
-46.036828462510286
 10
540.2687777918122
 20
-48.61370578213243
 10
541.4347311662071
 20
-51.39316173229946
 10
542.5475385246756
 20
-54.62004566502563
 10
543.2682185120889
 20
-57.12935238708744
 10
543.8379288099158
 20
-59.487617130449976
 10
544.9063381646026
 20
-64.83349822250936
 10
545.3598861224726
 20
-67.45878341333535
 10
546.0368585145376
 20
-70.14956708806574
 10
546.3260728082844
 20
-71.75510014749112
 10
546.4523812385725
 20
-72.84504300438027
 10
546.5991896156175
 20
-75.90460876954818
 10
546.3721857014727
 20
-78.80041153424654
 10
546.1697381703095
 20
-80.12228208713503
 10
545.8490918039266
 20
-81.5886870734772
 10
545.1562235059585
 20
-84.07311727614322
 10
544.8696821072613
 20
-85.62431085237743
 10
543.9966372975118
 20
-89.680500868322
 10
542.9947914274048
 20
-93.7956950184962
 10
542.2427646144233
 20
-96.2892851533839
 10
541.2043790522445
 20
-99.08705284137343
 10
540.2414377859704
 20
-101.25791855329106
 10
539.3241697078512
 20
-103.17719976733018
 10
538.0809217553167
 20
-105.41419061271117
 10
536.8061531899795
 20
-107.54042044487024
 10
534.8441487104044
 20
-110.36131845784217
 10
532.4562867761115
 20
-113.3941701457049
 10
530.0143942924185
 20
-116.25787309283052
 10
527.8275667994927
 20
-118.6031462732308
 10
525.3448286313923
 20
-121.07529390256364
 10
521.9698144876932
 20
-124.22780276105422
 10
518.3082278053142
 20
-127.4120939693194
 10
515.9227768608467
 20
-129.32872551373333
 10
512.7056935475143
 20
-131.79135286065718
 10
508.43140191795226
 20
-134.89471485245662
 10
505.8433151084029
 20
-136.66297263317193
 10
502.258327962762
 20
-139.02557741353783
 10
496.87927872362434
 20
-142.3879369413433
 10
489.43668576103715
 20
-146.73908499094324
 10
485.417892856887
 20
-148.92786338824834
 10
476.6782721599313
 20
-153.38411122768807
 10
475.0566281319455
 20
-154.31114857599124
 10
470.69305776536584
 20
-145.30363211696837
  0
LWPOLYLINE
  5
10B
330
17
100
AcDbEntity
  8
MONTAGGIO
100
AcDbPolyline
 90
316
 70
0
 10
470.6928379182488
 20
-145.30317829533658
 10
471.8220824372858
 20
-144.63885356121062
 10
471.86487142228333
 20
-144.6145589652906
 10
473.02690637023574
 20
-144.0085709989006
 10
473.0905424771988
 20
-143.9765863614778
 10
474.26571741067954
 20
-143.3778008621033
 10
474.3470032773647
 20
-143.3368239504195
 10
475.5136647675981
 20
-142.7474550179709
 10
475.61565800938115
 20
-142.69854410408692
 10
476.77254840118405
 20
-142.11202061001387
 10
476.8908167394226
 20
-142.05184614636738
 10
478.04415415420794
 20
-141.47530051204234
 10
478.17101283875877
 20
-141.41003155279253
 10
479.3156654789857
 20
-140.82583341346378
 10
479.4466695869756
 20
-140.76234941023966
 10
480.58146683275436
 20
-140.17032265952332
 10
480.7200831994234
 20
-140.10003327974056
 10
481.8366245391085
 20
-139.50586277453118
 10
481.9769173724742
 20
-139.43157952616872
 10
483.07935961251985
 20
-138.8283854324501
 10
483.23710593634894
 20
-138.7460532059715
 10
484.3097917220388
 20
-138.1450656100163
 10
484.4783799429567
 20
-138.0548922584279
 10
485.5226922919429
 20
-137.45863897152074
 10
485.7135891621283
 20
-137.3464872075105
 10
486.7428647876262
 20
-136.75173070826872
 10
486.9489083756127
 20
-136.62543093576755
 10
487.9726971768068
 20
-136.03702640983107
 10
488.1789879078832
 20
-135.9100536194561
 10
489.2282985868485
 20
-135.30428421586592
 10
489.4225545059895
 20
-135.18856001169428
 10
490.4760461884184
 20
-134.56779909997226
 10
490.66200079157375
 20
-134.45753984137178
 10
491.72757930475507
 20
-133.81705659329882
 10
491.89327685350037
 20
-133.71490891768008
 10
492.9717823939847
 20
-133.05848678853994
 10
493.1291317119052
 20
-132.96212933449874
 10
494.20700009416663
 20
-132.29143624712248
 10
494.3564018929163
 20
-132.20006847242269
 10
495.43834612684543
 20
-131.5177938589566
 10
495.57334727449006
 20
-131.4256919934287
 10
496.66556250215586
 20
-130.7306483840679
 10
496.79032274034444
 20
-130.6529486092719
 10
497.87742844090366
 20
-129.9429763020281
 10
498.00238963941047
 20
-129.86499485459896
 10
499.08392566491585
 20
-129.1519449802317
 10
499.20378480295545
 20
-129.072615576747
 10
500.28682135244395
 20
-128.34880538504447
 10
500.3984308850107
 20
-128.2738755598645
 10
501.48033203751737
 20
-127.54207996398284
 10
501.58403024306995
 20
-127.47212695474384
 10
502.6736423805706
 20
-126.71799795238253
 10
502.7579910709659
 20
-126.65988605761845
 10
503.8486536589238
 20
-125.88773680554444
 10
503.93283985832227
 20
-125.82862444754521
 10
505.0277450974425
 20
-125.03228474968074
 10
505.0927351292553
 20
-124.984539585037
 10
506.21628606739364
 20
-124.14679601786825
 10
506.25084092675553
 20
-124.12838731707109
 10
506.75000037154877
 20
-123.75831419558219
 10
507.46292311114763
 20
-123.2089771626299
 10
507.51527701153
 20
-123.16766588488994
 10
508.5932347290673
 20
-122.35459924702498
 10
508.74517482914376
 20
-122.2372403592583
 10
509.735502758389
 20
-121.47266803038835
 10
509.95887424371546
 20
-121.29674597999137
 10
510.86454744502583
 20
-120.57914416784183
 10
511.15217578528353
 20
-120.34351919957922
 10
511.99217684785094
 20
-119.65919126749343
 10
512.3216410659206
 20
-119.3748897199396
 10
513.1009065224154
 20
-118.7254114620452
 10
513.4602362306346
 20
-118.40738496170182
 10
514.1895121062885
 20
-117.77193296304063
 10
514.5743134961174
 20
-117.43231369948596
 10
515.2673427850239
 20
-116.80642389620672
 10
515.6614513305545
 20
-116.43682050576136
 10
516.3340646388644
 20
-115.81835814205769
 10
516.7697652095811
 20
-115.4147315476718
 10
517.3941557348386
 20
-114.82834917026393
 10
517.9180792629481
 20
-114.33586758680354
 10
518.4693868452534
 20
-113.8138687785818
 10
519.0870000548472
 20
-113.21160451667609
 10
519.5256665213187
 20
-112.78045690017173
 10
520.2307436956374
 20
-112.06370831667235
 10
520.5791260093027
 20
-111.71401721458709
 10
521.3748235245739
 20
-110.87681409961955
 10
521.6207946784199
 20
-110.61604152610158
 10
522.5265176575361
 20
-109.62703304531267
 10
522.655593624328
 20
-109.48675571373988
 10
523.466929761779
 20
-108.5268625833491
 10
523.7113819079522
 20
-108.22886051448086
 10
523.7730143964988
 20
-108.15924142772974
 10
524.6919225804619
 20
-107.09221505091726
 10
524.994953551732
 20
-106.71886101902436
 10
525.6773519227476
 20
-105.87973073859419
 10
526.2700595661478
 20
-105.10784420784297
 10
526.6522902162602
 20
-104.62604081617799
 10
527.451586258859
 20
-103.48436560388198
 10
527.6640671958364
 20
-103.18897976666221
 10
527.8316571159968
 20
-102.94199375152425
 10
528.567980992964
 20
-101.8718651738272
 10
529.3975177158502
 20
-100.45188259927187
 10
529.4797832921555
 20
-100.31317106687109
 10
529.5611965859791
 20
-100.1636906160298
 10
530.3013147813639
 20
-98.86581677978236
 10
530.9131742702098
 20
-97.58528847125832
 10
531.1302744092305
 20
-97.13642587182429
 10
531.5188180172916
 20
-96.27750064673346
 10
531.8503903376676
 20
-95.55110952529196
 10
532.0422985291223
 20
-95.04344818023964
 10
532.6479568005241
 20
-93.47155935067342
 10
532.854625519354
 20
-92.76779254336148
 10
533.288965211822
 20
-91.3880219279997
 10
533.4106854691526
 20
-90.89732627648505
 10
533.6573013413249
 20
-89.97656971615989
 10
533.8033285571375
 20
-89.3726387825636
 10
533.880068230686
 20
-89.04398034645384
 10
534.0807244312518
 20
-88.1741688249294
 10
534.2202714116996
 20
-87.5774863489427
 10
534.3212842539623
 20
-87.10791418863774
 10
534.469780411905
 20
-86.32727182843425
 10
534.50311794106
 20
-86.13989501451557
 10
534.5139742055479
 20
-86.08267338386605
 10
534.6733748571563
 20
-85.39150573498479
 10
534.715870039948
 20
-85.1953024474121
 10
534.8288654421315
 20
-84.71828592929756
 10
534.8969483996434
 20
-84.39621509021876
 10
534.9735569708771
 20
-84.06482217673124
 10
535.0657827804637
 20
-83.64211261058716
 10
535.1125370622724
 20
-83.43385672523556
 10
535.2026003889167
 20
-82.91171190726197
 10
535.2288841996937
 20
-82.78971105086413
 10
535.3256288364862
 20
-82.23663419808378
 10
535.3298997425529
 20
-82.18743026664214
 10
535.4039544307367
 20
-81.79399298861786
 10
535.4480860503697
 20
-81.64116403182051
 10
535.4480860503697
 20
-81.64116403182051
 10
535.6068460167833
 20
-81.10041237458262
 10
535.6162878032372
 20
-81.07370436658437
 10
535.7766236761515
 20
-80.51017985756337
 10
535.7885643025419
 20
-80.47438180395652
 10
535.9690667114552
 20
-79.84927147385261
 10
535.9786409779815
 20
-79.81483622270741
 10
536.1682420937378
 20
-79.08246540941956
 10
536.1830053065903
 20
-79.02334249355104
 10
536.3819357443919
 20
-78.07315626229234
 10
536.4107518826006
 20
-77.9230083838019
 10
536.5985866117624
 20
-75.79077194015106
 10
536.6028912057017
 20
-75.63254607102155
 10
536.4706656244673
 20
-73.4494877230704
 10
536.4580319564116
 20
-73.37599794097899
 10
536.2901879479739
 20
-72.4004905161761
 10
536.2828772939245
 20
-72.3540739159349
 10
536.1159366375127
 20
-71.61540595989266
 10
536.1049113546777
 20
-71.56983330249227
 10
535.9436477467043
 20
-70.94628102678604
 10
535.9366568415927
 20
-70.92279958142223
 10
535.7890705535282
 20
-70.36519221293948
 10
535.7824054599697
 20
-70.3397870454947
 10
535.6350499672325
 20
-69.81922036967649
 10
535.6303820714259
 20
-69.80332906110421
 10
535.5670232063097
 20
-69.5592081349195
 10
535.5208996627524
 20
-69.27571068646702
 10
535.5156869180603
 20
-69.25351355825008
 10
535.4423842733062
 20
-68.75595366638868
 10
535.4231507632854
 20
-68.66029674617616
 10
535.3642307295494
 20
-68.22295303447298
 10
535.3273336913215
 20
-68.0585637979287
 10
535.2715887669756
 20
-67.67535687744771
 10
535.2177147207473
 20
-67.4450301292355
 10
535.1722625516489
 20
-67.1242775464071
 10
535.0939828215425
 20
-66.79166486715233
 10
535.0574914046703
 20
-66.55095178156454
 10
534.9547442901819
 20
-66.11405843066198
 10
534.9279787355775
 20
-65.9646741052644
 10
534.7985219092288
 20
-65.39217529435342
 10
534.7940590623145
 20
-65.33677181530935
 10
534.7330621622078
 20
-65.03911004179088
 10
534.6752768583531
 20
-64.60810162554107
 10
534.6406049277575
 20
-64.4632670784748
 10
534.5439868831859
 20
-63.87887207275443
 10
534.4409826465977
 20
-63.44043834284034
 10
534.3777660095263
 20
-63.102120631262935
 10
534.1901809038209
 20
-62.26537384789262
 10
534.1901809038209
 20
-62.26537384789262
 10
534.1859138236703
 20
-62.255337960706754
 10
534.0205397053263
 20
-61.389950218649616
 10
533.8623451526183
 20
-60.81577786118726
 10
533.7939213096345
 20
-60.49136738691858
 10
533.6720923173588
 20
-60.000144184213696
 10
533.5397394142758
 20
-59.44379065368905
 10
533.4120757295725
 20
-59.043006001905454
 10
533.2628620326782
 20
-58.50735322949613
 10
533.0904338861316
 20
-57.91357424567427
 10
532.9421377296807
 20
-57.40146177467227
 10
532.7616280674357
 20
-56.90864118508064
 10
532.6092016970438
 20
-56.420639199512294
 10
532.4604136360412
 20
-55.99416253423948
 10
532.2126347182245
 20
-55.26006451257433
 10
531.8513943120357
 20
-54.39852814503766
 10
531.8121410054648
 20
-54.29046428842699
 10
531.784583389832
 20
-54.2212351783148
 10
531.2886337774718
 20
-53.01336021313749
 10
530.9604135805062
 20
-52.343443244158706
 10
530.7605329935778
 20
-51.92928899873539
 10
530.4310905220722
 20
-51.30970153950024
 10
530.2684714231671
 20
-50.98369470490711
 10
530.1830562102932
 20
-50.81287138228251
 10
529.6187309028167
 20
-49.7747797168352
 10
529.2179584105297
 20
-49.13026933202946
 10
528.9785975953396
 20
-48.74133296510733
 10
528.5403138783201
 20
-48.10135868809547
 10
528.398145604167
 20
-47.873678516254955
 10
528.3302463315054
 20
-47.76737744779453
 10
527.6133748704938
 20
-46.709190681292625
 10
527.2557874124137
 20
-46.250348010094186
 10
526.8001497023176
 20
-45.644371169688
 10
526.192364816283
 20
-44.90911253882078
 10
525.9543970801963
 20
-44.61531711752215
 10
525.1347137693117
 20
-43.65750569256613
 10
525.1027237750325
 20
-43.6163443184783
 10
524.9755120716441
 20
-43.46365964737441
 10
524.3705189472769
 20
-42.718347525664626
 10
524.2467540798303
 20
-42.56955003061985
 10
523.3791141521427
 20
-41.57276801511158
 10
523.1144433971814
 20
-41.299749199747936
 10
522.3893911205681
 20
-40.52566309912979
 10
522.007024029288
 20
-40.14383129806615
 10
521.3883679396968
 20
-39.504473575071415
 10
520.9012704761452
 20
-39.03905440082033
 10
520.3701721961371
 20
-38.51189811777421
 10
519.7894580022078
 20
-37.976253090368914
 10
519.3487988589035
 20
-37.55608564560323
 10
518.672989340462
 20
-36.960220122405374
 10
518.3228274849323
 20
-36.63230950564203
 10
517.5530965568026
 20
-35.9703442606326
 10
517.2961689604322
 20
-35.73629422188543
 10
516.4481395376012
 20
-35.01507913827305
 10
516.2628147165206
 20
-34.85046327249958
 10
515.3492331816047
 20
-34.07523477060015
 10
515.1935178174272
 20
-33.94242829749609
 10
514.2454074639547
 20
-33.15867664070302
 10
514.1090600161276
 20
-33.04692922696677
 10
513.1167773996082
 20
-32.264500898471425
 10
513.0167453597146
 20
-32.17973175566928
 10
511.9829231376286
 20
-31.389410859586107
 10
511.9166518913673
 20
-31.34134040782186
 10
510.8150848011802
 20
-30.538068945589117
 10
510.8150848011802
 20
-30.538068945589117
 10
510.78604120668075
 20
-30.5152907788256
 10
509.83397200991936
 20
-29.76483483660681
 10
509.78181990965163
 20
-29.725443703405602
 10
508.65025254886984
 20
-28.931121519711922
 10
508.5390534331149
 20
-28.850309083143813
 10
507.4895964163847
 20
-28.143926745717394
 10
507.3142426552796
 20
-28.032103814950403
 10
506.34119820473023
 20
-27.388950337462916
 10
506.09968009093666
 20
-27.23813867927437
 10
505.1773991511478
 20
-26.637385115261836
 10
504.8906047608012
 20
-26.461134905905453
 10
503.9952274599269
 20
-25.891597957214458
 10
503.67925389118767
 20
-25.700351807488374
 10
502.79795829704767
 20
-25.156460068262703
 10
502.45833316985215
 20
-24.961311955821145
 10
501.5955411634312
 20
-24.44394547342978
 10
501.238851643548
 20
-24.241851398251384
 10
500.38065652600176
 20
-23.747584711240762
 10
500.00895635789175
 20
-23.541712110183397
 10
499.15410415861993
 20
-23.054993446875045
 10
498.7676408479507
 20
-22.850417048527106
 10
497.91970197352714
 20
-22.373944400377496
 10
497.5250887075994
 20
-22.164289392348792
 10
496.67386013964307
 20
-21.700614986413
 10
496.27187420375554
 20
-21.491266625609683
 10
495.43112199760503
 20
-21.0446226141396
 10
495.02015762355654
 20
-20.83308241928026
 10
494.18075743731987
 20
-20.39494854351321
 10
493.759166038662
 20
-20.184094805863083
 10
492.9214969967147
 20
-19.757711350366208
 10
492.4928106067131
 20
-19.54632215629215
 10
491.65710698098485
 20
-19.129607234535968
 10
491.21649610113866
 20
-18.922932990672223
 10
490.38614636354924
 20
-18.51541648298786
 10
489.9499710308081
 20
-18.30623903957229
 10
489.1199479765736
 20
-17.91358241507976
 10
488.67639455027444
 20
-17.703888921101253
 10
487.84147804888494
 20
-17.314228479209305
 10
487.3953927220902
 20
-17.114500257650207
 10
486.5628327068715
 20
-16.72101918099537
 10
486.1299149398502
 20
-16.525343525141437
 10
485.2733074196565
 20
-16.13040691716364
 10
484.85210612603424
 20
-15.940979390456562
 10
483.97794036515893
 20
-15.550954121111431
 10
483.57706419344834
 20
-15.373759724291176
 10
482.66596004566344
 20
-14.97991456289077
 10
482.30145034937834
 20
-14.82237367331632
 10
481.36412550343425
 20
-14.42834302573317
 10
481.0083900016994
 20
-14.2781118654907
 10
480.05380703592544
 20
-13.887620142902279
 10
479.72480214012614
 20
-13.753251138586762
 10
478.7434893444579
 20
-13.362944243378138
 10
478.42512369081487
 20
-13.235540239780448
 10
477.43651433642424
 20
-12.850220596850733
 10
477.1258003849617
 20
-12.733388873001616
 10
476.1135528212563
 20
-12.346723854929593
 10
475.8251639510916
 20
-12.23230327780982
 10
474.79351986288697
 20
-11.835923674427391
 10
474.52325463963274
 20
-11.732542450082036
 10
473.482474819815
 20
-11.332317740345587
 10
473.2333119994606
 20
-11.235071576080372
 10
472.17216487469653
 20
-10.81989319498237
 10
471.9515964316135
 20
-10.735500146329173
 10
470.8946240499498
 20
-10.301590306295225
 10
470.7066664015232
 20
-10.223359208317902
 10
469.6794069686044
 20
-9.709285845302276
 10
469.5589778627765
 20
-9.655609676401525
  0
LWPOLYLINE
  5
10C
330
17
100
AcDbEntity
  8
SCARNITURA
100
AcDbPolyline
 90
160
 70
0
 10
478.3786264439308
 20
-15.096600100551854
 10
478.34135161023875
 20
-15.402546776161387
 10
478.2348536033847
 20
-16.471255196972407
 10
477.9565749654198
 20
-18.000628816061408
 10
477.6892993437756
 20
-19.101144431313884
 10
477.5855273420447
 20
-19.46198129202483
 10
477.5597004214534
 20
-19.693278089015422
 10
477.47413805034984
 20
-20.313540650277417
 10
477.42706418154035
 20
-20.6351048518697
 10
477.41766435389707
 20
-21.043413421927085
 10
477.3432467669585
 20
-22.400808147061298
 10
477.09916375654234
 20
-24.040004888406173
 10
476.93033604601334
 20
-24.811467300082484
 10
476.8802048475414
 20
-25.16549922211769
 10
476.809167030319
 20
-25.725200976083386
 10
476.7469289045821
 20
-26.3171074023343
 10
476.7016563096376
 20
-26.828696174296496
 10
476.67878592791476
 20
-27.335463387491018
 10
476.6441051172896
 20
-28.393468461375477
 10
476.4871587370535
 20
-29.95095192257149
 10
476.31359730716036
 20
-30.937050599934494
 10
476.2536377880833
 20
-31.369330479867955
 10
476.1906559108453
 20
-31.96274466346162
 10
476.1212772265535
 20
-32.66124354648399
 10
476.0624298753772
 20
-33.32603126070707
 10
476.01458749900337
 20
-33.988068408661405
 10
475.97450427630963
 20
-34.6436696293174
 10
475.94630460033136
 20
-35.292653223588246
 10
475.9130521784701
 20
-36.28004940110979
 10
475.7881482232519
 20
-37.745474146987576
 10
475.61779645781075
 20
-38.81675972589011
 10
475.5581433011043
 20
-39.229495616374976
 10
475.5129051891949
 20
-39.7751038760461
 10
475.4459818441658
 20
-40.536095359277994
 10
475.38661905544114
 20
-41.26615315298814
 10
475.33359333430434
 20
-41.979714803877144
 10
475.28456259324213
 20
-42.74439087223347
 10
475.2340676787411
 20
-43.4904527291656
 10
475.194970371802
 20
-44.22243689614177
 10
475.1553146099419
 20
-44.953952074064176
 10
475.1264910090293
 20
-45.67737330147291
 10
475.0810907582999
 20
-46.750615945770875
 10
474.9645074158762
 20
-48.000635737209706
 10
474.85702264515965
 20
-48.82875507435041
 10
474.80425251880905
 20
-49.344197009234335
 10
474.7560629157929
 20
-50.01299837120615
 10
474.6970646305155
 20
-50.787338060634625
 10
474.6464481362273
 20
-51.523479436006454
 10
474.5973866948362
 20
-52.29560441503489
 10
474.5469577338948
 20
-53.09021559494403
 10
474.49903802409017
 20
-53.85278841966701
 10
474.4559986504055
 20
-54.61958263288855
 10
474.41093718896116
 20
-55.42002752091436
 10
474.3666518329061
 20
-56.20375221978381
 10
474.32499337653275
 20
-56.986637494693824
 10
474.2841451592563
 20
-57.75309744223593
 10
474.24739067433313
 20
-58.54131980074018
 10
474.20570358978944
 20
-59.359464621888534
 10
474.16662188422015
 20
-60.133357472210264
 10
474.1297940910564
 20
-60.935659036536336
 10
474.0891699000348
 20
-61.73132985624696
 10
474.0546503468358
 20
-62.4962617356058
 10
474.0202760752121
 20
-63.27518729534441
 10
473.9875115472131
 20
-64.0732467123498
 10
473.9515203242966
 20
-64.89490107657022
 10
473.9161690724127
 20
-65.67077829457232
 10
473.8862154772336
 20
-66.43844171794682
 10
473.8561895818345
 20
-67.20525993550092
 10
473.830962984521
 20
-67.98282767820169
 10
473.8029082362537
 20
-68.79320298890718
 10
473.7758175699806
 20
-69.57511132909538
 10
473.7521747609164
 20
-70.336520102835
 10
473.7312119894439
 20
-71.11591670375982
 10
473.7109570067649
 20
-71.86304486078123
 10
473.69843254198577
 20
-72.63586079416172
 10
473.68073476348457
 20
-73.46157007337167
 10
473.6644959024244
 20
-74.21208316061498
 10
473.65586416658294
 20
-74.96958239704702
 10
473.6454167803481
 20
-75.77674169379696
 10
473.6350570698159
 20
-76.5769416913527
 10
473.62513291340076
 20
-77.33739682917306
 10
473.6214577960547
 20
-78.08775428621851
 10
473.61911886448354
 20
-78.87787066433403
 10
473.616743877002
 20
-79.67840380323491
 10
473.61437100314134
 20
-80.45137571273449
 10
473.6163326430865
 20
-81.22345146953593
 10
473.61842534958663
 20
-82.02308839582705
 10
473.62035344121716
 20
-82.7862017500799
 10
473.6282096446427
 20
-83.56203240554754
 10
473.6342971064698
 20
-84.37344178703955
 10
473.6401484782568
 20
-85.13232156149323
 10
473.65220030263663
 20
-85.8917058229903
 10
473.6644579745554
 20
-86.66174947932195
 10
473.6813711028171
 20
-87.43587757967636
 10
473.698368933821
 20
-88.23912975758383
 10
473.71539346310914
 20
-89.04371513023632
 10
473.73110523545085
 20
-89.82099203759765
 10
473.75024912785193
 20
-90.56526210053724
 10
473.77509786121345
 20
-91.35543092779751
 10
473.79781209670716
 20
-92.1758392692613
 10
473.818873878048
 20
-92.94824179271166
 10
473.8443749565844
 20
-93.7154001743601
 10
473.8709933276174
 20
-94.50152264926507
 10
473.89911227386744
 20
-95.28409136764083
 10
473.9284542903188
 20
-96.07053671158268
 10
473.95836318361296
 20
-96.84601034597375
 10
473.991170378291
 20
-97.62380838214361
 10
474.02573400808774
 20
-98.42865127111558
 10
474.0580922333921
 20
-99.21649400518932
 10
474.09374440974653
 20
-100.00301096391357
 10
474.1282529548078
 20
-100.79317593858923
 10
474.1641689829904
 20
-101.55457538306183
 10
474.2052380511814
 20
-102.35505632927561
 10
474.2418842357978
 20
-103.13713589541742
 10
474.2836633554208
 20
-103.89836372870145
 10
474.327757768849
 20
-104.7071797123935
 10
474.3701199422445
 20
-105.50906076180749
 10
474.4117052763703
 20
-106.2799845716635
 10
474.4562575574447
 20
-107.04147532138154
 10
474.50445843517736
 20
-107.8251449502504
 10
474.55403967971205
 20
-108.63109696736599
 10
474.6026849868434
 20
-109.44121877020773
 10
474.6467075538351
 20
-110.1869473729954
 10
474.7024493338022
 20
-110.9742869653985
 10
474.7503433260662
 20
-111.75527152923061
 10
474.80709403967745
 20
-112.51681982052708
 10
474.8602115375149
 20
-113.29029109670061
 10
474.91911213952875
 20
-114.0311168051318
 10
474.9814888115274
 20
-114.80817797947225
 10
475.045196620443
 20
-115.57127716194353
 10
475.10896586833536
 20
-116.30332489435166
 10
475.18350907013223
 20
-117.07336644493974
 10
475.26550770135555
 20
-117.96138266332562
 10
475.3348976619452
 20
-118.84527134652697
 10
475.39038948630196
 20
-119.58649854821486
 10
475.45419597163664
 20
-120.2950603353011
 10
475.5223023947391
 20
-121.02776500370476
 10
475.59427165591853
 20
-121.72854119971342
 10
475.67564673647763
 20
-122.45146389064098
 10
475.7603894715828
 20
-123.17381722939581
 10
475.84624536547665
 20
-123.84959726973429
 10
475.94841362007037
 20
-124.56910031469441
 10
476.08564627995463
 20
-125.5469209292286
 10
476.18776786559397
 20
-126.51493468076416
 10
476.2583432077353
 20
-127.18054988478984
 10
476.3373594289118
 20
-127.78472092899835
 10
476.4329613851003
 20
-128.43983614877783
 10
476.5332898273688
 20
-129.074902472561
 10
476.6471595030824
 20
-129.71281733101563
 10
476.76063979414187
 20
-130.31449503090516
 10
476.9609910481601
 20
-131.253327266773
 10
477.1293266334361
 20
-132.2995122211951
 10
477.2544107723499
 20
-133.06566813260662
 10
477.3367625279923
 20
-133.59740012841246
 10
477.44066926977086
 20
-134.0587240355327
 10
477.6001558129174
 20
-134.7523621836412
 10
477.7199518014942
 20
-135.27157194470627
 10
477.8644313374868
 20
-135.76557821169553
 10
478.1707137390235
 20
-136.81570357373897
 10
478.4271202313181
 20
-137.93278401004562
  0
LWPOLYLINE
  5
10D
330
17
100
AcDbEntity
  8
ASSE
100
AcDbPolyline
 90
12
 70
0
 10
463.62339783649736
 20
-77.42236479938192
 10
463.649466416425
 20
-77.41758108772237
 10
463.64946979727165
 20
-77.41758046702591
 10
463.64946979729507
 20
-77.41758046702724
 10
463.64946979829864
 20
-77.41758046696356
 10
465.07531656774785
 20
-77.33185846240428
 10
465.0753165682275
 20
-77.33185846237433
 10
466.4916629226217
 20
-77.24918409465322
 10
466.49166292351026
 20
-77.24918409459877
 10
467.89893121006247
 20
-77.16893621711937
 10
467.89893121127807
 20
-77.16893621704614
 10
469.2973278668662
 20
-77.09044629552736
  0
LWPOLYLINE
  5
10E
330
17
100
AcDbEntity
  8
ASSE
100
AcDbPolyline
 90
10
 70
0
 10
470.68699838309385
 20
-77.01310284397795
 10
470.6869983839225
 20
-77.01310284393519
 10
472.06807739629653
 20
-76.93635907548126
 10
472.06807739699127
 20
-76.93635907544524
 10
472.883512204455
 20
-76.89083358874181
 10
473.44069805695244
 20
-76.85972606562923
 10
473.4406980574273
 20
-76.85972606560117
 10
474.8042056760817
 20
-76.78340400778677
 10
474.8042056774441
 20
-76.78340400770672
 10
476.1579564500776
 20
-76.70790458648224
  0
LWPOLYLINE
  5
10F
330
17
100
AcDbEntity
  8
ASSE
100
AcDbPolyline
 90
21
 70
0
 10
476.15795645145124
 20
-76.7079045864022
 10
476.72865054937984
 20
-76.67630070942758
 10
477.5017777225555
 20
-76.63348650098052
 10
477.50177772440696
 20
-76.63348650088344
 10
478.22034366194674
 20
-76.59411551647598
 10
478.8355122704919
 20
-76.5604097806052
 10
478.835512272083
 20
-76.56040978051482
 10
479.70538504939674
 20
-76.51343194493208
 10
480.15901635813975
 20
-76.4889334003242
 10
480.1590163589644
 20
-76.48893340028201
 10
481.47215844742266
 20
-76.41931381446608
 10
481.4721584493431
 20
-76.41931381436973
 10
482.0710761719631
 20
-76.38827515850988
 10
482.7748185526884
 20
-76.35180400939188
 10
482.7748185549614
 20
-76.35180400927064
 10
484.06688791891787
 20
-76.28665285574964
 10
484.0668879193913
 20
-76.2866528557251
 10
485.348268903177
 20
-76.2241046254473
 10
485.3482689050462
 20
-76.22410462535359
 10
486.2338684635034
 20
-76.18249014204356
 10
486.6188750307816
 20
-76.16439861386196
  0
LWPOLYLINE
  5
110
330
17
100
AcDbEntity
  8
ASSE
100
AcDbPolyline
 90
22
 70
0
 10
492.80806254123394
 20
-75.91649889757949
 10
492.8080625419763
 20
-75.916498897557
 10
494.0127377850744
 20
-75.87835389191902
 10
494.0127377864613
 20
-75.87835389188162
 10
495.20564973216995
 20
-75.84296808763212
 10
495.2056497334518
 20
-75.84296808760072
 10
495.9989186712402
 20
-75.82090151719896
 10
496.38704026410693
 20
-75.81010503690366
 10
496.38704026474556
 20
-75.81010503688327
 10
497.55726403129916
 20
-75.77972796092129
 10
497.55726403313605
 20
-75.77972796086527
 10
498.26224654898306
 20
-75.76273613499559
 10
498.7166434941934
 20
-75.75178404242646
 10
498.71664349536235
 20
-75.75178404240596
 10
499.8654765103577
 20
-75.7262127262901
 10
499.8654765109403
 20
-75.72621272628118
 10
500.10159589412973
 20
-75.72138906571546
 10
501.00404374074867
 20
-75.70295304392505
 10
501.00404374303736
 20
-75.70295304386538
 10
501.92351757264043
 20
-75.68584397579953
 10
502.13261624738226
 20
-75.68195318157947
 10
502.1326162478954
 20
-75.6819531815738
  0
LWPOLYLINE
  5
111
330
17
100
AcDbEntity
  8
ASSE
100
AcDbPolyline
 90
19
 70
0
 10
502.1326162478954
 20
-75.6819531815738
 10
503.25146365759554
 20
-75.66318830214034
 10
503.2514636596122
 20
-75.66318830212224
 10
504.0082325149177
 20
-75.65189809423137
 10
504.36085202503557
 20
-75.6466373761759
 10
504.3608520260051
 20
-75.64663737615516
 10
504.8126536998034
 20
-75.64076303521216
 10
505.4610630451496
 20
-75.63233239453277
 10
505.4610630465199
 20
-75.63233239452629
 10
506.5523933061649
 20
-75.62028594053554
 10
506.5523933082412
 20
-75.62028594053048
 10
507.1394287116005
 20
-75.61494867519589
 10
507.6351534330292
 20
-75.61044159714623
 10
507.6351534348572
 20
-75.61044159711616
 10
508.7096659530405
 20
-75.6027259720603
 10
508.70966595556723
 20
-75.60272597202295
 10
509.77627425067874
 20
-75.59706735422299
 10
509.7762742512216
 20
-75.59706735421592
 10
510.8352218512162
 20
-75.59354356052371
  0
LWPOLYLINE
  5
112
330
17
100
AcDbEntity
  8
ASSE
100
AcDbPolyline
 90
23
 70
0
 10
516.7109340183579
 20
-75.60792264183826
 10
517.0717395813244
 20
-75.60991621840475
 10
517.0717395820121
 20
-75.60991621840523
 10
518.1319421978966
 20
-75.61631433475398
 10
518.131942198631
 20
-75.61631433475577
 10
518.342260046504
 20
-75.61763331846838
 10
519.2102735765778
 20
-75.62307696348195
 10
519.2102735794657
 20
-75.62307696351094
 10
519.7356543251801
 20
-75.62636434454885
 10
520.3095996387012
 20
-75.62995560088007
 10
520.3095996425834
 20
-75.62995560089789
 10
521.4335682083642
 20
-75.63669814411503
 10
521.4335682094835
 20
-75.63669814412057
 10
522.5873910065586
 20
-75.64302333626043
 10
522.5873910096502
 20
-75.64302333627529
 10
523.1296253068392
 20
-75.64555123319644
 10
523.7791532749529
 20
-75.64857933332644
 10
523.7791532783516
 20
-75.64857933334221
 10
524.3100671443506
 20
-75.65041272817027
 10
525.0223591428417
 20
-75.65287247266897
 10
525.0223591498315
 20
-75.65287247268532
 10
525.7829186752991
 20
-75.65417497696635
 10
526.3417275197246
 20
-75.6551319709738
  0
LWPOLYLINE
  5
113
330
17
100
AcDbEntity
  8
ASSE
100
AcDbPolyline
 90
18
 70
0
 10
526.3417275197246
 20
-75.6551319709738
 10
526.3417275242117
 20
-75.65513197097924
 10
527.461460617855
 20
-75.65423899943626
 10
527.7894774366647
 20
-75.653977410591
 10
527.7894774399365
 20
-75.65397741057227
 10
529.5108339692542
 20
-75.64588641726472
 10
533.1523071250467
 20
-75.64112905184642
 10
533.152307128078
 20
-75.64112905184342
 10
533.1523071291897
 20
-75.64112905184345
 10
533.15230712978
 20
-75.6411290518446
 10
533.1523071301506
 20
-75.64112905184642
 10
533.1523071304073
 20
-75.64112905184868
 10
533.152307130597
 20
-75.6411290518513
 10
533.152307130744
 20
-75.64112905185416
 10
533.152307130862
 20
-75.64112905185723
 10
533.1523071309596
 20
-75.64112905186047
 10
533.1523071310418
 20
-75.64112905186386
 10
533.1523071311126
 20
-75.64112905186735
  0
LWPOLYLINE
  5
114
330
17
100
AcDbEntity
  8
TACCHE
100
AcDbPolyline
 90
2
 70
0
 10
463.62342142258314
 20
-77.42236505140205
 10
466.62332329618675
 20
-77.44662919675105
  0
TEXT
  5
115
330
17
100
AcDbEntity
  8
TESTO
100
AcDbText
 10
499.8536157865116
 20
-68.19699126384583
 30
0.0
 40
4.0
  1
RINFORZO PUNTALE
 72
1
 11
499.8536157865116
 21
-68.19699126384583
 31
0.0
100
AcDbText
 73
2
  0
TEXT
  5
116
330
17
100
AcDbEntity
  8
TESTO
100
AcDbText
 10
499.8536157865116
 20
-74.99699126384583
 30
0.0
 40
2.6
  1
Oxford cap-toe tg 42 - destra
 72
1
 11
499.8536157865116
 21
-74.99699126384583
 31
0.0
100
AcDbText
 73
2
  0
TEXT
  5
117
330
17
100
AcDbEntity
  8
TESTO
100
AcDbText
 10
499.8536157865116
 20
-79.41699126384583
 30
0.0
 40
2.6
  1
termoadesivo 1,0 mm
 72
1
 11
499.8536157865116
 21
-79.41699126384583
 31
0.0
100
AcDbText
 73
2
  0
TEXT
  5
118
330
17
100
AcDbEntity
  8
TESTO
100
AcDbText
 10
499.8536157865116
 20
-83.83699126384583
 30
0.0
 40
2.6
  1
tagliare 2 per paio (dx + sx speculare)
 72
1
 11
499.8536157865116
 21
-83.83699126384583
 31
0.0
100
AcDbText
 73
2
  0
TEXT
  5
119
330
17
100
AcDbEntity
  8
TESTO
100
AcDbText
 10
473.62513291340076
 20
-77.33739682917306
 30
0.0
 40
2.2
  1
scarnire 10
 72
1
 11
473.62513291340076
 21
-77.33739682917306
 31
0.0
100
AcDbText
 73
2
  0
LWPOLYLINE
  5
11A
330
17
100
AcDbEntity
  8
TESTO
100
AcDbPolyline
 90
2
 70
0
 10
484.8536157865116
 20
-93.19699126384583
 10
514.8536157865116
 20
-93.19699126384583
  0
LWPOLYLINE
  5
11B
330
17
100
AcDbEntity
  8
TESTO
100
AcDbPolyline
 90
3
 70
0
 10
510.8536157865116
 20
-91.19699126384583
 10
514.8536157865116
 20
-93.19699126384583
 10
510.8536157865116
 20
-95.19699126384583
  0
TEXT
  5
11C
330
17
100
AcDbEntity
  8
TESTO
100
AcDbText
 10
499.8536157865116
 20
-90.19699126384583
 30
0.0
 40
2.2
  1
verso del tiro
 72
1
 11
499.8536157865116
 21
-90.19699126384583
 31
0.0
100
AcDbText
 73
2
  0
LWPOLYLINE
  5
11D
330
17
100
AcDbEntity
  8
TAGLIO
100
AcDbPolyline
 90
113
 70
0
 10
0.0
 20
-331.13809090531953
 10
0.8325910806370991
 20
-307.096235280733
 10
1.0345249553427942
 20
-302.51427999386027
 10
1.2276831319330619
 20
-299.3567880939968
 10
1.9480443145123685
 20
-291.88516713131276
 10
3.941920464222635
 20
-282.3128473697125
 10
5.309995820884939
 20
-277.17387638745794
 10
6.555013800983001
 20
-272.9729486276741
 10
7.7125349290374805
 20
-269.29026559749946
 10
9.857507715901926
 20
-262.7795154878004
 10
13.070071402213618
 20
-263.6541417333127
 10
24.744652181533706
 20
-266.46744595123994
 10
28.477284370836145
 20
-267.4431315923705
 10
32.900766949758214
 20
-268.6842203296334
 10
51.93154640995351
 20
-274.3183209237599
 10
55.5775500089375
 20
-275.52408524701997
 10
60.6195540864802
 20
-277.34633575149326
 10
64.4046826944795
 20
-278.63079776164534
 10
66.96349921586503
 20
-279.41099277497483
 10
69.55537995913005
 20
-280.0869957632279
 10
72.18332341766586
 20
-280.5986279860789
 10
73.50773920067098
 20
-280.76638983150724
 10
76.2030511191692
 20
-280.96115924717594
 10
78.92618653723467
 20
-281.00147865276944
 10
81.67785487265958
 20
-280.8671971776866
 10
83.37970101553168
 20
-280.6823495513073
 10
85.88784760363801
 20
-280.24720809354915
 10
87.0951849900896
 20
-279.95909908005007
 10
88.29573921236684
 20
-279.61404778261317
 10
89.4787085477913
 20
-279.20719475614374
 10
90.6334805109532
 20
-278.73873906222957
 10
91.7699305274484
 20
-278.1961711095921
 10
92.87419259531154
 20
-277.58267390357844
 10
93.94965000736626
 20
-276.8973346775003
 10
95.90794080339595
 20
-275.44189186275423
 10
97.98738568106549
 20
-273.6017653870452
 10
99.87286458683764
 20
-271.70486909813735
 10
102.19498446671709
 20
-269.05678640800045
 10
103.3809972812563
 20
-267.58613719121524
 10
104.66856939116822
 20
-265.856270663337
 10
106.10723265935803
 20
-263.62442579111257
 10
107.84260868496969
 20
-260.4896893480004
 10
109.37184043733956
 20
-257.35841721400834
 10
111.05059359863341
 20
-253.5716718155173
 10
112.46787043504665
 20
-250.12046954594334
 10
113.62859325230504
 20
-246.97033631230886
 10
115.97436167140755
 20
-240.0004891030041
 10
117.03023008026862
 20
-237.07953086465932
 10
121.67798027392284
 20
-239.09196239979565
 10
127.53003026228272
 20
-241.5192441094615
 10
141.95306159584032
 20
-247.18744233119173
 10
147.89011193619862
 20
-249.59179190526487
 10
162.01849024213783
 20
-255.58153821958604
 10
168.6465027319654
 20
-258.4638457559854
 10
175.0890464160732
 20
-261.39544928694346
 10
180.3277780249571
 20
-263.91122862178065
 10
187.35007939501097
 20
-267.5067259418244
 10
196.0363227561753
 20
-272.13052345459556
 10
194.58883319912982
 20
-274.71197743982873
 10
192.79162999554956
 20
-278.17731968256317
 10
191.78321270792878
 20
-280.28592213319615
 10
190.31952945955663
 20
-283.58248794427425
 10
188.91279060861126
 20
-287.0293827120905
 10
187.6815366337294
 20
-290.2167867645493
 10
185.039957096457
 20
-297.523035096971
 10
183.08976448340383
 20
-302.6828858118418
 10
182.3431455126333
 20
-304.5711704416657
 10
180.94415960567292
 20
-307.86267772433814
 10
179.3284768799805
 20
-311.32377020931165
 10
177.50060304982856
 20
-314.831860724021
 10
175.4132759872179
 20
-318.4283360463987
 10
173.90030758622422
 20
-320.73793282609796
 10
172.9164141225935
 20
-322.1265639650552
 10
171.6419404501442
 20
-323.80060757757843
 10
169.80215257050583
 20
-326.0470321128801
 10
167.32746983678575
 20
-328.8195133747152
 10
164.2683775335376
 20
-332.00144711053355
 10
162.44851810416063
 20
-333.78368289465715
 10
160.66096620143657
 20
-335.38521351477135
 10
158.56732358082326
 20
-337.1243257937022
 10
154.7742330195214
 20
-340.16169396267327
 10
152.37555718411997
 20
-342.25215608436287
 10
150.9643146973133
 20
-343.6638215180949
 10
137.6868529992873
 20
-356.509522064639
 10
133.68611860144586
 20
-355.3353123152175
 10
128.99568371037336
 20
-353.8770840557263
 10
122.75135303352366
 20
-351.83453328233657
 10
116.99601060821097
 20
-349.8871922791275
 10
111.69010802415063
 20
-348.23691127128495
 10
108.3869870004495
 20
-347.3920232556346
 10
102.4732263458961
 20
-346.0414573115342
 10
96.94695758928054
 20
-344.88695626263495
 10
92.91031206260449
 20
-344.116176851233
 10
88.97543710515905
 20
-343.44374543951113
 10
84.17309257661216
 20
-342.7356119706331
 10
70.85578159499235
 20
-341.15016841819755
 10
66.55358458950285
 20
-340.71024178825616
 10
60.24384677160956
 20
-340.1596599813232
 10
51.5016788489966
 20
-339.531547796223
 10
45.841795970899746
 20
-339.03790091248965
 10
39.68702323978593
 20
-338.6205391916427
 10
35.56295310498987
 20
-338.2300583640572
 10
32.299922561454295
 20
-337.8104724866991
 10
30.357900714625398
 20
-337.451792335679
 10
29.100263623400696
 20
-337.15500697892554
 10
26.43774421694307
 20
-336.4069127314357
 10
23.850432753420503
 20
-335.80810272581596
 10
15.741129645224962
 20
-333.63650045088343
 10
13.292199340126992
 20
-333.0276750352792
 10
11.090664697205835
 20
-332.54455258258247
 10
8.76330097965565
 20
-332.15205920217903
 10
6.356213341825474
 20
-331.80902865234066
 10
0.0
 20
-331.13809090531953
  0
LWPOLYLINE
  5
11E
330
17
100
AcDbEntity
  8
MONTAGGIO
100
AcDbPolyline
 90
229
 70
0
 10
0.5612857782997043
 20
-315.1256111498863
 10
1.0937389489554556
 20
-315.16864252770665
 10
4.654347197645461
 20
-315.51757087873636
 10
4.896352387178578
 20
-315.54651818923713
 10
6.6979425152871945
 20
-315.74732930159803
 10
6.8065522571149994
 20
-315.75558075813063
 10
8.312116023123615
 20
-315.9280396599285
 10
8.367410998510485
 20
-315.93214632831643
 10
8.375333039146028
 20
-315.9299396129623
 10
9.659067252674687
 20
-316.10908660188187
 10
9.853671332219069
 20
-316.13265966589495
 10
10.826132141424733
 20
-316.2841718038118
 10
11.230858327195751
 20
-316.3422598955477
 10
11.954797214192116
 20
-316.46436191962033
 10
12.591484358051268
 20
-316.563541011491
 10
13.041163398341396
 20
-316.6405657443251
 10
13.942841360075096
 20
-316.8007197444696
 10
14.107221926997692
 20
-316.82872726140727
 10
14.617761506881024
 20
-316.9365030966706
 10
15.13731636097669
 20
-317.06082497095474
 10
15.346718235649238
 20
-317.0950373414288
 10
16.08961925290454
 20
-317.2701752819258
 10
16.755339365034516
 20
-317.4035389144074
 10
17.069459194289973
 20
-317.47993509002987
 10
17.71433461796238
 20
-317.63562538512855
 10
18.0837882149644
 20
-317.73750359727654
 10
18.30470567087533
 20
-317.7833529834674
 10
19.00494021199404
 20
-317.96969228008305
 10
19.917828102873663
 20
-318.1789009220528
 10
19.977564793504065
 20
-318.19729071868187
 10
20.062364551296646
 20
-318.2210809023554
 10
21.005620168735962
 20
-318.51834393762977
 10
21.807966129330996
 20
-318.6909999889525
 10
21.960537667367284
 20
-318.7299580981891
 10
22.112135063974527
 20
-318.77408184999734
 10
23.032755871356073
 20
-319.0591818933584
 10
24.044780089722757
 20
-319.28860179079936
 10
24.065249723005426
 20
-319.29412101860623
 10
24.065249723005426
 20
-319.29412101860623
 10
25.012062007880385
 20
-319.56990042609203
 10
25.708739879782918
 20
-319.7553310114042
 10
26.083026538424416
 20
-319.8648140779385
 10
26.650872633284422
 20
-319.98433430707775
 10
27.06943500652233
 20
-320.09053396027497
 10
27.306376108205754
 20
-320.15828258504587
 10
28.199009906052027
 20
-320.4103825634979
 10
28.938875281885313
 20
-320.5665010591811
 10
29.28946227431957
 20
-320.66093017510906
 10
30.04462042534207
 20
-320.81035257817047
 10
30.29800399589623
 20
-320.86662463472317
 10
30.396948635210777
 20
-320.88725022523585
 10
31.48473066926318
 20
-321.2118463578335
 10
31.879453169034264
 20
-321.3036833482173
 10
32.681755562279115
 20
-321.548456008911
 10
33.28565843112238
 20
-321.7121306955021
 10
33.82803249146699
 20
-321.8326325340433
 10
34.72904745617714
 20
-321.99499243792144
 10
34.900309161841506
 20
-322.02320263478725
 10
35.25896479386398
 20
-322.056466143146
 10
35.869869442841086
 20
-322.13864977887744
 10
36.12746074875346
 20
-322.17022259714895
 10
36.98760326727284
 20
-322.29361224039775
 10
37.59999370311032
 20
-322.3483547568809
 10
38.08340348432331
 20
-322.40448027030413
 10
39.05230270234916
 20
-322.483932543391
 10
39.16892907326916
 20
-322.49809883559436
 10
39.57386646740954
 20
-322.52864547066247
 10
40.19521262601124
 20
-322.58697398559246
 10
40.363166448461484
 20
-322.60229768637987
 10
41.37782123933679
 20
-322.71012914659025
 10
41.78704806068704
 20
-322.73214847715843
 10
42.56987695388329
 20
-322.80071253986875
 10
43.17544755841446
 20
-322.82248310799037
 10
43.768009157768255
 20
-322.87504241286587
 10
44.54073865261356
 20
-322.90750882952267
 10
44.99651288833037
 20
-322.94768892318524
 10
45.87908814860409
 20
-322.9929439859687
 10
46.258087070929044
 20
-323.0311035917482
 10
47.21469709206205
 20
-323.0934243757505
 10
47.53161279762645
 20
-323.12817002118805
 10
48.529168792358334
 20
-323.20497381208787
 10
48.81855669967668
 20
-323.2369567533894
 10
49.83719430036158
 20
-323.32730873417705
 10
50.11017239156184
 20
-323.3559114566679
 10
51.142985363364865
 20
-323.44067521915355
 10
51.40026575202295
 20
-323.4703157628409
 10
52.44668872095108
 20
-323.55564079478097
 10
52.702241406805065
 20
-323.57665357706276
 10
53.75376144400457
 20
-323.6557787563457
 10
54.00612013964723
 20
-323.6746810447151
 10
55.052573323806925
 20
-323.7483232504156
 10
55.30243065699859
 20
-323.7655289084141
 10
56.35467149175569
 20
-323.83625110853063
 10
56.60206425301898
 20
-323.85192735826524
 10
57.65983901740271
 20
-323.92733963034453
 10
57.90425104110724
 20
-323.94612992653066
 10
58.96916084877929
 20
-324.0173208625288
 10
59.21123706704493
 20
-324.0396391269166
 10
60.282522947403756
 20
-324.11329574220787
 10
60.522555285854736
 20
-324.1371434392615
 10
61.590018713091084
 20
-324.21541287011763
 10
61.838687543454235
 20
-324.23917165535244
 10
62.90272135154916
 20
-324.3237913795956
 10
63.149767957427734
 20
-324.3453017102775
 10
64.22117764822185
 20
-324.43447244725627
 10
64.46751708340877
 20
-324.4508985998408
 10
65.54554584056237
 20
-324.54920879154685
 10
65.79042759997597
 20
-324.5707713597899
 10
66.86639472415268
 20
-324.67113089628003
 10
67.12002201343736
 20
-324.69567113514813
 10
68.19421571349898
 20
-324.793428893326
 10
68.44675577014813
 20
-324.822511319249
 10
69.52850631400364
 20
-324.92879012197227
 10
69.77996185170286
 20
-324.9547544368949
 10
70.86057602278964
 20
-325.064780806422
 10
71.12108280622388
 20
-325.0923629370564
 10
72.2098820967971
 20
-325.2068349835224
 10
72.45994957007622
 20
-325.2304860715865
 10
73.55718833543285
 20
-325.3478568644517
 10
73.80633652709905
 20
-325.37884914608685
 10
74.9021235345881
 20
-325.503968508537
 10
75.16056067230234
 20
-325.5306944209832
 10
76.26479100430542
 20
-325.66039790495404
 10
76.52277831688232
 20
-325.69128006091773
 10
77.61619129662522
 20
-325.8199937178924
 10
77.88398694360933
 20
-325.851880956268
 10
78.98631107135094
 20
-325.98335758003157
 10
79.2537103978058
 20
-326.01529272630296
 10
80.3559162065727
 20
-326.14620254095223
 10
80.6222779702893
 20
-326.1804318094891
 10
81.73464495826525
 20
-326.3155581839727
 10
82.01077318527723
 20
-326.3491596998897
 10
83.12205894003239
 20
-326.48412233127544
 10
83.38899472941715
 20
-326.513899763412
 10
84.50991248193749
 20
-326.65467267868365
 10
84.78642728694513
 20
-326.6861442742025
 10
85.90668337024623
 20
-326.8293699159724
 10
86.18289218717011
 20
-326.86152772240126
 10
87.30238731003368
 20
-327.0147090199
 10
87.58798514081121
 20
-327.055846007289
 10
88.7068112184343
 20
-327.21247883820723
 10
89.01187192837916
 20
-327.25689663490937
 10
90.11087142374805
 20
-327.4251644641588
 10
90.42517123737537
 20
-327.4746658719414
 10
91.52349178057288
 20
-327.64783955807036
 10
91.85796489444722
 20
-327.70301104203037
 10
92.94710874995909
 20
-327.8822456668812
 10
93.28135082498565
 20
-327.9398024292036
 10
94.36978973544105
 20
-328.12775009407926
 10
94.71350842486721
 20
-328.18920952090866
 10
95.80229347786472
 20
-328.3790277189725
 10
96.15622203536739
 20
-328.4474207745976
 10
97.23378477458014
 20
-328.6488784995946
 10
97.59762139900465
 20
-328.718384723041
 10
98.67580089480488
 20
-328.92432277372603
 10
99.03939092027233
 20
-328.9958034629638
 10
100.11778108159245
 20
-329.20361628266204
 10
100.49138150620632
 20
-329.28269710506237
 10
101.55712321743965
 20
-329.49819558611233
 10
101.9406645447382
 20
-329.57747123898594
 10
103.00726238746664
 20
-329.7978527922928
 10
103.39042523110892
 20
-329.878391477178
 10
104.46712854045413
 20
-330.10431351482674
 10
104.84867175060265
 20
-330.1890282150197
 10
105.92436983424325
 20
-330.4175572781853
 10
106.30497587991397
 20
-330.50484918803903
 10
107.38880805832058
 20
-330.74440251726605
 10
107.76081145451693
 20
-330.8245374330342
 10
108.84172473201198
 20
-331.07140974365075
 10
109.21310200576535
 20
-331.1508046806194
 10
110.3121482241326
 20
-331.4081121042272
 10
110.67106642502549
 20
-331.4922503392274
 10
111.76853129951692
 20
-331.74985699843336
 10
112.1164353637255
 20
-331.83272608091954
 10
113.22914914286284
 20
-332.10110054734275
 10
113.5657425078993
 20
-332.1830908138575
 10
114.69294319335467
 20
-332.47076285959696
 10
115.01766384228634
 20
-332.5596813598232
 10
116.1486731951522
 20
-332.86861790067695
 10
116.49799100239659
 20
-332.97593245437247
 10
117.59646614316976
 20
-333.30175183608895
 10
118.00228720089413
 20
-333.42835830948667
 10
119.04274924975208
 20
-333.7448007664842
 10
119.50485692310605
 20
-333.894372033187
 10
120.49643949741034
 20
-334.20653547583305
 10
120.99780838204872
 20
-334.36623997578255
 10
121.95396762955541
 20
-334.67466400469243
 10
122.48307959784965
 20
-334.8488851159428
 10
123.41855799621115
 20
-335.15449861641395
 10
123.97777336064183
 20
-335.3478155787004
 10
124.87654383397464
 20
-335.65665582419376
 10
125.47620308228643
 20
-335.8641489084288
 10
126.34913671652673
 20
-336.16704673572633
 10
126.93369442066768
 20
-336.36163863800977
 10
127.83443320784949
 20
-336.6634326979875
 10
128.37289084939016
 20
-336.83867078082676
 10
129.3348578989746
 20
-337.1565494912935
 10
129.80690850301386
 20
-337.31755719968436
 10
130.83511434825124
 20
-337.65088444471985
 10
131.2318204810732
 20
-337.7859071757363
 10
132.35009660451084
 20
-338.1493249803997
 10
132.6521745938684
 20
-338.2476067638961
 10
133.8756632822244
 20
-338.6394399280372
 10
134.07268253593753
 20
-338.70155716576375
 10
135.41620207642694
 20
-339.12496844009917
 10
135.48741604277686
 20
-339.1472866794715
 10
136.22759223619832
 20
-339.3730650147288
 10
136.90005605517283
 20
-339.5860501651836
 10
136.9587368871307
 20
-339.6030685828911
 10
138.3059042917524
 20
-340.01677517305677
 10
138.5066305356278
 20
-340.07731062253185
 10
139.71191528946608
 20
-340.439023606267
 10
140.05442112814094
 20
-340.53675513127007
 10
141.1084382899138
 20
-340.84938696510204
 10
141.61589954682336
 20
-340.9891696581993
 10
142.5032488893008
 20
-341.2474430118253
 10
143.17778106789802
 20
-341.4352609262523
 10
143.8961650792921
 20
-341.6349780230317
 10
144.745689516089
 20
-341.8653720539734
 10
145.29729613172194
 20
-342.032203030345
 10
146.31421694952238
 20
-342.3178900499944
 10
146.71741463888407
 20
-342.44001533099134
 10
147.87071341596672
 20
-342.7770671774759
 10
148.13439445470092
 20
-342.8493675075443
 10
149.42709948518635
 20
-343.2314609430963
 10
149.53842076999737
 20
-343.26477106656307
 10
150.56157285441034
 20
-343.5627418313333
 10
150.95178467444907
 20
-343.6750635248483
 10
150.95178467444907
 20
-343.6750635248483
  0
LWPOLYLINE
  5
11F
330
17
100
AcDbEntity
  8
CUCITURA
100
AcDbPolyline
 90
164
 70
0
 10
118.35542308704837
 20
-239.2647818047451
 10
118.09092872526703
 20
-240.01004496418574
 10
117.83057322311463
 20
-240.75679595089815
 10
117.575477476316
 20
-241.50733646687382
 10
117.32222359942344
 20
-242.26159013557083
 10
117.07075796164375
 20
-243.02286194832863
 10
116.81683329483285
 20
-243.78545175204803
 10
116.56461271811627
 20
-244.55015202171893
 10
116.3081298350637
 20
-245.31792063541542
 10
116.04848913992177
 20
-246.0914097994984
 10
115.78228826264309
 20
-246.85846661799513
 10
115.5153627859037
 20
-247.63357843412143
 10
115.23492833311764
 20
-248.40299880543841
 10
114.95996982648263
 20
-249.16507932392193
 10
114.67544616987966
 20
-249.93140920031328
 10
114.38450816421285
 20
-250.70542835051293
 10
114.08014952550614
 20
-251.47173707148409
 10
113.77681919435364
 20
-252.23144277795245
 10
113.46272497196269
 20
-252.99138284632363
 10
113.14861260180996
 20
-253.73872016179496
 10
112.83199722333856
 20
-254.49088822823308
 10
112.50658053316097
 20
-255.24019428747377
 10
112.18159391574379
 20
-255.9857316232481
 10
111.85036383022654
 20
-256.72988475229533
 10
111.51781784478342
 20
-257.4718229351681
 10
111.17693364228478
 20
-258.2197712665263
 10
110.82632620217404
 20
-258.96632453061585
 10
110.47302940322217
 20
-259.701215411667
 10
110.111615751907
 20
-260.4486243993519
 10
109.73137920273362
 20
-261.1896959288243
 10
109.35354823154562
 20
-261.91731426068816
 10
108.95821957948785
 20
-262.658469808233
 10
108.54980604824637
 20
-263.38089628519003
 10
108.14432114768707
 20
-264.0963959497775
 10
107.70966233618236
 20
-264.83292866280897
 10
107.258703976622
 20
-265.5423446350244
 10
106.81616233268392
 20
-266.23377446663727
 10
106.34128957035848
 20
-266.9526818151929
 10
105.83313365454684
 20
-267.6551262070221
 10
105.33459297687395
 20
-268.31650439432985
 10
104.83038782786049
 20
-268.9785864236513
 10
104.30655298293819
 20
-269.6345017480595
 10
103.78291354433911
 20
-270.2742868195156
 10
103.25027739648749
 20
-270.91107391719265
 10
102.70745924581719
 20
-271.5402931053012
 10
102.15865151589054
 20
-272.16185061098827
 10
101.5984787423704
 20
-272.7792736180272
 10
101.02980149286991
 20
-273.3864212855508
 10
100.44647026726172
 20
-273.9944288658601
 10
99.84232435266411
 20
-274.5918713543184
 10
99.2334163445499
 20
-275.17149581381653
 10
98.61683730655446
 20
-275.7381742826367
 10
97.99196042769896
 20
-276.294620220177
 10
97.33408954147356
 20
-276.8601741628918
 10
96.64810855093899
 20
-277.3977802134903
 10
95.9722194781992
 20
-277.904467423039
 10
95.26971248641381
 20
-278.40938258469623
 10
94.54787254627291
 20
-278.88512497827634
 10
93.8064479616974
 20
-279.3523037532599
 10
93.02295883005625
 20
-279.79095267216377
 10
92.24819737614033
 20
-280.1840776080622
 10
91.4468192670003
 20
-280.5656884648094
 10
90.62693333698641
 20
-280.89958987511955
 10
89.82303739225438
 20
-281.20585093129836
 10
88.9892676530707
 20
-281.4909500159365
 10
88.15315516184977
 20
-281.7382554143279
 10
87.32530089192285
 20
-281.96014622498376
 10
86.47849744658825
 20
-282.162033378432
 10
85.64762457240728
 20
-282.32703529174904
 10
84.81329570514485
 20
-282.4878524986356
 10
83.95735725632863
 20
-282.6176631617597
 10
83.12315732130514
 20
-282.7262659098865
 10
82.2732401874453
 20
-282.82253441255807
 10
81.4260914954322
 20
-282.8892678151712
 10
80.58418154174672
 20
-282.9460049057601
 10
79.74005254270182
 20
-282.97887345551504
 10
78.89830102544359
 20
-283.00137850569115
 10
78.056267818616
 20
-283.0022612811348
 10
77.22106254639752
 20
-282.99309903154557
 10
76.37610116327959
 20
-282.96756311415953
 10
75.54595616981854
 20
-282.9244655645375
 10
74.70841365143288
 20
-282.8762343466428
 10
73.86498117597432
 20
-282.8031092449923
 10
73.02687997669052
 20
-282.7192142496049
 10
72.16803560586835
 20
-282.6111719724744
 10
71.33528582434556
 20
-282.4762379494486
 10
70.48491518441585
 20
-282.3342147935767
 10
69.64555864891742
 20
-282.1482155236123
 10
68.83926294498744
 20
-281.96766666268223
 10
68.01891748838956
 20
-281.7659425782159
 10
67.21891006225624
 20
-281.55259865289577
 10
66.41065717897305
 20
-281.3330531847914
 10
65.61624976243209
 20
-281.0927253184867
 10
64.83592388029115
 20
-280.8592191824888
 10
64.04678328923573
 20
-280.6113610452567
 10
63.27502426490662
 20
-280.36107000949715
 10
62.4922103086545
 20
-280.1088823453691
 10
61.714884945770066
 20
-279.8410918211009
 10
60.95022787943293
 20
-279.57964214085746
 10
60.183492986885845
 20
-279.3120622937672
 10
59.42016323980817
 20
-279.04437340790037
 10
58.63218552817279
 20
-278.76502797447426
 10
57.860467036471505
 20
-278.4667295214153
 10
57.13670439400231
 20
-278.19120664195566
 10
56.403308046156184
 20
-277.9325021829966
 10
55.64688800358635
 20
-277.6674791509282
 10
54.897559453253564
 20
-277.4052790547537
 10
54.14682417876451
 20
-277.1509798300158
 10
53.388288181787864
 20
-276.89542865750894
 10
52.64288999914078
 20
-276.64601546301714
 10
51.888588638946395
 20
-276.407174792399
 10
51.13151720106042
 20
-276.1647978137296
 10
50.380462866637636
 20
-275.93461467472366
 10
49.61964379072
 20
-275.70668558990343
 10
48.8660279346602
 20
-275.4838671310009
 10
48.101609727732956
 20
-275.27012265712193
 10
47.317722076757846
 20
-275.04733200277934
 10
46.53186105089609
 20
-274.81844919550394
 10
45.75405593760244
 20
-274.58520691184447
 10
44.98611813791458
 20
-274.355030668527
 10
44.21327310983163
 20
-274.1253349525241
 10
43.443473759580385
 20
-273.8929152333717
 10
42.67959173895856
 20
-273.6659887138501
 10
41.90501211508957
 20
-273.43833466636914
 10
41.13409541547559
 20
-273.20671896613845
 10
40.36098479266061
 20
-272.97889277198317
 10
39.588179454980505
 20
-272.7452258741703
 10
38.828919272779885
 20
-272.51890816833384
 10
38.05817292888968
 20
-272.2953094213441
 10
37.28009078414864
 20
-272.0648599589865
 10
36.50453306502993
 20
-271.83375019677624
 10
35.732684916366466
 20
-271.6009271535587
 10
34.97121848531819
 20
-271.3723849077915
 10
34.20630194210888
 20
-271.14926160658035
 10
33.43373416771997
 20
-270.92366564624814
 10
32.66359292266084
 20
-270.69851271473004
 10
31.893709631414392
 20
-270.4752623046777
 10
31.127314797295032
 20
-270.253396009987
 10
30.363993678729816
 20
-270.0373231005583
 10
29.596439400013793
 20
-269.824195480039
 10
28.824176705608334
 20
-269.61195942792904
 10
28.059494518294468
 20
-269.40235302478266
 10
27.290454817874533
 20
-269.20039535185595
 10
26.510245684114416
 20
-268.99419310440663
 10
25.74028567002437
 20
-268.789679811525
 10
24.967465208763386
 20
-268.59167069687413
 10
24.19869482820628
 20
-268.39276470987625
 10
23.42583002611876
 20
-268.2031009505738
 10
22.64326207004617
 20
-268.0077083638493
 10
21.877529445987157
 20
-267.8178037184442
 10
21.08740230456762
 20
-267.6332627487784
 10
20.307857110700066
 20
-267.43405626667567
 10
19.549864530493437
 20
-267.2568986623876
 10
18.750729281197756
 20
-267.0744261356799
 10
17.969367463770837
 20
-266.87893110149514
 10
17.203922252124663
 20
-266.70333752799195
 10
16.40484946338119
 20
-266.5193129442563
 10
15.603343938365168
 20
-266.3220499271453
 10
14.835629925966945
 20
-266.1280202741427
 10
14.064497065389691
 20
-265.9481977495551
 10
13.276210387745003
 20
-265.7594353551781
 10
12.473491028245139
 20
-265.5666919101842
 10
11.67368645967608
 20
-265.35715306744765
 10
10.882876727697035
 20
-265.14826314276297
  0
LWPOLYLINE
  5
120
330
17
100
AcDbEntity
  8
CUCITURA
100
AcDbPolyline
 90
87
 70
0
 10
181.4258730352907
 20
-266.7013514833135
 10
180.71350882689327
 20
-266.3420432254814
 10
179.99190488295
 20
-265.9834131454152
 10
179.27727752184933
 20
-265.6239085666668
 10
178.56300589978906
 20
-265.2750681045633
 10
177.84217222684515
 20
-264.92323051647395
 10
177.12010366737312
 20
-264.57480946460964
 10
176.39825094595102
 20
-264.2270692949691
 10
175.67645161087438
 20
-263.8837880496163
 10
174.95044670161036
 20
-263.5408434577579
 10
174.22717057582207
 20
-263.2003530242175
 10
173.50141033147156
 20
-262.8641467801313
 10
172.77231684757265
 20
-262.5271753848155
 10
172.04004582520935
 20
-262.1912219704834
 10
171.3131409703159
 20
-261.8563322510123
 10
170.58247627666557
 20
-261.5269088703104
 10
169.84757803913826
 20
-261.19314502577356
 10
169.11815832486636
 20
-260.8640463112025
 10
168.38774250440304
 20
-260.53817490248764
 10
167.65683964746648
 20
-260.214614071513
 10
166.91851058265735
 20
-259.89188684185024
 10
166.17760677762735
 20
-259.5648857427161
 10
165.44274456194452
 20
-259.2410696849482
 10
164.70714248208324
 20
-258.91978344532606
 10
163.97021747684477
 20
-258.59873759725116
 10
163.23365147766486
 20
-258.27971669816
 10
162.49595543055227
 20
-257.96202090359213
 10
161.75660063489872
 20
-257.6450303245532
 10
161.01628191038594
 20
-257.3283510812563
 10
160.27498243232512
 20
-257.01200384627157
 10
159.53511345460072
 20
-256.6963145926938
 10
158.79264765452913
 20
-256.381650626559
 10
158.05330641841383
 20
-256.066617871632
 10
157.30830388545158
 20
-255.7537091505602
 10
156.56012665742267
 20
-255.43390526798626
 10
155.81935457998378
 20
-255.11683840594893
 10
155.0751724907801
 20
-254.79970268598623
 10
154.33160314518102
 20
-254.479638145368
 10
153.59171879475718
 20
-254.16202805062247
 10
152.85122780718868
 20
-253.84479166037852
 10
152.11653217442543
 20
-253.5305313757704
 10
151.3765069859074
 20
-253.22032118709052
 10
150.62931742757314
 20
-252.90461646254496
 10
149.89070945865524
 20
-252.59127306908368
 10
149.1504379239062
 20
-252.28246484142426
 10
148.4080357064047
 20
-251.97170739137286
 10
147.66687940491374
 20
-251.66432506417533
 10
146.92639006388603
 20
-251.35829361839464
 10
146.18278098092512
 20
-251.05481246477962
 10
145.4352424536905
 20
-250.74913909317036
 10
144.69192538102484
 20
-250.44513472661444
 10
143.94843315551722
 20
-250.14441770369916
 10
143.20045333188074
 20
-249.84276839800782
 10
142.45394081653552
 20
-249.541151361624
 10
141.71127780569353
 20
-249.2431513461003
 10
140.96578419120684
 20
-248.94772175955046
 10
140.217369051305
 20
-248.65174740529727
 10
139.46666237720612
 20
-248.35604989869063
 10
138.7140444187399
 20
-248.0584543551013
 10
137.96649232908058
 20
-247.76189777935747
 10
137.22061244583395
 20
-247.46925615991984
 10
136.4729923038756
 20
-247.1775597176587
 10
135.71794632425366
 20
-246.88512168868363
 10
134.96728805205473
 20
-246.5898078280127
 10
134.22077847414735
 20
-246.30086191650236
 10
133.46986382245595
 20
-246.01099450157875
 10
132.71692985181838
 20
-245.7212595156489
 10
131.9579934136397
 20
-245.42840495270087
 10
131.2035130788266
 20
-245.13236054779102
 10
130.45151052748182
 20
-244.8390821583938
 10
129.69318079625666
 20
-244.54127111757893
 10
128.93848308437836
 20
-244.24012922297138
 10
128.18518499450028
 20
-243.93935573016228
 10
127.43433175739199
 20
-243.63605291768425
 10
126.68113864904075
 20
-243.3327743409279
 10
125.93032510110595
 20
-243.0250556486736
 10
125.17858356013681
 20
-242.7183917538346
 10
124.42753339708771
 20
-242.40618236622626
 10
123.68214682236172
 20
-242.09648495119012
 10
122.93884624678317
 20
-241.78724613905433
 10
122.18913463069887
 20
-241.47734855255257
 10
121.43841449624483
 20
-241.16118076610218
 10
120.6915916132019
 20
-240.84574008564817
 10
119.94876972909493
 20
-240.5295433785358
 10
119.19824190999778
 20
-240.21213339303068
 10
118.44751175643822
 20
-239.88547912184464
 10
117.7055195130814
 20
-239.56130353633148
  0
LWPOLYLINE
  5
121
330
17
100
AcDbEntity
  8
SCARNITURA
100
AcDbPolyline
 90
102
 70
0
 10
147.25992931061597
 20
-336.0902202874146
 10
147.95977180957172
 20
-335.4614000511832
 10
148.66941556266977
 20
-334.83999724748253
 10
149.38654890551032
 20
-334.2391607980731
 10
150.05242284076633
 20
-333.6929745355945
 10
150.71751461183507
 20
-333.1521337638567
 10
151.3866072984943
 20
-332.6178769206724
 10
152.01588779389465
 20
-332.1194087988092
 10
152.63201154908242
 20
-331.62704093819247
 10
153.24280466459246
 20
-331.1392639486342
 10
153.83101358650882
 20
-330.66364560566
 10
154.40911352271564
 20
-330.1904395415854
 10
154.96545163818485
 20
-329.7272670205288
 10
155.50073028025685
 20
-329.2707623642932
 10
156.0287833881915
 20
-328.807890823062
 10
156.54545798217154
 20
-328.3439298834443
 10
157.02425927753575
 20
-327.9007164010185
 10
157.5057841820972
 20
-327.4333609241037
 10
158.0628264454386
 20
-326.88145103562107
 10
158.6060660585663
 20
-326.34972863703797
 10
159.13618377840706
 20
-325.81240224887847
 10
159.63418832935935
 20
-325.31349723098634
 10
160.11293035302845
 20
-324.80254364874736
 10
160.6888415939687
 20
-324.19319744729705
 10
161.2218801975308
 20
-323.635401128268
 10
161.70059955298206
 20
-323.1203074401374
 10
162.19914400349148
 20
-322.57096562340394
 10
162.7073341893375
 20
-322.00676958152576
 10
163.18826901030403
 20
-321.46493677743535
 10
163.64383585907365
 20
-320.9383162167042
 10
164.10895789656138
 20
-320.3843550670738
 10
164.58368597815854
 20
-319.81248279946846
 10
165.02253857231824
 20
-319.27382720002765
 10
165.44258111524618
 20
-318.7382284013354
 10
165.89201891312592
 20
-318.1495919462329
 10
166.31987969065264
 20
-317.5866447045607
 10
166.71039682766187
 20
-317.0482128360575
 10
167.13679381800216
 20
-316.4434995392316
 10
167.52414423505613
 20
-315.89287511938073
 10
167.8879082546556
 20
-315.3378827086299
 10
168.2895028066406
 20
-314.72034437815785
 10
168.62813957314717
 20
-314.18714363672154
 10
168.98947763053872
 20
-313.57312126880225
 10
169.3988309614861
 20
-312.89253070741955
 10
169.7578711782244
 20
-312.2806295086781
 10
170.11049399440262
 20
-311.6612439391493
 10
170.45107402544443
 20
-311.04918612851765
 10
170.8031094263953
 20
-310.3911495154364
 10
171.1676260513549
 20
-309.71279612289356
 10
171.49918811719985
 20
-309.08056544496327
 10
171.83102956796446
 20
-308.4274645516851
 10
172.14037271390907
 20
-307.81185237068445
 10
172.45478166282007
 20
-307.14514318250843
 10
172.7939991598404
 20
-306.43951604810445
 10
173.0968191987709
 20
-305.78926490656414
 10
173.40763095194055
 20
-305.10439575061895
 10
173.6996398914796
 20
-304.4562511311613
 10
173.9931275273773
 20
-303.7663635230282
 10
174.309599594567
 20
-303.03630611427604
 10
174.60466217380917
 20
-302.3391335894041
 10
174.87955092580012
 20
-301.68466973740306
 10
175.14676630310083
 20
-301.00812852286697
 10
175.43661557380605
 20
-300.2777883288318
 10
175.70497741397594
 20
-299.5901908087837
 10
175.9960197442541
 20
-298.8199476310863
 10
176.2868428217119
 20
-298.085062456717
 10
176.55093802789898
 20
-297.3772285428426
 10
176.83626659259346
 20
-296.6291607550902
 10
177.1001145078492
 20
-295.92057384440255
 10
177.37311380691804
 20
-295.1777748598133
 10
177.63424393130356
 20
-294.4699197128011
 10
177.8967617575825
 20
-293.72677630253605
 10
178.1633486710713
 20
-292.99472851105133
 10
178.429204005423
 20
-292.2270069596534
 10
178.7158030173012
 20
-291.44361418326554
 10
178.98760914178197
 20
-290.67698018305515
 10
179.27545097496375
 20
-289.8956886808009
 10
179.55118093294297
 20
-289.13479025297136
 10
179.8414282368489
 20
-288.35000715368
 10
180.13278885692353
 20
-287.56572161929364
 10
180.430992229702
 20
-286.77881427293556
 10
180.72642981183466
 20
-286.00532514544716
 10
181.03005988870018
 20
-285.21814701076
 10
181.3423796762304
 20
-284.4237609978141
 10
181.6583897098089
 20
-283.6333003878434
 10
181.96464780064244
 20
-282.8801892924559
 10
182.27441752972695
 20
-282.11020272204826
 10
182.5939552776025
 20
-281.33827560288285
 10
182.92080060980126
 20
-280.54395630576914
 10
183.2691635957394
 20
-279.7332996095174
 10
183.6152497987534
 20
-278.93628179838043
 10
183.97080482178026
 20
-278.1444063751462
 10
184.31290115831283
 20
-277.3891731962783
 10
184.68367898626826
 20
-276.5778958418572
 10
185.06390339201184
 20
-275.7841713342737
 10
185.43653408344542
 20
-275.00756779452917
 10
185.8306809115938
 20
-274.21427195027445
 10
186.20348730757772
 20
-273.475557239766
 10
186.60555197325908
 20
-272.67920741726226
 10
187.0296359024904
 20
-271.881679973652
 10
187.42012390071105
 20
-271.152475599445
 10
187.84427671927077
 20
-270.3672463068851
  0
LWPOLYLINE
  5
122
330
17
100
AcDbEntity
  8
RIFERIMENTO
100
AcDbPolyline
 90
133
 70
0
 10
182.5728911894478
 20
-267.01851405732907
 10
182.32927107779616
 20
-267.45529413914676
 10
181.54920418649124
 20
-268.9485787990034
 10
181.36233307086334
 20
-269.3150149285634
 10
180.68862695325396
 20
-270.71464181940524
 10
180.51600431883944
 20
-271.07931030999305
 10
179.90578123267022
 20
-272.42028316010783
 10
179.7417753253568
 20
-272.80501421330564
 10
179.20042863983747
 20
-274.10573674939815
 10
179.03732489596666
 20
-274.49558001536286
 10
178.55309833185513
 20
-275.776123692292
 10
178.39242905236142
 20
-276.1963494082189
 10
177.96401968323215
 20
-277.4464458690149
 10
177.80431378291803
 20
-277.9110322801482
 10
177.41897655315844
 20
-279.1125120260228
 10
177.25501056276698
 20
-279.630250570769
 10
176.9061899818052
 20
-280.79395429612237
 10
176.7453069207021
 20
-281.3629823010684
 10
176.43628957806388
 20
-282.4876726841982
 10
176.26652648252795
 20
-283.134489980077
 10
175.9870061133842
 20
-284.18678678993433
 10
175.80694860590216
 20
-284.91282865928747
 10
175.55703082315364
 20
-285.88060181232044
 10
175.35840072070644
 20
-286.7224572054789
 10
175.14293906434986
 20
-287.551480712356
 10
174.90404624808133
 20
-288.5347463847205
 10
174.72764457178127
 20
-289.20068003172696
 10
174.43371023407065
 20
-290.3587257741747
 10
174.30569536394307
 20
-290.80771122036776
 10
173.92578295421475
 20
-292.1817831600101
 10
173.86938910218487
 20
-292.37476318235633
 10
173.57751280450262
 20
-293.35253302144355
 10
173.41257457345498
 20
-293.8821130728803
 10
173.3772188653428
 20
-293.9990957893412
 10
172.94362448270553
 20
-295.33968408230953
 10
172.7940217290722
 20
-295.815125904606
 10
172.45552104921387
 20
-296.7627079114615
 10
172.16003164929577
 20
-297.62978948937774
 10
171.95464262694668
 20
-298.14619952411357
 10
171.47276449316814
 20
-299.44382723863214
 10
171.4455747336203
 20
-299.51179102291707
 10
171.3839427031539
 20
-299.6718426662207
 10
170.91408262244545
 20
-300.81278340579524
 10
170.7414151580353
 20
-301.25740064164177
 10
170.37204952078392
 20
-302.0986367992523
 10
169.9378806503875
 20
-303.08285473880267
 10
169.80928020043098
 20
-303.36948381134454
 10
169.5354090616508
 20
-303.95369270929467
 10
169.22685170460073
 20
-304.59974256167004
 10
169.08955636686542
 20
-304.9028304325333
 10
168.63212095846424
 20
-305.80499126199334
 10
168.16484372905433
 20
-306.74584300889614
 10
168.0333350511798
 20
-306.9907543647971
 10
167.80354785600042
 20
-307.42330591330403
 10
167.39952384386086
 20
-308.16609270119756
 10
167.17102894203381
 20
-308.59422452373764
 10
166.76081913961303
 20
-309.3109755909513
 10
166.11601753073586
 20
-310.429686676904
 10
166.10507285562738
 20
-310.4515608645553
 10
166.09502110896779
 20
-310.46964328126387
 10
165.42379594033233
 20
-311.5564655236678
 10
164.92370662888382
 20
-312.3663661815589
 10
164.7232189604162
 20
-312.6626987830442
 10
164.47002655641367
 20
-313.0324880883194
 10
164.0050946502715
 20
-313.72333040310514
 10
163.62535486677834
 20
-314.2776557266103
 10
163.25726227959035
 20
-314.7803600329596
 10
162.83736719433432
 20
-315.3340735734609
 10
162.48032400694635
 20
-315.8080027057609
 10
162.16518575691669
 20
-316.2295654345324
 10
161.69275455353596
 20
-316.82240241547584
 10
161.21008360357698
 20
-317.4121979603523
 10
160.87448564667898
 20
-317.82812065013366
 10
160.52877717021664
 20
-318.24090577080375
 10
160.02448219094293
 20
-318.81262137372244
 10
159.57304671839304
 20
-319.32691616346284
 10
159.16296683991098
 20
-319.8020246273327
 10
158.68013760446132
 20
-320.3441212520085
 10
158.26814464673132
 20
-320.7935071680326
 10
157.9416643842387
 20
-321.1375343740952
 10
157.3398978508135
 20
-321.78718234846076
 10
156.53920607921307
 20
-322.6374413599975
 10
156.39006791666978
 20
-322.7883571287955
 10
156.29557354758307
 20
-322.8730662855092
 10
155.33771901302077
 20
-323.84604682922935
 10
154.64786032685342
 20
-324.5249613041054
 10
154.28584140174092
 20
-324.8930484731537
 10
153.60641117676673
 20
-325.5417525880673
 10
153.19928987425865
 20
-325.9064524972893
 10
152.98817461884974
 20
-326.0731846284277
 10
152.07807193139524
 20
-326.865982613012
 10
151.33316859296218
 20
-327.4788860010861
 10
150.94763399797012
 20
-327.81439042303685
 10
150.09579250293166
 20
-328.5101407045415
 10
149.8811930089663
 20
-328.6864998166299
 10
149.67768119250698
 20
-328.8436738169315
 10
149.02469715281188
 20
-329.36191135820997
 10
148.3303398213379
 20
-329.91718984906555
 10
148.17832221924786
 20
-330.0381217012039
 10
148.01593200542163
 20
-330.16837911423204
 10
147.41311582401656
 20
-330.65054704715874
 10
146.9054077367394
 20
-331.0594050425155
 10
146.66532834579778
 20
-331.24624053778723
 10
146.32797379386164
 20
-331.5265404671455
 10
145.9561367457188
 20
-331.82607303566556
 10
145.69259358402104
 20
-332.0518621656909
 10
145.28320089542805
 20
-332.39226018922477
 10
144.618296668967
 20
-332.96080904349543
 10
144.618296668967
 20
-332.96080904349543
 10
144.61599850759032
 20
-332.9625690235604
 10
144.00415883384744
 20
-333.5128718112711
 10
143.66342382069115
 20
-333.81349024253393
 10
143.39772387950555
 20
-334.05966984953983
 10
142.83809320061496
 20
-334.59547516542534
 10
142.81503161011594
 20
-334.6244122028162
 10
142.79276659754441
 20
-334.6342325557323
 10
142.25163494922379
 20
-335.17599846638376
 10
142.0098221253592
 20
-335.4315834885575
 10
141.71111252287326
 20
-335.73953287741693
 10
141.27403545059514
 20
-336.20590610420896
 10
141.18406308960985
 20
-336.3043482861874
 10
140.92714595677083
 20
-336.57893369574145
 10
140.66384224055196
 20
-336.8707719373415
 10
140.573838095878
 20
-336.97786692256994
 10
140.15250665199608
 20
-337.4465941622095
 10
139.89874851936992
 20
-337.73152241490595
 10
139.64360066079567
 20
-338.01734975294073
 10
139.24290438086115
 20
-338.48612433868345
 10
139.13883094150188
 20
-338.6051462760119
 10
138.7740808297105
 20
-339.05070516443453
 10
138.64100635013727
 20
-339.2060546377409
 10
138.59899381699844
 20
-339.24619551746684
 10
138.19065615304018
 20
-339.75975156253395
  0
LWPOLYLINE
  5
123
330
17
100
AcDbEntity
  8
RIFERIMENTO
100
AcDbPolyline
 90
100
 70
0
 10
14.321093930156664
 20
-315.8943884350349
 10
14.26688952049706
 20
-315.57839445845826
 10
14.2544395948986
 20
-315.5070094904411
 10
14.200096451966932
 20
-315.25117499635417
 10
13.968453925391614
 20
-313.9507021681388
 10
13.918248222299354
 20
-313.62823816262977
 10
13.70145112428628
 20
-312.30097965014875
 10
13.672262371225276
 20
-312.04148689430207
 10
13.56454069517774
 20
-311.2969432154029
 10
13.480265333083274
 20
-310.7176206765265
 10
13.453074191176668
 20
-310.5238346409108
 10
13.336140024567246
 20
-309.58532400383126
 10
13.217061446201175
 20
-308.6497081825946
 10
13.212881472924632
 20
-308.60030738096333
 10
13.20113202266515
 20
-308.55586856073285
 10
13.126005071209768
 20
-307.7303070587517
 10
13.07657773915254
 20
-307.3231721188024
 10
13.040984293450485
 20
-306.95282341350577
 10
12.979403226935322
 20
-306.2405976669801
 10
12.979403226935322
 20
-306.2405976669801
 10
12.979403226935322
 20
-306.2405976669801
 10
12.929698764005572
 20
-305.5966316778863
 10
12.923061697060444
 20
-305.44104494579193
 10
12.893515855190952
 20
-304.9922532483139
 10
12.869339275395191
 20
-304.7210160632712
 10
12.855799588610942
 20
-304.42984346808737
 10
12.827597180907908
 20
-304.05879717180153
 10
12.824304824305614
 20
-303.89577784851605
 10
12.793038797864472
 20
-303.44627814061334
 10
12.792663887181657
 20
-303.39365723227513
 10
12.779150422909368
 20
-303.0596453077878
 10
12.76796149082352
 20
-302.8963674171267
 10
12.769096257796718
 20
-302.8868595399173
 10
12.76008904733039
 20
-302.4246648407128
 10
12.755181392004243
 20
-302.3644960550364
 10
12.746227193661337
 20
-301.95420251213596
 10
12.74625280329315
 20
-301.85557539555543
 10
12.74481187691191
 20
-301.4867137730645
 10
12.736412979348376
 20
-301.3566431554952
 10
12.738942071620063
 20
-301.01014768569723
 10
12.734337638370924
 20
-300.8511374535246
 10
12.73461189376097
 20
-300.5240516802657
 10
12.73497918270094
 20
-300.32653501025754
 10
12.737480187582872
 20
-300.01036089374594
 10
12.742869921092087
 20
-299.7742999271695
 10
12.744229482686531
 20
-299.4679082175922
 10
12.749522292815556
 20
-299.1630616047303
 10
12.74683681295447
 20
-298.8466130078516
 10
12.756096719768834
 20
-298.4438094043472
 10
12.76745709500771
 20
-298.09009432324376
 10
12.785843981887819
 20
-297.15556491688125
 10
12.803146269126643
 20
-296.5260430142403
 10
12.86315925314042
 20
-295.1830785833882
 10
12.89745254306337
 20
-294.3484991015696
 10
12.952637499658842
 20
-293.52814532439635
 10
12.988382811327089
 20
-292.9301758984137
 10
13.04474868053402
 20
-292.27665584425404
 10
13.092488254107728
 20
-291.65010244893
 10
13.1403045052548
 20
-291.13264714755326
 10
13.207357301637462
 20
-290.42940999171
 10
13.246702580359589
 20
-290.0379350603855
 10
13.336731113119143
 20
-289.22617869822653
 10
13.364334446259353
 20
-288.9514616586571
 10
13.47405118717456
 20
-288.01282461000136
 10
13.488921157008086
 20
-287.85508664253484
 10
13.633253033691144
 20
-286.7682507253874
 10
13.636573938787347
 20
-286.74921294859143
 10
13.651658498439716
 20
-286.60079347601936
 10
13.791360700812263
 20
-285.68990804801564
 10
13.823785149188357
 20
-285.47439338452523
 10
13.955432749273648
 20
-284.60224850035024
 10
14.040377496655331
 20
-284.11228293485243
 10
14.141389803139674
 20
-283.4828523743997
 10
14.277045633460435
 20
-282.6876619922747
 10
14.341191241510504
 20
-282.31543019307946
 10
14.553329038642897
 20
-281.1769102389371
 10
14.568439601093917
 20
-281.08742274815415
 10
14.634599758778588
 20
-280.7241982268622
 10
14.810605059865757
 20
-279.8803683832649
 10
14.877754645998419
 20
-279.54469918910365
 10
15.073901543686528
 20
-278.6506425972616
 10
15.263011505844375
 20
-277.79468407134243
 10
15.363390970633535
 20
-277.3513029407867
 10
15.640105175145589
 20
-276.14050362904885
 10
15.679574490816428
 20
-275.98245954235165
 10
15.703933457801831
 20
-275.90453672684544
 10
16.022318972488694
 20
-274.66160197711434
 10
16.25452666089714
 20
-273.7861424254132
 10
16.396979994227838
 20
-273.2424821042596
 10
16.680040104713157
 20
-272.227344666196
 10
16.805537964654786
 20
-271.7825493376997
 10
16.9097591216438
 20
-271.4456920162467
 10
17.243465287798944
 20
-270.32701281036873
 10
17.72725367269473
 20
-268.76369595774383
 10
17.729273316265584
 20
-268.7543521779784
 10
17.729273316265584
 20
-268.7543521779784
 10
18.237731380822648
 20
-267.23484635486045
 10
18.78722524817466
 20
-265.6197811651947
 10
18.79776058980141
 20
-265.5898748612319
 10
18.816344691950622
 20
-265.53948305829266
  0
LWPOLYLINE
  5
124
330
17
100
AcDbEntity
  8
TACCHE
100
AcDbPolyline
 90
2
 70
0
 10
133.44312373709045
 20
-355.2608982573466
 10
134.32162428336778
 20
-352.392407924403
  0
LWPOLYLINE
  5
125
330
17
100
AcDbEntity
  8
TACCHE
100
AcDbPolyline
 90
2
 70
0
 10
11.16308332282609
 20
-332.5558933426582
 10
11.718094655114836
 20
-329.60767991398126
  0
LWPOLYLINE
  5
126
330
17
100
AcDbEntity
  8
TACCHE
100
AcDbPolyline
 90
2
 70
0
 10
18.93959515610872
 20
-265.06141828549295
 10
18.230834569009836
 20
-267.9764926293434
  0
CIRCLE
  5
127
330
17
100
AcDbEntity
  8
FORI
100
AcDbCircle
 10
124.88412953549009
 20
-250.01550786383945
 30
0.0
 40
1.8
  0
CIRCLE
  5
128
330
17
100
AcDbEntity
  8
FORI
100
AcDbCircle
 10
134.41448780442119
 20
-253.80377347242288
 30
0.0
 40
1.8
  0
CIRCLE
  5
129
330
17
100
AcDbEntity
  8
FORI
100
AcDbCircle
 10
144.04937044761905
 20
-257.6900077262284
 30
0.0
 40
1.8
  0
CIRCLE
  5
12A
330
17
100
AcDbEntity
  8
FORI
100
AcDbCircle
 10
153.8961572507328
 20
-261.8759710643045
 30
0.0
 40
1.8
  0
CIRCLE
  5
12B
330
17
100
AcDbEntity
  8
FORI
100
AcDbCircle
 10
164.07646230967958
 20
-266.28290243671523
 30
0.0
 40
1.8
  0
TEXT
  5
12C
330
17
100
AcDbEntity
  8
TESTO
100
AcDbText
 10
138.7339962854518
 20
-286.7590843032995
 30
0.0
 40
4.0
  1
QUARTIERE ESTERNO
 72
1
 11
138.7339962854518
 21
-286.7590843032995
 31
0.0
100
AcDbText
 73
2
  0
TEXT
  5
12D
330
17
100
AcDbEntity
  8
TESTO
100
AcDbText
 10
138.7339962854518
 20
-293.5590843032995
 30
0.0
 40
2.6
  1
Oxford cap-toe tg 42 - destra
 72
1
 11
138.7339962854518
 21
-293.5590843032995
 31
0.0
100
AcDbText
 73
2
  0
TEXT
  5
12E
330
17
100
AcDbEntity
  8
TESTO
100
AcDbText
 10
138.7339962854518
 20
-297.9790843032995
 30
0.0
 40
2.6
  1
vitello box 1,3 mm
 72
1
 11
138.7339962854518
 21
-297.9790843032995
 31
0.0
100
AcDbText
 73
2
  0
TEXT
  5
12F
330
17
100
AcDbEntity
  8
TESTO
100
AcDbText
 10
138.7339962854518
 20
-302.3990843032995
 30
0.0
 40
2.6
  1
tagliare 2 per paio (dx + sx speculare)
 72
1
 11
138.7339962854518
 21
-302.3990843032995
 31
0.0
100
AcDbText
 73
2
  0
TEXT
  5
130
330
17
100
AcDbEntity
  8
TESTO
100
AcDbText
 10
172.14037271390907
 20
-307.81185237068445
 30
0.0
 40
2.2
  1
scarnire 8
 72
1
 11
172.14037271390907
 21
-307.81185237068445
 31
0.0
100
AcDbText
 73
2
  0
LWPOLYLINE
  5
131
330
17
100
AcDbEntity
  8
TESTO
100
AcDbPolyline
 90
2
 70
0
 10
123.80704050916992
 20
-310.28057449510584
 10
153.6609520617337
 20
-313.2375941114932
  0
LWPOLYLINE
  5
132
330
17
100
AcDbEntity
  8
TESTO
100
AcDbPolyline
 90
3
 70
0
 10
149.87756516248433
 20
-310.8530640591373
 10
153.6609520617337
 20
-313.2375941114932
 10
149.48329588029938
 20
-314.83358559947914
  0
TEXT
  5
133
330
17
100
AcDbEntity
  8
TESTO
100
AcDbText
 10
139.02969824709055
 20
-308.77369314804315
 30
0.0
 40
2.2
  1
verso del tiro
 72
1
 11
139.02969824709055
 21
-308.77369314804315
 31
0.0
100
AcDbText
 73
2
  0
LWPOLYLINE
  5
134
330
17
100
AcDbEntity
  8
TAGLIO
100
AcDbPolyline
 90
109
 70
0
 10
571.5991896156175
 20
-36.51252716134013
 10
580.3447161439877
 20
-31.57014179107921
 10
586.9910875961164
 20
-27.73365749784564
 10
592.3912458862269
 20
-24.71834736915595
 10
598.8329015505932
 20
-21.312014995812703
 10
603.929154078294
 20
-18.802697432274783
 10
609.011745464242
 20
-16.490480102883794
 10
612.4235849701997
 20
-15.046570365793485
 10
624.1995350750408
 20
-10.30207663173212
 10
636.3762577092622
 20
-5.528227492030169
 10
649.6328284954325
 20
0.0
 10
650.524851327595
 20
-2.487745857451216
 10
653.5247657450536
 20
-11.527967925434439
 10
654.1188406203614
 20
-13.161967074213578
 10
655.5206902021628
 20
-16.661486936659003
 10
657.1904207311126
 20
-20.49873804852561
 10
658.1491288093426
 20
-22.540969926856604
 10
659.2217194457595
 20
-24.66630390139038
 10
660.4537630574014
 20
-26.877398488189925
 10
661.9002461052012
 20
-29.154124254561367
 10
663.6350112477552
 20
-31.486103702923856
 10
665.9691761774466
 20
-34.27395484287268
 10
667.9563081733891
 20
-36.40505882493845
 10
670.5871991895176
 20
-38.84155354398493
 10
672.1003770206712
 20
-40.01102274546861
 10
673.5944582578636
 20
-41.03703241975212
 10
675.0836154000672
 20
-41.8840020227033
 10
676.5515746088932
 20
-42.56994902739376
 10
678.003092816062
 20
-43.13455217184463
 10
679.4502977941734
 20
-43.58784213018677
 10
680.883448143243
 20
-43.9491015380207
 10
682.3047408914111
 20
-44.23842673589655
 10
683.7128846820711
 20
-44.4583009316373
 10
686.4986437833528
 20
-44.72794507896745
 10
687.8662349564187
 20
-44.776475341343385
 10
690.5933185757506
 20
-44.75052046053193
 10
692.7925672260935
 20
-44.62059109942929
 10
694.6153669546599
 20
-44.41268333547943
 10
696.7187628019966
 20
-44.03237661900532
 10
699.2010945618457
 20
-43.43598178425172
 10
702.7957263649494
 20
-42.3748746690232
 10
707.4218759766741
 20
-40.836219002157165
 10
711.887708086668
 20
-39.24692537957354
 10
714.7523310143265
 20
-38.322074822538056
 10
734.4722874520096
 20
-32.614291387136205
 10
738.938031411916
 20
-31.41702446115501
 10
742.2677555121529
 20
-30.582526520480116
 10
750.3189861800156
 20
-28.710600462489637
 10
756.4125949831777
 20
-27.238561299410463
 10
757.4396723442126
 20
-30.400848013287145
 10
758.3476319124684
 20
-33.79834041405549
 10
759.4820780248394
 20
-37.498186928210174
 10
760.6690372951387
 20
-41.70507937479408
 10
761.9928720144711
 20
-46.86420020030536
 10
763.918542098161
 20
-56.480217188158804
 10
764.5788497115451
 20
-63.96090928397641
 10
764.78085474926
 20
-67.11670085560264
 10
765.2993977139579
 20
-78.47235313431348
 10
766.1804545075262
 20
-95.707076405583
 10
759.1829241011945
 20
-96.27347036103961
 10
754.2506907834616
 20
-96.95707933149934
 10
751.9898879648356
 20
-97.45087317204255
 10
747.6289478729369
 20
-98.6003106345473
 10
739.7462575022594
 20
-100.55158171559219
 10
737.0095547788192
 20
-101.30252761293866
 10
735.4312516585949
 20
-101.63900625664382
 10
731.9125961257964
 20
-102.15481617736623
 10
725.0778234273505
 20
-102.80941768754667
 10
720.4056949768807
 20
-103.13259345835752
 10
714.9258482774785
 20
-103.58844501040889
 10
701.7241448768217
 20
-104.42331370785345
 10
691.2498823672643
 20
-105.30431746889687
 10
683.4414645000127
 20
-106.07267614552373
 10
679.3988840717255
 20
-106.52533354808571
 10
675.4244242417592
 20
-107.07020457210476
 10
671.4208116787289
 20
-107.71856915975957
 10
666.5210417483102
 20
-108.64886577687871
 10
662.6160743448837
 20
-109.47567736501719
 10
658.5899706646444
 20
-110.40781195719634
 10
654.8801662743272
 20
-111.34194956873705
 10
652.5956481384575
 20
-112.01555226261951
 10
648.7890290688608
 20
-113.23154232493988
 10
637.9685992942857
 20
-116.96073300001703
 10
630.1039539553998
 20
-119.53071403291972
 10
614.8001380400923
 20
-105.85710032459096
 10
613.1401898935967
 20
-104.48719516248337
 10
608.2490068584651
 20
-100.84123271222296
 10
605.7510967459036
 20
-98.89709462350751
 10
604.1854746473077
 20
-97.59060987540119
 10
601.1192205476254
 20
-94.79526765525637
 10
598.470424699613
 20
-92.18846491077475
 10
596.0702464947394
 20
-89.62340282273206
 10
594.8056544432447
 20
-88.17144777763583
 10
593.3113792014128
 20
-86.3088823862189
 10
591.986763046553
 20
-84.50141750767457
 10
590.7912121365492
 20
-82.71040280497402
 10
589.7245505190301
 20
-80.94767411266045
 10
588.7320141037414
 20
-79.18864128412132
 10
586.9711600990877
 20
-75.74088193103613
 10
585.4433967900583
 20
-72.31354083027688
 10
584.0973311577245
 20
-68.91003081078321
 10
582.8689737945515
 20
-65.4937667234687
 10
578.8680741412624
 20
-53.379069001815495
 10
577.637222354732
 20
-49.86297894032499
 10
576.9675610821193
 20
-48.093050191525435
 10
575.4866268911358
 20
-44.50123913005454
 10
574.6562293956923
 20
-42.64980745090293
 10
573.7573797909915
 20
-40.741147314660765
 10
571.5991896156175
 20
-36.51252716134013
  0
LWPOLYLINE
  5
135
330
17
100
AcDbEntity
  8
MONTAGGIO
100
AcDbPolyline
 90
206
 70
0
 10
616.4779891004824
 20
-107.39605408358202
 10
616.6335701798477
 20
-107.33588394401578
 10
617.8831507768571
 20
-106.87289234390175
 10
618.2461552271667
 20
-106.73179339262894
 10
619.3863057026454
 20
-106.30959088054058
 10
619.8331742558682
 20
-106.14109309323504
 10
620.8801323865064
 20
-105.74542517509826
 10
621.4117601732842
 20
-105.55667100076617
 10
622.3815916982434
 20
-105.20863752643467
 10
623.0442179169438
 20
-104.98883295093296
 10
623.8890223366145
 20
-104.71657452676632
 10
624.7580654346255
 20
-104.43256614360928
 10
625.4024770996584
 20
-104.23760519902835
 10
626.4795209176523
 20
-103.88938774575507
 10
626.9116567439963
 20
-103.74796749881537
 10
628.1771094001325
 20
-103.337667248608
 10
628.4147852046528
 20
-103.26282750325221
 10
629.8489599365964
 20
-102.78762882342062
 10
629.9203815069347
 20
-102.76768710603703
 10
630.6132788181427
 20
-102.53215287371515
 10
631.4010565763648
 20
-102.28330386431574
 10
631.4879570492302
 20
-102.24857253855355
 10
632.9191866470753
 20
-101.77839352550347
 10
633.128985703004
 20
-101.70214953751213
 10
634.4184231228838
 20
-101.2728637401721
 10
634.7476972434633
 20
-101.15799149363475
 10
635.9059905025049
 20
-100.7620470573435
 10
636.3314475076506
 20
-100.61724286250598
 10
637.3794215212665
 20
-100.25806196988023
 10
637.876300182745
 20
-100.08622786947865
 10
638.8533046360545
 20
-99.75771903244589
 10
639.4034781601282
 20
-99.56321657141454
 10
640.3115200638308
 20
-99.25599730597631
 10
640.8842151918465
 20
-99.04704233064894
 10
641.7555279724486
 20
-98.74388540970764
 10
642.302949926948
 20
-98.54148521514058
 10
643.1821554584623
 20
-98.24205400419001
 10
643.7006293304607
 20
-98.06089843958006
 10
644.6167199778005
 20
-97.76635689790744
 10
645.0992798133308
 20
-97.60511628968656
 10
646.0433903616679
 20
-97.3054640776999
 10
646.485678322797
 20
-97.16062545684156
 10
647.4639278803934
 20
-96.85835220808343
 10
647.8603649077409
 20
-96.73166494882943
 10
648.8778392334361
 20
-96.42627550022323
 10
649.2362411446907
 20
-96.31580749829575
 10
650.2911345050602
 20
-96.01366285623851
 10
650.6059258558543
 20
-95.92208977157841
 10
651.7099700445303
 20
-95.63107103243343
 10
652.0000332588007
 20
-95.5552978187655
 10
653.136727860261
 20
-95.27052117374097
 10
653.4107412620885
 20
-95.20128654623187
 10
654.560263917831
 20
-94.92194672061035
 10
654.825532770289
 20
-94.85688448400106
 10
655.9777904960359
 20
-94.58163910536307
 10
656.2362330352463
 20
-94.52215378204184
 10
657.4091307182989
 20
-94.25133386127814
 10
657.6592632996206
 20
-94.19310064682112
 10
658.8261089797397
 20
-93.93070099524994
 10
659.0773765059637
 20
-93.87110700735218
 10
660.2571391868873
 20
-93.61579880606712
 10
660.4903056462736
 20
-93.56451578056495
 10
661.6807201612046
 20
-93.31170486147366
 10
661.9151956238126
 20
-93.26191943500231
 10
663.1090750008204
 20
-93.01604183124692
 10
663.3354608048481
 20
-92.96904792185731
 10
664.531240190179
 20
-92.73138960718445
 10
664.7492921649407
 20
-92.68743472119706
 10
665.9475169705353
 20
-92.45203891496914
 10
666.1661539673241
 20
-92.41277261358255
 10
667.3675989405771
 20
-92.19391976886017
 10
667.5867808650452
 20
-92.15394146755875
 10
668.7906179997198
 20
-91.93432970179543
 10
669.001282758024
 20
-91.90333529191889
 10
670.2078336182636
 20
-91.69820720522048
 10
670.4195797658865
 20
-91.6624484048339
 10
671.6282917302946
 20
-91.46705604659236
 10
671.8305784533912
 20
-91.4329494397821
 10
673.0417351557676
 20
-91.24859164025935
 10
673.2449081433282
 20
-91.21832360931272
 10
674.4584862596804
 20
-91.04146290219825
 10
674.6530213056022
 20
-91.01421049268623
 10
675.8691860966987
 20
-90.84684531207537
 10
676.0638600339182
 20
-90.82179048013197
 10
677.2722996083936
 20
-90.66641062695766
 10
677.4687563129452
 20
-90.64214804577692
 10
678.679071507067
 20
-90.497463469979
 10
678.8763037548663
 20
-90.4736605420552
 10
680.0791319308474
 20
-90.33986685771407
 10
680.2868656854802
 20
-90.3193795380061
 10
681.4817652671242
 20
-90.19307007872222
 10
681.6807101363072
 20
-90.16911707557057
 10
682.877532083614
 20
-90.04819357592027
 10
683.0868802340025
 20
-90.0267554250534
 10
684.2753200261147
 20
-89.90529813456996
 10
684.4760392919053
 20
-89.88399006438479
 10
685.6660043623389
 20
-89.76226679379563
 10
685.8769017668121
 20
-89.74255095899579
 10
687.0483916661296
 20
-89.626927531115
 10
687.2598807625338
 20
-89.60692932054391
 10
688.432879483391
 20
-89.4967983003503
 10
688.6448933880408
 20
-89.47652832656965
 10
689.7986287920287
 20
-89.37026183393877
 10
690.0212802070625
 20
-89.35021152739981
 10
691.1762933076557
 20
-89.24526687269099
 10
691.3896702269957
 20
-89.2257992416736
 10
692.5354042770263
 20
-89.12368507306459
 10
692.7592684817564
 20
-89.09923714594481
 10
693.8965154937229
 20
-89.0005637365035
 10
694.120904216661
 20
-88.98531491934702
 10
695.2596712701752
 20
-88.88754810812216
 10
695.4744790069705
 20
-88.8674489186827
 10
696.6048601443357
 20
-88.77557516080725
 10
696.8306271942089
 20
-88.75512712246103
 10
697.952548579362
 20
-88.66364041777567
 10
698.1793732524229
 20
-88.64975692386889
 10
699.2931436504975
 20
-88.55855661930883
 10
699.5206534827284
 20
-88.54614815250449
 10
700.6267652130889
 20
-88.46037652716427
 10
700.8557061102427
 20
-88.44664714052156
 10
701.9639109229829
 20
-88.36663117162267
 10
702.1940963247093
 20
-88.3515027754864
 10
703.2950303088251
 20
-88.27489944355969
 10
703.5266077793674
 20
-88.26046203619568
 10
704.6203493236728
 20
-88.18277595835013
 10
704.8533969616944
 20
-88.17365412597366
 10
705.9399051980737
 20
-88.10391763242048
 10
706.1749091583458
 20
-88.08743464488498
 10
707.2652490846417
 20
-88.02336389575069
 10
707.5020751522948
 20
-88.01078553816997
 10
708.5863372094714
 20
-87.93964760023192
 10
708.8249579441513
 20
-87.93113334845228
 10
709.9030356216393
 20
-87.87045919580157
 10
710.1442043422962
 20
-87.85830288787832
 10
711.2163175965214
 20
-87.79468924090438
 10
711.4602619388324
 20
-87.77938980422991
 10
712.5267053593745
 20
-87.71389027999128
 10
712.7841127427467
 20
-87.69679278508374
 10
713.8454520915559
 20
-87.6249635168385
 10
714.1060517483431
 20
-87.60518001877554
 10
715.1630884674191
 20
-87.52642106879439
 10
715.4164692436431
 20
-87.50315648668695
 10
716.4806602103048
 20
-87.4128109219181
 10
716.7490583407462
 20
-87.39215738435867
 10
717.799003064452
 20
-87.29800525142605
 10
718.0835754441548
 20
-87.2743777398704
 10
719.118566180223
 20
-87.18411342469128
 10
719.4408485746603
 20
-87.16020109589074
 10
720.4508500083165
 20
-87.08266380833683
 10
720.8229782723329
 20
-87.05749496801508
 10
721.7747252470351
 20
-86.99049213913193
 10
722.2680015666425
 20
-86.96276635300909
 10
723.1157242465551
 20
-86.90187820661568
 10
723.8040298257032
 20
-86.86020297763989
 10
724.4735078257528
 20
-86.80673673852472
 10
725.4660293100296
 20
-86.72631185340829
 10
725.8488140887183
 20
-86.68163250397343
 10
727.2657372809736
 20
-86.52382065319009
 10
727.2810725961994
 20
-86.52643578297227
 10
727.29205629875
 20
-86.52311372777504
 10
728.6382433897859
 20
-86.42569594712025
 10
729.3130201762864
 20
-86.35034178545027
 10
730.0422725296579
 20
-86.26450840913546
 10
731.4535265883226
 20
-86.0685224078258
 10
731.5283158524194
 20
-86.05882399410706
 10
731.5676487151345
 20
-86.05496114180377
 10
732.8886383165114
 20
-85.84232567468075
 10
733.5209722749369
 20
-85.67377174055613
 10
734.2736207553789
 20
-85.45597048549782
 10
735.2842757652705
 20
-85.18611016331096
 10
735.6872236040033
 20
-85.07133214119386
 10
736.703569219379
 20
-84.82762309807664
 10
737.2744677226772
 20
-84.68841054845171
 10
737.6984544728929
 20
-84.58209745249663
 10
738.7076153890574
 20
-84.33764061696239
 10
739.9200904668613
 20
-84.02272515082645
 10
740.3662482806205
 20
-83.90936804948234
 10
741.1434821587773
 20
-83.71372348081391
 10
741.8946816739253
 20
-83.51746325906245
 10
742.351307291051
 20
-83.41576103515877
 10
743.8645932197373
 20
-83.04943818157345
 10
744.5203086008617
 20
-82.85637712568135
 10
745.8727395655487
 20
-82.51866926904067
 10
746.336968445526
 20
-82.38486369851853
 10
747.555329216168
 20
-82.07742435208115
 10
748.0348634937263
 20
-81.94204209488848
 10
748.2754181002833
 20
-81.88532740309732
 10
749.4185438185427
 20
-81.6341939200764
 10
750.5807623977385
 20
-81.38504955284316
 10
750.8620042168419
 20
-81.3162479708762
 10
751.2648147512255
 20
-81.23610529752216
 10
752.1040382913394
 20
-81.09046999822047
 10
752.5411208358701
 20
-81.02552454020463
 10
753.440328663887
 20
-80.89957205186985
 10
754.3275095395082
 20
-80.77233507433183
 10
754.8096997549035
 20
-80.69974362506781
 10
755.9953036527929
 20
-80.53672706638748
 10
756.1848796571899
 20
-80.50983203915717
 10
757.3930744095742
 20
-80.37390796490322
 10
757.5381336388937
 20
-80.35197430530778
 10
757.5621902892708
 20
-80.35146206184017
 10
759.2041967497898
 20
-80.22258262177371
 10
759.3927765319262
 20
-80.20647060148167
 10
761.2314914016949
 20
-80.03980561110656
 10
761.7685279034245
 20
-79.99556665155711
 10
765.3723190040811
 20
-79.72245069746768
  0
LWPOLYLINE
  5
136
330
17
100
AcDbEntity
  8
CUCITURA
100
AcDbPolyline
 90
164
 70
0
 10
755.3263578758259
 20
-29.569626013932805
 10
754.5346714751918
 20
-29.758054779970337
 10
753.7532623819975
 20
-29.947018482860756
 10
752.9688923237409
 20
-30.134268423305116
 10
752.1841337421279
 20
-30.32251223692832
 10
751.3950060745839
 20
-30.50893479896989
 10
750.5978337087911
 20
-30.6949164714068
 10
749.8101289561422
 20
-30.869330830130977
 10
749.0397950967742
 20
-31.047376762033224
 10
748.2520787015344
 20
-31.233351091383128
 10
747.4584749236701
 20
-31.412672665621827
 10
746.6845054996792
 20
-31.588043324299804
 10
745.9021599667157
 20
-31.77391051447053
 10
745.1205192954908
 20
-31.951471014470883
 10
744.3506687449174
 20
-32.13694167210723
 10
743.569993582119
 20
-32.324823216229575
 10
742.7954140377304
 20
-32.512736807969006
 10
742.0160808224055
 20
-32.706581062928095
 10
741.240976457647
 20
-32.895900044682946
 10
740.4695411058217
 20
-33.093362800419044
 10
739.6955857816464
 20
-33.289275517972996
 10
738.9216637631323
 20
-33.4925437967875
 10
738.1468359419382
 20
-33.69236725238848
 10
737.3793266524306
 20
-33.89757726166394
 10
736.605137626245
 20
-34.10568670945963
 10
735.8339464501573
 20
-34.3143007681376
 10
735.0676322368679
 20
-34.52500812156859
 10
734.3002178683769
 20
-34.74079216338717
 10
733.5268894232463
 20
-34.95967612535162
 10
732.7568369525263
 20
-35.17698228599126
 10
731.9948327043599
 20
-35.396398192296175
 10
731.2230597809951
 20
-35.623972423944494
 10
730.4490739853397
 20
-35.84687719329668
 10
729.6792508799374
 20
-36.07323157199393
 10
728.9060014457074
 20
-36.29780404870124
 10
728.1437557058013
 20
-36.521470468521315
 10
727.3639785383158
 20
-36.756591038337405
 10
726.5790881133194
 20
-36.97803057863197
 10
725.8114173383602
 20
-37.200507700634404
 10
725.0355309166719
 20
-37.423828958865215
 10
724.2667472442697
 20
-37.6443248457642
 10
723.5045876891227
 20
-37.867729854538595
 10
722.7362765453299
 20
-38.09681108893487
 10
721.9666541672289
 20
-38.32484784583028
 10
721.1991354799361
 20
-38.55533351006156
 10
720.4113685367877
 20
-38.79149040312309
 10
719.6144826062799
 20
-39.01552642610281
 10
718.8306772771883
 20
-39.2309531116324
 10
718.0578578751938
 20
-39.44131614282479
 10
717.3014219037111
 20
-39.65221512073926
 10
716.5450493200439
 20
-39.8739768206181
 10
715.7838107109468
 20
-40.099768827986836
 10
715.0292423908131
 20
-40.32970700621064
 10
714.2779211474261
 20
-40.56557648319858
 10
713.5297761550662
 20
-40.80768308484724
 10
712.7782686913544
 20
-41.05884588297492
 10
712.0258117489705
 20
-41.312602347436766
 10
711.2769704081429
 20
-41.571692062088644
 10
710.5306425377394
 20
-41.83361678016223
 10
709.781286582825
 20
-42.10445539564735
 10
709.0303301916173
 20
-42.374660997310656
 10
708.2642346141258
 20
-42.657130784514735
 10
707.4786930846408
 20
-42.92942259065293
 10
706.7101710801956
 20
-43.189736149920776
 10
705.9423242741437
 20
-43.450005016566436
 10
705.1717405532954
 20
-43.7057931985735
 10
704.3982554806372
 20
-43.96171198778265
 10
703.6181146021647
 20
-44.2119944272398
 10
702.8384440509938
 20
-44.457364308715086
 10
702.0545612881743
 20
-44.69788919794705
 10
701.264170313287
 20
-44.933395551837066
 10
700.4707581387916
 20
-45.15955281385837
 10
699.6694108088705
 20
-45.38059331611912
 10
698.8583838386128
 20
-45.588616067038814
 10
698.0469556237839
 20
-45.784259028355265
 10
697.231024361851
 20
-45.9675697820372
 10
696.3937267985068
 20
-46.14141262450819
 10
695.550657969394
 20
-46.28680112406555
 10
694.7060463348134
 20
-46.417762916259065
 10
693.8574469824409
 20
-46.52064378149905
 10
693.0080740322646
 20
-46.60902100960237
 10
692.1576384707924
 20
-46.66977517483039
 10
691.328290771054
 20
-46.71626331064236
 10
690.4938082290033
 20
-46.75383378941318
 10
689.6527463962377
 20
-46.77511554563169
 10
688.8169810169819
 20
-46.78216202782829
 10
687.9723005311367
 20
-46.77702818745985
 10
687.1345777363709
 20
-46.750676981338685
 10
686.282709088066
 20
-46.71664925297141
 10
685.4299796131386
 20
-46.6490077395858
 10
684.5934432206319
 20
-46.5732064573843
 10
683.7419765023407
 20
-46.474777563837165
 10
682.9057782917308
 20
-46.354794287473325
 10
682.059165339533
 20
-46.221881299312
 10
681.2217961959722
 20
-46.056838913992195
 10
680.3853551241465
 20
-45.88310378047501
 10
679.5496913041464
 20
-45.6743334299629
 10
678.7167111671783
 20
-45.45142706145944
 10
677.8837764014289
 20
-45.19115830831515
 10
677.0560122515359
 20
-44.908152499421234
 10
676.2460223235946
 20
-44.59076188945946
 10
675.4379313786866
 20
-44.25381718650689
 10
674.6595439598489
 20
-43.882858609016864
 10
673.8730936989909
 20
-43.499830800601856
 10
673.088003175723
 20
-43.05489336720251
 10
672.3258426758313
 20
-42.587108603553276
 10
671.6288027220131
 20
-42.104282939198214
 10
670.9225474094155
 20
-41.62700404423177
 10
670.2350142090387
 20
-41.100663026141575
 10
669.5474466228618
 20
-40.571874934112884
 10
668.8816596753188
 20
-39.992440135434265
 10
668.270091760964
 20
-39.44212738760646
 10
667.6503584134189
 20
-38.88134295198971
 10
667.0431278526787
 20
-38.29988119713539
 10
666.4317437301065
 20
-37.704895662629866
 10
665.8417559464774
 20
-37.082601368444955
 10
665.2867406580843
 20
-36.482784020803365
 10
664.7314732643641
 20
-35.881598754619176
 10
664.1640365237614
 20
-35.25088544367357
 10
663.6233559738586
 20
-34.61190769895042
 10
663.0967723536965
 20
-33.98729626883993
 10
662.5715032899959
 20
-33.350459814793794
 10
662.0398135088058
 20
-32.692077832188986
 10
661.5312963480319
 20
-32.02086536643037
 10
661.0399371693759
 20
-31.363886246149733
 10
660.5422460685483
 20
-30.684310698962477
 10
660.0483767683302
 20
-29.969097228326547
 10
659.5944232520148
 20
-29.257466332554912
 10
659.1597996805555
 20
-28.571973109898806
 10
658.7023197399766
 20
-27.84167937750412
 10
658.2848343882192
 20
-27.093027607719208
 10
657.8941594936857
 20
-26.391125307328792
 10
657.4834851839253
 20
-25.654847612268696
 10
657.099778123045
 20
-24.899384654653403
 10
656.7375707030905
 20
-24.1802057742305
 10
656.3595872010969
 20
-23.433433304408
 10
656.0094387963788
 20
-22.679089959094625
 10
655.6664849573637
 20
-21.954212386625557
 10
655.3137560092619
 20
-21.198748485132427
 10
654.9811155240095
 20
-20.43953555086003
 10
654.6566935627199
 20
-19.698713519983627
 10
654.3353210066437
 20
-18.95665742841109
 10
654.0155104733386
 20
-18.21836199860934
 10
653.687444827093
 20
-17.460733503174183
 10
653.3744850202588
 20
-16.6949472710416
 10
653.0679583262906
 20
-15.940998942447138
 10
652.766541181672
 20
-15.183350061599214
 10
652.4673177610744
 20
-14.424078699894125
 10
652.1688886505631
 20
-13.647988832137202
 10
651.887835882917
 20
-12.87471640532712
 10
651.6088006108432
 20
-12.108005633816504
 10
651.3371416047478
 20
-11.3333817240554
 10
651.0685409954515
 20
-10.556365910063079
 10
650.811433067321
 20
-9.780104668657401
 10
650.5582618279848
 20
-9.015634137214775
 10
650.3051773458376
 20
-8.249517831014018
 10
650.0528393140681
 20
-7.4819864819776285
 10
649.8009582037511
 20
-6.711014518331012
 10
649.5529059475539
 20
-5.9399188885560505
 10
649.3088989485999
 20
-5.179263300526159
 10
649.0613353941133
 20
-4.424816318218433
 10
648.8095770113176
 20
-3.667826148381735
 10
648.5575737398195
 20
-2.917299521166541
 10
648.3019343857898
 20
-2.180551159735245
  0
LWPOLYLINE
  5
137
330
17
100
AcDbEntity
  8
CUCITURA
100
AcDbPolyline
 90
87
 70
0
 10
648.9136424824491
 20
-2.45857600617461
 10
648.1772329534999
 20
-2.7640919683004768
 10
647.4401152098403
 20
-3.07244418782534
 10
646.7031067815738
 20
-3.380999801575129
 10
645.9641170627629
 20
-3.692379564246025
 10
645.2270500831764
 20
-4.001242277850963
 10
644.4993418145293
 20
-4.310463197122374
 10
643.7580904081914
 20
-4.631181629077034
 10
643.0129071150908
 20
-4.943008632888208
 10
642.2734463958031
 20
-5.258109496412544
 10
641.5269732037482
 20
-5.569073092583523
 10
640.7850751388518
 20
-5.879610883659751
 10
640.0391965034684
 20
-6.188539286612837
 10
639.2957580898988
 20
-6.495288304520841
 10
638.5471239930032
 20
-6.803593372149734
 10
637.8013517469636
 20
-7.10486690498395
 10
637.0515334573798
 20
-7.411807211331364
 10
636.2938908494878
 20
-7.710907492894449
 10
635.5491915170085
 20
-8.005144797594454
 10
634.7986060791916
 20
-8.302727501757374
 10
634.0445395117583
 20
-8.59616856912072
 10
633.2970453256867
 20
-8.886573343011548
 10
632.5497180263895
 20
-9.177654283233636
 10
631.8028692913053
 20
-9.468004076857937
 10
631.0587147470904
 20
-9.758654666226931
 10
630.3094272232775
 20
-10.052832642893009
 10
629.5659087494507
 20
-10.340884740272344
 10
628.8258476326869
 20
-10.63546028485463
 10
628.0743086482386
 20
-10.931585733068474
 10
627.3261244118765
 20
-11.224574698478364
 10
626.5798478119904
 20
-11.517532454338777
 10
625.8320818535096
 20
-11.81080824371584
 10
625.0890130273749
 20
-12.1016608235104
 10
624.3481965913537
 20
-12.395880955296306
 10
623.6045985017187
 20
-12.691359416840413
 10
622.8603623237783
 20
-12.988733066546544
 10
622.1121842124965
 20
-13.286719161166786
 10
621.371109272914
 20
-13.580155855975164
 10
620.6273935209143
 20
-13.880836103898943
 10
619.8822519046653
 20
-14.175930942478459
 10
619.14366002615
 20
-14.475231027418829
 10
618.397803540346
 20
-14.775206680960196
 10
617.6569419857217
 20
-15.073955605071319
 10
616.9157298650562
 20
-15.37499840130124
 10
616.1746469417943
 20
-15.675757977451099
 10
615.4334264855252
 20
-15.978897692209458
 10
614.6897751705861
 20
-16.281939184850387
 10
613.9474311334822
 20
-16.58485727361831
 10
613.2124520225643
 20
-16.88475078790961
 10
612.4782741937538
 20
-17.19160385315064
 10
611.7481976695769
 20
-17.49502998993418
 10
611.019421535519
 20
-17.809649535355945
 10
610.2818883251475
 20
-18.12351550148827
 10
609.5586550551881
 20
-18.436292204661697
 10
608.832059426233
 20
-18.757826985859907
 10
608.1114754650895
 20
-19.075996422089233
 10
607.3892549098779
 20
-19.408259235673924
 10
606.660919533089
 20
-19.736230064834956
 10
605.9460924645011
 20
-20.06809019875938
 10
605.2263899492709
 20
-20.404486532014232
 10
604.5133261791266
 20
-20.742270491694768
 10
603.7928620082461
 20
-21.09069290265373
 10
603.076175499076
 20
-21.43186494020017
 10
602.3682545485715
 20
-21.78171780937589
 10
601.6531428388961
 20
-22.133287124198233
 10
600.9453981245047
 20
-22.487758481001833
 10
600.2325530597253
 20
-22.847732626980886
 10
599.523992887664
 20
-23.205834019020926
 10
598.8171666581966
 20
-23.57019555336916
 10
598.1126313732136
 20
-23.93248749956598
 10
597.4126456584554
 20
-24.302257943404754
 10
596.7021482045882
 20
-24.677213937740873
 10
595.9956102300642
 20
-25.04938756511288
 10
595.297317231907
 20
-25.421175560379424
 10
594.5969709745805
 20
-25.80013375727701
 10
593.8924031035731
 20
-26.1806514383628
 10
593.1943932750705
 20
-26.55966776169609
 10
592.4958612130443
 20
-26.944150480289267
 10
591.7953622554584
 20
-27.328967126168934
 10
591.1023060270725
 20
-27.713137528218923
 10
590.408984681728
 20
-28.10294141343944
 10
589.7108452532448
 20
-28.496215995504485
 10
589.011866693483
 20
-28.890067448693486
 10
588.3175761955487
 20
-29.281109295639354
 10
587.6287145020099
 20
-29.674184277417098
 10
586.9364678716624
 20
-30.072444331034163
 10
586.2430348947072
 20
-30.47144472304811
  0
LWPOLYLINE
  5
138
330
17
100
AcDbEntity
  8
SCARNITURA
100
AcDbPolyline
 90
102
 70
0
 10
579.8337850417682
 20
-35.01066726378809
 10
580.2286113109759
 20
-35.79968364179189
 10
580.5821198610982
 20
-36.5103514533905
 10
580.9828315042206
 20
-37.30856971148076
 10
581.370786827619
 20
-38.13272635413924
 10
581.7243081342097
 20
-38.88539679935661
 10
582.0950648886081
 20
-39.68960803558787
 10
582.4331723477503
 20
-40.44920524313193
 10
582.7965719717249
 20
-41.253465214426896
 10
583.1538139612911
 20
-42.09943679083966
 10
583.4730355949754
 20
-42.8621490812792
 10
583.8072938732802
 20
-43.66898609405459
 10
584.1120674273731
 20
-44.43419548083713
 10
584.4430391630498
 20
-45.245952607831896
 10
584.7657867472981
 20
-46.099898014094364
 10
585.0679758810124
 20
-46.901947526232945
 10
585.3682465722884
 20
-47.731561576586614
 10
585.6508063906616
 20
-48.52827699847009
 10
585.9254357641657
 20
-49.313011475308926
 10
586.1954480742971
 20
-50.09166864168776
 10
586.4680613998262
 20
-50.88391714425856
 10
586.7286815291407
 20
-51.6568452272827
 10
587.0034818054027
 20
-52.46410238283056
 10
587.259226149182
 20
-53.25420409325412
 10
587.5092296539017
 20
-54.00442855152731
 10
587.7670419299517
 20
-54.79284623371106
 10
588.0170314856299
 20
-55.55981812574395
 10
588.273311137219
 20
-56.3459376206779
 10
588.5165416757461
 20
-57.10732518607817
 10
588.7613842305857
 20
-57.85550685079902
 10
589.0117409499712
 20
-58.628325462283144
 10
589.2506867326572
 20
-59.36432010438526
 10
589.4941080922133
 20
-60.097071449055946
 10
589.7459157783302
 20
-60.85236515817891
 10
589.9937848301615
 20
-61.59421292764644
 10
590.2430944261912
 20
-62.32893261412518
 10
590.4898226932486
 20
-63.05089819192454
 10
590.744356375036
 20
-63.776670487134375
 10
590.992028843249
 20
-64.48194587885469
 10
591.2491629197427
 20
-65.18323355522756
 10
591.5128321050616
 20
-65.90116349205617
 10
591.7642639699505
 20
-66.56775665733248
 10
592.0328423226005
 20
-67.24994684847469
 10
592.3182239760829
 20
-67.96775404548588
 10
592.6060174232377
 20
-68.68298421980576
 10
592.8681948422831
 20
-69.32846646934193
 10
593.1520385841019
 20
-69.98162885625024
 10
593.4430783981662
 20
-70.65324599561029
 10
593.7444506538229
 20
-71.31470131726044
 10
594.0520750289975
 20
-71.98865364641674
 10
594.3458080944986
 20
-72.60824511817616
 10
594.6687147395297
 20
-73.26297777193243
 10
594.975476772631
 20
-73.88183940425188
 10
595.3046789747307
 20
-74.50361260330675
 10
595.6456603396477
 20
-75.14972574470252
 10
595.9811303922148
 20
-75.75711500153257
 10
596.3451634093185
 20
-76.40264591463635
 10
596.6691675329516
 20
-76.9705847872128
 10
597.0501897220356
 20
-77.5893852404109
 10
597.4350993675978
 20
-78.23388014675409
 10
597.7553760936477
 20
-78.74035239383907
 10
598.1432472519529
 20
-79.31841288134395
 10
598.5058812252995
 20
-79.86151559926373
 10
598.8815413928228
 20
-80.37706380819583
 10
599.3303021879947
 20
-80.98979565154625
 10
599.7076465380464
 20
-81.50017185882243
 10
600.1210495147047
 20
-82.01532630171786
 10
600.5938860507945
 20
-82.6070921780823
 10
600.9950743588738
 20
-83.09863765026374
 10
601.4427283676141
 20
-83.61117722503431
 10
601.9502158399681
 20
-84.19394210598547
 10
602.3889472932833
 20
-84.690995737528
 10
602.8589434800679
 20
-85.19274159147538
 10
603.3804175390834
 20
-85.74905599616864
 10
603.8780355671036
 20
-86.27075353772729
 10
604.3725936127411
 20
-86.77693382357543
 10
604.8855653290826
 20
-87.28937342943993
 10
605.4232976521424
 20
-87.81854602153118
 10
605.9851912778794
 20
-88.36638167329015
 10
606.4933131531836
 20
-88.86257673396673
 10
606.9930932506421
 20
-89.32698378607003
 10
607.5646228323698
 20
-89.85142230730065
 10
608.1414993077012
 20
-90.38086836190229
 10
608.7124392477557
 20
-90.89946579066614
 10
609.2560785945755
 20
-91.39067720886901
 10
609.7383760064399
 20
-91.81404253663516
 10
610.2579375234733
 20
-92.24564050095809
 10
610.8260609947054
 20
-92.7124820518701
 10
611.3722696836181
 20
-93.15168168176706
 10
611.928318411384
 20
-93.58495644822725
 10
612.5288654604876
 20
-94.04371088034603
 10
613.1100414750514
 20
-94.486014522929
 10
613.7133585108212
 20
-94.92947005317669
 10
614.3701783748527
 20
-95.41495977681403
 10
615.0010218938189
 20
-95.88226520048718
 10
615.6558519840253
 20
-96.36169623317754
 10
616.346152011361
 20
-96.87517051366626
 10
617.0275867938822
 20
-97.38909176661409
 10
617.7397169675087
 20
-97.93314178596748
 10
618.4768707959023
 20
-98.51638232866347
 10
619.1804771687509
 20
-99.09242715923205
 10
619.8986342531341
 20
-99.69285465220065
  0
LWPOLYLINE
  5
139
330
17
100
AcDbEntity
  8
RIFERIMENTO
100
AcDbPolyline
 90
96
 70
0
 10
628.3388091634924
 20
-102.50926741733687
 10
628.3388091634924
 20
-102.50926741733687
 10
628.2833032843005
 20
-102.43661995490913
 10
628.105523518241
 20
-102.24438228566832
 10
627.6282742344474
 20
-101.68966451877458
 10
627.4363780070732
 20
-101.47093962753567
 10
626.9597609871594
 20
-100.94922750745371
 10
626.4506246944281
 20
-100.40528050844878
 10
626.2703745770821
 20
-100.21020549664574
 10
625.9089604369557
 20
-99.81882497516992
 10
625.5545306010157
 20
-99.4542969988124
 10
625.3473185119688
 20
-99.24389260960626
 10
624.8025430669086
 20
-98.69739304969212
 10
624.0385853831617
 20
-97.95665569608444
 10
624.0021027718878
 20
-97.91760944124658
 10
623.9560008567405
 20
-97.87981429842173
 10
623.1138950921029
 20
-97.11774011915438
 10
622.142692732783
 20
-96.28759103667431
 10
622.1403615693168
 20
-96.28588215367412
 10
622.1403615693168
 20
-96.28588215367412
 10
621.0468114771957
 20
-95.40100678285158
 10
620.400489986897
 20
-94.88816400456358
 10
619.8129978958054
 20
-94.43326145901896
 10
618.6802840712492
 20
-93.56137369807962
 10
618.3603268248346
 20
-93.31614828859642
 10
616.9844047552783
 20
-92.26460265517463
 10
616.5573178237735
 20
-91.93796890656728
 10
615.2898146084589
 20
-90.92741937828835
 10
614.1684738810523
 20
-90.01479139133244
 10
613.5884902624849
 20
-89.55030319628857
 10
612.9492808415738
 20
-89.0304243634457
 10
611.8767120880538
 20
-88.03179259094665
 10
610.5032795665891
 20
-86.72679857895903
 10
610.1719659182145
 20
-86.4125852924156
 10
609.9201937110886
 20
-86.18204249773606
 10
608.4723986400759
 20
-84.71351474902427
 10
607.7101981580058
 20
-83.93731014411401
 10
606.7919481084199
 20
-82.94179104844093
 10
605.8073591952924
 20
-81.88301578209087
 10
605.1093321762634
 20
-81.07440112281212
 10
604.1298272274094
 20
-79.92085238952706
 10
603.4449963743014
 20
-79.04698082744407
 10
602.6416859772805
 20
-78.01870086847279
 10
601.7875457438934
 20
-76.80234055011346
 10
601.3281552941974
 20
-76.15103604367093
 10
600.2163129944913
 20
-74.39700067593944
 10
600.1525974245992
 20
-74.30432376934627
 10
600.1312022220378
 20
-74.26055439793161
 10
599.0825001585288
 20
-72.47139135880795
 10
598.4586345797452
 20
-71.32379611874488
 10
598.1036894554954
 20
-70.66414217742732
 10
597.6909194865649
 20
-69.83719124243791
 10
597.2023026594686
 20
-68.86071052747252
 10
596.7719092764125
 20
-67.92987204071142
 10
596.3850825660074
 20
-67.0780926350899
 10
596.069441358346
 20
-66.35091963699216
 10
595.6185567142822
 20
-65.2876544303248
 10
595.0111862991353
 20
-63.724527785812995
 10
594.9282635382148
 20
-63.500599315047474
 10
594.8810299372758
 20
-63.366767943619614
 10
594.284229642925
 20
-61.70890773724867
 10
593.9619821542824
 20
-60.73061212163661
 10
593.7023819162441
 20
-59.92497065054253
 10
593.2131204243935
 20
-58.28994705361578
 10
593.1683737501272
 20
-58.12336293407292
 10
592.9878847917619
 20
-57.486013588985145
 10
592.6725241160527
 20
-56.32161905384654
 10
592.5881818849891
 20
-56.03081204125445
 10
592.2214296045476
 20
-54.51597878522071
 10
592.0717437134302
 20
-53.889149620552004
 10
591.8039198458479
 20
-52.69707272000197
 10
591.6113619969589
 20
-51.86399972903335
 10
591.401701874231
 20
-50.88292846019124
 10
591.1818194228749
 20
-49.904002579511186
 10
591.0108453832781
 20
-49.07960341571105
 10
590.7634044433685
 20
-48.00147702197603
 10
590.6055811309933
 20
-47.2991817154566
 10
590.324507421187
 20
-46.145742475747866
 10
590.1819518544173
 20
-45.52488453822865
 10
589.8711718974973
 20
-44.32946477678183
 10
589.7233080162875
 20
-43.78014601288082
 10
589.3687369741323
 20
-42.54744103853065
 10
589.2248105723613
 20
-42.04692411241054
 10
588.8335866364014
 20
-40.78587609807188
 10
588.6917579531327
 20
-40.325604554891754
 10
588.2374212519885
 20
-39.03473541108107
 10
588.1013982048992
 20
-38.616150727375526
 10
587.5934197994774
 20
-37.27923015820065
 10
587.441714596777
 20
-36.897523957865076
 10
586.8779926960217
 20
-35.524269874355596
 10
586.7220452343379
 20
-35.15920514821184
 10
586.083782525607
 20
-33.73232864510017
 10
585.9261411163517
 20
-33.37162464573048
 10
585.1880968801187
 20
-31.856938531387613
 10
585.0114328773974
 20
-31.485225525892716
 10
584.0691531800409
 20
-29.640936244949955
  0
LWPOLYLINE
  5
13A
330
17
100
AcDbEntity
  8
RIFERIMENTO
100
AcDbPolyline
 90
103
 70
0
 10
747.4645645425768
 20
-29.871161629276656
 10
747.4831161568293
 20
-29.922074866318198
 10
747.4932894700811
 20
-29.952110734633237
 10
748.3463043154961
 20
-32.673374647788066
 10
748.481272975888
 20
-33.10483866523799
 10
748.48310989553
 20
-33.11425885819932
 10
748.4932082118789
 20
-33.14420655027527
 10
749.247122772897
 20
-35.82170543349375
 10
749.4673005610857
 20
-36.60964438769372
 10
749.8584230555567
 20
-38.18655388375437
 10
750.3026699392404
 20
-40.02905329487834
 10
750.3803903203864
 20
-40.32568537358823
 10
750.4335617235965
 20
-40.56609941577355
 10
750.7912283714816
 20
-42.23653618438101
 10
750.9955509959649
 20
-43.24984711431284
 10
751.159023917496
 20
-44.00364943414158
 10
751.3893118519695
 20
-45.19523882800189
 10
751.4695477108387
 20
-45.651323192308396
 10
751.5009353426174
 20
-45.80919029820052
 10
751.7352780377475
 20
-47.17544504419382
 10
751.8319491349782
 20
-47.79883212105048
 10
751.971983773817
 20
-48.61009735110201
 10
752.1261618118259
 20
-49.63787129522096
 10
752.1811077709543
 20
-49.98290093484151
 10
752.3462030297942
 20
-51.11741284549581
 10
752.3650258136927
 20
-51.285627778271405
 10
752.3735261160178
 20
-51.31509244550493
 10
752.52744227946
 20
-52.53506023972626
 10
752.550177630462
 20
-52.740907755079945
 10
752.6590364823828
 20
-53.753711678386495
 10
752.7035404898639
 20
-54.115282151428545
 10
752.7908019392842
 20
-54.95911145103062
 10
752.8383612701627
 20
-55.47665091755292
 10
752.8966645351355
 20
-56.18203362266203
 10
752.946542200961
 20
-56.84620066156331
 10
752.9960508262858
 20
-57.46027667795636
 10
753.0438164912246
 20
-58.30930169347701
 10
753.0771257382313
 20
-58.87474460219245
 10
753.1269778866099
 20
-60.232260497511625
 10
753.1611652915487
 20
-61.04123200308879
 10
753.163448288475
 20
-61.94454161109328
 10
753.1778449462986
 20
-62.59981698377703
 10
753.1823905028525
 20
-63.00170573681193
 10
753.18032029417
 20
-63.35573377821947
 10
753.1821531418452
 20
-63.64958554783514
 10
753.18573863105
 20
-63.97323937749832
 10
753.1896264633211
 20
-64.20790395495621
 10
753.1881747526817
 20
-64.51285588169458
 10
753.188576555815
 20
-64.71862035142364
 10
753.1876645671808
 20
-65.02327088895544
 10
753.1833454439726
 20
-65.19057279338146
 10
753.1803525502963
 20
-65.50580607033527
 10
753.1814838757426
 20
-65.64335702619454
 10
753.1806993167108
 20
-65.97773910185373
 10
753.1771713085133
 20
-66.07710552282254
 10
753.1672817778831
 20
-66.44259536914872
 10
753.1694478480149
 20
-66.51255210610034
 10
753.1594304467744
 20
-66.90845177085063
 10
753.1611176771187
 20
-66.94825821819973
 10
753.148129167666
 20
-67.37680886377612
 10
753.1465283750626
 20
-67.38821791224085
 10
753.1355601925864
 20
-67.53882743147173
 10
753.126653064365
 20
-67.81972642100997
 10
753.1287863710793
 20
-67.86942483276876
 10
753.1000702784751
 20
-68.2553731542408
 10
753.0930501796506
 20
-68.36749475672143
 10
753.0800126057618
 20
-68.70340772988345
 10
753.0656930527276
 20
-68.89688223183038
 10
753.0487881988232
 20
-69.16474241853142
 10
753.0229262121113
 20
-69.45459562976814
 10
753.0164937485249
 20
-69.6484535206115
 10
752.9906120530738
 20
-70.05311687453583
 10
752.9808104583977
 20
-70.15799561143652
 10
752.9442358013167
 20
-70.69087023906705
 10
752.9442358013167
 20
-70.69087023906705
 10
752.9442358013167
 20
-70.69087023906705
 10
752.8905757276216
 20
-71.21386671802759
 10
752.8767647523938
 20
-71.39533084006608
 10
752.8366002977646
 20
-71.7704875853182
 10
752.7943923971177
 20
-72.1640336314332
 10
752.7780621193331
 20
-72.36933196428976
 10
752.7207951905265
 20
-72.98065452484147
 10
752.7171586593768
 20
-73.0070114707803
 10
752.7182714677159
 20
-73.02452562785325
 10
752.6386506335557
 20
-73.63349198655342
 10
752.5969315936936
 20
-73.99857047733087
 10
752.557355475333
 20
-74.3148230284791
 10
752.4915247552399
 20
-74.9266913993915
 10
752.4717376562917
 20
-75.04106234262687
 10
752.463160349245
 20
-75.11865681386573
 10
752.3750208800801
 20
-75.76576692555264
 10
752.2811534572189
 20
-76.42936310460573
 10
752.2704858101376
 20
-76.5501560463781
 10
752.2498178535151
 20
-76.68644265916264
 10
752.1454760660115
 20
-77.32851122653895
 10
752.0583554697898
 20
-78.00337462241274
 10
752.0310884328808
 20
-78.1658029961412
 10
752.0069059401071
 20
-78.32292116270594
 10
751.8925917364079
 20
-79.00458452343912
 10
751.7693072775533
 20
-79.8660196793573
 10
751.764398478849
 20
-79.89408076877666
 10
751.7602400253643
 20
-79.9355659479149
 10
751.6339044684618
 20
-80.7539395183766
  0
LWPOLYLINE
  5
13B
330
17
100
AcDbEntity
  8
TACCHE
100
AcDbPolyline
 90
2
 70
0
 10
633.5767338939856
 20
-118.40786341452866
 10
632.6382167700888
 20
-115.55844494611233
  0
LWPOLYLINE
  5
13C
330
17
100
AcDbEntity
  8
TACCHE
100
AcDbPolyline
 90
2
 70
0
 10
583.9726295382444
 20
-29.474014263783857
 10
585.4743934226603
 20
-32.07107129732468
  0
LWPOLYLINE
  5
13D
330
17
100
AcDbEntity
  8
TACCHE
100
AcDbPolyline
 90
2
 70
0
 10
747.3422001263527
 20
-29.386341261428683
 10
747.9984645701614
 20
-32.31368083513591
  0
LWPOLYLINE
  5
13E
330
17
100
AcDbEntity
  8
TACCHE
100
AcDbPolyline
 90
2
 70
0
 10
754.3146403374868
 20
-96.94546883057606
 10
753.8252092647847
 20
-93.98566187317603
  0
CIRCLE
  5
13F
330
17
100
AcDbEntity
  8
FORI
100
AcDbCircle
 10
641.6988322506362
 20
-12.929160056761646
 30
0.0
 40
1.8
  0
CIRCLE
  5
140
330
17
100
AcDbEntity
  8
FORI
100
AcDbCircle
 10
632.1678243467795
 20
-16.751818015226547
 30
0.0
 40
1.8
  0
CIRCLE
  5
141
330
17
100
AcDbEntity
  8
FORI
100
AcDbCircle
 10
622.5041637525054
 20
-20.616836746207653
 30
0.0
 40
1.8
  0
CIRCLE
  5
142
330
17
100
AcDbEntity
  8
FORI
100
AcDbCircle
 10
612.6000751332211
 20
-24.726968414696117
 30
0.0
 40
1.8
  0
CIRCLE
  5
143
330
17
100
AcDbEntity
  8
FORI
100
AcDbCircle
 10
602.5943762526074
 20
-29.48904056816255
 30
0.0
 40
1.8
  0
TEXT
  5
144
330
17
100
AcDbEntity
  8
TESTO
100
AcDbText
 10
627.2364340183295
 20
-50.00365615850487
 30
0.0
 40
4.0
  1
QUARTIERE INTERNO
 72
1
 11
627.2364340183295
 21
-50.00365615850487
 31
0.0
100
AcDbText
 73
2
  0
TEXT
  5
145
330
17
100
AcDbEntity
  8
TESTO
100
AcDbText
 10
627.2364340183295
 20
-56.803656158504864
 30
0.0
 40
2.6
  1
Oxford cap-toe tg 42 - destra
 72
1
 11
627.2364340183295
 21
-56.803656158504864
 31
0.0
100
AcDbText
 73
2
  0
TEXT
  5
146
330
17
100
AcDbEntity
  8
TESTO
100
AcDbText
 10
627.2364340183295
 20
-61.223656158504866
 30
0.0
 40
2.6
  1
vitello box 1,3 mm
 72
1
 11
627.2364340183295
 21
-61.223656158504866
 31
0.0
100
AcDbText
 73
2
  0
TEXT
  5
147
330
17
100
AcDbEntity
  8
TESTO
100
AcDbText
 10
627.2364340183295
 20
-65.64365615850487
 30
0.0
 40
2.6
  1
tagliare 2 per paio (dx + sx speculare)
 72
1
 11
627.2364340183295
 21
-65.64365615850487
 31
0.0
100
AcDbText
 73
2
  0
TEXT
  5
148
330
17
100
AcDbEntity
  8
TESTO
100
AcDbText
 10
594.6687147395297
 20
-73.26297777193243
 30
0.0
 40
2.2
  1
scarnire 8
 72
1
 11
594.6687147395297
 21
-73.26297777193243
 31
0.0
100
AcDbText
 73
2
  0
LWPOLYLINE
  5
149
330
17
100
AcDbEntity
  8
TESTO
100
AcDbPolyline
 90
2
 70
0
 10
642.1746056264977
 20
-73.64313089048655
 10
612.2982624101613
 20
-76.36418142652317
  0
LWPOLYLINE
  5
14A
330
17
100
AcDbEntity
  8
TESTO
100
AcDbPolyline
 90
3
 70
0
 10
616.4631782080753
 20
-77.9931309028074
 10
612.2982624101613
 20
-76.36418142652317
 10
616.100371469937
 20
-74.00961847396252
  0
TEXT
  5
14B
330
17
100
AcDbEntity
  8
TESTO
100
AcDbText
 10
627.5085390719332
 20
-77.9912904801385
 30
0.0
 40
2.2
  1
verso del tiro
 72
1
 11
627.5085390719332
 21
-77.9912904801385
 31
0.0
100
AcDbText
 73
2
  0
LWPOLYLINE
  5
14C
330
17
100
AcDbEntity
  8
TAGLIO
100
AcDbPolyline
 90
121
 70
0
 10
219.03039318572283
 20
0.0
 10
233.03491145138204
 20
-1.2762251303678624
 10
239.4955971153665
 20
-1.7269746035758828
 10
242.80593085463067
 20
-2.008534016833437
 10
247.99502545797003
 20
-2.5189889630344737
 10
251.68832509660356
 20
-2.948453625113558
 10
256.95027274162544
 20
-3.6769703307897146
 10
265.0915338422199
 20
-4.9934720969148145
 10
274.35395089789364
 20
-6.38528783477679
 10
284.401046299492
 20
-8.11466091523792
 10
290.1188230105977
 20
-9.041243696086411
 10
294.6138010976246
 20
-9.901855327499987
 10
299.63736835514226
 20
-10.976735966234742
 10
303.1819200244646
 20
-11.87210936342808
 10
306.0670525375658
 20
-12.702855193504519
 10
312.74874124624296
 20
-14.825648571907294
 10
317.341183202185
 20
-16.39376796950566
 10
322.98700922094883
 20
-18.484912817474537
 10
327.7018494395606
 20
-20.368681462969136
 10
324.2803717280216
 20
-36.30984520976111
 10
323.91271392083365
 20
-37.75454297536626
 10
323.6323914697685
 20
-39.34920192656148
 10
323.1027892070152
 20
-43.36138211850343
 10
321.27848243615784
 20
-60.2253112241774
 10
320.7178444427679
 20
-64.74688528423528
 10
320.25912104508296
 20
-69.42303190276056
 10
320.0348255101809
 20
-70.99456925198152
 10
319.67166106684675
 20
-74.26585644678764
 10
319.2181494166995
 20
-78.75955957751556
 10
318.70475850063616
 20
-84.53080031714883
 10
318.2490105001926
 20
-90.63515748135688
 10
318.1553362769788
 20
-92.74362106793824
 10
317.93712027342895
 20
-94.97731004858925
 10
317.6910049938988
 20
-100.53002090394588
 10
317.59932722284157
 20
-104.84988995551726
 10
317.5371689524027
 20
-108.8625151463272
 10
317.5347534796888
 20
-114.43287492714357
 10
317.6144152583416
 20
-119.69568402566395
 10
317.78672464910466
 20
-124.72525292369494
 10
318.3712802404154
 20
-134.20695482874942
 10
318.8506349231533
 20
-139.66591712066983
 10
319.234686628849
 20
-143.11879389271934
 10
319.8373054656477
 20
-147.5633643964007
 10
320.38254403426646
 20
-150.7515201090757
 10
321.2194665246781
 20
-154.88399176987076
 10
321.6614619917766
 20
-156.6830941375686
 10
322.0683918755695
 20
-157.992791629544
 10
322.78999116182644
 20
-159.63714390614848
 10
328.5421365436159
 20
-174.6942729859827
 10
323.9767127365967
 20
-176.97440372508188
 10
316.1402851686271
 20
-180.7022000498266
 10
308.03969751118143
 20
-184.41848068819775
 10
304.7681796030894
 20
-185.8030512905966
 10
301.34128864706275
 20
-187.11156483069985
 10
295.02122439844686
 20
-189.30246095553142
 10
288.121349294384
 20
-191.54305055878646
 10
283.68079614207727
 20
-192.8914258127696
 10
277.9935482154179
 20
-194.44665520801846
 10
274.09547403011743
 20
-195.41176475930615
 10
270.30351284883983
 20
-196.2509655070508
 10
260.4299372595985
 20
-198.2860953529781
 10
251.5806270616781
 20
-199.90849377466097
 10
236.8153390989004
 20
-202.37530492566484
 10
221.56304092948417
 20
-205.16770959104724
 10
226.0477967803651
 20
-186.33365826389073
 10
227.0342742448841
 20
-182.7598609181309
 10
227.51667324579043
 20
-181.2826420430739
 10
228.4131194541365
 20
-178.96025494282094
 10
229.49504164267594
 20
-176.50546695445624
 10
232.42266815443122
 20
-170.15963518836335
 10
233.21237259033975
 20
-168.29240871562877
 10
234.03083073719804
 20
-166.00415650283873
 10
235.33171438615778
 20
-161.96575012500196
 10
236.40377732356387
 20
-158.15610256846685
 10
236.88062915353316
 20
-156.1531356049415
 10
237.24586482870964
 20
-154.37188424796275
 10
237.72176366021506
 20
-151.4731072557592
 10
237.98215940374845
 20
-149.24655504310286
 10
238.1619416376691
 20
-147.11157860451286
 10
238.3513449725084
 20
-142.95888488565285
 10
238.32475915281088
 20
-138.96337483720336
 10
238.2173413124951
 20
-137.01368650378268
 10
237.90056878836802
 20
-133.17767820757797
 10
237.67680949222242
 20
-131.39582276532965
 10
237.37090894330404
 20
-129.52891307126515
 10
236.6660227795082
 20
-125.8332714391888
 10
235.147975404707
 20
-118.64607897522924
 10
234.55180097194005
 20
-115.13405483934017
 10
234.3110000568756
 20
-113.3652785325742
 10
233.981813877028
 20
-109.7862877341447
 10
233.89156290473403
 20
-107.92395800535158
 10
233.8631355921812
 20
-103.92273428022806
 10
233.93941422784374
 20
-101.37900172573372
 10
234.04582087082537
 20
-98.84428170335795
 10
234.36307326138257
 20
-94.84260833977427
 10
234.64807973425383
 20
-92.59131086465564
 10
235.18249553725516
 20
-89.4222788100564
 10
235.9669653357919
 20
-85.93140993425745
 10
236.4163536131928
 20
-84.19762955665672
 10
238.75507845936207
 20
-76.00967289918793
 10
239.73467890529156
 20
-71.77047567854135
 10
240.24401412508212
 20
-68.08675615698408
 10
240.42909025620938
 20
-65.96588896929876
 10
240.5493291058429
 20
-64.30112387645352
 10
240.5613197130825
 20
-60.41834449646055
 10
240.45299442472935
 20
-59.34423041588656
 10
240.36837903955865
 20
-57.677537830661834
 10
240.0380017570401
 20
-54.28015111341821
 10
239.67278360289146
 20
-52.13648325840714
 10
239.1945871942599
 20
-49.91203808832043
 10
238.87452624989072
 20
-48.649576003391104
 10
238.13759177322274
 20
-46.14049200681998
 10
237.32377350808466
 20
-43.76923087611934
 10
235.70379249757235
 20
-39.578636202395415
 10
234.04862931066847
 20
-35.77048498761769
 10
231.87322472696263
 20
-31.678229406903256
 10
228.39521303692388
 20
-25.491155919511783
 10
227.29592265862746
 20
-23.2589316883097
 10
226.85070593089637
 20
-22.227943707478488
 10
225.3701809404611
 20
-18.36413780544413
 10
219.03039318572283
 20
0.0
  0
LWPOLYLINE
  5
14D
330
17
100
AcDbEntity
  8
MONTAGGIO
100
AcDbPolyline
 90
134
 70
0
 10
324.28030569119926
 20
-36.310152883871496
 10
324.10891959191457
 20
-36.238882511905814
 10
323.74971501662424
 20
-36.08229741081482
 10
322.83471587725177
 20
-35.68713987675622
 10
322.4830936511391
 20
-35.53302293469298
 10
321.53893260318426
 20
-35.13432161086061
 10
321.21181741597775
 20
-34.99591881843034
 10
320.23052803638603
 20
-34.59408143633621
 10
319.9120750090716
 20
-34.46313356954781
 10
318.91312778927335
 20
-34.06499182123753
 10
318.6003167010038
 20
-33.945473373869675
 10
317.5664958922369
 20
-33.54605005570414
 10
317.2741940932679
 20
-33.43027140526965
 10
316.2079806747814
 20
-33.02271246889336
 10
315.9318354240791
 20
-32.91956450589029
 10
314.84116438341744
 20
-32.51124241163424
 10
314.5841158693236
 20
-32.41601642166819
 10
313.45145410631545
 20
-31.998063833710148
 10
313.22072828719445
 20
-31.917711754361648
 10
312.0548485286921
 20
-31.4952468944511
 10
311.85334507632405
 20
-31.42470939824318
 10
310.6237161633389
 20
-30.992626904859833
 10
310.4686457281603
 20
-30.94231911504201
 10
309.1857440215849
 20
-30.50105154365147
 10
309.0775098616205
 20
-30.47103481325172
 10
307.71131450390806
 20
-30.011969024722532
 10
307.6720610134885
 20
-29.999319536713188
 10
306.90115060866214
 20
-29.751079376595982
 10
306.2309685560852
 20
-29.538058375229156
 10
306.1811371669055
 20
-29.52533644856524
 10
304.82893406808336
 20
-29.082692510049498
 10
304.6557920220067
 20
-29.02663218569043
 10
303.40359588029366
 20
-28.633279258051147
 10
303.08037653159363
 20
-28.5310214206865
 10
301.9729230875332
 20
-28.180670440629143
 10
301.4669285066339
 20
-28.02730816579802
 10
300.51999458982505
 20
-27.743055275263742
 10
299.8318269370456
 20
-27.546840921866874
 10
299.05724039834575
 20
-27.331314323014965
 10
298.1662405912491
 20
-27.093584549967318
 10
297.58665968038696
 20
-26.943854406879495
 10
296.5032555717473
 20
-26.68109844875758
 10
296.10172244710157
 20
-26.58119712366161
 10
294.8478018031952
 20
-26.297082654923685
 10
294.6058795353677
 20
-26.242712655339346
 10
293.2135600155136
 20
-25.94897962118651
 10
293.11309908175895
 20
-25.93187600283801
 10
292.0059159646699
 20
-25.704067860739002
 10
291.6242228594919
 20
-25.6229180479788
 10
291.5944850857473
 20
-25.614389522623384
 10
290.13599400296755
 20
-25.334115731103537
 10
289.97040415924744
 20
-25.29776819664727
 10
288.637317508955
 20
-25.045160515347646
 10
288.36265739638964
 20
-24.992118517335882
 10
287.1533538669274
 20
-24.764029175232366
 10
286.7432376217462
 20
-24.6932154739265
 10
285.6641117520459
 20
-24.50737433436916
 10
285.1161330283781
 20
-24.424214425827046
 10
284.16793778183575
 20
-24.27680621651413
 10
283.462168483152
 20
-24.167639675602658
 10
282.67235351663993
 20
-24.04459451334165
 10
281.73405637494085
 20
-23.891043088407372
 10
281.17214781181417
 20
-23.793016536673548
 10
279.9465538349341
 20
-23.580497707182644
 10
279.66362097284446
 20
-23.528075748972554
 10
278.1490961165657
 20
-23.270375251285827
 10
278.14018879801597
 20
-23.26941979769063
 10
278.06234868342193
 20
-23.256609080952586
 10
276.63405187378737
 20
-23.001537828793886
 10
276.3282848192455
 20
-22.947552986783165
 10
275.0690138519623
 20
-22.72125670591572
 10
274.47190588949513
 20
-22.62216773611732
 10
273.51798877388325
 20
-22.46403626206697
 10
272.6359964915366
 20
-22.317564392848396
 10
271.9542686006132
 20
-22.204311978931685
 10
270.81540665837366
 20
-22.031548644508177
 10
270.3936101349827
 20
-21.95986182070746
 10
269.00822640283945
 20
-21.75537188162059
 10
268.8242260876416
 20
-21.722440188346184
 10
267.4560456160189
 20
-21.52017947876419
 10
267.2727537028501
 20
-21.487832434438644
 10
267.2409302151068
 20
-21.483176217547395
 10
265.6839859540579
 20
-21.254066460202722
 10
265.4419300337685
 20
-21.220623217153047
 10
264.10271822481707
 20
-21.028266290516
 10
263.66845870891564
 20
-20.962710312498984
 10
262.517812278286
 20
-20.785766353672415
 10
261.8253090189629
 20
-20.666528356814183
 10
260.9360534006265
 20
-20.511818246707577
 10
259.9270624145483
 20
-20.347293816117713
 10
259.3349677702284
 20
-20.24484046908995
 10
258.02963698576673
 20
-20.034997766107807
 10
257.74005654064376
 20
-19.985811288292183
 10
256.1470823845777
 20
-19.74455123831538
 10
256.1264515714464
 20
-19.738890510003245
 10
255.9821294368503
 20
-19.718731458720157
 10
254.51337148353105
 20
-19.490303261121568
 10
254.24142542779677
 20
-19.45356913968692
 10
252.8807658041162
 20
-19.252128820795207
 10
252.34797930228896
 20
-19.177857246910463
 10
251.23987148718348
 20
-19.023320685300803
 10
250.46265118068055
 20
-18.924726447474
 10
249.60770004040006
 20
-18.812595285829673
 10
248.5999309736467
 20
-18.695551095170117
 10
247.97507517365204
 20
-18.616394629801647
 10
246.76434737266268
 20
-18.484874803134176
 10
246.34484733539375
 20
-18.433664962432914
 10
244.94769276125598
 20
-18.288791284969108
 10
244.70257673928336
 20
-18.2620393788863
 10
243.15834482062334
 20
-18.11574945195332
 10
243.0742753198731
 20
-18.10785869913977
 10
242.07497731218217
 20
-18.013470561260874
 10
241.44192069894697
 20
-17.950286627397873
 10
241.39053524714527
 20
-17.94600659777521
 10
239.81348707885215
 20
-17.81095077503798
 10
239.6287607021052
 20
-17.792359370425118
 10
238.17965304044392
 20
-17.672766563281783
 10
237.8875644347369
 20
-17.65329835867979
 10
236.55825203815755
 20
-17.55214357421397
 10
236.16513857341585
 20
-17.529437321855966
 10
234.94406127644854
 20
-17.44088240118404
 10
234.4572198478199
 20
-17.41008805011299
 10
233.3290178093679
 20
-17.34213659109261
 10
232.75215645981524
 20
-17.297109294921825
 10
231.71258941304998
 20
-17.222474870948844
 10
230.99862209572012
 20
-17.1552990817207
 10
230.10472388842257
 20
-17.066682193716133
 10
229.16993949776554
 20
-16.97847407058751
 10
228.49256780074649
 20
-16.902526810685146
 10
227.33524532415112
 20
-16.7943599420029
 10
226.8761131903867
 20
-16.755375379912977
 10
225.51496884215632
 20
-16.635578503836285
 10
225.26341034075173
 20
-16.612748847386683
 10
224.78241669863024
 20
-16.57329132482826
  0
LWPOLYLINE
  5
14E
330
17
100
AcDbEntity
  8
MONTAGGIO
100
AcDbPolyline
 90
146
 70
0
 10
225.6335696340136
 20
-188.1729367032751
 10
225.89993570340354
 20
-188.12540146952534
 10
226.10617627579947
 20
-188.08822877820822
 10
227.34333438517424
 20
-187.8664221644066
 10
227.6926256026195
 20
-187.79902536228198
 10
228.77016791923032
 20
-187.6060997307075
 10
229.28532134737256
 20
-187.50398820329258
 10
230.18960319890954
 20
-187.33991273662784
 10
230.8753203476819
 20
-187.20794967321885
 10
231.60288431349187
 20
-187.06846878084502
 10
232.46387241093984
 20
-186.8987358958782
 10
233.0284079361748
 20
-186.80495332782374
 10
234.06374689243177
 20
-186.6127470800404
 10
234.4765491607107
 20
-186.5452375413553
 10
235.6572174672272
 20
-186.34119766172077
 10
235.92412525308416
 20
-186.2908584666965
 10
237.2508477704135
 20
-186.06865049031245
 10
237.36518508173884
 20
-186.0499370495377
 10
238.41548933752898
 20
-185.87032180072367
 10
238.81582049104912
 20
-185.80078818212945
 10
238.84720878231275
 20
-185.79993769148666
 10
240.26990267002915
 20
-185.57128602047177
 10
240.4539374592647
 20
-185.53887378604665
 10
241.72082881210687
 20
-185.33495060773515
 10
242.0504288510676
 20
-185.28222106516463
 10
243.1624985330822
 20
-185.0991669741477
 10
243.65773152328902
 20
-185.0194709578517
 10
244.60430969279844
 20
-184.86212581784503
 10
245.25533203994303
 20
-184.7546481761873
 10
246.0367938767008
 20
-184.62562301623737
 10
246.85899261600647
 20
-184.4796440777406
 10
247.45643281002532
 20
-184.38326749535807
 10
248.456520195157
 20
-184.2106917859157
 10
248.87585567288252
 20
-184.13876934807942
 10
250.04716042353343
 20
-183.92699584873185
 10
250.28444414205006
 20
-183.88821511422978
 10
251.63739817083933
 20
-183.64076064010288
 10
251.6882358109434
 20
-183.62924326307365
 10
252.00489215737355
 20
-183.57168512183435
 10
253.10036909163327
 20
-183.37932159749448
 10
253.23343501524914
 20
-183.35546658756627
 10
254.51366522551652
 20
-183.1238199040418
 10
254.82102467243323
 20
-183.0668927555092
 10
255.91286613494788
 20
-182.86012641385506
 10
256.404040364125
 20
-182.76832735643572
 10
257.3112167386914
 20
-182.59298914953237
 10
257.98276681269243
 20
-182.45953131243334
 10
258.706113909865
 20
-182.3120581501217
 10
259.5480538436967
 20
-182.1363437709178
 10
260.08699211240616
 20
-182.03028353544184
 10
261.1186223533613
 20
-181.8097613198919
 10
261.46326063250024
 20
-181.73794892691498
 10
262.6751846405514
 20
-181.475117226812
 10
262.83730430992944
 20
-181.43908175273532
 10
264.24503650676803
 20
-181.14867206190019
 10
264.24503650676803
 20
-181.14867206190019
 10
264.2734308292237
 20
-181.1428133660734
 10
265.67381826795577
 20
-180.86563306050036
 10
265.8035571611862
 20
-180.83522668622072
 10
267.10803518728954
 20
-180.57330896565864
 10
267.3720000394145
 20
-180.51563560819685
 10
268.5120860978732
 20
-180.26701031323114
 10
268.9304074802513
 20
-180.17946002720598
 10
269.90990837245073
 20
-179.95703049187162
 10
270.50082936683543
 20
-179.82078893465086
 10
271.2894079604243
 20
-179.63229312450673
 10
272.060607693737
 20
-179.44047837785587
 10
272.65769079144474
 20
-179.29831200606938
 10
273.6223470197416
 20
-179.05023149581524
 10
274.00638018145025
 20
-178.95141444164832
 10
275.17194383781174
 20
-178.63804422558127
 10
275.3234577374405
 20
-178.59725015054914
 10
276.1695141138572
 20
-178.35745668195278
 10
276.6287654104262
 20
-178.24090494423484
 10
276.6994041474288
 20
-178.22239833599923
 10
277.98666204764214
 20
-177.87523477644163
 10
278.257082111492
 20
-177.79822651320472
 10
279.32036723452086
 20
-177.4970549514816
 10
279.80139612890844
 20
-177.35467585717134
 10
280.6482394975192
 20
-177.1061104064716
 10
281.32376918663243
 20
-176.89643697001878
 10
281.96770313094294
 20
-176.7048402341299
 10
282.83743601620847
 20
-176.43106638814015
 10
283.2871436752105
 20
-176.29082265491337
 10
284.3412825330623
 20
-175.95671335581844
 10
284.5981299760933
 20
-175.875682972559
 10
285.8340555681616
 20
-175.47438420667376
 10
285.90392615524667
 20
-175.45169554151218
 10
286.5652839070623
 20
-175.23117595049834
 10
287.21261473869885
 20
-175.03088544277577
 10
287.2820155024082
 20
-175.00915767588296
 10
288.58440771387023
 20
-174.58427327347206
 10
288.7592619011229
 20
-174.5263759746859
 10
289.937764480654
 20
-174.13148763489943
 10
290.22667442701896
 20
-174.03155093723745
 10
291.2926224734154
 20
-173.67416078544764
 10
291.6688586263934
 20
-173.546329607441
 10
292.6285678621871
 20
-173.2160571625729
 10
293.11046771524
 20
-173.05278643830556
 10
293.9690376129455
 20
-172.75327497279125
 10
294.5322475766787
 20
-172.5521181849402
 10
295.28998085747355
 20
-172.28354083247496
 10
295.9480578990847
 20
-172.04793138637766
 10
296.6012586896908
 20
-171.80261304930752
 10
297.3403798416942
 20
-171.52987999761802
 10
297.89257528644805
 20
-171.31079821605002
 10
298.7097204303647
 20
-170.99443648519855
 10
299.17435372883307
 20
-170.80434861259252
 10
300.0657437568623
 20
-170.43733479715613
 10
300.44431152482605
 20
-170.27731730466763
 10
301.40927850368234
 20
-169.85697170778383
 10
301.69127778983153
 20
-169.7285673865709
 10
302.7300473981414
 20
-169.25365285786813
 10
302.9405166432269
 20
-169.15848672893878
 10
304.05364557635767
 20
-168.64611519706122
 10
304.1920955125704
 20
-168.58268589195586
 10
305.3756609046327
 20
-168.0418933150833
 10
305.4586937296494
 20
-168.00343462713283
 10
306.7023624171631
 20
-167.43419501348376
 10
306.7289570282421
 20
-167.42038826679465
 10
307.871571034161
 20
-166.89378112572766
 10
308.01138990655994
 20
-166.83172848081642
 10
308.0203889187569
 20
-166.827177367876
 10
309.3109071801663
 20
-166.230846198364
 10
309.3401570043242
 20
-166.21916663294513
 10
310.61159492067003
 20
-165.62220349420522
 10
310.6578476531218
 20
-165.6005473837385
 10
311.9057585864019
 20
-165.01548965499677
 10
311.9718781834983
 20
-164.9851366382869
 10
313.19962735223965
 20
-164.40012738612774
 10
313.28292804697634
 20
-164.36051133190534
 10
314.4842002199553
 20
-163.7849854558463
 10
314.5879055590366
 20
-163.73758748025935
 10
315.76850041122265
 20
-163.16607493249577
 10
315.88834481888944
 20
-163.10763020762766
 10
317.0578010580951
 20
-162.5477388893779
 10
317.18595771544517
 20
-162.4844279734809
 10
318.3416074665546
 20
-161.9185278853904
 10
318.4735999748354
 20
-161.8572269758689
 10
319.6155411786127
 20
-161.28536258064133
 10
319.75503521850504
 20
-161.21758963171132
 10
320.8756736170703
 20
-160.64555230889653
 10
321.016762712078
 20
-160.57406246829325
 10
322.1209985864351
 20
-159.9952141431072
 10
322.27948686783554
 20
-159.91633091817917
 10
322.7898933318984
 20
-159.6368878217362
  0
LWPOLYLINE
  5
14F
330
17
100
AcDbEntity
  8
CUCITURA
100
AcDbPolyline
 90
219
 70
0
 10
226.79350099227634
 20
-17.575940141050097
 10
227.0523903241355
 20
-18.31305791686907
 10
227.32259451836956
 20
-19.049296175757945
 10
227.60039101009446
 20
-19.78804229012016
 10
227.88064070733313
 20
-20.516368134285813
 10
228.1736392263118
 20
-21.236344656617348
 10
228.4767976988425
 20
-21.95741273814957
 10
228.78179972957173
 20
-22.65797636071099
 10
229.1105158174048
 20
-23.346624528307558
 10
229.4574045698514
 20
-24.04798019963829
 10
229.80731790239457
 20
-24.73840004902496
 10
230.1769233233597
 20
-25.424440876751277
 10
230.55384571568166
 20
-26.118758844865226
 10
230.93783898660516
 20
-26.80728622710032
 10
231.3281622437585
 20
-27.498299430853592
 10
231.72400131617923
 20
-28.19136702183502
 10
232.1210850737379
 20
-28.886899451672633
 10
232.51898506199225
 20
-29.58176003384
 10
232.9195880060667
 20
-30.28126926897673
 10
233.32207531834698
 20
-30.993049002002493
 10
233.71296071143644
 20
-31.708095663956954
 10
234.10296584876454
 20
-32.42499933008739
 10
234.48006886584494
 20
-33.1451717251083
 10
234.85271350937106
 20
-33.853347280954324
 10
235.2359441098713
 20
-34.58217313947526
 10
235.6116856082197
 20
-35.34592587347788
 10
235.95546629997398
 20
-36.110623835549205
 10
236.28269841215956
 20
-36.86034567228768
 10
236.59911553998893
 20
-37.60475270769686
 10
236.91331205361837
 20
-38.342306901627296
 10
237.23430799819704
 20
-39.09750410050901
 10
237.5379704613623
 20
-39.85929990130339
 10
237.83714580654137
 20
-40.61015215944707
 10
238.13252882784553
 20
-41.36920902533433
 10
238.42185535706344
 20
-42.130275034816236
 10
238.70651496322446
 20
-42.89680175802428
 10
238.98226607246013
 20
-43.66784264341126
 10
239.24942503488055
 20
-44.43719129824714
 10
239.51358168538633
 20
-45.214429619507285
 10
239.76737046194214
 20
-46.005842929502904
 10
240.00344695040306
 20
-46.7941274388578
 10
240.23207957740976
 20
-47.57747771077041
 10
240.4559300080645
 20
-48.3770477447498
 10
240.66100245546338
 20
-49.18564541906997
 10
240.85102989389344
 20
-49.98775114482487
 10
241.03116678819777
 20
-50.79318632261385
 10
241.20063056481575
 20
-51.61640911013893
 10
241.34338120979626
 20
-52.438805404951125
 10
241.4716013140959
 20
-53.22384203566057
 10
241.62297262328576
 20
-54.065327418893986
 10
241.705503575705
 20
-54.923770584774644
 10
241.78761259036722
 20
-55.71723909279041
 10
241.86791335118343
 20
-56.52331963596839
 10
241.9441249707029
 20
-57.343474837494995
 10
242.00448749259803
 20
-58.18204805481872
 10
242.03936995270178
 20
-58.976590855804176
 10
242.10195868417645
 20
-59.75406647381908
 10
242.16201367651107
 20
-60.61181462259222
 10
242.16845134063297
 20
-61.478541458115075
 10
242.1598338794105
 20
-62.30775038683106
 10
242.13778130813148
 20
-63.094590996764595
 10
242.1441247206058
 20
-63.89634526450203
 10
242.11990658503927
 20
-64.76114999076094
 10
242.05958003995477
 20
-65.60147008911403
 10
241.99554554325593
 20
-66.41323100474625
 10
241.92476719193587
 20
-67.2176444696882
 10
241.85324008869648
 20
-68.04514318442742
 10
241.75101856893463
 20
-68.869183076674
 10
241.65287706055508
 20
-69.67068264109014
 10
241.5429917923432
 20
-70.50257457494419
 10
241.40741961331508
 20
-71.29775719901792
 10
241.2905829597898
 20
-72.13481109569238
 10
241.09887337960032
 20
-72.9739841743758
 10
240.93253554933406
 20
-73.7508225714437
 10
240.7555791159624
 20
-74.55245078592012
 10
240.56476849097638
 20
-75.34965682304912
 10
240.37004868482015
 20
-76.14647997415466
 10
240.16032821994537
 20
-76.94115483865932
 10
239.94860616738114
 20
-77.72215702870285
 10
239.73153484091958
 20
-78.51435460020957
 10
239.50050733714298
 20
-79.29089196059464
 10
239.2804163726731
 20
-80.062663660158
 10
239.04908540160932
 20
-80.83742900954603
 10
238.82501456888775
 20
-81.59851583980296
 10
238.6038978658637
 20
-82.36825837461126
 10
238.38124985584147
 20
-83.12750726709636
 10
238.17052330787288
 20
-83.89923138719097
 10
237.94995681545353
 20
-84.65750325790319
 10
237.75616361588345
 20
-85.41249475790126
 10
237.55706397424805
 20
-86.17610937729916
 10
237.37428369743802
 20
-86.9375189841004
 10
237.19305149119975
 20
-87.70601497194251
 10
237.02157656886288
 20
-88.47138719005173
 10
236.85807593172848
 20
-89.23914563275147
 10
236.70433618442317
 20
-89.99967013360315
 10
236.5655362106885
 20
-90.77356131325769
 10
236.4257475535193
 20
-91.54120299675542
 10
236.3091794315323
 20
-92.30983263731665
 10
236.19257801393482
 20
-93.08364428476334
 10
236.09409366978946
 20
-93.85783378214111
 10
235.99802299314774
 20
-94.63605086560241
 10
235.91682521915502
 20
-95.41019339481625
 10
235.84285060320298
 20
-96.19894167749074
 10
235.77083776090882
 20
-96.97276531042822
 10
235.72218532979156
 20
-97.74933279648765
 10
235.67205035426795
 20
-98.54495118640455
 10
235.6273062263823
 20
-99.32777762458322
 10
235.59507531233487
 20
-100.11603887205148
 10
235.56229836637837
 20
-100.9163600539382
 10
235.53067359869308
 20
-101.70755400618694
 10
235.50811662721503
 20
-102.49989849510348
 10
235.48525326907443
 20
-103.30207150893855
 10
235.46214018704595
 20
-104.08515840445405
 10
235.45787750794904
 20
-104.86847544887787
 10
235.45287996664896
 20
-105.6595886754539
 10
235.45891534107932
 20
-106.4382295451713
 10
235.47665749002834
 20
-107.22479335875452
 10
235.49730317699567
 20
-108.00549997842946
 10
235.53540908534714
 20
-108.7889156467671
 10
235.57306050563326
 20
-109.56921634283572
 10
235.63089035235038
 20
-110.34513378546414
 10
235.692104920265
 20
-111.12899285503993
 10
235.7648840485976
 20
-111.9035636950219
 10
235.84918567900868
 20
-112.68359525700345
 10
235.9385852604651
 20
-113.45682690857691
 10
236.04566360290454
 20
-114.23422389792921
 10
236.15239593432895
 20
-115.01168950514551
 10
236.27613347571446
 20
-115.78759268666364
 10
236.39899282477506
 20
-116.56581795496007
 10
236.53582428078568
 20
-117.33729375775353
 10
236.67664587733174
 20
-118.11346801958041
 10
236.8265599854779
 20
-118.88600082432185
 10
236.98242598913265
 20
-119.6626046126173
 10
237.14382569980523
 20
-120.44361449536719
 10
237.3038099339399
 20
-121.21932131623488
 10
237.47548452158225
 20
-122.00176256029913
 10
237.63676913855164
 20
-122.78024480904949
 10
237.81608925911362
 20
-123.56585258041368
 10
237.9759930083562
 20
-124.35711535800719
 10
238.14887097481812
 20
-125.13900983821365
 10
238.31158650216122
 20
-125.93919938661888
 10
238.47026837523137
 20
-126.72640028471824
 10
238.6321106687407
 20
-127.52972752742173
 10
238.77519591908546
 20
-128.33060922972788
 10
238.9235310072031
 20
-129.1271651892959
 10
239.0592917158154
 20
-129.93647785602704
 10
239.1903210691659
 20
-130.74551906829373
 10
239.30972947549878
 20
-131.5700127570704
 10
239.4093482226484
 20
-132.3873847996085
 10
239.50721094812798
 20
-133.22492619823902
 10
239.56287621792282
 20
-134.02912214127585
 10
239.6519376066101
 20
-134.82467857968268
 10
239.71043992662266
 20
-135.64781734865753
 10
239.77592625310277
 20
-136.4443563699768
 10
239.83679280271917
 20
-137.26883955521478
 10
239.8783522072134
 20
-138.0845287869333
 10
239.92412950110656
 20
-138.92458321729862
 10
239.92577449705567
 20
-139.7534064864924
 10
239.94273396464214
 20
-140.544812685318
 10
239.95425704138813
 20
-141.36201090151513
 10
239.95586485187204
 20
-142.1805734550229
 10
239.94976042077974
 20
-143.0231436545689
 10
239.9097714420543
 20
-143.8434987336031
 10
239.88504419120383
 20
-144.6362389887399
 10
239.85381588991788
 20
-145.45158965025996
 10
239.81376931726768
 20
-146.26790514195213
 10
239.76572114420043
 20
-147.09791552082578
 10
239.6953230208982
 20
-147.91601513398479
 10
239.62975738852904
 20
-148.71521597045103
 10
239.55808349062067
 20
-149.54285424239936
 10
239.4609893945327
 20
-150.36274802972366
 10
239.36731535863805
 20
-151.1669756239529
 10
239.26129983033888
 20
-151.99037573729584
 10
239.13703539294636
 20
-152.80465682673992
 10
239.0097647590698
 20
-153.61681604801004
 10
238.86258987918794
 20
-154.44000210278062
 10
238.70100521728352
 20
-155.24384602355198
 10
238.53881242189914
 20
-156.0453510727221
 10
238.35916402164034
 20
-156.8548127264043
 10
238.1703957222855
 20
-157.64752849652632
 10
237.97954499008168
 20
-158.4450357456193
 10
237.7685554058134
 20
-159.24931042854496
 10
237.55042440156845
 20
-160.03173477122027
 10
237.3357631805462
 20
-160.80827807503738
 10
237.11219870875752
 20
-161.5952137866086
 10
236.87732774867737
 20
-162.3821763784527
 10
236.63775393612684
 20
-163.15369456078713
 10
236.40164679744527
 20
-163.92338655405314
 10
236.1541578151569
 20
-164.70867050312265
 10
235.89375547350792
 20
-165.48281147376503
 10
235.63602798178542
 20
-166.25012442666502
 10
235.37061471732537
 20
-167.01476182780306
 10
235.10377340195092
 20
-167.78474507784745
 10
234.81712820590016
 20
-168.56854986770708
 10
234.50647334454106
 20
-169.35839006024412
 10
234.1790325507695
 20
-170.11379666783887
 10
233.86193667451224
 20
-170.86029651129502
 10
233.53055605619326
 20
-171.60075928909458
 10
233.20523764727025
 20
-172.34224018697697
 10
232.86215652842452
 20
-173.08882200935224
 10
232.5188755763149
 20
-173.8214682908659
 10
232.1767502668518
 20
-174.54821139203273
 10
231.83594182994727
 20
-175.27215330377362
 10
231.49725648693217
 20
-175.99546110486682
 10
231.16093354480262
 20
-176.71717436175192
 10
230.82952786117315
 20
-177.4379643112631
 10
230.5039479286219
 20
-178.15635232392728
 10
230.18874390876655
 20
-178.87248773230684
 10
229.88586556340542
 20
-179.58616992783675
 10
229.59509507993468
 20
-180.3112459629915
 10
229.31074812072063
 20
-181.03206179826103
 10
229.0493242801927
 20
-181.75337448402738
 10
228.79952195445324
 20
-182.47683004516784
 10
228.57028318609227
 20
-183.20878350770596
 10
228.34736683669345
 20
-183.95909588451627
 10
228.13073299917136
 20
-184.71289817127672
 10
227.92392792622582
 20
-185.4690533180207
 10
227.7250761829186
 20
-186.22402191894432
 10
227.53913001145202
 20
-186.98190277002374
  0
LWPOLYLINE
  5
150
330
17
100
AcDbEntity
  8
CUCITURA
100
AcDbPolyline
 90
219
 70
0
 10
228.68433026953775
 20
-16.9242004351467
 10
228.93471508540767
 20
-17.637148534553944
 10
229.19740378136763
 20
-18.352811985430122
 10
229.46967908687805
 20
-19.076872770248315
 10
229.74024981943856
 20
-19.780260838999
 10
230.02176829696953
 20
-20.471871675937336
 10
230.31544240933806
 20
-21.170402173692707
 10
230.60140318059396
 20
-21.82789005132625
 10
230.90949730537855
 20
-22.472744899338153
 10
231.24571698127923
 20
-23.152469887507152
 10
231.5798152192367
 20
-23.811980456298528
 10
231.9361994646924
 20
-24.47315361280971
 10
232.30608178241735
 20
-25.15456552066584
 10
232.68191619657662
 20
-25.82841203413267
 10
233.06721909807644
 20
-26.510533640066228
 10
233.46079323876643
 20
-27.19962420354193
 10
233.85731655406897
 20
-27.894175800948318
 10
234.25454493740017
 20
-28.58786269564348
 10
234.65780987042228
 20
-29.292034842626606
 10
235.07004528013195
 20
-30.02114313583155
 10
235.46883502638312
 20
-30.75054389506377
 10
235.86734602262638
 20
-31.483212410405798
 10
236.25095540796548
 20
-32.21567677894865
 10
236.62269035626997
 20
-32.922121228139105
 10
237.01836037505635
 20
-33.67498393230633
 10
237.4213853310064
 20
-34.49446423996423
 10
237.78417701026643
 20
-35.300798460507394
 10
238.1195453171537
 20
-36.069148195286175
 10
238.43943603431293
 20
-36.82166875423397
 10
238.75357714342584
 20
-37.55909275515407
 10
239.08366100329337
 20
-38.33599673840334
 10
239.3959047684669
 20
-39.1189755734012
 10
239.69805251817144
 20
-39.87733143743512
 10
239.9992018072429
 20
-40.651203462690404
 10
240.2940412362323
 20
-41.42676950261287
 10
240.5855875831429
 20
-42.21190316036706
 10
240.86855442032578
 20
-43.00307481273174
 10
241.14089432669385
 20
-43.78731137231671
 10
241.41267489417373
 20
-44.58717768898998
 10
241.67767795875363
 20
-45.413622305389055
 10
241.9213881954987
 20
-46.227116521537
 10
242.15499284801453
 20
-47.02756448695044
 10
242.3883539141316
 20
-47.8615500752494
 10
242.60346650199233
 20
-48.709375088330745
 10
242.80002263144422
 20
-49.53894460635388
 10
242.98654873961505
 20
-50.373089400378575
 10
243.1656072658642
 20
-51.243761066622284
 10
243.31562252984395
 20
-52.10674490519773
 10
243.44250602851247
 20
-52.88393821589602
 10
243.60426491402086
 20
-53.792415604064246
 10
243.69578228178437
 20
-54.726817107712435
 10
243.77738029172195
 20
-55.515188369838285
 10
243.85869960996828
 20
-56.33156439657864
 10
243.9373477776978
 20
-57.17896696025082
 10
244.00112762737692
 20
-58.06616806435372
 10
244.03552621296265
 20
-58.85265464389943
 10
244.09627137905665
 20
-59.60334529070349
 10
244.16051795372508
 20
-60.53447993466193
 10
244.16844763905323
 20
-61.482389354320475
 10
244.15946983014783
 20
-62.34590880030504
 10
244.13768269315636
 20
-63.114451766527054
 10
244.14402560152445
 20
-63.91625673106728
 10
244.11740809178937
 20
-64.86108862458755
 10
244.05389512563877
 20
-65.75215963424941
 10
243.98861964239705
 20
-66.57953084038297
 10
243.91723250059417
 20
-67.39108608462868
 10
243.84226316563544
 20
-68.25439709575093
 10
243.7359595814867
 20
-69.11415078207372
 10
243.63691807861346
 20
-69.92283584583271
 10
243.52053544743967
 20
-70.80144091996763
 10
243.38404752625377
 20
-71.60262125690554
 10
243.2576287788923
 20
-72.49637816492205
 10
243.05123919352042
 20
-73.40788246733877
 10
242.88687578496635
 20
-74.17573932021782
 10
242.7046760176112
 20
-75.0008047398261
 10
242.50872179510424
 20
-75.81981163943456
 10
242.30844339572124
 20
-76.63905072516485
 10
242.09237765251132
 20
-77.45805423904741
 10
241.8782483623217
 20
-78.24797163434343
 10
241.6545856082796
 20
-79.06378680363052
 10
241.42065695896392
 20
-79.85037871631002
 10
241.2003049817895
 20
-80.62304543054766
 10
240.96657045444607
 20
-81.40598074171089
 10
240.74544625222433
 20
-82.15703365477134
 10
240.52464808615235
 20
-82.92567975136416
 10
240.30562400762653
 20
-83.67228623506551
 10
240.09551809671495
 20
-84.44181323625232
 10
239.8789862572349
 20
-85.18556141070513
 10
239.69237728800158
 20
-85.91357021719146
 10
239.4971804473202
 20
-86.66185423925256
 10
239.31994948155244
 20
-87.40053589148759
 10
239.14219840566562
 20
-88.15415145319365
 10
238.97548045904364
 20
-88.89830590355173
 10
238.8163620497433
 20
-89.6454896741628
 10
238.66891802704927
 20
-90.37439427697241
 10
238.53367025452644
 20
-91.1291571308456
 10
238.39847927085387
 20
-91.87033757625477
 10
238.28669826101543
 20
-92.60886320271017
 10
238.17355229675556
 20
-93.35885491465041
 10
238.0785628907073
 20
-94.10659453312437
 10
237.98511972093738
 20
-94.86286928286107
 10
237.9070220450999
 20
-95.6079725494282
 10
237.83419759909307
 20
-96.38478338959935
 10
237.76480646779143
 20
-97.12797096745419
 10
237.7182353409088
 20
-97.87496859201904
 10
237.66845383022027
 20
-98.66483930593887
 10
237.62490726276326
 20
-99.42570667772782
 10
237.59340014967248
 20
-100.19787923177468
 10
237.56066446478638
 20
-100.99718663826309
 10
237.52950370831567
 20
-101.77595132240721
 10
237.50730478111478
 20
-102.55687853816195
 10
237.48441648392313
 20
-103.35991993498344
 10
237.46183485588094
 20
-104.12010452631252
 10
237.45784238221407
 20
-104.88032879043546
 10
237.45287941321533
 20
-105.65810081314659
 10
237.4586864422297
 20
-106.40797160400099
 10
237.47605582150223
 20
-107.17573918360699
 10
237.49589566568451
 20
-107.93047955350029
 10
237.5330637951725
 20
-108.692087653332
 10
237.56930334189366
 20
-109.44668251616301
 10
237.62510041012698
 20
-110.19306062720582
 10
237.6847421562268
 20
-110.95753777095517
 10
237.7547626513994
 20
-111.70260811258763
 10
237.83678488960564
 20
-112.46122309589893
 10
237.92273364581965
 20
-113.20551995504222
 10
238.02701844647714
 20
-113.96176659145468
 10
238.1307415998091
 20
-114.71817898084389
 10
238.2514263040874
 20
-115.47419478913008
 10
238.3714802513756
 20
-116.23522250444279
 10
238.5044071652751
 20
-116.98419118498565
 10
238.64230517337643
 20
-117.7444374898501
 10
238.78871062329983
 20
-118.49874783918823
 10
238.9421914223823
 20
-119.26345621084188
 10
239.10251383612584
 20
-120.03921273395049
 10
239.25999426891164
 20
-120.80297669022048
 10
239.43147613920766
 20
-121.58451348387227
 10
239.59097246118827
 20
-122.35469883762454
 10
239.77135620127132
 20
-123.14522069276684
 10
239.93269516533607
 20
-123.94321117963939
 10
240.1053214123597
 20
-124.72391745639551
 10
240.2718285640106
 20
-125.542398354669
 10
240.43083038135546
 20
-126.3311831037371
 10
240.59694350166538
 20
-127.15632166423633
 10
240.74272826121177
 20
-127.97169909795822
 10
240.89293056281176
 20
-128.7786463370532
 10
241.0326593414676
 20
-129.6111776653911
 10
241.16718437772192
 20
-130.44218516104817
 10
241.29219402579045
 20
-131.30575094212753
 10
241.3952020557968
 20
-132.14993048111808
 10
241.49858346288553
 20
-133.0393581312982
 10
241.5547422250062
 20
-133.84892832943495
 10
241.64365919627136
 20
-134.64289544163876
 10
241.7046215202787
 20
-135.4953713860235
 10
241.76985968918586
 20
-136.28869824307733
 10
241.83291388358643
 20
-137.14433802704198
 10
241.8755490425087
 20
-137.97867605392028
 10
241.92333135315536
 20
-138.86808583006086
 10
241.9256454198493
 20
-139.73068442310762
 10
241.94241958124428
 20
-140.50935235883185
 10
241.95419248104946
 20
-141.3459411415081
 10
241.95585886612594
 20
-142.18546660824506
 10
241.94897913672196
 20
-143.07904111270705
 10
241.90815906247227
 20
-143.9237914391265
 10
241.88383623365797
 20
-144.70573985939598
 10
241.8519111125903
 20
-145.53885637435164
 10
241.81092500557577
 20
-146.3745313894645
 10
241.76056246545997
 20
-147.24147074711695
 10
241.6882806747153
 20
-148.0837046986329
 10
241.6227056645905
 20
-148.88301695061384
 10
241.54766149539844
 20
-149.74676442582455
 10
241.44731130047364
 20
-150.59625453065917
 10
241.3524658278275
 20
-151.41024011925978
 10
241.241798585707
 20
-152.26898779731005
 10
241.11353429893745
 20
-153.11035614734104
 10
240.98223077769765
 20
-153.94753920316916
 10
240.82746127244323
 20
-154.81320500733383
 10
240.6615224902934
 20
-155.6392850482194
 10
240.49528995224205
 20
-156.4603157378001
 10
240.30824732523595
 20
-157.30322579004627
 10
240.11574797548963
 20
-158.11186093234528
 10
239.91948269035453
 20
-158.93149408819366
 10
239.69911850590677
 20
-159.77173374019736
 10
239.4775315177284
 20
-160.56676576363628
 10
239.26157275277313
 20
-161.34796084437423
 10
239.0324134534817
 20
-162.15447699310795
 10
238.79059466578767
 20
-162.9647651733083
 10
238.54879856820338
 20
-163.74353217760333
 10
238.31147273573177
 20
-164.51715829929546
 10
238.05581090247935
 20
-165.3281182696672
 10
237.78950464069197
 20
-166.12009876778637
 10
237.5287141352574
 20
-166.89645183940218
 10
237.26020520296942
 20
-167.67008449379557
 10
236.98792398145818
 20
-168.45554802487618
 10
236.68711455028247
 20
-169.27788129364546
 10
236.35481434941232
 20
-170.12235048442298
 10
236.01688271740034
 20
-170.90266089254112
 10
235.69518755709785
 20
-171.65979085242515
 10
235.35906361896465
 20
-172.41104324727704
 10
235.0296957875036
 20
-173.16160121517896
 10
234.67631750917408
 20
-173.93073645626816
 10
234.32915636103849
 20
-174.67169383768308
 10
233.98626355924816
 20
-175.400069152836
 10
233.64633388826718
 20
-176.12214188909235
 10
233.3093065429287
 20
-176.84190932806948
 10
232.97592056292342
 20
-177.5573065680462
 10
232.64893467873674
 20
-178.26848151891335
 10
232.33008058968926
 20
-178.97197448165903
 10
232.0246117349202
 20
-179.6659543824528
 10
231.73462714973928
 20
-180.3491119943767
 10
231.4535251685078
 20
-181.05032485315553
 10
231.18134505487618
 20
-181.7397814531583
 10
230.93477612814613
 20
-182.42051114847402
 10
230.699256661514
 20
-183.1021364043141
 10
230.4831604746905
 20
-183.79265034078102
 10
230.26706839686992
 20
-184.520118094287
 10
230.05644686727453
 20
-185.25292233573157
 10
229.85555184895696
 20
-185.98754056100043
 10
229.6633610771931
 20
-186.7170246254555
 10
229.4838398610488
 20
-187.44891840239723
  0
LWPOLYLINE
  5
151
330
17
100
AcDbEntity
  8
SCARNITURA
100
AcDbPolyline
 90
152
 70
0
 10
314.6569515849991
 20
-161.00545631546754
 10
314.25559568646946
 20
-159.84406732616392
 10
313.93807788590004
 20
-158.76576975878663
 10
313.6842245899271
 20
-157.77826418419636
 10
313.46721069189095
 20
-156.85642688817148
 10
313.2753950001759
 20
-155.97690357048884
 10
313.10817752454227
 20
-155.17871424124675
 10
312.92695340819097
 20
-154.3308643207173
 10
312.7603213911936
 20
-153.46742154106533
 10
312.6011254180362
 20
-152.6464520389843
 10
312.44153174801215
 20
-151.7769053206442
 10
312.3030137634296
 20
-150.9754018617851
 10
312.1540475919161
 20
-150.14898860434857
 10
312.01038153120066
 20
-149.2690281316701
 10
311.87589517866905
 20
-148.4143018597203
 10
311.74792499672225
 20
-147.5421649544567
 10
311.6306127558969
 20
-146.68676770867177
 10
311.5175292243423
 20
-145.82277923289814
 10
311.4226140396286
 20
-145.02777125597703
 10
311.3216572525147
 20
-144.2595550153063
 10
311.21674222282644
 20
-143.4283552969855
 10
311.1100659699454
 20
-142.55246531982078
 10
311.0193435216505
 20
-141.69731354257232
 10
310.9298870101601
 20
-140.86276840496794
 10
310.84648602761774
 20
-139.99760715068317
 10
310.7706770270819
 20
-139.15842737602352
 10
310.69819033291355
 20
-138.31529689374474
 10
310.63348480286817
 20
-137.49799754249355
 10
310.57493114772603
 20
-136.77561514608905
 10
310.4978982619622
 20
-135.99508599048323
 10
310.4228313287084
 20
-135.12115483377326
 10
310.35596242547825
 20
-134.2806199513938
 10
310.29225477473886
 20
-133.4342822562981
 10
310.236184627846
 20
-132.60721133925568
 10
310.1784249517879
 20
-131.7616244325535
 10
310.13103351041946
 20
-130.92142793518076
 10
310.08292076006956
 20
-130.09794152402057
 10
310.0407872467126
 20
-129.26385542001378
 10
309.9987942508387
 20
-128.42436939690847
 10
309.9658151163626
 20
-127.61539222969874
 10
309.94259030094133
 20
-127.06853627086095
 10
309.8603782929007
 20
-126.2877776401735
 10
309.806697140707
 20
-125.24771936485169
 10
309.7697222360452
 20
-124.415317540707
 10
309.73564646267664
 20
-123.57859675110775
 10
309.7064088158179
 20
-122.75544533136305
 10
309.67766171868595
 20
-121.93966296147181
 10
309.65120392079734
 20
-121.10880311192987
 10
309.6277966960315
 20
-120.26804691965421
 10
309.6094982280558
 20
-119.43829851979062
 10
309.59286096043735
 20
-118.63869877655888
 10
309.57440917335276
 20
-117.81715711143241
 10
309.56109820868346
 20
-116.97765387208128
 10
309.5503201431452
 20
-116.15130578115172
 10
309.5424123018147
 20
-115.33281939152234
 10
309.53514015280854
 20
-114.50960515464459
 10
309.5316151819832
 20
-113.69067668992314
 10
309.5278988457652
 20
-112.87288380329886
 10
309.52765833798975
 20
-112.04996683236601
 10
309.52825396487646
 20
-111.23302919528703
 10
309.5311132781
 20
-110.41873997643324
 10
309.53422140846504
 20
-109.61225527639058
 10
309.53838792842856
 20
-108.75795011782886
 10
309.55237582672186
 20
-107.92749976510171
 10
309.56179442059977
 20
-107.13538781857233
 10
309.5737712019158
 20
-106.31450211772317
 10
309.5873126922766
 20
-105.50415342470609
 10
309.6011889860427
 20
-104.67863456550853
 10
309.6200796732506
 20
-103.84456760712462
 10
309.6401096300664
 20
-103.03997542472526
 10
309.6574286902483
 20
-102.30093433692564
 10
309.67269939954343
 20
-101.51478329697999
 10
309.6890270562779
 20
-100.67883342710648
 10
309.71378334077116
 20
-99.79772979128099
 10
309.7470167409336
 20
-98.95116575740578
 10
309.7786069776054
 20
-98.1495747516133
 10
309.8120695602257
 20
-97.30569380532371
 10
309.8542169027422
 20
-96.4626375074685
 10
309.8943564943602
 20
-95.66187273943888
 10
309.93998407865104
 20
-94.76354571400964
 10
310.01154766019243
 20
-93.80062825629234
 10
310.09022927161766
 20
-92.9361715728095
 10
310.15503672144405
 20
-92.23290161272851
 10
310.19575166882333
 20
-91.6267728079841
 10
310.22791613546786
 20
-90.88419988434808
 10
310.2755573723856
 20
-89.98068302798447
 10
310.33587404089633
 20
-89.11205708022345
 10
310.39096194526314
 20
-88.32272855034458
 10
310.44607003200787
 20
-87.50270305827802
 10
310.5100312985385
 20
-86.64806843995524
 10
310.57623533703014
 20
-85.83059721299418
 10
310.6392928774027
 20
-85.03740380079307
 10
310.7038293617422
 20
-84.22575868375243
 10
310.77167609222846
 20
-83.40463060444345
 10
310.8408061577995
 20
-82.59202917198726
 10
310.91089335906315
 20
-81.7780585618124
 10
310.9824960467746
 20
-80.97265023142714
 10
311.05363237304755
 20
-80.16272726865073
 10
311.1290849203857
 20
-79.34025284901874
 10
311.20507031648793
 20
-78.53102938889606
 10
311.2820932843419
 20
-77.71634641615088
 10
311.3633644123419
 20
-76.8877736092517
 10
311.4446185061337
 20
-76.093562501478
 10
311.52341980181984
 20
-75.28341430428225
 10
311.60970306545903
 20
-74.46408162951025
 10
311.6925869322824
 20
-73.65795792245174
 10
311.78092057643784
 20
-72.83650123769561
 10
311.86958582127625
 20
-72.02291988940462
 10
311.96123511052804
 20
-71.2029206547189
 10
312.0604665590479
 20
-70.34066647462038
 10
312.17708946054654
 20
-69.43372382185004
 10
312.27934791834775
 20
-68.72961864200298
 10
312.33748915123897
 20
-68.17100635619673
 10
312.4003479594164
 20
-67.40787554472905
 10
312.48524869981054
 20
-66.52714730189948
 10
312.57208987500087
 20
-65.68971897000912
 10
312.6582766831426
 20
-64.88184433449823
 10
312.7458131655486
 20
-64.05993149316433
 10
312.8394572073801
 20
-63.23063560424106
 10
312.93441576303076
 20
-62.40341829157154
 10
313.03250905624395
 20
-61.59106518978436
 10
313.13626437418964
 20
-60.72208778062861
 10
313.2531665525755
 20
-59.881334403331834
 10
313.3372161918416
 20
-59.24647539652233
 10
313.4020158540722
 20
-58.57853780956623
 10
313.48111294332375
 20
-57.76971181606234
 10
313.5643357880708
 20
-56.94812315259966
 10
313.6489573148813
 20
-56.133211090200206
 10
313.7348343567009
 20
-55.32098872250066
 10
313.824422440578
 20
-54.489037929669024
 10
313.92556674257594
 20
-53.60775808620042
 10
314.03269878181175
 20
-52.777545502659905
 10
314.1181587489601
 20
-52.089299797593554
 10
314.1869357515379
 20
-51.41017088481735
 10
314.26098265349043
 20
-50.61715170595923
 10
314.34487099841374
 20
-49.78211781485845
 10
314.4295595315692
 20
-48.95886517436142
 10
314.52014810684443
 20
-48.11302569314094
 10
314.61929302951273
 20
-47.252595359322754
 10
314.7138455250719
 20
-46.48756359163647
 10
314.79255259638444
 20
-45.752441537130835
 10
314.87758391161213
 20
-44.96170862021751
 10
314.96407376851994
 20
-44.14437981082392
 10
315.05679307527913
 20
-43.32070764560382
 10
315.1520854581364
 20
-42.47590677315921
 10
315.25741462063945
 20
-41.63136581981499
 10
315.35646263214704
 20
-40.83980617158073
 10
315.4640121687314
 20
-39.974413193473254
 10
315.58658768375176
 20
-39.11491777337156
 10
315.70650096878865
 20
-38.26494887476457
 10
315.85886063304827
 20
-37.30097437903689
 10
316.0599936670545
 20
-36.22429747072147
  0
LWPOLYLINE
  5
152
330
17
100
AcDbEntity
  8
RIFERIMENTO
100
AcDbPolyline
 90
171
 70
0
 10
314.3575334740465
 20
-32.9165762600164
 10
314.3575334740465
 20
-32.9165762600164
 10
314.3575334740465
 20
-32.9165762600164
 10
314.35497625185724
 20
-32.92376625201973
 10
314.2246448897546
 20
-33.59129291562016
 10
314.2117876677986
 20
-33.64900212600142
 10
314.1081849504679
 20
-34.268818158123565
 10
314.08319279255136
 20
-34.412810893868766
 10
313.99657955339444
 20
-34.97771492977347
 10
313.9603536271643
 20
-35.24174969496647
 10
313.89921970041974
 20
-35.7505325985355
 10
313.84552873671726
 20
-36.18452340430042
 10
313.7922798359724
 20
-36.62719855212359
 10
313.7071973470059
 20
-37.39498661736417
 10
313.6719345255601
 20
-37.73325177679078
 10
313.5085395273645
 20
-39.21024852315469
 10
313.41543603390954
 20
-40.067736488736045
 10
313.3623203218948
 20
-40.5483451527011
 10
313.19006515737124
 20
-42.207896226760795
 10
313.05679464865136
 20
-43.43921562279451
 10
313.00023860455315
 20
-43.96720197990393
 10
312.8670125664698
 20
-45.27294202802983
 10
312.8321288242004
 20
-45.623397678874085
 10
312.81386166676333
 20
-45.740181993829395
 10
312.6618455537702
 20
-47.21781298868049
 10
312.58924954195675
 20
-47.84962035529017
 10
312.49356656827115
 20
-48.7723890986403
 10
312.37274152390853
 20
-49.887203337991195
 10
312.3251156693553
 20
-50.32491192832316
 10
312.1630086672774
 20
-51.85134280324007
 10
312.15940051506925
 20
-51.864536503579615
 10
312.1559780000532
 20
-51.872562321267566
 10
311.98951394377355
 20
-53.41326158575467
 10
311.9366100744543
 20
-53.831902993825054
 10
311.8119622013298
 20
-54.95908680715041
 10
311.71565982570485
 20
-55.78067723518086
 10
311.6324990447093
 20
-56.518012455605856
 10
311.49677463735543
 20
-57.71469456090628
 10
311.4482999102922
 20
-58.095571684849205
 10
311.270355523002
 20
-59.66235294420474
 10
311.2656305220947
 20
-59.68326894916336
 10
311.25148156162885
 20
-59.81165004068126
 10
311.07632159921104
 20
-61.29600509540194
 10
311.03774901511576
 20
-61.60288799342493
 10
310.8898332913299
 20
-62.91953214775182
 10
310.815904664802
 20
-63.547237485655444
 10
310.69387252461144
 20
-64.56182248326678
 10
310.58127887278306
 20
-65.49964568642176
 10
310.4954695223453
 20
-66.23322084720303
 10
310.35745187587634
 20
-67.4552426374253
 10
310.31234684990784
 20
-67.91181975532172
 10
310.1324984948173
 20
-69.42117309118862
 10
310.1179737859451
 20
-69.62331412818861
 10
309.95771506554735
 20
-71.06459002893288
 10
309.91682287628174
 20
-71.35760326365622
 10
309.920784404048
 20
-71.39020994598636
 10
309.7324890001016
 20
-73.10799421249118
 10
309.70341634460056
 20
-73.37259008531564
 10
309.5401061439213
 20
-74.88996776154883
 10
309.49895101998686
 20
-75.36075711404118
 10
309.36583667736335
 20
-76.6930808372577
 10
309.2948530568868
 20
-77.36812422408731
 10
309.17498003946434
 20
-78.53061544317123
 10
309.09766059716685
 20
-79.38283274928695
 10
309.00238564206916
 20
-80.40322773311351
 10
308.9113323424357
 20
-81.4235377341482
 10
308.836395609792
 20
-82.31434112001668
 10
308.73662130586206
 20
-83.49197958392094
 10
308.67115744282074
 20
-84.25328550015564
 10
308.56754274333804
 20
-85.57783086089732
 10
308.50968129788805
 20
-86.25537639375301
 10
308.3998208214927
 20
-87.71470002710967
 10
308.3586353945504
 20
-88.30998898230436
 10
308.2443245462139
 20
-89.90572080041052
 10
308.2080478925101
 20
-90.43829586369947
 10
308.1013490850139
 20
-92.17302200790279
 10
308.06218962106254
 20
-92.68482328053292
 10
307.96025188516734
 20
-94.57864138714594
 10
307.9269385049331
 20
-95.09068725731444
 10
307.82010576565455
 20
-97.43628979556698
 10
307.7917727440356
 20
-98.03908995737582
 10
307.6991438110891
 20
-100.37617796135211
 10
307.6762826024958
 20
-100.98950816104193
 10
307.6294172636649
 20
-102.87753761090346
 10
307.6067647350278
 20
-103.41049538098113
 10
307.5744373039896
 20
-105.12009882865318
 10
307.5626483538016
 20
-105.66504892036798
 10
307.5406002867643
 20
-107.22714982334466
 10
307.5339516793219
 20
-107.81299991952318
 10
307.5221735962888
 20
-109.24995129962464
 10
307.5135810789253
 20
-109.88810550418592
 10
307.505528133071
 20
-111.18892610851664
 10
307.51014542741484
 20
-111.90266202034867
 10
307.5114808870545
 20
-113.0763753910323
 10
307.51778687898155
 20
-113.87474573280188
 10
307.5297407153482
 20
-114.90442925234478
 10
307.5315338014833
 20
-115.80977981297352
 10
307.5448843045655
 20
-116.69063114492778
 10
307.5582469243123
 20
-117.70772837220997
 10
307.5810812364429
 20
-118.43009739880083
 10
307.61008667297114
 20
-119.58188586583147
 10
307.6230726616304
 20
-120.13893987100441
 10
307.6522764886695
 20
-121.42101043023304
 10
307.66625699544045
 20
-121.8155645163647
 10
307.71919642641717
 20
-123.2405679426112
 10
307.7268337639659
 20
-123.45743061884609
 10
307.7855199064604
 20
-125.03705993754055
 10
307.79203870698143
 20
-125.07240218335677
 10
307.80723004258255
 20
-125.32467473433172
 10
307.864116478554
 20
-126.64694786814542
 10
307.87547600163344
 20
-126.8091526947969
 10
307.93975353341256
 20
-128.19781106167284
 10
307.9665285967094
 20
-128.5578399725734
 10
308.03076709879883
 20
-129.72066695218837
 10
308.0550556922811
 20
-130.2812330613222
 10
308.1147652301079
 20
-131.21586537113402
 10
308.166341737832
 20
-131.99728013119167
 10
308.21087195682367
 20
-132.6908430826864
 10
308.28396489273206
 20
-133.68285316588296
 10
308.3126123250926
 20
-134.14563370544437
 10
308.4017868905985
 20
-135.34822091417996
 10
308.42281600919534
 20
-135.5774150429445
 10
308.52325318647706
 20
-136.87142712705827
 10
308.5257078886917
 20
-136.98116262013693
 10
308.5327884966474
 20
-137.00873803273646
 10
308.643765591309
 20
-138.36238953183675
 10
308.6666562348209
 20
-138.6348144383067
 10
308.77007708108044
 20
-139.7262426722786
 10
308.8142371807199
 20
-140.24848485366948
 10
308.88984876476195
 20
-141.07028481740105
 10
308.96867899658776
 20
-141.84831182465126
 10
309.02199070773594
 20
-142.4001179791072
 10
309.13412368153917
 20
-143.43751515118103
 10
309.15793857660196
 20
-143.71413492667267
 10
309.30689656108814
 20
-145.018834552427
 10
309.3062531343538
 20
-145.02435917608648
 10
309.310280607909
 20
-145.0321945571506
 10
309.45679644358074
 20
-146.3007373930592
 10
309.48877826522835
 20
-146.59308780480694
 10
309.6166032871757
 20
-147.58504550337858
 10
309.68975727210864
 20
-148.1697386602866
 10
309.79205302740604
 20
-148.86436704788338
 10
309.90713498488134
 20
-149.74740519558202
 10
309.9658360464911
 20
-150.14786535592123
 10
310.147164217503
 20
-151.35743452822047
 10
310.15494233648786
 20
-151.43544288586486
 10
310.2008130873673
 20
-151.70965215524586
 10
310.3694728089911
 20
-152.74752908249218
 10
310.4065210370666
 20
-153.02510555024014
 10
310.599753513673
 20
-154.10012951525198
 10
310.715481505325
 20
-154.78413731020134
 10
310.86406985898395
 20
-155.55618988144877
 10
311.1168325872487
 20
-156.9095437325626
 10
311.1691906407756
 20
-157.13900924878627
 10
311.2911290707082
 20
-157.75499609265773
 10
311.5135780791427
 20
-158.7985092769106
 10
311.5957742570201
 20
-159.21201002331168
 10
311.74927220045487
 20
-159.89301559679603
 10
311.83338161300486
 20
-160.29655466077583
 10
311.93691588521153
 20
-160.7182999326941
 10
312.0433975039423
 20
-161.14943172585345
 10
312.1176551300823
 20
-161.43471808030566
 10
312.24173467601946
 20
-161.89438860010495
 10
312.3010975995731
 20
-162.07933220510574
 10
312.45736082543664
 20
-162.57045980550322
 10
312.502525000203
 20
-162.68483951252853
 10
312.68164411679726
 20
-163.2099400164323
 10
312.70449692783825
 20
-163.26479389111665
 10
312.9217947955992
 20
-163.82772674560127
 10
312.92968272174267
 20
-163.8392017101915
 10
312.92968272174267
 20
-163.8392017101915
  0
LWPOLYLINE
  5
153
330
17
100
AcDbEntity
  8
ASSE
100
AcDbPolyline
 90
12
 70
0
 10
234.31348544073006
 20
-101.37675864170296
 10
234.31348740134158
 20
-101.37675861235884
 10
234.3134874016762
 20
-101.37675861235397
 10
234.31348740305205
 20
-101.37675861233089
 10
235.3737464967874
 20
-101.35713412328028
 10
236.24468110546195
 20
-101.34101386853231
 10
236.24468110660396
 20
-101.34101386850979
 10
238.1713421995942
 20
-101.31393966351798
 10
238.17134220155313
 20
-101.31393966348743
 10
239.11850173341608
 20
-101.30488819362704
 10
240.0957517022666
 20
-101.29554916642313
 10
240.0957517042415
 20
-101.29554916641686
  0
LWPOLYLINE
  5
154
330
17
100
AcDbEntity
  8
ASSE
100
AcDbPolyline
 90
9
 70
0
 10
240.0957517042415
 20
-101.29554916641686
 10
242.03444416773868
 20
-101.28405323004941
 10
242.0344441713801
 20
-101.28405323004952
 10
243.62045111600892
 20
-101.27867542591046
 10
243.985682750906
 20
-101.27743700498223
 10
243.98568275175313
 20
-101.27743700497655
 10
245.94554932363263
 20
-101.27386027166271
 10
245.9455493249084
 20
-101.2738602716554
 10
247.19706296450795
 20
-101.27241357634728
  0
LWPOLYLINE
  5
155
330
17
100
AcDbEntity
  8
ASSE
100
AcDbPolyline
 90
30
 70
0
 10
247.19706296450795
 20
-101.27241357634728
 10
247.91011330018543
 20
-101.27158932119103
 10
247.9101133008936
 20
-101.27158932119345
 10
248.64687567145398
 20
-101.2706154541911
 10
249.87545549140208
 20
-101.26899149321055
 10
249.8754554925944
 20
-101.26899149320334
 10
251.10209270117508
 20
-101.26619752804169
 10
251.83769011451705
 20
-101.26452202567901
 10
251.8376901152094
 20
-101.26452202567971
 10
253.79299339094456
 20
-101.2567143338448
 10
253.79299339404366
 20
-101.25671433384016
 10
254.9058445422063
 20
-101.2495398253277
 10
255.7376371585167
 20
-101.24417729036338
 10
255.73763716085222
 20
-101.24417729033661
 10
256.8566096239879
 20
-101.23340525259538
 10
257.6680240697719
 20
-101.22559399064578
 10
257.6680240714008
 20
-101.22559399063108
 10
259.5807236305882
 20
-101.19972351114625
 10
259.5807236312395
 20
-101.19972351113712
 10
261.4725007032084
 20
-101.16539072492813
 10
261.47250070469573
 20
-101.16539072489866
 10
263.3403435367443
 20
-101.12144362217882
 10
263.34034353914427
 20
-101.12144362210975
 10
264.5667166359796
 20
-101.08223772884588
 10
265.1816573481937
 20
-101.06257870339611
 10
265.1816573494022
 20
-101.06257870335344
 10
266.37293858198655
 20
-100.99920655508352
 10
266.99478295221405
 20
-100.96612652951885
 10
266.99478295281773
 20
-100.96612652947539
 10
267.3655629563723
 20
-100.9387075273738
  0
LWPOLYLINE
  5
156
330
17
100
AcDbEntity
  8
ASSE
100
AcDbPolyline
 90
79
 70
0
 10
267.3655629563723
 20
-100.9387075273738
 10
268.77754705307075
 20
-100.83429198570136
 10
268.7775470553778
 20
-100.83429198552626
 10
270.5284018659037
 20
-100.67356890001561
 10
270.52840186708846
 20
-100.67356889990558
 10
272.25916301769485
 20
-100.49084550209795
 10
272.2591630195481
 20
-100.49084550190133
 10
273.97611310644095
 20
-100.29266132511582
 10
273.9761131090022
 20
-100.29266132481976
 10
275.67887138079845
 20
-100.08516777327091
 10
275.6788713836893
 20
-100.08516777291915
 10
277.3670839213663
 20
-99.87439890215751
 10
277.36708392386396
 20
-99.87439890184697
 10
279.0404248070333
 20
-99.66627284025427
 10
279.0404248082659
 20
-99.66627284010201
 10
279.5613894437082
 20
-99.60353653609845
 10
280.69859484462336
 20
-99.4665904578239
 10
280.69859484724464
 20
-99.46659045752446
 10
282.3413192671331
 20
-99.28103215745949
 10
282.3413192676705
 20
-99.28103215740383
 10
283.9683455455137
 20
-99.11515355562886
 10
283.9683455463675
 20
-99.1151535555526
 10
284.40621099982775
 20
-99.0768940915274
 10
285.5794417703306
 20
-98.97438045383
 10
285.5794417726251
 20
-98.97438045363442
 10
286.8327519154259
 20
-98.88764636832427
 10
287.1743959478903
 20
-98.86400323192485
 10
287.17439594849964
 20
-98.86400323188866
 10
288.7535769402376
 20
-98.77430442479111
 10
288.7535769411324
 20
-98.7743044247411
 10
290.3175440985315
 20
-98.69143279931532
 10
290.3175440990404
 20
-98.6914327992885
 10
291.8663901175389
 20
-98.61477462020294
 10
291.86639011804334
 20
-98.61477462017781
 10
292.1242791687433
 20
-98.60283341873219
 10
293.40036567349944
 20
-98.54374597017888
 10
293.4003656759959
 20
-98.54374597007225
 10
294.92055036247484
 20
-98.47781494226754
 10
294.9205503637944
 20
-98.47781494221537
 10
295.53820393900304
 20
-98.45266779152956
 10
296.4277023012261
 20
-98.41645275085207
 10
296.4277023031042
 20
-98.41645275077224
 10
297.2346060646277
 20
-98.38551443112678
 10
297.9224241852095
 20
-98.35914209542983
 10
297.92242418680803
 20
-98.35914209537528
 10
299.01644163414005
 20
-98.3194782267533
 10
299.4052546116873
 20
-98.30538171769086
 10
299.4052546122511
 20
-98.30538171766892
 10
300.8766739947549
 20
-98.25468713626643
 10
300.87667399645085
 20
-98.2546871362028
 10
302.33711038098
 20
-98.20659126024839
 10
302.33711038230126
 20
-98.20659126020031
 10
303.7869450443352
 20
-98.16064497151656
 10
303.7869450453483
 20
-98.16064497148055
 10
305.2265181754813
 20
-98.11641785603695
 10
305.22651817596545
 20
-98.11641785602
 10
306.65613481139667
 20
-98.07349947050874
 10
306.6561348122933
 20
-98.07349947047761
 10
308.07607184380595
 20
-98.03150201301213
 10
308.0760718450323
 20
-98.0315020129695
 10
309.4865877146219
 20
-97.99006614840121
 10
309.4865877151032
 20
-97.99006614838429
 10
309.99749250537724
 20
-97.9750480969656
 10
310.88793759754697
 20
-97.94887345457519
 10
310.88793759838313
 20
-97.94887345455543
 10
312.2803980006079
 20
-97.90767117493907
 10
312.28039800130887
 20
-97.90767117492273
 10
313.10253208829613
 20
-97.88310371501123
 10
313.6642955523222
 20
-97.8663167922909
 10
313.66429555280115
 20
-97.86631679227257
 10
315.0392071174532
 20
-97.82541004295072
 10
315.03920711882864
 20
-97.8254100428987
 10
316.4045922902833
 20
-97.7856340608645
 10
316.4045922916705
 20
-97.78563406081811
 10
316.9801083171296
 20
-97.7690188800705
 10
317.75976782211956
 20
-97.74651006532521
 10
317.7597678239813
 20
-97.74651006528833
 10
317.759767824032
 20
-97.74651006528198
 10
317.7997933451552
 20
-97.74869174309511
  0
LWPOLYLINE
  5
157
330
17
100
AcDbEntity
  8
TACCHE
100
AcDbPolyline
 90
2
 70
0
 10
233.94031823715167
 20
-101.35947093683735
 10
236.937904370425
 20
-101.47979289496428
  0
LWPOLYLINE
  5
158
330
17
100
AcDbEntity
  8
TACCHE
100
AcDbPolyline
 90
2
 70
0
 10
317.7998482928838
 20
-97.74869336928613
 10
314.80300727555954
 20
-97.61105646695613
  0
LWPOLYLINE
  5
159
330
17
100
AcDbEntity
  8
TACCHE
100
AcDbPolyline
 90
2
 70
0
 10
320.1009944091485
 20
-17.397216358691992
 10
319.0596689717036
 20
-20.21069131563229
  0
LWPOLYLINE
  5
15A
330
17
100
AcDbEntity
  8
TACCHE
100
AcDbPolyline
 90
2
 70
0
 10
320.0967075070344
 20
-178.83723933475412
 10
318.8030970474604
 20
-176.13047521889902
  0
TEXT
  5
15B
330
17
100
AcDbEntity
  8
TESTO
100
AcDbText
 10
275.77626733569053
 20
-96.22508574132725
 30
0.0
 40
4.0
  1
MASCHERINA (AVAMPIEDE)
 72
1
 11
275.77626733569053
 21
-96.22508574132725
 31
0.0
100
AcDbText
 73
2
  0
TEXT
  5
15C
330
17
100
AcDbEntity
  8
TESTO
100
AcDbText
 10
275.77626733569053
 20
-103.02508574132725
 30
0.0
 40
2.6
  1
Oxford cap-toe tg 42 - destra
 72
1
 11
275.77626733569053
 21
-103.02508574132725
 31
0.0
100
AcDbText
 73
2
  0
TEXT
  5
15D
330
17
100
AcDbEntity
  8
TESTO
100
AcDbText
 10
275.77626733569053
 20
-107.44508574132725
 30
0.0
 40
2.6
  1
vitello box 1,3 mm
 72
1
 11
275.77626733569053
 21
-107.44508574132725
 31
0.0
100
AcDbText
 73
2
  0
TEXT
  5
15E
330
17
100
AcDbEntity
  8
TESTO
100
AcDbText
 10
275.77626733569053
 20
-111.86508574132725
 30
0.0
 40
2.6
  1
tagliare 2 per paio (dx + sx speculare)
 72
1
 11
275.77626733569053
 21
-111.86508574132725
 31
0.0
100
AcDbText
 73
2
  0
TEXT
  5
15F
330
17
100
AcDbEntity
  8
TESTO
100
AcDbText
 10
309.8120695602257
 20
-97.30569380532371
 30
0.0
 40
2.2
  1
scarnire 8
 72
1
 11
309.8120695602257
 21
-97.30569380532371
 31
0.0
100
AcDbText
 73
2
  0
LWPOLYLINE
  5
160
330
17
100
AcDbEntity
  8
TESTO
100
AcDbPolyline
 90
2
 70
0
 10
260.77626733569053
 20
-121.22508574132725
 10
290.77626733569053
 20
-121.22508574132725
  0
LWPOLYLINE
  5
161
330
17
100
AcDbEntity
  8
TESTO
100
AcDbPolyline
 90
3
 70
0
 10
286.77626733569053
 20
-119.22508574132725
 10
290.77626733569053
 20
-121.22508574132725
 10
286.77626733569053
 20
-123.22508574132725
  0
TEXT
  5
162
330
17
100
AcDbEntity
  8
TESTO
100
AcDbText
 10
275.77626733569053
 20
-118.22508574132725
 30
0.0
 40
2.2
  1
verso del tiro
 72
1
 11
275.77626733569053
 21
-118.22508574132725
 31
0.0
100
AcDbText
 73
2
  0
LWPOLYLINE
  5
163
330
17
100
AcDbEntity
  8
TAGLIO
100
AcDbPolyline
 90
121
 70
0
 10
356.07777653482424
 20
-128.44258583214
 10
355.6303419807438
 20
-125.27078301303006
 10
355.4628687997837
 20
-123.66663735003016
 10
355.243118013634
 20
-120.25959789647243
 10
354.90017750152805
 20
-117.07789266394263
 10
354.63661514199015
 20
-113.67264196258964
 10
354.4588300509586
 20
-110.18394739681844
 10
354.0951566715484
 20
-104.80641915023145
 10
353.9189979605257
 20
-101.09665765735963
 10
353.7148154787264
 20
-95.2836229331977
 10
353.57820641218166
 20
-89.01077909846504
 10
353.5421365436159
 20
-84.29125126518429
 10
353.5854892920779
 20
-78.32650682627924
 10
353.8282292226024
 20
-69.37648694048616
 10
354.23556132212434
 20
-60.40274046009087
 10
354.63833925094644
 20
-54.344253369485855
 10
354.83791888095305
 20
-52.549761409301894
 10
355.1138276854041
 20
-47.388924773505636
 10
355.41299505618827
 20
-44.086473394313316
 10
355.73954633694115
 20
-42.444504837799684
 10
355.86920340197565
 20
-39.19820119968462
 10
356.16123858313847
 20
-36.48201016316999
 10
356.4761075824527
 20
-34.495315702285055
 10
356.50225959305675
 20
-32.9051276411945
 10
356.6174507077348
 20
-31.327530607791772
 10
356.82485350304285
 20
-29.762349412511412
 10
357.4037990057164
 20
-26.501699183613596
 10
357.55808811234044
 20
-24.72336252935537
 10
357.98323122024243
 20
-22.603977732616414
 10
358.27087050019287
 20
-21.788793122796505
 10
358.61842411899136
 20
-20.3339178859776
 10
358.7876169849796
 20
-19.231604689829
 10
359.22339106820266
 20
-17.628182750580493
 10
359.7288817070354
 20
-16.32004647571273
 10
360.04782601271233
 20
-15.712997645461826
 10
360.1413871153798
 20
-15.165260516895842
 10
365.5539638003432
 20
0.0
 10
369.41356048025125
 20
-1.9047225980677354
 10
376.63522261386686
 20
-5.076084241065018
 10
385.0054096619813
 20
-9.057676186177673
 10
387.7376854694678
 20
-10.441274865725688
 10
391.8487574926161
 20
-12.632189056984032
 10
395.5466364308163
 20
-14.7175286041047
 10
398.60538354643785
 20
-16.56078370851364
 10
402.3985456382237
 20
-19.003092355651347
 10
404.88855404839876
 20
-20.701719424987147
 10
410.21307310286704
 20
-24.788772045199778
 10
413.62272779890384
 20
-27.654768308506505
 10
416.3439340352592
 20
-30.0687533341237
 10
418.83777015444537
 20
-32.459693274276134
 10
421.39474088005574
 20
-35.134533616567396
 10
422.49980496354635
 20
-36.40473233584454
 10
425.5394699488558
 20
-40.08040540495037
 10
426.81189603351794
 20
-41.78090143856173
 10
428.56045847550774
 20
-44.394386675342886
 10
429.634200147818
 20
-46.168421471356
 10
430.19938062021964
 20
-47.20283661460468
 10
431.6220135545345
 20
-50.00354976338015
 10
432.0554386013949
 20
-50.962289453897085
 10
433.34334767944733
 20
-54.16310655286037
 10
434.28676310167447
 20
-56.96685104690435
 10
435.086499773071
 20
-59.752755469730545
 10
435.4296113160728
 20
-61.150243703772446
 10
436.2822957614346
 20
-65.04914973717206
 10
437.2439450024349
 20
-70.22349454114006
 10
437.6743956537605
 20
-71.86860952958062
 10
438.06817093471807
 20
-73.70378007954749
 10
438.2504324245425
 20
-74.7554805133138
 10
438.4545195401164
 20
-76.4986180488808
 10
438.5893259475001
 20
-78.68145380459282
 10
438.61431285852285
 20
-80.08474352840481
 10
438.55543699492546
 20
-81.2123606403684
 10
438.3699825663356
 20
-83.34452540527248
 10
438.1178817765961
 20
-85.10758848087623
 10
437.73087752632534
 20
-86.91913672671521
 10
437.03425345283
 20
-89.4670034639215
 10
436.75326821362154
 20
-90.95654964296227
 10
435.39076807281947
 20
-97.15268745353035
 10
434.85629152546085
 20
-99.25803724240095
 10
434.040299670621
 20
-101.99674089084981
 10
433.6194025751696
 20
-103.24196418178519
 10
432.8630834483876
 20
-105.21822990679526
 10
431.7544102840964
 20
-107.74581698726568
 10
430.7867502330489
 20
-109.77675425249214
 10
429.28993298140836
 20
-112.49179684295581
 10
427.8001320625389
 20
-114.9557139244742
 10
425.2406911664069
 20
-118.58167134053403
 10
423.17545162425665
 20
-121.17963821988562
 10
420.94079228930946
 20
-123.81485735039772
 10
419.08378962933807
 20
-125.8514099389541
 10
416.8200626137776
 20
-128.18023389673994
 10
413.8155837509797
 20
-131.05674387804066
 10
410.889572996687
 20
-133.73390546243763
 10
408.2213461048255
 20
-136.02574740260494
 10
405.7740130722972
 20
-137.99706316625753
 10
402.43862456843914
 20
-140.55571569392862
 10
399.5330400781199
 20
-142.69980844779957
 10
396.7342111374454
 20
-144.66812419699363
 10
393.06846270138806
 20
-147.13234713075946
 10
389.2073956830894
 20
-149.6274587126285
 10
386.34289664094644
 20
-151.4087920926897
 10
378.99640546310405
 20
-155.78056271716886
 10
376.1280688313554
 20
-157.40476461123757
 10
371.36079123239296
 20
-159.99308503979464
 10
369.3547815276436
 20
-161.199952446569
 10
361.264241190924
 20
-147.42141965524348
 10
360.55617044479897
 20
-146.4121034265462
 10
360.1816746374996
 20
-145.77782199779165
 10
359.55846271641263
 20
-144.4348512029763
 10
359.26431625215395
 20
-143.60520707613142
 10
358.98675029905246
 20
-142.52756801674124
 10
358.93517348641245
 20
-142.10574720988126
 10
358.26520452401803
 20
-140.29322641208148
 10
357.71568795036313
 20
-138.19381225799995
 10
357.41163299270744
 20
-136.42577901704195
 10
357.40719131259124
 20
-136.1418389810603
 10
357.08219217380247
 20
-134.8501325901103
 10
356.73324072056545
 20
-133.1735297133065
 10
356.4797249366558
 20
-131.59462918299022
 10
356.3074373142546
 20
-129.70942688212853
 10
356.07777653482424
 20
-128.44258583214
  0
LWPOLYLINE
  5
164
330
17
100
AcDbEntity
  8
MONTAGGIO
100
AcDbPolyline
 90
307
 70
0
 10
361.2640304793708
 20
-147.42106080396655
 10
361.28370787468356
 20
-147.41413825599238
 10
361.3479776606208
 20
-147.3668962799649
 10
362.38516400683227
 20
-146.7048215257683
 10
362.47823151608804
 20
-146.6483235299828
 10
363.5220404383099
 20
-146.04261863578898
 10
363.63377082694467
 20
-145.9793802410457
 10
364.71066284497107
 20
-145.3987390129713
 10
364.8327366721511
 20
-145.33208809649028
 10
365.91951069609024
 20
-144.7465367612193
 10
366.0469241572401
 20
-144.68216945599823
 10
367.1344219188264
 20
-144.08930588988534
 10
367.269788821788
 20
-144.0183993601109
 10
368.3462529957428
 20
-143.4237839495842
 10
368.4836895749544
 20
-143.34903783267967
 10
369.5510486104756
 20
-142.74591756125193
 10
369.7059715763031
 20
-142.66316380864822
 10
370.7477896967075
 20
-142.06276651252782
 10
370.91367141087693
 20
-141.9722532535787
 10
371.93044508674313
 20
-141.3770850372545
 10
372.1183699511144
 20
-141.2647452905814
 10
373.12289793063985
 20
-140.67149456740947
 10
373.32588786174875
 20
-140.54514254202311
 10
374.32770167923894
 20
-139.95841574954295
 10
374.5312395580894
 20
-139.83145937475538
 10
375.56037276929544
 20
-139.22745315189673
 10
375.75239711112334
 20
-139.11174448868178
 10
376.78734719999153
 20
-138.49283312805125
 10
376.971381310259
 20
-138.382606286546
 10
378.01972520911835
 20
-137.74406327048655
 10
378.1838268251131
 20
-137.6419829238718
 10
379.24630542176095
 20
-136.98756167972343
 10
379.4022757743158
 20
-136.89127735084074
 10
380.4652236145796
 20
-136.22268804016556
 10
380.61341606668435
 20
-136.1314032016947
 10
381.6814495829041
 20
-135.45130737571583
 10
381.8153012836664
 20
-135.35935528912412
 10
382.8945045582608
 20
-134.66655843264755
 10
383.01839323033715
 20
-134.58895583926838
 10
384.09323478277275
 20
-133.8813671033973
 10
384.2173729619236
 20
-133.80349832741186
 10
385.28746874347945
 20
-133.09289891661987
 10
385.40655858668185
 20
-133.0137099442315
 10
386.47882925606746
 20
-132.29245046170828
 10
386.58977281747735
 20
-132.21766362623717
 10
387.66159028659143
 20
-131.48847845130638
 10
387.76471911851246
 20
-131.41866359033395
 10
388.84471512919123
 20
-130.66719815033196
 10
388.92862111964934
 20
-130.609205175468
 10
390.01003614067406
 20
-129.83979378629283
 10
390.09378852663957
 20
-129.7808096417871
 10
391.1797558677658
 20
-128.9873533901107
 10
391.24437775886406
 20
-128.93974256748587
 10
392.3592668123495
 20
-128.10512031162853
 10
392.3935606254347
 20
-128.08682272010398
 10
392.885830993854
 20
-127.72044695516638
 10
393.59404936931367
 20
-127.17459381550549
 10
393.6461230914319
 20
-127.13338751426583
 10
394.71930785960825
 20
-126.32191477438823
 10
394.87001607153417
 20
-126.20515625468317
 10
395.85587744516374
 20
-125.44196118808296
 10
396.0774899054158
 20
-125.26689486770772
 10
396.9792160086305
 20
-124.55057419684974
 10
397.2646593402698
 20
-124.31603427723003
 10
398.1011408098718
 20
-123.6329499625059
 10
398.4281752984399
 20
-123.34990094051611
 10
399.2043162372989
 20
-122.70162822398875
 10
399.5610958573496
 20
-122.3849721935388
 10
400.28748128919824
 20
-121.75076516341298
 10
400.66972209730994
 20
-121.41257804239034
 10
401.36008486326176
 20
-120.78794768250148
 10
401.75162210251597
 20
-120.41987916580771
 10
402.42175574648604
 20
-119.80269926861634
 10
402.8549264560102
 20
-119.40067285642562
 10
403.4772315000753
 20
-118.81549639814315
 10
403.99845579067943
 20
-118.32481160088578
 10
404.54813758269177
 20
-117.80386080040772
 10
405.16284358574876
 20
-117.2036302413726
 10
405.6003212481002
 20
-116.77333282600883
 10
406.3023511841309
 20
-116.05884601083423
 10
406.6498662741687
 20
-115.70983732484282
 10
407.442429404539
 20
-114.87512950720836
 10
407.6878256242926
 20
-114.61486441296034
 10
408.5903745463262
 20
-113.62858506466718
 10
408.7191765507538
 20
-113.48857664880236
 10
409.52701667707527
 20
-112.53245528233693
 10
409.77082926676144
 20
-112.23532420407514
 10
409.8322633470795
 20
-112.1658901404835
 10
410.74923518027884
 20
-111.10049416452327
 10
411.0512487824068
 20
-110.72815412433684
 10
411.7323291068126
 20
-109.89026658749664
 10
412.3234633302313
 20
-109.1200493776179
 10
412.7050967890726
 20
-108.63889136647478
 10
413.50184018810467
 20
-107.50047169934638
 10
413.7138718234942
 20
-107.20573357022408
 10
413.8812262543705
 20
-106.95895156822246
 10
414.6165421675826
 20
-105.8896868013433
 10
415.4437326810904
 20
-104.47253116366572
 10
415.52578217673897
 20
-104.33409340037676
 10
415.60699632636715
 20
-104.18477997093626
 10
416.34590905029006
 20
-102.8874872028909
 10
416.95566466603304
 20
-101.60933781216187
 10
417.1721922440943
 20
-101.16106816632504
 10
417.5600219587119
 20
-100.30220669845956
 10
417.8909798378854
 20
-99.5758879034349
 10
418.0816261698932
 20
-99.06999478379794
 10
418.6851079956995
 20
-97.50028799584794
 10
418.8909548850551
 20
-96.79734652466001
 10
419.3237188088711
 20
-95.41888262198547
 10
419.4448307554115
 20
-94.92887392552112
 10
419.6903587061214
 20
-94.00902883004166
 10
419.83575692619553
 20
-93.405471722004
 10
419.91215186288395
 20
-93.07698972234672
 10
420.11179899495295
 20
-92.20764682041576
 10
420.25062651347787
 20
-91.6113721120254
 10
420.3511056372581
 20
-91.14199798579256
 10
420.49872950726535
 20
-90.36172565958515
 10
420.53183417260004
 20
-90.1745655306992
 10
420.54261421763334
 20
-90.11743523738193
 10
420.7011567313648
 20
-89.42648072197147
 10
420.74340428274985
 20
-89.23034332754116
 10
420.8558168515741
 20
-88.7534103513359
 10
420.9235033567033
 20
-88.4314192702563
 10
420.99971381331653
 20
-88.10006865993064
 10
421.0914349413556
 20
-87.6774526097048
 10
421.1379392484387
 20
-87.46921522925521
 10
421.22739923649027
 20
-86.94724683846277
 10
421.25353366014065
 20
-86.8252624949929
 10
421.349642615809
 20
-86.27229796013128
 10
421.3538544590797
 20
-86.22311512098021
 10
421.4274928945649
 20
-85.82968507858006
 10
421.4714657606313
 20
-85.67683907311377
 10
421.4714657606313
 20
-85.67683907311377
 10
421.6296219824528
 20
-85.13608179133536
 10
421.63903029851963
 20
-85.10938197299363
 10
421.79875539555036
 20
-84.54580887828944
 10
421.81065534329866
 20
-84.51000983822064
 10
421.99049626840235
 20
-83.8848050421567
 10
422.00003400046023
 20
-83.85036499774029
 10
422.1888682520326
 20
-83.11786657643725
 10
422.20356978854596
 20
-83.05873332569675
 10
422.40149542804824
 20
-82.10838856340914
 10
422.4301536151108
 20
-81.95821626879105
 10
422.6156256458505
 20
-79.82584913242526
 10
422.619751039427
 20
-79.66761977320311
 10
422.4849381285121
 20
-77.48475675969382
 10
422.47221768434827
 20
-77.41128164890223
 10
422.3031734327302
 20
-76.43596854716445
 10
422.2958059135093
 20
-76.38956001318805
 10
422.12791912199276
 20
-75.6510779617866
 10
422.11683432573835
 20
-75.60551742412216
 10
421.95472716675044
 20
-74.98214504301963
 10
421.94770234690884
 20
-74.9586712231633
 10
421.7993154253821
 20
-74.40123471843229
 10
421.79260877032704
 20
-74.37583639829546
 10
421.6444564118895
 20
-73.85545576600329
 10
421.63975648610347
 20
-73.83956995599821
 10
421.57600039790566
 20
-73.59553681995216
 10
421.52940795725874
 20
-73.3120996132724
 10
421.5241551701582
 20
-73.28990926272564
 10
421.44998552119904
 20
-72.79246481820871
 10
421.43057218973155
 20
-72.69683693127197
 10
421.3708441732466
 20
-72.25959880413146
 10
421.33362345258075
 20
-72.09527949074672
 10
421.2771317974491
 20
-71.71219004447146
 10
421.2227888337619
 20
-71.48198474334141
 10
421.17668860457627
 20
-71.16134531618815
 10
421.0977206878189
 20
-70.82893653356092
 10
421.0607337447553
 20
-70.58832828321702
 10
420.9570804012698
 20
-70.15174162715219
 10
420.93000627546047
 20
-70.00244367351327
 10
420.79936908534853
 20
-69.43041050185914
 10
420.79479269892795
 20
-69.37504748693156
 10
420.73318592060286
 20
-69.07769223653247
 10
420.6744890504182
 20
-68.64706896826488
 10
420.63951743021835
 20
-68.50236312518481
 10
420.5416670985423
 20
-67.91839249201335
 10
420.437786151611
 20
-67.48043839633743
 10
420.37388687802815
 20
-67.1424266339059
 10
420.1846726375808
 20
-66.30679288475801
 10
420.1846726375808
 20
-66.30679288475801
 10
420.1803855600141
 20
-66.29677581576819
 10
420.01322892145856
 20
-65.43218651123722
 10
419.853947891167
 20
-64.85873659125465
 10
419.7848947066715
 20
-64.53464387457078
 10
419.6621815429355
 20
-64.04422012479614
 10
419.5288080886038
 20
-63.48881192386368
 10
419.40040236501164
 20
-63.08849309641127
 10
419.25018708608553
 20
-62.55346723493717
 10
419.0767644168276
 20
-61.960779813920155
 10
418.92758848305175
 20
-61.44967995755019
 10
418.7461877350837
 20
-60.95748006109744
 10
418.592869199712
 20
-60.470065102879516
 10
418.443431870269
 20
-60.0445272465909
 10
418.1944640114317
 20
-59.31201147149298
 10
417.8317167221976
 20
-58.45155922870104
 10
417.79230281377403
 20
-58.34371958466005
 10
417.76466986364244
 20
-58.274718022845136
 10
417.2672236507169
 20
-57.07037414382249
 10
416.9381892935684
 20
-56.402000337789715
 10
416.73774801564025
 20
-55.98892536838045
 10
416.4072615815116
 20
-55.37029068280792
 10
416.2441036106108
 20
-55.04480570578443
 10
416.1585057248139
 20
-54.8744617470922
 10
415.59334131348464
 20
-53.84007159414415
 10
415.1919914844541
 20
-53.19733217245755
 10
414.952226175419
 20
-52.809611786444435
 10
414.51291945083943
 20
-52.17082578604244
 10
414.3703959388004
 20
-51.94356904185905
 10
414.3024244579915
 20
-51.83762287140232
 10
413.5851877821516
 20
-50.78391142634365
 10
413.22736422359276
 20
-50.32656514431119
 10
412.77168190910487
 20
-49.72320305331634
 10
412.16358066243106
 20
-48.99048087632616
 10
411.9256895562609
 20
-48.698043563553426
 10
411.1056858434479
 20
-47.743745062483654
 10
411.07374813105275
 20
-47.70279090893496
 10
410.94641193917676
 20
-47.55040992622146
 10
410.3405961998289
 20
-46.8062185163576
 10
410.2168586612807
 20
-46.657986947745954
 10
409.34985195406284
 20
-45.66641826453997
 10
409.0852330989834
 20
-45.394418272078866
 10
408.361003307682
 20
-44.62436310339011
 10
407.9787959119506
 20
-44.2439510177159
 10
407.36106593360535
 20
-43.60802184855267
 10
406.87427608436997
 20
-43.14439170640816
 10
406.3441896794465
 20
-42.62023316482292
 10
405.76398252969364
 20
-42.08675264574576
 10
405.32436964677237
 20
-41.669148618100394
 10
404.6493464649252
 20
-41.075872495499866
 10
404.3001819837015
 20
-40.75005677974552
 10
403.5315648334011
 20
-40.09113048706237
 10
403.2755084065668
 20
-39.85866321335715
 10
402.42893260779124
 20
-39.140879865003214
 10
402.2443180501731
 20
-38.97742935415134
 10
401.33247308719547
 20
-38.20597423433627
 10
401.1774065744256
 20
-38.074179244004526
 10
400.23121539649264
 20
-37.294499536375355
 10
400.0954780700987
 20
-37.183700712715876
 10
399.10534386303664
 20
-36.4059774735389
 10
399.0057270333625
 20
-36.32199573952488
 10
397.9739115076939
 20
-35.53776977954887
 10
397.9078188335507
 20
-35.49050317489643
 10
396.80688154336406
 20
-34.69986739039838
 10
396.80688154336406
 20
-34.69986739039838
 10
396.7782335694844
 20
-34.67720690329385
 10
395.84466010805346
 20
-33.904593577788475
 10
395.79299923903517
 20
-33.86495925087095
 10
394.658887104674
 20
-33.08130226564185
 10
394.5476746124567
 20
-33.001159248764395
 10
393.50225366013916
 20
-32.301813271490516
 10
393.3273198575398
 20
-32.190648786055675
 10
392.35952066071826
 20
-31.553175272134723
 10
392.1188161773822
 20
-31.403031221865092
 10
391.20232764413873
 20
-30.807381357887323
 10
390.91666954379747
 20
-30.63178676947024
 10
390.02750633584674
 20
-30.06707937241478
 10
389.71292448872276
 20
-29.876471240175135
 10
388.83835827804506
 20
-29.337342997801812
 10
388.50039912824116
 20
-29.142842076390252
 10
387.64485722433034
 20
-28.630180202222505
 10
387.2900555610812
 20
-28.42866918984106
 10
386.4398028309759
 20
-27.93912187288811
 10
386.0702669388506
 20
-27.73378221470267
 10
385.2241323928669
 20
-27.251752903111452
 10
384.84016996671494
 20
-27.047644522756627
 10
384.0017350533725
 20
-26.575797959597793
 10
383.6099197450969
 20
-26.366468545134467
 10
382.7691593847995
 20
-25.907404802261254
 10
382.3703112993297
 20
-25.698235668239647
 10
381.54091969753125
 20
-25.256114706519327
 10
381.1334801999249
 20
-25.04457888458134
 10
380.3065208663564
 20
-24.610882607051536
 10
379.88890538386624
 20
-24.39983456212076
 10
379.0648672375319
 20
-23.9777803362513
 10
378.64062689571495
 20
-23.76594878866024
 10
377.8198884357871
 20
-23.353419773295826
 10
377.3843665279412
 20
-23.146077586715194
 10
376.5703703850765
 20
-22.74247804356895
 10
376.1397270048965
 20
-22.532243264020195
 10
375.3278417865358
 20
-22.143329538847752
 10
374.89053713746983
 20
-21.932151531610685
 10
374.0758918021744
 20
-21.545871654854636
 10
373.6368299516869
 20
-21.344196546791125
 10
372.8269019707445
 20
-20.95347809192873
 10
372.40154730544543
 20
-20.755145841737033
 10
371.57071497030006
 20
-20.3621456558638
 10
371.1577770910321
 20
-20.169331487029638
 10
370.3127276536287
 20
-19.780255421400398
 10
369.92066193868635
 20
-19.598985825176356
 10
369.04330579743635
 20
-19.204607972651814
 10
368.68777143521913
 20
-19.042341481492684
 10
367.78954984683344
 20
-18.645896827055367
 10
367.4438541718713
 20
-18.48989438597397
 10
366.5343803989198
 20
-18.09444479008846
 10
366.2158623493427
 20
-17.953294028220682
 10
365.28746990299686
 20
-17.554607593287045
 10
364.98085070615485
 20
-17.418979121104456
 10
364.0547404343968
 20
-17.020916509203857
 10
363.7574975624189
 20
-16.893948229254022
 10
362.8234726963303
 20
-16.485931996975125
 10
362.55100230341935
 20
-16.358614386070144
 10
361.6248700661966
 20
-15.920515031067794
 10
361.3745218371878
 20
-15.79776433392891
 10
360.4615296854899
 20
-15.31607591183581
 10
360.2343326306731
 20
-15.190001601972995
 10
360.141305240841
 20
-15.165489918081732
  0
LWPOLYLINE
  5
165
330
17
100
AcDbEntity
  8
CUCITURA
100
AcDbPolyline
 90
163
 70
0
 10
361.06181414698295
 20
-17.28339414874489
 10
360.8133152301276
 20
-17.934156847082647
 10
360.5947385623867
 20
-18.612948696829022
 10
360.4188117634319
 20
-19.28462444793746
 10
360.2897079374225
 20
-20.01045627964936
 10
360.14094632735663
 20
-20.843828941311074
 10
359.93699182463155
 20
-21.699211120467282
 10
359.70654171091854
 20
-22.522193010119395
 10
359.4840972756031
 20
-23.229296204691593
 10
359.3443948786405
 20
-23.930560554419458
 10
359.20036004026235
 20
-24.659016985435755
 10
359.11190432010136
 20
-25.362554232814148
 10
359.0479943860288
 20
-26.159566019758017
 10
358.94195851917425
 20
-27.016117516247334
 10
358.80677339882834
 20
-27.86740061902418
 10
358.6456604101395
 20
-28.668022581626047
 10
358.5091842845294
 20
-29.432177646588627
 10
358.38138652355275
 20
-30.18769885475797
 10
358.28102412400756
 20
-30.939659456356537
 10
358.1954381422239
 20
-31.68693825649575
 10
358.1416501229082
 20
-32.442171607836826
 10
358.0973158750476
 20
-33.19802557808583
 10
358.08406446351825
 20
-34.00174699067165
 10
358.02654319116533
 20
-34.91562523118054
 10
357.8877939090051
 20
-35.78092023333883
 10
357.76806307822403
 20
-36.547488015172235
 10
357.6689940792378
 20
-37.310481134058065
 10
357.5805121021356
 20
-38.07853776981206
 10
357.50822441582227
 20
-38.84673998151385
 10
357.44877944754893
 20
-39.61432888018085
 10
357.40658479910115
 20
-40.38963613278125
 10
357.3708571861809
 20
-41.16597006649057
 10
357.3507280532094
 20
-41.98583074007293
 10
357.28233569926357
 20
-42.926615604334216
 10
357.10609077057273
 20
-43.79793604146958
 10
356.9777787364444
 20
-44.50136340851117
 10
356.9085868836913
 20
-45.231336358781164
 10
356.83480768749354
 20
-46.01975078651482
 10
356.76811519718217
 20
-46.80941280970056
 10
356.70356140957006
 20
-47.59460956120073
 10
356.6506614140299
 20
-48.381380362508196
 10
356.598675192379
 20
-49.170442496164156
 10
356.55639042346206
 20
-49.956790536587874
 10
356.51813489246376
 20
-50.74988629291984
 10
356.4826885193876
 20
-51.548019759866605
 10
356.44497260902654
 20
-52.379960135251
 10
356.3742158432942
 20
-53.22775508101054
 10
356.2873979706616
 20
-54.03699474893325
 10
356.2105049143322
 20
-54.810868763967605
 10
356.14959217709406
 20
-55.59278740694975
 10
356.08821738198003
 20
-56.38409209074119
 10
356.03430002756244
 20
-57.175397479931505
 10
355.9812939744628
 20
-57.96613534018702
 10
355.93626428217175
 20
-58.75858534162515
 10
355.8902673362564
 20
-59.56228818068084
 10
355.84138258929744
 20
-60.3605840703658
 10
355.7977105754825
 20
-61.153909381156026
 10
355.75592733709476
 20
-61.95037551536164
 10
355.71599255632566
 20
-62.74764866346233
 10
355.677378340763
 20
-63.545695909354066
 10
355.6400060573823
 20
-64.34246604439781
 10
355.6052912957412
 20
-65.14005564873264
 10
355.57092863051764
 20
-65.94065163180352
 10
355.5363044831614
 20
-66.74050974383465
 10
355.5030215473867
 20
-67.53722905881386
 10
355.4725101239913
 20
-68.33721766466435
 10
355.43999745438384
 20
-69.13848843756237
 10
355.40918365017484
 20
-69.93567669321588
 10
355.38065024049314
 20
-70.7303801143815
 10
355.3560887712979
 20
-71.52911763534054
 10
355.32968866639845
 20
-72.33187758214034
 10
355.3035224264028
 20
-73.12835337902777
 10
355.2820101835342
 20
-73.92205903420435
 10
355.2632850618912
 20
-74.72134019345044
 10
355.2435690447473
 20
-75.52359064756406
 10
355.22394654343736
 20
-76.31941905755295
 10
355.2097990689372
 20
-77.11572873141453
 10
355.19515863531427
 20
-77.91662180676099
 10
355.18150724642607
 20
-78.71182632210073
 10
355.1731221918723
 20
-79.5080169360974
 10
355.1646748070377
 20
-80.30928898686514
 10
355.15646655822167
 20
-81.10726974625494
 10
355.15155570909536
 20
-81.90435231400608
 10
355.1477539086097
 20
-82.70473675183943
 10
355.14395470508225
 20
-83.50421798052854
 10
355.1421914721947
 20
-84.29667096064932
 10
355.1474392321609
 20
-85.09114420111132
 10
355.15274178356555
 20
-85.89731835132122
 10
355.15333083931364
 20
-86.69580847463234
 10
355.1615760415407
 20
-87.48916619235067
 10
355.1703032709087
 20
-88.28948875587974
 10
355.1797087965367
 20
-89.08611419050565
 10
355.19322853689437
 20
-89.88300582835166
 10
355.20716402860165
 20
-90.68116678946906
 10
355.22392389549555
 20
-91.47866982139664
 10
355.24180854190627
 20
-92.28180924317016
 10
355.2567814489547
 20
-93.08089397240265
 10
355.2767660720828
 20
-93.87541394460293
 10
355.2984698148761
 20
-94.67382700146896
 10
355.3213571966238
 20
-95.47221565740364
 10
355.3458646364774
 20
-96.27060723998008
 10
355.3714028247293
 20
-97.06595934534954
 10
355.40172305212525
 20
-97.86573088756245
 10
355.4287369436419
 20
-98.66986688433502
 10
355.45582180960713
 20
-99.46535207420635
 10
355.48815374548406
 20
-100.2624373709775
 10
355.51894575320233
 20
-101.05667612793829
 10
355.5578295481855
 20
-101.85097001616711
 10
355.59523653611905
 20
-102.65267913195106
 10
355.63333843164065
 20
-103.45303986653782
 10
355.670810754827
 20
-104.25072940409024
 10
355.7114292756973
 20
-105.04246501496775
 10
355.75748209844835
 20
-105.83726033525474
 10
355.8036562462381
 20
-106.63246209449946
 10
355.8546485825698
 20
-107.4268095604852
 10
355.9057044421214
 20
-108.2127930960707
 10
355.96984629132953
 20
-108.99784936881349
 10
356.03740126746214
 20
-109.81962715147547
 10
356.08133198419324
 20
-110.64984449393137
 10
356.11711436103656
 20
-111.44768559817356
 10
356.1614697918816
 20
-112.23471445838858
 10
356.21077892443213
 20
-113.03719022298512
 10
356.25278904182244
 20
-113.82763914400535
 10
356.31103792176214
 20
-114.61538569757914
 10
356.3645531289212
 20
-115.40535779139239
 10
356.4322850265684
 20
-116.19162355082054
 10
356.4982844485407
 20
-116.9838392801977
 10
356.5725930258192
 20
-117.77133209108881
 10
356.64749655288466
 20
-118.54788335586828
 10
356.7426290668875
 20
-119.33091966546463
 10
356.83779065572026
 20
-120.18172555830066
 10
356.8827572776113
 20
-121.03029974423663
 10
356.92282140308845
 20
-121.80704169617735
 10
356.98680706761866
 20
-122.58574387370672
 10
357.04700515741075
 20
-123.36926329551719
 10
357.1262738467718
 20
-124.14808442840979
 10
357.2043406815843
 20
-124.92744202242139
 10
357.30095909521054
 20
-125.70109140362263
 10
357.40047856792415
 20
-126.47962689419455
 10
357.51315407119637
 20
-127.25138608290605
 10
357.63254938085106
 20
-128.02022437255147
 10
357.7724283468195
 20
-128.8152082426089
 10
357.89813435837925
 20
-129.67139502099732
 10
357.9757809819745
 20
-130.50304534819634
 10
358.05256137998657
 20
-131.24876755057693
 10
358.17251690911405
 20
-132.00158251961795
 10
358.2889435116449
 20
-132.764083273448
 10
358.43581284830503
 20
-133.5060014840742
 10
358.5949586640422
 20
-134.25942309910573
 10
358.77587238878573
 20
-135.01665830168713
 10
358.98227181502415
 20
-135.88364819010192
 10
359.08752266914723
 20
-136.72941532110403
 10
359.2124259686197
 20
-137.45324286468653
 10
359.36154124034545
 20
-138.17137038054645
 10
359.55323912167796
 20
-138.9055498814316
 10
359.74445355619446
 20
-139.6314454865218
 10
359.9701588473339
 20
-140.3150605768906
 10
360.26112866552967
 20
-141.09108250259797
 10
360.51530600529316
 20
-141.9601463987405
 10
360.69268800602975
 20
-142.73947479767284
 10
360.88727578452256
 20
-143.40402294716162
 10
361.1296415090031
 20
-144.04838617654485
 10
361.4142541704154
 20
-144.675177368786
  0
LWPOLYLINE
  5
166
330
17
100
AcDbEntity
  8
CUCITURA
100
AcDbPolyline
 90
163
 70
0
 10
362.900802872788
 20
-18.069600525189287
 10
362.6997957535186
 20
-18.59837912528971
 10
362.5149587524364
 20
-19.172193206614736
 10
362.37211621571055
 20
-19.714277466905713
 10
362.25854907259884
 20
-20.362116036285954
 10
362.09899538620954
 20
-21.251313766948897
 10
361.87290631395035
 20
-22.201441237092723
 10
361.62435670599
 20
-23.08963079937834
 10
361.42151262504996
 20
-23.725705072186713
 10
361.3058017102359
 20
-24.321563420100432
 10
361.174843755001
 20
-24.977472728407747
 10
361.1013222125601
 20
-25.56802065139624
 10
361.03766084912144
 20
-26.36261125029617
 10
360.9222936044207
 20
-27.295890549511853
 10
360.775132279982
 20
-28.221749761796445
 10
360.6104734953101
 20
-29.04153234099317
 10
360.47965306334265
 20
-29.774599596414163
 10
360.358902373331
 20
-30.486749124572157
 10
360.2658453947053
 20
-31.185595471177237
 10
360.18687182562235
 20
-31.871848733824777
 10
360.1374461749713
 20
-32.57177916382483
 10
360.09592509963164
 20
-33.27259881328243
 10
360.0825641191083
 20
-34.07920101965843
 10
360.0141812122124
 20
-35.137650223665915
 10
359.8628736071999
 20
-36.095658514738886
 10
359.747930709807
 20
-36.83055013098797
 10
359.6541436918249
 20
-37.55375261953269
 10
359.5696535940178
 20
-38.28666303322984
 10
359.5009107556065
 20
-39.017623424940055
 10
359.4444442118983
 20
-39.74594251296401
 10
359.40406677239173
 20
-40.48996442579599
 10
359.3696304261297
 20
-41.23600959293563
 10
359.34855289179296
 20
-42.07908262658836
 10
359.26375834196426
 20
-43.19857940889838
 10
359.06968206551545
 20
-44.177816583778935
 10
358.95890078802864
 20
-44.77550829124043
 10
358.89960287772595
 20
-45.42069134682812
 10
358.82693048737224
 20
-46.19708310224841
 10
358.7612093158449
 20
-46.97547254037565
 10
358.6980013997192
 20
-47.74363682613489
 10
358.64624456094833
 20
-48.514225775432706
 10
358.595106000327
 20
-49.289874606905485
 10
358.55379237696604
 20
-50.05869949663793
 10
358.5159921229783
 20
-50.8424416087086
 10
358.4806937354854
 20
-51.63732349128931
 10
358.4408508944737
 20
-52.50829512533667
 10
358.36515139952155
 20
-53.4179539531154
 10
358.2768049885482
 20
-54.2425664327409
 10
358.20269637747873
 20
-54.987428029275364
 10
358.14357014519817
 20
-55.747874036661514
 10
358.08293163128735
 20
-56.5294023230385
 10
358.0297480898171
 20
-57.31025678010883
 10
357.9774700099132
 20
-58.08975263466279
 10
357.93301883202196
 20
-58.872476814758855
 10
357.88676848013364
 20
-59.68053868806588
 10
357.8380104730357
 20
-60.47667495665205
 10
357.79482679158895
 20
-61.26127240721527
 10
357.75330334316163
 20
-62.05279177573232
 10
357.71357258151903
 20
-62.846005376239546
 10
357.6751122271378
 20
-63.64087636548936
 10
357.6379648122326
 20
-64.43280326771657
 10
357.603425563003
 20
-65.22642375623923
 10
357.5690732291475
 20
-66.02678038987139
 10
357.5344981522765
 20
-66.8254924521251
 10
357.5014269098304
 20
-67.61707896398751
 10
357.4709627730806
 20
-68.4158752094255
 10
357.43842999017465
 20
-69.21765534916484
 10
357.40779560680204
 20
-70.01017667191901
 10
357.3795404379887
 20
-70.79699826773627
 10
357.35507691346993
 20
-71.59272901369114
 10
357.32860936418564
 20
-72.39757418751694
 10
357.30262446448097
 20
-73.18827867712186
 10
357.28137194775206
 20
-73.97258166065707
 10
357.2627091498916
 20
-74.76933307129633
 10
357.2429636413191
 20
-75.57279681790278
 10
357.22349678134583
 20
-76.36183186316822
 10
357.20947410424753
 20
-77.1517808209036
 10
357.1948447756459
 20
-77.95205258667711
 10
357.18131547162585
 20
-78.73952221391464
 10
357.1730110578645
 20
-79.52910066632631
 10
357.16456640097135
 20
-80.33011235147289
 10
357.15639893767997
 20
-81.12371594929402
 10
357.1515259241396
 20
-81.91526739237945
 10
357.147731342047
 20
-82.7142375802918
 10
357.14394260311064
 20
-83.51117554762956
 10
357.14218667909284
 20
-84.29229233251169
 10
357.14739585990304
 20
-85.07797274901495
 10
357.15272832144973
 20
-85.88998021245104
 10
357.15329991711246
 20
-86.68468697075306
 10
357.1614629019344
 20
-87.46789307258305
 10
357.1701742574465
 20
-88.26677230359466
 10
357.17950187198596
 20
-89.05734519008499
 10
357.19293239096305
 20
-89.84858932035135
 10
357.206794047246
 20
-90.6426987698096
 10
357.2234556887805
 20
-91.4353961845901
 10
357.2413881025646
 20
-92.24080216332385
 10
357.25630008230314
 20
-93.03701647369883
 10
357.27608189747474
 20
-93.82310495553489
 10
357.29769045034203
 20
-94.6179982389248
 10
357.32047679052334
 20
-95.41287891257451
 10
357.34487900823206
 20
-96.20782554265892
 10
357.3701781106654
 20
-96.99597823124853
 10
357.4004463491777
 20
-97.79428033249086
 10
357.42759386595327
 20
-98.60225768283127
 10
357.45443156206585
 20
-99.39079298772576
 10
357.4865816115247
 20
-100.18315266733202
 10
357.51702476378614
 20
-100.96903899274793
 10
357.5555492218694
 20
-101.75549171823246
 10
357.59301881670075
 20
-102.55851990832514
 10
357.6311055286633
 20
-103.35855904280206
 10
357.66839990878964
 20
-104.15255826795078
 10
357.70845257300516
 20
-104.93338729034139
 10
357.754126141168
 20
-105.72144769919012
 10
357.7999298731035
 20
-106.51043092355604
 10
357.85048766095287
 20
-107.29786626597536
 10
357.90034939560485
 20
-108.06653473035057
 10
357.96315170362317
 20
-108.83434544433172
 10
358.03285319433166
 20
-109.68482504632638
 10
358.0789556023409
 20
-110.552377164951
 10
358.11455918745344
 20
-111.34662044383975
 10
358.1580103330539
 20
-112.11713100948771
 10
358.2074984527078
 20
-112.92268640033018
 10
358.2487645136808
 20
-113.70082465059113
 10
358.30603969651634
 20
-114.47407781128923
 10
358.3586605274974
 20
-115.25194435344227
 10
358.4251493455004
 20
-116.02282838996615
 10
358.49043965297597
 20
-116.80687136942986
 10
358.5635401783058
 20
-117.5812546437015
 10
358.6357274788202
 20
-118.33123205734078
 10
358.7290743159939
 20
-119.09846478317039
 10
358.8310462543323
 20
-120.01761547755731
 10
358.880061355825
 20
-120.92649021119243
 10
358.91836588111727
 20
-121.67361667525287
 10
358.9805229161648
 20
-122.42732318296228
 10
359.0390801960322
 20
-123.19139525313393
 10
359.11615581109044
 20
-123.94716213477524
 10
359.19180097291047
 20
-124.70383166845289
 10
359.2851902176047
 20
-125.45043855021285
 10
359.3819931638914
 20
-126.20833386817162
 10
359.49083642720564
 20
-126.95343894207451
 10
359.6056483108208
 20
-127.69329836784691
 10
359.7467952319566
 20
-128.49602897812906
 10
359.88391139782715
 20
-129.4332993477868
 10
359.96620648364626
 20
-130.30758097217188
 10
360.03560829431984
 20
-130.98891194537794
 10
360.1486556204794
 20
-131.69356337501296
 10
360.2589204557203
 20
-132.41884300955718
 10
360.3952892856061
 20
-133.10543676812702
 10
360.5461754920132
 20
-133.82038677914719
 10
360.72065831375534
 20
-134.54995957012662
 10
360.9503069443485
 20
-135.5275053399065
 10
361.0662657046679
 20
-136.43859579050417
 10
361.17725886375524
 20
-137.07983732885018
 10
361.3089057866784
 20
-137.71555098244514
 10
361.4877372149254
 20
-138.39789140644865
 10
361.66183478667995
 20
-139.06254372261003
 10
361.856308355037
 20
-139.64989891639655
 10
362.15833892150766
 20
-140.45815814328483
 10
362.45119546641195
 20
-141.45781981739214
 10
362.62821486367034
 20
-142.23575286708814
 10
362.7842193075626
 20
-142.77029960815912
 10
362.9771709506467
 20
-143.28246518697742
 10
363.20318653869066
 20
-143.78090616733917
  0
LWPOLYLINE
  5
167
330
17
100
AcDbEntity
  8
ASSE
100
AcDbPolyline
 90
21
 70
0
 10
364.78582542655874
 20
-80.66409346093107
 10
365.6567577056355
 20
-80.61570577906676
 10
366.1109415356023
 20
-80.5904720115266
 10
366.11094153642796
 20
-80.59047201148321
 10
367.4257324409198
 20
-80.51880277133549
 10
367.4257324428427
 20
-80.51880277123651
 10
368.02542511393915
 20
-80.48686657205386
 10
368.73007807731267
 20
-80.44934078846549
 10
368.7300780795887
 20
-80.44934078834054
 10
370.0238681431239
 20
-80.38233450775456
 10
370.02386814359795
 20
-80.38233450772927
 10
371.3070023565423
 20
-80.31802585602526
 10
371.3070023584141
 20
-80.31802585592872
 10
372.19384417314086
 20
-80.27524774243126
 10
372.5793908003339
 20
-80.2566503363278
 10
372.5793908011411
 20
-80.2566503362916
 10
373.2244734078803
 20
-80.22688383811678
 10
373.84095432131124
 20
-80.19843712789113
 10
373.84095432209097
 20
-80.19843712785408
 10
374.33246381266673
 20
-80.17688989820103
 10
375.09162487358304
 20
-80.14360912125116
  0
LWPOLYLINE
  5
168
330
17
100
AcDbEntity
  8
ASSE
100
AcDbPolyline
 90
92
 70
0
 10
375.09162487358304
 20
-80.14360912125115
 10
375.0916248747769
 20
-80.1436091212033
 10
376.33134595608385
 20
-80.0923831914105
 10
376.3313459569045
 20
-80.09238319137985
 10
376.6686058513913
 20
-80.07936943637016
 10
377.56007318001645
 20
-80.04497063115889
 10
377.5600731822124
 20
-80.04497063107085
 10
378.4676404469927
 20
-80.01262816600939
 10
378.7777754281699
 20
-80.00157605980797
 10
378.77777542891346
 20
-80.00157605978482
 10
379.98431440876794
 20
-79.9621871064564
 10
379.98431441015697
 20
-79.9621871064178
 10
381.1790842216043
 20
-79.92560852355115
 10
381.1790842228882
 20
-79.92560852351866
 10
381.97359381070635
 20
-79.90277091878525
 10
382.3623224146924
 20
-79.89159719559191
 10
382.362322415332
 20
-79.89159719557082
 10
383.53437993627233
 20
-79.86010892759728
 10
383.534379938112
 20
-79.86010892753936
 10
384.24046673935004
 20
-79.84245979612643
 10
384.69557545243725
 20
-79.83108403683609
 10
384.695575453608
 20
-79.83108403681462
 10
385.84620319249024
 20
-79.8044560369282
 10
385.8462031930738
 20
-79.80445603691881
 10
386.08268964877544
 20
-79.79941725851954
 10
386.98654044585896
 20
-79.78015905676641
 10
386.9865404481511
 20
-79.78015905670452
 10
387.90743372560985
 20
-79.76221758212323
 10
388.1168551987348
 20
-79.75813748931344
 10
388.11685519924873
 20
-79.75813748930734
 10
389.23741436689625
 20
-79.73836404486669
 10
389.2374143689161
 20
-79.73836404484685
 10
389.9953284278365
 20
-79.72639315166154
 10
390.3484815502125
 20
-79.72081526553899
 10
390.34848155118345
 20
-79.72081526551733
 10
390.8009583926256
 20
-79.71453504137773
 10
391.4503367140414
 20
-79.70552189188295
 10
391.45033671541375
 20
-79.70552189187525
 10
392.543275180058
 20
-79.69249346291913
 10
392.5432751821375
 20
-79.69249346291221
 10
393.131162310316
 20
-79.68662475124515
 10
393.6276062746498
 20
-79.68166889091827
 10
393.6276062764804
 20
-79.68166889088657
 10
394.70365143716407
 20
-79.67297092342966
 10
394.7036514396942
 20
-79.67297092339001
 10
395.77175320133006
 20
-79.66632480598658
 10
395.7717532018736
 20
-79.66632480597902
 10
396.8321545452689
 20
-79.66180588810667
 10
396.8321545463114
 20
-79.66180588809411
 10
397.88480927323275
 20
-79.65955348463248
 10
397.8848092737977
 20
-79.65955348462664
 10
398.9297973638117
 20
-79.6593000188356
 10
398.929797364778
 20
-79.65930001882708
 10
399.254729538183
 20
-79.65974487286516
 10
399.9672139841807
 20
-79.66072031204939
 10
399.96721398623913
 20
-79.66072031207295
 10
400.77652269514635
 20
-79.66284099197671
 10
400.99728665618187
 20
-79.6634194729498
 10
400.9972866567985
 20
-79.66341947294663
 10
401.3541634136427
 20
-79.66471869241258
 10
402.0306184650794
 20
-79.66718134527206
 10
402.03061846620795
 20
-79.66718134528601
 10
402.7153257785644
 20
-79.67020620860907
 10
403.07655617299844
 20
-79.67180203290806
 10
403.0765561736869
 20
-79.6718020329078
 10
404.13796565223566
 20
-79.67699137646727
 10
404.13796565297093
 20
-79.67699137646827
 10
404.3485142207717
 20
-79.67806238827728
 10
405.217479966842
 20
-79.68248261578476
 10
405.217479969733
 20
-79.68248261581012
 10
405.7434140285663
 20
-79.68512923609204
 10
406.3179638017561
 20
-79.68802050172906
 10
406.31796380564214
 20
-79.68802050174229
 10
407.4430635101832
 20
-79.6933438325154
 10
407.4430635113036
 20
-79.69334383251956
 10
408.597989447466
 20
-79.69815827331274
 10
408.5979894505604
 20
-79.69815827332363
 10
409.1407125607695
 20
-79.6999481953026
 10
409.79082606493165
 20
-79.7020922949791
 10
409.79082606833344
 20
-79.70209229498997
 10
410.32218668505834
 20
-79.70317223767077
 10
411.03507805943275
 20
-79.70462112528676
 10
411.035078066428
 20
-79.70462112529314
 10
411.7962264313335
 20
-79.70479418410923
 10
412.3554679160386
 20
-79.70492133627815
 10
412.3554679205291
 20
-79.70492133627661
 10
413.4759804062127
 20
-79.7022849823286
 10
413.8042255416625
 20
-79.70151268360648
 10
413.8042255449363
 20
-79.70151268358254
 10
415.5265926190912
 20
-79.69062866204322
 10
419.1693053120468
 20
-79.68019393530635
 10
419.16930531507904
 20
-79.68019393529863
  0
TEXT
  5
169
330
17
100
AcDbEntity
  8
TESTO
100
AcDbText
 10
387.8326040507248
 20
-72.09029028993726
 30
0.0
 40
4.0
  1
PUNTALE
 72
1
 11
387.8326040507248
 21
-72.09029028993726
 31
0.0
100
AcDbText
 73
2
  0
TEXT
  5
16A
330
17
100
AcDbEntity
  8
TESTO
100
AcDbText
 10
387.8326040507248
 20
-78.89029028993725
 30
0.0
 40
2.6
  1
Oxford cap-toe tg 42 - destra
 72
1
 11
387.8326040507248
 21
-78.89029028993725
 31
0.0
100
AcDbText
 73
2
  0
TEXT
  5
16B
330
17
100
AcDbEntity
  8
TESTO
100
AcDbText
 10
387.8326040507248
 20
-83.31029028993726
 30
0.0
 40
2.6
  1
vitello box 1,3 mm
 72
1
 11
387.8326040507248
 21
-83.31029028993726
 31
0.0
100
AcDbText
 73
2
  0
TEXT
  5
16C
330
17
100
AcDbEntity
  8
TESTO
100
AcDbText
 10
387.8326040507248
 20
-87.73029028993726
 30
0.0
 40
2.6
  1
tagliare 2 per paio (dx + sx speculare)
 72
1
 11
387.8326040507248
 21
-87.73029028993726
 31
0.0
100
AcDbText
 73
2
  0
LWPOLYLINE
  5
16D
330
17
100
AcDbEntity
  8
TESTO
100
AcDbPolyline
 90
2
 70
0
 10
372.8326040507248
 20
-97.09029028993726
 10
402.8326040507248
 20
-97.09029028993726
  0
LWPOLYLINE
  5
16E
330
17
100
AcDbEntity
  8
TESTO
100
AcDbPolyline
 90
3
 70
0
 10
398.8326040507248
 20
-95.09029028993726
 10
402.8326040507248
 20
-97.09029028993726
 10
398.8326040507248
 20
-99.09029028993726
  0
TEXT
  5
16F
330
17
100
AcDbEntity
  8
TESTO
100
AcDbText
 10
387.8326040507248
 20
-94.09029028993726
 30
0.0
 40
2.2
  1
verso del tiro
 72
1
 11
387.8326040507248
 21
-94.09029028993726
 31
0.0
100
AcDbText
 73
2
  0
LWPOLYLINE
  5
170
330
17
100
AcDbEntity
  8
TAGLIO
100
AcDbPolyline
 90
28
 70
0
 10
505.0653129300369
 20
-451.19576238979414
 10
506.9578550230921
 20
-424.3219894160047
 10
507.57902123204633
 20
-416.7838278169935
 10
508.6896754395655
 20
-404.4121120135287
 10
509.4443457464344
 20
-394.9378746898579
 10
509.84379619094346
 20
-388.23506037692323
 10
509.9143630110361
 20
-385.4070550384342
 10
509.924943870548
 20
-381.5156075966994
 10
515.9331829637226
 20
-381.6555529638154
 10
520.9770862954106
 20
-381.67316499728213
 10
528.6815109157719
 20
-381.509522064639
 10
528.6631451009997
 20
-383.7943209652348
 10
528.8402808039489
 20
-390.15744597090554
 10
528.9891448761733
 20
-393.20981363102476
 10
529.4557278434045
 20
-400.0829588507013
 10
529.88435444442
 20
-405.44378511051247
 10
531.3238378449234
 20
-421.01251842810444
 10
532.3690307109986
 20
-433.96967675060927
 10
533.9904937414098
 20
-451.42920102988785
 10
530.0048643129884
 20
-450.8048182578298
 10
528.494982636715
 20
-450.50432427752463
 10
526.6819075461658
 20
-450.38306927361566
 10
519.4015239832918
 20
-450.4411718830553
 10
511.88524111707756
 20
-450.37117491071194
 10
510.9651648897949
 20
-450.3971795064868
 10
509.93380452825755
 20
-450.4820081722507
 10
508.22946488297055
 20
-450.7898526274793
 10
505.0653129300369
 20
-451.19576238979414
  0
LWPOLYLINE
  5
171
330
17
100
AcDbEntity
  8
MONTAGGIO
100
AcDbPolyline
 90
34
 70
0
 10
506.19366952530277
 20
-434.91989556148826
 10
506.68978989323324
 20
-434.80656274483783
 10
507.04246253335225
 20
-434.7388554596971
 10
507.8259297703968
 20
-434.61786078951087
 10
508.571053018728
 20
-434.5348143614614
 10
509.00182309581527
 20
-434.48918774266093
 10
510.0817646217689
 20
-434.4211014435874
 10
510.25657736643933
 20
-434.41081915862026
 10
511.4488896133413
 20
-434.37711179798754
 10
511.59133662563056
 20
-434.3673633798304
 10
511.61246031870877
 20
-434.3685718522243
 10
513.1643481819012
 20
-434.38063227102725
 10
513.3426692151769
 20
-434.38152149552093
 10
515.1370134853523
 20
-434.404627428905
 10
515.6719403675663
 20
-434.41635439783596
 10
519.3240290507104
 20
-434.4413595548996
 10
519.8895053621656
 20
-434.4386217085664
 10
523.4953022294445
 20
-434.39957191183817
 10
523.7348739831859
 20
-434.3996524109107
 10
525.4791211748886
 20
-434.37957921926454
 10
525.5823654304462
 20
-434.37655875574296
 10
526.987678587345
 20
-434.3838751437316
 10
527.0388968639298
 20
-434.383626525985
 10
527.0459980378997
 20
-434.3808058842861
 10
528.2454286446853
 20
-434.4283559508996
 10
528.4207079756135
 20
-434.43338546891675
 10
529.3172778562179
 20
-434.50194825455986
 10
529.6646913950925
 20
-434.52574688756977
 10
530.3167200433177
 20
-434.6084100146099
 10
530.8530962233127
 20
-434.66967174860923
 10
531.2498653661179
 20
-434.74289880639276
 10
531.999353953349
 20
-434.87904590340213
 10
532.1415041763717
 20
-434.9129992737907
 10
532.4811339335763
 20
-434.99760190650215
  0
LWPOLYLINE
  5
172
330
17
100
AcDbEntity
  8
CUCITURA
100
AcDbPolyline
 90
63
 70
0
 10
511.4142164596382
 20
-383.13813241011843
 10
511.4142999601406
 20
-383.94953184676467
 10
511.41437855242
 20
-384.76492602134783
 10
511.40997503357886
 20
-385.5950327947312
 10
511.38946777322127
 20
-386.4209439394824
 10
511.3692556827193
 20
-387.23209159814866
 10
511.34873524669615
 20
-388.054048860647
 10
511.3161294262558
 20
-388.8831263872111
 10
511.2756503379507
 20
-389.70254197539145
 10
511.2334752060009
 20
-390.52260349570173
 10
511.18215331807306
 20
-391.3445908787814
 10
511.12739712703143
 20
-392.15282326987347
 10
511.07831798488183
 20
-392.96145865991116
 10
511.0245371877286
 20
-393.7751228490772
 10
510.9707654360574
 20
-394.5879753290979
 10
510.91332658252173
 20
-395.4035263765664
 10
510.8532002225675
 20
-396.21130561578025
 10
510.7975543608962
 20
-397.0226163527098
 10
510.7349518042924
 20
-397.8371141289481
 10
510.67332864392085
 20
-398.6484194262121
 10
510.6083151502364
 20
-399.46226851625806
 10
510.5410586114916
 20
-400.27521357446716
 10
510.471716423947
 20
-401.08444221254086
 10
510.40374800752096
 20
-401.895447635798
 10
510.33175889521146
 20
-402.7044592999902
 10
510.2637730583769
 20
-403.50529718285065
 10
510.2002567215424
 20
-404.31246011408734
 10
510.13301392789447
 20
-405.1270202956739
 10
510.0623010880678
 20
-405.9422868551244
 10
509.9879321285149
 20
-406.7519230283072
 10
509.9160286669683
 20
-407.5603077504659
 10
509.8415593100076
 20
-408.36884489862786
 10
509.7690863321994
 20
-409.17678701699054
 10
509.6949894264285
 20
-409.9837214658945
 10
509.62381418046056
 20
-410.79013836169526
 10
509.55169395334593
 20
-411.59737723917715
 10
509.4812809913319
 20
-412.4067602991124
 10
509.40789557163527
 20
-413.2155017488658
 10
509.33694128182583
 20
-414.0228497645046
 10
509.26397900733116
 20
-414.8380744921253
 10
509.1855453210406
 20
-415.6427916869882
 10
509.1168248109685
 20
-416.4453787211154
 10
509.0449353585965
 20
-417.24795184594194
 10
508.9820557549414
 20
-418.05296434296713
 10
508.91382267697156
 20
-418.8626462220524
 10
508.849155106137
 20
-419.67386691002605
 10
508.777700231028
 20
-420.4900347770306
 10
508.70578390367433
 20
-421.28543970967615
 10
508.6492481912478
 20
-422.08535121278425
 10
508.5853718684104
 20
-422.9029118665365
 10
508.51815316726083
 20
-423.71868591553584
 10
508.44804520489276
 20
-424.51715680344483
 10
508.39228038213497
 20
-425.3226565030199
 10
508.32523222121995
 20
-426.13626591569266
 10
508.26422176915463
 20
-426.93984722740936
 10
508.2031260953996
 20
-427.74852559464586
 10
508.1426548759064
 20
-428.5505447579561
 10
508.0892313580003
 20
-429.3596195667175
 10
508.02845323793395
 20
-430.17385765539194
 10
507.9700246378035
 20
-430.97523185547516
 10
507.9177977321637
 20
-431.7885593369167
 10
507.8546103917591
 20
-432.60179915778076
 10
507.7985181934709
 20
-433.4035731351385
  0
LWPOLYLINE
  5
173
330
17
100
AcDbEntity
  8
CUCITURA
100
AcDbPolyline
 90
64
 70
0
 10
530.8254491806973
 20
-433.53476675016003
 10
530.7604244292747
 20
-432.72955670502085
 10
530.6940984239266
 20
-431.93861638693625
 10
530.6224233057064
 20
-431.14240735178737
 10
530.5539214749504
 20
-430.34137473522884
 10
530.4854889514186
 20
-429.5415130195335
 10
530.4190468233376
 20
-428.73755943220254
 10
530.3569499875268
 20
-427.9357862321842
 10
530.2946414482252
 20
-427.13621858924887
 10
530.2347980522932
 20
-426.34487684700906
 10
530.1652137978158
 20
-425.5478960731077
 10
530.1033745632936
 20
-424.7384710727779
 10
530.0463280868909
 20
-423.9491341112232
 10
529.976397249044
 20
-423.16219847311015
 10
529.9061545225883
 20
-422.3500154929048
 10
529.8503128601948
 20
-421.54421416085324
 10
529.7908467826381
 20
-420.7683428219459
 10
529.7129847937721
 20
-419.9818615955584
 10
529.6401282545266
 20
-419.17663011861106
 10
529.5694383009119
 20
-418.3745543210814
 10
529.5024998700122
 20
-417.5805212908008
 10
529.4284381717816
 20
-416.78641821927664
 10
529.358194551674
 20
-415.9922114199768
 10
529.2811707940076
 20
-415.2044067385434
 10
529.2007961452675
 20
-414.40619022321545
 10
529.1243056695032
 20
-413.60614610565665
 10
529.0473127332447
 20
-412.8092056706048
 10
528.9707988301532
 20
-412.00891166411395
 10
528.8970211448175
 20
-411.2085933127716
 10
528.8239802075387
 20
-410.41029118092933
 10
528.7513188001514
 20
-409.61042816557654
 10
528.6810047467461
 20
-408.8125513167285
 10
528.6090095798336
 20
-408.01631595862045
 10
528.5372960455736
 20
-407.2168240118829
 10
528.4674489168216
 20
-406.42009296579755
 10
528.3947392978818
 20
-405.6198208134234
 10
528.327415337549
 20
-404.81601313638464
 10
528.2610398015593
 20
-404.0147375651077
 10
528.1976404082415
 20
-403.2144678957492
 10
528.1337659010018
 20
-402.41597218194886
 10
528.0708014931972
 20
-401.61587906629103
 10
528.0089254120346
 20
-400.81677853460445
 10
527.946713459101
 20
-400.0147599461208
 10
527.8885539157989
 20
-399.2112188153825
 10
527.8317272572664
 20
-398.40960037592794
 10
527.7773563345595
 20
-397.6144307701927
 10
527.7166610169843
 20
-396.81307384813147
 10
527.6647882086044
 20
-396.00714909989523
 10
527.6116521946067
 20
-395.2076729373312
 10
527.5606680364654
 20
-394.40548475350056
 10
527.5105574772675
 20
-393.60031241927993
 10
527.4657043439861
 20
-392.79113316065764
 10
527.4261287234195
 20
-391.9860974041367
 10
527.387465554488
 20
-391.1852086035113
 10
527.349131395021
 20
-390.37958402343895
 10
527.3166395389619
 20
-389.57596722154034
 10
527.2821591729567
 20
-388.7689630854469
 10
527.2570120391647
 20
-387.9573719842128
 10
527.2347173433584
 20
-387.1499245420048
 10
527.2174080288033
 20
-386.3446035197294
 10
527.2004915926193
 20
-385.54461950576075
 10
527.182764372027
 20
-384.7440939071368
 10
527.1656891187026
 20
-383.927483576708
 10
527.1650967291887
 20
-383.1089605259525
  0
LWPOLYLINE
  5
174
330
17
100
AcDbEntity
  8
ASSE
100
AcDbPolyline
 90
12
 70
0
 10
519.2109861468814
 20
-411.4389022115557
 10
519.210986146881
 20
-411.4389022102039
 10
519.2109861468806
 20
-411.4389022081647
 10
519.21098614688
 20
-411.4389022045538
 10
519.2109861468787
 20
-411.4389021954888
 10
519.2096290742047
 20
-401.87319803256094
 10
519.2096290742418
 20
-401.8731980204354
 10
519.2254091912097
 20
-396.63450428585503
 10
519.2254091912394
 20
-396.6345042770282
 10
519.2406726418611
 20
-392.3132018079369
 10
519.2406726419093
 20
-392.31320179251276
 10
519.2535111676701
 20
-388.4876379142278
  0
LWPOLYLINE
  5
175
330
17
100
AcDbEntity
  8
ASSE
100
AcDbPolyline
 90
11
 70
0
 10
519.241197210372
 20
-418.80205684805776
 10
519.2411972103674
 20
-418.8020568343978
 10
519.2141190704439
 20
-412.20247019444673
 10
519.2109861469024
 20
-411.4389022237378
 10
519.2109861468955
 20
-411.43890222205005
 10
519.2109861468924
 20
-411.438902221323
 10
519.2109861468905
 20
-411.43890222089607
 10
519.2109861468891
 20
-411.43890222060725
 10
519.2109861468881
 20
-411.438902220395
 10
519.2109861468872
 20
-411.43890222023026
 10
519.2109861468865
 20
-411.43890222009725
  0
LWPOLYLINE
  5
176
330
17
100
AcDbEntity
  8
ASSE
100
AcDbPolyline
 90
5
 70
0
 10
519.241197210372
 20
-418.80205684805776
 10
519.2482195240472
 20
-421.9144890565288
 10
519.2482195240448
 20
-421.91448907526893
 10
519.2535991229128
 20
-424.3465094916029
 10
519.2535991228953
 20
-424.34650951174245
  0
LWPOLYLINE
  5
177
330
17
100
AcDbEntity
  8
ASSE
100
AcDbPolyline
 90
7
 70
0
 10
519.2535111676701
 20
-388.4876379142278
 10
519.2535111676855
 20
-388.4876379090615
 10
519.263301990858
 20
-384.985721682133
 10
519.2633019909136
 20
-384.985721671889
 10
519.2715244304721
 20
-381.7186037618948
 10
519.2715244305083
 20
-381.7186037559693
 10
519.2718168021469
 20
-381.6638862345151
  0
LWPOLYLINE
  5
178
330
17
100
AcDbEntity
  8
ASSE
100
AcDbPolyline
 90
7
 70
0
 10
519.2535991228953
 20
-424.34650951174245
 10
519.2594717405017
 20
-426.4360866157355
 10
519.2594717404673
 20
-426.436086633171
 10
519.2667972445465
 20
-428.3123372274236
 10
519.2667972444973
 20
-428.3123372412362
 10
519.2763801261893
 20
-430.04047037631386
 10
519.276380126119
 20
-430.04047038882646
  0
LWPOLYLINE
  5
179
330
17
100
AcDbEntity
  8
TACCHE
100
AcDbPolyline
 90
2
 70
0
 10
519.2718168018328
 20
-381.6638865984449
 10
519.2674819378408
 20
-384.66388346660233
  0
TEXT
  5
17A
330
17
100
AcDbEntity
  8
TESTO
100
AcDbText
 10
519.1121789928186
 20
-415.4372673575881
 30
0.0
 40
4.0
  1
BACCHETTA POSTERIORE
 72
1
 11
519.1121789928186
 21
-415.4372673575881
 31
0.0
100
AcDbText
 73
2
  0
TEXT
  5
17B
330
17
100
AcDbEntity
  8
TESTO
100
AcDbText
 10
519.1121789928186
 20
-422.2372673575881
 30
0.0
 40
2.6
  1
Oxford cap-toe tg 42 - destra
 72
1
 11
519.1121789928186
 21
-422.2372673575881
 31
0.0
100
AcDbText
 73
2
  0
TEXT
  5
17C
330
17
100
AcDbEntity
  8
TESTO
100
AcDbText
 10
519.1121789928186
 20
-426.6572673575881
 30
0.0
 40
2.6
  1
vitello box 1,3 mm
 72
1
 11
519.1121789928186
 21
-426.6572673575881
 31
0.0
100
AcDbText
 73
2
  0
TEXT
  5
17D
330
17
100
AcDbEntity
  8
TESTO
100
AcDbText
 10
519.1121789928186
 20
-431.0772673575881
 30
0.0
 40
2.6
  1
tagliare 2 per paio (dx + sx speculare)
 72
1
 11
519.1121789928186
 21
-431.0772673575881
 31
0.0
100
AcDbText
 73
2
  0
LWPOLYLINE
  5
17E
330
17
100
AcDbEntity
  8
TESTO
100
AcDbPolyline
 90
2
 70
0
 10
519.1121789928186
 20
-455.4372673575881
 10
519.1121789928186
 20
-425.4372673575881
  0
LWPOLYLINE
  5
17F
330
17
100
AcDbEntity
  8
TESTO
100
AcDbPolyline
 90
3
 70
0
 10
517.1121789928186
 20
-429.4372673575881
 10
519.1121789928186
 20
-425.4372673575881
 10
521.1121789928186
 20
-429.4372673575881
  0
TEXT
  5
180
330
17
100
AcDbEntity
  8
TESTO
100
AcDbText
 10
516.1121789928186
 20
-440.4372673575881
 30
0.0
 40
2.2
  1
verso del tiro
 72
1
 11
516.1121789928186
 21
-440.4372673575881
 31
0.0
100
AcDbText
 73
2
  0
LWPOLYLINE
  5
181
330
17
100
AcDbEntity
  8
TAGLIO
100
AcDbPolyline
 90
77
 70
0
 10
17.31799143619125
 20
-499.87113400738735
 10
18.363691323300625
 20
-499.9413912023104
 10
18.930924356881032
 20
-499.7441234664198
 10
23.561001908626494
 20
-500.0320370233576
 10
26.720988441609727
 20
-500.1713873361033
 10
38.57613086652784
 20
-500.558079407723
 10
58.79434650328418
 20
-501.71250037412574
 10
66.37719588732212
 20
-502.04252479332763
 10
71.78079250083874
 20
-502.1778875363724
 10
76.86198963818553
 20
-502.1653551104205
 10
83.7896827321478
 20
-501.9670889612154
 10
96.84275717810253
 20
-501.3179041781783
 10
111.37460460760447
 20
-500.6933481316417
 10
110.6406984140139
 20
-503.484525945025
 10
110.21874300983231
 20
-505.36118164931884
 10
109.51420643660465
 20
-509.1873176039386
 10
109.23969865226998
 20
-511.13779094910257
 10
108.83934039485315
 20
-515.2004525552856
 10
108.7150482189758
 20
-517.3489227437426
 10
108.63881460365279
 20
-519.6528552659898
 10
108.61810114326504
 20
-522.4437730188131
 10
108.64090919773648
 20
-525.2450535563546
 10
108.71804547392948
 20
-527.5488517642183
 10
108.8425306139053
 20
-529.6974467577825
 10
109.21827888082395
 20
-533.5774945228992
 10
109.51449525035774
 20
-535.7112310074033
 10
110.17921840410635
 20
-539.3619792324947
 10
110.63219457423327
 20
-541.4077528395004
 10
111.36083442862297
 20
-544.1991552358181
 10
100.56588907235594
 20
-544.4305424844754
 10
88.96776102688008
 20
-544.9299196900415
 10
82.49527022914586
 20
-545.2817267059935
 10
68.2588418130816
 20
-546.1883200476303
 10
56.3676659469859
 20
-546.7709912733925
 10
40.879852368279195
 20
-547.6921243176864
 10
36.68095100729456
 20
-547.8787878530679
 10
31.794211244975227
 20
-548.0364624789585
 10
23.809538291580374
 20
-548.199888243979
 10
20.706860323672444
 20
-548.3113516933462
 10
18.360387978325537
 20
-548.4635188386405
 10
17.573023062448527
 20
-548.223006611678
 10
16.26994539107985
 20
-548.0006085323442
 10
15.113511412192517
 20
-547.5747750614798
 10
12.19733683117
 20
-546.0724970590643
 10
11.527149531880735
 20
-545.6725707918472
 10
10.181855272201197
 20
-544.621021569481
 10
9.156598478337607
 20
-543.7490080643001
 10
7.340668827850454
 20
-541.8937794399151
 10
5.927074652918979
 20
-540.1743276474826
 10
4.716375267537414
 20
-538.429583366742
 10
3.7658139888832234
 20
-536.8786798097975
 10
2.9078893851310323
 20
-535.3350023401013
 10
1.7232220909648612
 20
-532.5224441087673
 10
0.899674752451373
 20
-530.1313886012729
 10
0.30685577672408504
 20
-527.8344660454178
 10
0.1216681707945283
 20
-526.5258876756665
 10
0.01905689945816047
 20
-524.9049566071945
 10
0.0
 20
-523.2843668083224
 10
0.09783385694995206
 20
-521.3920274850161
 10
0.26113899530450935
 20
-519.9849697631546
 10
0.6759074969491041
 20
-517.873761213647
 10
0.9737776547224731
 20
-516.7196065397197
 10
1.3400287478396158
 20
-515.5616205151874
 10
1.7964804770037537
 20
-514.3576269257582
 10
2.3530000519457372
 20
-513.087317379083
 10
3.038336490927242
 20
-511.74411543516203
 10
3.8500827590929982
 20
-510.3092699650051
 10
4.412851136271864
 20
-509.42759089248227
 10
5.975791752344309
 20
-507.2385092555705
 10
7.399145268955641
 20
-505.5903469010388
 10
9.15957843487771
 20
-503.8875244109741
 10
11.456994277089258
 20
-502.1448776195234
 10
13.036074918510385
 20
-501.3223107929502
 10
14.945201965148224
 20
-500.40337440105475
 10
15.666094734773269
 20
-500.1881052466968
 10
16.89290235532247
 20
-500.0345613810727
 10
17.31799143619125
 20
-499.87113400738735
  0
LWPOLYLINE
  5
182
330
17
100
AcDbEntity
  8
RIFERIMENTO
100
AcDbPolyline
 90
45
 70
0
 10
94.00483017823572
 20
-502.1083174809304
 10
93.72565415138561
 20
-503.17459853716264
 10
93.5412576519546
 20
-503.867322450447
 10
93.25736508319673
 20
-505.01603232540015
 10
93.09725509381565
 20
-505.63011169107534
 10
92.82041535431847
 20
-506.83013572119785
 10
92.69811945365663
 20
-507.38384959971825
 10
92.44277426908899
 20
-508.63770541533154
 10
92.33946980954745
 20
-509.1467642134761
 10
92.10317990576057
 20
-510.4433076623804
 10
92.01647690324083
 20
-510.91608607862076
 10
91.82171615379241
 20
-512.2690581141771
 10
91.74893955191274
 20
-512.7025201074644
 10
91.5795167489597
 20
-514.1219256364617
 10
91.53737718254754
 20
-514.5303384973874
 10
91.39926371596641
 20
-516.0086652496269
 10
91.36824698577944
 20
-516.4045592654436
 10
91.26957758058037
 20
-517.9660090405374
 10
91.24169786001107
 20
-518.3590591359462
 10
91.18824924153893
 20
-520.0458923735023
 10
91.17154427186955
 20
-520.457839445475
 10
91.14885722805872
 20
-522.5338297487353
 10
91.14324883642269
 20
-523.0253990367204
 10
91.16403601775312
 20
-525.1020445599376
 10
91.16922560095752
 20
-525.6039045533632
 10
91.22111548855872
 20
-527.2919414772678
 10
91.23749087426202
 20
-527.7041120924033
 10
91.33502392587435
 20
-529.2574866355307
 10
91.36265546731553
 20
-529.6609817796843
 10
91.48626544833489
 20
-531.1316199602179
 10
91.53100231085097
 20
-531.5482523425526
 10
91.69474010579619
 20
-532.949404583469
 10
91.7427119139705
 20
-533.3700508093199
 10
91.94649847115213
 20
-534.7249482307967
 10
92.01143368800831
 20
-535.1707743961643
 10
92.24944300178177
 20
-536.4710007680344
 10
92.33699994943268
 20
-536.954840243567
 10
92.58950978851968
 20
-538.1908826299106
 10
92.69958324656423
 20
-538.7229328815386
 10
92.96635780370158
 20
-539.907376164617
 10
93.10461173882686
 20
-540.4822395462521
 10
93.38809607341706
 20
-541.6122627484923
 10
93.55736140006151
 20
-542.2588355839567
 10
93.83245546902339
 20
-543.3106384812844
 10
94.03258252784974
 20
-544.0307253480125
  0
LWPOLYLINE
  5
183
330
17
100
AcDbEntity
  8
RIFERIMENTO
100
AcDbPolyline
 90
89
 70
0
 10
91.51811940233188
 20
-523.3082982913248
 10
89.83589654515725
 20
-523.3999476585541
 10
89.6153929425899
 20
-523.4089811549604
 10
87.94842998931821
 20
-523.5106248849337
 10
87.70036784068604
 20
-523.5193739889455
 10
86.06262574057928
 20
-523.6311001715189
 10
85.7870328042716
 20
-523.6495836715559
 10
84.18646292260621
 20
-523.7613175443455
 10
83.8754469235997
 20
-523.7895784142702
 10
82.32584175892018
 20
-523.911491593469
 10
81.96358627807233
 20
-523.9396092455427
 10
80.47283030761818
 20
-524.0716855841455
 10
80.0556195292834
 20
-524.1092922261638
 10
78.63538494872485
 20
-524.2318808547285
 10
78.16123555723115
 20
-524.2792195264001
 10
76.81132621801937
 20
-524.402413469292
 10
76.26874956021643
 20
-524.4491483795207
 10
75.01074826912499
 20
-524.5730604463029
 10
74.38174043366355
 20
-524.639651581689
 10
73.20967563144896
 20
-524.7541450406546
 10
72.5103693953767
 20
-524.820546165989
 10
71.44350116816194
 20
-524.9259633005452
 10
70.63861432750612
 20
-525.0021769109525
 10
69.68471279902332
 20
-525.0984642396811
 10
68.79368016093872
 20
-525.1849840474455
 10
67.94434277708213
 20
-525.2722116710402
 10
66.9535451447443
 20
-525.3691462877076
 10
66.22474702758961
 20
-525.4371068801014
 10
65.13438805221627
 20
-525.5446533555257
 10
64.5258531061962
 20
-525.6033197934221
 10
63.322462530925954
 20
-525.7211842933917
 10
62.833905029463544
 20
-525.7604164281237
 10
61.5176218310701
 20
-525.8784342139401
 10
61.156982038253794
 20
-525.9079760872919
 10
59.70621090963616
 20
-526.0260759041091
 10
59.48676359915616
 20
-526.0459026494003
 10
57.91005505479024
 20
-526.173947895243
 10
57.831491192604915
 20
-526.1839832488798
 10
56.884193705018895
 20
-526.2630507669925
 10
56.20471079446726
 20
-526.3124057833436
 10
56.12608316714817
 20
-526.3225887357574
 10
54.60321580777023
 20
-526.4516310410565
 10
54.3540889192513
 20
-526.4718172571465
 10
53.01651192429296
 20
-526.5805214895964
 10
52.59722699027364
 20
-526.6205020580738
 10
51.44963651016535
 20
-526.7196885331892
 10
50.838848941971555
 20
-526.7694640529095
 10
49.894098315569764
 20
-526.8496934113776
 10
49.10049984133886
 20
-526.9184621044408
 10
48.353087944941706
 20
-526.9791166589473
 10
47.365353361149666
 20
-527.0585216815728
 10
46.81824371558685
 20
-527.108428989674
 10
45.649898265193535
 20
-527.2085600389324
 10
45.2943390660555
 20
-527.2385293940783
 10
43.94554176762469
 20
-527.3492831854837
 10
43.784860499652055
 20
-527.3581515236094
 10
42.44206793443437
 20
-527.4689341705746
 10
42.277532009511106
 20
-527.4789976919158
 10
42.255891370728605
 20
-527.4791660059601
 10
40.79018883297501
 20
-527.6045634470047
 10
40.58228066799125
 20
-527.6149551274848
 10
39.31210154205152
 20
-527.7175357067478
 10
38.922874139536226
 20
-527.749166980482
 10
37.835214469305825
 20
-527.8330239693369
 10
37.27774526144935
 20
-527.8766059193358
 10
36.36325071045162
 20
-527.9389517165212
 10
35.6419062014157
 20
-527.9908416306696
 10
34.87873243614498
 20
-528.0419226066317
 10
33.99797542881922
 20
-528.0931814178523
 10
33.38603248325316
 20
-528.1333338723198
 10
32.35884519370377
 20
-528.1893165943233
 10
31.88501977909536
 20
-528.217966840493
 10
30.72483031069488
 20
-528.2741630789725
 10
30.38043041199514
 20
-528.2927075968383
 10
29.095936152331568
 20
-528.3431557796662
 10
28.863660828699615
 20
-528.3538644178572
 10
27.47679154903116
 20
-528.40333472312
 10
27.330576152157157
 20
-528.4141255048071
 10
25.863036763755822
 20
-528.4532768623168
 10
25.789949403217808
 20
-528.4537885709783
 10
24.258260542516553
 20
-528.4855522522029
 10
24.258260542516553
 20
-528.4855522522029
 10
23.974216897769423
 20
-528.495488762814
 10
22.713903338581495
 20
-528.5005334914115
 10
22.67088990616866
 20
-528.4998590554923
 10
21.177898384449826
 20
-528.4983536282496
 10
21.104603583366544
 20
-528.4984461443153
 10
21.086943905242794
 20
-528.5009669690407
 10
20.91915826506512
 20
-528.5005756652885
  0
LWPOLYLINE
  5
184
330
17
100
AcDbEntity
  8
RIFERIMENTO
100
AcDbPolyline
 90
82
 70
0
 10
20.904656746434863
 20
-519.8621951764827
 10
21.00818732809458
 20
-519.8616273188507
 10
21.090396710134492
 20
-519.8707566442118
 10
22.618942635644515
 20
-519.894186781531
 10
22.658025244434576
 20
-519.89581727715
 10
23.96233914368884
 20
-519.9227708210665
 10
24.246545064405836
 20
-519.9294385127303
 10
24.255220163265456
 20
-519.9302406529332
 10
25.852106338119587
 20
-519.9647314777023
 10
25.92953422304615
 20
-519.9722686641765
 10
27.466457466668192
 20
-520.0104473121173
 10
27.62988106859463
 20
-520.007694159097
 10
29.08562026810322
 20
-520.0589993691052
 10
29.356776197224537
 20
-520.0653577949063
 10
30.71415606667895
 20
-520.1179420352773
 10
31.118943234924863
 20
-520.1365603945386
 10
32.34776787779854
 20
-520.1938294100296
 10
32.90799578821961
 20
-520.2203767294603
 10
33.98660739073161
 20
-520.2817231568376
 10
34.72826768777794
 20
-520.3194672509779
 10
35.63049143810911
 20
-520.3763413062308
 10
36.56689898582006
 20
-520.4443915401285
 10
37.26666348438655
 20
-520.4834217818005
 10
38.419635022402964
 20
-520.5729398330084
 10
38.91235021379396
 20
-520.6045419692313
 10
40.29972317377137
 20
-520.7141283366115
 10
40.5723068297137
 20
-520.7335794029603
 10
42.216295140741856
 20
-520.8544703371759
 10
42.24646983603358
 20
-520.8652532367819
 10
42.43268332196268
 20
-520.8751393273774
 10
43.93628910766528
 20
-520.9919972033844
 10
44.14423982966058
 20
-521.0123025602625
 10
45.640849696363084
 20
-521.1304726416744
 10
46.096699863709865
 20
-521.1703770377644
 10
47.35657315410415
 20
-521.2790836353432
 10
48.06090633105055
 20
-521.3391294332579
 10
49.091975348471124
 20
-521.4184531131136
 10
50.04202041005636
 20
-521.4977487215506
 10
50.830771397682646
 20
-521.5673885889258
 10
52.03548425983149
 20
-521.6668697866951
 10
52.589718950777396
 20
-521.7168734853057
 10
54.02803414128888
 20
-521.83675195671
 10
54.347260186538655
 20
-521.8666794981732
 10
56.02799439248667
 20
-522.0077673133343
 10
56.120042950062576
 20
-522.017710074343
 10
56.87850599302646
 20
-522.078355483907
 10
57.90472109212039
 20
-522.1689551800935
 10
57.99686916661728
 20
-522.1790785324991
 10
59.70151232283465
 20
-522.3204498376693
 10
59.956480313794394
 20
-522.3408516744219
 10
61.51362050606882
 20
-522.4629791973261
 10
61.90993830181003
 20
-522.4837128833649
 10
63.31922687798282
 20
-522.586561120784
 10
63.87076806583953
 20
-522.6177759937825
 10
65.13190998378244
 20
-522.6912251740151
 10
65.82543889205948
 20
-522.7231713863654
 10
66.95176818605361
 20
-522.7869371215935
 10
67.7794605622727
 20
-522.8197711247037
 10
68.79248939166979
 20
-522.8635706798424
 10
69.74643361280216
 20
-522.887298144169
 10
70.63787656212455
 20
-522.920830105462
 10
71.718456495791
 20
-522.9455409556853
 10
72.50997310411617
 20
-522.96882938846
 10
73.69007695308984
 20
-522.9845246401702
 10
74.38157607432754
 20
-522.9974558521203
 10
75.66712525932415
 20
-523.0139830392634
 10
76.26874296616103
 20
-523.0168690522082
 10
77.63821879957955
 20
-523.0139635932169
 10
78.16132795527732
 20
-523.0164823358517
 10
79.60916911956474
 20
-523.01419880658
 10
80.05577847057862
 20
-523.0065254323627
 10
81.57624584809363
 20
-522.9948445206575
 10
81.96375752951363
 20
-522.9866070811036
 10
83.5431296217883
 20
-522.9653708016212
 10
83.87566925296794
 20
-522.9570427760689
 10
85.49597386728365
 20
-522.9155677613878
 10
85.78726505247467
 20
-522.9071594004771
 10
87.44475897794861
 20
-522.8657602875979
 10
87.70061228993306
 20
-522.8571544512162
 10
89.36754842929389
 20
-522.7956170398936
 10
89.61564887826825
 20
-522.7868894675955
 10
91.29203773123126
 20
-522.7252358081494
  0
LWPOLYLINE
  5
185
330
17
100
AcDbEntity
  8
ASSE
100
AcDbPolyline
 90
10
 70
0
 10
38.78170014896722
 20
-524.1772165582016
 10
38.781700149875796
 20
-524.1772165582003
 10
40.454877978874876
 20
-524.1745785139283
 10
40.45487797978351
 20
-524.1745785139274
 10
42.142332271227595
 20
-524.1724739808963
 10
42.14233227213447
 20
-524.1724739808958
 10
43.84360290110882
 20
-524.170868017947
 10
43.84360290201209
 20
-524.1708680179469
 10
45.558206152895494
 20
-524.1697191627678
 10
45.55820615379328
 20
-524.169719162768
  0
LWPOLYLINE
  5
186
330
17
100
AcDbEntity
  8
ASSE
100
AcDbPolyline
 90
6
 70
0
 10
47.28562596184413
 20
-524.1689851974021
 10
49.025299301539505
 20
-524.1686193116957
 10
49.025299302422276
 20
-524.1686193116963
 10
50.776596698063805
 20
-524.1685706330397
 10
50.77659669893867
 20
-524.1685706330403
 10
52.538838107546376
 20
-524.1688224754403
  0
LWPOLYLINE
  5
187
330
17
100
AcDbEntity
  8
ASSE
100
AcDbPolyline
 90
10
 70
0
 10
52.538838107546376
 20
-524.1688224754403
 10
52.53883810841327
 20
-524.168822475441
 10
54.31129932037784
 20
-524.1693839829284
 10
54.31129932123682
 20
-524.1693839829292
 10
56.09321774776086
 20
-524.1702895857663
 10
56.09321774861204
 20
-524.1702895857673
 10
57.88379966624025
 20
-524.1716061654972
 10
57.88379966708385
 20
-524.1716061654982
 10
59.682227807748646
 20
-524.1734379426584
 10
59.68222780858466
 20
-524.1734379426564
  0
LWPOLYLINE
  5
188
330
17
100
AcDbEntity
  8
ASSE
100
AcDbPolyline
 90
10
 70
0
 10
66.93940799390286
 20
-524.0761907111425
 10
66.93940799508505
 20
-524.0761907111083
 10
67.51520288078798
 20
-524.0596391196069
 10
68.77800421090332
 20
-524.0233390893676
 10
68.77800421352727
 20
-524.0233390892927
 10
70.1890970647194
 20
-523.9762972203172
 10
70.63048375151612
 20
-523.9615826289498
 10
70.6304837523212
 20
-523.96158262892
 10
72.4955343612899
 20
-523.8920457768621
 10
72.49553436209129
 20
-523.89204577683
  0
LWPOLYLINE
  5
189
330
17
100
AcDbEntity
  8
ASSE
100
AcDbPolyline
 90
12
 70
0
 10
85.78196745232985
 20
-523.279869215927
 10
87.03067549279106
 20
-523.21989231247
 10
87.69465847900838
 20
-523.1880004352914
 10
87.69465848047464
 20
-523.1880004352209
 10
89.6062561777445
 20
-523.0985391561084
 10
89.60625618014181
 20
-523.0985391559965
 10
90.81071749726668
 20
-523.0443861328998
 10
91.5151796055922
 20
-523.0127132578325
 10
91.51517960694815
 20
-523.0127132577738
 10
92.56088955899283
 20
-522.9682751991115
 10
93.41987298413966
 20
-522.9317721938938
 10
93.41987298526445
 20
-522.9317721938469
  0
LWPOLYLINE
  5
18A
330
17
100
AcDbEntity
  8
ASSE
100
AcDbPolyline
 90
13
 70
0
 10
99.1255979133379
 20
-522.7267050672033
 10
99.12559791692826
 20
-522.7267050670921
 10
100.68871892788343
 20
-522.6790189487728
 10
101.04868030403838
 20
-522.6680376103782
 10
101.04868030487297
 20
-522.668037610353
 10
102.98067626515973
 20
-522.6117637894321
 10
102.98067626641692
 20
-522.6117637893956
 10
104.21471839804522
 20
-522.5765574128085
 10
104.91781433592415
 20
-522.5564985673843
 10
104.91781433662302
 20
-522.5564985673642
 10
105.64451462771564
 20
-522.5356447894311
 10
106.85631554001333
 20
-522.5008703061492
 10
106.8563155411889
 20
-522.5008703061154
  0
LWPOLYLINE
  5
18B
330
17
100
AcDbEntity
  8
TACCHE
100
AcDbPolyline
 90
2
 70
0
 10
93.97412384849045
 20
-501.4724279597182
 10
94.11994346296787
 20
-504.46888197071746
  0
LWPOLYLINE
  5
18C
330
17
100
AcDbEntity
  8
TACCHE
100
AcDbPolyline
 90
2
 70
0
 10
94.05511599351003
 20
-544.6921620161884
 10
93.9216041361212
 20
-541.695134391368
  0
TEXT
  5
18D
330
17
100
AcDbEntity
  8
TESTO
100
AcDbText
 10
24.316888863352492
 20
-517.3131079551024
 30
0.0
 40
4.0
  1
FODERA LINGUETTA
 72
1
 11
24.316888863352492
 21
-517.3131079551024
 31
0.0
100
AcDbText
 73
2
  0
TEXT
  5
18E
330
17
100
AcDbEntity
  8
TESTO
100
AcDbText
 10
24.316888863352492
 20
-524.1131079551024
 30
0.0
 40
2.6
  1
Oxford cap-toe tg 42 - destra
 72
1
 11
24.316888863352492
 21
-524.1131079551024
 31
0.0
100
AcDbText
 73
2
  0
TEXT
  5
18F
330
17
100
AcDbEntity
  8
TESTO
100
AcDbText
 10
24.316888863352492
 20
-528.5331079551024
 30
0.0
 40
2.6
  1
pelle fodera (vitello) 0,8 mm
 72
1
 11
24.316888863352492
 21
-528.5331079551024
 31
0.0
100
AcDbText
 73
2
  0
TEXT
  5
190
330
17
100
AcDbEntity
  8
TESTO
100
AcDbText
 10
24.316888863352492
 20
-532.9531079551024
 30
0.0
 40
2.6
  1
tagliare 2 per paio (dx + sx speculare)
 72
1
 11
24.316888863352492
 21
-532.9531079551024
 31
0.0
100
AcDbText
 73
2
  0
TEXT
  5
191
330
17
100
AcDbEntity
  8
TESTO
100
AcDbText
 10
24.316888863352492
 20
-537.3731079551023
 30
0.0
 40
2.4
  1
stesso contorno della linguetta
 72
1
 11
24.316888863352492
 21
-537.3731079551023
 31
0.0
100
AcDbText
 73
2
  0
LWPOLYLINE
  5
192
330
17
100
AcDbEntity
  8
TESTO
100
AcDbPolyline
 90
2
 70
0
 10
9.316888863352492
 20
-542.3131079551024
 10
39.31688886335249
 20
-542.3131079551024
  0
LWPOLYLINE
  5
193
330
17
100
AcDbEntity
  8
TESTO
100
AcDbPolyline
 90
3
 70
0
 10
35.31688886335249
 20
-540.3131079551024
 10
39.31688886335249
 20
-542.3131079551024
 10
35.31688886335249
 20
-544.3131079551024
  0
TEXT
  5
194
330
17
100
AcDbEntity
  8
TESTO
100
AcDbText
 10
24.31688886335249
 20
-539.3131079551024
 30
0.0
 40
2.2
  1
verso del tiro
 72
1
 11
24.31688886335249
 21
-539.3131079551024
 31
0.0
100
AcDbText
 73
2
  0
LWPOLYLINE
  5
195
330
17
100
AcDbEntity
  8
TAGLIO
100
AcDbPolyline
 90
123
 70
0
 10
589.6248298404062
 20
-300.15953086465936
 10
589.6148298404062
 20
-286.65953086465936
 10
590.1348298404062
 20
-282.4495308646593
 10
590.7048298404062
 20
-280.1395308646593
 10
591.3248298404062
 20
-278.35953086465935
 10
592.3448298404062
 20
-276.03953086465935
 10
593.5048298404062
 20
-273.9595308646593
 10
595.5648298404062
 20
-271.0095308646593
 10
597.6948298404062
 20
-268.5795308646593
 10
599.8948298404061
 20
-266.4495308646593
 10
602.9048298404061
 20
-264.0695308646593
 10
605.6248298404062
 20
-262.30953086465934
 10
608.7148298404062
 20
-260.66953086465935
 10
612.2348298404062
 20
-259.15953086465936
 10
615.4148298404061
 20
-258.14953086465937
 10
618.5048298404062
 20
-257.48953086465934
 10
620.2148298404062
 20
-257.24953086465933
 10
622.3548298404062
 20
-257.05953086465934
 10
624.9248298404061
 20
-256.99953086465933
 10
653.4663687739665
 20
-257.61953086465934
 10
675.582227997834
 20
-258.24953086465933
 10
683.9202818513869
 20
-258.29953086465935
 10
692.2828375052281
 20
-258.11953086465934
 10
695.3421730870573
 20
-257.89953086465937
 10
698.4472978744909
 20
-257.5695308646593
 10
705.0057304657862
 20
-256.5995308646593
 10
723.1667295674654
 20
-253.22953086465932
 10
725.7847800358506
 20
-252.68953086465933
 10
733.350125204832
 20
-250.84953086465933
 10
748.1764982831902
 20
-246.84953086465933
 10
763.8632462271722
 20
-242.95953086465934
 10
768.8525558172324
 20
-241.88953086465932
 10
775.8250504036646
 20
-240.65953086465933
 10
787.9548982113042
 20
-238.06953086465933
 10
791.6262235731781
 20
-237.48953086465934
 10
794.8364423877649
 20
-237.17953086465934
 10
797.5473430017156
 20
-237.07953086465932
 10
800.64947756561
 20
-237.11953086465934
 10
803.7326883344908
 20
-237.28953086465933
 10
807.2171623448806
 20
-237.62953086465933
 10
811.6251097321206
 20
-238.20953086465934
 10
820.6485208816536
 20
-239.56953086465933
 10
826.1523130875211
 20
-240.63953086465932
 10
829.7255077064224
 20
-241.51953086465934
 10
833.260217201904
 20
-242.48953086465934
 10
841.5601650294848
 20
-245.10953086465935
 10
846.3171242757926
 20
-246.97953086465932
 10
854.0926561502895
 20
-250.49953086465933
 10
856.8139040707123
 20
-251.87953086465933
 10
859.4288759997603
 20
-253.33953086465934
 10
861.6391159086047
 20
-254.68953086465933
 10
863.8222861624131
 20
-256.17953086465934
 10
866.0286773029538
 20
-257.8295308646593
 10
868.2467720939718
 20
-259.68953086465933
 10
870.3927450345453
 20
-261.72953086465935
 10
872.1458936795227
 20
-263.5895308646593
 10
873.8152665612741
 20
-265.5795308646593
 10
875.4572579614269
 20
-267.8495308646593
 10
876.6572579614268
 20
-269.77953086465936
 10
877.8072579614268
 20
-271.92953086465934
 10
878.8772579614268
 20
-274.3495308646593
 10
879.5372579614268
 20
-276.16953086465935
 10
880.1172579614268
 20
-278.17953086465934
 10
880.7672579614268
 20
-281.74953086465933
 10
880.7672579614268
 20
-290.90953086465936
 10
880.0972579614267
 20
-294.5695308646593
 10
878.9672579614269
 20
-298.1495308646593
 10
877.7672579614268
 20
-300.93953086465933
 10
876.1272579614268
 20
-303.9695308646593
 10
874.4228319644616
 20
-306.5695308646593
 10
872.2489832335284
 20
-309.3195308646593
 10
870.0316894288994
 20
-311.74953086465933
 10
867.8031040308733
 20
-313.90953086465936
 10
865.1108245159688
 20
-316.2195308646593
 10
862.3802060030563
 20
-318.30953086465934
 10
859.6856479224999
 20
-320.1495308646593
 10
856.0156560621001
 20
-322.40953086465936
 10
847.2354649552855
 20
-327.1395308646593
 10
842.1094295385343
 20
-329.6395308646593
 10
834.8668469342134
 20
-332.74953086465933
 10
829.998139781266
 20
-334.73953086465934
 10
825.5469958608159
 20
-336.3895308646593
 10
821.4340748516248
 20
-337.73953086465934
 10
808.6891564144171
 20
-341.3995308646593
 10
804.7138849961959
 20
-342.40953086465936
 10
800.7295483158879
 20
-343.27953086465936
 10
796.6369451773622
 20
-343.9695308646593
 10
790.9762190765358
 20
-344.66953086465935
 10
783.4753580979506
 20
-345.7095308646593
 10
777.1017520789416
 20
-346.3295308646593
 10
773.8820482173542
 20
-346.43953086465933
 10
770.6831580082172
 20
-346.35953086465935
 10
767.0597157018487
 20
-346.05953086465934
 10
763.4670406072019
 20
-345.5895308646593
 10
754.0027747092283
 20
-344.02953086465936
 10
739.2604836381521
 20
-341.91953086465935
 10
728.1370360661357
 20
-340.2195308646593
 10
719.8582767858426
 20
-338.8195308646593
 10
704.9229696257335
 20
-336.02953086465936
 10
700.8546669624164
 20
-335.3895308646593
 10
697.1645492176133
 20
-334.91953086465935
 10
693.1073194637725
 20
-334.5695308646593
 10
685.6033628605098
 20
-334.2195308646593
 10
678.8975879410011
 20
-333.7595308646593
 10
652.7248040168026
 20
-331.7595308646593
 10
624.2648298404062
 20
-330.77953086465936
 10
621.1448298404061
 20
-330.5095308646593
 10
618.4148298404061
 20
-330.05953086465934
 10
615.4048298404061
 20
-329.30953086465934
 10
613.1948298404062
 20
-328.5795308646593
 10
610.1648298404061
 20
-327.28953086465935
 10
607.5248298404061
 20
-325.9695308646593
 10
605.0148298404062
 20
-324.47953086465935
 10
602.8748298404062
 20
-322.99953086465933
 10
600.7548298404062
 20
-321.29953086465935
 10
598.2048298404062
 20
-318.90953086465936
 10
596.0748298404062
 20
-316.5195308646593
 10
594.0648298404062
 20
-313.77953086465936
 10
592.8748298404062
 20
-311.79953086465935
 10
591.8148298404062
 20
-309.60953086465935
 10
590.7548298404062
 20
-306.77953086465936
 10
590.1548298404061
 20
-304.36953086465934
 10
589.6248298404062
 20
-300.15953086465936
  0
LWPOLYLINE
  5
196
330
17
100
AcDbEntity
  8
RIFERIMENTO
100
AcDbPolyline
 90
2
 70
0
 10
667.0470576607308
 20
-332.8567264082629
 10
667.0470576607308
 20
-258.0070910645685
  0
LWPOLYLINE
  5
197
330
17
100
AcDbEntity
  8
ASSE
100
AcDbPolyline
 90
200
 70
0
 10
592.6148298404062
 20
-293.3463754105867
 10
594.0297042122654
 20
-293.36921078805176
 10
595.4445785841248
 20
-293.3916891590096
 10
596.859452955984
 20
-293.4138831489432
 10
598.2743273278434
 20
-293.43586538333545
 10
599.6892016997026
 20
-293.4577084876693
 10
601.104076071562
 20
-293.47948508742775
 10
602.5189504434212
 20
-293.5012678080936
 10
603.9338248152806
 20
-293.5231292751499
 10
605.3486991871398
 20
-293.54514211407957
 10
606.7635735589992
 20
-293.56737895036554
 10
608.1784479308584
 20
-293.5899124094907
 10
609.5933223027178
 20
-293.612815116938
 10
611.008196674577
 20
-293.6361596981905
 10
612.4230710464363
 20
-293.660018778731
 10
613.8379454182956
 20
-293.6844649840425
 10
615.252819790155
 20
-293.70957093960794
 10
616.6676941620142
 20
-293.73540927091017
 10
618.0825685338735
 20
-293.76205260343227
 10
619.4974429057328
 20
-293.7895735626571
 10
620.9123172775921
 20
-293.8180447740676
 10
622.3271916494514
 20
-293.8474592309899
 10
623.7420660213107
 20
-293.8777417063546
 10
625.15694039317
 20
-293.9088843968876
 10
626.5718147650293
 20
-293.94087969656033
 10
627.9866891368886
 20
-293.97371999934415
 10
629.4015635087479
 20
-294.0073976992105
 10
630.8164378806072
 20
-294.0419051901306
 10
632.2313191659694
 20
-294.07723486607597
 10
633.6462513316916
 20
-294.11337912101783
 10
635.0612848829704
 20
-294.15033034892764
 10
636.4764622036614
 20
-294.18808094377675
 10
637.891818023155
 20
-294.2266232995366
 10
639.307379771275
 20
-294.26594981017837
 10
640.7231678718767
 20
-294.3060528696736
 10
642.1391963980016
 20
-294.34692487199356
 10
643.5554734218299
 20
-294.3885582111097
 10
644.9720014444019
 20
-294.4309452809933
 10
646.3887778251808
 20
-294.4740784756157
 10
647.8057953271859
 20
-294.5179501889484
 10
649.2230422334862
 20
-294.5625528149627
 10
650.6405029865449
 20
-294.60787874763
 10
652.0581586591908
 20
-294.6554267939527
 10
653.4759873236335
 20
-294.70864922525067
 10
654.8939644773125
 20
-294.76716913384416
 10
656.3120634680702
 20
-294.83042801812536
 10
657.7302559642809
 20
-294.8978673764866
 10
659.1485122003156
 20
-294.96892870731995
 10
660.5668016166073
 20
-295.0430535090178
 10
661.9853011763382
 20
-295.11968327997226
 10
663.4046736731055
 20
-295.1982595185756
 10
664.8250243398141
 20
-295.27822372322
 10
666.2464002438246
 20
-295.3590173922977
 10
667.668836564305
 20
-295.44008202420093
 10
669.0923558646095
 20
-295.52085911732195
 10
670.5169703115728
 20
-295.6007901700529
 10
671.942681671405
 20
-295.6793166807861
 10
673.3694818888273
 20
-295.75588014791373
 10
674.797353663789
 20
-295.829922069828
 10
676.2262714089427
 20
-295.90088394492113
 10
677.6562009909917
 20
-295.96820727158536
 10
679.0871004075959
 20
-296.0313335482129
 10
680.5189210671332
 20
-296.08970427319605
 10
681.951607966356
 20
-296.14276094492686
 10
683.3851002447524
 20
-296.18994506179774
 10
684.8193317348802
 20
-296.2306981222008
 10
686.2542318562877
 20
-296.2644616245283
 10
687.689725106251
 20
-296.29067706717245
 10
689.1257325481937
 20
-296.3087859485255
 10
690.5621722108164
 20
-296.31822976697964
 10
691.9993252106902
 20
-296.3195308646593
 10
693.4395530456617
 20
-296.3195308646593
 10
694.8832608149922
 20
-296.3195308646593
 10
696.3303564859451
 20
-296.3195308646593
 10
697.7806933541683
 20
-296.3195308646593
 10
699.2340820153446
 20
-296.3195308646593
 10
700.6902927646549
 20
-296.3195308646593
 10
702.1490603112888
 20
-296.3195308646593
 10
703.6100883878585
 20
-296.3195308646593
 10
705.0730546652408
 20
-296.3195308646593
 10
706.5376143822679
 20
-296.3195308646593
 10
708.0034040741432
 20
-296.3195308646593
 10
709.4700478065456
 20
-296.3195308646593
 10
710.9371604508135
 20
-296.3195308646593
 10
712.4043518714693
 20
-296.3195308646593
 10
713.8712310939123
 20
-296.3195308646593
 10
715.3374099731222
 20
-296.3195308646593
 10
716.8025081130078
 20
-296.3195308646593
 10
718.2661573095791
 20
-296.3195308646593
 10
719.728005134233
 20
-296.3195308646593
 10
721.1877194457918
 20
-296.3195308646593
 10
722.6451377167817
 20
-296.31904358548763
 10
724.1027237789991
 20
-296.3090727095594
 10
725.5613229516139
 20
-296.2869561192398
 10
727.0207407905978
 20
-296.2536379458069
 10
728.480778089608
 20
-296.21006232053884
 10
729.9412316531273
 20
-296.157173374714
 10
731.4018955716158
 20
-296.0959152396104
 10
732.8625625697712
 20
-296.02723204650636
 10
734.3230252993746
 20
-295.95206792668006
 10
735.7830774144802
 20
-295.8713670114096
 10
737.2425157521734
 20
-295.78607343197325
 10
738.7011410534127
 20
-295.6971313196492
 10
740.1587594520553
 20
-295.6054848057156
 10
741.6151838480746
 20
-295.5120780214507
 10
743.0702352943441
 20
-295.41785509813263
 10
744.5237438313089
 20
-295.32376016703967
 10
745.9755507597532
 20
-295.23073735944996
 10
747.425510743016
 20
-295.1397308066417
 10
748.873491695732
 20
-295.05168463989304
 10
750.3193769004936
 20
-294.96754299048223
 10
751.7630665158828
 20
-294.8882499896875
 10
753.2044856631435
 20
-294.8147458301945
 10
754.6450783157395
 20
-294.74662829628403
 10
756.0858330598785
 20
-294.6823812739175
 10
757.5265232779061
 20
-294.62094261540693
 10
758.9669232584978
 20
-294.5612501730644
 10
760.4068110242335
 20
-294.50224179920195
 10
761.8459712464447
 20
-294.4428553461316
 10
763.2841981724398
 20
-294.3820286661653
 10
764.7212976186654
 20
-294.31869961161516
 10
766.1570926056712
 20
-294.2518060347932
 10
767.5914239873263
 20
-294.18028578801153
 10
769.0241541895296
 20
-294.10307672358203
 10
770.455170292976
 20
-294.01911669381684
 10
771.8843871544665
 20
-293.9273435510279
 10
773.311750174824
 20
-293.82669514752735
 10
774.737238677848
 20
-293.7043708060298
 10
776.1608710151927
 20
-293.5479159649063
 10
777.5827051505163
 20
-293.36233944918666
 10
779.0029978821411
 20
-293.15271673332785
 10
780.4231676240026
 20
-292.9241232917866
 10
781.843267757526
 20
-292.68163459901973
 10
783.2629778491444
 20
-292.4303261294842
 10
784.6820149590615
 20
-292.1752733576367
 10
786.1001650851442
 20
-291.92155175793414
 10
787.5173137850727
 20
-291.67423680483336
 10
788.9334776966092
 20
-291.4384039727912
 10
790.3488360673987
 20
-291.21912873626445
 10
791.7637614003561
 20
-291.0214865697101
 10
793.1786667095656
 20
-290.8505529475848
 10
794.5936869606853
 20
-290.7026825848837
 10
796.0088896711584
 20
-290.5617840541008
 10
797.4243184836989
 20
-290.4268659885312
 10
798.8399957137233
 20
-290.2974664721171
 10
800.2559249028245
 20
-290.1731235888009
 10
801.6720933896376
 20
-290.0533754225249
 10
803.088474917653
 20
-289.93776005723146
 10
804.5050318350914
 20
-289.825815576863
 10
805.9217180749149
 20
-289.7170800653618
 10
807.3384815345295
 20
-289.6110916066702
 10
808.7552818774102
 20
-289.50738828473055
 10
810.1726124073696
 20
-289.40550818348527
 10
811.5907969798412
 20
-289.30498938687657
 10
813.0098996151968
 20
-289.2053699788469
 10
814.4299617553813
 20
-289.1061880433385
 10
815.8510047514645
 20
-289.0069816642938
 10
817.2730309389177
 20
-288.9072889256551
 10
818.6960250986208
 20
-288.8066559225494
 10
820.1199559121394
 20
-288.70539847742657
 10
821.5447778214414
 20
-288.604147279961
 10
822.9704313524037
 20
-288.50326082600964
 10
824.3968452956819
 20
-288.4030976114292
 10
825.8239383055591
 20
-288.30401613207647
 10
827.2516200895055
 20
-288.20637488380834
 10
828.6797928106515
 20
-288.11053236248165
 10
830.1083524824476
 20
-288.01684706395315
 10
831.5371904737779
 20
-287.9256774840797
 10
832.9661943840183
 20
-287.83738211871815
 10
834.3955142431687
 20
-287.75231946372526
 10
835.8264996183719
 20
-287.67084801495787
 10
837.2593389393292
 20
-287.5933262682728
 10
838.6939882457939
 20
-287.5201127195269
 10
840.1303838296075
 20
-287.45035169138487
 10
841.5684439395604
 20
-287.3828714991056
 10
843.0080684201173
 20
-287.3176135221662
 10
844.4491429854797
 20
-287.2545192184495
 10
845.8915397909782
 20
-287.19353004583843
 10
847.335118998293
 20
-287.1345874622158
 10
848.7797303224861
 20
-287.07763292546446
 10
850.2252148234086
 20
-287.02260789346724
 10
851.6714057124216
 20
-286.96945382410706
 10
853.1181301522163
 20
-286.91811217526674
 10
854.5652112296441
 20
-286.8685244048291
 10
856.0124691132182
 20
-286.820631970677
 10
857.461024258483
 20
-286.7747191750663
 10
858.9120814024802
 20
-286.7309550533083
 10
860.3653802785798
 20
-286.68905348459094
 10
861.8206258446754
 20
-286.64872813038056
 10
863.2774984823703
 20
-286.6096926521437
 10
864.7356583286668
 20
-286.57166071134657
 10
866.194749554027
 20
-286.5343459694558
 10
867.6544049593372
 20
-286.4974620879376
 10
869.1142505232592
 20
-286.46072272825853
 10
870.5739095308256
 20
-286.4238415518849
 10
872.0330077937685
 20
-286.3865322202832
 10
873.4911780293706
 20
-286.34850839491975
 10
874.9375092177082
 20
-286.3195308646593
 10
876.3523835895676
 20
-286.3195308646593
 10
877.7672579614268
 20
-286.3195308646593
  0
LWPOLYLINE
  5
198
330
17
100
AcDbEntity
  8
TACCHE
100
AcDbPolyline
 90
2
 70
0
 10
667.0472671035948
 20
-332.853985556852
 10
666.8186877331101
 20
-335.8452647934645
  0
LWPOLYLINE
  5
199
330
17
100
AcDbEntity
  8
TACCHE
100
AcDbPolyline
 90
2
 70
0
 10
667.0470774713899
 20
-258.0063956205239
 10
667.1325018542435
 20
-255.00761208802044
  0
TEXT
  5
19A
330
17
100
AcDbEntity
  8
TESTO
100
AcDbText
 10
791.836374698311
 20
-284.1984971121767
 30
0.0
 40
4.0
  1
SUOLA
 72
1
 11
791.836374698311
 21
-284.1984971121767
 31
0.0
100
AcDbText
 73
2
  0
TEXT
  5
19B
330
17
100
AcDbEntity
  8
TESTO
100
AcDbText
 10
791.836374698311
 20
-290.9984971121767
 30
0.0
 40
2.6
  1
Oxford cap-toe tg 42 - destra
 72
1
 11
791.836374698311
 21
-290.9984971121767
 31
0.0
100
AcDbText
 73
2
  0
TEXT
  5
19C
330
17
100
AcDbEntity
  8
TESTO
100
AcDbText
 10
791.836374698311
 20
-295.41849711217674
 30
0.0
 40
2.6
  1
cuoio da suola 5 mm
 72
1
 11
791.836374698311
 21
-295.41849711217674
 31
0.0
100
AcDbText
 73
2
  0
TEXT
  5
19D
330
17
100
AcDbEntity
  8
TESTO
100
AcDbText
 10
791.836374698311
 20
-299.8384971121767
 30
0.0
 40
2.6
  1
tagliare 2 per paio (dx + sx speculare)
 72
1
 11
791.836374698311
 21
-299.8384971121767
 31
0.0
100
AcDbText
 73
2
  0
TEXT
  5
19E
330
17
100
AcDbEntity
  8
TESTO
100
AcDbText
 10
671.0470576607308
 20
-295.43190873641566
 30
0.0
 40
2.5
  1
petto tacco
 72
1
 11
671.0470576607308
 21
-295.43190873641566
 31
0.0
100
AcDbText
 73
2
  0
LWPOLYLINE
  5
19F
330
17
100
AcDbEntity
  8
TESTO
100
AcDbPolyline
 90
2
 70
0
 10
776.836374698311
 20
-309.1984971121767
 10
806.836374698311
 20
-309.1984971121767
  0
LWPOLYLINE
  5
1A0
330
17
100
AcDbEntity
  8
TESTO
100
AcDbPolyline
 90
3
 70
0
 10
802.836374698311
 20
-307.1984971121767
 10
806.836374698311
 20
-309.1984971121767
 10
802.836374698311
 20
-311.1984971121767
  0
TEXT
  5
1A1
330
17
100
AcDbEntity
  8
TESTO
100
AcDbText
 10
791.836374698311
 20
-306.1984971121767
 30
0.0
 40
2.2
  1
verso del tiro
 72
1
 11
791.836374698311
 21
-306.1984971121767
 31
0.0
100
AcDbText
 73
2
  0
LWPOLYLINE
  5
1A2
330
17
100
AcDbEntity
  8
TAGLIO
100
AcDbPolyline
 90
41
 70
0
 10
300.3253129300369
 20
-411.169522064639
 10
300.84531293003687
 20
-406.95952206463903
 10
301.41531293003686
 20
-404.649522064639
 10
302.03531293003687
 20
-402.869522064639
 10
303.0553129300369
 20
-400.549522064639
 10
304.2153129300369
 20
-398.469522064639
 10
306.2753129300369
 20
-395.519522064639
 10
308.40531293003687
 20
-393.089522064639
 10
310.6053129300369
 20
-390.95952206463903
 10
313.6153129300369
 20
-388.57952206463904
 10
316.3353129300369
 20
-386.819522064639
 10
319.4253129300369
 20
-385.179522064639
 10
322.9453129300369
 20
-383.669522064639
 10
326.1253129300369
 20
-382.65952206463896
 10
329.2153129300369
 20
-381.999522064639
 10
330.9253129300369
 20
-381.759522064639
 10
333.0653129300369
 20
-381.569522064639
 10
335.6353129300369
 20
-381.509522064639
 10
364.15531293003687
 20
-382.129522064639
 10
377.6953129300369
 20
-382.519522064639
 10
377.6953129300369
 20
-457.369522064639
 10
363.41531293003686
 20
-456.269522064639
 10
334.97531293003686
 20
-455.289522064639
 10
331.8553129300369
 20
-455.019522064639
 10
329.1253129300369
 20
-454.569522064639
 10
326.1153129300369
 20
-453.819522064639
 10
323.90531293003687
 20
-453.089522064639
 10
320.8753129300369
 20
-451.799522064639
 10
318.2353129300369
 20
-450.479522064639
 10
315.72531293003686
 20
-448.989522064639
 10
313.5853129300369
 20
-447.509522064639
 10
311.4653129300369
 20
-445.809522064639
 10
308.91531293003686
 20
-443.419522064639
 10
306.78531293003687
 20
-441.029522064639
 10
304.7753129300369
 20
-438.289522064639
 10
303.5853129300369
 20
-436.309522064639
 10
302.5253129300369
 20
-434.119522064639
 10
301.4653129300369
 20
-431.289522064639
 10
300.8653129300369
 20
-428.879522064639
 10
300.3353129300369
 20
-424.669522064639
 10
300.3253129300369
 20
-411.169522064639
  0
LWPOLYLINE
  5
1A3
330
17
100
AcDbEntity
  8
ASSE
100
AcDbPolyline
 90
50
 70
0
 10
303.3253129300369
 20
-417.85636661056634
 10
304.8226598688124
 20
-417.88052134020614
 10
306.3200068075879
 20
-417.90428097197275
 10
307.81735374636344
 20
-417.92773158595566
 10
309.3147006851389
 20
-417.9509592622445
 10
310.81204762391445
 20
-417.9740500809288
 10
312.30939456268993
 20
-417.99709012209814
 10
313.80674150146547
 20
-418.02016546584196
 10
315.30408844024095
 20
-418.0433621922499
 10
316.8014353790165
 20
-418.06676638141147
 10
318.29878231779196
 20
-418.09046411341626
 10
319.7961292565675
 20
-418.11454146835376
 10
321.29347619534303
 20
-418.1390845263136
 10
322.7908231341185
 20
-418.1641793673852
 10
324.28817007289405
 20
-418.1899120716582
 10
325.7855170116695
 20
-418.21636871922215
 10
327.28286395044506
 20
-418.24363539016656
 10
328.78021088922054
 20
-418.271798164581
 10
330.2775578279961
 20
-418.300943122555
 10
331.77490476677156
 20
-418.33115610199036
 10
333.2722517055471
 20
-418.3624112603343
 10
334.7695986443226
 20
-418.3946369461651
 10
336.2669455830981
 20
-418.42782414436044
 10
337.76429252187364
 20
-418.4619638397977
 10
339.2616394606491
 20
-418.49704701735436
 10
340.75898639942466
 20
-418.533064661908
 10
342.25633333820014
 20
-418.57000775833603
 10
343.7536802769757
 20
-418.60786729151596
 10
345.25102721575115
 20
-418.6466342463253
 10
346.7483741545267
 20
-418.68629960764156
 10
348.2457210933022
 20
-418.72685436034214
 10
349.7430680320777
 20
-418.76828948930466
 10
351.24041497085324
 20
-418.81059597940657
 10
352.7377619096287
 20
-418.8537648155253
 10
354.23510884840425
 20
-418.8977869825384
 10
355.73245578717973
 20
-418.94265346532336
 10
357.22980272595527
 20
-418.98835524875767
 10
358.72714966473075
 20
-419.0348833177188
 10
360.2244966035063
 20
-419.08222865708433
 10
361.7218435422818
 20
-419.13038322834194
 10
363.2191904810573
 20
-419.1824443803845
 10
364.71653741983283
 20
-419.2408566836822
 10
366.2138843586083
 20
-419.3049581685452
 10
367.71123129738385
 20
-419.3740868652839
 10
369.2085782361593
 20
-419.4475808042084
 10
370.70592517493486
 20
-419.524778015629
 10
372.20327211371034
 20
-419.6050165298559
 10
373.7006190524859
 20
-419.68763437719934
 10
375.1979659912614
 20
-419.7719695879695
 10
376.6953129300369
 20
-419.8573601924767
  0
LWPOLYLINE
  5
1A4
330
17
100
AcDbEntity
  8
TACCHE
100
AcDbPolyline
 90
2
 70
0
 10
377.6953129300369
 20
-419.8573601924767
 10
380.6953129300369
 20
-419.8573601924767
  0
TEXT
  5
1A5
330
17
100
AcDbEntity
  8
TESTO
100
AcDbText
 10
339.29695971081935
 20
-411.49997887991185
 30
0.0
 40
4.0
  1
ALZO TACCO
 72
1
 11
339.29695971081935
 21
-411.49997887991185
 31
0.0
100
AcDbText
 73
2
  0
TEXT
  5
1A6
330
17
100
AcDbEntity
  8
TESTO
100
AcDbText
 10
339.29695971081935
 20
-418.29997887991186
 30
0.0
 40
2.6
  1
Oxford cap-toe tg 42 - destra
 72
1
 11
339.29695971081935
 21
-418.29997887991186
 31
0.0
100
AcDbText
 73
2
  0
TEXT
  5
1A7
330
17
100
AcDbEntity
  8
TESTO
100
AcDbText
 10
339.29695971081935
 20
-422.7199788799118
 30
0.0
 40
2.6
  1
cuoio da suola 4,5-5 mm
 72
1
 11
339.29695971081935
 21
-422.7199788799118
 31
0.0
100
AcDbText
 73
2
  0
TEXT
  5
1A8
330
17
100
AcDbEntity
  8
TESTO
100
AcDbText
 10
339.29695971081935
 20
-427.13997887991184
 30
0.0
 40
2.6
  1
tagliare 8 per paio
 72
1
 11
339.29695971081935
 21
-427.13997887991184
 31
0.0
100
AcDbText
 73
2
  0
TEXT
  5
1A9
330
17
100
AcDbEntity
  8
TESTO
100
AcDbText
 10
339.29695971081935
 20
-431.55997887991185
 30
0.0
 40
2.4
  1
4 alzi per tacco; il primo (sotto la suola) a cuneo
 72
1
 11
339.29695971081935
 21
-431.55997887991185
 31
0.0
100
AcDbText
 73
2
  0
LWPOLYLINE
  5
1AA
330
17
100
AcDbEntity
  8
TESTO
100
AcDbPolyline
 90
2
 70
0
 10
324.29695971081935
 20
-436.49997887991185
 10
354.29695971081935
 20
-436.49997887991185
  0
LWPOLYLINE
  5
1AB
330
17
100
AcDbEntity
  8
TESTO
100
AcDbPolyline
 90
3
 70
0
 10
350.29695971081935
 20
-434.49997887991185
 10
354.29695971081935
 20
-436.49997887991185
 10
350.29695971081935
 20
-438.49997887991185
  0
TEXT
  5
1AC
330
17
100
AcDbEntity
  8
TESTO
100
AcDbText
 10
339.29695971081935
 20
-433.49997887991185
 30
0.0
 40
2.2
  1
verso del tiro
 72
1
 11
339.29695971081935
 21
-433.49997887991185
 31
0.0
100
AcDbText
 73
2
  0
LWPOLYLINE
  5
1AD
330
17
100
AcDbEntity
  8
TAGLIO
100
AcDbPolyline
 90
41
 70
0
 10
402.6953129300369
 20
-411.169522064639
 10
403.2153129300369
 20
-406.95952206463903
 10
403.78531293003687
 20
-404.649522064639
 10
404.40531293003687
 20
-402.869522064639
 10
405.4253129300369
 20
-400.549522064639
 10
406.5853129300369
 20
-398.469522064639
 10
408.6453129300369
 20
-395.519522064639
 10
410.7753129300369
 20
-393.089522064639
 10
412.9753129300369
 20
-390.95952206463903
 10
415.9853129300369
 20
-388.57952206463904
 10
418.7053129300369
 20
-386.819522064639
 10
421.7953129300369
 20
-385.179522064639
 10
425.3153129300369
 20
-383.669522064639
 10
428.4953129300369
 20
-382.65952206463896
 10
431.5853129300369
 20
-381.999522064639
 10
433.2953129300369
 20
-381.759522064639
 10
435.4353129300369
 20
-381.569522064639
 10
438.0053129300369
 20
-381.509522064639
 10
466.5253129300369
 20
-382.129522064639
 10
480.0653129300369
 20
-382.519522064639
 10
480.0653129300369
 20
-457.369522064639
 10
465.78531293003687
 20
-456.269522064639
 10
437.34531293003687
 20
-455.289522064639
 10
434.2253129300369
 20
-455.019522064639
 10
431.4953129300369
 20
-454.569522064639
 10
428.4853129300369
 20
-453.819522064639
 10
426.2753129300369
 20
-453.089522064639
 10
423.2453129300369
 20
-451.799522064639
 10
420.6053129300369
 20
-450.479522064639
 10
418.09531293003687
 20
-448.989522064639
 10
415.9553129300369
 20
-447.509522064639
 10
413.8353129300369
 20
-445.809522064639
 10
411.28531293003687
 20
-443.419522064639
 10
409.15531293003687
 20
-441.029522064639
 10
407.1453129300369
 20
-438.289522064639
 10
405.9553129300369
 20
-436.309522064639
 10
404.8953129300369
 20
-434.119522064639
 10
403.8353129300369
 20
-431.289522064639
 10
403.2353129300369
 20
-428.879522064639
 10
402.7053129300369
 20
-424.669522064639
 10
402.6953129300369
 20
-411.169522064639
  0
TEXT
  5
1AE
330
17
100
AcDbEntity
  8
TESTO
100
AcDbText
 10
441.66695971081936
 20
-411.49997887991185
 30
0.0
 40
4.0
  1
SOPRATACCO
 72
1
 11
441.66695971081936
 21
-411.49997887991185
 31
0.0
100
AcDbText
 73
2
  0
TEXT
  5
1AF
330
17
100
AcDbEntity
  8
TESTO
100
AcDbText
 10
441.66695971081936
 20
-418.29997887991186
 30
0.0
 40
2.6
  1
Oxford cap-toe tg 42 - destra
 72
1
 11
441.66695971081936
 21
-418.29997887991186
 31
0.0
100
AcDbText
 73
2
  0
TEXT
  5
1B0
330
17
100
AcDbEntity
  8
TESTO
100
AcDbText
 10
441.66695971081936
 20
-422.7199788799118
 30
0.0
 40
2.6
  1
gomma 6 mm
 72
1
 11
441.66695971081936
 21
-422.7199788799118
 31
0.0
100
AcDbText
 73
2
  0
TEXT
  5
1B1
330
17
100
AcDbEntity
  8
TESTO
100
AcDbText
 10
441.66695971081936
 20
-427.13997887991184
 30
0.0
 40
2.6
  1
tagliare 2 per paio (dx + sx speculare)
 72
1
 11
441.66695971081936
 21
-427.13997887991184
 31
0.0
100
AcDbText
 73
2
  0
LWPOLYLINE
  5
1B2
330
17
100
AcDbEntity
  8
TESTO
100
AcDbPolyline
 90
2
 70
0
 10
426.66695971081936
 20
-436.49997887991185
 10
456.66695971081936
 20
-436.49997887991185
  0
LWPOLYLINE
  5
1B3
330
17
100
AcDbEntity
  8
TESTO
100
AcDbPolyline
 90
3
 70
0
 10
452.66695971081936
 20
-434.49997887991185
 10
456.66695971081936
 20
-436.49997887991185
 10
452.66695971081936
 20
-438.49997887991185
  0
TEXT
  5
1B4
330
17
100
AcDbEntity
  8
TESTO
100
AcDbText
 10
441.66695971081936
 20
-433.49997887991185
 30
0.0
 40
2.2
  1
verso del tiro
 72
1
 11
441.66695971081936
 21
-433.49997887991185
 31
0.0
100
AcDbText
 73
2
  0
LWPOLYLINE
  5
1B5
330
17
100
AcDbEntity
  8
TAGLIO
100
AcDbPolyline
 90
5
 70
0
 10
136.37460460760445
 20
-511.7441234664198
 10
136.37460460760445
 20
-499.7441234664198
 10
780.4752070955228
 20
-499.7441234664198
 10
780.4752070955228
 20
-511.7441234664198
 10
136.37460460760445
 20
-511.7441234664198
  0
TEXT
  5
1B6
330
17
100
AcDbEntity
  8
TESTO
100
AcDbText
 10
458.42490585156366
 20
-498.7441234664198
 30
0.0
 40
4.0
  1
GUARDOLO 360°
 72
1
 11
458.42490585156366
 21
-498.7441234664198
 31
0.0
100
AcDbText
 73
2
  0
TEXT
  5
1B7
330
17
100
AcDbEntity
  8
TESTO
100
AcDbText
 10
458.42490585156366
 20
-505.5441234664198
 30
0.0
 40
2.6
  1
Oxford cap-toe tg 42 - destra
 72
1
 11
458.42490585156366
 21
-505.5441234664198
 31
0.0
100
AcDbText
 73
2
  0
TEXT
  5
1B8
330
17
100
AcDbEntity
  8
TESTO
100
AcDbText
 10
458.42490585156366
 20
-509.96412346641984
 30
0.0
 40
2.6
  1
cuoio per guardolo 3 mm
 72
1
 11
458.42490585156366
 21
-509.96412346641984
 31
0.0
100
AcDbText
 73
2
  0
TEXT
  5
1B9
330
17
100
AcDbEntity
  8
TESTO
100
AcDbText
 10
458.42490585156366
 20
-514.3841234664199
 30
0.0
 40
2.6
  1
tagliare 2 per paio (dx + sx speculare)
 72
1
 11
458.42490585156366
 21
-514.3841234664199
 31
0.0
100
AcDbText
 73
2
  0
TEXT
  5
1BA
330
17
100
AcDbEntity
  8
TESTO
100
AcDbText
 10
458.42490585156366
 20
-518.8041234664198
 30
0.0
 40
2.4
  1
striscia 12 x 644 mm (giunta 10 mm al tallone)
 72
1
 11
458.42490585156366
 21
-518.8041234664198
 31
0.0
100
AcDbText
 73
2
  0
LWPOLYLINE
  5
1BB
330
17
100
AcDbEntity
  8
TESTO
100
AcDbPolyline
 90
2
 70
0
 10
443.42490585156366
 20
-523.7441234664198
 10
473.42490585156366
 20
-523.7441234664198
  0
LWPOLYLINE
  5
1BC
330
17
100
AcDbEntity
  8
TESTO
100
AcDbPolyline
 90
3
 70
0
 10
469.42490585156366
 20
-521.7441234664198
 10
473.42490585156366
 20
-523.7441234664198
 10
469.42490585156366
 20
-525.7441234664198
  0
TEXT
  5
1BD
330
17
100
AcDbEntity
  8
TESTO
100
AcDbText
 10
458.42490585156366
 20
-520.7441234664198
 30
0.0
 40
2.2
  1
verso del tiro
 72
1
 11
458.42490585156366
 21
-520.7441234664198
 31
0.0
100
AcDbText
 73
2
  0
ENDSEC
  0
SECTION
  2
OBJECTS
  0
DICTIONARY
  5
A
330
0
100
AcDbDictionary
281
1
  3
ACAD_COLOR
350
B
  3
ACAD_GROUP
350
C
  3
ACAD_LAYOUT
350
D
  3
ACAD_MATERIAL
350
E
  3
ACAD_MLEADERSTYLE
350
F
  3
ACAD_MLINESTYLE
350
10
  3
ACAD_PLOTSETTINGS
350
11
  3
ACAD_PLOTSTYLENAME
350
12
  3
ACAD_SCALELIST
350
14
  3
ACAD_TABLESTYLE
350
15
  3
ACAD_VISUALSTYLE
350
16
  3
EZDXF_META
350
2D
  0
DICTIONARY
  5
B
330
A
100
AcDbDictionary
281
1
  0
DICTIONARY
  5
C
330
A
100
AcDbDictionary
281
1
  0
DICTIONARY
  5
D
330
A
100
AcDbDictionary
281
1
  3
Model
350
1A
  3
Layout1
350
1E
  0
DICTIONARY
  5
E
330
A
100
AcDbDictionary
281
1
  3
ByBlock
350
1F
  3
ByLayer
350
20
  3
Global
350
21
  0
DICTIONARY
  5
F
330
A
100
AcDbDictionary
281
1
  3
Standard
350
2C
  0
DICTIONARY
  5
10
330
A
100
AcDbDictionary
281
1
  3
Standard
350
22
  0
DICTIONARY
  5
11
330
A
100
AcDbDictionary
281
1
  0
ACDBDICTIONARYWDFLT
  5
12
330
A
100
AcDbDictionary
281
1
  3
Normal
350
13
100
AcDbDictionaryWithDefault
340
13
  0
ACDBPLACEHOLDER
  5
13
330
12
  0
DICTIONARY
  5
14
330
A
100
AcDbDictionary
281
1
  0
DICTIONARY
  5
15
330
A
100
AcDbDictionary
281
1
  0
DICTIONARY
  5
16
330
A
100
AcDbDictionary
281
1
  3
2dWireframe
350
5A
  3
Basic
350
5B
  3
Brighten
350
5C
  3
ColorChange
350
5D
  3
Conceptual
350
5E
  3
Dim
350
5F
  3
EdgeColorOff
350
60
  3
Facepattern
350
61
  3
Flat
350
62
  3
FlatWithEdges
350
63
  3
Gouraud
350
64
  3
GouraudWithEdges
350
65
  3
Hidden
350
66
  3
JitterOff
350
67
  3
Linepattern
350
68
  3
Modeling
350
69
  3
OverhangOff
350
6A
  3
Realistic
350
6B
  3
Shaded
350
6C
  3
Shaded with edges
350
6D
  3
Shades of Gray
350
6E
  3
Sketchy
350
6F
  3
Thicken
350
70
  3
Wireframe
350
71
  3
X-Ray
350
72
  0
LAYOUT
  5
1A
330
D
100
AcDbPlotSettings
  1

  4
A3
  6

 40
7.5
 41
20.0
 42
7.5
 43
20.0
 44
420.0
 45
297.0
 46
0.0
 47
0.0
 48
0.0
 49
0.0
140
0.0
141
0.0
142
1.0
143
1.0
 70
1024
 72
1
 73
0
 74
5
  7

 75
16
 76
0
 77
2
 78
300
147
1.0
148
0.0
149
0.0
100
AcDbLayout
  1
Model
 70
1
 71
0
 10
0.0
 20
0.0
 11
420.0
 21
297.0
 12
0.0
 22
0.0
 32
0.0
 14
1e+20
 24
1e+20
 34
1e+20
 15
-1e+20
 25
-1e+20
 35
-1e+20
146
0.0
 13
0.0
 23
0.0
 33
0.0
 16
1.0
 26
0.0
 36
0.0
 17
0.0
 27
1.0
 37
0.0
 76
1
330
17
  0
LAYOUT
  5
1E
330
D
100
AcDbPlotSettings
  1

  4
A3
  6

 40
7.5
 41
20.0
 42
7.5
 43
20.0
 44
420.0
 45
297.0
 46
0.0
 47
0.0
 48
0.0
 49
0.0
140
0.0
141
0.0
142
1.0
143
1.0
 70
0
 72
1
 73
0
 74
5
  7

 75
16
 76
0
 77
2
 78
300
147
1.0
148
0.0
149
0.0
100
AcDbLayout
  1
Layout1
 70
1
 71
1
 10
0.0
 20
0.0
 11
420.0
 21
297.0
 12
0.0
 22
0.0
 32
0.0
 14
1e+20
 24
1e+20
 34
1e+20
 15
-1e+20
 25
-1e+20
 35
-1e+20
146
0.0
 13
0.0
 23
0.0
 33
0.0
 16
1.0
 26
0.0
 36
0.0
 17
0.0
 27
1.0
 37
0.0
 76
1
330
1B
  0
MATERIAL
  5
1F
102
{ACAD_REACTORS
330
E
102
}
330
E
100
AcDbMaterial
  1
ByBlock
  2

 70
0
 40
1.0
 71
1
 41
1.0
 91
-1023410177
 42
1.0
 72
1
  3

 73
1
 74
1
 75
1
 44
0.5
 73
0
 45
1.0
 46
1.0
 77
1
  4

 78
1
 79
1
170
1
 48
1.0
171
1
  6

172
1
173
1
174
1
140
1.0
141
1.0
175
1
  7

176
1
177
1
178
1
143
1.0
179
1
  8

270
1
271
1
272
1
145
1.0
146
1.0
273
1
  9

274
1
275
1
276
1
 42
1.0
 72
1
  3

 73
1
 74
1
 75
1
 94
63
  0
MATERIAL
  5
20
102
{ACAD_REACTORS
330
E
102
}
330
E
100
AcDbMaterial
  1
ByLayer
  2

 70
0
 40
1.0
 71
1
 41
1.0
 91
-1023410177
 42
1.0
 72
1
  3

 73
1
 74
1
 75
1
 44
0.5
 73
0
 45
1.0
 46
1.0
 77
1
  4

 78
1
 79
1
170
1
 48
1.0
171
1
  6

172
1
173
1
174
1
140
1.0
141
1.0
175
1
  7

176
1
177
1
178
1
143
1.0
179
1
  8

270
1
271
1
272
1
145
1.0
146
1.0
273
1
  9

274
1
275
1
276
1
 42
1.0
 72
1
  3

 73
1
 74
1
 75
1
 94
63
  0
MATERIAL
  5
21
102
{ACAD_REACTORS
330
E
102
}
330
E
100
AcDbMaterial
  1
Global
  2

 70
0
 40
1.0
 71
1
 41
1.0
 91
-1023410177
 42
1.0
 72
1
  3

 73
1
 74
1
 75
1
 44
0.5
 73
0
 45
1.0
 46
1.0
 77
1
  4

 78
1
 79
1
170
1
 48
1.0
171
1
  6

172
1
173
1
174
1
140
1.0
141
1.0
175
1
  7

176
1
177
1
178
1
143
1.0
179
1
  8

270
1
271
1
272
1
145
1.0
146
1.0
273
1
  9

274
1
275
1
276
1
 42
1.0
 72
1
  3

 73
1
 74
1
 75
1
 94
63
  0
MLINESTYLE
  5
22
102
{ACAD_REACTORS
330
10
102
}
330
10
100
AcDbMlineStyle
  2
Standard
 70
0
  3

 62
256
 51
90.0
 52
90.0
 71
2
 49
0.5
 62
256
  6
BYLAYER
 49
-0.5
 62
256
  6
BYLAYER
  0
MLEADERSTYLE
  5
2C
102
{ACAD_REACTORS
330
F
102
}
330
F
100
AcDbMLeaderStyle
179
2
170
2
171
1
172
0
 90
2
 40
0.0
 41
0.0
173
1
 91
-1056964608
 92
-2
290
1
 42
2.0
291
1
 43
8.0
  3
Standard
 44
4.0
300

342
29
174
1
175
1
176
0
178
1
 93
-1056964608
 45
4.0
292
0
297
0
 46
4.0
 94
-1056964608
 47
1.0
 49
1.0
140
1.0
294
1
141
0.0
177
0
142
1.0
295
0
296
0
143
3.75
271
0
272
9
273
9
  0
DICTIONARY
  5
2D
330
A
100
AcDbDictionary
280
1
281
1
  3
CREATED_BY_EZDXF
350
2E
  3
WRITTEN_BY_EZDXF
350
1C0
  0
DICTIONARYVAR
  5
2E
330
2D
100
DictionaryVariables
280
0
  1
1.4.4 @ 2026-10-01T21:35:16.661098+00:00
  0
VISUALSTYLE
  5
5A
102
{ACAD_REACTORS
330
16
102
}
330
16
100
AcDbVisualStyle
  2
2dWireframe
 70
4
 90
0
 40
0.6
 62
7
290
0
291
0
  0
VISUALSTYLE
  5
5B
102
{ACAD_REACTORS
330
16
102
}
330
16
100
AcDbVisualStyle
  2
Basic
 70
7
 90
1
 40
0.6
 62
7
290
0
291
1
  0
VISUALSTYLE
  5
5C
102
{ACAD_REACTORS
330
16
102
}
330
16
100
AcDbVisualStyle
  2
Brighten
 70
12
 90
2
 40
0.6
 62
7
290
0
291
1
  0
VISUALSTYLE
  5
5D
102
{ACAD_REACTORS
330
16
102
}
330
16
100
AcDbVisualStyle
  2
ColorChange
 70
16
 90
2
 40
0.6
 62
8
290
0
291
1
  0
VISUALSTYLE
  5
5E
102
{ACAD_REACTORS
330
16
102
}
330
16
100
AcDbVisualStyle
  2
Conceptual
 70
9
 90
3
 40
0.6
 62
7
290
0
291
0
  0
VISUALSTYLE
  5
5F
102
{ACAD_REACTORS
330
16
102
}
330
16
100
AcDbVisualStyle
  2
Dim
 70
11
 90
2
 40
0.6
 62
7
290
0
291
1
  0
VISUALSTYLE
  5
60
102
{ACAD_REACTORS
330
16
102
}
330
16
100
AcDbVisualStyle
  2
EdgeColorOff
 70
22
 90
2
 40
0.6
 62
7
290
0
291
1
  0
VISUALSTYLE
  5
61
102
{ACAD_REACTORS
330
16
102
}
330
16
100
AcDbVisualStyle
  2
Facepattern
 70
15
 90
2
 40
0.6
 62
7
290
0
291
1
  0
VISUALSTYLE
  5
62
102
{ACAD_REACTORS
330
16
102
}
330
16
100
AcDbVisualStyle
  2
Flat
 70
0
 90
2
 40
0.6
 62
7
290
0
291
1
  0
VISUALSTYLE
  5
63
102
{ACAD_REACTORS
330
16
102
}
330
16
100
AcDbVisualStyle
  2
FlatWithEdges
 70
1
 90
2
 40
0.6
 62
7
290
0
291
1
  0
VISUALSTYLE
  5
64
102
{ACAD_REACTORS
330
16
102
}
330
16
100
AcDbVisualStyle
  2
Gouraud
 70
2
 90
2
 40
0.6
 62
7
290
0
291
1
  0
VISUALSTYLE
  5
65
102
{ACAD_REACTORS
330
16
102
}
330
16
100
AcDbVisualStyle
  2
GouraudWithEdges
 70
3
 90
2
 40
0.6
 62
7
290
0
291
1
  0
VISUALSTYLE
  5
66
102
{ACAD_REACTORS
330
16
102
}
330
16
100
AcDbVisualStyle
  2
Hidden
 70
6
 90
1
 40
0.6
 62
7
290
0
291
0
  0
VISUALSTYLE
  5
67
102
{ACAD_REACTORS
330
16
102
}
330
16
100
AcDbVisualStyle
  2
JitterOff
 70
20
 90
2
 40
0.6
 62
7
290
0
291
1
  0
VISUALSTYLE
  5
68
102
{ACAD_REACTORS
330
16
102
}
330
16
100
AcDbVisualStyle
  2
Linepattern
 70
14
 90
2
 40
0.6
 62
7
290
0
291
1
  0
VISUALSTYLE
  5
69
102
{ACAD_REACTORS
330
16
102
}
330
16
100
AcDbVisualStyle
  2
Modeling
 70
10
 90
2
 40
0.6
 62
7
290
0
291
0
  0
VISUALSTYLE
  5
6A
102
{ACAD_REACTORS
330
16
102
}
330
16
100
AcDbVisualStyle
  2
OverhangOff
 70
21
 90
2
 40
0.6
 62
7
290
0
291
1
  0
VISUALSTYLE
  5
6B
102
{ACAD_REACTORS
330
16
102
}
330
16
100
AcDbVisualStyle
  2
Realistic
 70
8
 90
2
 40
0.6
 62
7
290
0
291
0
  0
VISUALSTYLE
  5
6C
102
{ACAD_REACTORS
330
16
102
}
330
16
100
AcDbVisualStyle
  2
Shaded
 70
27
 90
2
 40
0.6
 62
7
290
0
291
0
  0
VISUALSTYLE
  5
6D
102
{ACAD_REACTORS
330
16
102
}
330
16
100
AcDbVisualStyle
  2
Shaded with edges
 70
26
 90
2
 40
0.6
 62
7
290
0
291
0
  0
VISUALSTYLE
  5
6E
102
{ACAD_REACTORS
330
16
102
}
330
16
100
AcDbVisualStyle
  2
Shades of Gray
 70
23
 90
2
 40
0.6
 62
7
290
0
291
0
  0
VISUALSTYLE
  5
6F
102
{ACAD_REACTORS
330
16
102
}
330
16
100
AcDbVisualStyle
  2
Sketchy
 70
24
 90
1
 40
0.6
 62
7
290
0
291
0
  0
VISUALSTYLE
  5
70
102
{ACAD_REACTORS
330
16
102
}
330
16
100
AcDbVisualStyle
  2
Thicken
 70
13
 90
2
 40
0.6
 62
7
290
0
291
1
  0
VISUALSTYLE
  5
71
102
{ACAD_REACTORS
330
16
102
}
330
16
100
AcDbVisualStyle
  2
Wireframe
 70
5
 90
0
 40
0.6
 62
7
290
0
291
0
  0
VISUALSTYLE
  5
72
102
{ACAD_REACTORS
330
16
102
}
330
16
100
AcDbVisualStyle
  2
X-Ray
 70
25
 90
2
 40
0.5
 62
7
290
0
291
0
  0
DICTIONARYVAR
  5
1C0
330
2D
100
DictionaryVariables
280
0
  1
1.4.4 @ 2026-10-01T21:35:16.749960+00:00
  0
ENDSEC
  0
EOF
