# https://github.com/mikedh/trimesh
v 0.00000000 0.00000000 55.00000000
v 0.93356524 7.43918785 52.68876222
v 0.93356524 7.27983731 54.07313280
v 0.93356524 7.09327534 54.95856699
v 0.93356524 6.89006697 55.71704267
v 0.93356524 6.67375844 56.40070025
v 0.93356524 6.44681904 57.03111741
v 0.93356524 6.21129384 57.61969435
v 0.93356524 5.96899724 58.17325581
v 0.93356524 5.72158677 58.69620722
v 0.93356524 5.47059377 59.19153516
v 0.93356524 5.21743549 59.66133196
v 0.93356524 4.96341806 60.10709592
v 0.93356524 4.70973494 60.52991477
v 0.93356524 4.45746264 60.93058380
v 0.93356524 4.20755512 61.30968501
v 0.93356524 3.96083728 61.66764219
v 0.93356524 3.71799791 62.00476015
v 0.93356524 3.47958205 62.32125356
v 0.93356524 3.24598283 62.61726844
v 0.93356524 3.01743225 62.89289853
v 0.93356524 2.79399047 63.14819801
v 0.93356524 2.57553259 63.38319137
v 0.93356524 2.36173132 63.59788129
v 0.93356524 2.15203297 63.79225496
v 0.93356524 1.94562216 63.96628909
v 0.93356524 1.74136717 64.11995406
v 0.93356524 1.53773001 64.25321719
v 0.93356524 1.33260853 64.36604544
v 0.93356524 1.12303389 64.45840758
v 0.93356524 0.90451748 64.53027592
v 0.93356524 0.66935568 64.58162759
v 0.93356524 0.40047861 64.61244559
v 0.93356524 -0.01545116 64.62271943
v 0.93356524 -0.43138094 64.61244559
v 0.93356524 -0.70025800 64.58162759
v 0.93356524 -0.93541980 64.53027592
v 0.93356524 -1.15393622 64.45840758
v 0.93356524 -1.36351085 64.36604544
v 0.93356524 -1.56863233 64.25321719
v 0.93356524 -1.77226949 64.11995406
v 0.93356524 -1.97652448 63.96628909
v 0.93356524 -2.18293529 63.79225496
v 0.93356524 -2.39263365 63.59788129
v 0.93356524 -2.60643492 63.38319137
v 0.93356524 -2.82489279 63.14819801
v 0.93356524 -3.04833457 62.89289853
v 0.93356524 -3.27688515 62.61726844
v 0.93356524 -3.51048437 62.32125356
v 0.93356524 -3.74890023 62.00476015
v 0.93356524 -3.99173961 61.66764219
v 0.93356524 -4.23845744 61.30968501
v 0.93356524 -4.48836497 60.93058380
v 0.93356524 -4.74063727 60.52991477
v 0.93356524 -4.99432039 60.10709592
v 0.93356524 -5.24833781 59.66133196
v 0.93356524 -5.50149610 59.19153516
v 0.93356524 -5.75248909 58.69620722
v 0.93356524 -5.99989957 58.17325581
v 0.93356524 -6.24219617 57.61969435
v 0.93356524 -6.47772136 57.03111741
v 0.93356524 -6.70466076 56.40070025
v 0.93356524 -6.92096930 55.71704267
v 0.93356524 -7.12417766 54.95856699
v 0.93356524 -7.31073963 54.07313280
v 0.93356524 -7.47009018 52.68876222
v 0.93356524 -7.46510026 51.73052763
v 0.93356524 -7.45012650 51.28135450
v 0.93356524 -7.42515668 50.92774572
v 0.93356524 -7.39017010 50.62578608
v 0.93356524 -7.34513691 50.35821362
v 0.93356524 -7.29001729 50.11613629
v 0.93356524 -7.22476025 49.89428234
v 0.93356524 -7.14930213 49.68924094
v 0.93356524 -7.06356465 49.49866959
v 0.93356524 -6.96745252 49.32088859
v 0.93356524 -6.86085041 49.15465379
v 0.93356524 -6.74361921 48.99902016
v 0.93356524 -6.61559132 48.85325554
v 0.93356524 -6.47656477 48.71678361
v 0.93356524 -6.32629576 48.58914482
v 0.93356524 -6.16448913 48.46996892
v 0.93356524 -5.99078610 48.35895501
v 0.93356524 -5.80474812 48.25585695
v 0.93356524 -5.60583554 48.16047223
v 0.93356524 -5.39337855 48.07263358
v 0.93356524 -5.16653712 47.99220242
v 0.93356524 -4.92424410 47.91906379
v 0.93356524 -4.66512212 47.85312222
v 0.93356524 -4.38735775 47.79429859
v 0.93356524 -4.08850277 47.74252753
v 0.93356524 -3.76514293 47.69775533
v 0.93356524 -3.41230680 47.65993831
v 0.93356524 -3.02231064 47.62904149
v 0.93356524 -2.58219396 47.60503755
v 0.93356524 -2.06679686 47.58790601
v 0.93356524 -1.41211140 47.57763266
v 0.93356524 -0.01545117 47.57420913
v 0.93356524 1.38120908 47.57763266
v 0.93356524 2.03589454 47.58790601
v 0.93356524 2.55129164 47.60503755
v 0.93356524 2.99140832 47.62904149
v 0.93356524 3.38140447 47.65993831
v 0.93356524 3.73424060 47.69775533
v 0.93356524 4.05760045 47.74252753
v 0.93356524 4.35645542 47.79429859
v 0.93356524 4.63421980 47.85312222
v 0.93356524 4.89334178 47.91906379
v 0.93356524 5.13563479 47.99220242
v 0.93356524 5.36247622 48.07263358
v 0.93356524 5.57493322 48.16047223
v 0.93356524 5.77384580 48.25585695
v 0.93356524 5.95988377 48.35895501
v 0.93356524 6.13358681 48.46996892
v 0.93356524 6.29539343 48.58914482
v 0.93356524 6.44566245 48.71678361
v 0.93356524 6.58468899 48.85325554
v 0.93356524 6.71271688 48.99902016
v 0.93356524 6.82994808 49.15465379
v 0.93356524 6.93655019 49.32088859
v 0.93356524 7.03266233 49.49866959
v 0.93356524 7.11839981 49.68924094
v 0.93356524 7.19385793 49.89428234
v 0.93356524 7.25911497 50.11613629
v 0.93356524 7.31423459 50.35821362
v 0.93356524 7.35926777 50.62578608
v 0.93356524 7.39425436 50.92774572
v 0.93356524 7.41922417 51.28135450
v 0.93356524 7.43419794 51.73052763
v 1.87644001 10.47418864 52.13735137
v 1.87644001 10.25003903 54.18745837
v 1.87644001 9.98743828 55.49937275
v 1.87644001 9.70132480 56.62335119
v 1.87644001 9.39670875 57.63655778
v 1.87644001 9.07707640 58.57092835
v 1.87644001 8.74531385 59.44333598
v 1.87644001 8.40398098 60.26388158
v 1.87644001 8.05541602 61.03908504
v 1.87644001 7.70177901 61.77336602
v 1.87644001 7.34506893 62.46982046
v 1.87644001 6.98712808 63.13066497
v 1.87644001 6.62963977 63.75750842
v 1.87644001 6.27412246 64.35152676
v 1.87644001 5.92192181 64.91358029
v 1.87644001 5.57420150 65.44429505
v 1.87644001 5.23193335 65.94412109
v 1.87644001 4.89588654 66.41337498
v 1.87644001 4.56661607 66.85227176
v 1.87644001 4.24444985 67.26094915
v 1.87644001 3.92947355 67.63948632
v 1.87644001 3.62151200 67.98791857
v 1.87644001 3.32010481 68.30624901
v 1.87644001 3.02447256 68.59445782
v 1.87644001 2.73346708 68.85250982
v 1.87644001 2.44549452 69.08036045
v 1.87644001 2.15838874 69.27796075
v 1.87644001 1.86918896 69.44526128
v 1.87644001 1.57371383 69.58221539
v 1.87644001 1.26564187 69.68878169
v 1.87644001 0.93412481 69.76492606
v 1.87644001 0.55512801 69.81062311
v 1.87644001 -0.03085082 69.82585722
v 1.87644001 -0.61682965 69.81062311
v 1.87644001 -0.99582645 69.76492606
v 1.87644001 -1.32734352 69.68878169
v 1.87644001 -1.63541547 69.58221539
v 1.87644001 -1.93089061 69.44526128
v 1.87644001 -2.22009038 69.27796075
v 1.87644001 -2.50719616 69.08036045
v 1.87644001 -2.79516873 68.85250982
v 1.87644001 -3.08617420 68.59445782
v 1.87644001 -3.38180646 68.30624901
v 1.87644001 -3.68321364 67.98791857
v 1.87644001 -3.99117519 67.63948632
v 1.87644001 -4.30615149 67.26094915
v 1.87644001 -4.62831772 66.85227176
v 1.87644001 -4.95758818 66.41337498
v 1.87644001 -5.29363499 65.94412109
v 1.87644001 -5.63590315 65.44429505
v 1.87644001 -5.98362345 64.91358029
v 1.87644001 -6.33582411 64.35152676
v 1.87644001 -6.69134141 63.75750842
v 1.87644001 -7.04882972 63.13066497
v 1.87644001 -7.40677057 62.46982046
v 1.87644001 -7.76348065 61.77336602
v 1.87644001 -8.11711766 61.03908504
v 1.87644001 -8.46568262 60.26388158
v 1.87644001 -8.80701549 59.44333598
v 1.87644001 -9.13877804 58.57092835
v 1.87644001 -9.45841039 57.63655778
v 1.87644001 -9.76302644 56.62335119
v 1.87644001 -10.04913993 55.49937275
v 1.87644001 -10.31174068 54.18745837
v 1.87644001 -10.53589029 52.13735137
v 1.87644001 -10.52885853 50.71705651
v 1.87644001 -10.50775757 50.05129230
v 1.87644001 -10.47257023 49.52717353
v 1.87644001 -10.42326731 49.07960909
v 1.87644001 -10.35980678 48.68301332
v 1.87644001 -10.28213249 48.32420641
v 1.87644001 -10.19017260 47.99537460
v 1.87644001 -10.08383740 47.69146232
v 1.87644001 -9.96301657 47.40899755
v 1.87644001 -9.82757585 47.14549065
v 1.87644001 -9.67735270 46.89909749
v 1.87644001 -9.51215108 46.66841740
v 1.87644001 -9.33173483 46.45236516
v 1.87644001 -9.13581932 46.25008652
v 1.87644001 -8.92406099 46.06090037
v 1.87644001 -8.69604392 45.88425789
v 1.87644001 -8.45126249 45.71971314
v 1.87644001 -8.18909872 45.56690124
v 1.87644001 -7.90879211 45.42552204
v 1.87644001 -7.60939880 45.29532764
v 1.87644001 -7.28973500 45.17611262
v 1.87644001 -6.94829692 45.06770657
v 1.87644001 -6.58314354 44.96996800
v 1.87644001 -6.19171939 44.88277965
v 1.87644001 -5.77057448 44.80604460
v 1.87644001 -5.31489743 44.73968327
v 1.87644001 -4.81768254 44.68363091
v 1.87644001 -4.26810194 44.63783566
v 1.87644001 -3.64789175 44.60225702
v 1.87644001 -2.92159677 44.57686466
v 1.87644001 -1.99901734 44.56163750
v 1.87644001 -0.03085084 44.55656315
v 1.87644001 1.93731570 44.56163750
v 1.87644001 2.85989513 44.57686466
v 1.87644001 3.58619010 44.60225702
v 1.87644001 4.20640029 44.63783566
v 1.87644001 4.75598090 44.68363091
v 1.87644001 5.25319578 44.73968327
v 1.87644001 5.70887283 44.80604460
v 1.87644001 6.13001775 44.88277965
v 1.87644001 6.52144189 44.96996800
v 1.87644001 6.88659528 45.06770657
v 1.87644001 7.22803336 45.17611262
v 1.87644001 7.54769715 45.29532764
v 1.87644001 7.84709047 45.42552204
v 1.87644001 8.12739707 45.56690124
v 1.87644001 8.38956084 45.71971314
v 1.87644001 8.63434228 45.88425789
v 1.87644001 8.86235935 46.06090037
v 1.87644001 9.07411768 46.25008652
v 1.87644001 9.27003319 46.45236516
v 1.87644001 9.45044944 46.66841740
v 1.87644001 9.61565105 46.89909749
v 1.87644001 9.76587420 47.14549065
v 1.87644001 9.90131493 47.40899755
v 1.87644001 10.02213576 47.69146232
v 1.87644001 10.12847096 47.99537460
v 1.87644001 10.22043085 48.32420641
v 1.87644001 10.29810513 48.68301332
v 1.87644001 10.36156567 49.07960909
v 1.87644001 10.41086859 49.52717353
v 1.87644001 10.44605593 50.05129230
v 1.87644001 10.46715688 50.71705651
v 2.82862121 12.77228820 51.82287471
v 2.82862121 12.49926518 54.40047288
v 2.82862121 12.17919667 56.05078884
v 2.82862121 11.83037134 57.46490830
v 2.82862121 11.45891817 58.73978677
v 2.82862121 11.06909909 59.91555412
v 2.82862121 10.66444086 61.01341310
v 2.82862121 10.24807079 62.04605631
v 2.82862121 9.82284499 63.02167612
v 2.82862121 9.39140171 63.94582541
v 2.82862121 8.95618236 64.82239350
v 2.82862121 8.51943696 65.65416456
v 2.82862121 8.08322141 66.44315897
v 2.82862121 7.64939029 67.19085306
v 2.82862121 7.21958721 67.89832643
v 2.82862121 6.79523368 68.56636437
v 2.82862121 6.37751692 69.19553094
v 2.82862121 5.96737686 69.78622259
v 2.82862121 5.56549195 70.33870817
v 2.82862121 5.17226347 70.85315943
v 2.82862121 4.78779706 71.32967459
v 2.82862121 4.41187999 71.76829685
v 2.82862121 4.04395151 72.16902901
v 2.82862121 3.68306151 72.53184514
v 2.82862121 3.32781004 72.85670008
v 2.82862121 2.97625340 73.14353700
v 2.82862121 2.62574987 73.39229360
v 2.82862121 2.27268852 73.60290710
v 2.82862121 1.91196998 73.77531832
v 2.82862121 1.53588534 73.90947476
v 2.82862121 1.13120650 74.00533320
v 2.82862121 0.66863029 74.06286149
v 2.82862121 -0.04621462 74.08203981
v 2.82862121 -0.76105954 74.06286149
v 2.82862121 -1.22363575 74.00533320
v 2.82862121 -1.62831458 73.90947476
v 2.82862121 -2.00439923 73.77531832
v 2.82862121 -2.36511777 73.60290710
v 2.82862121 -2.71817911 73.39229360
v 2.82862121 -3.06868265 73.14353700
v 2.82862121 -3.42023929 72.85670008
v 2.82862121 -3.77549075 72.53184514
v 2.82862121 -4.13638075 72.16902901
v 2.82862121 -4.50430924 71.76829685
v 2.82862121 -4.88022630 71.32967459
v 2.82862121 -5.26469272 70.85315943
v 2.82862121 -5.65792120 70.33870817
v 2.82862121 -6.05980610 69.78622259
v 2.82862121 -6.46994617 69.19553094
v 2.82862121 -6.88766293 68.56636437
v 2.82862121 -7.31201646 67.89832643
v 2.82862121 -7.74181954 67.19085306
v 2.82862121 -8.17565066 66.44315897
v 2.82862121 -8.61186621 65.65416456
v 2.82862121 -9.04861160 64.82239350
v 2.82862121 -9.48383095 63.94582541
v 2.82862121 -9.91527424 63.02167612
v 2.82862121 -10.34050004 62.04605631
v 2.82862121 -10.75687011 61.01341310
v 2.82862121 -11.16152834 59.91555412
v 2.82862121 -11.55134741 58.73978677
v 2.82862121 -11.92280058 57.46490830
v 2.82862121 -12.27162592 56.05078884
v 2.82862121 -12.59169443 54.40047288
v 2.82862121 -12.86471745 51.82287471
v 2.82862121 -12.85613712 50.03557972
v 2.82862121 -12.83038923 49.19778395
v 2.82862121 -12.78745279 48.53823439
v 2.82862121 -12.72729218 47.97502058
v 2.82862121 -12.64985610 47.47594561
v 2.82862121 -12.55507606 47.02442402
v 2.82862121 -12.44286438 46.61062300
v 2.82862121 -12.31311160 46.22818067
v 2.82862121 -12.16568311 45.87272781
v 2.82862121 -12.00041506 45.54113148
v 2.82862121 -11.81710915 45.23107104
v 2.82862121 -11.61552615 44.94078387
v 2.82862121 -11.39537788 44.66890434
v 2.82862121 -11.15631705 44.41435749
v 2.82862121 -10.89792442 44.17628618
v 2.82862121 -10.61969248 43.95399979
v 2.82862121 -10.32100427 43.74693714
v 2.82862121 -10.00110571 43.55463908
v 2.82862121 -9.65906882 43.37672791
v 2.82862121 -9.29374186 43.21289164
v 2.82862121 -8.90368039 43.06287181
v 2.82862121 -8.48704939 42.92645394
v 2.82862121 -8.04148042 42.80346001
v 2.82862121 -7.56385522 42.69374244
v 2.82862121 -7.04996402 42.59717928
v 2.82862121 -6.49393589 42.51367037
v 2.82862121 -5.88722228 42.44313423
v 2.82862121 -5.21661075 42.38550562
v 2.82862121 -4.45981530 42.34073357
v 2.82862121 -3.57357264 42.30877989
v 2.82862121 -2.44781894 42.28961808
v 2.82862121 -0.04621465 42.28323253
v 2.82862121 2.35538969 42.28961808
v 2.82862121 3.48114339 42.30877989
v 2.82862121 4.36738606 42.34073357
v 2.82862121 5.12418150 42.38550562
v 2.82862121 5.79479303 42.44313423
v 2.82862121 6.40150664 42.51367037
v 2.82862121 6.95753478 42.59717928
v 2.82862121 7.47142598 42.69374244
v 2.82862121 7.94905117 42.80346001
v 2.82862121 8.39462014 42.92645394
v 2.82862121 8.81125114 43.06287181
v 2.82862121 9.20131262 43.21289164
v 2.82862121 9.56663957 43.37672791
v 2.82862121 9.90867646 43.55463908
v 2.82862121 10.22857502 43.74693714
v 2.82862121 10.52726324 43.95399979
v 2.82862121 10.80549518 44.17628618
v 2.82862121 11.06388780 44.41435749
v 2.82862121 11.30294864 44.66890434
v 2.82862121 11.52309690 44.94078387
v 2.82862121 11.72467990 45.23107104
v 2.82862121 11.90798582 45.54113148
v 2.82862121 12.07325387 45.87272781
v 2.82862121 12.22068235 46.22818067
v 2.82862121 12.35043514 46.61062300
v 2.82862121 12.46264681 47.02442402
v 2.82862121 12.55742685 47.47594561
v 2.82862121 12.63486293 47.97502058
v 2.82862121 12.69502354 48.53823439
v 2.82862121 12.73795998 49.19778395
v 2.82862121 12.76370788 50.03557972
v 3.79010370 14.68309082 51.62733067
v 3.79010370 14.36959901 54.65722002
v 3.79010370 14.00184882 56.59810367
v 3.79010370 13.60094562 58.26145663
v 3.79010370 13.17395691 59.76117386
v 3.79010370 12.72579405 61.14439993
v 3.79010370 12.26051945 62.43604434
v 3.79010370 11.78173457 63.65101836
v 3.79010370 11.29272806 64.79894591
v 3.79010370 10.79653743 65.88634966
v 3.79010370 10.29597350 66.91779760
v 3.79010370 9.79362667 67.89655922
v 3.79010370 9.29186388 68.82500658
v 3.79010370 8.79282037 69.70487244
v 3.79010370 8.29838858 70.53742350
v 3.79010370 7.81020534 71.32358065
v 3.79010370 7.32963791 72.06400492
v 3.79010370 6.85776894 72.75916041
v 3.79010370 6.39538029 73.40936138
v 3.79010370 5.94293483 74.01480810
v 3.79010370 5.50055532 74.57561450
v 3.79010370 5.06799826 75.09182995
v 3.79010370 4.64461976 75.56345643
v 3.79010370 4.22932810 75.99046232
v 3.79010370 3.82051417 76.37279343
v 3.79010370 3.41594353 76.71038200
v 3.79010370 -3.53906235 76.71038200
v 3.79010370 -3.94363299 76.37279343
v 3.79010370 -4.35244692 75.99046232
v 3.79010370 -4.76773858 75.56345643
v 3.79010370 -5.19111709 75.09182995
v 3.79010370 -5.62367414 74.57561450
v 3.79010370 -6.06605366 74.01480810
v 3.79010370 -6.51849911 73.40936138
v 3.79010370 -6.98088777 72.75916041
v 3.79010370 -7.45275673 72.06400492
v 3.79010370 -7.93332417 71.32358065
v 3.79010370 -8.42150740 70.53742350
v 3.79010370 -8.91593919 69.70487244
v 3.79010370 -9.41498270 68.82500658
v 3.79010370 -9.91674549 67.89655922
v 3.79010370 -10.41909232 66.91779760
v 3.79010370 -10.91965625 65.88634966
v 3.79010370 -11.41584688 64.79894591
v 3.79010370 -11.90485340 63.65101836
v 3.79010370 -12.38363827 62.43604434
v 3.79010370 -12.84891287 61.14439993
v 3.79010370 -13.29707574 59.76117386
v 3.79010370 -13.72406444 58.26145663
v 3.79010370 -14.12496764 56.59810367
v 3.79010370 -14.49271784 54.65722002
v 3.79010370 -14.80620964 51.62733067
v 3.79010370 -14.79634001 49.52460111
v 3.79010370 -14.76672315 48.53894517
v 3.79010370 -14.71733495 47.76299360
v 3.79010370 -14.64813443 47.10037980
v 3.79010370 -14.55906256 46.51322451
v 3.79010370 -14.45004058 45.98201517
v 3.79010370 -14.32096764 45.49518361
v 3.79010370 -14.17171781 45.04524512
v 3.79010370 -14.00213627 44.62705941
v 3.79010370 -13.81203454 44.23694058
v 3.79010370 -13.60118451 43.87215847
v 3.79010370 -13.36931104 43.53063935
v 3.79010370 -13.11608262 43.21077659
v 3.79010370 -12.84109978 42.91130549
v 3.79010370 -12.54388028 42.63121766
v 3.79010370 -12.22384036 42.36970058
v 3.79010370 -11.88027034 42.12609404
v 3.79010370 -11.51230285 41.89985785
v 3.79010370 -11.11887045 41.69054765
v 3.79010370 -10.69864835 41.49779638
v 3.79010370 -10.24997505 41.32129998
v 3.79010370 -9.77073980 41.16080611
v 3.79010370 -9.25821827 41.01610533
v 3.79010370 -8.70882366 40.88702402
v 3.79010370 -8.11771360 40.77341871
v 3.79010370 -7.47813497 40.67517155
v 3.79010370 -6.78025472 40.59218669
v 3.79010370 -6.00887506 40.52438737
v 3.79010370 -5.13836121 40.47171363
v 3.79010370 -4.11894902 40.43412054
v 3.79010370 -2.82403613 40.41157692
v 3.79010370 -0.06155944 40.40406440
v 3.79010370 2.70091731 40.41157692
v 3.79010370 3.99583019 40.43412054
v 3.79010370 5.01524239 40.47171363
v 3.79010370 5.88575624 40.52438737
v 3.79010370 6.65713590 40.59218669
v 3.79010370 7.35501615 40.67517155
v 3.79010370 7.99459478 40.77341871
v 3.79010370 8.58570484 40.88702402
v 3.79010370 9.13509945 41.01610533
v 3.79010370 9.64762098 41.16080611
v 3.79010370 10.12685622 41.32129998
v 3.79010370 10.57552953 41.49779638
v 3.79010370 10.99575163 41.69054765
v 3.79010370 11.38918402 41.89985785
v 3.79010370 11.75715152 42.12609404
v 3.79010370 12.10072154 42.36970058
v 3.79010370 12.42076146 42.63121766
v 3.79010370 12.71798095 42.91130549
v 3.79010370 12.99296380 43.21077659
v 3.79010370 13.24619222 43.53063935
v 3.79010370 13.47806569 43.87215847
v 3.79010370 13.68891571 44.23694058
v 3.79010370 13.87901744 44.62705941
v 3.79010370 14.04859899 45.04524512
v 3.79010370 14.19784882 45.49518361
v 3.79010370 14.32692176 45.98201517
v 3.79010370 14.43594374 46.51322451
v 3.79010370 14.52501560 47.10037980
v 3.79010370 14.59421613 47.76299360
v 3.79010370 14.64360433 48.53894517
v 3.79010370 14.67322119 49.52460111
v 4.76088025 16.34209909 51.50719518
v 4.76088025 15.99362054 54.93930402
v 4.76088025 15.58456413 57.13894908
v 4.76088025 15.13850724 59.02434623
v 4.76088025 14.66333928 60.72442762
v 4.76088025 14.16453918 62.29256607
v 4.76088025 13.64663705 63.75696237
v 4.76088025 13.11364795 65.13449774
v 4.76088025 12.56923766 66.43606694
v 4.76088025 12.01679180 67.66905337
v 4.76088025 11.45944316 68.83862719
v 4.76088025 10.90007883 69.94848828
v 4.76088025 10.34133688 71.00132037
v 4.76088025 9.78559721 71.99908335
v 4.76088025 9.23496920 72.94320940
v 4.76088025 8.69127747 73.83473920
v 4.76088025 8.15604633 74.67441926
v 4.76088025 7.63048307 75.46277316
v 4.76088025 7.11545989 76.20015490
v 4.76088025 -7.26926642 76.20015490
v 4.76088025 -7.78428960 75.46277316
v 4.76088025 -8.30985286 74.67441926
v 4.76088025 -8.84508400 73.83473920
v 4.76088025 -9.38877572 72.94320940
v 4.76088025 -9.93940373 71.99908335
v 4.76088025 -10.49514341 71.00132037
v 4.76088025 -11.05388536 69.94848828
v 4.76088025 -11.61324968 68.83862719
v 4.76088025 -12.17059833 67.66905337
v 4.76088025 -12.72304419 66.43606694
v 4.76088025 -13.26745448 65.13449774
v 4.76088025 -13.80044358 63.75696237
v 4.76088025 -14.31834571 62.29256607
v 4.76088025 -14.81714580 60.72442762
v 4.76088025 -15.29231377 59.02434623
v 4.76088025 -15.73837066 57.13894908
v 4.76088025 -16.14742707 54.93930402
v 4.76088025 -16.49590562 51.50719518
v 4.76088025 -16.48491523 49.12328440
v 4.76088025 -16.45193518 48.00582457
v 4.76088025 -16.39693863 47.12611119
v 4.76088025 -16.31987993 46.37489134
v 4.76088025 -16.22069337 45.70922047
v 4.76088025 -16.09929122 45.10697675
v 4.76088025 -15.95556120 44.55504509
v 4.76088025 -15.78936306 44.04493992
v 4.76088025 -15.60052442 43.57083357
v 4.76088025 -15.38883539 43.12854728
v 4.76088025 -15.15404196 42.71498576
v 4.76088025 -14.89583772 42.32779802
v 4.76088025 -14.61385355 41.96516257
v 4.76088025 -14.30764459 41.62564560
v 4.76088025 -13.97667387 41.30810385
v 4.76088025 -13.62029130 41.01161619
v 4.76088025 -13.23770665 40.73543409
v 4.76088025 -12.82795402 40.47894514
v 4.76088025 -12.38984478 40.24164556
v 4.76088025 -11.92190370 40.02311921
v 4.76088025 -11.42228058 39.82302135
v 4.76088025 -10.88862502 39.64106592
v 4.76088025 -10.31790330 39.47701546
v 4.76088025 -9.70612131 39.33067314
v 4.76088025 -9.04788681 39.20187629
v 4.76088025 -8.33567982 39.09049132
v 4.76088025 -7.55855067 38.99640957
v 4.76088025 -6.69957577 38.91954398
v 4.76088025 -5.73020934 38.85982660
v 4.76088025 -4.59503618 38.81720649
v 4.76088025 -3.15307741 38.79164829
v 4.76088025 -0.07690329 38.78313118
v 4.76088025 2.99927088 38.79164829
v 4.76088025 4.44122965 38.81720649
v 4.76088025 5.57640282 38.85982660
v 4.76088025 6.54576924 38.91954398
v 4.76088025 7.40474414 38.99640957
v 4.76088025 8.18187329 39.09049132
v 4.76088025 8.89408028 39.20187629
v 4.76088025 9.55231478 39.33067314
v 4.76088025 10.16409677 39.47701546
v 4.76088025 10.73481850 39.64106592
v 4.76088025 11.26847406 39.82302135
v 4.76088025 11.76809717 40.02311921
v 4.76088025 12.23603826 40.24164556
v 4.76088025 12.67414749 40.47894514
v 4.76088025 13.08390012 40.73543409
v 4.76088025 13.46648478 41.01161619
v 4.76088025 13.82286734 41.30810385
v 4.76088025 14.15383806 41.62564560
v 4.76088025 14.46004702 41.96516257
v 4.76088025 14.74203119 42.32779802
v 4.76088025 15.00023543 42.71498576
v 4.76088025 15.23502886 43.12854728
v 4.76088025 15.44671789 43.57083357
v 4.76088025 15.63555654 44.04493992
v 4.76088025 15.80175467 44.55504509
v 4.76088025 15.94548470 45.10697675
v 4.76088025 16.06688684 45.70922047
v 4.76088025 16.16607340 46.37489134
v 4.76088025 16.24313210 47.12611119
v 4.76088025 16.29812866 48.00582457
v 4.76088025 16.33110870 49.12328440
v 5.74094158 17.81872334 51.44082291
v 5.74094158 17.43923893 55.23817780
v 5.74094158 16.99350160 57.67312527
v 5.74094158 16.50731231 59.76052004
v 5.74094158 15.98929818 61.64292475
v 5.74094158 15.44544673 63.37935891
v 5.74094158 14.88070653 65.00100750
v 5.74094158 14.29946249 66.52653772
v 5.74094158 13.70571754 67.96799638
v 5.74094158 13.10316833 69.33354695
v 5.74094158 12.49523535 70.62890513
v 5.74094158 11.88507081 71.85816054
v 5.74094158 11.27555501 73.02427897
v 5.74094158 10.66928648 74.12942569
v 5.74094158 10.06856851 75.17518239
v 5.74094158 9.47539359 76.16269777
v 5.74094158 -9.65992463 76.16269777
v 5.74094158 -10.25309955 75.17518239
v 5.74094158 -10.85381753 74.12942569
v 5.74094158 -11.46008606 73.02427897
v 5.74094158 -12.06960185 71.85816054
v 5.74094158 -12.67976640 70.62890513
v 5.74094158 -13.28769937 69.33354695
v 5.74094158 -13.89024858 67.96799638
v 5.74094158 -14.48399354 66.52653772
v 5.74094158 -15.06523757 65.00100750
v 5.74094158 -15.62997777 63.37935891
v 5.74094158 -16.17382923 61.64292475
v 5.74094158 -16.69184335 59.76052004
v 5.74094158 -17.17803265 57.67312527
v 5.74094158 -17.62376998 55.23817780
v 5.74094158 -18.00325438 51.44082291
v 5.74094158 -17.99126530 48.80097328
v 5.74094158 -17.95528838 47.56354192
v 5.74094158 -17.89529431 46.58938171
v 5.74094158 -17.81123333 45.75751020
v 5.74094158 -17.70303373 45.02037229
v 5.74094158 -17.57059984 44.35347113
v 5.74094158 -17.41380914 43.74228357
v 5.74094158 -17.23250866 43.17741305
v 5.74094158 -17.02651035 42.65240621
v 5.74094158 -16.79558524 42.16263565
v 5.74094158 -16.53945624 41.70467379
v 5.74094158 -16.25778912 41.27591721
v 5.74094158 -15.95018119 40.87434888
v 5.74094158 -15.61614718 40.49838106
v 5.74094158 -15.25510131 40.14674774
v 5.74094158 -14.86633444 39.81842888
v 5.74094158 -14.44898451 39.51259562
v 5.74094158 -14.00199786 39.22856978
v 5.74094158 -13.52407786 38.96579350
v 5.74094158 -13.01361521 38.72380596
v 5.74094158 -12.46859159 38.50222541
v 5.74094158 -11.88644302 38.30073507
v 5.74094158 -11.26386009 38.11907201
v 5.74094158 -10.59648578 37.95701824
v 5.74094158 -9.87843784 37.81439364
v 5.74094158 -9.10151296 37.69105028
v 5.74094158 -8.25376647 37.58686782
v 5.74094158 -7.31673695 37.50174988
v 5.74094158 -6.25928469 37.43562119
v 5.74094158 -5.02095891 37.38842534
v 5.74094158 -3.44797007 37.36012319
v 5.74094158 -0.09226555 37.35069167
v 5.74094158 3.26343902 37.36012319
v 5.74094158 4.83642786 37.38842534
v 5.74094158 6.07475364 37.43562119
v 5.74094158 7.13220591 37.50174988
v 5.74094158 8.06923543 37.58686782
v 5.74094158 8.91698192 37.69105028
v 5.74094158 9.69390680 37.81439364
v 5.74094158 10.41195474 37.95701824
v 5.74094158 11.07932905 38.11907201
v 5.74094158 11.70191197 38.30073507
v 5.74094158 12.28406054 38.50222541
v 5.74094158 12.82908416 38.72380596
v 5.74094158 13.33954682 38.96579350
v 5.74094158 13.81746682 39.22856978
v 5.74094158 14.26445346 39.51259562
v 5.74094158 14.68180340 39.81842888
v 5.74094158 15.07057027 40.14674774
v 5.74094158 15.43161613 40.49838106
v 5.74094158 15.76565014 40.87434888
v 5.74094158 16.07325808 41.27591721
v 5.74094158 16.35492520 41.70467379
v 5.74094158 16.61105419 42.16263565
v 5.74094158 16.84197930 42.65240621
v 5.74094158 17.04797762 43.17741305
v 5.74094158 17.22927809 43.74228357
v 5.74094158 17.38606879 44.35347113
v 5.74094158 17.51850269 45.02037229
v 5.74094158 17.62670228 45.75751020
v 5.74094158 17.71076327 46.58938171
v 5.74094158 17.77075734 47.56354192
v 5.74094158 17.80673426 48.80097328
v 6.73027634 19.15405779 51.41558353
v 6.73027634 18.74665705 55.54905032
v 6.73027634 18.26782595 58.20083228
v 6.73027634 17.74539724 60.47444773
v 6.73027634 17.18867080 62.52498000
v 6.73027634 16.60409704 64.41663662
v 6.73027634 15.99700500 66.18334444
v 6.73027634 15.37211564 67.84541157
v 6.73027634 14.73373800 69.41594314
v 6.73027634 14.08585117 70.90381901
v 6.73027634 13.43213680 72.31525575
v 6.73027634 12.77598775 73.65470064
v 6.73027634 12.12050425 74.92537815
v 6.73027634 11.46848331 76.12964173
v 6.73027634 -11.68381697 76.12964173
v 6.73027634 -12.33583791 74.92537815
v 6.73027634 -12.99132141 73.65470064
v 6.73027634 -13.64747046 72.31525575
v 6.73027634 -14.30118482 70.90381901
v 6.73027634 -14.94907165 69.41594314
v 6.73027634 -15.58744930 67.84541157
v 6.73027634 -16.21233866 66.18334444
v 6.73027634 -16.81943069 64.41663662
v 6.73027634 -17.40400446 62.52498000
v 6.73027634 -17.96073090 60.47444773
v 6.73027634 -18.48315961 58.20083228
v 6.73027634 -18.96199071 55.54905032
v 6.73027634 -19.36939145 51.41558353
v 6.73027634 -19.35649823 48.53965304
v 6.73027634 -19.31780815 47.19155863
v 6.73027634 -19.25328970 46.13027959
v 6.73027634 -19.16288935 45.22401411
v 6.73027634 -19.04653002 44.42095420
v 6.73027634 -18.90410878 43.69441230
v 6.73027634 -18.73549390 43.02856645
v 6.73027634 -18.54052086 42.41317974
v 6.73027634 -18.31898743 41.84122172
v 6.73027634 -18.07064738 41.30765115
v 6.73027634 -17.79520273 40.80873391
v 6.73027634 -17.49229402 40.34163378
v 6.73027634 -17.16148820 39.90415333
v 6.73027634 -16.80226341 39.49456283
v 6.73027634 -16.41398970 39.11148307
v 6.73027634 -15.99590445 38.75380277
v 6.73027634 -15.54708057 38.42061894
v 6.73027634 -15.06638496 38.11119277
v 6.73027634 -14.55242320 37.82491649
v 6.73027634 -14.00346461 37.56128809
v 6.73027634 -13.41733869 37.31989167
v 6.73027634 -12.79128808 37.10038212
v 6.73027634 -12.12175382 36.90247299
v 6.73027634 -11.40405027 36.72592681
v 6.73027634 -10.63185161 36.57054734
v 6.73027634 -9.79633587 36.43617343
v 6.73027634 -8.88465759 36.32267396
v 6.73027634 -7.87696312 36.22994396
v 6.73027634 -6.73976435 36.15790139
v 6.73027634 -5.40805172 36.10648484
v 6.73027634 -3.71643781 36.07565163
v 6.73027634 -0.10766686 36.06537666
v 6.73027634 3.50110415 36.07565163
v 6.73027634 5.19271806 36.10648484
v 6.73027634 6.52443070 36.15790139
v 6.73027634 7.66162946 36.22994396
v 6.73027634 8.66932394 36.32267396
v 6.73027634 9.58100221 36.43617343
v 6.73027634 10.41651795 36.57054734
v 6.73027634 11.18871661 36.72592681
v 6.73027634 11.90642016 36.90247299
v 6.73027634 12.57595443 37.10038212
v 6.73027634 13.20200504 37.31989167
v 6.73027634 13.78813095 37.56128809
v 6.73027634 14.33708954 37.82491649
v 6.73027634 14.85105131 38.11119277
v 6.73027634 15.33174691 38.42061894
v 6.73027634 15.78057079 38.75380277
v 6.73027634 16.19865605 39.11148307
v 6.73027634 16.58692975 39.49456283
v 6.73027634 16.94615454 39.90415333
v 6.73027634 17.27696036 40.34163378
v 6.73027634 17.57986907 40.80873391
v 6.73027634 17.85531372 41.30765115
v 6.73027634 18.10365377 41.84122172
v 6.73027634 18.32518721 42.41317974
v 6.73027634 18.52016024 43.02856645
v 6.73027634 18.68877512 43.69441230
v 6.73027634 18.83119636 44.42095420
v 6.73027634 18.94755570 45.22401411
v 6.73027634 19.03795604 46.13027959
v 6.73027634 19.10247449 47.19155863
v 6.73027634 19.14116457 48.53965304
v 7.72887115 20.37471803 51.42329148
v 7.72887115 19.94191135 55.86883884
v 7.72887115 19.43289980 58.72223269
v 7.72887115 18.87739269 61.16906722
v 7.72887115 18.28531001 63.37603018
v 7.72887115 17.66352808 65.41213845
v 7.72887115 17.01772562 67.31386073
v 7.72887115 16.35293215 69.10302629
v 7.72887115 15.67373777 70.79372114
v 7.72887115 14.98438077 72.39548901
v 7.72887115 14.28878246 73.91501044
v 7.72887115 13.59055652 75.35706382
v 7.72887115 -13.83681482 75.35706382
v 7.72887115 -14.53504076 73.91501044
v 7.72887115 -15.23063907 72.39548901
v 7.72887115 -15.91999608 70.79372114
v 7.72887115 -16.59919045 69.10302629
v 7.72887115 -17.26398392 67.31386073
v 7.72887115 -17.90978638 65.41213845
v 7.72887115 -18.53156831 63.37603018
v 7.72887115 -19.12365099 61.16906722
v 7.72887115 -19.67915810 58.72223269
v 7.72887115 -20.18816965 55.86883884
v 7.72887115 -20.62097634 51.42329149
v 7.72887115 -20.60725569 48.32763973
v 7.72887115 -20.56608267 46.87655082
v 7.72887115 -20.49742375 45.73419000
v 7.72887115 -20.40122195 44.75868578
v 7.72887115 -20.27739525 43.89427205
v 7.72887115 -20.12583412 43.11222230
v 7.72887115 -19.94639836 42.39550578
v 7.72887115 -19.73891292 41.73310349
v 7.72887115 -19.50316256 41.11744784
v 7.72887115 -19.23888527 40.54311244
v 7.72887115 -18.94576394 40.00607790
v 7.72887115 -18.62341604 39.50329129
v 7.72887115 -18.27138074 39.03238731
v 7.72887115 -17.88910267 38.59150407
v 7.72887115 -17.47591147 38.17915699
v 7.72887115 -17.03099556 37.79414989
v 7.72887115 -16.55336838 37.43551080
v 7.72887115 -16.04182410 37.10244445
v 7.72887115 -15.49487880 36.79429665
v 7.72887115 -14.91069076 36.51052702
v 7.72887115 -14.28695017 36.25068789
v 7.72887115 -13.62072271 36.01440781
v 7.72887115 -12.90822104 35.80137841
v 7.72887115 -12.14445881 35.61134408
v 7.72887115 -11.32270424 35.44409362
v 7.72887115 -10.43356922 35.29945353
v 7.72887115 -9.46338393 35.17728270
v 7.72887115 -8.39102059 35.07746811
v 7.72887115 -7.18084201 34.99992149
v 7.72887115 -5.76366662 34.94457671
v 7.72887115 -3.96349327 34.91138785
v 7.72887115 -0.12312919 34.90032787
v 7.72887115 3.71723497 34.91138785
v 7.72887115 5.51740832 34.94457671
v 7.72887115 6.93458371 34.99992149
v 7.72887115 8.14476228 35.07746811
v 7.72887115 9.21712563 35.17728270
v 7.72887115 10.18731092 35.29945353
v 7.72887115 11.07644594 35.44409362
v 7.72887115 11.89820051 35.61134408
v 7.72887115 12.66196273 35.80137841
v 7.72887115 13.37446441 36.01440781
v 7.72887115 14.04069186 36.25068789
v 7.72887115 14.66443245 36.51052702
v 7.72887115 15.24862050 36.79429665
v 7.72887115 15.79556580 37.10244445
v 7.72887115 16.30711008 37.43551080
v 7.72887115 16.78473726 37.79414989
v 7.72887115 17.22965317 38.17915699
v 7.72887115 17.64284437 38.59150407
v 7.72887115 18.02512243 39.03238731
v 7.72887115 18.37715773 39.50329129
v 7.72887115 18.69950563 40.00607790
v 7.72887115 18.99262697 40.54311244
v 7.72887115 19.25690426 41.11744784
v 7.72887115 19.49265462 41.73310349
v 7.72887115 19.70014006 42.39550578
v 7.72887115 19.87957581 43.11222230
v 7.72887115 20.03113694 43.89427205
v 7.72887115 20.15496365 44.75868578
v 7.72887115 20.25116544 45.73419000
v 7.72887115 20.31982437 46.87655082
v 7.72887115 20.36099738 48.32763973
v 8.73671056 21.49902346 51.45821287
v 8.73671056 21.04292121 56.19531775
v 8.73671056 20.50617767 59.23732930
v 8.73671056 19.92024843 61.84628626
v 8.73671056 19.29562945 64.19969783
v 8.73671056 18.63959188 66.37106664
v 8.73671056 17.95813826 68.39923236
v 8.73671056 17.25658368 70.30744303
v 8.73671056 16.53977819 72.11069942
v 8.73671056 15.81219978 73.81916422
v 8.73671056 15.07799137 75.43995037
v 8.73671056 -15.35534301 75.43995037
v 8.73671056 -16.08955142 73.81916422
v 8.73671056 -16.81712983 72.11069942
v 8.73671056 -17.53393532 70.30744303
v 8.73671056 -18.23548990 68.39923236
v 8.73671056 -18.91694352 66.37106664
v 8.73671056 -19.57298109 64.19969783
v 8.73671056 -20.19760008 61.84628626
v 8.73671056 -20.78352931 59.23732930
v 8.73671056 -21.32027285 56.19531775
v 8.73671056 -21.77637510 51.45821287
v 8.73671056 -21.76189147 48.15679937
v 8.73671056 -21.71842889 46.60925950
v 8.73671056 -21.64595195 45.39096826
v 8.73671056 -21.54440054 44.35062423
v 8.73671056 -21.41368803 43.42875466
v 8.73671056 -21.25369883 42.59472364
v 8.73671056 -21.06428494 41.83036842
v 8.73671056 -20.84526157 41.12393758
v 8.73671056 -20.59640152 40.46736054
v 8.73671056 -20.31742819 39.85485022
v 8.73671056 -20.00800686 39.28212007
v 8.73671056 -19.66773371 38.74591425
v 8.73671056 -19.29612229 38.24371023
v 8.73671056 -18.89258637 37.77352237
v 8.73671056 -18.45641827 37.33376740
v 8.73671056 -17.98676131 36.92316966
v 8.73671056 -17.48257405 36.54069255
v 8.73671056 -16.94258362 36.18548795
v 8.73671056 -16.36522358 35.85685818
v 8.73671056 -15.74854979 35.55422696
v 8.73671056 -15.09012399 35.27711685
v 8.73671056 -14.38684871 35.02513170
v 8.73671056 -13.63472597 34.79794266
v 8.73671056 -12.82849216 34.59527714
v 8.73671056 -11.96104115 34.41690988
v 8.73671056 -11.02246277 34.26265585
v 8.73671056 -9.99832705 34.13236457
v 8.73671056 -8.86633131 34.02591551
v 8.73671056 -7.58885667 33.94321452
v 8.73671056 8.58897967 34.02591551
v 8.73671056 9.72097541 34.13236457
v 8.73671056 10.74511113 34.26265585
v 8.73671056 11.68368951 34.41690988
v 8.73671056 12.55114052 34.59527714
v 8.73671056 13.35737433 34.79794266
v 8.73671056 14.10949707 35.02513170
v 8.73671056 14.81277235 35.27711685
v 8.73671056 15.47119815 35.55422696
v 8.73671056 16.08787194 35.85685818
v 8.73671056 16.66523198 36.18548795
v 8.73671056 17.20522241 36.54069255
v 8.73671056 17.70940967 36.92316966
v 8.73671056 18.17906663 37.33376740
v 8.73671056 18.61523473 37.77352237
v 8.73671056 19.01877065 38.24371023
v 8.73671056 19.39038207 38.74591425
v 8.73671056 19.73065522 39.28212007
v 8.73671056 20.04007655 39.85485022
v 8.73671056 20.31904988 40.46736054
v 8.73671056 20.56790993 41.12393758
v 8.73671056 20.78693330 41.83036842
v 8.73671056 20.97634719 42.59472364
v 8.73671056 21.13633639 43.42875466
v 8.73671056 21.26704890 44.35062423
v 8.73671056 21.36860031 45.39096826
v 8.73671056 21.44107725 46.60925950
v 8.73671056 21.48453983 48.15679937
v 9.75377706 22.54014146 51.51607158
v 9.75377706 22.06256538 56.52671152
v 9.75377706 21.50020331 59.74593247
v 9.75377706 20.88614469 62.50727031
v 9.75377706 20.23142329 64.99836786
v 9.75377706 19.54367837 67.29692926
v 9.75377706 18.82921393 69.44401500
v 9.75377706 18.09361077 71.46420200
v 9.75377706 17.34196071 73.37334770
v 9.75377706 16.57896459 75.18219424
v 9.75377706 -16.88762769 75.18219424
v 9.75377706 -17.65062380 73.37334770
v 9.75377706 -18.40227387 71.46420200
v 9.75377706 -19.13787703 69.44401500
v 9.75377706 -19.85234147 67.29692926
v 9.75377706 -20.54008639 64.99836786
v 9.75377706 -21.19480779 62.50727031
v 9.75377706 -21.80886641 59.74593247
v 9.75377706 -22.37122848 56.52671152
v 9.75377706 -22.84880456 51.51607158
v 9.75377706 -22.83361356 48.02114962
v 9.75377706 -22.78802828 46.38290252
v 9.75377706 -22.71201161 45.09320258
v 9.75377706 -22.60550048 43.99188001
v 9.75377706 -22.46840404 43.01597614
v 9.75377706 -22.30060105 42.13305937
v 9.75377706 -22.10193629 41.32390237
v 9.75377706 -21.87221593 40.57606493
v 9.75377706 -21.61120169 39.88100340
v 9.75377706 -21.31860346 39.23259151
v 9.75377706 -20.99407015 38.62629146
v 9.75377706 -20.63717824 38.05865656
v 9.75377706 -20.24741752 37.52701645
v 9.75377706 -19.82417311 37.02926908
v 9.75377706 -19.36670280 36.56373839
v 9.75377706 -18.87410804 36.12907395
v 9.75377706 -18.34529655 35.72417839
v 9.75377706 -17.77893328 35.34815389
v 9.75377706 -17.17337528 35.00026188
v 9.75377706 -16.52658346 34.67989228
v 9.75377706 -15.83600050 34.38653969
v 9.75377706 -15.09837762 34.11978473
v 9.75377706 -14.30952161 33.87927928
v 9.75377706 -13.46391177 33.66473475
v 9.75377706 13.15524867 33.66473475
v 9.75377706 14.00085851 33.87927928
v 9.75377706 14.78971453 34.11978473
v 9.75377706 15.52733740 34.38653969
v 9.75377706 16.21792036 34.67989228
v 9.75377706 16.86471218 35.00026188
v 9.75377706 17.47027018 35.34815389
v 9.75377706 18.03663345 35.72417839
v 9.75377706 18.56544495 36.12907395
v 9.75377706 19.05803970 36.56373839
v 9.75377706 19.51551002 37.02926908
v 9.75377706 19.93875442 37.52701645
v 9.75377706 20.32851514 38.05865656
v 9.75377706 20.68540705 38.62629146
v 9.75377706 21.00994036 39.23259151
v 9.75377706 21.30253859 39.88100340
v 9.75377706 21.56355284 40.57606493
v 9.75377706 21.79327319 41.32390237
v 9.75377706 21.99193795 42.13305937
v 9.75377706 22.15974094 43.01597614
v 9.75377706 22.29683738 43.99188001
v 9.75377706 22.40334851 45.09320258
v 9.75377706 22.47936518 46.38290252
v 9.75377706 22.52495046 48.02114962
v 10.78005113 23.50784071 51.59350365
v 10.78005113 23.01039749 56.86147904
v 10.78005113 22.42428109 60.24765495
v 10.78005113 21.78411549 63.15261746
v 10.78005113 21.10143864 65.77352476
v 10.78005113 20.38423423 68.19202696
v 10.78005113 19.63908806 70.45127045
v 10.78005113 18.87182909 72.57708018
v 10.78005113 18.08777488 74.58611800
v 10.78005113 -18.42801982 74.58611800
v 10.78005113 -19.21207404 72.57708018
v 10.78005113 -19.97933301 70.45127045
v 10.78005113 -20.72447917 68.19202696
v 10.78005113 -21.44168358 65.77352476
v 10.78005113 -22.12436044 63.15261746
v 10.78005113 -22.76452604 60.24765495
v 10.78005113 -23.35064244 56.86147904
v 10.78005113 -23.84808566 51.59350365
v 10.78005113 -23.83223634 47.91608678
v 10.78005113 -23.78467558 46.19229507
v 10.78005113 -23.70536464 44.83525065
v 10.78005113 -23.59423773 43.67642014
v 10.78005113 -23.45120006 42.64955734
v 10.78005113 -23.27612515 41.72053717
v 10.78005113 -23.06885103 40.86912828
v 10.78005113 -22.82917548 40.08224089
v 10.78005113 -22.55684990 39.35088521
v 10.78005113 -22.25157160 38.66861510
v 10.78005113 -21.91297427 38.03065578
v 10.78005113 -21.54061606 37.43338060
v 10.78005113 -21.13396463 36.87397974
v 10.78005113 -20.69237845 36.35024142
v 10.78005113 -20.21508316 35.86040204
v 10.78005113 -19.70114126 35.40304066
v 10.78005113 -19.14941313 34.97700260
v 10.78005113 -18.55850588 34.58134317
v 10.78005113 -17.92670535 34.21528522
v 10.78005113 -17.25188409 33.87818683
v 10.78005113 -16.53137395 33.56951620
v 10.78005113 -15.76178537 33.28883205
v 10.78005113 15.42154043 33.28883205
v 10.78005113 16.19112901 33.56951620
v 10.78005113 16.91163915 33.87818683
v 10.78005113 17.58646040 34.21528522
v 10.78005113 18.21826093 34.58134317
v 10.78005113 18.80916819 34.97700260
v 10.78005113 19.36089631 35.40304066
v 10.78005113 19.87483821 35.86040204
v 10.78005113 20.35213351 36.35024142
v 10.78005113 20.79371968 36.87397974
v 10.78005113 21.20037112 37.43338060
v 10.78005113 21.57272933 38.03065578
v 10.78005113 21.91132665 38.66861510
v 10.78005113 22.21660495 39.35088521
v 10.78005113 22.48893054 40.08224089
v 10.78005113 22.72860608 40.86912828
v 10.78005113 22.93588020 41.72053717
v 10.78005113 23.11095512 42.64955734
v 10.78005113 23.25399278 43.67642014
v 10.78005113 23.36511969 44.83525065
v 10.78005113 23.44443063 46.19229507
v 10.78005113 23.49199139 47.91608678
v 11.81551116 24.40953913 51.68773483
v 11.81551116 23.89367135 57.19818948
v 11.81551116 23.28547491 60.74191419
v 11.81551116 22.62101888 63.78246902
v 11.81551116 21.91231513 66.52596068
v 11.81551116 21.16767054 69.05775099
v 11.81551116 20.39393499 71.42294845
v 11.81551116 19.59716984 73.64855194
v 11.81551116 18.78290393 75.75197985
v 11.81551116 -19.15505627 75.75197985
v 11.81551116 -19.96932218 73.64855194
v 11.81551116 -20.76608733 71.42294845
v 11.81551116 -21.53982288 69.05775099
v 11.81551116 -22.28446748 66.52596068
v 11.81551116 -22.99317122 63.78246902
v 11.81551116 -23.65762725 60.74191419
v 11.81551116 -24.26582369 57.19818948
v 11.81551116 -24.78169147 51.68773483
v 11.81551116 -24.76522790 47.83792680
v 11.81551116 -24.71582389 46.03332661
v 11.81551116 -24.63343922 44.61266622
v 11.81551116 -24.51800552 43.39951168
v 11.81551116 -24.36942436 42.32451127
v 11.81551116 -24.18756432 41.35194017
v 11.81551116 -23.97225718 40.46061867
v 11.81551116 -23.72329288 39.63684331
v 11.81551116 -23.44041318 38.87120290
v 11.81551116 -23.12330365 38.15694910
v 11.81551116 -22.77158381 37.48908331
v 11.81551116 -22.38479466 36.86380887
v 11.81551116 -21.96238323 36.27818424
v 11.81551116 -21.50368315 35.72989394
v 11.81551116 -21.00789002 35.21709171
v 11.81551116 -20.47403003 34.73828999
v 11.81551116 -19.90091938 34.29227998
v 11.81551116 -19.28711120 33.87807269
v 11.81551116 -18.63082490 33.49485456
v 11.81551116 -17.92985059 33.14195356
v 11.81551116 17.55769824 33.14195356
v 11.81551116 18.25867256 33.49485456
v 11.81551116 18.91495885 33.87807269
v 11.81551116 19.52876704 34.29227998
v 11.81551116 20.10187768 34.73828999
v 11.81551116 20.63573767 35.21709171
v 11.81551116 21.13153080 35.72989394
v 11.81551116 21.59023088 36.27818424
v 11.81551116 22.01264231 36.86380887
v 11.81551116 22.39943146 37.48908331
v 11.81551116 22.75115131 38.15694910
v 11.81551116 23.06826083 38.87120290
v 11.81551116 23.35114054 39.63684331
v 11.81551116 23.60010484 40.46061867
v 11.81551116 23.81541198 41.35194017
v 11.81551116 23.99727201 42.32451127
v 11.81551116 24.14585318 43.39951168
v 11.81551116 24.26128688 44.61266622
v 11.81551116 24.34367155 46.03332661
v 11.81551116 24.39307555 47.83792680
v 12.86013355 25.25096496 51.79637821
v 12.86013355 24.71798777 57.53544553
v 12.86013355 24.08923835 61.22793553
v 12.86013355 23.40214900 64.39658115
v 12.86013355 22.66917783 67.25590872
v 12.86013355 21.89893546 69.89477319
v 12.86013355 21.09851967 72.36012974
v 12.86013355 20.27420983 74.68008204
v 12.86013355 -20.67865323 74.68008204
v 12.86013355 -21.50296307 72.36012974
v 12.86013355 -22.30337885 69.89477319
v 12.86013355 -23.07362123 67.25590872
v 12.86013355 -23.80659240 64.39658115
v 12.86013355 -24.49368175 61.22793553
v 12.86013355 -25.12243117 57.53544553
v 12.86013355 -25.65540836 51.79637821
v 12.86013355 -25.63837075 47.78361658
v 12.86013355 -25.58724419 45.90263177
v 12.86013355 -25.50198702 44.42183806
v 12.86013355 -25.38252851 43.15733345
v 12.86013355 -25.22876679 42.03683072
v 12.86013355 -25.04056587 41.02309291
v 12.86013355 -24.81775165 40.09404379
v 12.86013355 -24.56010676 39.23539989
v 12.86013355 -24.26736393 38.43735167
v 12.86013355 -23.93919780 37.69286513
v 12.86013355 -23.57521459 36.99673011
v 12.86013355 -23.17493933 36.34498923
v 12.86013355 -22.73779975 35.73457644
v 12.86013355 -22.26310624 35.16307826
v 12.86013355 -21.75002637 34.62857028
v 12.86013355 -21.19755237 34.12950197
v 12.86013355 -20.60445917 33.66461337
v 12.86013355 -19.96924944 33.23287363
v 12.86013355 -19.29008051 32.83343475
v 12.86013355 18.88563711 32.83343475
v 12.86013355 19.56480604 33.23287363
v 12.86013355 20.20001577 33.66461337
v 12.86013355 20.79310897 34.12950197
v 12.86013355 21.34558297 34.62857028
v 12.86013355 21.85866284 35.16307826
v 12.86013355 22.33335635 35.73457644
v 12.86013355 22.77049593 36.34498923
v 12.86013355 23.17077119 36.99673011
v 12.86013355 23.53475440 37.69286513
v 12.86013355 23.86292053 38.43735167
v 12.86013355 24.15566336 39.23539989
v 12.86013355 24.41330825 40.09404379
v 12.86013355 24.63612247 41.02309291
v 12.86013355 24.82432339 42.03683072
v 12.86013355 24.97808511 43.15733345
v 12.86013355 25.09754362 44.42183806
v 12.86013355 25.18280079 45.90263177
v 12.86013355 25.23392735 47.78361658
v 13.91389264 26.03659250 51.91730050
v 13.91389264 25.48772086 57.87183217
v 13.91389264 24.83982998 61.70475368
v 13.91389264 24.13163941 64.99437128
v 13.91389264 23.37602779 67.96312987
v 13.91389264 22.58189146 70.70317040
v 13.91389264 21.75656115 73.26318533
v 13.91389264 20.90652087 75.67231756
v 13.91389264 -21.34370009 75.67231756
v 13.91389264 -22.19374037 73.26318533
v 13.91389264 -23.01907068 70.70317040
v 13.91389264 -23.81320701 67.96312987
v 13.91389264 -24.56881863 64.99437128
v 13.91389264 -25.27700920 61.70475368
v 13.91389264 -25.92490008 57.87183217
v 13.91389264 -26.47377172 51.91730050
v 13.91389264 -26.45619728 47.75054344
v 13.91389264 -26.40345978 45.79737318
v 13.91389264 -26.31551628 44.25975190
v 13.91389264 -26.19229380 42.94672013
v 13.91389264 -26.03368725 41.78321652
v 13.91389264 -25.83955638 40.73057508
v 13.91389264 -25.60972158 39.76587238
v 13.91389264 -25.34395865 38.87427681
v 13.91389264 -25.04199189 38.04560236
v 13.91389264 -24.70348568 37.27254509
v 13.91389264 -24.32803386 36.54969490
v 13.91389264 -23.91514646 35.87294253
v 13.91389264 -23.46423321 35.23910429
v 13.91389264 -22.97458276 34.64567405
v 13.91389264 -22.44533643 34.09065357
v 13.91389264 -21.87545473 33.57243281
v 13.91389264 -21.26367396 33.08970345
v 13.91389264 -20.60844963 32.64139509
v 13.91389264 -19.90788101 32.22662717
v 13.91389264 20.17127041 32.64139509
v 13.91389264 20.82649474 33.08970345
v 13.91389264 21.43827551 33.57243281
v 13.91389264 22.00815721 34.09065357
v 13.91389264 22.53740354 34.64567405
v 13.91389264 23.02705399 35.23910429
v 13.91389264 23.47796725 35.87294253
v 13.91389264 23.89085464 36.54969490
v 13.91389264 24.26630646 37.27254509
v 13.91389264 24.60481267 38.04560236
v 13.91389264 24.90677943 38.87427681
v 13.91389264 25.17254237 39.76587238
v 13.91389264 25.40237716 40.73057508
v 13.91389264 25.59650803 41.78321652
v 13.91389264 25.75511458 42.94672013
v 13.91389264 25.87833706 44.25975190
v 13.91389264 25.96628057 45.79737318
v 13.91389264 26.01901806 47.75054344
v 14.97676075 26.76993961 52.04852917
v 14.97676075 26.20630907 58.20587983
v 14.97676075 25.54059693 62.17121137
v 14.97676075 24.81273848 65.57494728
v 14.97676075 24.03600880 68.64696961
v 14.97676075 23.21957305 71.48250627
v 14.97676075 22.37098080 74.13188184
v 14.97676075 -22.84140476 74.13188184
v 14.97676075 -23.68999701 71.48250627
v 14.97676075 -24.50643277 68.64696961
v 14.97676075 -25.28316245 65.57494728
v 14.97676075 -26.01102090 62.17121137
v 14.97676075 -26.67673304 58.20587983
v 14.97676075 -27.24036358 52.04852917
v 14.97676075 -27.22228713 47.73640395
v 14.97676075 -27.16804321 45.71509225
v 14.97676075 -27.07758763 44.12382706
v 14.97676075 -26.95084535 42.76498676
v 14.97676075 -26.78770827 41.56089129
v 14.97676075 -26.58803211 40.47152572
v 14.97676075 -26.35163218 39.47316686
v 14.97676075 -26.07827782 38.55046565
v 14.97676075 -25.76768549 37.69288073
v 14.97676075 -25.41950999 36.89285335
v 14.97676075 -25.03333352 36.14478465
v 14.97676075 -24.60865215 35.44442202
v 14.97676075 -24.14485873 34.78847067
v 14.97676075 -23.64122159 34.17433708
v 14.97676075 -23.09685754 33.59995327
v 14.97676075 -22.51069738 33.06365302
v 14.97676075 -21.88144132 32.56408239
v 14.97676075 -21.20750075 32.10013363
v 14.97676075 20.73707679 32.10013363
v 14.97676075 21.41101736 32.56408239
v 14.97676075 22.04027341 33.06365302
v 14.97676075 22.62643358 33.59995327
v 14.97676075 23.17079763 34.17433708
v 14.97676075 23.67443476 34.78847067
v 14.97676075 24.13822819 35.44442202
v 14.97676075 24.56290956 36.14478465
v 14.97676075 24.94908602 36.89285335
v 14.97676075 25.29726153 37.69288073
v 14.97676075 25.60785385 38.55046565
v 14.97676075 25.88120821 39.47316686
v 14.97676075 26.11760815 40.47152572
v 14.97676075 26.31728430 41.56089129
v 14.97676075 26.48042138 42.76498676
v 14.97676075 26.60716367 44.12382706
v 14.97676075 26.69761925 45.71509225
v 14.97676075 26.75186317 47.73640395
v 16.04870819 27.45377712 52.18818461
v 16.04870819 26.87646007 58.53603517
v 16.04870819 26.19417442 62.62595470
v 16.04870819 25.44800323 66.13712377
v 16.04870819 24.65159510 69.30639309
v 16.04870819 23.81436797 72.23188382
v 16.04870819 22.94407693 74.96545037
v 16.04870819 -23.44832183 74.96545037
v 16.04870819 -24.31861287 72.23188382
v 16.04870819 -25.15584000 69.30639309
v 16.04870819 -25.95224813 66.13712377
v 16.04870819 -26.69841932 62.62595470
v 16.04870819 -27.38070496 58.53603517
v 16.04870819 -27.95802202 52.18818461
v 16.04870819 -27.93947651 47.73910957
v 16.04870819 -27.88382503 45.65360255
v 16.04870819 -27.79102225 44.01179998
v 16.04870819 -27.66099117 42.60980395
v 16.04870819 -27.49362090 41.36746732
v 16.04870819 -27.28876341 40.24350433
v 16.04870819 -27.04622921 39.21343835
v 16.04870819 -26.76578167 38.26143285
v 16.04870819 -26.44712988 37.37661169
v 16.04870819 -26.08991968 36.55117605
v 16.04870819 -25.69372245 35.77934925
v 16.04870819 -25.25802116 35.05674363
v 16.04870819 -24.78219291 34.37995977
v 16.04870819 -24.26548705 33.74632176
v 16.04870819 -23.70699748 33.15369596
v 16.04870819 -23.10562723 32.60036322
v 16.04870819 -22.46004281 32.08492661
v 16.04870819 21.95579792 32.08492661
v 16.04870819 22.60138234 32.60036322
v 16.04870819 23.20275258 33.15369596
v 16.04870819 23.76124216 33.74632176
v 16.04870819 24.27794801 34.37995977
v 16.04870819 24.75377626 35.05674363
v 16.04870819 25.18947755 35.77934925
v 16.04870819 25.58567478 36.55117605
v 16.04870819 25.94288498 37.37661169
v 16.04870819 26.26153677 38.26143285
v 16.04870819 26.54198431 39.21343835
v 16.04870819 26.78451852 40.24350433
v 16.04870819 26.98937600 41.36746732
v 16.04870819 27.15674627 42.60980395
v 16.04870819 27.28677736 44.01179998
v 16.04870819 27.37958014 45.65360255
v 16.04870819 27.43523162 47.73910957
v 17.12970326 28.09027983 52.33442750
v 17.12970326 27.50029847 58.86063512
v 17.12970326 26.80262970 63.06742420
v 17.12970326 26.03943908 66.67942765
v 17.12970326 25.22472674 69.94000371
v 17.12970326 24.36814802 72.94997609
v 17.12970326 23.47765080 75.76262829
v 17.12970326 -24.90686045 72.94997609
v 17.12970326 -25.76343916 69.94000371
v 17.12970326 -26.57815151 66.67942765
v 17.12970326 -27.34134213 63.06742420
v 17.12970326 -28.03901089 58.86063512
v 17.12970326 -28.62899226 52.33442750
v 17.12970326 -28.61000916 47.75671583
v 17.12970326 -28.55304455 45.61091030
v 17.12970326 -28.45805204 43.92163811
v 17.12970326 -28.32495280 42.47910599
v 17.12970326 -28.15363333 41.20084954
v 17.12970326 -27.94394212 40.04438927
v 17.12970326 -27.69568518 38.98454087
v 17.12970326 -27.40862032 38.00500994
v 17.12970326 -27.08244976 37.09460583
v 17.12970326 -26.71681098 36.24530427
v 17.12970326 -26.31126526 35.45116156
v 17.12970326 -25.86528334 34.70766316
v 17.12970326 -25.37822765 34.01131137
v 17.12970326 -24.84932983 33.35935291
v 17.12970326 -24.27766238 32.74959244
v 17.12970326 -23.66210246 32.18026113
v 17.12970326 -23.00128511 31.64992165
v 17.12970326 22.46257268 31.64992165
v 17.12970326 23.12339003 32.18026113
v 17.12970326 23.73894995 32.74959244
v 17.12970326 24.31061741 33.35935291
v 17.12970326 24.83951523 34.01131137
v 17.12970326 25.32657092 34.70766316
v 17.12970326 25.77255283 35.45116156
v 17.12970326 26.17809856 36.24530427
v 17.12970326 26.54373734 37.09460583
v 17.12970326 26.86990790 38.00500994
v 17.12970326 27.15697276 38.98454087
v 17.12970326 27.40522969 40.04438927
v 17.12970326 27.61492091 41.20084954
v 17.12970326 27.78624038 42.47910599
v 17.12970326 27.91933962 43.92163811
v 17.12970326 28.01433213 45.61091030
v 17.12970326 28.07129674 47.75671583
v 18.21971223 28.68113797 52.48541485
v 18.21971223 28.07947484 59.17788122
v 18.21971223 27.36756824 63.49384057
v 18.21971223 26.58860294 67.20009370
v 18.21971223 25.75690937 70.54604755
v 18.21971223 24.88236544 73.63503866
v 18.21971223 -25.45626560 73.63503866
v 18.21971223 -26.33080953 70.54604755
v 18.21971223 -27.16250310 67.20009370
v 18.21971223 -27.94146839 63.49384057
v 18.21971223 -28.65337499 59.17788122
v 18.21971223 -29.25503812 52.48541485
v 18.21971223 -29.23564775 47.78736601
v 18.21971223 -29.17746097 45.58515235
v 18.21971223 -29.08043041 43.85147320
v 18.21971223 -28.94447554 42.37102035
v 18.21971223 -28.76948044 41.05916157
v 18.21971223 -28.55529033 39.87230071
v 18.21971223 -28.30170708 38.78459141
v 18.21971223 -28.00848328 37.77931093
v 18.21971223 -27.67531477 36.84497447
v 18.21971223 -27.30183127 35.97334678
v 18.21971223 -26.88758461 35.15832795
v 18.21971223 -26.43203422 34.39528474
v 18.21971223 -25.93452882 33.68062751
v 18.21971223 -25.39428357 33.01153061
v 18.21971223 -24.81035107 32.38574099
v 18.21971223 -24.18158440 31.80144331
v 18.21971223 23.60768425 31.80144331
v 18.21971223 24.23645092 32.38574099
v 18.21971223 24.82038342 33.01153061
v 18.21971223 25.36062867 33.68062751
v 18.21971223 25.85813407 34.39528474
v 18.21971223 26.31368446 35.15832795
v 18.21971223 26.72793112 35.97334678
v 18.21971223 27.10141462 36.84497447
v 18.21971223 27.43458312 37.77931093
v 18.21971223 27.72780692 38.78459141
v 18.21971223 27.98139017 39.87230071
v 18.21971223 28.19558028 41.05916157
v 18.21971223 28.37057539 42.37102035
v 18.21971223 28.50653025 43.85147320
v 18.21971223 28.60356082 45.58515235
v 18.21971223 28.66174759 47.78736601
v 19.31869939 29.22764076 52.63925968
v 19.31869939 28.61524746 59.48581077
v 19.31869939 27.89021332 63.90318317
v 19.31869939 27.09668060 67.69704917
v 19.31869939 26.24928924 71.12240351
v 19.31869939 25.35812526 74.28490483
v 19.31869939 -25.96801018 74.28490483
v 19.31869939 -26.85917416 71.12240351
v 19.31869939 -27.70656552 67.69704917
v 19.31869939 -28.50009825 63.90318317
v 19.31869939 -29.22513238 59.48581077
v 19.31869939 -29.83752569 52.63925968
v 19.31869939 -29.81775746 47.82924312
v 19.31869939 -29.75843681 45.57454450
v 19.31869939 -29.65951543 43.79954690
v 19.31869939 -29.52091124 42.28381068
v 19.31869939 -29.34250604 40.94068662
v 19.31869939 -29.12414205 39.72553952
v 19.31869939 -28.86561727 38.61190705
v 19.31869939 -28.56667948 37.58266790
v 19.31869939 -28.22701860 36.62606357
v 19.31869939 -27.84625709 35.73366254
v 19.31869939 -27.42393810 34.89921951
v 19.31869939 -26.95951049 34.11799083
v 19.31869939 -26.45231030 33.38630131
v 19.31869939 -25.90153740 32.70125795
v 19.31869939 -25.30622593 32.06055400
v 19.31869939 -24.66520661 31.46233087
v 19.31869939 24.05532169 31.46233087
v 19.31869939 24.69634101 32.06055400
v 19.31869939 25.29165248 32.70125795
v 19.31869939 25.84242538 33.38630131
v 19.31869939 26.34962556 34.11799083
v 19.31869939 26.81405317 34.89921951
v 19.31869939 27.23637217 35.73366254
v 19.31869939 27.61713367 36.62606357
v 19.31869939 27.95679456 37.58266790
v 19.31869939 28.25573235 38.61190705
v 19.31869939 28.51425712 39.72553952
v 19.31869939 28.73262111 40.94068662
v 19.31869939 28.91102631 42.28381068
v 19.31869939 29.04963050 43.79954690
v 19.31869939 29.14855188 45.57454450
v 19.31869939 29.20787253 47.82924312
v 20.42662705 29.73074026 52.56849405
v 20.42662705 29.10854474 59.58251751
v 20.42662705 28.37146690 64.11003683
v 20.42662705 27.56454568 67.99904201
v 20.42662705 26.70271023 71.51060678
v 20.42662705 25.79624046 74.75291573
v 20.42662705 -26.44298733 74.75291573
v 20.42662705 -27.34945710 71.51060678
v 20.42662705 -28.21129255 67.99904201
v 20.42662705 -29.01821377 64.11003683
v 20.42662705 -29.75529161 59.58251751
v 20.42662705 -30.37748713 52.56849405
v 20.42662705 -30.35736980 47.69727679
v 20.42662705 -30.29700158 45.41389031
v 20.42662705 -30.19633329 43.61630836
v 20.42662705 -30.05528143 42.08128653
v 20.42662705 -29.87372568 40.72107310
v 20.42662705 -29.65150549 39.49046496
v 20.42662705 -29.38841530 38.36266308
v 20.42662705 -29.08419842 37.32032832
v 20.42662705 -28.73853929 36.35155254
v 20.42662705 -28.35105374 35.44779697
v 20.42662705 -27.92127680 34.60273682
v 20.42662705 -27.44864763 33.81156811
v 20.42662705 -26.93249055 33.07056887
v 20.42662705 -26.37199128 32.37680929
v 20.42662705 -25.76616691 31.72795328
v 20.42662705 -25.11382752 31.12211860
v 20.42662705 24.46708065 31.12211860
v 20.42662705 25.11942005 31.72795328
v 20.42662705 25.72524441 32.37680929
v 20.42662705 26.28574368 33.07056887
v 20.42662705 26.80190077 33.81156811
v 20.42662705 27.27452993 34.60273682
v 20.42662705 27.70430687 35.44779697
v 20.42662705 28.09179243 36.35155254
v 20.42662705 28.43745155 37.32032832
v 20.42662705 28.74166843 38.36266308
v 20.42662705 29.00475863 39.49046496
v 20.42662705 29.22697881 40.72107310
v 20.42662705 29.40853456 42.08128653
v 20.42662705 29.54958643 43.61630836
v 20.42662705 29.65025471 45.41389031
v 20.42662705 29.71062293 47.69727679
v 21.54345551 30.19110063 52.21655241
v 21.54345551 29.56001344 59.41728483
v 21.54345551 28.81195648 64.06747657
v 21.54345551 27.99280529 68.06240835
v 21.54345551 27.11775808 71.66994052
v 21.54345551 26.19727464 75.00107722
v 21.54345551 -27.80232749 71.66994052
v 21.54345551 -28.67737470 68.06240835
v 21.54345551 -29.49652589 64.06747657
v 21.54345551 -30.24458285 59.41728483
v 21.54345551 -30.87567005 52.21655241
v 21.54345551 -30.85523191 47.34533514
v 21.54345551 -30.79390100 45.06194866
v 21.54345551 -30.69162736 43.26436671
v 21.54345551 -30.54832614 41.72934488
v 21.54345551 -30.36387514 40.36913145
v 21.54345551 -30.13811122 39.13852331
v 21.54345551 -29.87082554 38.01072144
v 21.54345551 -29.56175732 36.96838667
v 21.54345551 -29.21058598 35.99961089
v 21.54345551 -28.81692121 35.09585532
v 21.54345551 -28.38029064 34.25079517
v 21.54345551 -27.90012448 33.45962646
v 21.54345551 -27.37573626 32.71862722
v 21.54345551 -26.80629873 32.02486765
v 21.54345551 -26.19081331 31.37601164
v 21.54345551 -25.52807108 30.77017695
v 21.54345551 24.84350167 30.77017695
v 21.54345551 25.50624390 31.37601164
v 21.54345551 26.12172932 32.02486765
v 21.54345551 26.69116685 32.71862722
v 21.54345551 27.21555507 33.45962646
v 21.54345551 27.69572123 34.25079517
v 21.54345551 28.13235180 35.09585532
v 21.54345551 28.52601657 35.99961089
v 21.54345551 28.87718791 36.96838667
v 21.54345551 29.18625612 38.01072144
v 21.54345551 29.45354181 39.13852331
v 21.54345551 29.67930573 40.36913145
v 21.54345551 29.86375673 41.72934488
v 21.54345551 30.00705795 43.26436671
v 21.54345551 30.10933159 45.06194866
v 21.54345551 30.17066250 47.34533514
v 22.66914312 30.60913670 51.90947684
v 22.66914312 29.97005631 59.27821587
v 22.66914312 29.21207184 64.03911347
v 22.66914312 28.38183558 68.12972069
v 22.66914312 27.49479479 71.82398014
v 22.66914312 -28.21823413 71.82398014
v 22.66914312 -29.10527493 68.12972069
v 22.66914312 -29.93551119 64.03911347
v 22.66914312 -30.69349565 59.27821587
v 22.66914312 -31.33257605 51.90947684
v 22.66914312 -31.31184508 47.03825958
v 22.66914312 -31.24963544 44.75487310
v 22.66914312 -31.14589647 42.95729115
v 22.66914312 -31.00054209 41.42226932
v 22.66914312 -30.81344834 40.06205589
v 22.66914312 -30.58444975 38.83144775
v 22.66914312 -30.31333450 37.70364587
v 22.66914312 -29.99983807 36.66131111
v 22.66914312 -29.64363528 35.69253533
v 22.66914312 -29.24433022 34.78877976
v 22.66914312 -28.80144378 33.94371961
v 22.66914312 -28.31439797 33.15255090
v 22.66914312 -27.78249651 32.41155166
v 22.66914312 -27.20490029 31.71779208
v 22.66914312 -26.58059642 31.06893608
v 22.66914312 25.85715707 31.06893608
v 22.66914312 26.48146094 31.71779208
v 22.66914312 27.05905716 32.41155166
v 22.66914312 27.59095862 33.15255090
v 22.66914312 28.07800443 33.94371961
v 22.66914312 28.52089088 34.78877976
v 22.66914312 28.92019593 35.69253533
v 22.66914312 29.27639872 36.66131111
v 22.66914312 29.58989515 37.70364587
v 22.66914312 29.86101040 38.83144775
v 22.66914312 30.09000899 40.06205589
v 22.66914312 30.27710274 41.42226932
v 22.66914312 30.42245712 42.95729115
v 22.66914312 30.52619610 44.75487310
v 22.66914312 30.58840573 47.03825958
v 23.80364626 30.98504426 51.64688772
v 23.80364626 30.33886176 59.16413046
v 23.80364626 29.57199389 64.02323631
v 23.80364626 28.73180978 68.19880795
v 23.80364626 27.83398578 71.97013725
v 23.80364626 -28.59743264 71.97013725
v 23.80364626 -29.49525664 68.19880795
v 23.80364626 -30.33544075 64.02323631
v 23.80364626 -31.10230861 59.16413046
v 23.80364626 -31.74849112 51.64688772
v 23.80364626 -31.72749514 46.77567046
v 23.80364626 -31.66449026 44.49228398
v 23.80364626 -31.55942515 42.69470202
v 23.80364626 -31.41221265 41.15968020
v 23.80364626 -31.22272722 39.79946677
v 23.80364626 -30.99080126 38.56885863
v 23.80364626 -30.71622025 37.44105675
v 23.80364626 -30.39871629 36.39872198
v 23.80364626 -30.03796003 35.42994621
v 23.80364626 -29.63355052 34.52619064
v 23.80364626 -29.18500250 33.68113049
v 23.80364626 -28.69173061 32.88996177
v 23.80364626 -28.15302967 32.14896254
v 23.80364626 -27.56804984 31.45520296
v 23.80364626 -26.93576527 30.80634695
v 23.80364626 26.17231841 30.80634695
v 23.80364626 26.80460298 31.45520296
v 23.80364626 27.38958281 32.14896254
v 23.80364626 27.92828375 32.88996177
v 23.80364626 28.42155564 33.68113049
v 23.80364626 28.87010366 34.52619064
v 23.80364626 29.27451317 35.42994621
v 23.80364626 29.63526943 36.39872198
v 23.80364626 29.95277339 37.44105675
v 23.80364626 30.22735441 38.56885863
v 23.80364626 30.45928036 39.79946677
v 23.80364626 30.64876580 41.15968020
v 23.80364626 30.79597829 42.69470202
v 23.80364626 30.90104340 44.49228398
v 23.80364626 30.96404828 46.77567046
v 24.94691935 31.31882415 51.42862235
v 24.94691935 30.66642737 59.07382489
v 24.94691935 29.89171753 64.01795404
v 24.94691935 29.04272041 68.26718478
v 24.94691935 28.13532138 72.10538760
v 24.94691935 -28.94000690 72.10538760
v 24.94691935 -29.84740594 68.26718478
v 24.94691935 -30.69640305 64.01795404
v 24.94691935 -31.47111290 59.07382489
v 24.94691935 -32.12350968 51.42862235
v 24.94691935 -32.10227648 46.55740509
v 24.94691935 -32.03855973 44.27401861
v 24.94691935 -31.93230754 42.47643665
v 24.94691935 -31.78343175 40.94141483
v 24.94691935 -31.59180540 39.58120140
v 24.94691935 -31.35725902 38.35059326
v 24.94691935 -31.07957564 37.22279138
v 24.94691935 -30.75848434 36.18045661
v 24.94691935 -30.39365206 35.21168084
v 24.94691935 -29.98467330 34.30792527
v 24.94691935 -29.53105733 33.46286512
v 24.94691935 -29.03221219 32.67169640
v 24.94691935 -28.48742470 31.93069717
v 24.94691935 -27.89583544 31.23693759
v 24.94691935 -27.25640697 30.58808158
v 24.94691935 26.45172144 30.58808158
v 24.94691935 27.09114991 31.23693759
v 24.94691935 27.68273917 31.93069717
v 24.94691935 28.22752666 32.67169640
v 24.94691935 28.72637180 33.46286512
v 24.94691935 29.17998777 34.30792527
v 24.94691935 29.58896653 35.21168084
v 24.94691935 29.95379881 36.18045661
v 24.94691935 30.27489011 37.22279138
v 24.94691935 30.55257349 38.35059326
v 24.94691935 30.78711987 39.58120140
v 24.94691935 30.97874622 40.94141483
v 24.94691935 31.12762201 42.47643665
v 24.94691935 31.23387420 44.27401861
v 24.94691935 31.29759095 46.55740509
v 26.09891487 31.61030131 51.25472248
v 26.09891487 30.95257853 59.00709085
v 26.09891487 30.17106979 64.02288177
v 26.09891487 29.31439682 68.33431073
v 26.09891487 28.39863376 72.22904801
v 26.09891487 -29.24588616 72.22904801
v 26.09891487 -30.16164922 68.33431073
v 26.09891487 -31.01832219 64.02288177
v 26.09891487 -31.79983093 59.00709085
v 26.09891487 -32.45755371 51.25472248
v 26.09891487 -32.43611115 46.38350521
v 26.09891487 -32.37176617 44.10011873
v 26.09891487 -32.26446637 42.30253678
v 26.09891487 -32.11412272 40.76751495
v 26.09891487 -31.92060699 39.40730152
v 26.09891487 -31.68374806 38.17669339
v 26.09891487 -31.40332681 37.04889151
v 26.09891487 -31.07906965 36.00655674
v 26.09891487 -30.71064024 35.03778096
v 26.09891487 -30.29762908 34.13402539
v 26.09891487 -29.83954060 33.28896524
v 26.09891487 -29.33577700 32.49779653
v 26.09891487 -28.78561809 31.75679729
v 26.09891487 -28.18819595 31.06303772
v 26.09891487 27.34094355 31.06303772
v 26.09891487 27.93836569 31.75679729
v 26.09891487 28.48852460 32.49779653
v 26.09891487 28.99228820 33.28896524
v 26.09891487 29.45037668 34.13402539
v 26.09891487 29.86338784 35.03778096
v 26.09891487 30.23181725 36.00655674
v 26.09891487 30.55607441 37.04889151
v 26.09891487 30.83649566 38.17669339
v 26.09891487 31.07335459 39.40730152
v 26.09891487 31.26687032 40.76751495
v 26.09891487 31.41721397 42.30253678
v 26.09891487 31.52451377 44.10011873
v 26.09891487 31.58885875 46.38350521
v 27.25958337 31.85913987 51.12542692
v 27.25958337 31.19698314 58.96384598
v 27.25958337 30.40972417 64.03771431
v 27.25958337 29.54651912 68.39968522
v 27.25958337 28.62361048 72.34043919
v 27.25958337 -29.51485845 72.34043919
v 27.25958337 -30.43776710 68.39968522
v 27.25958337 -31.30097214 64.03771431
v 27.25958337 -32.08823111 58.96384598
v 27.25958337 -32.75038784 51.12542692
v 27.25958337 -32.72876400 46.25420966
v 27.25958337 -32.66387501 43.97082317
v 27.25958337 -32.55566802 42.17324122
v 27.25958337 -32.40405326 40.63821939
v 27.25958337 -32.20890142 39.27800597
v 27.25958337 -31.97003992 38.04739783
v 27.25958337 -31.68724780 36.91959595
v 27.25958337 -31.36024916 35.87726118
v 27.25958337 -30.98870479 34.90848540
v 27.25958337 -30.57220176 34.00472983
v 27.25958337 -30.11024030 33.15966969
v 27.25958337 -29.60221754 32.36850097
v 27.25958337 -29.04740721 31.62750173
v 27.25958337 -28.44493406 30.93374216
v 27.25958337 27.55368609 30.93374216
v 27.25958337 28.15615924 31.62750173
v 27.25958337 28.71096957 32.36850097
v 27.25958337 29.21899232 33.15966969
v 27.25958337 29.68095379 34.00472983
v 27.25958337 30.09745682 34.90848540
v 27.25958337 30.46900118 35.87726118
v 27.25958337 30.79599983 36.91959595
v 27.25958337 31.07879195 38.04739783
v 27.25958337 31.31765345 39.27800597
v 27.25958337 31.51280528 40.63821939
v 27.25958337 31.66442004 42.17324122
v 27.25958337 31.77262703 43.97082317
v 27.25958337 31.83751602 46.25420966
v 28.42887347 32.06485502 51.04116889
v 28.42887347 31.39916318 58.94201926
v 28.42887347 30.60721183 64.05874371
v 28.42887347 29.73862905 68.45818895
v 28.42887347 28.80980486 72.43316443
v 28.42887347 -29.74658111 72.43316443
v 28.42887347 -30.67540530 68.45818895
v 28.42887347 -31.54398808 64.05874371
v 28.42887347 -32.33593943 58.94201926
v 28.42887347 -33.00163127 51.04116889
v 28.42887347 -32.97985448 46.16995163
v 28.42887347 -32.91450656 43.88656514
v 28.42887347 -32.80553426 42.08898319
v 28.42887347 -32.65284719 40.55396136
v 28.42887347 -32.45631512 39.19374794
v 28.42887347 -32.21576424 37.96313980
v 28.42887347 -31.93097204 36.83533792
v 28.42887347 -31.60166066 35.79300315
v 28.42887347 -31.22748850 34.82422738
v 28.42887347 -30.80803971 33.92047180
v 28.42887347 -30.34281096 33.07541166
v 28.42887347 -29.83119516 32.28424294
v 28.42887347 -29.27246087 31.54324370
v 28.42887347 -28.66572665 30.84948413
v 28.42887347 27.72895041 30.84948413
v 28.42887347 28.33568462 31.54324370
v 28.42887347 28.89441891 32.28424294
v 28.42887347 29.40603472 33.07541166
v 28.42887347 29.87126346 33.92047180
v 28.42887347 30.29071226 34.82422738
v 28.42887347 30.66488441 35.79300315
v 28.42887347 30.99419579 36.83533792
v 28.42887347 31.27898800 37.96313980
v 28.42887347 31.51953887 39.19374794
v 28.42887347 31.71607094 40.55396136
v 28.42887347 31.86875802 42.08898319
v 28.42887347 31.97773031 43.88656514
v 28.42887347 32.04307824 46.16995163
v 29.60673188 32.22682205 51.00257777
v 29.60673188 31.55850354 58.93704311
v 29.60673188 30.76293019 64.07801756
v 29.60673188 29.89013823 68.49895428
v 29.60673188 28.95664410 72.49371925
v 29.60673188 -30.87408295 68.49895428
v 29.60673188 -31.74687490 64.07801756
v 29.60673188 -32.54244825 58.93704311
v 29.60673188 -33.21076677 51.00257777
v 29.60673188 -33.18886578 46.13136051
v 29.60673188 -33.12314514 43.84797403
v 29.60673188 -33.01355133 42.05039208
v 29.60673188 -32.85999342 40.51537025
v 29.60673188 -32.66234044 39.15515682
v 29.60673188 -32.42041760 37.92454868
v 29.60673188 -32.13400110 36.79674680
v 29.60673188 -31.80281151 35.75441204
v 29.60673188 -31.42650529 34.78563626
v 29.60673188 -31.00466420 33.88188069
v 29.60673188 -30.53678205 33.03682054
v 29.60673188 -30.02224828 32.24565183
v 29.60673188 -29.46032728 31.50465259
v 29.60673188 -28.85013260 30.81089301
v 29.60673188 27.86618788 30.81089301
v 29.60673188 28.47638256 31.50465259
v 29.60673188 29.03830356 32.24565183
v 29.60673188 29.55283733 33.03682054
v 29.60673188 30.02071948 33.88188069
v 29.60673188 30.44256058 34.78563626
v 29.60673188 30.81886680 35.75441204
v 29.60673188 31.15005639 36.79674680
v 29.60673188 31.43647288 37.92454868
v 29.60673188 31.67839572 39.15515682
v 29.60673188 31.87604870 40.51537025
v 29.60673188 32.02960662 42.05039208
v 29.60673188 32.13920043 43.84797403
v 29.60673188 32.20492106 46.13136051
v 30.79310342 32.34505849 51.00000000
v 30.79310342 31.67501869 58.93073590
v 30.79310342 30.87689117 64.07180329
v 30.79310342 30.00105630 68.49346862
v 30.79310342 29.06413571 72.48926807
v 30.79310342 -31.03386838 68.49346862
v 30.79310342 -31.90970325 64.07180329
v 30.79310342 -32.70783076 58.93073590
v 30.79310342 -33.37787057 51.00000000
v 30.79310342 -33.35587409 46.12878274
v 30.79310342 -33.28986688 43.84539625
v 30.79310342 -33.17979518 42.04781430
v 30.79310342 -33.02556768 40.51279247
v 30.79310342 -32.82705284 39.15257905
v 30.79310342 -32.58407509 37.92197091
v 30.79310342 -32.29640968 36.79416903
v 30.79310342 -31.96377594 35.75183426
v 30.79310342 -31.58582884 34.78305848
v 30.79310342 -31.16214830 33.87930291
v 30.79310342 -30.69222596 33.03424277
v 30.79310342 -30.17544857 32.24307405
v 30.79310342 -29.61107732 31.50207481
v 30.79310342 -28.99822188 30.80831524
v 30.79310342 27.96540980 30.80831524
v 30.79310342 28.57826524 31.50207481
v 30.79310342 29.14263649 32.24307405
v 30.79310342 29.65941388 33.03424277
v 30.79310342 30.12933623 33.87930291
v 30.79310342 30.55301676 34.78305848
v 30.79310342 30.93096386 35.75183426
v 30.79310342 31.26359760 36.79416903
v 30.79310342 31.55126301 37.92197091
v 30.79310342 31.79424076 39.15257905
v 30.79310342 31.99275560 40.51279247
v 30.79310342 32.14698311 42.04781430
v 30.79310342 32.25705480 43.84539625
v 30.79310342 32.32306201 46.12878274
v 31.98793102 32.42140003 51.00000000
v 31.98793102 31.75050586 58.92165846
v 31.98793102 30.95084729 64.05938221
v 31.98793102 30.07308719 68.47882888
v 31.98793102 29.13393196 72.47300438
v 31.98793102 -31.15636370 68.47882888
v 31.98793102 -32.03412381 64.05938221
v 31.98793102 -32.83378238 58.92165846
v 31.98793102 -33.50467655 51.00000000
v 31.98793102 -33.48261207 46.12878274
v 31.98793102 -33.41640084 43.84539625
v 31.98793102 -33.30598891 42.04781430
v 31.98793102 -33.15128470 40.51279247
v 31.98793102 -32.95215625 39.15257905
v 31.98793102 -32.70842747 37.92197091
v 31.98793102 -32.41987289 36.79416903
v 31.98793102 -32.08621099 35.75183426
v 31.98793102 -31.70709567 34.78305848
v 31.98793102 -31.28210555 33.87930291
v 31.98793102 -30.81073070 33.03424277
v 31.98793102 -30.29235596 32.24307405
v 31.98793102 -29.72624025 31.50207481
v 31.98793102 -29.11149050 30.80831524
v 31.98793102 28.02821399 30.80831524
v 31.98793102 28.64296374 31.50207481
v 31.98793102 29.20907944 32.24307405
v 31.98793102 29.72745418 33.03424277
v 31.98793102 30.19882904 33.87930291
v 31.98793102 30.62381915 34.78305848
v 31.98793102 31.00293448 35.75183426
v 31.98793102 31.33659638 36.79416903
v 31.98793102 31.62515096 37.92197091
v 31.98793102 31.86887974 39.15257905
v 31.98793102 32.06800818 40.51279247
v 31.98793102 32.22271240 42.04781430
v 31.98793102 32.33312432 43.84539625
v 31.98793102 32.39933556 46.12878274
v 33.19115571 32.45546819 51.00000000
v 33.19115571 31.78459229 58.91207414
v 33.19115571 30.98443359 64.04615815
v 33.19115571 30.10587496 68.46314052
v 33.19115571 29.16568693 72.45547541
v 33.19115571 -31.24121638 68.46314052
v 33.19115571 -32.11977501 64.04615815
v 33.19115571 -32.91993371 58.91207414
v 33.19115571 -33.59080961 51.00000000
v 33.19115571 -33.56870491 46.12878274
v 33.19115571 -33.50237295 43.84539625
v 33.19115571 -33.39175972 42.04781430
v 33.19115571 -33.23677343 40.51279247
v 33.19115571 -33.03728192 39.15257905
v 33.19115571 -32.79310875 37.92197091
v 33.19115571 -32.50402806 36.79416903
v 33.19115571 -32.16975781 35.75183426
v 33.19115571 -31.78995125 34.78305848
v 33.19115571 -31.36418626 33.87930291
v 33.19115571 -30.89195196 33.03424277
v 33.19115571 -30.37263208 32.24307405
v 33.19115571 -29.80548420 31.50207481
v 33.19115571 -29.18961359 30.80831524
v 33.19115571 28.05427217 30.80831524
v 33.19115571 28.67014278 31.50207481
v 33.19115571 29.23729066 32.24307405
v 33.19115571 29.75661054 33.03424277
v 33.19115571 30.22884484 33.87930291
v 33.19115571 30.65460983 34.78305848
v 33.19115571 31.03441639 35.75183426
v 33.19115571 31.36868664 36.79416903
v 33.19115571 31.65776734 37.92197091
v 33.19115571 31.90194050 39.15257905
v 33.19115571 32.10143201 40.51279247
v 33.19115571 32.25641830 42.04781430
v 33.19115571 32.36703153 43.84539625
v 33.19115571 32.43336349 46.12878274
v 34.40271670 32.44888141 51.00000000
v 34.40271670 31.77886136 58.90197893
v 34.40271670 30.97919273 64.03212842
v 34.40271670 30.10091803 68.44640301
v 34.40271670 -31.28993882 68.44640301
v 34.40271670 -32.16821352 64.03212842
v 34.40271670 -32.96788215 58.90197893
v 34.40271670 -33.63790220 51.00000000
v 34.40271670 -33.61578394 46.12878274
v 34.40271670 -33.54941130 43.84539625
v 34.40271670 -33.43873023 42.04781430
v 34.40271670 -33.28364889 40.51279247
v 34.40271670 -33.08403503 39.15257905
v 34.40271670 -32.83971212 37.92197091
v 34.40271670 -32.55045413 36.79416903
v 34.40271670 -32.21597887 35.75183426
v 34.40271670 -31.83593938 34.78305848
v 34.40271670 -31.40991327 33.87930291
v 34.40271670 -30.93738935 33.03424277
v 34.40271670 -30.41775098 32.24307405
v 34.40271670 -29.85025527 31.50207481
v 34.40271670 -29.23400695 30.80831524
v 34.40271670 28.04498616 30.80831524
v 34.40271670 28.66123448 31.50207481
v 34.40271670 29.22873019 32.24307405
v 34.40271670 29.74836857 33.03424277
v 34.40271670 30.22089249 33.87930291
v 34.40271670 30.64691859 34.78305848
v 34.40271670 31.02695808 35.75183426
v 34.40271670 31.36143334 36.79416903
v 34.40271670 31.65069133 37.92197091
v 34.40271670 31.89501425 39.15257905
v 34.40271670 32.09462810 40.51279247
v 34.40271670 32.24970944 42.04781430
v 34.40271670 32.36039051 43.84539625
v 34.40271670 32.42676315 46.12878274
v 35.62255133 32.43150077 51.00000000
v 35.62255133 31.76256774 58.89136906
v 35.62255133 30.96365610 64.01729084
v 35.62255133 30.08595366 68.42861665
v 35.62255133 -31.33028172 68.42861665
v 35.62255133 -32.20798417 64.01729084
v 35.62255133 -33.00689580 58.89136906
v 35.62255133 -33.67582884 51.00000000
v 35.62255133 -33.65370370 46.12878274
v 35.62255133 -33.58731042 43.84539625
v 35.62255133 -33.47659494 42.04781430
v 35.62255133 -33.32146539 40.51279247
v 35.62255133 -33.12178947 39.15257905
v 35.62255133 -32.87739060 37.92197091
v 35.62255133 -32.58804269 36.79416903
v 35.62255133 -32.25346344 35.75183426
v 35.62255133 -31.87330580 34.78305848
v 35.62255133 -31.44714724 33.87930291
v 35.62255133 -30.97447642 33.03424277
v 35.62255133 -30.45467649 32.24307405
v 35.62255133 -29.88700434 31.50207481
v 35.62255133 -29.27056444 30.80831524
v 35.62255133 28.02623637 30.80831524
v 35.62255133 28.64267628 31.50207481
v 35.62255133 29.21034842 32.24307405
v 35.62255133 29.73014835 33.03424277
v 35.62255133 30.20281917 33.87930291
v 35.62255133 30.62897773 34.78305848
v 35.62255133 31.00913537 35.75183426
v 35.62255133 31.34371462 36.79416903
v 35.62255133 31.63306253 37.92197091
v 35.62255133 31.87746141 39.15257905
v 35.62255133 32.07713733 40.51279247
v 35.62255133 32.23226688 42.04781430
v 35.62255133 32.34298236 43.84539625
v 35.62255133 32.40937563 46.12878274
v 36.85059510 32.41271236 51.00000000
v 36.85059510 31.74490929 58.88024096
v 36.85059510 30.94679621 64.00164376
v 36.85059510 30.06970640 68.40978254
v 36.85059510 -31.37098254 68.40978254
v 36.85059510 -32.24807234 64.00164376
v 36.85059510 -33.04618542 58.88024096
v 36.85059510 -33.71398850 51.00000000
v 36.85059510 -33.69185688 46.12878274
v 36.85059510 -33.62544415 43.84539625
v 36.85059510 -33.51469622 42.04781430
v 36.85059510 -33.35952122 40.51279247
v 36.85059510 -33.15978679 39.15257905
v 36.85059510 -32.91531630 37.92197091
v 36.85059510 -32.62588360 36.79416903
v 36.85059510 -32.29120631 35.75183426
v 36.85059510 -31.91093727 34.78305848
v 36.85059510 -31.48465384 33.87930291
v 36.85059510 -31.01184451 33.03424277
v 36.85059510 -30.49189227 32.24307405
v 36.85059510 -29.92405378 31.50207481
v 36.85059510 -29.30743324 30.80831524
v 36.85059510 28.00615710 30.80831524
v 36.85059510 28.62277764 31.50207481
v 36.85059510 29.19061613 32.24307405
v 36.85059510 29.71056837 33.03424277
v 36.85059510 30.18337770 33.87930291
v 36.85059510 30.60966114 34.78305848
v 36.85059510 30.98993018 35.75183426
v 36.85059510 31.32460746 36.79416903
v 36.85059510 31.61404016 37.92197091
v 36.85059510 31.85851065 39.15257905
v 36.85059510 32.05824508 40.51279247
v 36.85059510 32.21342009 42.04781430
v 36.85059510 32.32416801 43.84539625
v 36.85059510 32.39058074 46.12878274
v 38.08678170 32.39255643 51.00000000
v 38.08678170 31.72592799 58.86859135
v 38.08678170 30.92865617 63.98518608
v 38.08678170 30.05222019 68.38990264
v 38.08678170 -31.41209748 68.38990264
v 38.08678170 -32.28853347 63.98518608
v 38.08678170 -33.08580528 58.86859135
v 38.08678170 -33.75243372 51.00000000
v 38.08678170 -33.73029598 46.12878274
v 38.08678170 -33.66386488 43.84539625
v 38.08678170 -33.55308633 42.04781430
v 38.08678170 -33.39786840 40.51279247
v 38.08678170 -33.19807873 39.15257905
v 38.08678170 -32.95354063 37.92197091
v 38.08678170 -32.66402788 36.79416903
v 38.08678170 -32.32925802 35.75183426
v 38.08678170 -31.94888381 34.78305848
v 38.08678170 -31.52248248 33.87930291
v 38.08678170 -31.04954238 33.03424277
v 38.08678170 -30.52944633 32.24307405
v 38.08678170 -29.96145078 31.50207481
v 38.08678170 -29.34465970 30.80831524
v 38.08678170 27.98478241 30.80831524
v 38.08678170 28.60157349 31.50207481
v 38.08678170 29.16956903 32.24307405
v 38.08678170 29.68966508 33.03424277
v 38.08678170 30.16260518 33.87930291
v 38.08678170 30.58900652 34.78305848
v 38.08678170 30.96938073 35.75183426
v 38.08678170 31.30415058 36.79416903
v 38.08678170 31.59366333 37.92197091
v 38.08678170 31.83820144 39.15257905
v 38.08678170 32.03799111 40.51279247
v 38.08678170 32.19320904 42.04781430
v 38.08678170 32.30398759 43.84539625
v 38.08678170 32.37041869 46.12878274
v 39.33104302 32.37107592 51.00000000
v 39.33104302 31.70566856 58.85641716
v 39.33104302 30.90928188 63.96791724
v 39.33104302 30.03354168 68.36897976
v 39.33104302 -32.32942513 63.96791724
v 39.33104302 -33.12581182 58.85641716
v 39.33104302 -33.79121917 51.00000000
v 39.33104302 -33.76907564 46.12878274
v 39.33104302 -33.70262716 43.84539625
v 39.33104302 -33.59181962 42.04781430
v 39.33104302 -33.43656109 40.51279247
v 39.33104302 -33.23671915 39.15257905
v 39.33104302 -32.99211707 37.92197091
v 39.33104302 -32.70252858 36.79416903
v 39.33104302 -32.36767114 35.75183426
v 39.33104302 -31.98719741 34.78305848
v 39.33104302 -31.56068452 33.87930291
v 39.33104302 -31.08762069 33.03424277
v 39.33104302 -30.56738857 32.24307405
v 39.33104302 -29.99924443 31.50207481
v 39.33104302 -29.38229198 30.80831524
v 39.33104302 27.96214873 30.80831524
v 39.33104302 28.57910118 31.50207481
v 39.33104302 29.14724532 32.24307405
v 39.33104302 29.66747744 33.03424277
v 39.33104302 30.14054127 33.87930291
v 39.33104302 30.56705416 34.78305848
v 39.33104302 30.94752789 35.75183426
v 39.33104302 31.28238532 36.79416903
v 39.33104302 31.57197382 37.92197091
v 39.33104302 31.81657590 39.15257905
v 39.33104302 32.01641784 40.51279247
v 39.33104302 32.17167637 42.04781430
v 39.33104302 32.28248391 43.84539625
v 39.33104302 32.34893239 46.12878274
v 40.58330914 32.34831652 50.99920651
v 40.58330914 31.68417850 58.84301143
v 40.58330914 30.88872200 63.94919124
v 40.58330914 30.01372035 68.34642161
v 40.58330914 -32.37080711 63.94919124
v 40.58330914 -33.16626361 58.84301143
v 40.58330914 -33.83040163 50.99920651
v 40.58330914 -33.80825260 46.12798925
v 40.58330914 -33.74178763 43.84460277
v 40.58330914 -33.63095259 42.04702081
v 40.58330914 -33.47565551 40.51199898
v 40.58330914 -33.27576397 39.15178556
v 40.58330914 -33.03110117 37.92117742
v 40.58330914 -32.74144080 36.79337554
v 40.58330914 -32.40650024 35.75104077
v 40.58330914 -32.02593207 34.78226500
v 40.58330914 -31.59931331 33.87850943
v 40.58330914 -31.12613205 33.03344928
v 40.58330914 -30.60577080 32.24228056
v 40.58330914 -30.03748563 31.50128133
v 40.58330914 -29.42038004 30.80752175
v 40.58330914 27.93829493 30.80752175
v 40.58330914 28.55540052 31.50128133
v 40.58330914 29.12368569 32.24228056
v 40.58330914 29.64404694 33.03344928
v 40.58330914 30.11722820 33.87850943
v 40.58330914 30.54384696 34.78226500
v 40.58330914 30.92441513 35.75104077
v 40.58330914 31.25935569 36.79337554
v 40.58330914 31.54901606 37.92117742
v 40.58330914 31.79367886 39.15178556
v 40.58330914 31.99357041 40.51199898
v 40.58330914 32.14886748 42.04702081
v 40.58330914 32.25970252 43.84460277
v 40.58330914 32.32616749 46.12798925
v 41.84350839 32.32432668 50.99218744
v 41.84350839 31.66150807 58.82355010
v 41.84350839 30.86702800 63.92458488
v 41.84350839 29.99280844 68.31815161
v 41.84350839 -32.41274135 63.92458488
v 41.84350839 -33.20722141 58.82355010
v 41.84350839 -33.87004002 50.99218744
v 41.84350839 -33.84788575 46.12097017
v 41.84350839 -33.78140506 43.83758369
v 41.84350839 -33.67054381 42.04000174
v 41.84350839 -33.51521002 40.50497991
v 41.84350839 -33.31527121 39.14476648
v 41.84350839 -33.07055056 37.91415834
v 41.84350839 -32.78082169 36.78635647
v 41.84350839 -32.44580193 35.74402170
v 41.84350839 -32.06514378 34.77524592
v 41.84350839 -31.63842414 33.87149035
v 41.84350839 -31.16513099 33.02643020
v 41.84350839 -30.64464670 32.23526149
v 41.84350839 -30.07622715 31.49426225
v 41.84350839 -29.45897564 30.80050268
v 41.84350839 27.91326230 30.80050268
v 41.84350839 28.53051381 31.49426225
v 41.84350839 29.09893335 32.23526149
v 41.84350839 29.61941765 33.02643020
v 41.84350839 30.09271079 33.87149035
v 41.84350839 30.51943043 34.77524592
v 41.84350839 30.90008859 35.74402170
v 41.84350839 31.23510835 36.78635647
v 41.84350839 31.52483722 37.91415834
v 41.84350839 31.76955787 39.14476648
v 41.84350839 31.96949668 40.50497991
v 41.84350839 32.12483047 42.04000174
v 41.84350839 32.23569172 43.83758369
v 41.84350839 32.30217241 46.12097017
v 43.11156732 32.29915759 50.97806734
v 43.11156732 31.63771034 58.79725166
v 43.11156732 30.84425416 63.89338362
v 43.11156732 29.97086104 68.28351441
v 43.11156732 -32.45529196 63.89338362
v 43.11156732 -33.24874814 58.79725166
v 43.11156732 -33.91019539 50.97806734
v 43.11156732 -33.88803610 46.10685007
v 43.11156732 -33.82154037 43.82346359
v 43.11156732 -33.71065402 42.02588164
v 43.11156732 -33.55528506 40.49085981
v 43.11156732 -33.35530098 39.13064638
v 43.11156732 -33.11052492 37.90003824
v 43.11156732 -32.82073046 36.77223637
v 43.11156732 -32.48563486 35.72990160
v 43.11156732 -32.10489052 34.76112582
v 43.11156732 -31.67807427 33.85737025
v 43.11156732 -31.20467397 33.01231010
v 43.11156732 -30.68407184 32.22114139
v 43.11156732 -30.11552361 31.48014215
v 43.11156732 -29.49813235 30.78638257
v 43.11156732 27.88709455 30.78638257
v 43.11156732 28.50448581 31.48014215
v 43.11156732 29.07303404 32.22114139
v 43.11156732 29.59363618 33.01231010
v 43.11156732 30.06703647 33.85737025
v 43.11156732 30.49385272 34.76112582
v 43.11156732 30.87459706 35.72990160
v 43.11156732 31.20969266 36.77223637
v 43.11156732 31.49948713 37.90003824
v 43.11156732 31.74426318 39.13064638
v 43.11156732 31.94424726 40.49085981
v 43.11156732 32.09961622 42.02588164
v 43.11156732 32.21050257 43.82346359
v 43.11156732 32.27699831 46.10685007
v 44.38741076 32.27286325 50.95704196
v 44.38741076 31.61284119 58.76428538
v 44.38741076 30.82045757 63.85574540
v 44.38741076 -32.49852524 63.85574540
v 44.38741076 -33.29090886 58.76428538
v 44.38741076 -33.95093092 50.95704196
v 44.38741076 -33.92876680 46.08582470
v 44.38741076 -33.86225656 43.80243822
v 44.38741076 -33.75134603 42.00485627
v 44.38741076 -33.59594318 40.46983444
v 44.38741076 -33.39591548 39.10962101
v 44.38741076 -33.15108604 37.87901287
v 44.38741076 -32.86122836 36.75121099
v 44.38741076 -32.52605967 35.70887623
v 44.38741076 -32.14523229 34.74010045
v 44.38741076 -31.71832295 33.83634488
v 44.38741076 -31.24481939 32.99128473
v 44.38741076 -30.72410371 32.20011602
v 44.38741076 -30.15543147 31.45911678
v 44.38741076 -29.53790555 30.76535720
v 44.38741076 27.85983788 30.76535720
v 44.38741076 28.47736380 31.45911678
v 44.38741076 29.04603604 32.20011602
v 44.38741076 29.56675172 32.99128473
v 44.38741076 30.04025528 33.83634488
v 44.38741076 30.46716462 34.74010045
v 44.38741076 30.84799200 35.70887623
v 44.38741076 31.18316070 36.75121099
v 44.38741076 31.47301837 37.87901287
v 44.38741076 31.71784781 39.10962101
v 44.38741076 31.91787551 40.46983444
v 44.38741076 32.07327836 42.00485627
v 44.38741076 32.18418889 43.80243822
v 44.38741076 32.25069913 46.08582470
v 45.67096179 32.24550043 50.92931993
v 45.67096179 31.58695930 58.72483215
v 45.67096179 30.79569816 63.81183919
v 45.67096179 -32.54250965 63.81183919
v 45.67096179 -33.33377079 58.72483215
v 45.67096179 -33.99231192 50.92931993
v 45.67096179 -33.97014311 46.05810266
v 45.67096179 -33.90361879 43.77471618
v 45.67096179 -33.79268478 41.97713423
v 45.67096179 -33.63724903 40.44211240
v 45.67096179 -33.43717900 39.08189897
v 45.67096179 -33.19229773 37.85129083
v 45.67096179 -32.90237870 36.72348895
v 45.67096179 -32.56713906 35.68115419
v 45.67096179 -32.18623106 34.71237841
v 45.67096179 -31.75923135 33.80862284
v 45.67096179 -31.28562757 32.96356269
v 45.67096179 -30.76480166 32.17239398
v 45.67096179 -30.19600904 31.43139474
v 45.67096179 -29.57835241 30.73763516
v 45.67096179 27.83154091 30.73763516
v 45.67096179 28.44919755 31.43139474
v 45.67096179 29.01799017 32.17239398
v 45.67096179 29.53881608 32.96356269
v 45.67096179 30.01241986 33.80862284
v 45.67096179 30.43941957 34.71237841
v 45.67096179 30.82032757 35.68115419
v 45.67096179 31.15556721 36.72348895
v 45.67096179 31.44548624 37.85129083
v 45.67096179 31.69036751 39.08189897
v 45.67096179 31.89043754 40.44211240
v 45.67096179 32.04587329 41.97713423
v 45.67096179 32.15680730 43.77471618
v 45.67096179 32.22333162 46.05810266
v 46.96214179 32.21712869 50.89512273
v 46.96214179 31.56012617 58.67908459
v 46.96214179 30.77003866 63.76184502
v 46.96214179 -33.37740330 58.67908459
v 46.96214179 -34.03440582 50.89512273
v 46.96214179 -34.01223242 46.02390547
v 46.96214179 -33.94569432 43.74051899
v 46.96214179 -33.83473732 41.94293704
v 46.96214179 -33.67926938 40.40791521
v 46.96214179 -33.47915789 39.04770178
v 46.96214179 -33.23422589 37.81709364
v 46.96214179 -32.94424680 36.68929176
v 46.96214179 -32.60893771 35.64695699
v 46.96214179 -32.22795080 34.67818122
v 46.96214179 -31.80086263 33.77442565
v 46.96214179 -31.32716074 32.92936550
v 46.96214179 -30.80622693 32.13819679
v 46.96214179 -30.23731648 31.39719755
v 46.96214179 -29.61953189 30.70343797
v 46.96214179 27.80225476 30.70343797
v 46.96214179 28.42003935 31.39719755
v 46.96214179 28.98894981 32.13819679
v 46.96214179 29.50988361 32.92936550
v 46.96214179 29.98358551 33.77442565
v 46.96214179 30.41067368 34.67818122
v 46.96214179 30.79166058 35.64695699
v 46.96214179 31.12696968 36.68929176
v 46.96214179 31.41694876 37.81709364
v 46.96214179 31.66188076 39.04770178
v 46.96214179 31.86199225 40.40791521
v 46.96214179 32.01746020 41.94293704
v 46.96214179 32.12841719 43.74051899
v 46.96214179 32.19495529 46.02390547
v 48.26087047 32.18781040 50.85468484
v 48.26087047 31.53240613 58.62724705
v 48.26087047 30.74354466 63.70595399
v 48.26087047 -33.42187789 58.62724705
v 48.26087047 -34.07728215 50.85468484
v 48.26087047 -34.05510421 45.98346758
v 48.26087047 -33.98855250 43.70008110
v 48.26087047 -33.87757280 41.90249914
v 48.26087047 -33.72207303 40.36747731
v 48.26087047 -33.52192060 39.00726389
v 48.26087047 -33.27693847 37.77665575
v 48.26087047 -32.98690004 36.64885387
v 48.26087047 -32.65152233 35.60651910
v 48.26087047 -32.27045746 34.63774333
v 48.26087047 -31.84328188 33.73398776
v 48.26087047 -31.36948305 32.88892761
v 48.26087047 -30.84844264 32.09775889
v 48.26087047 -30.27941576 31.35675966
v 48.26087047 -29.66150474 30.66300008
v 48.26087047 27.77203299 30.66300008
v 48.26087047 28.38994401 31.35675966
v 48.26087047 28.95897088 32.09775889
v 48.26087047 29.48001129 32.88892761
v 48.26087047 29.95381013 33.73398776
v 48.26087047 30.38098570 34.63774333
v 48.26087047 30.76205058 35.60651910
v 48.26087047 31.09742829 36.64885387
v 48.26087047 31.38746672 37.77665575
v 48.26087047 31.63244885 39.00726389
v 48.26087047 31.83260128 40.36747731
v 48.26087047 31.98810104 41.90249914
v 48.26087047 32.09908074 43.70008110
v 48.26087047 32.16563246 45.98346758
v 49.56706584 32.15761071 50.80825368
v 49.56706584 31.50386632 58.56953566
v 49.56706584 30.71628456 63.64436834
v 49.56706584 -33.46726818 58.56953566
v 49.56706584 -34.12101256 50.80825368
v 49.56706584 -34.09883010 45.93703642
v 49.56706584 -34.03226479 43.65364993
v 49.56706584 -33.92126243 41.85606798
v 49.56706584 -33.76573091 40.32104615
v 49.56706584 -33.56553761 38.96083273
v 49.56706584 -33.32050546 37.73022459
v 49.56706584 -33.03040781 36.60242271
v 49.56706584 -32.69496161 35.56008794
v 49.56706584 -32.31381893 34.59131216
v 49.56706584 -31.88655613 33.68755659
v 49.56706584 -31.41266055 32.84249645
v 49.56706584 -30.89151375 32.05132773
v 49.56706584 -30.32237068 31.31032849
v 49.56706584 -29.70433349 30.61656892
v 49.56706584 27.74093164 30.61656892
v 49.56706584 28.35896883 31.31032849
v 49.56706584 28.92811190 32.05132773
v 49.56706584 29.44925870 32.84249645
v 49.56706584 29.92315428 33.68755659
v 49.56706584 30.35041708 34.59131216
v 49.56706584 30.73155976 35.56008794
v 49.56706584 31.06700595 36.60242271
v 49.56706584 31.35710361 37.73022459
v 49.56706584 31.60213576 38.96083273
v 49.56706584 31.80232906 40.32104615
v 49.56706584 31.95786058 41.85606798
v 49.56706584 32.06886294 43.65364993
v 49.56706584 32.13542824 45.93703642
v 50.88064425 32.12659758 50.75608966
v 50.88064425 31.47457669 58.50617832
v 50.88064425 30.68832960 63.57730143
v 50.88064425 -33.51364989 58.50617832
v 50.88064425 -34.16567078 50.75608966
v 50.88064425 -34.14348374 45.88487240
v 50.88064425 -34.07690473 43.60148592
v 50.88064425 -33.96587952 41.80390396
v 50.88064425 -33.81031598 40.26888213
v 50.88064425 -33.61008146 38.90866871
v 50.88064425 -33.36499887 37.67806057
v 50.88064425 -33.07484149 36.55025869
v 50.88064425 -32.73932624 35.50792392
v 50.88064425 -32.35810509 34.53914815
v 50.88064425 -31.93075433 33.63539257
v 50.88064425 -31.45676118 32.79033243
v 50.88064425 -30.93550709 31.99916371
v 50.88064425 -30.36624685 31.25816448
v 50.88064425 -29.74808242 30.56440490
v 50.88064425 27.70900922 30.56440490
v 50.88064425 28.32717365 31.25816448
v 50.88064425 28.89643389 31.99916371
v 50.88064425 29.41768798 32.79033243
v 50.88064425 29.89168113 33.63539257
v 50.88064425 30.31903188 34.53914815
v 50.88064425 30.70025304 35.50792392
v 50.88064425 31.03576829 36.55025869
v 50.88064425 31.32592567 37.67806057
v 50.88064425 31.57100826 38.90866871
v 50.88064425 31.77124278 40.26888213
v 50.88064425 31.92680631 41.80390396
v 50.88064425 32.03783153 43.60148592
v 50.88064425 32.10441054 45.88487240
v 52.20152045 32.09484173 50.69846618
v 52.20152045 31.44460998 58.43741475
v 52.20152045 30.65975380 63.50497776
v 52.20152045 -34.21133259 50.69846618
v 52.20152045 -34.18914090 45.82724892
v 52.20152045 -34.12254793 43.54386244
v 52.20152045 -34.01149942 41.74628049
v 52.20152045 -33.85590326 40.21125866
v 52.20152045 -33.65562673 38.85104523
v 52.20152045 -33.41049273 37.62043709
v 52.20152045 -33.12027448 36.49263521
v 52.20152045 -32.78468885 35.45030045
v 52.20152045 -32.40338773 34.48152467
v 52.20152045 -31.97594733 33.57776910
v 52.20152045 -31.50185475 32.73270895
v 52.20152045 -30.98049132 31.94154024
v 52.20152045 -30.41111167 31.20054100
v 52.20152045 -29.79281757 30.50678142
v 52.20152045 27.67632670 30.50678142
v 52.20152045 28.29462080 31.20054100
v 52.20152045 28.86400045 31.94154024
v 52.20152045 29.38536389 32.73270895
v 52.20152045 29.85945646 33.57776910
v 52.20152045 30.28689687 34.48152467
v 52.20152045 30.66819799 35.45030045
v 52.20152045 31.00378362 36.49263521
v 52.20152045 31.29400186 37.62043709
v 52.20152045 31.53913587 38.85104523
v 52.20152045 31.73941239 40.21125866
v 52.20152045 31.89500856 41.74628049
v 52.20152045 32.00605706 43.54386244
v 52.20152045 32.07265004 45.82724892
v 53.52960753 32.06241668 50.63566962
v 53.52960753 31.41404175 58.36349645
v 53.52960753 -34.25807585 50.63566962
v 53.52960753 -34.23587937 45.76445235
v 53.52960753 -34.16927202 43.48106587
v 53.52960753 -34.05819953 41.68348392
v 53.52960753 -33.90256977 40.14846209
v 53.52960753 -33.70224999 38.78824866
v 53.52960753 -33.45706306 37.55764053
v 53.52960753 -33.16678214 36.42983865
v 53.52960753 -32.83112404 35.38750388
v 53.52960753 -32.44974059 34.41872810
v 53.52960753 -32.02220788 33.51497253
v 53.52960753 -31.54801293 32.66991238
v 53.52960753 -31.02653691 31.87874367
v 53.52960753 -30.45703431 31.13774443
v 53.52960753 -29.83860669 30.44398486
v 53.52960753 27.64294752 30.44398486
v 53.52960753 28.26137513 31.13774443
v 53.52960753 28.83087774 31.87874367
v 53.52960753 29.35235375 32.66991238
v 53.52960753 29.82654871 33.51497253
v 53.52960753 30.25408141 34.41872810
v 53.52960753 30.63546487 35.38750388
v 53.52960753 30.97112297 36.42983865
v 53.52960753 31.26140388 37.55764053
v 53.52960753 31.50659082 38.78824866
v 53.52960753 31.70691059 40.14846209
v 53.52960753 31.86254036 41.68348392
v 53.52960753 31.97361284 43.48106587
v 53.52960753 32.04022020 45.76445235
v 54.86481701 32.02939871 50.56799928
v 54.86481701 31.38295032 58.28468670
v 54.86481701 -34.30598045 50.56799928
v 54.86481701 -34.28377898 45.69678201
v 54.86481701 -34.21715667 43.41339553
v 54.86481701 -34.10605926 41.61581358
v 54.86481701 -33.95039456 40.08079175
v 54.86481701 -33.75002982 38.72057832
v 54.86481701 -33.50478785 37.48997019
v 54.86481701 -33.21444178 36.36216831
v 54.86481701 -32.87870833 35.31983354
v 54.86481701 -32.49723927 34.35105776
v 54.86481701 -32.06961060 33.44730219
v 54.86481701 -31.59530921 32.60224205
v 54.86481701 -31.07371613 31.81107333
v 54.86481701 -30.50408570 31.07007409
v 54.86481701 -29.88551927 30.37631452
v 54.86481701 27.60893754 30.37631452
v 54.86481701 28.22750397 31.07007409
v 54.86481701 28.79713440 31.81107333
v 54.86481701 29.31872748 32.60224205
v 54.86481701 29.79302887 33.44730219
v 54.86481701 30.22065754 34.35105776
v 54.86481701 30.60212660 35.31983354
v 54.86481701 30.93786005 36.36216831
v 54.86481701 31.22820612 37.48997019
v 54.86481701 31.47344809 38.72057832
v 54.86481701 31.67381283 40.08079175
v 54.86481701 31.82947753 41.61581358
v 54.86481701 31.94057494 43.41339553
v 54.86481701 32.00719725 45.69678201
v 56.20705882 31.99586687 50.49576738
v 56.20705882 31.35141679 58.20055015
v 56.20705882 -34.35512826 50.49576739
v 56.20705882 -34.33292156 45.62455012
v 56.20705882 -34.26628357 43.34116364
v 56.20705882 -34.15516000 41.54358169
v 56.20705882 -33.99945866 40.00855986
v 56.20705882 -33.79904676 38.64834643
v 56.20705882 -33.55374705 37.41773829
v 56.20705882 -33.26333263 36.28993641
v 56.20705882 -32.92752015 35.24760165
v 56.20705882 -32.54596128 34.27882587
v 56.20705882 -32.11823195 33.37507030
v 56.20705882 -31.64381890 32.53001015
v 56.20705882 -31.12210304 31.73884144
v 56.20705882 -30.55233851 30.99784220
v 56.20705882 -29.93362646 30.30408262
v 56.20705882 27.57436507 30.30408262
v 56.20705882 28.19307712 30.99784220
v 56.20705882 28.76284165 31.73884144
v 56.20705882 29.28455751 32.53001015
v 56.20705882 29.75897056 33.37507030
v 56.20705882 30.18669990 34.27882587
v 56.20705882 30.56825876 35.24760165
v 56.20705882 30.90407124 36.28993641
v 56.20705882 31.19448566 37.41773829
v 56.20705882 31.43978537 38.64834643
v 56.20705882 31.64019727 40.00855986
v 56.20705882 31.79589862 41.54358169
v 56.20705882 31.90702219 43.34116364
v 56.20705882 31.97366018 45.62455012
v 57.55624133 31.96190290 50.41929900
v 57.55624133 31.31952498 58.11034683
v 57.55624133 -34.40560315 50.41929900
v 57.55624133 -34.38339094 45.54808174
v 57.55624133 -34.31673636 43.26469526
v 57.55624133 -34.20558514 41.46711330
v 57.55624133 -34.04984505 39.93209147
v 57.55624133 -33.84938328 38.57187805
v 57.55624133 -33.60402253 37.34126991
v 57.55624133 -33.31353584 36.21346803
v 57.55624133 -32.97763980 35.17113326
v 57.55624133 -32.59598599 34.20235749
v 57.55624133 -32.16815021 33.29860191
v 57.55624133 -31.69361911 32.45354177
v 57.55624133 -31.17177343 31.66237305
v 57.55624133 -30.60186711 30.92137382
v 57.55624133 -29.98300110 30.22761424
v 57.55624133 27.53930085 30.22761424
v 57.55624133 28.15816686 30.92137382
v 57.55624133 28.72807317 31.66237305
v 57.55624133 29.24991886 32.45354177
v 57.55624133 29.72444996 33.29860191
v 57.55624133 30.15228573 34.20235749
v 57.55624133 30.53393955 35.17113326
v 57.55624133 30.86983559 36.21346803
v 57.55624133 31.16032228 37.34126991
v 57.55624133 31.40568303 38.57187805
v 57.55624133 31.60614480 39.93209147
v 57.55624133 31.76188489 41.46711330
v 57.55624133 31.87303611 43.26469526
v 57.55624133 31.93969069 45.54808174
v 58.91227137 31.92759130 50.33893197
v 58.91227137 31.28736145 58.01438696
v 58.91227137 -34.43527287 45.46771471
v 58.91227137 -34.36860064 43.18432823
v 58.91227137 -34.25741999 41.38674628
v 58.91227137 -34.10163865 39.85172445
v 58.91227137 -33.90112379 38.49151102
v 58.91227137 -33.65569806 37.26090288
v 58.91227137 -33.36513444 36.13310100
v 58.91227137 -33.02914944 35.09076623
v 58.91227137 -32.64739456 34.12199046
v 58.91227137 -32.21944548 33.21823489
v 58.91227137 -31.74478871 32.37317474
v 58.91227137 -31.22280482 31.58200603
v 58.91227137 -30.65274757 30.84100679
v 58.91227137 -30.03371767 30.14724721
v 58.91227137 27.50381800 30.14724721
v 58.91227137 28.12284791 30.84100679
v 58.91227137 28.69290515 31.58200603
v 58.91227137 29.21488904 32.37317474
v 58.91227137 29.68954581 33.21823489
v 58.91227137 30.11749489 34.12199046
v 58.91227137 30.49924978 35.09076623
v 58.91227137 30.83523477 36.13310100
v 58.91227137 31.12579839 37.26090288
v 58.91227137 31.37122412 38.49151102
v 58.91227137 31.57173898 39.85172445
v 58.91227137 31.72752032 41.38674628
v 58.91227137 31.83870097 43.18432823
v 58.91227137 31.90537320 45.46771471
v 60.27505426 31.89288963 50.25501684
v 60.27505426 -34.48873419 45.38379958
v 60.27505426 -34.42204312 43.10041309
v 60.27505426 -34.31083103 41.30283114
v 60.27505426 -34.15500566 39.76780931
v 60.27505426 -33.95443411 38.40759589
v 60.27505426 -33.70893901 37.17698775
v 60.27505426 -33.41829325 36.04918587
v 60.27505426 -33.08221328 35.00685110
v 60.27505426 -32.70035047 34.03807533
v 60.27505426 -32.27228042 33.13431975
v 60.27505426 -31.79748947 32.28925961
v 60.27505426 -31.27535803 31.49809089
v 60.27505426 -30.70513964 30.75709166
v 60.27505426 -30.08593475 30.06333208
v 60.27505426 27.46786581 30.06333208
v 60.27505426 28.08707070 30.75709166
v 60.27505426 28.65728909 31.49809089
v 60.27505426 29.17942054 32.28925961
v 60.27505426 29.65421149 33.13431975
v 60.27505426 30.08228154 34.03807533
v 60.27505426 30.46414434 35.00685110
v 60.27505426 30.80022432 36.04918587
v 60.27505426 31.09087007 37.17698775
v 60.27505426 31.33636518 38.40759589
v 60.27505426 31.53693672 39.76780931
v 60.27505426 31.69276210 41.30283114
v 60.27505426 31.80397418 43.10041309
v 60.27505426 31.87066525 45.38379958
v 61.64449383 31.85376021 50.16791674
v 61.64449383 -34.47962252 43.01331299
v 61.64449383 -34.36837950 41.21573104
v 61.64449383 -34.21251077 39.68070921
v 61.64449383 -34.01188342 38.32049579
v 61.64449383 -33.76632002 37.08988765
v 61.64449383 -33.47559340 35.96208577
v 61.64449383 -33.13941992 34.91975100
v 61.64449383 -32.75745088 33.95097523
v 61.64449383 -32.32926173 33.04721965
v 61.64449383 -31.85433868 32.20215951
v 61.64449383 -31.33206197 31.41099079
v 61.64449383 -30.76168494 30.66999155
v 61.64449383 -30.14230777 29.97623198
v 61.64449383 27.42750527 29.97623198
v 61.64449383 28.04688243 30.66999155
v 61.64449383 28.61725947 31.41099079
v 61.64449383 29.13953618 32.20215951
v 61.64449383 29.61445922 33.04721965
v 61.64449383 30.04264837 33.95097523
v 61.64449383 30.42461741 34.91975100
v 61.64449383 30.76079089 35.96208577
v 61.64449383 31.05151751 37.08988765
v 61.64449383 31.29708092 38.32049579
v 61.64449383 31.49770827 39.68070921
v 61.64449383 31.65357699 41.21573104
v 61.64449383 31.76482002 43.01331299
v 61.64449383 31.83152964 45.29669948
v 63.02049241 31.80861317 50.07800729
v 63.02049241 -34.43098640 41.12582160
v 63.02049241 -34.27507659 39.59079977
v 63.02049241 -34.07439634 38.23058634
v 63.02049241 -33.82876819 36.99997820
v 63.02049241 -33.53796492 35.87217632
v 63.02049241 -33.20170281 34.82984156
v 63.02049241 -32.81963305 33.86106578
v 63.02049241 -32.39133101 32.95731021
v 63.02049241 -31.91628275 32.11225006
v 63.02049241 -31.39386834 31.32108135
v 63.02049241 -30.82334092 30.58008211
v 63.02049241 -30.20380045 29.88632253
v 63.02049241 27.38119122 29.88632253
v 63.02049241 28.00073169 30.58008211
v 63.02049241 28.57125911 31.32108135
v 63.02049241 29.09367352 32.11225006
v 63.02049241 29.56872178 32.95731021
v 63.02049241 29.99702382 33.86106578
v 63.02049241 30.37909357 34.82984156
v 63.02049241 30.71535569 35.87217632
v 63.02049241 31.00615896 36.99997820
v 63.02049241 31.25178711 38.23058634
v 63.02049241 31.45246735 39.59079977
v 63.02049241 31.60837717 41.12582160
v 63.02049241 31.71964953 42.92340355
v 63.02049241 31.78637675 45.20679003
v 64.40295089 31.75795377 49.98567648
v 64.40295089 -34.34231621 39.49846896
v 64.40295089 -34.14158562 38.13825553
v 64.40295089 -33.89589584 36.90764739
v 64.40295089 -33.60501961 35.77984551
v 64.40295089 -33.26867313 34.73751074
v 64.40295089 -32.88650752 33.76873497
v 64.40295089 -32.45809801 32.86497940
v 64.40295089 -31.98293056 32.01991925
v 64.40295089 -31.46038508 31.22875053
v 64.40295089 -30.88971452 30.48775130
v 64.40295089 -30.27001861 29.79399172
v 64.40295089 27.32942099 29.79399172
v 64.40295089 27.94911690 30.48775130
v 64.40295089 28.51978746 31.22875053
v 64.40295089 29.04233294 32.01991925
v 64.40295089 29.51750039 32.86497940
v 64.40295089 29.94590990 33.76873497
v 64.40295089 30.32807551 34.73751074
v 64.40295089 30.66442199 35.77984551
v 64.40295089 30.95529822 36.90764739
v 64.40295089 31.20098800 38.13825553
v 64.40295089 31.40171859 39.49846896
v 64.40295089 31.55766753 41.03349078
v 64.40295089 31.66896781 42.83107274
v 64.40295089 31.73571176 45.11445922
v 65.79176873 31.70230492 49.89132450
v 65.79176873 -33.96730156 36.81329541
v 65.79176873 -33.67635552 35.68549353
v 65.79176873 -33.33992832 34.64315876
v 65.79176873 -32.95767098 33.67438299
v 65.79176873 -32.52915866 32.77062741
v 65.79176873 -32.05387717 31.92556727
v 65.79176873 -31.53120628 31.13439855
v 65.79176873 -30.96039876 30.39339931
v 65.79176873 -30.34055412 29.69963974
v 65.79176873 27.27270929 29.69963974
v 65.79176873 27.89255393 30.39339931
v 65.79176873 28.46336145 31.13439855
v 65.79176873 28.98603234 31.92556727
v 65.79176873 29.46131383 32.77062741
v 65.79176873 29.88982615 33.67438299
v 65.79176873 30.27208349 34.64315876
v 65.79176873 30.60851069 35.68549353
v 65.79176873 30.89945673 36.81329541
v 65.79176873 31.14520548 38.04390355
v 65.79176873 31.34598425 39.40411697
v 65.79176873 31.50197061 40.93913880
v 65.79176873 31.61329760 42.73672075
v 65.79176873 31.68005757 45.02010724
v 67.18684398 -33.03270654 33.57842209
v 67.18684398 -32.60409522 32.67466652
v 67.18684398 -32.12870393 31.82960637
v 67.18684398 -31.60591229 31.03843766
v 67.18684398 -31.03497290 30.29743842
v 67.18684398 -30.41498507 29.60367885
v 67.18684398 27.21158806 29.60367885
v 67.18684398 27.83157589 30.29743842
v 67.18684398 28.40251528 31.03843766
v 67.18684398 28.92530692 31.82960637
v 67.18684398 29.40069820 32.67466652
v 67.18684398 29.82930952 33.57842209
v 67.18684398 30.21165516 34.54719787
v 67.18684398 30.54816009 35.58953264
v 67.18684398 30.83917334 36.71733451
v 67.18684398 31.08497886 37.94794265
v 67.18684398 31.28580401 39.30815608
v 67.18684398 31.44182641 40.84317791
v 67.18684398 31.55317912 42.64075986
v 67.18684398 31.61995452 44.92414634
v 68.58807329 -31.11300264 30.20029277
v 68.58807329 -30.49287593 29.50653319
v 68.58807329 27.14660621 29.50653319
v 68.58807329 27.76673293 30.20029277
v 68.58807329 28.33780021 30.94129200
v 68.58807329 28.86070896 31.73246072
v 68.58807329 29.33620674 32.57752087
v 68.58807329 29.76491407 33.48127644
v 68.58807329 30.14734536 34.45005221
v 68.58807329 30.48392567 35.49238698
v 68.58807329 30.77500412 36.62018886
v 68.58807329 31.02086469 37.85079700
v 68.58807329 31.22173484 39.21101042
v 68.58807329 31.37779219 40.74603225
v 68.58807329 31.48916984 42.54361421
v 68.58807329 31.55596019 44.82700069
v 69.99535197 27.07832943 29.40863863
v 69.99535197 27.69859198 30.10239820
v 69.99535197 28.26978435 30.84339744
v 69.99535197 28.79280763 31.63456616
v 69.99535197 29.26840956 32.47962630
v 69.99535197 29.69721080 33.38338188
v 69.99535197 30.07972585 34.35215765
v 69.99535197 30.41637988 35.39449242
v 69.99535197 30.70752208 36.52229430
v 69.99535197 30.95343651 37.75290244
v 69.99535197 31.15435065 39.11311586
v 69.99535197 31.31044218 40.64813769
v 69.99535197 31.42184423 42.44571964
v 69.99535197 31.48864922 44.72910613
v 71.40857397 27.00733993 29.30417157
v 71.40857397 27.62773654 29.99793115
v 71.40857397 28.19905236 30.73893039
v 71.40857397 28.72218869 31.53009910
v 71.40857397 29.19789342 32.37515925
v 71.40857397 29.62678734 33.27891482
v 71.40857397 30.00938507 34.24769060
v 71.40857397 30.34611186 35.29002536
v 71.40857397 30.63731699 36.41782724
v 71.40857397 30.88328457 37.64843538
v 71.40857397 31.08424214 39.00864881
v 71.40857397 31.24036741 40.54367064
v 71.40857397 31.35179353 42.34125259
v 72.82763193 26.93423612 29.18717398
v 72.82763193 27.55476635 29.88093356
v 72.82763193 28.12620523 30.62193279
v 72.82763193 28.64945424 31.41310151
v 72.82763193 29.12526142 32.25816166
v 72.82763193 29.55424771 33.16191723
v 72.82763193 29.93692785 34.13069300
v 72.82763193 30.27372717 35.17302777
v 72.82763193 30.56499502 36.30082965
v 72.82763193 30.81101558 37.53143779
v 72.82763193 31.01201643 38.89165121
v 72.82763193 31.16817533 40.42667304
v 74.25241718 26.85963237 29.05802467
v 74.25241718 27.48029715 29.75178424
v 74.25241718 28.05185993 30.49278348
v 74.25241718 28.57522239 31.28395219
v 74.25241718 29.05113274 32.12901234
v 74.25241718 29.48021204 33.03276791
v 74.25241718 29.86297516 34.00154369
v 74.25241718 30.19984750 35.04387846
v 74.25241718 30.49117850 36.17168034
v 74.25241718 30.73725241 37.40228847
v 75.68281981 26.78415869 28.91711816
v 75.68281981 27.40496032 29.61087774
v 75.68281981 27.97664913 30.35187698
v 75.68281981 28.50012699 31.14304569
v 75.68281981 28.97614228 31.98810584
v 75.68281981 29.40531620 32.89186141
v 75.68281981 29.78816371 33.86063718
v 75.68281981 30.12511033 34.90297195
v 77.11872865 26.70846036 28.76486445
v 77.11872865 27.32940259 29.45862402
v 77.11872865 27.90122086 30.19962326
v 77.11872865 28.42481727 30.99079197
v 77.11872865 28.90094037 31.83585212
v 8.66235229 -6.17314457 33.96650954
v 8.65616708 -6.06656515 33.96893390
v 8.61302976 -4.38539616 33.98326904
v 8.60697977 -4.16310583 33.98557481
v 8.59350733 -0.68214161 33.98966000
v 8.59128016 -0.13643249 33.99043828
v 8.60215055 3.37606791 33.98918973
v 8.60385042 3.88914176 33.98887417
v 8.64347746 5.62141462 33.97921489
v 8.64755838 5.78915198 33.97799143
v 8.72364992 7.28825525 33.95619122
v 8.72465136 7.30699502 33.95585844
v 9.62425707 -12.58903848 33.61845999
v 9.58010078 -12.45282389 33.63659923
v 9.39145415 -11.70909769 33.70601387
v 9.28946875 -11.31986424 33.74632618
v 9.18581953 -10.78978042 33.78223926
v 9.05669828 -10.15475396 33.83106235
v 9.00807873 -9.81420205 33.84677587
v 8.87542442 -8.92660172 33.89445080
v 8.85919203 -8.75819386 33.89929176
v 8.73671056 -7.52616664 33.94074111
v 8.74058441 -7.59030220 33.93952465
v 8.74026367 -7.58470107 33.93961188
v 8.73671056 7.44613352 33.95193008
v 8.84920664 8.63439529 33.91929844
v 8.87198305 8.80150189 33.91270018
v 9.02006409 9.85077025 33.86555731
v 9.09924206 10.26991928 33.84016713
v 9.24108146 11.00095112 33.79152459
v 9.43127165 11.76968953 33.72538402
v 9.51853652 12.11550465 33.69355893
v 10.54718765 -14.97496470 33.28173346
v 10.42296409 -14.71980876 33.32926368
v 10.21005786 -14.19702308 33.40388757
v 9.75377706 -12.99909058 33.56826644
v 9.95283958 -13.57885158 33.49894907
v 9.89736460 -13.41400976 33.51735256
v 9.75377706 12.87300924 33.60615919
v 9.86982510 13.21868428 33.56808621
v 9.96294204 13.44939750 33.53654502
v 10.32228760 14.33192467 33.41201130
v 11.77519577 -17.18416032 32.86005944
v 11.74261169 -17.13565175 32.87166471
v 11.33761684 -16.45094157 33.00705829
v 10.78005113 -15.46075376 33.19627267
v 11.00648002 -15.89741111 33.12179494
v 10.92054009 -15.72993874 33.14924827
v 10.78005113 15.28974055 33.24830702
v 10.87601075 15.47606108 33.21804242
v 11.09180277 15.83935010 33.14732082
v 11.58854923 16.67377559 32.98335921
v 12.77774508 -18.56988338 32.54677297
v 11.81551116 -17.24457174 32.84608052
v 12.69213237 -18.46257147 32.57437128
v 12.26689653 -17.86947938 32.70415643
v 11.81551116 17.01091733 32.90587779
v 12.49764533 17.95114384 32.70029499
v 12.86013355 -18.67348973 32.52077813
v 13.33867922 -19.23082927 32.38440615
v 12.86013355 18.40007225 32.58721785
v 13.67891926 19.34024064 32.36193668
v 14.54949567 -20.53577440 32.06102909
v 13.91389264 -19.90341969 32.22434990
v 13.92215305 -19.91238120 32.22230813
v 13.91742983 -19.90724668 32.22346223
v 13.91389264 19.58650351 32.29518696
v 14.43653957 20.09341970 32.16442617
v 15.89088663 -21.78522575 31.74726473
v 14.97676075 -20.96082606 31.95319342
v 15.59486500 -21.53104900 31.81534748
v 15.20354905 -21.16980707 31.90194629
v 14.97676075 20.61726081 32.02876114
v 15.27304137 20.88281771 31.96362491
v 16.04870819 -21.92059690 31.71146234
v 16.61731789 -22.37246243 31.59704116
v 16.04870819 21.52661114 31.78779594
v 16.81136970 22.10972344 31.63705913
v 18.14574933 -23.51714170 31.31979961
v 17.12970326 -22.77947765 31.49556419
v 17.95011332 -23.38160918 31.35430611
v 17.36733178 -22.95384189 31.45410207
v 17.12970326 22.35315964 31.57378030
v 17.53322035 22.63660798 31.50452372
v 18.21971223 -23.56828459 31.30691032
v 19.01274216 -24.03399802 31.15462565
v 18.21971223 23.08970814 31.38377438
v 18.55068116 23.27077907 31.31895060
v 19.31869939 -24.21277130 31.09595540
v 19.93330802 -24.52559035 30.96054054
v 19.31869939 23.69226203 31.16833049
v 19.94700740 23.99093289 31.02816228
v 20.42662705 -24.77667029 30.85041788
v 20.83092180 -25.00623129 30.79042128
v 20.42662705 24.21884795 30.92207839
v 21.50916283 24.81044048 30.76365509
v 22.47237894 -25.95773023 30.62267322
v 21.54345551 -25.41774275 30.68266360
v 21.96141047 -25.66926752 30.65616330
v 21.66664716 -25.49071213 30.67481171
v 21.54345551 24.82901313 30.75868452
v 21.59897656 24.86034104 30.75503141
v 22.66914312 -26.07021324 30.60896811
v 23.30826320 -26.39713519 30.57971126
v 22.66914312 25.42625282 30.68059617
v 23.28391415 25.71997677 30.64910125
v 23.80364626 -26.65429516 30.55588200
v 24.16470052 -26.81958539 30.54608994
v 23.80364626 25.96626216 30.62298869
v 24.94074380 26.44653460 30.58598807
v 25.95903636 -27.58537040 30.51408303
v 24.94691935 -27.18388007 30.52426487
v 25.39689584 -27.36814217 30.52015523
v 25.04255361 -27.22243208 30.52335100
v 24.94691935 26.44911588 30.58578893
v 24.96379859 26.45528909 30.58553357
v 26.09891487 -27.63998957 30.51218004
v 26.91289040 -27.91156553 30.51732089
v 26.09891487 26.84593264 30.56563278
v 26.43586455 26.94443160 30.56501351
v 27.25958337 -28.02878331 30.51908455
v 27.89792228 -28.20745582 30.53352051
v 27.25958337 27.18264234 30.56402972
v 27.85553047 27.32371032 30.57264240
v 28.42887347 -28.35860577 30.54561435
v 28.92016000 -28.46754817 30.56274889
v 28.42887347 27.45737162 30.58078020
v 29.20357008 27.59474468 30.60200925
v 29.60673188 -28.62325904 30.58769408
v 29.98882869 -28.68448301 30.60108457
v 29.60673188 27.66459581 30.61256609
v 30.48249678 27.76675702 30.63911166
v 30.79310342 -28.81719568 30.63099429
v 31.10730684 -28.85327478 30.63768579
v 30.79310342 27.80173678 30.64799228
v 31.72446282 27.86829801 30.66523776
v 31.98793102 -28.95786828 30.65830105
v 32.25945585 -28.97890140 30.66189161
v 31.98793102 27.88626386 30.66969902
v 32.95153567 27.91675634 30.67909673
v 33.19115571 -29.05332461 30.67546941
v 33.43629895 -29.06382325 30.67702786
v 33.19115571 27.92388841 30.68122544
v 34.17254642 27.92028682 30.68504668
v 34.40271670 -29.10609630 30.68371249
v 34.63610418 -29.11352228 30.68417147
v 34.40271670 27.91929989 30.68587935
v 35.39515651 27.90556436 30.68735909
v 35.62255133 -29.14523552 30.68626541
v 35.85309775 -29.15236384 30.68650246
v 35.62255133 27.90235598 30.68767603
v 36.62427997 27.88706773 30.68873812
v 36.85059510 -29.18345008 30.68761133
v 37.08013786 -29.19055460 30.68783165
v 36.85059510 27.88355958 30.68896031
v 37.86129616 27.86711182 30.68996122
v 38.08678170 -29.22194190 30.68887625
v 38.31545817 -29.22902032 30.68906529
v 38.08678170 27.86339181 30.69016799
v 39.10625778 27.84579900 30.69109448
v 39.33104302 -29.26067115 30.68997487
v 39.55931650 -29.26764719 30.68989173
v 39.33104302 27.84187438 30.69128504
v 40.35899785 27.82312000 30.69143801
v 40.58330914 -29.29912884 30.68957032
v 40.81238496 -29.30612012 30.68829844
v 40.58330914 27.81899498 30.69146847
v 41.62026453 27.79953655 30.68680149
v 41.84350839 -29.33784438 30.68269578
v 42.07380098 -29.34489526 30.68009937
v 41.84350839 27.79530797 30.68578552
v 42.88945733 27.77481894 30.67520384
v 43.11156732 -29.37695105 30.66855369
v 43.34337460 -29.38408783 30.66467220
v 43.11156732 27.77042418 30.67293982
v 44.16622821 27.74887586 30.65651534
v 44.38741076 -29.41652696 30.64736222
v 44.62099613 -29.42377320 30.64223102
v 44.38741076 27.74431030 30.65305012
v 45.45050291 27.72175976 30.63095105
v 45.67096179 -29.45665263 30.61935298
v 45.90654747 -29.46403126 30.61300687
v 45.67096179 27.71703451 30.62634435
v 46.74223754 27.69354121 30.59875381
v 46.96214179 -29.49741070 30.58477080
v 47.19990696 -29.50494396 30.57724527
v 46.96214179 27.68866771 30.59306356
v 48.04138783 27.66429328 30.56017859
v 48.26087047 -29.53888589 30.54387370
v 48.50094952 -29.54659532 30.53520612
v 48.26087047 27.65928346 30.55346193
v 49.34790907 27.63409151 30.51549255
v 49.56706584 -29.58116493 30.49693291
v 49.80954672 -29.58907127 30.48716366
v 49.56706584 27.62895798 30.50780674
v 50.66175605 27.60301388 30.46497510
v 50.88064425 -29.62433650 30.44423284
v 51.12556697 -29.63245960 30.43340634
v 50.88064425 27.59777005 30.45637838
v 51.98288301 27.57114079 30.40891792
v 52.20152045 -29.66849121 30.38607100
v 52.44887565 -29.67684986 30.37423668
v 52.20152045 27.56580103 30.39947031
v 53.31124355 27.53855506 30.34762500
v 53.52960753 -29.71372147 30.32275801
v 53.77933524 -29.72233328 30.30997107
v 53.52960753 27.53313480 30.33738898
v 54.64679055 27.50534188 30.28141267
v 54.86481701 -29.76012151 30.25461746
v 55.11680552 -29.76900265 30.24093961
v 54.86481701 27.49985765 30.27045377
v 55.98947614 27.47158880 30.21060959
v 56.20705882 -29.80778723 30.18198587
v 56.46114371 -29.81695224 30.16748585
v 56.20705882 27.46605833 30.19899694
v 57.33925156 27.43738569 30.13555682
v 57.55624133 -29.85681618 30.10521253
v 57.81220852 -29.86627594 30.08996451
v 57.55624133 27.43182790 30.12336349
v 58.69606649 27.40282448 30.05660756
v 58.91227137 -29.90729772 30.02464999
v 59.16999984 -29.91701972 30.00866609
v 58.91227137 27.39725961 30.04391097
v 60.05988752 27.36790140 29.97413483
v 60.27505426 -29.95908150 29.94034942
v 60.53512585 -29.96950215 29.92356594
v 60.27505426 27.36234037 29.96102647
v 61.43126135 27.32957800 29.88876218
v 61.64449383 -30.01431829 29.85218227
v 61.90815050 -30.02577997 29.83467628
v 61.64449383 27.32349146 29.87541993
v 62.80962347 27.28569486 29.80066513
v 63.02049241 -30.07447274 29.76100884
v 63.28801263 -30.08699949 29.74289511
v 63.02049241 27.27881740 29.78712614
v 64.19435975 27.23619421 29.71002086
v 64.40295089 -30.13951350 29.66756889
v 64.67398487 -30.15303655 29.64895137
v 64.40295089 27.22858741 29.69631227
v 65.58531052 27.18156792 29.61720855
v 65.79176873 -30.20908396 29.57231260
v 66.06585531 -30.22352005 29.55330762
v 65.79176873 27.17332812 29.60339037
v 66.98239685 27.12236196 29.52265252
v 67.18684398 -30.28280915 29.47569775
v 67.46341906 -30.29806038 29.45643280
v 67.18684398 27.11358363 29.50878475
v 68.38553932 27.05913891 29.42678886
v 68.58807329 -30.36029559 29.37818927
v 68.86722904 -30.37593567 29.35840353
v 68.58807329 27.04991519 29.41293179
v 69.79367235 26.99205619 29.32967936
v 69.99535197 26.98234365 29.31574028
v 71.20668248 26.92170582 29.22640071
v 71.40857397 26.91152661 29.21146018
v 72.62515370 26.84898734 29.11128578
v 72.82763193 26.83847047 29.09452867
v 74.04880468 26.77444435 28.98375468
v 74.25241718 26.76365142 28.96519119
v 75.47752195 26.69870684 28.84421495
v 75.68281981 26.68769695 28.82384023
v 76.91118416 26.62241574 28.69308616
v 77.11872865 26.61124977 28.67088367
v 3.72767530 3.01022053 76.75255167
v 3.72344135 2.98575915 76.75280260
v 3.66678555 2.60876818 76.75611904
v 3.65977574 2.56105310 76.75653483
v 3.61661355 2.20586508 76.75907032
v 3.60860657 2.13845197 76.75954551
v 3.57697150 1.79241579 76.76140470
v 3.56936587 1.70728907 76.76185627
v 3.54778072 1.35399429 76.76312527
v 3.54162977 1.25096968 76.76349057
v 3.52906946 0.86113761 76.76422919
v 3.52510370 0.73517324 76.76446475
v 3.52097596 0.14282736 76.76470752
v 3.51961412 -0.05724253 76.76478842
v 3.52056750 -0.64886003 76.75224550
v 3.52088799 -0.84929619 76.74811232
v 3.53348241 -1.24106654 76.74732824
v 3.53738827 -1.36530964 76.74708304
v 3.55919840 -1.72349908 76.74572539
v 3.56508091 -1.82223387 76.74535620
v 3.59734333 -2.17674923 76.74334834
v 3.60425971 -2.25437665 76.74291442
v 3.64877691 -2.62282347 76.74014471
v 3.65534744 -2.67833426 76.73973267
v 3.71457490 -3.07516540 76.73604916
v 3.71890801 -3.10478160 76.73577759
v 4.70806741 6.59973654 76.69760809
v 4.69714031 6.56759697 76.69821888
v 4.53518418 6.07785361 76.70722937
v 4.49301477 5.94815222 76.70958889
v 4.37828002 5.58314997 76.71597794
v 4.31396302 5.37498159 76.71958004
v 4.23624531 5.11268788 76.72391137
v 4.15729698 4.84154282 76.72833668
v 4.10814826 4.66361473 76.73107787
v 4.02081385 4.34180333 76.73597702
v 3.99321472 4.23305934 76.73751737
v 3.90270411 3.87000103 76.74259820
v 3.89081225 3.81801698 76.74326231
v 3.79010370 3.36284942 76.74891903
v 3.80148149 3.42040309 76.74827995
v 3.80043779 3.41521026 76.74833827
v 3.79010370 -3.51017132 76.73135183
v 3.79628727 -3.54168149 76.73097869
v 3.79710117 -3.54527506 76.73092985
v 3.89731119 -3.99413870 76.72488662
v 3.91383790 -4.05997401 76.72389547
v 4.01518505 -4.46929318 76.71778817
v 4.05539696 -4.61659873 76.71538405
v 4.15139274 -4.97291613 76.70960614
v 4.22564170 -5.22668170 76.70517731
v 4.30773992 -5.51081691 76.70024345
v 4.42950530 -5.90338867 76.69299024
v 4.48642253 -6.08908495 76.68957543
v 4.67337269 -6.66239197 76.67845597
v 4.69012110 -6.71433267 76.67745297
v 5.60739603 8.86415369 76.64884459
v 5.56202336 8.75717682 76.65130094
v 5.35284570 8.25385929 76.66259359
v 5.23316247 7.96178419 76.66907932
v 5.11879606 7.67633077 76.67525902
v 4.76088025 6.75250082 76.69467268
v 4.94475097 7.23563729 76.68469937
v 4.90357321 7.12865816 76.68692624
v 4.76088025 -6.92202999 76.67325119
v 4.93652950 -7.38957682 76.66303378
v 5.01523852 -7.58933566 76.65846346
v 5.22424886 -8.12386433 76.64631214
v 5.46412034 -8.71112208 76.63239068
v 5.55228391 -8.92848561 76.62726810
v 6.51952767 10.78978705 76.60037122
v 6.41685200 10.58358676 76.60581544
v 6.19114433 10.12128387 76.61777725
v 5.74094158 9.17467671 76.64165629
v 5.95294456 9.62732806 76.63041061
v 5.88680031 9.48732161 76.63391686
v 5.74094158 -9.37511230 76.61632477
v 5.94131976 -9.80976676 76.60476442
v 6.12663265 -10.19706365 76.59407032
v 6.40374881 -10.77876995 76.57808121
v 7.66849629 12.88593017 76.53947642
v 7.62708727 12.81426624 76.54167122
v 7.25786438 12.16203253 76.56125153
v 6.73027634 11.20793362 76.58920493
v 6.96622935 11.64111878 76.57670334
v 6.87495941 11.47471641 76.58154095
v 6.73027634 -11.44025873 76.55923505
v 6.95022898 -11.85155726 76.54638733
v 7.38627028 -12.63992446 76.52081695
v 7.60830124 -13.04225807 76.50781377
v 8.57626359 14.33266250 76.49049701
v 7.72887115 12.98929463 76.53626825
v 8.43817316 14.11868667 76.49795586
v 8.10799470 13.59584942 76.51582074
v 7.72887115 -13.25367544 76.50072612
v 8.41402567 -14.36810333 76.45911531
v 9.60033465 15.80945846 76.43372352
v 8.73671056 14.57879128 76.48180298
v 9.43617050 15.58070309 76.44286282
v 9.07380263 15.06407024 76.46308149
v 8.73671056 -14.87643030 76.43946232
v 9.40388613 -15.85539120 76.39657226
v 10.73968938 17.29380568 76.36711002
v 9.75377706 16.02127938 76.42509368
v 10.68631430 17.22672289 76.37024912
v 10.15570946 16.54355387 76.40154909
v 9.75377706 -16.35290466 76.37391843
v 10.64110207 -17.53128663 76.31264862
v 10.78005113 17.34408036 76.36471966
v 11.35146291 18.01518869 76.32934264
v 10.78005113 -17.71014587 76.30296783
v 11.07313840 -18.06315834 76.28086664
v 12.65632012 19.46401086 76.24369381
v 11.81551116 18.55552722 76.30017557
v 12.29636244 19.08156711 76.26788754
v 11.99074277 18.74825945 76.28851048
v 11.81551116 -18.95884871 76.22502805
v 12.22486240 -19.42196357 76.19117480
v 12.86013355 19.67875571 76.22984476
v 13.34834602 20.16462587 76.19475996
v 12.86013355 -20.11846022 76.13807219
v 13.56202665 -20.84031527 76.07316342
v 14.80512904 21.53883693 76.08231563
v 13.91389264 20.72305150 76.15315417
v 14.40655716 21.18017939 76.11400833
v 14.06451392 20.86357103 76.14133058
v 13.91389264 -21.20302151 76.04100805
v 14.28326322 -21.56042628 76.00347104
v 14.97676075 21.69208632 76.06846074
v 15.57014651 22.19195866 76.01743825
v 14.97676075 -22.21032724 75.93206058
v 15.46060154 -22.63580079 75.87605373
v 16.04870819 22.59233438 75.97484403
v 16.35634951 22.83484630 75.94569481
v 16.04870819 -23.15445181 75.80876753
v 17.02210990 -23.95982506 75.68328376
v 17.99326839 24.05516879 75.77967610
v 17.12970326 23.44010076 75.87098269
v 17.26483813 23.53907451 75.85673235
v 17.16262244 23.46432149 75.86760714
v 17.12970326 -24.04594932 75.66918007
v 17.18151918 -24.08481209 75.66148874
v 18.21971223 24.21460233 75.75498174
v 18.84393086 24.62626806 75.68286031
v 18.21971223 -24.86524189 75.51135765
v 18.76010461 -25.24573688 75.42181580
v 19.31869939 24.93768231 75.62589439
v 19.72702086 25.17218110 75.57416464
v 19.31869939 -25.63965089 75.33219646
v 20.24429589 -26.21232384 75.16227884
v 20.42662705 25.56942479 75.48203365
v 20.65815781 25.68091607 75.44980597
v 20.42662705 -26.32569051 75.12997613
v 21.31168898 -26.79077160 74.94957824
v 22.64129871 26.57533267 75.14723009
v 21.54345551 26.09883156 75.32123465
v 22.41673873 26.47989087 75.18287820
v 21.64371608 26.14326803 75.30594852
v 21.54345551 -26.90933028 74.90160731
v 21.58206127 -26.92767590 74.89211782
v 22.66914312 26.58698108 75.14255131
v 23.65251344 26.96996076 74.96954362
v 22.66914312 -27.44779585 74.64036665
v 22.89765582 -27.54936307 74.57772685
v 23.80364626 27.02805327 74.94142808
v 24.67473204 27.33603168 74.77407955
v 23.80364626 -27.95317011 74.34538742
v 24.22571248 -28.12796910 74.21713791
v 24.94691935 27.43147440 74.71829179
v 25.70600744 27.67373829 74.55724576
v 24.94691935 -28.42615566 74.01296713
v 25.56569489 -28.66232082 73.81259562
v 26.09891487 27.79869589 74.46822820
v 26.74534112 27.98288392 74.31838035
v 26.09891487 -28.86586295 73.64742896
v 26.91704984 -29.15104201 73.36918896
v 27.25958337 28.13011038 74.18956852
v 27.79192229 28.26320972 74.05434670
v 27.25958337 -29.27024338 73.25700417
v 28.27660508 -29.58989885 72.89510591
v 28.42887347 28.42392921 73.88220005
v 28.84802364 28.51229692 73.76798222
v 28.42887347 -29.63746053 72.84293270
v 29.39617175 -29.90590698 72.48289415
v 29.60673188 28.67436751 73.55359775
v 29.91926707 28.72505019 73.46506519
v 29.60673188 -29.96168549 72.40343881
v 29.63722070 -29.96868524 72.39091597
v 30.79310342 28.87205070 73.20799888
v 31.00635066 28.90006181 73.14501113
v 30.79310342 -30.22674559 71.93570357
v 30.98214668 -30.26456648 71.85474433
v 31.98793102 29.03406335 72.84561942
v 32.09892327 29.04550721 72.81167843
v 31.98793102 -30.45961428 71.44206585
v 32.34506086 -30.52114487 71.28283430
v 34.30026802 29.24076239 72.10068343
v 33.19115571 29.16306797 72.46523097
v 33.22241247 29.16556219 72.45499060
v 33.19407185 29.16329159 72.46430532
v 33.19115571 -30.66226687 70.92154273
v 33.73020879 -30.74101877 70.67174118
v 34.40271670 29.24825416 72.06568878
v 35.40946652 29.31306781 71.72309820
v 34.40271670 -30.83611305 70.37274844
v 35.13862638 -30.94134018 70.01867103
v 35.62255133 29.32752395 71.64754204
v 36.52086117 29.38706693 71.33024875
v 35.62255133 -31.00833181 69.79503564
v 36.57115847 -31.14790994 69.32152546
v 36.85059510 29.41006512 71.20908227
v 37.63454660 29.46334331 70.92298367
v 36.85059510 -31.18770313 69.18755980
v 38.02936204 -31.36656406 68.57595048
v 38.08678170 29.49574661 70.75107737
v 38.74998994 29.54223293 70.50013526
v 38.08678170 -31.37498341 68.54738145
v 38.38890991 -31.42219563 68.38482220
v 39.33104302 29.58525316 70.27084536
v 39.86691668 29.62386700 70.06115609
v 39.33104302 -31.55377627 67.86596729
v 39.50282478 -31.57949275 67.76268764
v 40.58330914 29.67846177 69.76856355
v 40.98550357 29.70803120 69.60573356
v 40.58330914 -31.73492438 67.14475416
v 41.00003953 -31.79902342 66.88418160
v 41.84350839 29.77476050 69.24304708
v 42.10595936 29.79449239 69.13295253
v 41.84350839 -31.92359493 66.38288885
v 42.52514801 -32.03132765 65.93963660
v 44.35403928 29.97138047 68.12889841
v 43.11156732 29.87468767 68.69147301
v 44.08299795 29.95340586 68.25240763
v 43.22772020 29.88360362 68.64113230
v 43.11156732 -32.12035973 65.57692822
v 44.08024912 -32.27784576 64.92173887
v 44.38741076 29.97376186 68.11281117
v 45.49193485 30.04911694 67.59041399
v 44.38741076 -32.32576964 64.72433601
v 45.66768350 -32.54016883 63.82315583
v 45.67096179 30.06231620 67.50053217
v 46.63006369 30.12991769 67.02903361
v 45.67096179 -32.54069513 63.82096566
v 45.68407974 -32.54296486 63.81133127
v 46.96214179 30.15521843 66.85565268
v 47.76817792 30.21387412 66.44460263
v 46.96214179 -32.73427951 62.81640368
v 47.27023591 -32.78529684 62.54377735
v 48.26087047 30.25279805 66.17681595
v 48.90530065 30.30157497 65.83456402
v 48.26087047 -32.93930904 61.73403554
v 48.91747563 -33.05238248 61.12395221
v 49.56706584 30.35614914 65.45882115
v 50.04065430 30.39345819 65.19709047
v 49.56706584 -33.15742658 60.56601949
v 50.61469792 -33.34480612 59.54645333
v 50.88064425 30.46584931 64.69906705
v 51.17354175 30.48989548 64.53066794
v 50.88064425 -33.38966634 59.30584530
v 51.71003303 -33.54344473 58.46300112
v 53.43971697 30.68572736 63.08987387
v 52.20152045 30.58268891 63.89387908
v 52.86891963 30.64512033 63.46610994
v 52.30297018 30.59144699 63.83286612
v 52.20152045 -33.60633675 57.89902468
v 52.31869009 -33.62259102 57.74911075
v 53.52960753 30.69311984 63.02370951
v 54.58257314 30.77290454 62.29238780
v 53.52960753 -33.78235218 56.30570710
v 53.98449623 -33.84691440 55.70767084
v 54.86481701 30.79764460 62.07306039
v 55.71890708 30.86634659 61.44909608
v 54.86481701 -33.96630048 54.62277635
v 55.68680001 -34.08551212 53.51478663
v 56.20705882 30.91173464 61.05002495
v 56.84769831 30.96651726 60.55678385
v 56.20705882 -34.15793012 52.85338796
v 57.42602058 -34.33853021 51.17033178
v 57.55624133 31.03603700 59.94968385
v 57.96865685 31.07342670 59.61600932
v 57.55624133 -34.35711728 50.99980961
v 57.98578352 -34.42203937 50.39384158
v 60.21061820 31.28669732 57.55488078
v 58.91227137 31.17078853 58.77151488
v 59.81187260 31.26592650 57.94746158
v 59.08155356 31.18702775 58.62781687
v 58.91227137 -34.45121385 48.96270217
v 59.58406540 -34.47289255 47.89626236
v 60.27505426 31.29066343 57.48361276
v 61.38088939 31.34808365 56.35294382
v 60.27505426 -34.49525304 46.81262455
v 61.20106637 -34.52768181 45.32490268
v 61.64449383 31.36416886 56.05232163
v 62.54546691 31.40985358 55.09672125
v 61.64449383 -34.52564507 44.58860660
v 62.62336242 -34.52418118 42.94935251
v 63.02049241 31.43803014 54.53889428
v 63.70436146 31.47201675 53.78898546
v 63.02049241 -34.50158701 42.26635982
v 63.70182583 -34.46414419 41.08031711
v 64.40295089 31.51242614 52.94636346
v 64.85753123 31.53468385 52.43225092
v 64.40295089 -34.37463993 39.81663468
v 64.58380374 -34.35162867 39.48618237
v 64.79062713 -34.30623278 39.09243986
v 65.32881896 -34.18922820 38.07535492
v 65.79176873 31.58768451 51.27615702
v 66.96391647 31.65181041 49.81069778
v 66.00471437 31.59805059 51.02788990
v 65.79176873 -34.03655360 37.16008098
v 65.97082223 -33.97696207 36.80097913
v 66.08842254 -33.92142488 36.55307009
v 66.52942036 -33.71611866 35.63475382
v 66.92854916 -33.46343186 34.75795057
v 67.02062706 -33.40610151 34.55863118
v 67.12705565 31.64382915 49.59071187
v 67.18684398 31.64088538 49.50605170
v 67.18684398 -33.26934863 34.17801864
v 67.45309512 -33.04761820 33.55996320
v 67.55125247 -32.94162450 33.31812429
v 67.83573792 -32.64039271 32.62967943
v 68.04136629 -32.36191862 32.10007400
v 68.17578790 -32.18394781 31.76104400
v 68.44764205 -31.72863116 31.03031890
v 68.47865712 -31.67796692 30.94887770
v 68.14437816 31.59143351 48.18652226
v 68.58807329 31.56838341 47.54591763
v 68.58807329 -31.45343504 30.64202732
v 68.74797803 -31.12221069 30.18916931
v 68.77986427 -31.03951437 30.09240218
v 68.98751063 -30.51583882 29.47874712
v 68.99998046 -30.47723745 29.43982614
v 69.15451076 31.53782787 46.74828954
v 69.99535197 31.49222528 45.51158433
v 71.00065059 31.41954566 43.99569883
v 70.15805564 31.48314958 45.27790011
v 70.55192321 31.46106674 44.68796372
v 72.40575736 31.26795435 41.72463073
v 71.40857397 31.38120589 43.34634639
v 72.06867915 31.31822300 42.28682865
v 71.73260470 31.35057549 42.83593047
v 74.11769056 30.92626121 38.64609340
v 74.04672339 30.94893960 38.78114696
v 73.58791271 31.05602500 39.64183996
v 72.82763193 31.20341729 40.99509157
v 73.17157133 31.15038778 40.39549674
v 73.02448979 31.17339645 40.65719487
v 75.46544574 30.38358068 35.88079825
v 75.38256035 30.43218036 36.06035188
v 75.04749280 30.58648025 36.77738057
v 74.25241718 30.88175083 38.37992663
v 74.76930795 30.71028818 37.35137045
v 74.59918924 30.76791251 37.69788467
v 76.84630059 29.26303563 32.59702887
v 76.77628703 29.34812277 32.77591780
v 76.53840277 29.58873569 33.37838419
v 76.37122380 29.75219854 33.78764365
v 76.20709446 29.88382614 34.18562086
v 75.68281981 30.25189217 35.39366218
v 75.91099797 30.11320145 34.87877754
v 75.85119398 30.15049933 35.01736439
v 78.22621593 26.65062897 28.63948133
v 78.07505377 27.07062330 29.11691451
v 77.99607218 27.28367771 29.35929641
v 77.86551933 27.58683094 29.75801515
v 77.73979846 27.86891016 30.12930943
v 77.63891375 28.06317582 30.42627420
v 77.45455681 28.40737470 30.95277151
v 77.39503624 28.50176363 31.12151389
v 77.11872865 28.92097631 31.87803432
v 77.13533910 28.90007892 31.83397158
v 77.13212513 28.90423649 31.84273559
v 78.23328512 26.62822199 28.61737537
v 69.03104773 -30.38515840 29.34681918
v 78.25727165 26.55110621 28.54131707
f 1 3 2
f 1 4 3
f 1 5 4
f 1 6 5
f 1 7 6
f 1 8 7
f 1 9 8
f 1 10 9
f 1 11 10
f 1 12 11
f 1 13 12
f 1 14 13
f 1 15 14
f 1 16 15
f 1 17 16
f 1 18 17
f 1 19 18
f 1 20 19
f 1 21 20
f 1 22 21
f 1 23 22
f 1 24 23
f 1 25 24
f 1 26 25
f 1 27 26
f 1 28 27
f 1 29 28
f 1 30 29
f 1 31 30
f 1 32 31
f 1 33 32
f 1 34 33
f 1 35 34
f 1 36 35
f 1 37 36
f 1 38 37
f 1 39 38
f 1 40 39
f 1 41 40
f 1 42 41
f 1 43 42
f 1 44 43
f 1 45 44
f 1 46 45
f 1 47 46
f 1 48 47
f 1 49 48
f 1 50 49
f 1 51 50
f 1 52 51
f 1 53 52
f 1 54 53
f 1 55 54
f 1 56 55
f 1 57 56
f 1 58 57
f 1 59 58
f 1 60 59
f 1 61 60
f 1 62 61
f 1 63 62
f 1 64 63
f 1 65 64
f 1 66 65
f 1 67 66
f 1 68 67
f 1 69 68
f 1 70 69
f 1 71 70
f 1 72 71
f 1 73 72
f 1 74 73
f 1 75 74
f 1 76 75
f 1 77 76
f 1 78 77
f 1 79 78
f 1 80 79
f 1 81 80
f 1 82 81
f 1 83 82
f 1 84 83
f 1 85 84
f 1 86 85
f 1 87 86
f 1 88 87
f 1 89 88
f 1 90 89
f 1 91 90
f 1 92 91
f 1 93 92
f 1 94 93
f 1 95 94
f 1 96 95
f 1 97 96
f 1 98 97
f 1 99 98
f 1 100 99
f 1 101 100
f 1 102 101
f 1 103 102
f 1 104 103
f 1 105 104
f 1 106 105
f 1 107 106
f 1 108 107
f 1 109 108
f 1 110 109
f 1 111 110
f 1 112 111
f 1 113 112
f 1 114 113
f 1 115 114
f 1 116 115
f 1 117 116
f 1 118 117
f 1 119 118
f 1 120 119
f 1 121 120
f 1 122 121
f 1 123 122
f 1 124 123
f 1 125 124
f 1 126 125
f 1 127 126
f 1 128 127
f 1 129 128
f 1 2 129
f 2 3 131
f 2 131 130
f 3 4 132
f 3 132 131
f 4 5 133
f 4 133 132
f 5 6 134
f 5 134 133
f 6 7 135
f 6 135 134
f 7 8 136
f 7 136 135
f 8 9 137
f 8 137 136
f 9 10 138
f 9 138 137
f 10 11 139
f 10 139 138
f 11 12 140
f 11 140 139
f 12 13 141
f 12 141 140
f 13 14 142
f 13 142 141
f 14 15 143
f 14 143 142
f 15 16 144
f 15 144 143
f 16 17 145
f 16 145 144
f 17 18 146
f 17 146 145
f 18 19 147
f 18 147 146
f 19 20 148
f 19 148 147
f 20 21 149
f 20 149 148
f 21 22 150
f 21 150 149
f 22 23 151
f 22 151 150
f 23 24 152
f 23 152 151
f 24 25 153
f 24 153 152
f 25 26 154
f 25 154 153
f 26 27 155
f 26 155 154
f 27 28 156
f 27 156 155
f 28 29 157
f 28 157 156
f 29 30 158
f 29 158 157
f 30 31 159
f 30 159 158
f 31 32 160
f 31 160 159
f 32 33 161
f 32 161 160
f 33 34 162
f 33 162 161
f 34 35 163
f 34 163 162
f 35 36 164
f 35 164 163
f 36 37 165
f 36 165 164
f 37 38 166
f 37 166 165
f 38 39 167
f 38 167 166
f 39 40 168
f 39 168 167
f 40 41 169
f 40 169 168
f 41 42 170
f 41 170 169
f 42 43 171
f 42 171 170
f 43 44 172
f 43 172 171
f 44 45 173
f 44 173 172
f 45 46 174
f 45 174 173
f 46 47 175
f 46 175 174
f 47 48 176
f 47 176 175
f 48 49 177
f 48 177 176
f 49 50 178
f 49 178 177
f 50 51 179
f 50 179 178
f 51 52 180
f 51 180 179
f 52 53 181
f 52 181 180
f 53 54 182
f 53 182 181
f 54 55 183
f 54 183 182
f 55 56 184
f 55 184 183
f 56 57 185
f 56 185 184
f 57 58 186
f 57 186 185
f 58 59 187
f 58 187 186
f 59 60 188
f 59 188 187
f 60 61 189
f 60 189 188
f 61 62 190
f 61 190 189
f 62 63 191
f 62 191 190
f 63 64 192
f 63 192 191
f 64 65 193
f 64 193 192
f 65 66 194
f 65 194 193
f 66 67 195
f 66 195 194
f 67 68 196
f 67 196 195
f 68 69 197
f 68 197 196
f 69 70 198
f 69 198 197
f 70 71 199
f 70 199 198
f 71 72 200
f 71 200 199
f 72 73 201
f 72 201 200
f 73 74 202
f 73 202 201
f 74 75 203
f 74 203 202
f 75 76 204
f 75 204 203
f 76 77 205
f 76 205 204
f 77 78 206
f 77 206 205
f 78 79 207
f 78 207 206
f 79 80 208
f 79 208 207
f 80 81 209
f 80 209 208
f 81 82 210
f 81 210 209
f 82 83 211
f 82 211 210
f 83 84 212
f 83 212 211
f 84 85 213
f 84 213 212
f 85 86 214
f 85 214 213
f 86 87 215
f 86 215 214
f 87 88 216
f 87 216 215
f 88 89 217
f 88 217 216
f 89 90 218
f 89 218 217
f 90 91 219
f 90 219 218
f 91 92 220
f 91 220 219
f 92 93 221
f 92 221 220
f 93 94 222
f 93 222 221
f 94 95 223
f 94 223 222
f 95 96 224
f 95 224 223
f 96 97 225
f 96 225 224
f 97 98 226
f 97 226 225
f 98 99 227
f 98 227 226
f 99 100 228
f 99 228 227
f 100 101 229
f 100 229 228
f 101 102 230
f 101 230 229
f 102 103 231
f 102 231 230
f 103 104 232
f 103 232 231
f 104 105 233
f 104 233 232
f 105 106 234
f 105 234 233
f 106 107 235
f 106 235 234
f 107 108 236
f 107 236 235
f 108 109 237
f 108 237 236
f 109 110 238
f 109 238 237
f 110 111 239
f 110 239 238
f 111 112 240
f 111 240 239
f 112 113 241
f 112 241 240
f 113 114 242
f 113 242 241
f 114 115 243
f 114 243 242
f 115 116 244
f 115 244 243
f 116 117 245
f 116 245 244
f 117 118 246
f 117 246 245
f 118 119 247
f 118 247 246
f 119 120 248
f 119 248 247
f 120 121 249
f 120 249 248
f 121 122 250
f 121 250 249
f 122 123 251
f 122 251 250
f 123 124 252
f 123 252 251
f 124 125 253
f 124 253 252
f 125 126 254
f 125 254 253
f 126 127 255
f 126 255 254
f 127 128 256
f 127 256 255
f 128 129 257
f 128 257 256
f 129 2 130
f 129 130 257
f 130 131 259
f 130 259 258
f 131 132 260
f 131 260 259
f 132 133 261
f 132 261 260
f 133 134 262
f 133 262 261
f 134 135 263
f 134 263 262
f 135 136 264
f 135 264 263
f 136 137 265
f 136 265 264
f 137 138 266
f 137 266 265
f 138 139 267
f 138 267 266
f 139 140 268
f 139 268 267
f 140 141 269
f 140 269 268
f 141 142 270
f 141 270 269
f 142 143 271
f 142 271 270
f 143 144 272
f 143 272 271
f 144 145 273
f 144 273 272
f 145 146 274
f 145 274 273
f 146 147 275
f 146 275 274
f 147 148 276
f 147 276 275
f 148 149 277
f 148 277 276
f 149 150 278
f 149 278 277
f 150 151 279
f 150 279 278
f 151 152 280
f 151 280 279
f 152 153 281
f 152 281 280
f 153 154 282
f 153 282 281
f 154 155 283
f 154 283 282
f 155 156 284
f 155 284 283
f 156 157 285
f 156 285 284
f 157 158 286
f 157 286 285
f 158 159 287
f 158 287 286
f 159 160 288
f 159 288 287
f 160 161 289
f 160 289 288
f 161 162 290
f 161 290 289
f 162 163 291
f 162 291 290
f 163 164 292
f 163 292 291
f 164 165 293
f 164 293 292
f 165 166 294
f 165 294 293
f 166 167 295
f 166 295 294
f 167 168 296
f 167 296 295
f 168 169 297
f 168 297 296
f 169 170 298
f 169 298 297
f 170 171 299
f 170 299 298
f 171 172 300
f 171 300 299
f 172 173 301
f 172 301 300
f 173 174 302
f 173 302 301
f 174 175 303
f 174 303 302
f 175 176 304
f 175 304 303
f 176 177 305
f 176 305 304
f 177 178 306
f 177 306 305
f 178 179 307
f 178 307 306
f 179 180 308
f 179 308 307
f 180 181 309
f 180 309 308
f 181 182 310
f 181 310 309
f 182 183 311
f 182 311 310
f 183 184 312
f 183 312 311
f 184 185 313
f 184 313 312
f 185 186 314
f 185 314 313
f 186 187 315
f 186 315 314
f 187 188 316
f 187 316 315
f 188 189 317
f 188 317 316
f 189 190 318
f 189 318 317
f 190 191 319
f 190 319 318
f 191 192 320
f 191 320 319
f 192 193 321
f 192 321 320
f 193 194 322
f 193 322 321
f 194 195 323
f 194 323 322
f 195 196 324
f 195 324 323
f 196 197 325
f 196 325 324
f 197 198 326
f 197 326 325
f 198 199 327
f 198 327 326
f 199 200 328
f 199 328 327
f 200 201 329
f 200 329 328
f 201 202 330
f 201 330 329
f 202 203 331
f 202 331 330
f 203 204 332
f 203 332 331
f 204 205 333
f 204 333 332
f 205 206 334
f 205 334 333
f 206 207 335
f 206 335 334
f 207 208 336
f 207 336 335
f 208 209 337
f 208 337 336
f 209 210 338
f 209 338 337
f 210 211 339
f 210 339 338
f 211 212 340
f 211 340 339
f 212 213 341
f 212 341 340
f 213 214 342
f 213 342 341
f 214 215 343
f 214 343 342
f 215 216 344
f 215 344 343
f 216 217 345
f 216 345 344
f 217 218 346
f 217 346 345
f 218 219 347
f 218 347 346
f 219 220 348
f 219 348 347
f 220 221 349
f 220 349 348
f 221 222 350
f 221 350 349
f 222 223 351
f 222 351 350
f 223 224 352
f 223 352 351
f 224 225 353
f 224 353 352
f 225 226 354
f 225 354 353
f 226 227 355
f 226 355 354
f 227 228 356
f 227 356 355
f 228 229 357
f 228 357 356
f 229 230 358
f 229 358 357
f 230 231 359
f 230 359 358
f 231 232 360
f 231 360 359
f 232 233 361
f 232 361 360
f 233 234 362
f 233 362 361
f 234 235 363
f 234 363 362
f 235 236 364
f 235 364 363
f 236 237 365
f 236 365 364
f 237 238 366
f 237 366 365
f 238 239 367
f 238 367 366
f 239 240 368
f 239 368 367
f 240 241 369
f 240 369 368
f 241 242 370
f 241 370 369
f 242 243 371
f 242 371 370
f 243 244 372
f 243 372 371
f 244 245 373
f 244 373 372
f 245 246 374
f 245 374 373
f 246 247 375
f 246 375 374
f 247 248 376
f 247 376 375
f 248 249 377
f 248 377 376
f 249 250 378
f 249 378 377
f 250 251 379
f 250 379 378
f 251 252 380
f 251 380 379
f 252 253 381
f 252 381 380
f 253 254 382
f 253 382 381
f 254 255 383
f 254 383 382
f 255 256 384
f 255 384 383
f 256 257 385
f 256 385 384
f 257 130 258
f 257 258 385
f 258 259 387
f 258 387 386
f 259 260 388
f 259 388 387
f 260 261 389
f 260 389 388
f 261 262 390
f 261 390 389
f 262 263 391
f 262 391 390
f 263 264 392
f 263 392 391
f 264 265 393
f 264 393 392
f 265 266 394
f 265 394 393
f 266 267 395
f 266 395 394
f 267 268 396
f 267 396 395
f 268 269 397
f 268 397 396
f 269 270 398
f 269 398 397
f 270 271 399
f 270 399 398
f 271 272 400
f 271 400 399
f 272 273 401
f 272 401 400
f 273 274 402
f 273 402 401
f 274 275 403
f 274 403 402
f 275 276 404
f 275 404 403
f 276 277 405
f 276 405 404
f 277 278 406
f 277 406 405
f 278 279 407
f 278 407 406
f 279 280 408
f 279 408 407
f 280 281 409
f 280 409 408
f 281 282 410
f 281 410 409
f 282 283 411
f 282 411 410
f 296 297 412
f 297 298 413
f 297 413 412
f 298 299 414
f 298 414 413
f 299 300 415
f 299 415 414
f 300 301 416
f 300 416 415
f 301 302 417
f 301 417 416
f 302 303 418
f 302 418 417
f 303 304 419
f 303 419 418
f 304 305 420
f 304 420 419
f 305 306 421
f 305 421 420
f 306 307 422
f 306 422 421
f 307 308 423
f 307 423 422
f 308 309 424
f 308 424 423
f 309 310 425
f 309 425 424
f 310 311 426
f 310 426 425
f 311 312 427
f 311 427 426
f 312 313 428
f 312 428 427
f 313 314 429
f 313 429 428
f 314 315 430
f 314 430 429
f 315 316 431
f 315 431 430
f 316 317 432
f 316 432 431
f 317 318 433
f 317 433 432
f 318 319 434
f 318 434 433
f 319 320 435
f 319 435 434
f 320 321 436
f 320 436 435
f 321 322 437
f 321 437 436
f 322 323 438
f 322 438 437
f 323 324 439
f 323 439 438
f 324 325 440
f 324 440 439
f 325 326 441
f 325 441 440
f 326 327 442
f 326 442 441
f 327 328 443
f 327 443 442
f 328 329 444
f 328 444 443
f 329 330 445
f 329 445 444
f 330 331 446
f 330 446 445
f 331 332 447
f 331 447 446
f 332 333 448
f 332 448 447
f 333 334 449
f 333 449 448
f 334 335 450
f 334 450 449
f 335 336 451
f 335 451 450
f 336 337 452
f 336 452 451
f 337 338 453
f 337 453 452
f 338 339 454
f 338 454 453
f 339 340 455
f 339 455 454
f 340 341 456
f 340 456 455
f 341 342 457
f 341 457 456
f 342 343 458
f 342 458 457
f 343 344 459
f 343 459 458
f 344 345 460
f 344 460 459
f 345 346 461
f 345 461 460
f 346 347 462
f 346 462 461
f 347 348 463
f 347 463 462
f 348 349 464
f 348 464 463
f 349 350 465
f 349 465 464
f 350 351 466
f 350 466 465
f 351 352 467
f 351 467 466
f 352 353 468
f 352 468 467
f 353 354 469
f 353 469 468
f 354 355 470
f 354 470 469
f 355 356 471
f 355 471 470
f 356 357 472
f 356 472 471
f 357 358 473
f 357 473 472
f 358 359 474
f 358 474 473
f 359 360 475
f 359 475 474
f 360 361 476
f 360 476 475
f 361 362 477
f 361 477 476
f 362 363 478
f 362 478 477
f 363 364 479
f 363 479 478
f 364 365 480
f 364 480 479
f 365 366 481
f 365 481 480
f 366 367 482
f 366 482 481
f 367 368 483
f 367 483 482
f 368 369 484
f 368 484 483
f 369 370 485
f 369 485 484
f 370 371 486
f 370 486 485
f 371 372 487
f 371 487 486
f 372 373 488
f 372 488 487
f 373 374 489
f 373 489 488
f 374 375 490
f 374 490 489
f 375 376 491
f 375 491 490
f 376 377 492
f 376 492 491
f 377 378 493
f 377 493 492
f 378 379 494
f 378 494 493
f 379 380 495
f 379 495 494
f 380 381 496
f 380 496 495
f 381 382 497
f 381 497 496
f 382 383 498
f 382 498 497
f 383 384 499
f 383 499 498
f 384 385 500
f 384 500 499
f 385 258 386
f 385 386 500
f 386 387 502
f 386 502 501
f 387 388 503
f 387 503 502
f 388 389 504
f 388 504 503
f 389 390 505
f 389 505 504
f 390 391 506
f 390 506 505
f 391 392 507
f 391 507 506
f 392 393 508
f 392 508 507
f 393 394 509
f 393 509 508
f 394 395 510
f 394 510 509
f 395 396 511
f 395 511 510
f 396 397 512
f 396 512 511
f 397 398 513
f 397 513 512
f 398 399 514
f 398 514 513
f 399 400 515
f 399 515 514
f 400 401 516
f 400 516 515
f 401 402 517
f 401 517 516
f 402 403 518
f 402 518 517
f 403 404 519
f 403 519 518
f 418 419 520
f 419 420 521
f 419 521 520
f 420 421 522
f 420 522 521
f 421 422 523
f 421 523 522
f 422 423 524
f 422 524 523
f 423 424 525
f 423 525 524
f 424 425 526
f 424 526 525
f 425 426 527
f 425 527 526
f 426 427 528
f 426 528 527
f 427 428 529
f 427 529 528
f 428 429 530
f 428 530 529
f 429 430 531
f 429 531 530
f 430 431 532
f 430 532 531
f 431 432 533
f 431 533 532
f 432 433 534
f 432 534 533
f 433 434 535
f 433 535 534
f 434 435 536
f 434 536 535
f 435 436 537
f 435 537 536
f 436 437 538
f 436 538 537
f 437 438 539
f 437 539 538
f 438 439 540
f 438 540 539
f 439 440 541
f 439 541 540
f 440 441 542
f 440 542 541
f 441 442 543
f 441 543 542
f 442 443 544
f 442 544 543
f 443 444 545
f 443 545 544
f 444 445 546
f 444 546 545
f 445 446 547
f 445 547 546
f 446 447 548
f 446 548 547
f 447 448 549
f 447 549 548
f 448 449 550
f 448 550 549
f 449 450 551
f 449 551 550
f 450 451 552
f 450 552 551
f 451 452 553
f 451 553 552
f 452 453 554
f 452 554 553
f 453 454 555
f 453 555 554
f 454 455 556
f 454 556 555
f 455 456 557
f 455 557 556
f 456 457 558
f 456 558 557
f 457 458 559
f 457 559 558
f 458 459 560
f 458 560 559
f 459 460 561
f 459 561 560
f 460 461 562
f 460 562 561
f 461 462 563
f 461 563 562
f 462 463 564
f 462 564 563
f 463 464 565
f 463 565 564
f 464 465 566
f 464 566 565
f 465 466 567
f 465 567 566
f 466 467 568
f 466 568 567
f 467 468 569
f 467 569 568
f 468 469 570
f 468 570 569
f 469 470 571
f 469 571 570
f 470 471 572
f 470 572 571
f 471 472 573
f 471 573 572
f 472 473 574
f 472 574 573
f 473 474 575
f 473 575 574
f 474 475 576
f 474 576 575
f 475 476 577
f 475 577 576
f 476 477 578
f 476 578 577
f 477 478 579
f 477 579 578
f 478 479 580
f 478 580 579
f 479 480 581
f 479 581 580
f 480 481 582
f 480 582 581
f 481 482 583
f 481 583 582
f 482 483 584
f 482 584 583
f 483 484 585
f 483 585 584
f 484 485 586
f 484 586 585
f 485 486 587
f 485 587 586
f 486 487 588
f 486 588 587
f 487 488 589
f 487 589 588
f 488 489 590
f 488 590 589
f 489 490 591
f 489 591 590
f 490 491 592
f 490 592 591
f 491 492 593
f 491 593 592
f 492 493 594
f 492 594 593
f 493 494 595
f 493 595 594
f 494 495 596
f 494 596 595
f 495 496 597
f 495 597 596
f 496 497 598
f 496 598 597
f 497 498 599
f 497 599 598
f 498 499 600
f 498 600 599
f 499 500 601
f 499 601 600
f 500 386 501
f 500 501 601
f 501 502 603
f 501 603 602
f 502 503 604
f 502 604 603
f 503 504 605
f 503 605 604
f 504 505 606
f 504 606 605
f 505 506 607
f 505 607 606
f 506 507 608
f 506 608 607
f 507 508 609
f 507 609 608
f 508 509 610
f 508 610 609
f 509 510 611
f 509 611 610
f 510 511 612
f 510 612 611
f 511 512 613
f 511 613 612
f 512 513 614
f 512 614 613
f 513 514 615
f 513 615 614
f 514 515 616
f 514 616 615
f 515 516 617
f 515 617 616
f 522 523 618
f 523 524 619
f 523 619 618
f 524 525 620
f 524 620 619
f 525 526 621
f 525 621 620
f 526 527 622
f 526 622 621
f 527 528 623
f 527 623 622
f 528 529 624
f 528 624 623
f 529 530 625
f 529 625 624
f 530 531 626
f 530 626 625
f 531 532 627
f 531 627 626
f 532 533 628
f 532 628 627
f 533 534 629
f 533 629 628
f 534 535 630
f 534 630 629
f 535 536 631
f 535 631 630
f 536 537 632
f 536 632 631
f 537 538 633
f 537 633 632
f 538 539 634
f 538 634 633
f 539 540 635
f 539 635 634
f 540 541 636
f 540 636 635
f 541 542 637
f 541 637 636
f 542 543 638
f 542 638 637
f 543 544 639
f 543 639 638
f 544 545 640
f 544 640 639
f 545 546 641
f 545 641 640
f 546 547 642
f 546 642 641
f 547 548 643
f 547 643 642
f 548 549 644
f 548 644 643
f 549 550 645
f 549 645 644
f 550 551 646
f 550 646 645
f 551 552 647
f 551 647 646
f 552 553 648
f 552 648 647
f 553 554 649
f 553 649 648
f 554 555 650
f 554 650 649
f 555 556 651
f 555 651 650
f 556 557 652
f 556 652 651
f 557 558 653
f 557 653 652
f 558 559 654
f 558 654 653
f 559 560 655
f 559 655 654
f 560 561 656
f 560 656 655
f 561 562 657
f 561 657 656
f 562 563 658
f 562 658 657
f 563 564 659
f 563 659 658
f 564 565 660
f 564 660 659
f 565 566 661
f 565 661 660
f 566 567 662
f 566 662 661
f 567 568 663
f 567 663 662
f 568 569 664
f 568 664 663
f 569 570 665
f 569 665 664
f 570 571 666
f 570 666 665
f 571 572 667
f 571 667 666
f 572 573 668
f 572 668 667
f 573 574 669
f 573 669 668
f 574 575 670
f 574 670 669
f 575 576 671
f 575 671 670
f 576 577 672
f 576 672 671
f 577 578 673
f 577 673 672
f 578 579 674
f 578 674 673
f 579 580 675
f 579 675 674
f 580 581 676
f 580 676 675
f 581 582 677
f 581 677 676
f 582 583 678
f 582 678 677
f 583 584 679
f 583 679 678
f 584 585 680
f 584 680 679
f 585 586 681
f 585 681 680
f 586 587 682
f 586 682 681
f 587 588 683
f 587 683 682
f 588 589 684
f 588 684 683
f 589 590 685
f 589 685 684
f 590 591 686
f 590 686 685
f 591 592 687
f 591 687 686
f 592 593 688
f 592 688 687
f 593 594 689
f 593 689 688
f 594 595 690
f 594 690 689
f 595 596 691
f 595 691 690
f 596 597 692
f 596 692 691
f 597 598 693
f 597 693 692
f 598 599 694
f 598 694 693
f 599 600 695
f 599 695 694
f 600 601 696
f 600 696 695
f 601 501 602
f 601 602 696
f 602 603 698
f 602 698 697
f 603 604 699
f 603 699 698
f 604 605 700
f 604 700 699
f 605 606 701
f 605 701 700
f 606 607 702
f 606 702 701
f 607 608 703
f 607 703 702
f 608 609 704
f 608 704 703
f 609 610 705
f 609 705 704
f 610 611 706
f 610 706 705
f 611 612 707
f 611 707 706
f 612 613 708
f 612 708 707
f 613 614 709
f 613 709 708
f 614 615 710
f 614 710 709
f 619 620 711
f 620 621 712
f 620 712 711
f 621 622 713
f 621 713 712
f 622 623 714
f 622 714 713
f 623 624 715
f 623 715 714
f 624 625 716
f 624 716 715
f 625 626 717
f 625 717 716
f 626 627 718
f 626 718 717
f 627 628 719
f 627 719 718
f 628 629 720
f 628 720 719
f 629 630 721
f 629 721 720
f 630 631 722
f 630 722 721
f 631 632 723
f 631 723 722
f 632 633 724
f 632 724 723
f 633 634 725
f 633 725 724
f 634 635 726
f 634 726 725
f 635 636 727
f 635 727 726
f 636 637 728
f 636 728 727
f 637 638 729
f 637 729 728
f 638 639 730
f 638 730 729
f 639 640 731
f 639 731 730
f 640 641 732
f 640 732 731
f 641 642 733
f 641 733 732
f 642 643 734
f 642 734 733
f 643 644 735
f 643 735 734
f 644 645 736
f 644 736 735
f 645 646 737
f 645 737 736
f 646 647 738
f 646 738 737
f 647 648 739
f 647 739 738
f 648 649 740
f 648 740 739
f 649 650 741
f 649 741 740
f 650 651 742
f 650 742 741
f 651 652 743
f 651 743 742
f 652 653 744
f 652 744 743
f 653 654 745
f 653 745 744
f 654 655 746
f 654 746 745
f 655 656 747
f 655 747 746
f 656 657 748
f 656 748 747
f 657 658 749
f 657 749 748
f 658 659 750
f 658 750 749
f 659 660 751
f 659 751 750
f 660 661 752
f 660 752 751
f 661 662 753
f 661 753 752
f 662 663 754
f 662 754 753
f 663 664 755
f 663 755 754
f 664 665 756
f 664 756 755
f 665 666 757
f 665 757 756
f 666 667 758
f 666 758 757
f 667 668 759
f 667 759 758
f 668 669 760
f 668 760 759
f 669 670 761
f 669 761 760
f 670 671 762
f 670 762 761
f 671 672 763
f 671 763 762
f 672 673 764
f 672 764 763
f 673 674 765
f 673 765 764
f 674 675 766
f 674 766 765
f 675 676 767
f 675 767 766
f 676 677 768
f 676 768 767
f 677 678 769
f 677 769 768
f 678 679 770
f 678 770 769
f 679 680 771
f 679 771 770
f 680 681 772
f 680 772 771
f 681 682 773
f 681 773 772
f 682 683 774
f 682 774 773
f 683 684 775
f 683 775 774
f 684 685 776
f 684 776 775
f 685 686 777
f 685 777 776
f 686 687 778
f 686 778 777
f 687 688 779
f 687 779 778
f 688 689 780
f 688 780 779
f 689 690 781
f 689 781 780
f 690 691 782
f 690 782 781
f 691 692 783
f 691 783 782
f 692 693 784
f 692 784 783
f 693 694 785
f 693 785 784
f 694 695 786
f 694 786 785
f 695 696 787
f 695 787 786
f 696 602 697
f 696 697 787
f 697 698 789
f 697 789 788
f 698 699 790
f 698 790 789
f 699 700 791
f 699 791 790
f 700 701 792
f 700 792 791
f 701 702 793
f 701 793 792
f 702 703 794
f 702 794 793
f 703 704 795
f 703 795 794
f 704 705 796
f 704 796 795
f 705 706 797
f 705 797 796
f 706 707 798
f 706 798 797
f 707 708 799
f 707 799 798
f 712 713 800
f 713 714 801
f 713 801 800
f 714 715 802
f 714 802 801
f 715 716 803
f 715 803 802
f 716 717 804
f 716 804 803
f 717 718 805
f 717 805 804
f 718 719 806
f 718 806 805
f 719 720 807
f 719 807 806
f 720 721 808
f 720 808 807
f 721 722 809
f 721 809 808
f 722 723 810
f 722 810 809
f 723 724 811
f 723 811 810
f 724 725 812
f 724 812 811
f 725 726 813
f 725 813 812
f 726 727 814
f 726 814 813
f 727 728 815
f 727 815 814
f 728 729 816
f 728 816 815
f 729 730 817
f 729 817 816
f 730 731 818
f 730 818 817
f 731 732 819
f 731 819 818
f 732 733 820
f 732 820 819
f 733 734 821
f 733 821 820
f 734 735 822
f 734 822 821
f 735 736 823
f 735 823 822
f 736 737 824
f 736 824 823
f 737 738 825
f 737 825 824
f 738 739 826
f 738 826 825
f 739 740 827
f 739 827 826
f 740 741 828
f 740 828 827
f 741 742 829
f 741 829 828
f 742 743 830
f 742 830 829
f 743 744 831
f 743 831 830
f 744 745 832
f 744 832 831
f 745 746 833
f 745 833 832
f 746 747 834
f 746 834 833
f 747 748 835
f 747 835 834
f 748 749 836
f 748 836 835
f 749 750 837
f 749 837 836
f 750 751 838
f 750 838 837
f 751 752 839
f 751 839 838
f 752 753 840
f 752 840 839
f 753 754 841
f 753 841 840
f 754 755 842
f 754 842 841
f 755 756 843
f 755 843 842
f 756 757 844
f 756 844 843
f 757 758 845
f 757 845 844
f 758 759 846
f 758 846 845
f 759 760 847
f 759 847 846
f 760 761 848
f 760 848 847
f 761 762 849
f 761 849 848
f 762 763 850
f 762 850 849
f 763 764 851
f 763 851 850
f 764 765 852
f 764 852 851
f 765 766 853
f 765 853 852
f 766 767 854
f 766 854 853
f 767 768 855
f 767 855 854
f 768 769 856
f 768 856 855
f 769 770 857
f 769 857 856
f 770 771 858
f 770 858 857
f 771 772 859
f 771 859 858
f 772 773 860
f 772 860 859
f 773 774 861
f 773 861 860
f 774 775 862
f 774 862 861
f 775 776 863
f 775 863 862
f 776 777 864
f 776 864 863
f 777 778 865
f 777 865 864
f 778 779 866
f 778 866 865
f 779 780 867
f 779 867 866
f 780 781 868
f 780 868 867
f 781 782 869
f 781 869 868
f 782 783 870
f 782 870 869
f 783 784 871
f 783 871 870
f 784 785 872
f 784 872 871
f 785 786 873
f 785 873 872
f 786 787 874
f 786 874 873
f 787 697 788
f 787 788 874
f 788 789 876
f 788 876 875
f 789 790 877
f 789 877 876
f 790 791 878
f 790 878 877
f 791 792 879
f 791 879 878
f 792 793 880
f 792 880 879
f 793 794 881
f 793 881 880
f 794 795 882
f 794 882 881
f 795 796 883
f 795 883 882
f 796 797 884
f 796 884 883
f 797 798 885
f 797 885 884
f 800 801 886
f 801 802 887
f 801 887 886
f 802 803 888
f 802 888 887
f 803 804 889
f 803 889 888
f 804 805 890
f 804 890 889
f 805 806 891
f 805 891 890
f 806 807 892
f 806 892 891
f 807 808 893
f 807 893 892
f 808 809 894
f 808 894 893
f 809 810 895
f 809 895 894
f 810 811 896
f 810 896 895
f 811 812 897
f 811 897 896
f 812 813 898
f 812 898 897
f 813 814 899
f 813 899 898
f 814 815 900
f 814 900 899
f 815 816 901
f 815 901 900
f 816 817 902
f 816 902 901
f 817 818 903
f 817 903 902
f 818 819 904
f 818 904 903
f 819 820 905
f 819 905 904
f 820 821 906
f 820 906 905
f 821 822 907
f 821 907 906
f 822 823 908
f 822 908 907
f 823 824 909
f 823 909 908
f 824 825 910
f 824 910 909
f 825 826 911
f 825 911 910
f 826 827 912
f 826 912 911
f 827 828 913
f 827 913 912
f 828 829 914
f 828 914 913
f 829 830 915
f 829 915 914
f 830 831 916
f 830 916 915
f 831 832 917
f 831 917 916
f 832 833 918
f 832 918 917
f 833 834 919
f 833 919 918
f 834 835 920
f 834 920 919
f 835 836 921
f 835 921 920
f 836 837 922
f 836 922 921
f 837 838 923
f 837 923 922
f 838 839 924
f 838 924 923
f 839 840 925
f 839 925 924
f 846 847 926
f 847 848 927
f 847 927 926
f 848 849 928
f 848 928 927
f 849 850 929
f 849 929 928
f 850 851 930
f 850 930 929
f 851 852 931
f 851 931 930
f 852 853 932
f 852 932 931
f 853 854 933
f 853 933 932
f 854 855 934
f 854 934 933
f 855 856 935
f 855 935 934
f 856 857 936
f 856 936 935
f 857 858 937
f 857 937 936
f 858 859 938
f 858 938 937
f 859 860 939
f 859 939 938
f 860 861 940
f 860 940 939
f 861 862 941
f 861 941 940
f 862 863 942
f 862 942 941
f 863 864 943
f 863 943 942
f 864 865 944
f 864 944 943
f 865 866 945
f 865 945 944
f 866 867 946
f 866 946 945
f 867 868 947
f 867 947 946
f 868 869 948
f 868 948 947
f 869 870 949
f 869 949 948
f 870 871 950
f 870 950 949
f 871 872 951
f 871 951 950
f 872 873 952
f 872 952 951
f 873 874 953
f 873 953 952
f 874 788 875
f 874 875 953
f 875 876 955
f 875 955 954
f 876 877 956
f 876 956 955
f 877 878 957
f 877 957 956
f 878 879 958
f 878 958 957
f 879 880 959
f 879 959 958
f 880 881 960
f 880 960 959
f 881 882 961
f 881 961 960
f 882 883 962
f 882 962 961
f 883 884 963
f 883 963 962
f 886 887 964
f 887 888 965
f 887 965 964
f 888 889 966
f 888 966 965
f 889 890 967
f 889 967 966
f 890 891 968
f 890 968 967
f 891 892 969
f 891 969 968
f 892 893 970
f 892 970 969
f 893 894 971
f 893 971 970
f 894 895 972
f 894 972 971
f 895 896 973
f 895 973 972
f 896 897 974
f 896 974 973
f 897 898 975
f 897 975 974
f 898 899 976
f 898 976 975
f 899 900 977
f 899 977 976
f 900 901 978
f 900 978 977
f 901 902 979
f 901 979 978
f 902 903 980
f 902 980 979
f 903 904 981
f 903 981 980
f 904 905 982
f 904 982 981
f 905 906 983
f 905 983 982
f 906 907 984
f 906 984 983
f 907 908 985
f 907 985 984
f 908 909 986
f 908 986 985
f 909 910 987
f 909 987 986
f 910 911 988
f 910 988 987
f 911 912 989
f 911 989 988
f 912 913 990
f 912 990 989
f 913 914 991
f 913 991 990
f 914 915 992
f 914 992 991
f 915 916 993
f 915 993 992
f 916 917 994
f 916 994 993
f 917 918 995
f 917 995 994
f 918 919 996
f 918 996 995
f 919 920 997
f 919 997 996
f 929 930 998
f 930 931 999
f 930 999 998
f 931 932 1000
f 931 1000 999
f 932 933 1001
f 932 1001 1000
f 933 934 1002
f 933 1002 1001
f 934 935 1003
f 934 1003 1002
f 935 936 1004
f 935 1004 1003
f 936 937 1005
f 936 1005 1004
f 937 938 1006
f 937 1006 1005
f 938 939 1007
f 938 1007 1006
f 939 940 1008
f 939 1008 1007
f 940 941 1009
f 940 1009 1008
f 941 942 1010
f 941 1010 1009
f 942 943 1011
f 942 1011 1010
f 943 944 1012
f 943 1012 1011
f 944 945 1013
f 944 1013 1012
f 945 946 1014
f 945 1014 1013
f 946 947 1015
f 946 1015 1014
f 947 948 1016
f 947 1016 1015
f 948 949 1017
f 948 1017 1016
f 949 950 1018
f 949 1018 1017
f 950 951 1019
f 950 1019 1018
f 951 952 1020
f 951 1020 1019
f 952 953 1021
f 952 1021 1020
f 953 875 954
f 953 954 1021
f 954 955 1023
f 954 1023 1022
f 955 956 1024
f 955 1024 1023
f 956 957 1025
f 956 1025 1024
f 957 958 1026
f 957 1026 1025
f 958 959 1027
f 958 1027 1026
f 959 960 1028
f 959 1028 1027
f 960 961 1029
f 960 1029 1028
f 961 962 1030
f 961 1030 1029
f 964 965 1031
f 965 966 1032
f 965 1032 1031
f 966 967 1033
f 966 1033 1032
f 967 968 1034
f 967 1034 1033
f 968 969 1035
f 968 1035 1034
f 969 970 1036
f 969 1036 1035
f 970 971 1037
f 970 1037 1036
f 971 972 1038
f 971 1038 1037
f 972 973 1039
f 972 1039 1038
f 973 974 1040
f 973 1040 1039
f 974 975 1041
f 974 1041 1040
f 975 976 1042
f 975 1042 1041
f 976 977 1043
f 976 1043 1042
f 977 978 1044
f 977 1044 1043
f 978 979 1045
f 978 1045 1044
f 979 980 1046
f 979 1046 1045
f 980 981 1047
f 980 1047 1046
f 981 982 1048
f 981 1048 1047
f 982 983 1049
f 982 1049 1048
f 983 984 1050
f 983 1050 1049
f 984 985 1051
f 984 1051 1050
f 985 986 1052
f 985 1052 1051
f 986 987 1053
f 986 1053 1052
f 987 988 1054
f 987 1054 1053
f 988 989 1055
f 988 1055 1054
f 989 990 1056
f 989 1056 1055
f 990 991 1057
f 990 1057 1056
f 991 992 1058
f 991 1058 1057
f 992 993 1059
f 992 1059 1058
f 993 994 1060
f 993 1060 1059
f 994 995 1061
f 994 1061 1060
f 999 1000 1062
f 1000 1001 1063
f 1000 1063 1062
f 1001 1002 1064
f 1001 1064 1063
f 1002 1003 1065
f 1002 1065 1064
f 1003 1004 1066
f 1003 1066 1065
f 1004 1005 1067
f 1004 1067 1066
f 1005 1006 1068
f 1005 1068 1067
f 1006 1007 1069
f 1006 1069 1068
f 1007 1008 1070
f 1007 1070 1069
f 1008 1009 1071
f 1008 1071 1070
f 1009 1010 1072
f 1009 1072 1071
f 1010 1011 1073
f 1010 1073 1072
f 1011 1012 1074
f 1011 1074 1073
f 1012 1013 1075
f 1012 1075 1074
f 1013 1014 1076
f 1013 1076 1075
f 1014 1015 1077
f 1014 1077 1076
f 1015 1016 1078
f 1015 1078 1077
f 1016 1017 1079
f 1016 1079 1078
f 1017 1018 1080
f 1017 1080 1079
f 1018 1019 1081
f 1018 1081 1080
f 1019 1020 1082
f 1019 1082 1081
f 1020 1021 1083
f 1020 1083 1082
f 1021 954 1022
f 1021 1022 1083
f 1022 1023 1085
f 1022 1085 1084
f 1023 1024 1086
f 1023 1086 1085
f 1024 1025 1087
f 1024 1087 1086
f 1025 1026 1088
f 1025 1088 1087
f 1026 1027 1089
f 1026 1089 1088
f 1027 1028 1090
f 1027 1090 1089
f 1028 1029 1091
f 1028 1091 1090
f 1029 1030 1092
f 1029 1092 1091
f 1031 1032 1094
f 1031 1094 1093
f 1032 1033 1095
f 1032 1095 1094
f 1033 1034 1096
f 1033 1096 1095
f 1034 1035 1097
f 1034 1097 1096
f 1035 1036 1098
f 1035 1098 1097
f 1036 1037 1099
f 1036 1099 1098
f 1037 1038 1100
f 1037 1100 1099
f 1038 1039 1101
f 1038 1101 1100
f 1039 1040 1102
f 1039 1102 1101
f 1040 1041 1103
f 1040 1103 1102
f 1041 1042 1104
f 1041 1104 1103
f 1042 1043 1105
f 1042 1105 1104
f 1043 1044 1106
f 1043 1106 1105
f 1044 1045 1107
f 1044 1107 1106
f 1045 1046 1108
f 1045 1108 1107
f 1046 1047 1109
f 1046 1109 1108
f 1047 1048 1110
f 1047 1110 1109
f 1048 1049 1111
f 1048 1111 1110
f 1049 1050 1112
f 1049 1112 1111
f 1050 1051 1113
f 1050 1113 1112
f 1051 1052 1114
f 1051 1114 1113
f 1052 1053 1115
f 1052 1115 1114
f 1053 1054 1116
f 1053 1116 1115
f 1054 1055 1117
f 1054 1117 1116
f 1055 1056 1118
f 1055 1118 1117
f 1056 1057 1119
f 1056 1119 1118
f 1057 1058 1120
f 1057 1120 1119
f 1058 1059 1121
f 1058 1121 1120
f 1063 1064 1122
f 1064 1065 1123
f 1064 1123 1122
f 1065 1066 1124
f 1065 1124 1123
f 1066 1067 1125
f 1066 1125 1124
f 1067 1068 1126
f 1067 1126 1125
f 1068 1069 1127
f 1068 1127 1126
f 1069 1070 1128
f 1069 1128 1127
f 1070 1071 1129
f 1070 1129 1128
f 1071 1072 1130
f 1071 1130 1129
f 1072 1073 1131
f 1072 1131 1130
f 1073 1074 1132
f 1073 1132 1131
f 1074 1075 1133
f 1074 1133 1132
f 1075 1076 1134
f 1075 1134 1133
f 1076 1077 1135
f 1076 1135 1134
f 1077 1078 1136
f 1077 1136 1135
f 1078 1079 1137
f 1078 1137 1136
f 1079 1080 1138
f 1079 1138 1137
f 1080 1081 1139
f 1080 1139 1138
f 1081 1082 1140
f 1081 1140 1139
f 1082 1083 1141
f 1082 1141 1140
f 1083 1022 1084
f 1083 1084 1141
f 1084 1085 1143
f 1084 1143 1142
f 1085 1086 1144
f 1085 1144 1143
f 1086 1087 1145
f 1086 1145 1144
f 1087 1088 1146
f 1087 1146 1145
f 1088 1089 1147
f 1088 1147 1146
f 1089 1090 1148
f 1089 1148 1147
f 1090 1091 1149
f 1090 1149 1148
f 1093 1094 1150
f 1094 1095 1151
f 1094 1151 1150
f 1095 1096 1152
f 1095 1152 1151
f 1096 1097 1153
f 1096 1153 1152
f 1097 1098 1154
f 1097 1154 1153
f 1098 1099 1155
f 1098 1155 1154
f 1099 1100 1156
f 1099 1156 1155
f 1100 1101 1157
f 1100 1157 1156
f 1101 1102 1158
f 1101 1158 1157
f 1102 1103 1159
f 1102 1159 1158
f 1103 1104 1160
f 1103 1160 1159
f 1104 1105 1161
f 1104 1161 1160
f 1105 1106 1162
f 1105 1162 1161
f 1106 1107 1163
f 1106 1163 1162
f 1107 1108 1164
f 1107 1164 1163
f 1108 1109 1165
f 1108 1165 1164
f 1109 1110 1166
f 1109 1166 1165
f 1110 1111 1167
f 1110 1167 1166
f 1111 1112 1168
f 1111 1168 1167
f 1112 1113 1169
f 1112 1169 1168
f 1113 1114 1170
f 1113 1170 1169
f 1114 1115 1171
f 1114 1171 1170
f 1115 1116 1172
f 1115 1172 1171
f 1116 1117 1173
f 1116 1173 1172
f 1117 1118 1174
f 1117 1174 1173
f 1118 1119 1175
f 1118 1175 1174
f 1119 1120 1176
f 1119 1176 1175
f 1122 1123 1177
f 1123 1124 1178
f 1123 1178 1177
f 1124 1125 1179
f 1124 1179 1178
f 1125 1126 1180
f 1125 1180 1179
f 1126 1127 1181
f 1126 1181 1180
f 1127 1128 1182
f 1127 1182 1181
f 1128 1129 1183
f 1128 1183 1182
f 1129 1130 1184
f 1129 1184 1183
f 1130 1131 1185
f 1130 1185 1184
f 1131 1132 1186
f 1131 1186 1185
f 1132 1133 1187
f 1132 1187 1186
f 1133 1134 1188
f 1133 1188 1187
f 1134 1135 1189
f 1134 1189 1188
f 1135 1136 1190
f 1135 1190 1189
f 1136 1137 1191
f 1136 1191 1190
f 1137 1138 1192
f 1137 1192 1191
f 1138 1139 1193
f 1138 1193 1192
f 1139 1140 1194
f 1139 1194 1193
f 1140 1141 1195
f 1140 1195 1194
f 1141 1084 1142
f 1141 1142 1195
f 1142 1143 1197
f 1142 1197 1196
f 1143 1144 1198
f 1143 1198 1197
f 1144 1145 1199
f 1144 1199 1198
f 1145 1146 1200
f 1145 1200 1199
f 1146 1147 1201
f 1146 1201 1200
f 1147 1148 1202
f 1147 1202 1201
f 1148 1149 1203
f 1148 1203 1202
f 1150 1151 1205
f 1150 1205 1204
f 1151 1152 1206
f 1151 1206 1205
f 1152 1153 1207
f 1152 1207 1206
f 1153 1154 1208
f 1153 1208 1207
f 1154 1155 1209
f 1154 1209 1208
f 1155 1156 1210
f 1155 1210 1209
f 1156 1157 1211
f 1156 1211 1210
f 1157 1158 1212
f 1157 1212 1211
f 1158 1159 1213
f 1158 1213 1212
f 1159 1160 1214
f 1159 1214 1213
f 1160 1161 1215
f 1160 1215 1214
f 1161 1162 1216
f 1161 1216 1215
f 1162 1163 1217
f 1162 1217 1216
f 1163 1164 1218
f 1163 1218 1217
f 1164 1165 1219
f 1164 1219 1218
f 1165 1166 1220
f 1165 1220 1219
f 1166 1167 1221
f 1166 1221 1220
f 1167 1168 1222
f 1167 1222 1221
f 1168 1169 1223
f 1168 1223 1222
f 1169 1170 1224
f 1169 1224 1223
f 1170 1171 1225
f 1170 1225 1224
f 1171 1172 1226
f 1171 1226 1225
f 1172 1173 1227
f 1172 1227 1226
f 1173 1174 1228
f 1173 1228 1227
f 1174 1175 1229
f 1174 1229 1228
f 1175 1176 1230
f 1175 1230 1229
f 1177 1178 1231
f 1178 1179 1232
f 1178 1232 1231
f 1179 1180 1233
f 1179 1233 1232
f 1180 1181 1234
f 1180 1234 1233
f 1181 1182 1235
f 1181 1235 1234
f 1182 1183 1236
f 1182 1236 1235
f 1183 1184 1237
f 1183 1237 1236
f 1184 1185 1238
f 1184 1238 1237
f 1185 1186 1239
f 1185 1239 1238
f 1186 1187 1240
f 1186 1240 1239
f 1187 1188 1241
f 1187 1241 1240
f 1188 1189 1242
f 1188 1242 1241
f 1189 1190 1243
f 1189 1243 1242
f 1190 1191 1244
f 1190 1244 1243
f 1191 1192 1245
f 1191 1245 1244
f 1192 1193 1246
f 1192 1246 1245
f 1193 1194 1247
f 1193 1247 1246
f 1194 1195 1248
f 1194 1248 1247
f 1195 1142 1196
f 1195 1196 1248
f 1196 1197 1250
f 1196 1250 1249
f 1197 1198 1251
f 1197 1251 1250
f 1198 1199 1252
f 1198 1252 1251
f 1199 1200 1253
f 1199 1253 1252
f 1200 1201 1254
f 1200 1254 1253
f 1201 1202 1255
f 1201 1255 1254
f 1204 1205 1256
f 1205 1206 1257
f 1205 1257 1256
f 1206 1207 1258
f 1206 1258 1257
f 1207 1208 1259
f 1207 1259 1258
f 1208 1209 1260
f 1208 1260 1259
f 1209 1210 1261
f 1209 1261 1260
f 1210 1211 1262
f 1210 1262 1261
f 1211 1212 1263
f 1211 1263 1262
f 1212 1213 1264
f 1212 1264 1263
f 1213 1214 1265
f 1213 1265 1264
f 1214 1215 1266
f 1214 1266 1265
f 1215 1216 1267
f 1215 1267 1266
f 1216 1217 1268
f 1216 1268 1267
f 1217 1218 1269
f 1217 1269 1268
f 1218 1219 1270
f 1218 1270 1269
f 1219 1220 1271
f 1219 1271 1270
f 1220 1221 1272
f 1220 1272 1271
f 1221 1222 1273
f 1221 1273 1272
f 1222 1223 1274
f 1222 1274 1273
f 1223 1224 1275
f 1223 1275 1274
f 1224 1225 1276
f 1224 1276 1275
f 1225 1226 1277
f 1225 1277 1276
f 1226 1227 1278
f 1226 1278 1277
f 1227 1228 1279
f 1227 1279 1278
f 1228 1229 1280
f 1228 1280 1279
f 1231 1232 1282
f 1231 1282 1281
f 1232 1233 1283
f 1232 1283 1282
f 1233 1234 1284
f 1233 1284 1283
f 1234 1235 1285
f 1234 1285 1284
f 1235 1236 1286
f 1235 1286 1285
f 1236 1237 1287
f 1236 1287 1286
f 1237 1238 1288
f 1237 1288 1287
f 1238 1239 1289
f 1238 1289 1288
f 1239 1240 1290
f 1239 1290 1289
f 1240 1241 1291
f 1240 1291 1290
f 1241 1242 1292
f 1241 1292 1291
f 1242 1243 1293
f 1242 1293 1292
f 1243 1244 1294
f 1243 1294 1293
f 1244 1245 1295
f 1244 1295 1294
f 1245 1246 1296
f 1245 1296 1295
f 1246 1247 1297
f 1246 1297 1296
f 1247 1248 1298
f 1247 1298 1297
f 1248 1196 1249
f 1248 1249 1298
f 1249 1250 1300
f 1249 1300 1299
f 1250 1251 1301
f 1250 1301 1300
f 1251 1252 1302
f 1251 1302 1301
f 1252 1253 1303
f 1252 1303 1302
f 1253 1254 1304
f 1253 1304 1303
f 1254 1255 1305
f 1254 1305 1304
f 1256 1257 1307
f 1256 1307 1306
f 1257 1258 1308
f 1257 1308 1307
f 1258 1259 1309
f 1258 1309 1308
f 1259 1260 1310
f 1259 1310 1309
f 1260 1261 1311
f 1260 1311 1310
f 1261 1262 1312
f 1261 1312 1311
f 1262 1263 1313
f 1262 1313 1312
f 1263 1264 1314
f 1263 1314 1313
f 1264 1265 1315
f 1264 1315 1314
f 1265 1266 1316
f 1265 1316 1315
f 1266 1267 1317
f 1266 1317 1316
f 1267 1268 1318
f 1267 1318 1317
f 1268 1269 1319
f 1268 1319 1318
f 1269 1270 1320
f 1269 1320 1319
f 1270 1271 1321
f 1270 1321 1320
f 1271 1272 1322
f 1271 1322 1321
f 1272 1273 1323
f 1272 1323 1322
f 1273 1274 1324
f 1273 1324 1323
f 1274 1275 1325
f 1274 1325 1324
f 1275 1276 1326
f 1275 1326 1325
f 1276 1277 1327
f 1276 1327 1326
f 1277 1278 1328
f 1277 1328 1327
f 1278 1279 1329
f 1278 1329 1328
f 1281 1282 1330
f 1282 1283 1331
f 1282 1331 1330
f 1283 1284 1332
f 1283 1332 1331
f 1284 1285 1333
f 1284 1333 1332
f 1285 1286 1334
f 1285 1334 1333
f 1286 1287 1335
f 1286 1335 1334
f 1287 1288 1336
f 1287 1336 1335
f 1288 1289 1337
f 1288 1337 1336
f 1289 1290 1338
f 1289 1338 1337
f 1290 1291 1339
f 1290 1339 1338
f 1291 1292 1340
f 1291 1340 1339
f 1292 1293 1341
f 1292 1341 1340
f 1293 1294 1342
f 1293 1342 1341
f 1294 1295 1343
f 1294 1343 1342
f 1295 1296 1344
f 1295 1344 1343
f 1296 1297 1345
f 1296 1345 1344
f 1297 1298 1346
f 1297 1346 1345
f 1298 1249 1299
f 1298 1299 1346
f 1299 1300 1348
f 1299 1348 1347
f 1300 1301 1349
f 1300 1349 1348
f 1301 1302 1350
f 1301 1350 1349
f 1302 1303 1351
f 1302 1351 1350
f 1303 1304 1352
f 1303 1352 1351
f 1304 1305 1353
f 1304 1353 1352
f 1306 1307 1354
f 1307 1308 1355
f 1307 1355 1354
f 1308 1309 1356
f 1308 1356 1355
f 1309 1310 1357
f 1309 1357 1356
f 1310 1311 1358
f 1310 1358 1357
f 1311 1312 1359
f 1311 1359 1358
f 1312 1313 1360
f 1312 1360 1359
f 1313 1314 1361
f 1313 1361 1360
f 1314 1315 1362
f 1314 1362 1361
f 1315 1316 1363
f 1315 1363 1362
f 1316 1317 1364
f 1316 1364 1363
f 1317 1318 1365
f 1317 1365 1364
f 1318 1319 1366
f 1318 1366 1365
f 1319 1320 1367
f 1319 1367 1366
f 1320 1321 1368
f 1320 1368 1367
f 1321 1322 1369
f 1321 1369 1368
f 1322 1323 1370
f 1322 1370 1369
f 1323 1324 1371
f 1323 1371 1370
f 1324 1325 1372
f 1324 1372 1371
f 1325 1326 1373
f 1325 1373 1372
f 1326 1327 1374
f 1326 1374 1373
f 1327 1328 1375
f 1327 1375 1374
f 1328 1329 1376
f 1328 1376 1375
f 1330 1331 1378
f 1330 1378 1377
f 1331 1332 1379
f 1331 1379 1378
f 1332 1333 1380
f 1332 1380 1379
f 1333 1334 1381
f 1333 1381 1380
f 1334 1335 1382
f 1334 1382 1381
f 1335 1336 1383
f 1335 1383 1382
f 1336 1337 1384
f 1336 1384 1383
f 1337 1338 1385
f 1337 1385 1384
f 1338 1339 1386
f 1338 1386 1385
f 1339 1340 1387
f 1339 1387 1386
f 1340 1341 1388
f 1340 1388 1387
f 1341 1342 1389
f 1341 1389 1388
f 1342 1343 1390
f 1342 1390 1389
f 1343 1344 1391
f 1343 1391 1390
f 1344 1345 1392
f 1344 1392 1391
f 1345 1346 1393
f 1345 1393 1392
f 1346 1299 1347
f 1346 1347 1393
f 1347 1348 1395
f 1347 1395 1394
f 1348 1349 1396
f 1348 1396 1395
f 1349 1350 1397
f 1349 1397 1396
f 1350 1351 1398
f 1350 1398 1397
f 1351 1352 1399
f 1351 1399 1398
f 1354 1355 1401
f 1354 1401 1400
f 1355 1356 1402
f 1355 1402 1401
f 1356 1357 1403
f 1356 1403 1402
f 1357 1358 1404
f 1357 1404 1403
f 1358 1359 1405
f 1358 1405 1404
f 1359 1360 1406
f 1359 1406 1405
f 1360 1361 1407
f 1360 1407 1406
f 1361 1362 1408
f 1361 1408 1407
f 1362 1363 1409
f 1362 1409 1408
f 1363 1364 1410
f 1363 1410 1409
f 1364 1365 1411
f 1364 1411 1410
f 1365 1366 1412
f 1365 1412 1411
f 1366 1367 1413
f 1366 1413 1412
f 1367 1368 1414
f 1367 1414 1413
f 1368 1369 1415
f 1368 1415 1414
f 1369 1370 1416
f 1369 1416 1415
f 1370 1371 1417
f 1370 1417 1416
f 1371 1372 1418
f 1371 1418 1417
f 1372 1373 1419
f 1372 1419 1418
f 1373 1374 1420
f 1373 1420 1419
f 1374 1375 1421
f 1374 1421 1420
f 1377 1378 1422
f 1378 1379 1423
f 1378 1423 1422
f 1379 1380 1424
f 1379 1424 1423
f 1380 1381 1425
f 1380 1425 1424
f 1381 1382 1426
f 1381 1426 1425
f 1382 1383 1427
f 1382 1427 1426
f 1383 1384 1428
f 1383 1428 1427
f 1384 1385 1429
f 1384 1429 1428
f 1385 1386 1430
f 1385 1430 1429
f 1386 1387 1431
f 1386 1431 1430
f 1387 1388 1432
f 1387 1432 1431
f 1388 1389 1433
f 1388 1433 1432
f 1389 1390 1434
f 1389 1434 1433
f 1390 1391 1435
f 1390 1435 1434
f 1391 1392 1436
f 1391 1436 1435
f 1392 1393 1437
f 1392 1437 1436
f 1393 1347 1394
f 1393 1394 1437
f 1394 1395 1439
f 1394 1439 1438
f 1395 1396 1440
f 1395 1440 1439
f 1396 1397 1441
f 1396 1441 1440
f 1397 1398 1442
f 1397 1442 1441
f 1398 1399 1443
f 1398 1443 1442
f 1400 1401 1445
f 1400 1445 1444
f 1401 1402 1446
f 1401 1446 1445
f 1402 1403 1447
f 1402 1447 1446
f 1403 1404 1448
f 1403 1448 1447
f 1404 1405 1449
f 1404 1449 1448
f 1405 1406 1450
f 1405 1450 1449
f 1406 1407 1451
f 1406 1451 1450
f 1407 1408 1452
f 1407 1452 1451
f 1408 1409 1453
f 1408 1453 1452
f 1409 1410 1454
f 1409 1454 1453
f 1410 1411 1455
f 1410 1455 1454
f 1411 1412 1456
f 1411 1456 1455
f 1412 1413 1457
f 1412 1457 1456
f 1413 1414 1458
f 1413 1458 1457
f 1414 1415 1459
f 1414 1459 1458
f 1415 1416 1460
f 1415 1460 1459
f 1416 1417 1461
f 1416 1461 1460
f 1417 1418 1462
f 1417 1462 1461
f 1418 1419 1463
f 1418 1463 1462
f 1419 1420 1464
f 1419 1464 1463
f 1420 1421 1465
f 1420 1465 1464
f 1422 1423 1467
f 1422 1467 1466
f 1423 1424 1468
f 1423 1468 1467
f 1424 1425 1469
f 1424 1469 1468
f 1425 1426 1470
f 1425 1470 1469
f 1426 1427 1471
f 1426 1471 1470
f 1427 1428 1472
f 1427 1472 1471
f 1428 1429 1473
f 1428 1473 1472
f 1429 1430 1474
f 1429 1474 1473
f 1430 1431 1475
f 1430 1475 1474
f 1431 1432 1476
f 1431 1476 1475
f 1432 1433 1477
f 1432 1477 1476
f 1433 1434 1478
f 1433 1478 1477
f 1434 1435 1479
f 1434 1479 1478
f 1435 1436 1480
f 1435 1480 1479
f 1436 1437 1481
f 1436 1481 1480
f 1437 1394 1438
f 1437 1438 1481
f 1438 1439 1483
f 1438 1483 1482
f 1439 1440 1484
f 1439 1484 1483
f 1440 1441 1485
f 1440 1485 1484
f 1441 1442 1486
f 1441 1486 1485
f 1442 1443 1487
f 1442 1487 1486
f 1444 1445 1489
f 1444 1489 1488
f 1445 1446 1490
f 1445 1490 1489
f 1446 1447 1491
f 1446 1491 1490
f 1447 1448 1492
f 1447 1492 1491
f 1448 1449 1493
f 1448 1493 1492
f 1449 1450 1494
f 1449 1494 1493
f 1450 1451 1495
f 1450 1495 1494
f 1451 1452 1496
f 1451 1496 1495
f 1452 1453 1497
f 1452 1497 1496
f 1453 1454 1498
f 1453 1498 1497
f 1454 1455 1499
f 1454 1499 1498
f 1455 1456 1500
f 1455 1500 1499
f 1456 1457 1501
f 1456 1501 1500
f 1457 1458 1502
f 1457 1502 1501
f 1458 1459 1503
f 1458 1503 1502
f 1459 1460 1504
f 1459 1504 1503
f 1460 1461 1505
f 1460 1505 1504
f 1461 1462 1506
f 1461 1506 1505
f 1462 1463 1507
f 1462 1507 1506
f 1463 1464 1508
f 1463 1508 1507
f 1464 1465 1509
f 1464 1509 1508
f 1466 1467 1511
f 1466 1511 1510
f 1467 1468 1512
f 1467 1512 1511
f 1468 1469 1513
f 1468 1513 1512
f 1469 1470 1514
f 1469 1514 1513
f 1470 1471 1515
f 1470 1515 1514
f 1471 1472 1516
f 1471 1516 1515
f 1472 1473 1517
f 1472 1517 1516
f 1473 1474 1518
f 1473 1518 1517
f 1474 1475 1519
f 1474 1519 1518
f 1475 1476 1520
f 1475 1520 1519
f 1476 1477 1521
f 1476 1521 1520
f 1477 1478 1522
f 1477 1522 1521
f 1478 1479 1523
f 1478 1523 1522
f 1479 1480 1524
f 1479 1524 1523
f 1480 1481 1525
f 1480 1525 1524
f 1481 1438 1482
f 1481 1482 1525
f 1482 1483 1527
f 1482 1527 1526
f 1483 1484 1528
f 1483 1528 1527
f 1484 1485 1529
f 1484 1529 1528
f 1485 1486 1530
f 1485 1530 1529
f 1486 1487 1531
f 1486 1531 1530
f 1488 1489 1532
f 1489 1490 1533
f 1489 1533 1532
f 1490 1491 1534
f 1490 1534 1533
f 1491 1492 1535
f 1491 1535 1534
f 1492 1493 1536
f 1492 1536 1535
f 1493 1494 1537
f 1493 1537 1536
f 1494 1495 1538
f 1494 1538 1537
f 1495 1496 1539
f 1495 1539 1538
f 1496 1497 1540
f 1496 1540 1539
f 1497 1498 1541
f 1497 1541 1540
f 1498 1499 1542
f 1498 1542 1541
f 1499 1500 1543
f 1499 1543 1542
f 1500 1501 1544
f 1500 1544 1543
f 1501 1502 1545
f 1501 1545 1544
f 1502 1503 1546
f 1502 1546 1545
f 1503 1504 1547
f 1503 1547 1546
f 1504 1505 1548
f 1504 1548 1547
f 1505 1506 1549
f 1505 1549 1548
f 1506 1507 1550
f 1506 1550 1549
f 1507 1508 1551
f 1507 1551 1550
f 1508 1509 1552
f 1508 1552 1551
f 1510 1511 1554
f 1510 1554 1553
f 1511 1512 1555
f 1511 1555 1554
f 1512 1513 1556
f 1512 1556 1555
f 1513 1514 1557
f 1513 1557 1556
f 1514 1515 1558
f 1514 1558 1557
f 1515 1516 1559
f 1515 1559 1558
f 1516 1517 1560
f 1516 1560 1559
f 1517 1518 1561
f 1517 1561 1560
f 1518 1519 1562
f 1518 1562 1561
f 1519 1520 1563
f 1519 1563 1562
f 1520 1521 1564
f 1520 1564 1563
f 1521 1522 1565
f 1521 1565 1564
f 1522 1523 1566
f 1522 1566 1565
f 1523 1524 1567
f 1523 1567 1566
f 1524 1525 1568
f 1524 1568 1567
f 1525 1482 1526
f 1525 1526 1568
f 1526 1527 1570
f 1526 1570 1569
f 1527 1528 1571
f 1527 1571 1570
f 1528 1529 1572
f 1528 1572 1571
f 1529 1530 1573
f 1529 1573 1572
f 1532 1533 1575
f 1532 1575 1574
f 1533 1534 1576
f 1533 1576 1575
f 1534 1535 1577
f 1534 1577 1576
f 1535 1536 1578
f 1535 1578 1577
f 1536 1537 1579
f 1536 1579 1578
f 1537 1538 1580
f 1537 1580 1579
f 1538 1539 1581
f 1538 1581 1580
f 1539 1540 1582
f 1539 1582 1581
f 1540 1541 1583
f 1540 1583 1582
f 1541 1542 1584
f 1541 1584 1583
f 1542 1543 1585
f 1542 1585 1584
f 1543 1544 1586
f 1543 1586 1585
f 1544 1545 1587
f 1544 1587 1586
f 1545 1546 1588
f 1545 1588 1587
f 1546 1547 1589
f 1546 1589 1588
f 1547 1548 1590
f 1547 1590 1589
f 1548 1549 1591
f 1548 1591 1590
f 1549 1550 1592
f 1549 1592 1591
f 1550 1551 1593
f 1550 1593 1592
f 1553 1554 1594
f 1554 1555 1595
f 1554 1595 1594
f 1555 1556 1596
f 1555 1596 1595
f 1556 1557 1597
f 1556 1597 1596
f 1557 1558 1598
f 1557 1598 1597
f 1558 1559 1599
f 1558 1599 1598
f 1559 1560 1600
f 1559 1600 1599
f 1560 1561 1601
f 1560 1601 1600
f 1561 1562 1602
f 1561 1602 1601
f 1562 1563 1603
f 1562 1603 1602
f 1563 1564 1604
f 1563 1604 1603
f 1564 1565 1605
f 1564 1605 1604
f 1565 1566 1606
f 1565 1606 1605
f 1566 1567 1607
f 1566 1607 1606
f 1567 1568 1608
f 1567 1608 1607
f 1568 1526 1569
f 1568 1569 1608
f 1569 1570 1610
f 1569 1610 1609
f 1570 1571 1611
f 1570 1611 1610
f 1571 1572 1612
f 1571 1612 1611
f 1572 1573 1613
f 1572 1613 1612
f 1574 1575 1615
f 1574 1615 1614
f 1575 1576 1616
f 1575 1616 1615
f 1576 1577 1617
f 1576 1617 1616
f 1577 1578 1618
f 1577 1618 1617
f 1578 1579 1619
f 1578 1619 1618
f 1579 1580 1620
f 1579 1620 1619
f 1580 1581 1621
f 1580 1621 1620
f 1581 1582 1622
f 1581 1622 1621
f 1582 1583 1623
f 1582 1623 1622
f 1583 1584 1624
f 1583 1624 1623
f 1584 1585 1625
f 1584 1625 1624
f 1585 1586 1626
f 1585 1626 1625
f 1586 1587 1627
f 1586 1627 1626
f 1587 1588 1628
f 1587 1628 1627
f 1588 1589 1629
f 1588 1629 1628
f 1589 1590 1630
f 1589 1630 1629
f 1590 1591 1631
f 1590 1631 1630
f 1591 1592 1632
f 1591 1632 1631
f 1592 1593 1633
f 1592 1633 1632
f 1594 1595 1635
f 1594 1635 1634
f 1595 1596 1636
f 1595 1636 1635
f 1596 1597 1637
f 1596 1637 1636
f 1597 1598 1638
f 1597 1638 1637
f 1598 1599 1639
f 1598 1639 1638
f 1599 1600 1640
f 1599 1640 1639
f 1600 1601 1641
f 1600 1641 1640
f 1601 1602 1642
f 1601 1642 1641
f 1602 1603 1643
f 1602 1643 1642
f 1603 1604 1644
f 1603 1644 1643
f 1604 1605 1645
f 1604 1645 1644
f 1605 1606 1646
f 1605 1646 1645
f 1606 1607 1647
f 1606 1647 1646
f 1607 1608 1648
f 1607 1648 1647
f 1608 1569 1609
f 1608 1609 1648
f 1609 1610 1650
f 1609 1650 1649
f 1610 1611 1651
f 1610 1651 1650
f 1611 1612 1652
f 1611 1652 1651
f 1612 1613 1653
f 1612 1653 1652
f 1614 1615 1655
f 1614 1655 1654
f 1615 1616 1656
f 1615 1656 1655
f 1616 1617 1657
f 1616 1657 1656
f 1617 1618 1658
f 1617 1658 1657
f 1618 1619 1659
f 1618 1659 1658
f 1619 1620 1660
f 1619 1660 1659
f 1620 1621 1661
f 1620 1661 1660
f 1621 1622 1662
f 1621 1662 1661
f 1622 1623 1663
f 1622 1663 1662
f 1623 1624 1664
f 1623 1664 1663
f 1624 1625 1665
f 1624 1665 1664
f 1625 1626 1666
f 1625 1666 1665
f 1626 1627 1667
f 1626 1667 1666
f 1627 1628 1668
f 1627 1668 1667
f 1628 1629 1669
f 1628 1669 1668
f 1629 1630 1670
f 1629 1670 1669
f 1630 1631 1671
f 1630 1671 1670
f 1631 1632 1672
f 1631 1672 1671
f 1632 1633 1673
f 1632 1673 1672
f 1634 1635 1675
f 1634 1675 1674
f 1635 1636 1676
f 1635 1676 1675
f 1636 1637 1677
f 1636 1677 1676
f 1637 1638 1678
f 1637 1678 1677
f 1638 1639 1679
f 1638 1679 1678
f 1639 1640 1680
f 1639 1680 1679
f 1640 1641 1681
f 1640 1681 1680
f 1641 1642 1682
f 1641 1682 1681
f 1642 1643 1683
f 1642 1683 1682
f 1643 1644 1684
f 1643 1684 1683
f 1644 1645 1685
f 1644 1685 1684
f 1645 1646 1686
f 1645 1686 1685
f 1646 1647 1687
f 1646 1687 1686
f 1647 1648 1688
f 1647 1688 1687
f 1648 1609 1649
f 1648 1649 1688
f 1649 1650 1690
f 1649 1690 1689
f 1650 1651 1691
f 1650 1691 1690
f 1651 1652 1692
f 1651 1692 1691
f 1652 1653 1693
f 1652 1693 1692
f 1654 1655 1695
f 1654 1695 1694
f 1655 1656 1696
f 1655 1696 1695
f 1656 1657 1697
f 1656 1697 1696
f 1657 1658 1698
f 1657 1698 1697
f 1658 1659 1699
f 1658 1699 1698
f 1659 1660 1700
f 1659 1700 1699
f 1660 1661 1701
f 1660 1701 1700
f 1661 1662 1702
f 1661 1702 1701
f 1662 1663 1703
f 1662 1703 1702
f 1663 1664 1704
f 1663 1704 1703
f 1664 1665 1705
f 1664 1705 1704
f 1665 1666 1706
f 1665 1706 1705
f 1666 1667 1707
f 1666 1707 1706
f 1667 1668 1708
f 1667 1708 1707
f 1668 1669 1709
f 1668 1709 1708
f 1669 1670 1710
f 1669 1710 1709
f 1670 1671 1711
f 1670 1711 1710
f 1671 1672 1712
f 1671 1712 1711
f 1674 1675 1713
f 1675 1676 1714
f 1675 1714 1713
f 1676 1677 1715
f 1676 1715 1714
f 1677 1678 1716
f 1677 1716 1715
f 1678 1679 1717
f 1678 1717 1716
f 1679 1680 1718
f 1679 1718 1717
f 1680 1681 1719
f 1680 1719 1718
f 1681 1682 1720
f 1681 1720 1719
f 1682 1683 1721
f 1682 1721 1720
f 1683 1684 1722
f 1683 1722 1721
f 1684 1685 1723
f 1684 1723 1722
f 1685 1686 1724
f 1685 1724 1723
f 1686 1687 1725
f 1686 1725 1724
f 1687 1688 1726
f 1687 1726 1725
f 1688 1649 1689
f 1688 1689 1726
f 1689 1690 1728
f 1689 1728 1727
f 1690 1691 1729
f 1690 1729 1728
f 1691 1692 1730
f 1691 1730 1729
f 1692 1693 1731
f 1692 1731 1730
f 1694 1695 1733
f 1694 1733 1732
f 1695 1696 1734
f 1695 1734 1733
f 1696 1697 1735
f 1696 1735 1734
f 1697 1698 1736
f 1697 1736 1735
f 1698 1699 1737
f 1698 1737 1736
f 1699 1700 1738
f 1699 1738 1737
f 1700 1701 1739
f 1700 1739 1738
f 1701 1702 1740
f 1701 1740 1739
f 1702 1703 1741
f 1702 1741 1740
f 1703 1704 1742
f 1703 1742 1741
f 1704 1705 1743
f 1704 1743 1742
f 1705 1706 1744
f 1705 1744 1743
f 1706 1707 1745
f 1706 1745 1744
f 1707 1708 1746
f 1707 1746 1745
f 1708 1709 1747
f 1708 1747 1746
f 1709 1710 1748
f 1709 1748 1747
f 1710 1711 1749
f 1710 1749 1748
f 1711 1712 1750
f 1711 1750 1749
f 1713 1714 1752
f 1713 1752 1751
f 1714 1715 1753
f 1714 1753 1752
f 1715 1716 1754
f 1715 1754 1753
f 1716 1717 1755
f 1716 1755 1754
f 1717 1718 1756
f 1717 1756 1755
f 1718 1719 1757
f 1718 1757 1756
f 1719 1720 1758
f 1719 1758 1757
f 1720 1721 1759
f 1720 1759 1758
f 1721 1722 1760
f 1721 1760 1759
f 1722 1723 1761
f 1722 1761 1760
f 1723 1724 1762
f 1723 1762 1761
f 1724 1725 1763
f 1724 1763 1762
f 1725 1726 1764
f 1725 1764 1763
f 1726 1689 1727
f 1726 1727 1764
f 1727 1728 1766
f 1727 1766 1765
f 1728 1729 1767
f 1728 1767 1766
f 1729 1730 1768
f 1729 1768 1767
f 1730 1731 1769
f 1730 1769 1768
f 1732 1733 1771
f 1732 1771 1770
f 1733 1734 1772
f 1733 1772 1771
f 1734 1735 1773
f 1734 1773 1772
f 1735 1736 1774
f 1735 1774 1773
f 1736 1737 1775
f 1736 1775 1774
f 1737 1738 1776
f 1737 1776 1775
f 1738 1739 1777
f 1738 1777 1776
f 1739 1740 1778
f 1739 1778 1777
f 1740 1741 1779
f 1740 1779 1778
f 1741 1742 1780
f 1741 1780 1779
f 1742 1743 1781
f 1742 1781 1780
f 1743 1744 1782
f 1743 1782 1781
f 1744 1745 1783
f 1744 1783 1782
f 1745 1746 1784
f 1745 1784 1783
f 1746 1747 1785
f 1746 1785 1784
f 1747 1748 1786
f 1747 1786 1785
f 1748 1749 1787
f 1748 1787 1786
f 1749 1750 1788
f 1749 1788 1787
f 1751 1752 1790
f 1751 1790 1789
f 1752 1753 1791
f 1752 1791 1790
f 1753 1754 1792
f 1753 1792 1791
f 1754 1755 1793
f 1754 1793 1792
f 1755 1756 1794
f 1755 1794 1793
f 1756 1757 1795
f 1756 1795 1794
f 1757 1758 1796
f 1757 1796 1795
f 1758 1759 1797
f 1758 1797 1796
f 1759 1760 1798
f 1759 1798 1797
f 1760 1761 1799
f 1760 1799 1798
f 1761 1762 1800
f 1761 1800 1799
f 1762 1763 1801
f 1762 1801 1800
f 1763 1764 1802
f 1763 1802 1801
f 1764 1727 1765
f 1764 1765 1802
f 1765 1766 1804
f 1765 1804 1803
f 1766 1767 1805
f 1766 1805 1804
f 1767 1768 1806
f 1767 1806 1805
f 1768 1769 1807
f 1768 1807 1806
f 1770 1771 1808
f 1771 1772 1809
f 1771 1809 1808
f 1772 1773 1810
f 1772 1810 1809
f 1773 1774 1811
f 1773 1811 1810
f 1774 1775 1812
f 1774 1812 1811
f 1775 1776 1813
f 1775 1813 1812
f 1776 1777 1814
f 1776 1814 1813
f 1777 1778 1815
f 1777 1815 1814
f 1778 1779 1816
f 1778 1816 1815
f 1779 1780 1817
f 1779 1817 1816
f 1780 1781 1818
f 1780 1818 1817
f 1781 1782 1819
f 1781 1819 1818
f 1782 1783 1820
f 1782 1820 1819
f 1783 1784 1821
f 1783 1821 1820
f 1784 1785 1822
f 1784 1822 1821
f 1785 1786 1823
f 1785 1823 1822
f 1786 1787 1824
f 1786 1824 1823
f 1787 1788 1825
f 1787 1825 1824
f 1789 1790 1827
f 1789 1827 1826
f 1790 1791 1828
f 1790 1828 1827
f 1791 1792 1829
f 1791 1829 1828
f 1792 1793 1830
f 1792 1830 1829
f 1793 1794 1831
f 1793 1831 1830
f 1794 1795 1832
f 1794 1832 1831
f 1795 1796 1833
f 1795 1833 1832
f 1796 1797 1834
f 1796 1834 1833
f 1797 1798 1835
f 1797 1835 1834
f 1798 1799 1836
f 1798 1836 1835
f 1799 1800 1837
f 1799 1837 1836
f 1800 1801 1838
f 1800 1838 1837
f 1801 1802 1839
f 1801 1839 1838
f 1802 1765 1803
f 1802 1803 1839
f 1803 1804 1841
f 1803 1841 1840
f 1804 1805 1842
f 1804 1842 1841
f 1805 1806 1843
f 1805 1843 1842
f 1806 1807 1844
f 1806 1844 1843
f 1808 1809 1846
f 1808 1846 1845
f 1809 1810 1847
f 1809 1847 1846
f 1810 1811 1848
f 1810 1848 1847
f 1811 1812 1849
f 1811 1849 1848
f 1812 1813 1850
f 1812 1850 1849
f 1813 1814 1851
f 1813 1851 1850
f 1814 1815 1852
f 1814 1852 1851
f 1815 1816 1853
f 1815 1853 1852
f 1816 1817 1854
f 1816 1854 1853
f 1817 1818 1855
f 1817 1855 1854
f 1818 1819 1856
f 1818 1856 1855
f 1819 1820 1857
f 1819 1857 1856
f 1820 1821 1858
f 1820 1858 1857
f 1821 1822 1859
f 1821 1859 1858
f 1822 1823 1860
f 1822 1860 1859
f 1823 1824 1861
f 1823 1861 1860
f 1824 1825 1862
f 1824 1862 1861
f 1826 1827 1864
f 1826 1864 1863
f 1827 1828 1865
f 1827 1865 1864
f 1828 1829 1866
f 1828 1866 1865
f 1829 1830 1867
f 1829 1867 1866
f 1830 1831 1868
f 1830 1868 1867
f 1831 1832 1869
f 1831 1869 1868
f 1832 1833 1870
f 1832 1870 1869
f 1833 1834 1871
f 1833 1871 1870
f 1834 1835 1872
f 1834 1872 1871
f 1835 1836 1873
f 1835 1873 1872
f 1836 1837 1874
f 1836 1874 1873
f 1837 1838 1875
f 1837 1875 1874
f 1838 1839 1876
f 1838 1876 1875
f 1839 1803 1840
f 1839 1840 1876
f 1840 1841 1878
f 1840 1878 1877
f 1841 1842 1879
f 1841 1879 1878
f 1842 1843 1880
f 1842 1880 1879
f 1843 1844 1881
f 1843 1881 1880
f 1845 1846 1883
f 1845 1883 1882
f 1846 1847 1884
f 1846 1884 1883
f 1847 1848 1885
f 1847 1885 1884
f 1848 1849 1886
f 1848 1886 1885
f 1849 1850 1887
f 1849 1887 1886
f 1850 1851 1888
f 1850 1888 1887
f 1851 1852 1889
f 1851 1889 1888
f 1852 1853 1890
f 1852 1890 1889
f 1853 1854 1891
f 1853 1891 1890
f 1854 1855 1892
f 1854 1892 1891
f 1855 1856 1893
f 1855 1893 1892
f 1856 1857 1894
f 1856 1894 1893
f 1857 1858 1895
f 1857 1895 1894
f 1858 1859 1896
f 1858 1896 1895
f 1859 1860 1897
f 1859 1897 1896
f 1860 1861 1898
f 1860 1898 1897
f 1861 1862 1899
f 1861 1899 1898
f 1863 1864 1901
f 1863 1901 1900
f 1864 1865 1902
f 1864 1902 1901
f 1865 1866 1903
f 1865 1903 1902
f 1866 1867 1904
f 1866 1904 1903
f 1867 1868 1905
f 1867 1905 1904
f 1868 1869 1906
f 1868 1906 1905
f 1869 1870 1907
f 1869 1907 1906
f 1870 1871 1908
f 1870 1908 1907
f 1871 1872 1909
f 1871 1909 1908
f 1872 1873 1910
f 1872 1910 1909
f 1873 1874 1911
f 1873 1911 1910
f 1874 1875 1912
f 1874 1912 1911
f 1875 1876 1913
f 1875 1913 1912
f 1876 1840 1877
f 1876 1877 1913
f 1877 1878 1915
f 1877 1915 1914
f 1878 1879 1916
f 1878 1916 1915
f 1879 1880 1917
f 1879 1917 1916
f 1880 1881 1918
f 1880 1918 1917
f 1882 1883 1920
f 1882 1920 1919
f 1883 1884 1921
f 1883 1921 1920
f 1884 1885 1922
f 1884 1922 1921
f 1885 1886 1923
f 1885 1923 1922
f 1886 1887 1924
f 1886 1924 1923
f 1887 1888 1925
f 1887 1925 1924
f 1888 1889 1926
f 1888 1926 1925
f 1889 1890 1927
f 1889 1927 1926
f 1890 1891 1928
f 1890 1928 1927
f 1891 1892 1929
f 1891 1929 1928
f 1892 1893 1930
f 1892 1930 1929
f 1893 1894 1931
f 1893 1931 1930
f 1894 1895 1932
f 1894 1932 1931
f 1895 1896 1933
f 1895 1933 1932
f 1896 1897 1934
f 1896 1934 1933
f 1897 1898 1935
f 1897 1935 1934
f 1898 1899 1936
f 1898 1936 1935
f 1900 1901 1938
f 1900 1938 1937
f 1901 1902 1939
f 1901 1939 1938
f 1902 1903 1940
f 1902 1940 1939
f 1903 1904 1941
f 1903 1941 1940
f 1904 1905 1942
f 1904 1942 1941
f 1905 1906 1943
f 1905 1943 1942
f 1906 1907 1944
f 1906 1944 1943
f 1907 1908 1945
f 1907 1945 1944
f 1908 1909 1946
f 1908 1946 1945
f 1909 1910 1947
f 1909 1947 1946
f 1910 1911 1948
f 1910 1948 1947
f 1911 1912 1949
f 1911 1949 1948
f 1912 1913 1950
f 1912 1950 1949
f 1913 1877 1914
f 1913 1914 1950
f 1914 1915 1952
f 1914 1952 1951
f 1915 1916 1953
f 1915 1953 1952
f 1916 1917 1954
f 1916 1954 1953
f 1919 1920 1956
f 1919 1956 1955
f 1920 1921 1957
f 1920 1957 1956
f 1921 1922 1958
f 1921 1958 1957
f 1922 1923 1959
f 1922 1959 1958
f 1923 1924 1960
f 1923 1960 1959
f 1924 1925 1961
f 1924 1961 1960
f 1925 1926 1962
f 1925 1962 1961
f 1926 1927 1963
f 1926 1963 1962
f 1927 1928 1964
f 1927 1964 1963
f 1928 1929 1965
f 1928 1965 1964
f 1929 1930 1966
f 1929 1966 1965
f 1930 1931 1967
f 1930 1967 1966
f 1931 1932 1968
f 1931 1968 1967
f 1932 1933 1969
f 1932 1969 1968
f 1933 1934 1970
f 1933 1970 1969
f 1934 1935 1971
f 1934 1971 1970
f 1935 1936 1972
f 1935 1972 1971
f 1937 1938 1974
f 1937 1974 1973
f 1938 1939 1975
f 1938 1975 1974
f 1939 1940 1976
f 1939 1976 1975
f 1940 1941 1977
f 1940 1977 1976
f 1941 1942 1978
f 1941 1978 1977
f 1942 1943 1979
f 1942 1979 1978
f 1943 1944 1980
f 1943 1980 1979
f 1944 1945 1981
f 1944 1981 1980
f 1945 1946 1982
f 1945 1982 1981
f 1946 1947 1983
f 1946 1983 1982
f 1947 1948 1984
f 1947 1984 1983
f 1948 1949 1985
f 1948 1985 1984
f 1949 1950 1986
f 1949 1986 1985
f 1950 1914 1951
f 1950 1951 1986
f 1951 1952 1988
f 1951 1988 1987
f 1952 1953 1989
f 1952 1989 1988
f 1953 1954 1990
f 1953 1990 1989
f 1955 1956 1992
f 1955 1992 1991
f 1956 1957 1993
f 1956 1993 1992
f 1957 1958 1994
f 1957 1994 1993
f 1958 1959 1995
f 1958 1995 1994
f 1959 1960 1996
f 1959 1996 1995
f 1960 1961 1997
f 1960 1997 1996
f 1961 1962 1998
f 1961 1998 1997
f 1962 1963 1999
f 1962 1999 1998
f 1963 1964 2000
f 1963 2000 1999
f 1964 1965 2001
f 1964 2001 2000
f 1965 1966 2002
f 1965 2002 2001
f 1966 1967 2003
f 1966 2003 2002
f 1967 1968 2004
f 1967 2004 2003
f 1968 1969 2005
f 1968 2005 2004
f 1969 1970 2006
f 1969 2006 2005
f 1970 1971 2007
f 1970 2007 2006
f 1971 1972 2008
f 1971 2008 2007
f 1973 1974 2010
f 1973 2010 2009
f 1974 1975 2011
f 1974 2011 2010
f 1975 1976 2012
f 1975 2012 2011
f 1976 1977 2013
f 1976 2013 2012
f 1977 1978 2014
f 1977 2014 2013
f 1978 1979 2015
f 1978 2015 2014
f 1979 1980 2016
f 1979 2016 2015
f 1980 1981 2017
f 1980 2017 2016
f 1981 1982 2018
f 1981 2018 2017
f 1982 1983 2019
f 1982 2019 2018
f 1983 1984 2020
f 1983 2020 2019
f 1984 1985 2021
f 1984 2021 2020
f 1985 1986 2022
f 1985 2022 2021
f 1986 1951 1987
f 1986 1987 2022
f 1987 1988 2024
f 1987 2024 2023
f 1988 1989 2025
f 1988 2025 2024
f 1989 1990 2026
f 1989 2026 2025
f 1991 1992 2028
f 1991 2028 2027
f 1992 1993 2029
f 1992 2029 2028
f 1993 1994 2030
f 1993 2030 2029
f 1994 1995 2031
f 1994 2031 2030
f 1995 1996 2032
f 1995 2032 2031
f 1996 1997 2033
f 1996 2033 2032
f 1997 1998 2034
f 1997 2034 2033
f 1998 1999 2035
f 1998 2035 2034
f 1999 2000 2036
f 1999 2036 2035
f 2000 2001 2037
f 2000 2037 2036
f 2001 2002 2038
f 2001 2038 2037
f 2002 2003 2039
f 2002 2039 2038
f 2003 2004 2040
f 2003 2040 2039
f 2004 2005 2041
f 2004 2041 2040
f 2005 2006 2042
f 2005 2042 2041
f 2006 2007 2043
f 2006 2043 2042
f 2007 2008 2044
f 2007 2044 2043
f 2009 2010 2046
f 2009 2046 2045
f 2010 2011 2047
f 2010 2047 2046
f 2011 2012 2048
f 2011 2048 2047
f 2012 2013 2049
f 2012 2049 2048
f 2013 2014 2050
f 2013 2050 2049
f 2014 2015 2051
f 2014 2051 2050
f 2015 2016 2052
f 2015 2052 2051
f 2016 2017 2053
f 2016 2053 2052
f 2017 2018 2054
f 2017 2054 2053
f 2018 2019 2055
f 2018 2055 2054
f 2019 2020 2056
f 2019 2056 2055
f 2020 2021 2057
f 2020 2057 2056
f 2021 2022 2058
f 2021 2058 2057
f 2022 1987 2023
f 2022 2023 2058
f 2023 2024 2060
f 2023 2060 2059
f 2024 2025 2061
f 2024 2061 2060
f 2025 2026 2062
f 2025 2062 2061
f 2027 2028 2064
f 2027 2064 2063
f 2028 2029 2065
f 2028 2065 2064
f 2029 2030 2066
f 2029 2066 2065
f 2030 2031 2067
f 2030 2067 2066
f 2031 2032 2068
f 2031 2068 2067
f 2032 2033 2069
f 2032 2069 2068
f 2033 2034 2070
f 2033 2070 2069
f 2034 2035 2071
f 2034 2071 2070
f 2035 2036 2072
f 2035 2072 2071
f 2036 2037 2073
f 2036 2073 2072
f 2037 2038 2074
f 2037 2074 2073
f 2038 2039 2075
f 2038 2075 2074
f 2039 2040 2076
f 2039 2076 2075
f 2040 2041 2077
f 2040 2077 2076
f 2041 2042 2078
f 2041 2078 2077
f 2042 2043 2079
f 2042 2079 2078
f 2043 2044 2080
f 2043 2080 2079
f 2045 2046 2082
f 2045 2082 2081
f 2046 2047 2083
f 2046 2083 2082
f 2047 2048 2084
f 2047 2084 2083
f 2048 2049 2085
f 2048 2085 2084
f 2049 2050 2086
f 2049 2086 2085
f 2050 2051 2087
f 2050 2087 2086
f 2051 2052 2088
f 2051 2088 2087
f 2052 2053 2089
f 2052 2089 2088
f 2053 2054 2090
f 2053 2090 2089
f 2054 2055 2091
f 2054 2091 2090
f 2055 2056 2092
f 2055 2092 2091
f 2056 2057 2093
f 2056 2093 2092
f 2057 2058 2094
f 2057 2094 2093
f 2058 2023 2059
f 2058 2059 2094
f 2059 2060 2096
f 2059 2096 2095
f 2060 2061 2097
f 2060 2097 2096
f 2061 2062 2098
f 2061 2098 2097
f 2063 2064 2099
f 2064 2065 2100
f 2064 2100 2099
f 2065 2066 2101
f 2065 2101 2100
f 2066 2067 2102
f 2066 2102 2101
f 2067 2068 2103
f 2067 2103 2102
f 2068 2069 2104
f 2068 2104 2103
f 2069 2070 2105
f 2069 2105 2104
f 2070 2071 2106
f 2070 2106 2105
f 2071 2072 2107
f 2071 2107 2106
f 2072 2073 2108
f 2072 2108 2107
f 2073 2074 2109
f 2073 2109 2108
f 2074 2075 2110
f 2074 2110 2109
f 2075 2076 2111
f 2075 2111 2110
f 2076 2077 2112
f 2076 2112 2111
f 2077 2078 2113
f 2077 2113 2112
f 2078 2079 2114
f 2078 2114 2113
f 2079 2080 2115
f 2079 2115 2114
f 2081 2082 2117
f 2081 2117 2116
f 2082 2083 2118
f 2082 2118 2117
f 2083 2084 2119
f 2083 2119 2118
f 2084 2085 2120
f 2084 2120 2119
f 2085 2086 2121
f 2085 2121 2120
f 2086 2087 2122
f 2086 2122 2121
f 2087 2088 2123
f 2087 2123 2122
f 2088 2089 2124
f 2088 2124 2123
f 2089 2090 2125
f 2089 2125 2124
f 2090 2091 2126
f 2090 2126 2125
f 2091 2092 2127
f 2091 2127 2126
f 2092 2093 2128
f 2092 2128 2127
f 2093 2094 2129
f 2093 2129 2128
f 2094 2059 2095
f 2094 2095 2129
f 2095 2096 2131
f 2095 2131 2130
f 2096 2097 2132
f 2096 2132 2131
f 2097 2098 2133
f 2097 2133 2132
f 2099 2100 2135
f 2099 2135 2134
f 2100 2101 2136
f 2100 2136 2135
f 2101 2102 2137
f 2101 2137 2136
f 2102 2103 2138
f 2102 2138 2137
f 2103 2104 2139
f 2103 2139 2138
f 2104 2105 2140
f 2104 2140 2139
f 2105 2106 2141
f 2105 2141 2140
f 2106 2107 2142
f 2106 2142 2141
f 2107 2108 2143
f 2107 2143 2142
f 2108 2109 2144
f 2108 2144 2143
f 2109 2110 2145
f 2109 2145 2144
f 2110 2111 2146
f 2110 2146 2145
f 2111 2112 2147
f 2111 2147 2146
f 2112 2113 2148
f 2112 2148 2147
f 2113 2114 2149
f 2113 2149 2148
f 2114 2115 2150
f 2114 2150 2149
f 2116 2117 2152
f 2116 2152 2151
f 2117 2118 2153
f 2117 2153 2152
f 2118 2119 2154
f 2118 2154 2153
f 2119 2120 2155
f 2119 2155 2154
f 2120 2121 2156
f 2120 2156 2155
f 2121 2122 2157
f 2121 2157 2156
f 2122 2123 2158
f 2122 2158 2157
f 2123 2124 2159
f 2123 2159 2158
f 2124 2125 2160
f 2124 2160 2159
f 2125 2126 2161
f 2125 2161 2160
f 2126 2127 2162
f 2126 2162 2161
f 2127 2128 2163
f 2127 2163 2162
f 2128 2129 2164
f 2128 2164 2163
f 2129 2095 2130
f 2129 2130 2164
f 2130 2131 2166
f 2130 2166 2165
f 2131 2132 2167
f 2131 2167 2166
f 2132 2133 2168
f 2132 2168 2167
f 2134 2135 2170
f 2134 2170 2169
f 2135 2136 2171
f 2135 2171 2170
f 2136 2137 2172
f 2136 2172 2171
f 2137 2138 2173
f 2137 2173 2172
f 2138 2139 2174
f 2138 2174 2173
f 2139 2140 2175
f 2139 2175 2174
f 2140 2141 2176
f 2140 2176 2175
f 2141 2142 2177
f 2141 2177 2176
f 2142 2143 2178
f 2142 2178 2177
f 2143 2144 2179
f 2143 2179 2178
f 2144 2145 2180
f 2144 2180 2179
f 2145 2146 2181
f 2145 2181 2180
f 2146 2147 2182
f 2146 2182 2181
f 2147 2148 2183
f 2147 2183 2182
f 2148 2149 2184
f 2148 2184 2183
f 2149 2150 2185
f 2149 2185 2184
f 2151 2152 2187
f 2151 2187 2186
f 2152 2153 2188
f 2152 2188 2187
f 2153 2154 2189
f 2153 2189 2188
f 2154 2155 2190
f 2154 2190 2189
f 2155 2156 2191
f 2155 2191 2190
f 2156 2157 2192
f 2156 2192 2191
f 2157 2158 2193
f 2157 2193 2192
f 2158 2159 2194
f 2158 2194 2193
f 2159 2160 2195
f 2159 2195 2194
f 2160 2161 2196
f 2160 2196 2195
f 2161 2162 2197
f 2161 2197 2196
f 2162 2163 2198
f 2162 2198 2197
f 2163 2164 2199
f 2163 2199 2198
f 2164 2130 2165
f 2164 2165 2199
f 2165 2166 2201
f 2165 2201 2200
f 2166 2167 2202
f 2166 2202 2201
f 2167 2168 2203
f 2167 2203 2202
f 2169 2170 2205
f 2169 2205 2204
f 2170 2171 2206
f 2170 2206 2205
f 2171 2172 2207
f 2171 2207 2206
f 2172 2173 2208
f 2172 2208 2207
f 2173 2174 2209
f 2173 2209 2208
f 2174 2175 2210
f 2174 2210 2209
f 2175 2176 2211
f 2175 2211 2210
f 2176 2177 2212
f 2176 2212 2211
f 2177 2178 2213
f 2177 2213 2212
f 2178 2179 2214
f 2178 2214 2213
f 2179 2180 2215
f 2179 2215 2214
f 2180 2181 2216
f 2180 2216 2215
f 2181 2182 2217
f 2181 2217 2216
f 2182 2183 2218
f 2182 2218 2217
f 2183 2184 2219
f 2183 2219 2218
f 2184 2185 2220
f 2184 2220 2219
f 2186 2187 2222
f 2186 2222 2221
f 2187 2188 2223
f 2187 2223 2222
f 2188 2189 2224
f 2188 2224 2223
f 2189 2190 2225
f 2189 2225 2224
f 2190 2191 2226
f 2190 2226 2225
f 2191 2192 2227
f 2191 2227 2226
f 2192 2193 2228
f 2192 2228 2227
f 2193 2194 2229
f 2193 2229 2228
f 2194 2195 2230
f 2194 2230 2229
f 2195 2196 2231
f 2195 2231 2230
f 2196 2197 2232
f 2196 2232 2231
f 2197 2198 2233
f 2197 2233 2232
f 2198 2199 2234
f 2198 2234 2233
f 2199 2165 2200
f 2199 2200 2234
f 2200 2201 2236
f 2200 2236 2235
f 2201 2202 2237
f 2201 2237 2236
f 2204 2205 2239
f 2204 2239 2238
f 2205 2206 2240
f 2205 2240 2239
f 2206 2207 2241
f 2206 2241 2240
f 2207 2208 2242
f 2207 2242 2241
f 2208 2209 2243
f 2208 2243 2242
f 2209 2210 2244
f 2209 2244 2243
f 2210 2211 2245
f 2210 2245 2244
f 2211 2212 2246
f 2211 2246 2245
f 2212 2213 2247
f 2212 2247 2246
f 2213 2214 2248
f 2213 2248 2247
f 2214 2215 2249
f 2214 2249 2248
f 2215 2216 2250
f 2215 2250 2249
f 2216 2217 2251
f 2216 2251 2250
f 2217 2218 2252
f 2217 2252 2251
f 2218 2219 2253
f 2218 2253 2252
f 2219 2220 2254
f 2219 2254 2253
f 2221 2222 2256
f 2221 2256 2255
f 2222 2223 2257
f 2222 2257 2256
f 2223 2224 2258
f 2223 2258 2257
f 2224 2225 2259
f 2224 2259 2258
f 2225 2226 2260
f 2225 2260 2259
f 2226 2227 2261
f 2226 2261 2260
f 2227 2228 2262
f 2227 2262 2261
f 2228 2229 2263
f 2228 2263 2262
f 2229 2230 2264
f 2229 2264 2263
f 2230 2231 2265
f 2230 2265 2264
f 2231 2232 2266
f 2231 2266 2265
f 2232 2233 2267
f 2232 2267 2266
f 2233 2234 2268
f 2233 2268 2267
f 2234 2200 2235
f 2234 2235 2268
f 2235 2236 2270
f 2235 2270 2269
f 2236 2237 2271
f 2236 2271 2270
f 2238 2239 2273
f 2238 2273 2272
f 2239 2240 2274
f 2239 2274 2273
f 2240 2241 2275
f 2240 2275 2274
f 2241 2242 2276
f 2241 2276 2275
f 2242 2243 2277
f 2242 2277 2276
f 2243 2244 2278
f 2243 2278 2277
f 2244 2245 2279
f 2244 2279 2278
f 2245 2246 2280
f 2245 2280 2279
f 2246 2247 2281
f 2246 2281 2280
f 2247 2248 2282
f 2247 2282 2281
f 2248 2249 2283
f 2248 2283 2282
f 2249 2250 2284
f 2249 2284 2283
f 2250 2251 2285
f 2250 2285 2284
f 2251 2252 2286
f 2251 2286 2285
f 2252 2253 2287
f 2252 2287 2286
f 2253 2254 2288
f 2253 2288 2287
f 2255 2256 2290
f 2255 2290 2289
f 2256 2257 2291
f 2256 2291 2290
f 2257 2258 2292
f 2257 2292 2291
f 2258 2259 2293
f 2258 2293 2292
f 2259 2260 2294
f 2259 2294 2293
f 2260 2261 2295
f 2260 2295 2294
f 2261 2262 2296
f 2261 2296 2295
f 2262 2263 2297
f 2262 2297 2296
f 2263 2264 2298
f 2263 2298 2297
f 2264 2265 2299
f 2264 2299 2298
f 2265 2266 2300
f 2265 2300 2299
f 2266 2267 2301
f 2266 2301 2300
f 2267 2268 2302
f 2267 2302 2301
f 2268 2235 2269
f 2268 2269 2302
f 2269 2270 2304
f 2269 2304 2303
f 2270 2271 2305
f 2270 2305 2304
f 2272 2273 2306
f 2273 2274 2307
f 2273 2307 2306
f 2274 2275 2308
f 2274 2308 2307
f 2275 2276 2309
f 2275 2309 2308
f 2276 2277 2310
f 2276 2310 2309
f 2277 2278 2311
f 2277 2311 2310
f 2278 2279 2312
f 2278 2312 2311
f 2279 2280 2313
f 2279 2313 2312
f 2280 2281 2314
f 2280 2314 2313
f 2281 2282 2315
f 2281 2315 2314
f 2282 2283 2316
f 2282 2316 2315
f 2283 2284 2317
f 2283 2317 2316
f 2284 2285 2318
f 2284 2318 2317
f 2285 2286 2319
f 2285 2319 2318
f 2286 2287 2320
f 2286 2320 2319
f 2287 2288 2321
f 2287 2321 2320
f 2289 2290 2323
f 2289 2323 2322
f 2290 2291 2324
f 2290 2324 2323
f 2291 2292 2325
f 2291 2325 2324
f 2292 2293 2326
f 2292 2326 2325
f 2293 2294 2327
f 2293 2327 2326
f 2294 2295 2328
f 2294 2328 2327
f 2295 2296 2329
f 2295 2329 2328
f 2296 2297 2330
f 2296 2330 2329
f 2297 2298 2331
f 2297 2331 2330
f 2298 2299 2332
f 2298 2332 2331
f 2299 2300 2333
f 2299 2333 2332
f 2300 2301 2334
f 2300 2334 2333
f 2301 2302 2335
f 2301 2335 2334
f 2302 2269 2303
f 2302 2303 2335
f 2303 2304 2337
f 2303 2337 2336
f 2304 2305 2338
f 2304 2338 2337
f 2306 2307 2340
f 2306 2340 2339
f 2307 2308 2341
f 2307 2341 2340
f 2308 2309 2342
f 2308 2342 2341
f 2309 2310 2343
f 2309 2343 2342
f 2310 2311 2344
f 2310 2344 2343
f 2311 2312 2345
f 2311 2345 2344
f 2312 2313 2346
f 2312 2346 2345
f 2313 2314 2347
f 2313 2347 2346
f 2314 2315 2348
f 2314 2348 2347
f 2315 2316 2349
f 2315 2349 2348
f 2316 2317 2350
f 2316 2350 2349
f 2317 2318 2351
f 2317 2351 2350
f 2318 2319 2352
f 2318 2352 2351
f 2319 2320 2353
f 2319 2353 2352
f 2320 2321 2354
f 2320 2354 2353
f 2322 2323 2356
f 2322 2356 2355
f 2323 2324 2357
f 2323 2357 2356
f 2324 2325 2358
f 2324 2358 2357
f 2325 2326 2359
f 2325 2359 2358
f 2326 2327 2360
f 2326 2360 2359
f 2327 2328 2361
f 2327 2361 2360
f 2328 2329 2362
f 2328 2362 2361
f 2329 2330 2363
f 2329 2363 2362
f 2330 2331 2364
f 2330 2364 2363
f 2331 2332 2365
f 2331 2365 2364
f 2332 2333 2366
f 2332 2366 2365
f 2333 2334 2367
f 2333 2367 2366
f 2334 2335 2368
f 2334 2368 2367
f 2335 2303 2336
f 2335 2336 2368
f 2336 2337 2370
f 2336 2370 2369
f 2337 2338 2371
f 2337 2371 2370
f 2339 2340 2373
f 2339 2373 2372
f 2340 2341 2374
f 2340 2374 2373
f 2341 2342 2375
f 2341 2375 2374
f 2342 2343 2376
f 2342 2376 2375
f 2343 2344 2377
f 2343 2377 2376
f 2344 2345 2378
f 2344 2378 2377
f 2345 2346 2379
f 2345 2379 2378
f 2346 2347 2380
f 2346 2380 2379
f 2347 2348 2381
f 2347 2381 2380
f 2348 2349 2382
f 2348 2382 2381
f 2349 2350 2383
f 2349 2383 2382
f 2350 2351 2384
f 2350 2384 2383
f 2351 2352 2385
f 2351 2385 2384
f 2352 2353 2386
f 2352 2386 2385
f 2353 2354 2387
f 2353 2387 2386
f 2355 2356 2389
f 2355 2389 2388
f 2356 2357 2390
f 2356 2390 2389
f 2357 2358 2391
f 2357 2391 2390
f 2358 2359 2392
f 2358 2392 2391
f 2359 2360 2393
f 2359 2393 2392
f 2360 2361 2394
f 2360 2394 2393
f 2361 2362 2395
f 2361 2395 2394
f 2362 2363 2396
f 2362 2396 2395
f 2363 2364 2397
f 2363 2397 2396
f 2364 2365 2398
f 2364 2398 2397
f 2365 2366 2399
f 2365 2399 2398
f 2366 2367 2400
f 2366 2400 2399
f 2367 2368 2401
f 2367 2401 2400
f 2368 2336 2369
f 2368 2369 2401
f 2369 2370 2403
f 2369 2403 2402
f 2370 2371 2404
f 2370 2404 2403
f 2372 2373 2406
f 2372 2406 2405
f 2373 2374 2407
f 2373 2407 2406
f 2374 2375 2408
f 2374 2408 2407
f 2375 2376 2409
f 2375 2409 2408
f 2376 2377 2410
f 2376 2410 2409
f 2377 2378 2411
f 2377 2411 2410
f 2378 2379 2412
f 2378 2412 2411
f 2379 2380 2413
f 2379 2413 2412
f 2380 2381 2414
f 2380 2414 2413
f 2381 2382 2415
f 2381 2415 2414
f 2382 2383 2416
f 2382 2416 2415
f 2383 2384 2417
f 2383 2417 2416
f 2384 2385 2418
f 2384 2418 2417
f 2385 2386 2419
f 2385 2419 2418
f 2386 2387 2420
f 2386 2420 2419
f 2388 2389 2422
f 2388 2422 2421
f 2389 2390 2423
f 2389 2423 2422
f 2390 2391 2424
f 2390 2424 2423
f 2391 2392 2425
f 2391 2425 2424
f 2392 2393 2426
f 2392 2426 2425
f 2393 2394 2427
f 2393 2427 2426
f 2394 2395 2428
f 2394 2428 2427
f 2395 2396 2429
f 2395 2429 2428
f 2396 2397 2430
f 2396 2430 2429
f 2397 2398 2431
f 2397 2431 2430
f 2398 2399 2432
f 2398 2432 2431
f 2399 2400 2433
f 2399 2433 2432
f 2400 2401 2434
f 2400 2434 2433
f 2401 2369 2402
f 2401 2402 2434
f 2402 2403 2436
f 2402 2436 2435
f 2403 2404 2437
f 2403 2437 2436
f 2405 2406 2438
f 2406 2407 2439
f 2406 2439 2438
f 2407 2408 2440
f 2407 2440 2439
f 2408 2409 2441
f 2408 2441 2440
f 2409 2410 2442
f 2409 2442 2441
f 2410 2411 2443
f 2410 2443 2442
f 2411 2412 2444
f 2411 2444 2443
f 2412 2413 2445
f 2412 2445 2444
f 2413 2414 2446
f 2413 2446 2445
f 2414 2415 2447
f 2414 2447 2446
f 2415 2416 2448
f 2415 2448 2447
f 2416 2417 2449
f 2416 2449 2448
f 2417 2418 2450
f 2417 2450 2449
f 2418 2419 2451
f 2418 2451 2450
f 2419 2420 2452
f 2419 2452 2451
f 2421 2422 2454
f 2421 2454 2453
f 2422 2423 2455
f 2422 2455 2454
f 2423 2424 2456
f 2423 2456 2455
f 2424 2425 2457
f 2424 2457 2456
f 2425 2426 2458
f 2425 2458 2457
f 2426 2427 2459
f 2426 2459 2458
f 2427 2428 2460
f 2427 2460 2459
f 2428 2429 2461
f 2428 2461 2460
f 2429 2430 2462
f 2429 2462 2461
f 2430 2431 2463
f 2430 2463 2462
f 2431 2432 2464
f 2431 2464 2463
f 2432 2433 2465
f 2432 2465 2464
f 2433 2434 2466
f 2433 2466 2465
f 2434 2402 2435
f 2434 2435 2466
f 2435 2436 2468
f 2435 2468 2467
f 2438 2439 2470
f 2438 2470 2469
f 2439 2440 2471
f 2439 2471 2470
f 2440 2441 2472
f 2440 2472 2471
f 2441 2442 2473
f 2441 2473 2472
f 2442 2443 2474
f 2442 2474 2473
f 2443 2444 2475
f 2443 2475 2474
f 2444 2445 2476
f 2444 2476 2475
f 2445 2446 2477
f 2445 2477 2476
f 2446 2447 2478
f 2446 2478 2477
f 2447 2448 2479
f 2447 2479 2478
f 2448 2449 2480
f 2448 2480 2479
f 2449 2450 2481
f 2449 2481 2480
f 2450 2451 2482
f 2450 2482 2481
f 2451 2452 2483
f 2451 2483 2482
f 2453 2454 2485
f 2453 2485 2484
f 2454 2455 2486
f 2454 2486 2485
f 2455 2456 2487
f 2455 2487 2486
f 2456 2457 2488
f 2456 2488 2487
f 2457 2458 2489
f 2457 2489 2488
f 2458 2459 2490
f 2458 2490 2489
f 2459 2460 2491
f 2459 2491 2490
f 2460 2461 2492
f 2460 2492 2491
f 2461 2462 2493
f 2461 2493 2492
f 2462 2463 2494
f 2462 2494 2493
f 2463 2464 2495
f 2463 2495 2494
f 2464 2465 2496
f 2464 2496 2495
f 2465 2466 2497
f 2465 2497 2496
f 2466 2435 2467
f 2466 2467 2497
f 2467 2468 2499
f 2467 2499 2498
f 2469 2470 2501
f 2469 2501 2500
f 2470 2471 2502
f 2470 2502 2501
f 2471 2472 2503
f 2471 2503 2502
f 2472 2473 2504
f 2472 2504 2503
f 2473 2474 2505
f 2473 2505 2504
f 2474 2475 2506
f 2474 2506 2505
f 2475 2476 2507
f 2475 2507 2506
f 2476 2477 2508
f 2476 2508 2507
f 2477 2478 2509
f 2477 2509 2508
f 2478 2479 2510
f 2478 2510 2509
f 2479 2480 2511
f 2479 2511 2510
f 2480 2481 2512
f 2480 2512 2511
f 2481 2482 2513
f 2481 2513 2512
f 2482 2483 2514
f 2482 2514 2513
f 2484 2485 2516
f 2484 2516 2515
f 2485 2486 2517
f 2485 2517 2516
f 2486 2487 2518
f 2486 2518 2517
f 2487 2488 2519
f 2487 2519 2518
f 2488 2489 2520
f 2488 2520 2519
f 2489 2490 2521
f 2489 2521 2520
f 2490 2491 2522
f 2490 2522 2521
f 2491 2492 2523
f 2491 2523 2522
f 2492 2493 2524
f 2492 2524 2523
f 2493 2494 2525
f 2493 2525 2524
f 2494 2495 2526
f 2494 2526 2525
f 2495 2496 2527
f 2495 2527 2526
f 2496 2497 2528
f 2496 2528 2527
f 2497 2467 2498
f 2497 2498 2528
f 2498 2499 2530
f 2498 2530 2529
f 2500 2501 2532
f 2500 2532 2531
f 2501 2502 2533
f 2501 2533 2532
f 2502 2503 2534
f 2502 2534 2533
f 2503 2504 2535
f 2503 2535 2534
f 2504 2505 2536
f 2504 2536 2535
f 2505 2506 2537
f 2505 2537 2536
f 2506 2507 2538
f 2506 2538 2537
f 2507 2508 2539
f 2507 2539 2538
f 2508 2509 2540
f 2508 2540 2539
f 2509 2510 2541
f 2509 2541 2540
f 2510 2511 2542
f 2510 2542 2541
f 2511 2512 2543
f 2511 2543 2542
f 2512 2513 2544
f 2512 2544 2543
f 2513 2514 2545
f 2513 2545 2544
f 2515 2516 2547
f 2515 2547 2546
f 2516 2517 2548
f 2516 2548 2547
f 2517 2518 2549
f 2517 2549 2548
f 2518 2519 2550
f 2518 2550 2549
f 2519 2520 2551
f 2519 2551 2550
f 2520 2521 2552
f 2520 2552 2551
f 2521 2522 2553
f 2521 2553 2552
f 2522 2523 2554
f 2522 2554 2553
f 2523 2524 2555
f 2523 2555 2554
f 2524 2525 2556
f 2524 2556 2555
f 2525 2526 2557
f 2525 2557 2556
f 2526 2527 2558
f 2526 2558 2557
f 2527 2528 2559
f 2527 2559 2558
f 2528 2498 2529
f 2528 2529 2559
f 2529 2530 2561
f 2529 2561 2560
f 2531 2532 2563
f 2531 2563 2562
f 2532 2533 2564
f 2532 2564 2563
f 2533 2534 2565
f 2533 2565 2564
f 2534 2535 2566
f 2534 2566 2565
f 2535 2536 2567
f 2535 2567 2566
f 2536 2537 2568
f 2536 2568 2567
f 2537 2538 2569
f 2537 2569 2568
f 2538 2539 2570
f 2538 2570 2569
f 2539 2540 2571
f 2539 2571 2570
f 2540 2541 2572
f 2540 2572 2571
f 2541 2542 2573
f 2541 2573 2572
f 2542 2543 2574
f 2542 2574 2573
f 2543 2544 2575
f 2543 2575 2574
f 2544 2545 2576
f 2544 2576 2575
f 2546 2547 2578
f 2546 2578 2577
f 2547 2548 2579
f 2547 2579 2578
f 2548 2549 2580
f 2548 2580 2579
f 2549 2550 2581
f 2549 2581 2580
f 2550 2551 2582
f 2550 2582 2581
f 2551 2552 2583
f 2551 2583 2582
f 2552 2553 2584
f 2552 2584 2583
f 2553 2554 2585
f 2553 2585 2584
f 2554 2555 2586
f 2554 2586 2585
f 2555 2556 2587
f 2555 2587 2586
f 2556 2557 2588
f 2556 2588 2587
f 2557 2558 2589
f 2557 2589 2588
f 2558 2559 2590
f 2558 2590 2589
f 2559 2529 2560
f 2559 2560 2590
f 2560 2561 2592
f 2560 2592 2591
f 2562 2563 2593
f 2563 2564 2594
f 2563 2594 2593
f 2564 2565 2595
f 2564 2595 2594
f 2565 2566 2596
f 2565 2596 2595
f 2566 2567 2597
f 2566 2597 2596
f 2567 2568 2598
f 2567 2598 2597
f 2568 2569 2599
f 2568 2599 2598
f 2569 2570 2600
f 2569 2600 2599
f 2570 2571 2601
f 2570 2601 2600
f 2571 2572 2602
f 2571 2602 2601
f 2572 2573 2603
f 2572 2603 2602
f 2573 2574 2604
f 2573 2604 2603
f 2574 2575 2605
f 2574 2605 2604
f 2575 2576 2606
f 2575 2606 2605
f 2577 2578 2608
f 2577 2608 2607
f 2578 2579 2609
f 2578 2609 2608
f 2579 2580 2610
f 2579 2610 2609
f 2580 2581 2611
f 2580 2611 2610
f 2581 2582 2612
f 2581 2612 2611
f 2582 2583 2613
f 2582 2613 2612
f 2583 2584 2614
f 2583 2614 2613
f 2584 2585 2615
f 2584 2615 2614
f 2585 2586 2616
f 2585 2616 2615
f 2586 2587 2617
f 2586 2617 2616
f 2587 2588 2618
f 2587 2618 2617
f 2588 2589 2619
f 2588 2619 2618
f 2589 2590 2620
f 2589 2620 2619
f 2590 2560 2591
f 2590 2591 2620
f 2593 2594 2623
f 2593 2623 2622
f 2594 2595 2624
f 2594 2624 2623
f 2595 2596 2625
f 2595 2625 2624
f 2596 2597 2626
f 2596 2626 2625
f 2597 2598 2627
f 2597 2627 2626
f 2598 2599 2628
f 2598 2628 2627
f 2599 2600 2629
f 2599 2629 2628
f 2600 2601 2630
f 2600 2630 2629
f 2601 2602 2631
f 2601 2631 2630
f 2602 2603 2632
f 2602 2632 2631
f 2603 2604 2633
f 2603 2633 2632
f 2604 2605 2634
f 2604 2634 2633
f 2605 2606 2635
f 2605 2635 2634
f 2607 2608 2637
f 2607 2637 2636
f 2608 2609 2638
f 2608 2638 2637
f 2609 2610 2639
f 2609 2639 2638
f 2610 2611 2640
f 2610 2640 2639
f 2611 2612 2641
f 2611 2641 2640
f 2612 2613 2642
f 2612 2642 2641
f 2613 2614 2643
f 2613 2643 2642
f 2614 2615 2644
f 2614 2644 2643
f 2615 2616 2645
f 2615 2645 2644
f 2616 2617 2646
f 2616 2646 2645
f 2617 2618 2647
f 2617 2647 2646
f 2618 2619 2648
f 2618 2648 2647
f 2619 2620 2649
f 2619 2649 2648
f 2620 2591 2621
f 2620 2621 2649
f 2622 2623 2651
f 2623 2624 2652
f 2623 2652 2651
f 2624 2625 2653
f 2624 2653 2652
f 2625 2626 2654
f 2625 2654 2653
f 2626 2627 2655
f 2626 2655 2654
f 2627 2628 2656
f 2627 2656 2655
f 2628 2629 2657
f 2628 2657 2656
f 2629 2630 2658
f 2629 2658 2657
f 2630 2631 2659
f 2630 2659 2658
f 2631 2632 2660
f 2631 2660 2659
f 2632 2633 2661
f 2632 2661 2660
f 2633 2634 2662
f 2633 2662 2661
f 2634 2635 2663
f 2634 2663 2662
f 2636 2637 2665
f 2636 2665 2664
f 2637 2638 2666
f 2637 2666 2665
f 2638 2639 2667
f 2638 2667 2666
f 2639 2640 2668
f 2639 2668 2667
f 2640 2641 2669
f 2640 2669 2668
f 2641 2642 2670
f 2641 2670 2669
f 2642 2643 2671
f 2642 2671 2670
f 2643 2644 2672
f 2643 2672 2671
f 2644 2645 2673
f 2644 2673 2672
f 2645 2646 2674
f 2645 2674 2673
f 2646 2647 2675
f 2646 2675 2674
f 2647 2648 2676
f 2647 2676 2675
f 2648 2649 2677
f 2648 2677 2676
f 2649 2621 2650
f 2649 2650 2677
f 2651 2652 2679
f 2652 2653 2680
f 2652 2680 2679
f 2653 2654 2681
f 2653 2681 2680
f 2654 2655 2682
f 2654 2682 2681
f 2655 2656 2683
f 2655 2683 2682
f 2656 2657 2684
f 2656 2684 2683
f 2657 2658 2685
f 2657 2685 2684
f 2658 2659 2686
f 2658 2686 2685
f 2659 2660 2687
f 2659 2687 2686
f 2660 2661 2688
f 2660 2688 2687
f 2661 2662 2689
f 2661 2689 2688
f 2662 2663 2690
f 2662 2690 2689
f 2664 2665 2692
f 2664 2692 2691
f 2665 2666 2693
f 2665 2693 2692
f 2666 2667 2694
f 2666 2694 2693
f 2667 2668 2695
f 2667 2695 2694
f 2668 2669 2696
f 2668 2696 2695
f 2669 2670 2697
f 2669 2697 2696
f 2670 2671 2698
f 2670 2698 2697
f 2671 2672 2699
f 2671 2699 2698
f 2672 2673 2700
f 2672 2700 2699
f 2673 2674 2701
f 2673 2701 2700
f 2674 2675 2702
f 2674 2702 2701
f 2675 2676 2703
f 2675 2703 2702
f 2676 2677 2704
f 2676 2704 2703
f 2677 2650 2678
f 2677 2678 2704
f 2679 2680 2706
f 2680 2681 2707
f 2680 2707 2706
f 2681 2682 2708
f 2681 2708 2707
f 2682 2683 2709
f 2682 2709 2708
f 2683 2684 2710
f 2683 2710 2709
f 2684 2685 2711
f 2684 2711 2710
f 2685 2686 2712
f 2685 2712 2711
f 2686 2687 2713
f 2686 2713 2712
f 2687 2688 2714
f 2687 2714 2713
f 2688 2689 2715
f 2688 2715 2714
f 2689 2690 2716
f 2689 2716 2715
f 2691 2692 2718
f 2691 2718 2717
f 2692 2693 2719
f 2692 2719 2718
f 2693 2694 2720
f 2693 2720 2719
f 2694 2695 2721
f 2694 2721 2720
f 2695 2696 2722
f 2695 2722 2721
f 2696 2697 2723
f 2696 2723 2722
f 2697 2698 2724
f 2697 2724 2723
f 2698 2699 2725
f 2698 2725 2724
f 2699 2700 2726
f 2699 2726 2725
f 2700 2701 2727
f 2700 2727 2726
f 2701 2702 2728
f 2701 2728 2727
f 2702 2703 2729
f 2702 2729 2728
f 2703 2704 2730
f 2703 2730 2729
f 2704 2678 2705
f 2704 2705 2730
f 2707 2708 2732
f 2708 2709 2733
f 2708 2733 2732
f 2709 2710 2734
f 2709 2734 2733
f 2710 2711 2735
f 2710 2735 2734
f 2711 2712 2736
f 2711 2736 2735
f 2712 2713 2737
f 2712 2737 2736
f 2713 2714 2738
f 2713 2738 2737
f 2714 2715 2739
f 2714 2739 2738
f 2715 2716 2740
f 2715 2740 2739
f 2717 2718 2742
f 2717 2742 2741
f 2718 2719 2743
f 2718 2743 2742
f 2719 2720 2744
f 2719 2744 2743
f 2720 2721 2745
f 2720 2745 2744
f 2721 2722 2746
f 2721 2746 2745
f 2722 2723 2747
f 2722 2747 2746
f 2723 2724 2748
f 2723 2748 2747
f 2724 2725 2749
f 2724 2749 2748
f 2725 2726 2750
f 2725 2750 2749
f 2726 2727 2751
f 2726 2751 2750
f 2727 2728 2752
f 2727 2752 2751
f 2728 2729 2753
f 2728 2753 2752
f 2729 2730 2754
f 2729 2754 2753
f 2730 2705 2731
f 2730 2731 2754
f 2734 2735 2755
f 2735 2736 2756
f 2735 2756 2755
f 2736 2737 2757
f 2736 2757 2756
f 2737 2738 2758
f 2737 2758 2757
f 2738 2739 2759
f 2738 2759 2758
f 2739 2740 2760
f 2739 2760 2759
f 2741 2742 2762
f 2741 2762 2761
f 2742 2743 2763
f 2742 2763 2762
f 2743 2744 2764
f 2743 2764 2763
f 2744 2745 2765
f 2744 2765 2764
f 2745 2746 2766
f 2745 2766 2765
f 2746 2747 2767
f 2746 2767 2766
f 2747 2748 2768
f 2747 2768 2767
f 2748 2749 2769
f 2748 2769 2768
f 2749 2750 2770
f 2749 2770 2769
f 2750 2751 2771
f 2750 2771 2770
f 2751 2752 2772
f 2751 2772 2771
f 2752 2753 2773
f 2752 2773 2772
f 2753 2754 2774
f 2753 2774 2773
f 2758 2759 2775
f 2759 2760 2776
f 2759 2776 2775
f 2761 2762 2778
f 2761 2778 2777
f 2762 2763 2779
f 2762 2779 2778
f 2763 2764 2780
f 2763 2780 2779
f 2764 2765 2781
f 2764 2781 2780
f 2765 2766 2782
f 2765 2782 2781
f 2766 2767 2783
f 2766 2783 2782
f 2767 2768 2784
f 2767 2784 2783
f 2768 2769 2785
f 2768 2785 2784
f 2769 2770 2786
f 2769 2786 2785
f 2770 2771 2787
f 2770 2787 2786
f 2771 2772 2788
f 2771 2788 2787
f 2772 2773 2789
f 2772 2789 2788
f 2773 2774 2790
f 2773 2790 2789
f 2777 2778 2792
f 2777 2792 2791
f 2778 2779 2793
f 2778 2793 2792
f 2779 2780 2794
f 2779 2794 2793
f 2780 2781 2795
f 2780 2795 2794
f 2781 2782 2796
f 2781 2796 2795
f 2782 2783 2797
f 2782 2797 2796
f 2783 2784 2798
f 2783 2798 2797
f 2784 2785 2799
f 2784 2799 2798
f 2785 2786 2800
f 2785 2800 2799
f 2786 2787 2801
f 2786 2801 2800
f 2787 2788 2802
f 2787 2802 2801
f 2788 2789 2803
f 2788 2803 2802
f 2789 2790 2804
f 2789 2804 2803
f 2791 2792 2806
f 2791 2806 2805
f 2792 2793 2807
f 2792 2807 2806
f 2793 2794 2808
f 2793 2808 2807
f 2794 2795 2809
f 2794 2809 2808
f 2795 2796 2810
f 2795 2810 2809
f 2796 2797 2811
f 2796 2811 2810
f 2797 2798 2812
f 2797 2812 2811
f 2798 2799 2813
f 2798 2813 2812
f 2799 2800 2814
f 2799 2814 2813
f 2800 2801 2815
f 2800 2815 2814
f 2801 2802 2816
f 2801 2816 2815
f 2802 2803 2817
f 2802 2817 2816
f 2805 2806 2819
f 2805 2819 2818
f 2806 2807 2820
f 2806 2820 2819
f 2807 2808 2821
f 2807 2821 2820
f 2808 2809 2822
f 2808 2822 2821
f 2809 2810 2823
f 2809 2823 2822
f 2810 2811 2824
f 2810 2824 2823
f 2811 2812 2825
f 2811 2825 2824
f 2812 2813 2826
f 2812 2826 2825
f 2813 2814 2827
f 2813 2827 2826
f 2814 2815 2828
f 2814 2828 2827
f 2815 2816 2829
f 2815 2829 2828
f 2818 2819 2831
f 2818 2831 2830
f 2819 2820 2832
f 2819 2832 2831
f 2820 2821 2833
f 2820 2833 2832
f 2821 2822 2834
f 2821 2834 2833
f 2822 2823 2835
f 2822 2835 2834
f 2823 2824 2836
f 2823 2836 2835
f 2824 2825 2837
f 2824 2837 2836
f 2825 2826 2838
f 2825 2838 2837
f 2826 2827 2839
f 2826 2839 2838
f 2830 2831 2841
f 2830 2841 2840
f 2831 2832 2842
f 2831 2842 2841
f 2832 2833 2843
f 2832 2843 2842
f 2833 2834 2844
f 2833 2844 2843
f 2834 2835 2845
f 2834 2845 2844
f 2835 2836 2846
f 2835 2846 2845
f 2836 2837 2847
f 2836 2847 2846
f 2840 2841 2849
f 2840 2849 2848
f 2841 2842 2850
f 2841 2850 2849
f 2842 2843 2851
f 2842 2851 2850
f 2843 2844 2852
f 2843 2852 2851
f 841 2855 2854
f 842 2857 2856
f 843 2859 2858
f 844 2861 2860
f 845 2863 2862
f 921 2867 2866
f 922 2869 2868
f 923 2871 2870
f 924 2873 2872
f 925 2874 2876
f 925 2876 2875
f 926 2878 2877
f 926 2879 2878
f 927 2881 2880
f 928 2883 2882
f 996 2887 2886
f 997 2888 2890
f 997 2890 2889
f 998 2892 2891
f 998 2893 2892
f 1060 2897 2896
f 1061 2898 2900
f 1061 2900 2899
f 1062 2902 2901
f 1062 2903 2902
f 1121 2906 2908
f 1121 2908 2907
f 1122 2910 2909
f 1176 2911 2912
f 1177 2914 2913
f 1230 2916 2918
f 1230 2918 2917
f 1281 2925 2920
f 1280 2922 2924
f 1280 2924 2923
f 1281 2926 2925
f 1329 2927 2928
f 1377 2935 2930
f 1376 2932 2934
f 1376 2934 2933
f 1377 2936 2935
f 1421 2937 2938
f 1466 2943 2940
f 1465 2941 2942
f 1510 2947 2944
f 1509 2945 2946
f 1553 2953 2948
f 1552 2950 2952
f 1552 2952 2951
f 1553 2954 2953
f 1593 2955 2956
f 1634 2961 2958
f 1633 2959 2960
f 1674 2967 2962
f 1673 2964 2966
f 1673 2966 2965
f 1674 2968 2967
f 1712 2969 2970
f 1751 2975 2972
f 1750 2973 2974
f 1789 2979 2976
f 1788 2977 2978
f 1826 2983 2980
f 1825 2981 2982
f 1863 2987 2984
f 1862 2985 2986
f 1900 2991 2988
f 1899 2989 2990
f 1937 2995 2992
f 1936 2993 2994
f 1973 2999 2996
f 1972 2997 2998
f 2009 3003 3000
f 2008 3001 3002
f 2045 3007 3004
f 2044 3005 3006
f 2081 3011 3008
f 2080 3009 3010
f 2116 3015 3012
f 2115 3013 3014
f 2151 3019 3016
f 2150 3017 3018
f 2186 3023 3020
f 2185 3021 3022
f 2221 3027 3024
f 2220 3025 3026
f 2255 3031 3028
f 2254 3029 3030
f 2289 3035 3032
f 2288 3033 3034
f 2322 3039 3036
f 2321 3037 3038
f 2355 3043 3040
f 2354 3041 3042
f 2388 3047 3044
f 2387 3045 3046
f 2421 3051 3048
f 2420 3049 3050
f 2453 3055 3052
f 2452 3053 3054
f 2484 3059 3056
f 2483 3057 3058
f 2515 3063 3060
f 2514 3061 3062
f 2546 3067 3064
f 2545 3065 3066
f 2577 3071 3068
f 2576 3069 3070
f 2607 3075 3072
f 2606 3073 3074
f 2636 3079 3076
f 2635 3077 3078
f 2664 3083 3080
f 2663 3081 3082
f 2691 3087 3084
f 2690 3085 3086
f 2717 3091 3088
f 2716 3089 3090
f 2741 3095 3092
f 2740 3093 3094
f 2761 3099 3096
f 2760 3097 3098
f 2777 3103 3100
f 2776 3101 3102
f 2791 3105 3104
f 2805 3107 3106
f 2818 3109 3108
f 2830 3111 3110
f 2840 3113 3112
f 2848 3115 3114
f 2853 840 841
f 2874 925 840
f 2855 841 842
f 2857 842 843
f 2859 843 844
f 2861 844 845
f 2863 845 846
f 2864 846 926
f 2865 920 921
f 2888 997 920
f 2867 921 922
f 2869 922 923
f 2871 923 924
f 2873 924 925
f 2879 926 927
f 2881 927 928
f 2883 928 929
f 2884 929 998
f 2885 995 996
f 2898 1061 995
f 2887 996 997
f 2893 998 999
f 2894 999 1062
f 2895 1059 1060
f 2906 1121 1059
f 2897 1060 1061
f 2903 1062 1063
f 2904 1063 1122
f 2905 1120 1121
f 2911 1176 1120
f 2910 1122 1177
f 2916 1230 1176
f 2914 1177 1231
f 2915 1229 1230
f 2922 1280 1229
f 2919 1231 1281
f 2921 1279 1280
f 2927 1329 1279
f 2926 1281 1330
f 2932 1376 1329
f 2929 1330 1377
f 2931 1375 1376
f 2937 1421 1375
f 2936 1377 1422
f 2941 1465 1421
f 2939 1422 1466
f 2945 1509 1465
f 2943 1466 1510
f 2950 1552 1509
f 2947 1510 1553
f 2949 1551 1552
f 2955 1593 1551
f 2954 1553 1594
f 2959 1633 1593
f 2957 1594 1634
f 2964 1673 1633
f 2961 1634 1674
f 2963 1672 1673
f 2969 1712 1672
f 2968 1674 1713
f 2973 1750 1712
f 2971 1713 1751
f 2977 1788 1750
f 2975 1751 1789
f 2981 1825 1788
f 2979 1789 1826
f 2985 1862 1825
f 2983 1826 1863
f 2989 1899 1862
f 2987 1863 1900
f 2993 1936 1899
f 2991 1900 1937
f 2997 1972 1936
f 2995 1937 1973
f 3001 2008 1972
f 2999 1973 2009
f 3005 2044 2008
f 3003 2009 2045
f 3009 2080 2044
f 3007 2045 2081
f 3013 2115 2080
f 3011 2081 2116
f 3017 2150 2115
f 3015 2116 2151
f 3021 2185 2150
f 3019 2151 2186
f 3025 2220 2185
f 3023 2186 2221
f 3029 2254 2220
f 3027 2221 2255
f 3033 2288 2254
f 3031 2255 2289
f 3037 2321 2288
f 3035 2289 2322
f 3041 2354 2321
f 3039 2322 2355
f 3045 2387 2354
f 3043 2355 2388
f 3049 2420 2387
f 3047 2388 2421
f 3053 2452 2420
f 3051 2421 2453
f 3057 2483 2452
f 3055 2453 2484
f 3061 2514 2483
f 3059 2484 2515
f 3065 2545 2514
f 3063 2515 2546
f 3069 2576 2545
f 3067 2546 2577
f 3073 2606 2576
f 3071 2577 2607
f 3077 2635 2606
f 3075 2607 2636
f 3081 2663 2635
f 3079 2636 2664
f 3085 2690 2663
f 3083 2664 2691
f 3089 2716 2690
f 3087 2691 2717
f 3093 2740 2716
f 3091 2717 2741
f 3097 2760 2740
f 3095 2741 2761
f 3101 2776 2760
f 3099 2761 2777
f 3103 2777 2791
f 3105 2791 2805
f 3107 2805 2818
f 3109 2818 2830
f 3111 2830 2840
f 3113 2840 2848
f 2853 841 2854
f 2874 840 2853
f 2855 842 2856
f 2857 843 2858
f 2859 844 2860
f 2861 845 2862
f 2863 846 2864
f 2864 926 2877
f 2865 921 2866
f 2888 920 2865
f 2867 922 2868
f 2869 923 2870
f 2871 924 2872
f 2873 925 2875
f 2879 927 2880
f 2881 928 2882
f 2883 929 2884
f 2884 998 2891
f 2885 996 2886
f 2898 995 2885
f 2887 997 2889
f 2893 999 2894
f 2894 1062 2901
f 2895 1060 2896
f 2906 1059 2895
f 2897 1061 2899
f 2903 1063 2904
f 2904 1122 2909
f 2905 1121 2907
f 2911 1120 2905
f 2910 1177 2913
f 2916 1176 2912
f 2914 1231 2919
f 2915 1230 2917
f 2922 1229 2915
f 2919 1281 2920
f 2921 1280 2923
f 2927 1279 2921
f 2926 1330 2929
f 2932 1329 2928
f 2929 1377 2930
f 2931 1376 2933
f 2937 1375 2931
f 2936 1422 2939
f 2941 1421 2938
f 2939 1466 2940
f 2945 1465 2942
f 2943 1510 2944
f 2950 1509 2946
f 2947 1553 2948
f 2949 1552 2951
f 2955 1551 2949
f 2954 1594 2957
f 2959 1593 2956
f 2957 1634 2958
f 2964 1633 2960
f 2961 1674 2962
f 2963 1673 2965
f 2969 1672 2963
f 2968 1713 2971
f 2973 1712 2970
f 2971 1751 2972
f 2977 1750 2974
f 2975 1789 2976
f 2981 1788 2978
f 2979 1826 2980
f 2985 1825 2982
f 2983 1863 2984
f 2989 1862 2986
f 2987 1900 2988
f 2993 1899 2990
f 2991 1937 2992
f 2997 1936 2994
f 2995 1973 2996
f 3001 1972 2998
f 2999 2009 3000
f 3005 2008 3002
f 3003 2045 3004
f 3009 2044 3006
f 3007 2081 3008
f 3013 2080 3010
f 3011 2116 3012
f 3017 2115 3014
f 3015 2151 3016
f 3021 2150 3018
f 3019 2186 3020
f 3025 2185 3022
f 3023 2221 3024
f 3029 2220 3026
f 3027 2255 3028
f 3033 2254 3030
f 3031 2289 3032
f 3037 2288 3034
f 3035 2322 3036
f 3041 2321 3038
f 3039 2355 3040
f 3045 2354 3042
f 3043 2388 3044
f 3049 2387 3046
f 3047 2421 3048
f 3053 2420 3050
f 3051 2453 3052
f 3057 2452 3054
f 3055 2484 3056
f 3061 2483 3058
f 3059 2515 3060
f 3065 2514 3062
f 3063 2546 3064
f 3069 2545 3066
f 3067 2577 3068
f 3073 2576 3070
f 3071 2607 3072
f 3077 2606 3074
f 3075 2636 3076
f 3081 2635 3078
f 3079 2664 3080
f 3085 2663 3082
f 3083 2691 3084
f 3089 2690 3086
f 3087 2717 3088
f 3093 2716 3090
f 3091 2741 3092
f 3097 2740 3094
f 3095 2761 3096
f 3101 2760 3098
f 3099 2777 3100
f 3103 2791 3104
f 3105 2805 3106
f 3107 2818 3108
f 3109 2830 3110
f 3111 2840 3112
f 3113 2848 3114
f 284 3118 3117
f 285 3120 3119
f 286 3122 3121
f 287 3124 3123
f 288 3126 3125
f 289 3128 3127
f 290 3130 3129
f 291 3132 3131
f 292 3134 3133
f 293 3136 3135
f 294 3138 3137
f 295 3140 3139
f 405 3144 3143
f 406 3146 3145
f 407 3148 3147
f 408 3150 3149
f 409 3152 3151
f 410 3154 3153
f 411 3155 3157
f 411 3157 3156
f 412 3159 3158
f 412 3160 3159
f 413 3162 3161
f 414 3164 3163
f 415 3166 3165
f 416 3168 3167
f 417 3170 3169
f 517 3174 3173
f 518 3176 3175
f 519 3177 3179
f 519 3179 3178
f 520 3181 3180
f 520 3182 3181
f 521 3184 3183
f 616 3188 3187
f 617 3189 3191
f 617 3191 3190
f 618 3193 3192
f 618 3194 3193
f 709 3198 3197
f 710 3199 3201
f 710 3201 3200
f 711 3203 3202
f 711 3204 3203
f 799 3207 3209
f 799 3209 3208
f 800 3211 3210
f 885 3213 3215
f 885 3215 3214
f 886 3217 3216
f 963 3219 3221
f 963 3221 3220
f 964 3223 3222
f 1030 3224 3225
f 1093 3232 3227
f 1092 3229 3231
f 1092 3231 3230
f 1093 3233 3232
f 1149 3234 3235
f 1204 3242 3237
f 1203 3239 3241
f 1203 3241 3240
f 1204 3243 3242
f 1255 3244 3245
f 1306 3250 3247
f 1305 3248 3249
f 1306 3251 3250
f 1353 3253 3255
f 1353 3255 3254
f 1400 3260 3257
f 1399 3258 3259
f 1444 3264 3261
f 1443 3262 3263
f 1488 3268 3265
f 1487 3266 3267
f 1488 3269 3268
f 1531 3271 3273
f 1531 3273 3272
f 1574 3278 3275
f 1573 3276 3277
f 1614 3282 3279
f 1613 3280 3281
f 1654 3286 3283
f 1653 3284 3285
f 1694 3290 3287
f 1693 3288 3289
f 1732 3294 3291
f 1731 3292 3293
f 1770 3298 3295
f 1769 3296 3297
f 1770 3299 3298
f 1807 3300 3301
f 1845 3306 3303
f 1844 3304 3305
f 1882 3310 3307
f 1881 3308 3309
f 1919 3316 3311
f 1918 3313 3315
f 1918 3315 3314
f 1955 3320 3317
f 1954 3318 3319
f 1991 3324 3321
f 1990 3322 3323
f 2027 3328 3325
f 2026 3326 3327
f 2063 3332 3329
f 2062 3330 3331
f 2063 3333 3332
f 2098 3334 3335
f 2134 3340 3337
f 2133 3338 3339
f 2169 3344 3341
f 2168 3342 3343
f 2204 3350 3345
f 2203 3347 3349
f 2203 3349 3348
f 2238 3354 3351
f 2237 3352 3353
f 2272 3358 3355
f 2271 3356 3357
f 2272 3359 3358
f 2305 3360 3361
f 2339 3366 3363
f 2338 3364 3365
f 2372 3370 3367
f 2371 3368 3369
f 2405 3374 3371
f 2404 3372 3373
f 2405 3375 3374
f 2437 3377 3379
f 2437 3379 3378
f 2469 3384 3381
f 2468 3382 3383
f 2500 3388 3385
f 2499 3386 3387
f 2531 3392 3389
f 2530 3390 3391
f 2562 3396 3393
f 2561 3394 3395
f 2562 3397 3396
f 2592 3399 3401
f 2592 3401 3400
f 2622 3406 3403
f 2621 3404 3405
f 2622 3407 3406
f 2650 3408 3409
f 2651 3411 3410
f 2678 3412 3413
f 2679 3415 3414
f 2705 3416 3417
f 2706 3419 3418
f 2706 3420 3419
f 2731 3422 3424
f 2731 3424 3423
f 2732 3426 3425
f 2732 3427 3426
f 2733 3429 3428
f 2755 3434 3433
f 2755 3435 3434
f 2756 3437 3436
f 2757 3439 3438
f 2774 3432 3441
f 2775 3444 3443
f 2775 3445 3444
f 2790 3442 3448
f 2804 3449 3451
f 2804 3451 3452
f 2817 3454 3456
f 2817 3456 3455
f 2828 3459 3458
f 2829 3460 3462
f 2829 3462 3461
f 2838 3465 3464
f 2839 3466 3468
f 2839 3468 3467
f 2845 3471 3470
f 2846 3473 3472
f 2847 3474 3476
f 2847 3476 3475
f 2848 3478 3477
f 2849 3480 3479
f 2850 3482 3481
f 2851 3484 3483
f 2852 3485 3487
f 2852 3487 3486
f 2776 3447 3446
f 3115 3488 3490
f 3116 283 284
f 3155 411 283
f 3118 284 285
f 3120 285 286
f 3122 286 287
f 3124 287 288
f 3126 288 289
f 3128 289 290
f 3130 290 291
f 3132 291 292
f 3134 292 293
f 3136 293 294
f 3138 294 295
f 3140 295 296
f 3141 296 412
f 3142 404 405
f 3177 519 404
f 3144 405 406
f 3146 406 407
f 3148 407 408
f 3150 408 409
f 3152 409 410
f 3154 410 411
f 3160 412 413
f 3162 413 414
f 3164 414 415
f 3166 415 416
f 3168 416 417
f 3170 417 418
f 3171 418 520
f 3172 516 517
f 3189 617 516
f 3174 517 518
f 3176 518 519
f 3182 520 521
f 3184 521 522
f 3185 522 618
f 3186 615 616
f 3199 710 615
f 3188 616 617
f 3194 618 619
f 3195 619 711
f 3196 708 709
f 3207 799 708
f 3198 709 710
f 3204 711 712
f 3205 712 800
f 3206 798 799
f 3213 885 798
f 3211 800 886
f 3212 884 885
f 3219 963 884
f 3217 886 964
f 3218 962 963
f 3224 1030 962
f 3223 964 1031
f 3229 1092 1030
f 3226 1031 1093
f 3228 1091 1092
f 3234 1149 1091
f 3233 1093 1150
f 3239 1203 1149
f 3236 1150 1204
f 3238 1202 1203
f 3244 1255 1202
f 3243 1204 1256
f 3248 1305 1255
f 3246 1256 1306
f 3253 1353 1305
f 3251 1306 1354
f 3252 1352 1353
f 3258 1399 1352
f 3256 1354 1400
f 3262 1443 1399
f 3260 1400 1444
f 3266 1487 1443
f 3264 1444 1488
f 3271 1531 1487
f 3269 1488 1532
f 3270 1530 1531
f 3276 1573 1530
f 3274 1532 1574
f 3280 1613 1573
f 3278 1574 1614
f 3284 1653 1613
f 3282 1614 1654
f 3288 1693 1653
f 3286 1654 1694
f 3292 1731 1693
f 3290 1694 1732
f 3296 1769 1731
f 3294 1732 1770
f 3300 1807 1769
f 3299 1770 1808
f 3304 1844 1807
f 3302 1808 1845
f 3308 1881 1844
f 3306 1845 1882
f 3313 1918 1881
f 3310 1882 1919
f 3312 1917 1918
f 3318 1954 1917
f 3316 1919 1955
f 3322 1990 1954
f 3320 1955 1991
f 3326 2026 1990
f 3324 1991 2027
f 3330 2062 2026
f 3328 2027 2063
f 3334 2098 2062
f 3333 2063 2099
f 3338 2133 2098
f 3336 2099 2134
f 3342 2168 2133
f 3340 2134 2169
f 3347 2203 2168
f 3344 2169 2204
f 3346 2202 2203
f 3352 2237 2202
f 3350 2204 2238
f 3356 2271 2237
f 3354 2238 2272
f 3360 2305 2271
f 3359 2272 2306
f 3364 2338 2305
f 3362 2306 2339
f 3368 2371 2338
f 3366 2339 2372
f 3372 2404 2371
f 3370 2372 2405
f 3377 2437 2404
f 3375 2405 2438
f 3376 2436 2437
f 3382 2468 2436
f 3380 2438 2469
f 3386 2499 2468
f 3384 2469 2500
f 3390 2530 2499
f 3388 2500 2531
f 3394 2561 2530
f 3392 2531 2562
f 3399 2592 2561
f 3397 2562 2593
f 3398 2591 2592
f 3404 2621 2591
f 3402 2593 2622
f 3408 2650 2621
f 3407 2622 2651
f 3412 2678 2650
f 3411 2651 2679
f 3416 2705 2678
f 3415 2679 2706
f 3422 2731 2705
f 3420 2706 2707
f 3421 2707 2732
f 3427 2732 2733
f 3429 2733 2734
f 3430 2734 2755
f 3431 2754 2731
f 3432 2774 2754
f 3435 2755 2756
f 3437 2756 2757
f 3439 2757 2758
f 3440 2758 2775
f 3442 2790 2774
f 3445 2775 2776
f 3449 2804 2790
f 3450 2803 2804
f 3454 2817 2803
f 3453 2816 2817
f 3460 2829 2816
f 3457 2827 2828
f 3466 2839 2827
f 3459 2828 2829
f 3463 2837 2838
f 3474 2847 2837
f 3465 2838 2839
f 3469 2844 2845
f 3485 2852 2844
f 3471 2845 2846
f 3473 2846 2847
f 3478 2848 2849
f 3480 2849 2850
f 3482 2850 2851
f 3484 2851 2852
f 3488 3115 2848
f 3447 2776 3102
f 3116 284 3117
f 3155 283 3116
f 3118 285 3119
f 3120 286 3121
f 3122 287 3123
f 3124 288 3125
f 3126 289 3127
f 3128 290 3129
f 3130 291 3131
f 3132 292 3133
f 3134 293 3135
f 3136 294 3137
f 3138 295 3139
f 3140 296 3141
f 3141 412 3158
f 3142 405 3143
f 3177 404 3142
f 3144 406 3145
f 3146 407 3147
f 3148 408 3149
f 3150 409 3151
f 3152 410 3153
f 3154 411 3156
f 3160 413 3161
f 3162 414 3163
f 3164 415 3165
f 3166 416 3167
f 3168 417 3169
f 3170 418 3171
f 3171 520 3180
f 3172 517 3173
f 3189 516 3172
f 3174 518 3175
f 3176 519 3178
f 3182 521 3183
f 3184 522 3185
f 3185 618 3192
f 3186 616 3187
f 3199 615 3186
f 3188 617 3190
f 3194 619 3195
f 3195 711 3202
f 3196 709 3197
f 3207 708 3196
f 3198 710 3200
f 3204 712 3205
f 3205 800 3210
f 3206 799 3208
f 3213 798 3206
f 3211 886 3216
f 3212 885 3214
f 3219 884 3212
f 3217 964 3222
f 3218 963 3220
f 3224 962 3218
f 3223 1031 3226
f 3229 1030 3225
f 3226 1093 3227
f 3228 1092 3230
f 3234 1091 3228
f 3233 1150 3236
f 3239 1149 3235
f 3236 1204 3237
f 3238 1203 3240
f 3244 1202 3238
f 3243 1256 3246
f 3248 1255 3245
f 3246 1306 3247
f 3253 1305 3249
f 3251 1354 3256
f 3252 1353 3254
f 3258 1352 3252
f 3256 1400 3257
f 3262 1399 3259
f 3260 1444 3261
f 3266 1443 3263
f 3264 1488 3265
f 3271 1487 3267
f 3269 1532 3274
f 3270 1531 3272
f 3276 1530 3270
f 3274 1574 3275
f 3280 1573 3277
f 3278 1614 3279
f 3284 1613 3281
f 3282 1654 3283
f 3288 1653 3285
f 3286 1694 3287
f 3292 1693 3289
f 3290 1732 3291
f 3296 1731 3293
f 3294 1770 3295
f 3300 1769 3297
f 3299 1808 3302
f 3304 1807 3301
f 3302 1845 3303
f 3308 1844 3305
f 3306 1882 3307
f 3313 1881 3309
f 3310 1919 3311
f 3312 1918 3314
f 3318 1917 3312
f 3316 1955 3317
f 3322 1954 3319
f 3320 1991 3321
f 3326 1990 3323
f 3324 2027 3325
f 3330 2026 3327
f 3328 2063 3329
f 3334 2062 3331
f 3333 2099 3336
f 3338 2098 3335
f 3336 2134 3337
f 3342 2133 3339
f 3340 2169 3341
f 3347 2168 3343
f 3344 2204 3345
f 3346 2203 3348
f 3352 2202 3346
f 3350 2238 3351
f 3356 2237 3353
f 3354 2272 3355
f 3360 2271 3357
f 3359 2306 3362
f 3364 2305 3361
f 3362 2339 3363
f 3368 2338 3365
f 3366 2372 3367
f 3372 2371 3369
f 3370 2405 3371
f 3377 2404 3373
f 3375 2438 3380
f 3376 2437 3378
f 3382 2436 3376
f 3380 2469 3381
f 3386 2468 3383
f 3384 2500 3385
f 3390 2499 3387
f 3388 2531 3389
f 3394 2530 3391
f 3392 2562 3393
f 3399 2561 3395
f 3397 2593 3402
f 3398 2592 3400
f 3404 2591 3398
f 3402 2622 3403
f 3408 2621 3405
f 3407 2651 3410
f 3412 2650 3409
f 3411 2679 3414
f 3416 2678 3413
f 3415 2706 3418
f 3422 2705 3417
f 3420 2707 3421
f 3421 2732 3425
f 3427 2733 3428
f 3429 2734 3430
f 3430 2755 3433
f 3431 2731 3423
f 3432 2754 3431
f 3435 2756 3436
f 3437 2757 3438
f 3439 2758 3440
f 3440 2775 3443
f 3442 2774 3441
f 3445 2776 3446
f 3449 2790 3448
f 3450 2804 3452
f 3454 2803 3450
f 3453 2817 3455
f 3460 2816 3453
f 3457 2828 3458
f 3466 2827 3457
f 3459 2829 3461
f 3463 2838 3464
f 3474 2837 3463
f 3465 2839 3467
f 3469 2845 3470
f 3485 2844 3469
f 3471 2846 3472
f 3473 2847 3475
f 3478 2849 3479
f 3480 2850 3481
f 3482 2851 3483
f 3484 2852 3486
f 3488 2848 3477
f 3447 3102 3489

