# https://github.com/mikedh/trimesh
v 96.23391466 -33.68333077 28.19203899
v 96.23391466 -33.15731465 27.40087027
v 96.23391466 -32.58285382 26.65987104
v 96.23391466 -31.95904202 25.96611146
v 96.23391466 26.02296061 25.96611146
v 96.23391466 26.64677241 26.65987104
v 96.23391466 27.22123324 27.40087027
v 96.23391466 27.74724936 28.19203899
v 97.73460031 -35.01615191 30.64960786
v 97.73460031 -34.63122694 29.68083208
v 97.73460031 -34.19972418 28.77707651
v 97.73460031 -33.72112586 27.93201636
v 97.73460031 -33.19480743 27.14084765
v 97.73460031 -32.62001644 26.39984841
v 97.73460031 -31.99584613 25.70608884
v 97.73460031 26.01948025 25.70608884
v 97.73460031 26.64365057 26.39984841
v 97.73460031 27.21844156 27.14084765
v 97.73460031 27.74475999 27.93201636
v 97.73460031 28.22335830 28.77707651
v 97.73460031 28.65486107 29.68083208
v 97.73460031 29.03978604 30.64960786
v 99.23899254 -35.92621918 33.78680277
v 99.23899254 -35.67860206 32.55619464
v 99.23899254 -35.38544401 31.42839276
v 99.23899254 -35.04645901 30.38605799
v 99.23899254 -34.66129544 29.41728221
v 99.23899254 -34.22952522 28.51352664
v 99.23899254 -33.75063025 27.66846649
v 99.23899254 -33.22398559 26.87729778
v 99.23899254 -32.64883832 26.13629854
v 99.23899254 -32.02428112 25.44253897
v 99.23899254 26.02700541 25.44253897
v 99.23899254 26.65156261 26.13629854
v 99.23899254 27.22670988 26.87729778
v 99.23899254 27.75335455 27.66846649
v 99.23899254 28.23224951 28.51352664
v 99.23899254 28.66401974 29.41728221
v 99.23899254 29.04918330 30.38605799
v 99.23899254 29.38816830 31.42839276
v 99.23899254 29.68132635 32.55619464
v 99.23899254 29.92894348 33.78680277
v 100.74696377 -36.15574048 34.87800171
v 100.74696377 -35.95327735 33.51778828
v 100.74696377 -35.70546699 32.28718014
v 100.74696377 -35.41208016 31.15937826
v 100.74696377 -35.07283063 30.11704350
v 100.74696377 -34.68736649 29.14826772
v 100.74696377 -34.25525932 28.24451215
v 100.74696377 -33.77599063 27.39945200
v 100.74696377 -33.24893498 26.60828329
v 100.74696377 -32.67333888 25.86728405
v 100.74696377 -32.04829429 25.17352447
v 100.74696377 26.04829429 25.17352447
v 100.74696377 26.67333888 25.86728405
v 100.74696377 27.24893498 26.60828329
v 100.74696377 27.77599063 27.39945200
v 100.74696377 28.25525932 28.24451215
v 100.74696377 28.68736649 29.14826772
v 100.74696377 29.07283063 30.11704350
v 100.74696377 29.41208016 31.15937826
v 100.74696377 29.70546699 32.28718014
v 100.74696377 29.95327735 33.51778828
v 100.74696377 30.15574048 34.87800171
v 102.25838564 -36.47906501 37.92150542
v 102.25838564 -36.36662350 36.12392346
v 102.25838564 -36.20907551 34.58890164
v 102.25838564 -36.00628670 33.22868821
v 102.25838564 -35.75807770 31.99808007
v 102.25838564 -35.46421893 30.87027819
v 102.25838564 -35.12442367 29.82794342
v 102.25838564 -34.73833946 28.85916765
v 102.25838564 -34.30553720 27.95541208
v 102.25838564 -33.82549755 27.11035193
v 102.25838564 -33.29759407 26.31918321
v 102.25838564 -32.72107205 25.57818398
v 102.25838564 -32.09502200 24.88442440
v 102.25838564 26.09502200 24.88442440
v 102.25838564 26.72107205 25.57818398
v 102.25838564 27.29759407 26.31918321
v 102.25838564 27.82549755 27.11035193
v 102.25838564 28.30553720 27.95541208
v 102.25838564 28.73833946 28.85916765
v 102.25838564 29.12442367 29.82794342
v 102.25838564 29.46421893 30.87027819
v 102.25838564 29.75807770 31.99808007
v 102.25838564 30.00628670 33.22868821
v 102.25838564 30.20907551 34.58890164
v 102.25838564 30.36662350 36.12392346
v 102.25838564 30.47906501 37.92150542
v 103.77312901 -36.63010063 39.89469041
v 103.77312901 -36.56250426 37.61130393
v 103.77312901 -36.44978251 35.81372198
v 103.77312901 -36.29184188 34.27870015
v 103.77312901 -36.08854765 32.91848672
v 103.77312901 -35.83972005 31.68787858
v 103.77312901 -35.54512890 30.56007671
v 103.77312901 -35.20448677 29.51774194
v 103.77312901 -34.81744034 28.54896616
v 103.77312901 -34.38355941 27.64521059
v 103.77312901 -33.90232337 26.80015044
v 103.77312901 -33.37310420 26.00898173
v 103.77312901 -32.79514533 25.26798249
v 103.77312901 -32.16753498 24.57422292
v 103.77312901 26.16753498 24.57422292
v 103.77312901 26.79514533 25.26798249
v 103.77312901 27.37310420 26.00898173
v 103.77312901 27.90232337 26.80015044
v 103.77312901 28.38355941 27.64521059
v 103.77312901 28.81744034 28.54896616
v 103.77312901 29.20448677 29.51774194
v 103.77312901 29.54512890 30.56007671
v 103.77312901 29.83972005 31.68787858
v 103.77312901 30.08854765 32.91848672
v 103.77312901 30.29184188 34.27870015
v 103.77312901 30.44978251 35.81372198
v 103.77312901 30.56250426 37.61130393
v 103.77312901 30.63010063 39.89469041
v 105.29106402 -36.74135888 39.56510367
v 105.29106402 -36.67353888 37.28171719
v 105.29106402 -36.56044421 35.48413524
v 105.29106402 -36.40198106 33.94911341
v 105.29106402 -36.19801428 32.58889998
v 105.29106402 -35.94836349 31.35829185
v 105.29106402 -35.65279774 30.23048997
v 105.29106402 -35.31102867 29.18815520
v 105.29106402 -34.92270177 28.21937942
v 105.29106402 -34.48738544 27.31562385
v 105.29106402 -34.00455732 26.47056371
v 105.29106402 -33.47358735 25.67939499
v 105.29106402 -32.89371642 24.93839575
v 105.29106402 -32.26402975 24.24463618
v 105.29106402 26.26402975 24.24463618
v 105.29106402 26.89371642 24.93839575
v 105.29106402 27.47358735 25.67939499
v 105.29106402 28.00455732 26.47056371
v 105.29106402 28.48738544 27.31562385
v 105.29106402 28.92270177 28.21937942
v 105.29106402 29.31102867 29.18815520
v 105.29106402 29.65279774 30.23048997
v 105.29106402 29.94836349 31.35829185
v 105.29106402 30.19801428 32.58889998
v 105.29106402 30.40198106 33.94911341
v 105.29106402 30.56044421 35.48413524
v 105.29106402 30.67353888 37.28171719
v 105.29106402 30.74135888 39.56510367
v 106.81206009 -36.87815097 39.21787718
v 106.81206009 -36.81005601 36.93449069
v 106.81206009 -36.69650285 35.13690874
v 106.81206009 -36.53739727 33.60188691
v 106.81206009 -36.33260358 32.24167349
v 106.81206009 -36.08194067 31.01106535
v 106.81206009 -35.78517665 29.88326347
v 106.81206009 -35.44202201 28.84092870
v 106.81206009 -35.05212078 27.87215292
v 106.81206009 -34.61503961 26.96839735
v 106.81206009 -34.13025404 26.12333721
v 106.81206009 -33.59713144 25.33216849
v 106.81206009 -33.01490964 24.59116925
v 106.81206009 -32.38267014 23.89740968
v 106.81206009 26.38267014 23.89740968
v 106.81206009 27.01490964 24.59116925
v 106.81206009 27.59713144 25.33216849
v 106.81206009 28.13025404 26.12333721
v 106.81206009 28.61503961 26.96839735
v 106.81206009 29.05212078 27.87215292
v 106.81206009 29.44202201 28.84092870
v 106.81206009 29.78517665 29.88326347
v 106.81206009 30.08194067 31.01106535
v 106.81206009 30.33260358 32.24167349
v 106.81206009 30.53739727 33.60188691
v 106.81206009 30.69650285 35.13690874
v 106.81206009 30.81005601 36.93449069
v 106.81206009 30.87815097 39.21787718
v 108.33598597 31.06112331 43.72600161
v 108.33598597 -37.06112331 43.72600161
v 108.33598597 -37.03832381 38.85478435
v 108.33598597 -36.96990690 36.57139787
v 108.33598597 -36.85581687 34.77381592
v 108.33598597 -36.69595905 33.23879409
v 108.33598597 -36.49019712 31.87858066
v 108.33598597 -36.23834909 30.64797252
v 108.33598597 -35.94018201 29.52017064
v 108.33598597 -35.59540496 28.47783588
v 108.33598597 -35.20366031 27.50906010
v 108.33598597 -34.76451266 26.60530453
v 108.33598597 -34.27743507 25.76024438
v 108.33598597 -33.74179192 24.96907567
v 108.33598597 -33.15681742 24.22807643
v 108.33598597 -32.52158875 23.53431685
v 108.33598597 26.52158875 23.53431685
v 108.33598597 27.15681742 24.22807643
v 108.33598597 27.74179192 24.96907567
v 108.33598597 28.27743507 25.76024438
v 108.33598597 28.76451266 26.60530453
v 108.33598597 29.20366031 27.50906010
v 108.33598597 29.59540496 28.47783588
v 108.33598597 29.94018201 29.52017064
v 108.33598597 30.23834909 30.64797252
v 108.33598597 30.49019712 31.87858066
v 108.33598597 30.69595905 33.23879409
v 108.33598597 30.85581687 34.77381592
v 108.33598597 30.96990690 36.57139787
v 108.33598597 31.03832381 38.85478435
v 109.86270975 31.24261105 43.34884241
v 109.86270975 -37.24261105 43.34884241
v 109.86270975 -37.21969007 38.47762515
v 109.86270975 -37.15090862 36.19423867
v 109.86270975 -37.03621068 34.39665672
v 109.86270975 -36.87550109 32.86163489
v 109.86270975 -36.66864280 31.50142146
v 109.86270975 -36.41545285 30.27081332
v 109.86270975 -36.11569704 29.14301144
v 109.86270975 -35.76908292 28.10067668
v 109.86270975 -35.37525094 27.13190090
v 109.86270975 -34.93376338 26.22814533
v 109.86270975 -34.44409050 25.38308518
v 109.86270975 -33.90559328 24.59191647
v 109.86270975 -33.31750186 23.85091723
v 109.86270975 -32.67888850 23.15715765
v 109.86270975 26.67888850 23.15715765
v 109.86270975 27.31750186 23.85091723
v 109.86270975 27.90559328 24.59191647
v 109.86270975 28.44409050 25.38308518
v 109.86270975 28.93376338 26.22814533
v 109.86270975 29.37525094 27.13190090
v 109.86270975 29.76908292 28.10067668
v 109.86270975 30.11569704 29.14301144
v 109.86270975 30.41545285 30.27081332
v 109.86270975 30.66864280 31.50142146
v 109.86270975 30.87550109 32.86163489
v 109.86270975 31.03621068 34.39665672
v 109.86270975 31.15090862 36.19423867
v 109.86270975 31.21969007 38.47762515
v 111.39209892 31.44308514 42.85660601
v 111.39209892 31.08872436 47.99337003
v 111.39209892 -37.08872436 47.99337003
v 111.39209892 -37.44308514 42.85660601
v 111.39209892 -37.42002997 38.00465551
v 111.39209892 -37.35084583 35.73030033
v 111.39209892 -37.23547639 33.93982822
v 111.39209892 -37.07382593 32.41087775
v 111.39209892 -36.86575658 31.05604427
v 111.39209892 -36.61108433 29.83030346
v 111.39209892 -36.30957359 28.70696229
v 111.39209892 -35.96093021 27.66875020
v 111.39209892 -35.56479253 26.70380614
v 111.39209892 -35.12072027 25.80362513
v 111.39209892 -34.62818059 24.96190738
v 111.39209892 -34.08653073 24.17386792
v 111.39209892 -33.49499632 23.43579950
v 111.39209892 -32.85264418 22.74478390
v 111.39209892 26.85264418 22.74478390
v 111.39209892 27.49499632 23.43579950
v 111.39209892 28.08653073 24.17386792
v 111.39209892 28.62818059 24.96190738
v 111.39209892 29.12072027 25.80362513
v 111.39209892 29.56479253 26.70380614
v 111.39209892 29.96093021 27.66875020
v 111.39209892 30.30957359 28.70696229
v 111.39209892 30.61108433 29.83030346
v 111.39209892 30.86575658 31.05604427
v 111.39209892 31.07382593 32.41087775
v 111.39209892 31.23547639 33.93982822
v 111.39209892 31.35084583 35.73030033
v 111.39209892 31.42002997 38.00465551
v 112.92402035 31.66029367 42.33351131
v 112.92402035 31.31521519 47.38832741
v 112.92402035 -37.31521519 47.38832741
v 112.92402035 -37.66029367 42.33351131
v 112.92402035 -37.63709310 37.50466187
v 112.92402035 -37.56747267 35.24113534
v 112.92402035 -37.45137568 33.45918801
v 112.92402035 -37.28870580 31.93751716
v 112.92402035 -37.07932430 30.58913431
v 112.92402035 -36.82304600 29.36922949
v 112.92402035 -36.51963385 28.25123676
v 112.92402035 -36.16879181 27.21796779
v 112.92402035 -35.77015597 26.25761802
v 112.92402035 -35.32328326 25.36172294
v 112.92402035 -34.82763748 24.52401278
v 112.92402035 -34.28257181 23.73972532
v 112.92402035 -33.68730700 23.00517099
v 112.92402035 -33.04090400 22.31744545
v 112.92402035 27.04090400 22.31744545
v 112.92402035 27.68730700 23.00517099
v 112.92402035 28.28257181 23.73972532
v 112.92402035 28.82763748 24.52401278
v 112.92402035 29.32328326 25.36172294
v 112.92402035 29.77015597 26.25761802
v 112.92402035 30.16879181 27.21796779
v 112.92402035 30.51963385 28.25123676
v 112.92402035 30.82304600 29.36922949
v 112.92402035 31.07932430 30.58913431
v 112.92402035 31.28870580 31.93751716
v 112.92402035 31.45137568 33.45918801
v 112.92402035 31.56747267 35.24113534
v 112.92402035 31.63709310 37.50466187
v 114.45834038 31.89195594 41.79747540
v 114.45834038 31.55559139 46.77588996
v 114.45834038 31.04523206 50.60728011
v 114.45834038 -37.04523206 50.60728011
v 114.45834038 -37.55559139 46.77588996
v 114.45834038 -37.89195594 41.79747540
v 114.45834038 -37.86860031 36.99255496
v 114.45834038 -37.79851455 34.74024517
v 114.45834038 -37.68164159 32.96712814
v 114.45834038 -37.51788445 31.45299782
v 114.45834038 -37.30710349 30.11129678
v 114.45834038 -37.04911229 28.89743711
v 114.45834038 -36.74367219 27.78498451
v 114.45834038 -36.39048520 26.75683583
v 114.45834038 -35.98918496 25.80124500
v 114.45834038 -35.53932544 24.90978946
v 114.45834038 -35.04036686 24.07623051
v 114.45834038 -34.49165808 23.29582953
v 114.45834038 -33.89241465 22.56491523
v 114.45834038 -33.24169122 21.88059766
v 114.45834038 27.24169122 21.88059766
v 114.45834038 27.89241465 22.56491523
v 114.45834038 28.49165808 23.29582953
v 114.45834038 29.04036686 24.07623051
v 114.45834038 29.53932544 24.90978946
v 114.45834038 29.98918496 25.80124500
v 114.45834038 30.39048520 26.75683583
v 114.45834038 30.74367219 27.78498451
v 114.45834038 31.04911229 28.89743711
v 114.45834038 31.30710349 30.11129678
v 114.45834038 31.51788445 31.45299782
v 114.45834038 31.68164159 32.96712814
v 114.45834038 31.79851455 34.74024517
v 114.45834038 31.86860031 36.99255496
v 115.99492479 32.13576440 41.25020756
v 115.99492479 31.80751007 46.15836638
v 115.99492479 31.30532861 49.95372808
v 115.99492479 -37.30532861 49.95372808
v 115.99492479 -37.80751007 46.15836638
v 115.99492479 -38.13576440 41.25020756
v 115.99492479 -38.11224557 36.47007814
v 115.99492479 -38.04167008 34.22938915
v 115.99492479 -37.92398047 32.46542053
v 115.99492479 -37.75907908 30.95910238
v 115.99492479 -37.54682528 29.62432385
v 115.99492479 -37.28703135 28.41672709
v 115.99492479 -36.97945698 27.31001420
v 115.99492479 -36.62380209 26.28717026
v 115.99492479 -36.21969775 25.33650981
v 115.99492479 -35.76669483 24.44965374
v 115.99492479 -35.26424977 23.62039553
v 115.99492479 -34.71170687 22.84402104
v 115.99492479 -34.10827621 22.11687789
v 115.99492479 -33.45300584 21.43609106
v 115.99492479 27.45300584 21.43609106
v 115.99492479 28.10827621 22.11687789
v 115.99492479 28.71170687 22.84402104
v 115.99492479 29.26424977 23.62039553
v 115.99492479 29.76669483 24.44965374
v 115.99492479 30.21969775 25.33650981
v 115.99492479 30.62380209 26.28717026
v 115.99492479 30.97945698 27.31001420
v 115.99492479 31.28703135 28.41672709
v 115.99492479 31.54682528 29.62432385
v 115.99492479 31.75907908 30.95910238
v 115.99492479 31.92398047 32.46542053
v 115.99492479 32.04167008 34.22938915
v 115.99492479 32.11224557 36.47007814
v 117.53363887 32.38938654 40.69343606
v 117.53363887 32.06860626 45.53806623
v 117.53363887 31.57419062 49.29938076
v 117.53363887 30.96315510 52.72433937
v 117.53363887 -36.96315510 52.72433937
v 117.53363887 -37.57419062 49.29938076
v 117.53363887 -38.06860626 45.53806623
v 117.53363887 -38.38938654 40.69343606
v 117.53363887 -38.36569794 35.93899373
v 117.53363887 -38.29461302 33.71034558
v 117.53363887 -38.17607388 31.95585605
v 117.53363887 -38.00998217 30.45763243
v 117.53363887 -37.79619625 29.13002663
v 117.53363887 -37.53452705 27.92891916
v 117.53363887 -37.22473250 26.82815344
v 117.53363887 -36.86651036 25.81080597
v 117.53363887 -36.45948906 24.86525411
v 117.53363887 -36.00321621 23.98316376
v 117.53363887 -35.49714432 23.15836176
v 117.53363887 -34.94061298 22.38615929
v 117.53363887 -34.33282654 21.66292361
v 117.53363887 -33.67282620 20.98579513
v 117.53363887 27.67282620 20.98579513
v 117.53363887 28.33282654 21.66292361
v 117.53363887 28.94061298 22.38615929
v 117.53363887 29.49714432 23.15836176
v 117.53363887 30.00321621 23.98316376
v 117.53363887 30.45948906 24.86525411
v 117.53363887 30.86651036 25.81080597
v 117.53363887 31.22473250 26.82815344
v 117.53363887 31.53452705 27.92891916
v 117.53363887 31.79619625 29.13002663
v 117.53363887 32.00998217 30.45763243
v 117.53363887 32.17607388 31.95585605
v 117.53363887 32.29461302 33.71034558
v 117.53363887 32.36569794 35.93899373
v 119.07434745 32.65046690 40.12890667
v 119.07434745 32.33649434 44.91729833
v 119.07434745 31.84940429 48.64679418
v 119.07434745 31.24533718 52.04637334
v 119.07434745 30.54373377 55.23544255
v 119.07434745 -36.54373377 55.23544255
v 119.07434745 -37.24533718 52.04637334
v 119.07434745 -37.84940429 48.64679418
v 119.07434745 -38.33649434 44.91729833
v 119.07434745 -38.65046690 40.12890667
v 119.07434745 -38.62660354 35.40108154
v 119.07434745 -38.55499420 33.18491023
v 119.07434745 -38.43558055 31.44024300
v 119.07434745 -38.26826352 29.95040702
v 119.07434745 -38.05290043 28.63023367
v 119.07434745 -37.78930079 27.43585047
v 119.07434745 -37.47722078 26.34124726
v 119.07434745 -37.11635591 25.32959530
v 119.07434745 -36.70633186 24.38933700
v 119.07434745 -36.24669292 23.51218493
v 119.07434745 -35.73688755 22.69200049
v 119.07434745 -35.17625048 21.92412111
v 119.07434745 -34.56398018 21.20493438
v 119.07434745 -33.89911078 20.53159673
v 119.07434745 27.89911078 20.53159673
v 119.07434745 28.56398018 21.20493438
v 119.07434745 29.17625048 21.92412111
v 119.07434745 29.73688755 22.69200049
v 119.07434745 30.24669292 23.51218493
v 119.07434745 30.70633186 24.38933700
v 119.07434745 31.11635591 25.32959530
v 119.07434745 31.47722078 26.34124726
v 119.07434745 31.78930079 27.43585047
v 119.07434745 32.05290043 28.63023367
v 119.07434745 32.26826352 29.95040702
v 119.07434745 32.43558055 31.44024300
v 119.07434745 32.55499420 33.18491023
v 119.07434745 32.62660354 35.40108154
v 120.61691489 32.91662902 39.55838121
v 120.61691489 32.60882721 44.29767285
v 120.61691489 32.12863934 47.99755375
v 120.61691489 31.53129105 51.37276059
v 120.61691489 30.83594633 54.54055135
v 120.61691489 30.05533229 57.55010545
v 120.61691489 -36.05533229 57.55010545
v 120.61691489 -36.83594633 54.54055135
v 120.61691489 -37.53129105 51.37276059
v 120.61691489 -38.12863934 47.99755375
v 120.61691489 -38.60882721 44.29767285
v 120.61691489 -38.91662902 39.55838121
v 120.61691489 -38.89258750 34.85813738
v 120.61691489 -38.82044353 32.65489482
v 120.61691489 -38.70013835 30.92040567
v 120.61691489 -38.53157216 29.43926113
v 120.61691489 -38.31460119 28.12678943
v 120.61691489 -38.04903355 26.93937405
v 120.61691489 -37.73462358 25.85115656
v 120.61691489 -37.37106454 24.84540640
v 120.61691489 -36.95797930 23.91063340
v 120.61691489 -36.49490875 23.03859848
v 120.61691489 -35.98129724 22.22319886
v 120.61691489 -35.41647451 21.45979914
v 120.61691489 -34.79963308 20.74480802
v 120.61691489 -34.12979984 20.07539851
v 120.61691489 28.12979984 20.07539851
v 120.61691489 28.79963308 20.74480802
v 120.61691489 29.41647451 21.45979914
v 120.61691489 29.98129724 22.22319886
v 120.61691489 30.49490875 23.03859848
v 120.61691489 30.95797930 23.91063340
v 120.61691489 31.37106454 24.84540640
v 120.61691489 31.73462358 25.85115656
v 120.61691489 32.04903355 26.93937405
v 120.61691489 32.31460119 28.12678943
v 120.61691489 32.53157216 29.43926113
v 120.61691489 32.70013835 30.92040567
v 120.61691489 32.82044353 32.65489482
v 120.61691489 32.89258750 34.85813738
v 122.16120517 33.18547751 38.98363611
v 122.16120517 32.88372155 43.67486965
v 122.16120517 32.41039089 47.34508453
v 122.16120517 31.81977085 50.69562020
v 122.16120517 31.13073610 53.84170157
v 122.16120517 30.35583217 56.83164507
v 122.16120517 29.50511706 59.69051426
v 122.16120517 -35.50511706 59.69051426
v 122.16120517 -36.35583217 56.83164507
v 122.16120517 -37.13073610 53.84170157
v 122.16120517 -37.81977085 50.69562020
v 122.16120517 -38.41039089 47.34508453
v 122.16120517 -38.88372155 43.67486965
v 122.16120517 -39.18547751 38.98363611
v 122.16120517 -39.16125603 34.31197154
v 122.16120517 -39.08857204 32.12212552
v 122.16120517 -38.96736634 30.39818273
v 122.16120517 -38.79753837 28.92604410
v 122.16120517 -38.57894329 27.62155273
v 122.16120517 -38.31138779 26.44135729
v 122.16120517 -37.99462435 25.35975657
v 122.16120517 -37.62834395 24.36012175
v 122.16120517 -37.21216662 23.43103252
v 122.16120517 -36.74562982 22.56429991
v 122.16120517 -36.22817375 21.75385822
v 122.16120517 -35.65912313 20.99510026
v 122.16120517 -35.03766443 20.28445656
v 122.16120517 29.03766443 20.28445656
v 122.16120517 29.65912313 20.99510026
v 122.16120517 30.22817375 21.75385822
v 122.16120517 30.74562982 22.56429991
v 122.16120517 31.21216662 23.43103252
v 122.16120517 31.62834395 24.36012175
v 122.16120517 31.99462435 25.35975657
v 122.16120517 32.31138779 26.44135729
v 122.16120517 32.57894329 27.62155273
v 122.16120517 32.79753837 28.92604410
v 122.16120517 32.96736634 30.39818273
v 122.16120517 33.08857204 32.12212552
v 122.16120517 33.16125603 34.31197154
v 123.70708187 33.45460010 38.40646084
v 123.70708187 33.15887928 43.04912326
v 123.70708187 32.69244087 46.68903227
v 123.70708187 32.10861012 50.01424947
v 123.70708187 31.42596436 53.13797718
v 123.70708187 30.65686226 56.10767303
v 123.70708187 29.81121924 58.94793572
v 123.70708187 28.89769968 61.67280495
v 123.70708187 -34.89769968 61.67280495
v 123.70708187 -35.81121924 58.94793572
v 123.70708187 -36.65686226 56.10767303
v 123.70708187 -37.42596436 53.13797718
v 123.70708187 -38.10861012 50.01424947
v 123.70708187 -38.69244087 46.68903227
v 123.70708187 -39.15887928 43.04912326
v 123.70708187 -39.45460010 38.40646084
v 123.70708187 -39.43019848 33.76440725
v 123.70708187 -39.35697392 31.58844141
v 123.70708187 -39.23486677 29.87542569
v 123.70708187 -39.06377574 28.41261810
v 123.70708187 -38.84355490 27.11639515
v 123.70708187 -38.57400950 25.94368028
v 123.70708187 -38.25489020 24.86893520
v 123.70708187 -37.88588565 23.87563649
v 123.70708187 -37.46661309 22.95243623
v 123.70708187 -36.99660651 22.09119733
v 123.70708187 -36.47530196 21.28589256
v 123.70708187 -35.90201913 20.53194393
v 123.70708187 -35.27593845 19.82580459
v 123.70708187 29.27593845 19.82580459
v 123.70708187 29.90201913 20.53194393
v 123.70708187 30.47530196 21.28589256
v 123.70708187 30.99660651 22.09119733
v 123.70708187 31.46661309 22.95243623
v 123.70708187 31.88588565 23.87563649
v 123.70708187 32.25489020 24.86893520
v 123.70708187 32.57400950 25.94368028
v 123.70708187 32.84355490 27.11639515
v 123.70708187 33.06377574 28.41261810
v 123.70708187 33.23486677 29.87542569
v 123.70708187 33.35697392 31.58844141
v 123.70708187 33.43019848 33.76440725
v 125.25440821 33.72156968 37.82865645
v 125.25440821 33.43185575 42.42221693
v 125.25440821 32.97232430 46.03116123
v 125.25440821 32.39532515 49.33039320
v 125.25440821 31.71913179 52.43110333
v 125.25440821 30.95591157 55.37989478
v 125.25440821 30.11543385 58.20090395
v 125.25440821 29.20624141 60.90788668
v 125.25440821 28.23612097 63.50901096
v 125.25440821 -34.23612097 63.50901096
v 125.25440821 -35.20624141 60.90788668
v 125.25440821 -36.11543385 58.20090395
v 125.25440821 -36.95591157 55.37989478
v 125.25440821 -37.71913179 52.43110333
v 125.25440821 -38.39532515 49.33039320
v 125.25440821 -38.97232430 46.03116123
v 125.25440821 -39.43185575 42.42221693
v 125.25440821 -39.72156968 37.82865645
v 125.25440821 -39.69698935 33.21727917
v 125.25440821 -39.62322854 31.05569286
v 125.25440821 -39.50022716 29.35399735
v 125.25440821 -39.32788317 27.90085650
v 125.25440821 -39.10604958 26.61319945
v 125.25440821 -38.83453021 25.44823429
v 125.25440821 -38.51307389 24.38059150
v 125.25440821 -38.14136699 23.39385685
v 125.25440821 -37.71902395 22.47675742
v 125.25440821 -37.24557535 21.62120989
v 125.25440821 -36.72045311 20.82122685
v 125.25440821 -36.14297193 20.07226058
v 125.25440821 -35.51230624 19.37078765
v 125.25440821 29.51230624 19.37078765
v 125.25440821 30.14297193 20.07226058
v 125.25440821 30.72045311 20.82122685
v 125.25440821 31.24557535 21.62120989
v 125.25440821 31.71902395 22.47675742
v 125.25440821 32.14136699 23.39385685
v 125.25440821 32.51307389 24.38059150
v 125.25440821 32.83453021 25.44823429
v 125.25440821 33.10604958 26.61319945
v 125.25440821 33.32788317 27.90085650
v 125.25440821 33.50022716 29.35399735
v 125.25440821 33.62322854 31.05569286
v 125.25440821 33.69698935 33.21727917
v 126.80304712 33.98394641 37.25203399
v 126.80304712 33.70019127 41.79594394
v 126.80304712 33.24755777 45.37324581
v 126.80304712 32.67740990 48.64580644
v 126.80304712 32.00771244 51.72281555
v 126.80304712 31.25043808 54.65002628
v 126.80304712 30.41520743 57.45111544
v 126.80304712 29.51043929 60.13955695
v 126.80304712 28.54381280 62.72333181
v 126.80304712 27.52247108 65.20716635
v 126.80304712 26.45310970 67.59373023
v 126.80304712 -32.45310970 67.59373023
v 126.80304712 -33.52247108 65.20716635
v 126.80304712 -34.54381280 62.72333181
v 126.80304712 -35.51043929 60.13955695
v 126.80304712 -36.41520743 57.45111544
v 126.80304712 -37.25043808 54.65002628
v 126.80304712 -38.00771244 51.72281555
v 126.80304712 -38.67740990 48.64580644
v 126.80304712 -39.24755777 45.37324581
v 126.80304712 -39.70019127 41.79594394
v 126.80304712 -39.98394641 37.25203399
v 126.80304712 -39.95919045 32.67243177
v 126.80304712 -39.88490262 30.52574004
v 126.80304712 -39.76102239 28.83577019
v 126.80304712 -39.58744700 27.39264233
v 126.80304712 -39.36402840 26.11385797
v 126.80304712 -39.09056901 24.95692010
v 126.80304712 -38.76681588 23.89663399
v 126.80304712 -38.39245312 22.91669851
v 126.80304712 -37.96709243 22.00591842
v 126.80304712 -37.49026103 21.15626611
v 126.80304712 -36.96138677 20.36179542
v 126.80304712 -36.37977947 19.61798996
v 126.80304712 -35.74460766 18.92135058
v 126.80304712 29.74460766 18.92135058
v 126.80304712 30.37977947 19.61798996
v 126.80304712 30.96138677 20.36179542
v 126.80304712 31.49026103 21.15626611
v 126.80304712 31.96709243 22.00591842
v 126.80304712 32.39245312 22.91669851
v 126.80304712 32.76681588 23.89663399
v 126.80304712 33.09056901 24.95692010
v 126.80304712 33.36402840 26.11385797
v 126.80304712 33.58744700 27.39264233
v 126.80304712 33.76102239 28.83577019
v 126.80304712 33.88490262 30.52574004
v 126.80304712 33.95919045 32.67243177
v 128.35286119 34.23927985 36.67841301
v 128.35286119 33.96141345 41.17210603
v 128.35286119 33.51564189 44.71706902
v 128.35286119 32.95233857 47.96225301
v 128.35286119 32.28915653 51.01485827
v 128.35286119 31.53787166 53.91979253
v 128.35286119 30.70795404 56.70027580
v 128.35286119 29.80769696 59.36950220
v 128.35286119 28.84467049 61.93526743
v 128.35286119 27.82592127 64.40216850
v 128.35286119 26.75805909 66.77278128
v 128.35286119 25.64728718 69.04834703
v 128.35286119 24.49940251 71.22919953
v 128.35286119 23.31977960 73.31504472
v 128.35286119 22.11334496 75.30515161
v 128.35286119 20.88454660 77.19848730
v 128.35286119 19.63732064 78.99381522
v 128.35286119 18.37505636 80.68976859
v 128.35286119 17.10055968 82.28490644
v 128.35286119 15.81601468 83.77775726
v 128.35286119 14.52294105 85.16685348
v 128.35286119 13.22214469 86.45075916
v 128.35286119 11.91365574 87.62809246
v 128.35286119 -17.91365574 87.62809246
v 128.35286119 -19.22214469 86.45075916
v 128.35286119 -20.52294105 85.16685348
v 128.35286119 -21.81601468 83.77775726
v 128.35286119 -23.10055968 82.28490644
v 128.35286119 -24.37505636 80.68976859
v 128.35286119 -25.63732064 78.99381522
v 128.35286119 -26.88454660 77.19848730
v 128.35286119 -28.11334496 75.30515161
v 128.35286119 -29.31977960 73.31504472
v 128.35286119 -30.49940251 71.22919953
v 128.35286119 -31.64728718 69.04834703
v 128.35286119 -32.75805909 66.77278128
v 128.35286119 -33.82592127 64.40216850
v 128.35286119 -34.84467049 61.93526743
v 128.35286119 -35.80769696 59.36950220
v 128.35286119 -36.70795404 56.70027580
v 128.35286119 -37.53787166 53.91979253
v 128.35286119 -38.28915653 51.01485827
v 128.35286119 -38.95233857 47.96225301
v 128.35286119 -39.51564189 44.71706902
v 128.35286119 -39.96141345 41.17210603
v 128.35286119 -40.23927985 36.67841301
v 128.35286119 -40.21435299 32.13171779
v 128.35286119 -40.13955228 30.00045125
v 128.35286119 -40.01481679 28.32262478
v 128.35286119 -39.84004305 26.88986660
v 128.35286119 -39.61508199 25.62027102
v 128.35286119 -39.33973467 24.47164639
v 128.35286119 -39.01374637 23.41897903
v 128.35286119 -38.63679906 22.44608494
v 128.35286119 -38.20850172 21.54184932
v 128.35286119 -37.72837832 20.69830223
v 128.35286119 -37.19585277 19.90954026
v 128.35286119 -36.61023011 19.17107946
v 128.35286119 -35.97067314 18.47944583
v 128.35286119 29.97067314 18.47944583
v 128.35286119 30.61023011 19.17107946
v 128.35286119 31.19585277 19.90954026
v 128.35286119 31.72837832 20.69830223
v 128.35286119 32.20850172 21.54184932
v 128.35286119 32.63679906 22.44608494
v 128.35286119 33.01374637 23.41897903
v 128.35286119 33.33973467 24.47164639
v 128.35286119 33.61508199 25.62027102
v 128.35286119 33.84004305 26.88986660
v 128.35286119 34.01481679 28.32262478
v 128.35286119 34.13955228 30.00045125
v 128.35286119 34.21435299 32.13171779
v 129.90371280 34.48511109 36.10961995
v 129.90371280 34.21303944 40.55251181
v 129.90371280 33.77406384 44.06442083
v 129.90371280 33.21756837 47.28150386
v 129.90371280 32.56089342 50.30898319
v 129.90371280 31.81561731 53.19092598
v 129.90371280 30.99105881 55.95009830
v 129.90371280 30.09538501 58.59941662
v 129.90371280 29.13605623 61.14649321
v 129.90371280 28.12002196 63.59579736
v 129.90371280 27.05380553 65.94981265
v 129.90371280 25.94353356 68.20971178
v 129.90371280 24.79493588 70.37577654
v 129.90371280 23.61332919 72.44767274
v 129.90371280 22.40359166 74.42463811
v 129.90371280 21.17013237 76.30561504
v 129.90371280 19.91685812 78.08934737
v 129.90371280 18.64713846 79.77445264
v 129.90371280 17.36376924 81.35947734
v 129.90371280 16.06893394 82.84293983
v 129.90371280 14.76416102 84.22336441
v 129.90371280 13.45027405 85.49930857
v 129.90371280 12.12732933 86.66938515
v 129.90371280 10.79453176 87.73228054
v 129.90371280 9.45011344 88.68676957
v 129.90371280 8.09114687 89.53172797
v 129.90371280 6.71323929 90.26614261
v 129.90371280 5.30999799 90.88911998
v 129.90371280 3.87201453 91.39989317
v 129.90371280 2.38470271 91.79782747
v 129.90371280 0.82281485 92.08242481
v 129.90371280 -0.86868897 92.25332710
v 129.90371280 -3.00000000 92.31031855
v 129.90371280 -5.13131103 92.25332710
v 129.90371280 -6.82281485 92.08242481
v 129.90371280 -8.38470271 91.79782747
v 129.90371280 -9.87201453 91.39989317
v 129.90371280 -11.30999799 90.88911998
v 129.90371280 -12.71323929 90.26614261
v 129.90371280 -14.09114687 89.53172797
v 129.90371280 -15.45011344 88.68676957
v 129.90371280 -16.79453176 87.73228054
v 129.90371280 -18.12732933 86.66938515
v 129.90371280 -19.45027405 85.49930857
v 129.90371280 -20.76416102 84.22336441
v 129.90371280 -22.06893394 82.84293983
v 129.90371280 -23.36376924 81.35947734
v 129.90371280 -24.64713846 79.77445264
v 129.90371280 -25.91685812 78.08934737
v 129.90371280 -27.17013237 76.30561504
v 129.90371280 -28.40359166 74.42463811
v 129.90371280 -29.61332919 72.44767274
v 129.90371280 -30.79493588 70.37577654
v 129.90371280 -31.94353356 68.20971178
v 129.90371280 -33.05380553 65.94981265
v 129.90371280 -34.12002196 63.59579736
v 129.90371280 -35.13605623 61.14649321
v 129.90371280 -36.09538501 58.59941662
v 129.90371280 -36.99105881 55.95009830
v 129.90371280 -37.81561731 53.19092598
v 129.90371280 -38.56089342 50.30898319
v 129.90371280 -39.21756837 47.28150386
v 129.90371280 -39.77406384 44.06442083
v 129.90371280 -40.21303944 40.55251181
v 129.90371280 -40.48511109 36.10961995
v 129.90371280 -40.46001968 31.59699665
v 129.90371280 -40.38472518 29.48170134
v 129.90371280 -40.25916627 27.81644813
v 129.90371280 -40.08323877 26.39442671
v 129.90371280 -39.85679266 25.13434521
v 129.90371280 -39.57962766 23.99432811
v 129.90371280 -39.25148739 22.94954921
v 129.90371280 -38.87205169 21.98394577
v 129.90371280 -38.44092699 21.08648628
v 129.90371280 -37.95763411 20.24926055
v 129.90371280 -37.42159314 19.46640938
v 129.90371280 -36.83210456 18.73348244
v 129.90371280 -36.18832561 18.04703176
v 129.90371280 30.18832561 18.04703176
v 129.90371280 30.83210456 18.73348244
v 129.90371280 31.42159314 19.46640938
v 129.90371280 31.95763411 20.24926055
v 129.90371280 32.44092699 21.08648628
v 129.90371280 32.87205169 21.98394577
v 129.90371280 33.25148739 22.94954921
v 129.90371280 33.57962766 23.99432811
v 129.90371280 33.85679266 25.13434521
v 129.90371280 34.08323877 26.39442671
v 129.90371280 34.25916627 27.81644813
v 129.90371280 34.38472518 29.48170134
v 129.90371280 34.46001968 31.59699665
v 131.45546407 34.73647101 35.54133291
v 131.45546407 34.46999956 39.93330614
v 131.45546407 34.03759968 43.41181146
v 131.45546407 33.48768761 46.60040212
v 131.45546407 32.83729724 49.60234567
v 131.45546407 32.09781314 52.46087830
v 131.45546407 31.27840582 55.19831764
v 131.45546407 30.38711867 57.82730615
v 131.45546407 29.43130450 60.35527538
v 131.45546407 28.41781763 62.78656907
v 131.45546407 27.35309680 65.12358035
v 131.45546407 26.24319364 67.36741497
v 131.45546407 25.09377235 69.51830412
v 131.45546407 23.91009321 71.57587484
v 131.45546407 22.69698718 73.53933471
v 131.45546407 21.45882551 75.40760256
v 131.45546407 20.19948658 77.17940364
v 131.45546407 18.92232101 78.85334081
v 131.45546407 17.63011519 80.42794884
v 131.45546407 16.32505254 81.90173685
v 131.45546407 15.00867065 83.27322174
v 131.45546407 13.68181111 84.54095515
v 131.45546407 12.34455657 85.70354529
v 131.45546407 10.99614592 86.75967487
v 131.45546407 9.63485174 87.70811585
v 131.45546407 8.25779197 88.54774172
v 131.45546407 6.86062178 89.27753759
v 131.45546407 5.43699494 89.89660862
v 131.45546407 3.97754112 90.40418690
v 131.45546407 2.46769003 90.79963695
v 131.45546407 0.88215495 91.08246019
v 131.45546407 -0.83430393 91.25229814
v 131.45546407 -2.99311004 91.30893485
v 131.45546407 -5.15191614 91.25229814
v 131.45546407 -6.86837502 91.08246019
v 131.45546407 -8.45391011 90.79963695
v 131.45546407 -9.96376119 90.40418690
v 131.45546407 -11.42321501 89.89660862
v 131.45546407 -12.84684186 89.27753759
v 131.45546407 -14.24401205 88.54774172
v 131.45546407 -15.62107182 87.70811585
v 131.45546407 -16.98236599 86.75967487
v 131.45546407 -18.33077665 85.70354529
v 131.45546407 -19.66803118 84.54095515
v 131.45546407 -20.99489072 83.27322174
v 131.45546407 -22.31127261 81.90173685
v 131.45546407 -23.61633526 80.42794884
v 131.45546407 -24.90854108 78.85334081
v 131.45546407 -26.18570666 77.17940364
v 131.45546407 -27.44504559 75.40760256
v 131.45546407 -28.68320726 73.53933471
v 131.45546407 -29.89631329 71.57587484
v 131.45546407 -31.07999243 69.51830412
v 131.45546407 -32.22941372 67.36741497
v 131.45546407 -33.33931687 65.12358035
v 131.45546407 -34.40403771 62.78656907
v 131.45546407 -35.41752457 60.35527538
v 131.45546407 -36.37333874 57.82730615
v 131.45546407 -37.26462590 55.19831764
v 131.45546407 -38.08403322 52.46087830
v 131.45546407 -38.82351731 49.60234567
v 131.45546407 -39.47390768 46.60040212
v 131.45546407 -40.02381975 43.41181146
v 131.45546407 -40.45621964 39.93330614
v 131.45546407 -40.72269108 35.54133291
v 131.45546407 -40.69743603 31.06348502
v 131.45546407 -40.62165047 28.96449071
v 131.45546407 -40.49527269 27.31207035
v 131.45546407 -40.31819784 25.90100739
v 131.45546407 -40.09027489 24.65063639
v 131.45546407 -39.81130228 23.51940455
v 131.45546407 -39.48102194 22.48267698
v 131.45546407 -39.09911165 21.52451472
v 131.45546407 -38.66517524 20.63397128
v 131.45546407 -38.17873043 19.80319742
v 131.45546407 -37.63919352 19.02637910
v 131.45546407 -37.04586042 18.29910028
v 131.45546407 -36.39788288 17.61793955
v 131.45546407 30.41166280 17.61793955
v 131.45546407 31.05964034 18.29910028
v 131.45546407 31.65297344 19.02637910
v 131.45546407 32.19251035 19.80319742
v 131.45546407 32.67895517 20.63397128
v 131.45546407 33.11289157 21.52451472
v 131.45546407 33.49480187 22.48267698
v 131.45546407 33.82508220 23.51940455
v 131.45546407 34.10405481 24.65063639
v 131.45546407 34.33197776 25.90100739
v 131.45546407 34.50905262 27.31207035
v 131.45546407 34.63543040 28.96449071
v 131.45546407 34.71121595 31.06348502
v 133.00797693 35.01321284 34.96719235
v 133.00797693 34.75202728 39.30874912
v 133.00797693 34.32579444 42.75399081
v 133.00797693 33.78200819 45.91414581
v 133.00797693 33.13741048 48.89056491
v 133.00797693 32.40320159 51.72566929
v 133.00797693 31.58841123 54.44133682
v 133.00797693 30.70096550 57.04994148
v 133.00797693 29.74811548 59.55873789
v 133.00797693 28.73662562 61.97194710
v 133.00797693 27.67285491 64.29187399
v 133.00797693 26.56278453 66.51955915
v 133.00797693 25.41201717 68.65518466
v 133.00797693 24.22576047 70.69834005
v 133.00797693 23.00880161 72.64820389
v 133.00797693 21.76547703 74.50367241
v 133.00797693 20.49963935 76.26345314
v 133.00797693 19.21462247 77.92613502
v 133.00797693 17.91320517 79.49024185
v 133.00797693 16.59757225 80.95427409
v 133.00797693 15.26927142 82.31674186
v 133.00797693 13.92916289 83.57619145
v 133.00797693 12.57735584 84.73122691
v 133.00797693 11.21312292 85.78052771
v 133.00797693 9.83477666 86.72286330
v 133.00797693 8.43947949 87.55710527
v 133.00797693 7.02293329 88.28223726
v 133.00797693 5.57883691 88.89736337
v 133.00797693 4.09785662 89.40171487
v 133.00797693 2.56543677 89.79465573
v 133.00797693 0.95625113 90.07568693
v 133.00797693 -0.78513711 90.24444977
v 133.00797693 -2.97135225 90.30072812
v 133.00797693 -5.15756738 90.24444977
v 133.00797693 -6.89895563 90.07568693
v 133.00797693 -8.50814126 89.79465573
v 133.00797693 -10.04056112 89.40171487
v 133.00797693 -11.52154140 88.89736337
v 133.00797693 -12.96563779 88.28223726
v 133.00797693 -14.38218398 87.55710527
v 133.00797693 -15.77748115 86.72286330
v 133.00797693 -17.15582742 85.78052771
v 133.00797693 -18.52006033 84.73122691
v 133.00797693 -19.87186738 83.57619145
v 133.00797693 -21.21197592 82.31674186
v 133.00797693 -22.54027674 80.95427409
v 133.00797693 -23.85590967 79.49024185
v 133.00797693 -25.15732696 77.92613502
v 133.00797693 -26.44234384 76.26345314
v 133.00797693 -27.70818153 74.50367241
v 133.00797693 -28.95150610 72.64820389
v 133.00797693 -30.16846496 70.69834005
v 133.00797693 -31.35472167 68.65518466
v 133.00797693 -32.50548902 66.51955915
v 133.00797693 -33.61555940 64.29187399
v 133.00797693 -34.67933012 61.97194710
v 133.00797693 -35.69081997 59.55873789
v 133.00797693 -36.64366999 57.04994148
v 133.00797693 -37.53111572 54.44133682
v 133.00797693 -38.34590609 51.72566929
v 133.00797693 -39.08011497 48.89056491
v 133.00797693 -39.72471268 45.91414581
v 133.00797693 -40.26849893 42.75399081
v 133.00797693 -40.69473177 39.30874912
v 133.00797693 -40.95591733 34.96719235
v 133.00797693 -40.93049160 30.52419771
v 133.00797693 -40.85419387 28.44154088
v 133.00797693 -40.72696200 26.80198212
v 133.00797693 -40.54869044 25.40190214
v 133.00797693 -40.31922714 24.16126337
v 133.00797693 -40.03836918 23.03883646
v 133.00797693 -39.70585674 22.01017824
v 133.00797693 -39.32136542 21.05947382
v 133.00797693 -38.88449639 20.17586191
v 133.00797693 -38.39476408 19.35155436
v 133.00797693 -37.85158087 18.58078240
v 133.00797693 -37.25423791 17.85916434
v 133.00797693 -36.60188121 17.18330542
v 133.00797693 30.65917672 17.18330542
v 133.00797693 31.31153342 17.85916434
v 133.00797693 31.90887638 18.58078240
v 133.00797693 32.45205959 19.35155436
v 133.00797693 32.94179189 20.17586191
v 133.00797693 33.37866093 21.05947382
v 133.00797693 33.76315225 22.01017824
v 133.00797693 34.09566469 23.03883646
v 133.00797693 34.37652265 24.16126337
v 133.00797693 34.60598595 25.40190214
v 133.00797693 34.78425751 26.80198212
v 133.00797693 34.91148937 28.44154088
v 133.00797693 34.98778710 30.52419771
v 134.56111313 35.31312150 34.38839585
v 134.56111313 35.05688243 38.68005809
v 134.56111313 34.63637155 42.09219305
v 134.56111313 34.09821269 45.22398429
v 134.56111313 33.45887288 48.17490436
v 134.56111313 32.72937922 50.98657556
v 134.56111313 31.91862933 53.68044489
v 134.56111313 31.03443957 56.26862341
v 134.56111313 30.08396603 58.75819271
v 134.56111313 29.07388948 61.15325401
v 134.56111313 28.01049482 63.45602619
v 134.56111313 26.89969806 65.66748648
v 134.56111313 25.74704522 67.78776940
v 134.56111313 24.55769566 69.81642821
v 134.56111313 23.33639677 71.75261362
v 134.56111313 22.08745367 73.59520022
v 134.56111313 20.81469623 75.34287872
v 134.56111313 19.52144424 76.99422490
v 134.56111313 18.21047092 78.54775231
v 134.56111313 16.88396401 80.00195339
v 134.56111313 15.54348246 81.35533205
v 134.56111313 14.18990566 82.60642976
v 134.56111313 12.82336949 83.75384688
v 134.56111313 11.44318004 84.79626005
v 134.56111313 10.04768900 85.73243663
v 134.56111313 8.63410220 86.56124658
v 134.56111313 7.19816685 87.28167243
v 134.56111313 5.73362523 87.89281742
v 134.56111313 4.23117870 88.39391225
v 134.56111313 2.67628518 88.78432047
v 134.56111313 1.04357948 89.06354280
v 134.56111313 -0.72256646 89.23122038
v 134.56111313 -2.93592573 89.28713698
v 134.56111313 -5.14928500 89.23122038
v 134.56111313 -6.91543094 89.06354280
v 134.56111313 -8.54813664 88.78432047
v 134.56111313 -10.10303016 88.39391225
v 134.56111313 -11.60547668 87.89281742
v 134.56111313 -13.07001830 87.28167243
v 134.56111313 -14.50595366 86.56124658
v 134.56111313 -15.91954045 85.73243663
v 134.56111313 -17.31503149 84.79626005
v 134.56111313 -18.69522094 83.75384688
v 134.56111313 -20.06175711 82.60642976
v 134.56111313 -21.41533391 81.35533205
v 134.56111313 -22.75581546 80.00195339
v 134.56111313 -24.08232238 78.54775231
v 134.56111313 -25.39329569 76.99422490
v 134.56111313 -26.68654769 75.34287872
v 134.56111313 -27.95930512 73.59520022
v 134.56111313 -29.20824822 71.75261362
v 134.56111313 -30.42954711 69.81642821
v 134.56111313 -31.61889667 67.78776940
v 134.56111313 -32.77154952 65.66748648
v 134.56111313 -33.88234627 63.45602619
v 134.56111313 -34.94574093 61.15325401
v 134.56111313 -35.95581749 58.75819271
v 134.56111313 -36.90629103 56.26862341
v 134.56111313 -37.79048079 53.68044489
v 134.56111313 -38.60123068 50.98657556
v 134.56111313 -39.33072434 48.17490436
v 134.56111313 -39.97006414 45.22398429
v 134.56111313 -40.50822301 42.09219305
v 134.56111313 -40.92873389 38.68005809
v 134.56111313 -41.18497295 34.38839585
v 134.56111313 -41.15937018 29.98031296
v 134.56111313 -41.08254120 27.91402104
v 134.56111313 -40.95442343 26.28734544
v 134.56111313 -40.77491058 24.89826688
v 134.56111313 -40.54384956 23.66737669
v 134.56111313 -40.26103601 22.55376947
v 134.56111313 -39.92620833 21.53319414
v 134.56111313 -39.53903984 20.58996008
v 134.56111313 -39.09912894 19.71329133
v 134.56111313 -38.60598668 18.89546095
v 134.56111313 -38.05902135 18.13074549
v 134.56111313 -37.45751916 17.41479769
v 134.56111313 -36.80062018 16.74424947
v 134.56111313 30.92876872 16.74424947
v 134.56111313 31.58566770 17.41479769
v 134.56111313 32.18716990 18.13074549
v 134.56111313 32.73413523 18.89546095
v 134.56111313 33.22727748 19.71329133
v 134.56111313 33.66718839 20.58996008
v 134.56111313 34.05435688 21.53319414
v 134.56111313 34.38918456 22.55376947
v 134.56111313 34.67199810 23.66737669
v 134.56111313 34.90305913 24.89826688
v 134.56111313 35.08257197 26.28734544
v 134.56111313 35.21068974 27.91402104
v 134.56111313 35.28751872 29.98031296
v 136.11473431 35.63389162 33.80448865
v 136.11473431 35.38223351 38.04648937
v 136.11473431 34.96696137 41.42544577
v 136.11473431 34.43388861 44.52873491
v 136.11473431 33.79922697 47.45398295
v 136.11473431 33.07384316 50.24202677
v 136.11473431 32.26651282 52.91388992
v 136.11473431 31.38495126 55.48142537
v 136.11473431 30.43622735 57.95154511
v 136.11473431 29.42694529 60.32823315
v 136.11473431 28.36332251 62.61362449
v 136.11473431 27.25121588 64.80863478
v 136.11473431 26.09612026 66.91335246
v 136.11473431 24.90315184 68.92729591
v 136.11473431 23.67702270 70.84958912
v 136.11473431 22.42201067 72.67908614
v 136.11473431 21.14192631 74.41446183
v 136.11473431 19.84007818 76.05427969
v 136.11473431 18.51923628 77.59704386
v 136.11473431 17.18159303 79.04123950
v 136.11473431 15.82871979 80.38536499
v 136.11473431 14.46151576 81.62795763
v 136.11473431 13.08014357 82.76761464
v 136.11473431 11.68394228 83.80301036
v 136.11473431 10.27130183 84.73291051
v 136.11473431 8.83947011 85.55618389
v 136.11473431 7.38423796 86.27181223
v 136.11473431 5.89938940 86.87889827
v 136.11473431 4.37565922 87.37667236
v 136.11473431 2.79851805 87.76449790
v 136.11473431 1.14256318 88.04187551
v 136.11473431 -0.64801592 88.20844626
v 136.11473431 -2.88806840 88.26399392
v 136.11473431 -5.12812088 88.20844626
v 136.11473431 -6.91869998 88.04187551
v 136.11473431 -8.57465486 87.76449790
v 136.11473431 -10.15179602 87.37667236
v 136.11473431 -11.67552620 86.87889827
v 136.11473431 -13.16037476 86.27181223
v 136.11473431 -14.61560691 85.55618389
v 136.11473431 -16.04743863 84.73291051
v 136.11473431 -17.46007908 83.80301036
v 136.11473431 -18.85628037 82.76761464
v 136.11473431 -20.23765257 81.62795763
v 136.11473431 -21.60485659 80.38536499
v 136.11473431 -22.95772983 79.04123950
v 136.11473431 -24.29537309 77.59704386
v 136.11473431 -25.61621498 76.05427969
v 136.11473431 -26.91806311 74.41446183
v 136.11473431 -28.19814747 72.67908614
v 136.11473431 -29.45315950 70.84958912
v 136.11473431 -30.67928864 68.92729591
v 136.11473431 -31.87225707 66.91335246
v 136.11473431 -33.02735268 64.80863478
v 136.11473431 -34.13945932 62.61362449
v 136.11473431 -35.20308209 60.32823315
v 136.11473431 -36.21236415 57.95154511
v 136.11473431 -37.16108806 55.48142537
v 136.11473431 -38.04264963 52.91388992
v 136.11473431 -38.84997997 50.24202677
v 136.11473431 -39.57536377 47.45398295
v 136.11473431 -40.21002541 44.52873491
v 136.11473431 -40.74309818 41.42544577
v 136.11473431 -41.15837031 38.04648937
v 136.11473431 -41.41002842 33.80448865
v 136.11473431 -41.38424297 29.43167411
v 136.11473431 -41.30686580 27.38191425
v 136.11473431 -41.17783390 25.76825342
v 136.11473431 -40.99704020 24.39028865
v 136.11473431 -40.76433052 23.16924661
v 136.11473431 -40.47949906 22.06454919
v 136.11473431 -40.14228233 21.05213931
v 136.11473431 -39.75235133 20.11645191
v 136.11473431 -39.30930160 19.24679725
v 136.11473431 -38.81264070 18.43551019
v 136.11473431 -38.26177268 17.67691309
v 136.11473431 -37.65597868 16.96669347
v 136.11473431 31.21825582 16.30151020
v 136.11473431 31.87984188 16.96669347
v 136.11473431 32.48563588 17.67691309
v 136.11473431 33.03650389 18.43551019
v 136.11473431 33.53316479 19.24679725
v 136.11473431 33.97621453 20.11645191
v 136.11473431 34.36614552 21.05213931
v 136.11473431 34.70336225 22.06454919
v 136.11473431 34.98819372 23.16924661
v 136.11473431 35.22090339 24.39028865
v 136.11473431 35.40169709 25.76825342
v 136.11473431 35.53072900 27.38191425
v 136.11473431 35.60810617 29.43167411
v 137.66870197 35.97320613 33.21225195
v 137.66870197 35.72573586 37.40403783
v 137.66870197 35.31517889 40.74911658
v 137.66870197 34.78660542 43.82318832
v 137.66870197 34.15599434 46.72204685
v 137.66870197 33.43406655 49.48574964
v 137.66870197 32.62948724 52.13490043
v 137.66870197 31.74988059 54.68109680
v 137.66870197 30.80223718 57.13108333
v 137.66870197 29.79309277 59.48872878
v 137.66870197 28.72860479 61.75608602
v 137.66870197 27.61457784 63.93401073
v 137.66870197 26.45646202 66.02254683
v 137.66870197 25.25933602 68.02117925
v 137.66870197 24.02788179 69.92900665
v 137.66870197 22.76635438 71.74486385
v 137.66870197 21.47854895 73.46741110
v 137.66870197 20.16776608 75.09520081
v 137.66870197 18.83677511 76.62672879
v 137.66870197 17.48777510 78.06047402
v 137.66870197 16.12235107 79.39493029
v 137.66870197 14.74142264 80.62863164
v 137.66870197 13.34517916 81.76017303
v 137.66870197 11.93299208 82.78822729
v 137.66870197 10.50328844 83.71155916
v 137.66870197 9.05335660 84.52903695
v 137.66870197 7.57902915 85.23964215
v 137.66870197 6.07412981 85.84247746
v 137.66870197 4.52942508 86.33677336
v 137.66870197 2.93039763 86.72189339
v 137.66870197 1.25160945 86.99733834
v 137.66870197 -0.56292075 87.16274943
v 137.66870197 -2.82902496 87.21791052
v 137.66870197 -5.09512916 87.16274943
v 137.66870197 -6.90965936 86.99733834
v 137.66870197 -8.58844754 86.72189339
v 137.66870197 -10.18747499 86.33677336
v 137.66870197 -11.73217972 85.84247746
v 137.66870197 -13.23707907 85.23964215
v 137.66870197 -14.71140651 84.52903695
v 137.66870197 -16.16133835 83.71155916
v 137.66870197 -17.59104199 82.78822729
v 137.66870197 -19.00322907 81.76017303
v 137.66870197 -20.39947255 80.62863164
v 137.66870197 -21.78040098 79.39493029
v 137.66870197 -23.14582501 78.06047402
v 137.66870197 -24.49482503 76.62672879
v 137.66870197 -25.82581599 75.09520081
v 137.66870197 -27.13659887 73.46741110
v 137.66870197 -28.42440429 71.74486385
v 137.66870197 -29.68593171 69.92900665
v 137.66870197 -30.91738594 68.02117925
v 137.66870197 -32.11451194 66.02254683
v 137.66870197 -33.27262776 63.93401073
v 137.66870197 -34.38665470 61.75608602
v 137.66870197 -35.45114268 59.48872878
v 137.66870197 -36.46028710 57.13108333
v 137.66870197 -37.40793051 54.68109680
v 137.66870197 -38.28753715 52.13490043
v 137.66870197 -39.09211646 49.48574964
v 137.66870197 -39.81404425 46.72204685
v 137.66870197 -40.44465534 43.82318832
v 137.66870197 -40.97322880 40.74911658
v 137.66870197 -41.38378577 37.40403783
v 137.66870197 -41.63125604 33.21225195
v 137.66870197 -41.60528299 28.87587893
v 137.66870197 -41.52734285 26.84320106
v 137.66870197 -41.39737216 25.24298792
v 137.66870197 -41.21526307 23.87650663
v 137.66870197 -40.98086029 22.66564034
v 137.66870197 -40.69395650 21.57014908
v 137.66870197 -40.35428631 20.56617628
v 137.66870197 -39.96151833 19.63828658
v 137.66870197 -39.51524513 18.77587931
v 137.66870197 -39.01497072 17.97135325
v 137.66870197 -38.46009480 17.21907803
v 137.66870197 -37.84989327 16.51477714
v 137.66870197 31.52544385 15.85513727
v 137.66870197 32.19184336 16.51477714
v 137.66870197 32.80204489 17.21907803
v 137.66870197 33.35692080 17.97135325
v 137.66870197 33.85719522 18.77587931
v 137.66870197 34.30346841 19.63828658
v 137.66870197 34.69623640 20.56617628
v 137.66870197 35.03590659 21.57014908
v 137.66870197 35.32281038 22.66564034
v 137.66870197 35.55721316 23.87650663
v 137.66870197 35.73932225 25.24298792
v 137.66870197 35.86929294 26.84320106
v 137.66870197 35.94723307 28.87587893
v 139.22287755 36.32873826 32.61295180
v 139.22287755 36.08503377 36.75400261
v 139.22287755 35.67862588 40.06452813
v 139.22287755 35.15391685 43.10868731
v 139.22287755 34.52667796 45.98045683
v 139.22287755 33.80750088 48.71912132
v 139.22287755 33.00495341 51.34486868
v 139.22287755 32.12657982 53.86904398
v 139.22287755 31.17930246 56.29822675
v 139.22287755 30.16959784 58.63617252
v 139.22287755 29.10357188 60.88485386
v 139.22287755 27.98698475 63.04506816
v 139.22287755 26.82524886 65.11681644
v 139.22287755 25.62341192 67.09955161
v 139.22287755 24.38613152 68.99234846
v 139.22287755 23.11764503 70.79402389
v 139.22287755 21.82173658 72.50322479
v 139.22287755 20.50170237 74.11849372
v 139.22287755 19.16031401 75.63831925
v 139.22287755 17.79977924 77.06117523
v 139.22287755 16.42169813 78.38555190
v 139.22287755 15.02701133 79.60998095
v 139.22287755 13.61593482 80.73305593
v 139.22287755 12.18787165 81.75344892
v 139.22287755 10.74128461 82.66992445
v 139.22287755 9.27350066 83.48135094
v 139.22287755 7.78039197 84.18671022
v 139.22287755 6.25581963 84.78510548
v 139.22287755 4.69058000 85.27576769
v 139.22287755 3.07016722 85.65806091
v 139.22287755 1.36911102 85.93148636
v 139.22287755 -0.46872613 86.09568561
v 139.22287755 -2.76004574 86.15044274
v 139.22287755 -5.05136535 86.09568561
v 139.22287755 -6.88920250 85.93148636
v 139.22287755 -8.59025870 85.65806091
v 139.22287755 -10.21067148 85.27576769
v 139.22287755 -11.77591111 84.78510548
v 139.22287755 -13.30048344 84.18671022
v 139.22287755 -14.79359214 83.48135094
v 139.22287755 -16.26137609 82.66992445
v 139.22287755 -17.70796313 81.75344892
v 139.22287755 -19.13602630 80.73305593
v 139.22287755 -20.54710281 79.60998095
v 139.22287755 -21.94178960 78.38555190
v 139.22287755 -23.31987072 77.06117523
v 139.22287755 -24.68040549 75.63831925
v 139.22287755 -26.02179385 74.11849372
v 139.22287755 -27.34182806 72.50322479
v 139.22287755 -28.63773650 70.79402389
v 139.22287755 -29.90622300 68.99234846
v 139.22287755 -31.14350339 67.09955161
v 139.22287755 -32.34534034 65.11681644
v 139.22287755 -33.50707623 63.04506816
v 139.22287755 -34.62366336 60.88485386
v 139.22287755 -35.68968932 58.63617252
v 139.22287755 -36.69939394 56.29822675
v 139.22287755 -37.64667130 53.86904398
v 139.22287755 -38.52504489 51.34486868
v 139.22287755 -39.32759236 48.71912132
v 139.22287755 -40.04676944 45.98045683
v 139.22287755 -40.67400833 43.10868731
v 139.22287755 -41.19871735 40.06452813
v 139.22287755 -41.60512524 36.75400261
v 139.22287755 -41.84882974 32.61295180
v 139.22287755 -41.82266487 28.31417020
v 139.22287755 -41.74414915 26.29911334
v 139.22287755 -41.61321863 24.71277223
v 139.22287755 -41.42976468 23.35813678
v 139.22287755 -41.19363084 22.15776731
v 139.22287755 -40.90460828 21.07177272
v 139.22287755 -40.56242964 20.07650322
v 139.22287755 -40.16676108 19.15665726
v 139.22287755 -39.71719217 18.30172609
v 139.22287755 -39.21322325 17.50417435
v 139.22287755 -38.65424960 16.75842050
v 139.22287755 -38.03954175 16.06022510
v 139.22287755 31.84812944 15.40630356
v 139.22287755 32.51945027 16.06022510
v 139.22287755 33.13415812 16.75842050
v 139.22287755 33.69313177 17.50417435
v 139.22287755 34.19710069 18.30172609
v 139.22287755 34.64666960 19.15665726
v 139.22287755 35.04233816 20.07650322
v 139.22287755 35.38451680 21.07177272
v 139.22287755 35.67353936 22.15776731
v 139.22287755 35.90967320 23.35813678
v 139.22287755 36.09312715 24.71277223
v 139.22287755 36.22405767 26.29911334
v 139.22287755 36.30257339 28.31417020
v 140.77712245 36.69815361 32.00812287
v 140.77712245 36.45782098 36.09799834
v 140.77712245 36.05503375 39.37335664
v 140.77712245 35.53359716 42.38696338
v 140.77712245 34.90909874 45.23099566
v 140.77712245 34.19201651 47.94397278
v 140.77712245 33.39083322 50.54567131
v 140.77712245 32.51302383 53.04718701
v 140.77712245 31.56545192 55.45493690
v 140.77712245 30.55454349 57.77256546
v 140.77712245 29.48636088 60.00196686
v 140.77712245 28.36662717 62.14388201
v 140.77712245 27.20072384 64.19827055
v 140.77712245 25.99367368 66.16455499
v 140.77712245 24.75011540 68.04178760
v 140.77712245 23.47427342 69.82876874
v 140.77712245 22.16992497 71.52413319
v 140.77712245 20.84036526 73.12641484
v 140.77712245 19.48837079 74.63409620
v 140.77712245 18.11615999 76.04564701
v 140.77712245 16.72534920 77.35955494
v 140.77712245 15.31690064 78.57435027
v 140.77712245 13.89105677 79.68862595
v 140.77712245 12.44725149 80.70105414
v 140.77712245 10.98398198 81.61039982
v 140.77712245 9.49861202 82.41553217
v 140.77712245 7.98705120 83.11543394
v 140.77712245 6.44319586 83.70920926
v 140.77712245 4.85787036 84.19609005
v 140.77712245 3.21657975 84.57544120
v 140.77712245 1.49382441 84.84676464
v 140.77712245 -0.36667574 85.00970247
v 140.77712245 -2.68238564 85.06403908
v 140.77712245 -4.99809554 85.00970247
v 140.77712245 -6.85859569 84.84676464
v 140.77712245 -8.58135104 84.57544120
v 140.77712245 -10.22264164 84.19609005
v 140.77712245 -11.80796714 83.70920926
v 140.77712245 -13.35182248 83.11543394
v 140.77712245 -14.86338330 82.41553217
v 140.77712245 -16.34875326 81.61039982
v 140.77712245 -17.81202277 80.70105414
v 140.77712245 -19.25582805 79.68862595
v 140.77712245 -20.68167192 78.57435027
v 140.77712245 -22.09012048 77.35955494
v 140.77712245 -23.48093127 76.04564701
v 140.77712245 -24.85314207 74.63409620
v 140.77712245 -26.20513654 73.12641484
v 140.77712245 -27.53469626 71.52413319
v 140.77712245 -28.83904470 69.82876874
v 140.77712245 -30.11488668 68.04178760
v 140.77712245 -31.35844496 66.16455499
v 140.77712245 -32.56549512 64.19827055
v 140.77712245 -33.73139846 62.14388201
v 140.77712245 -34.85113216 60.00196686
v 140.77712245 -35.91931477 57.77256546
v 140.77712245 -36.93022321 55.45493690
v 140.77712245 -37.87779511 53.04718701
v 140.77712245 -38.75560450 50.54567131
v 140.77712245 -39.55678779 47.94397278
v 140.77712245 -40.27387002 45.23099566
v 140.77712245 -40.89836845 42.38696338
v 140.77712245 -41.41980504 39.37335664
v 140.77712245 -41.82259226 36.09799834
v 140.77712245 -42.06292489 32.00812287
v 140.77712245 -42.03656473 27.74800921
v 140.77712245 -41.95746298 25.75107797
v 140.77712245 -41.82555520 24.17900615
v 140.77712245 -41.64073197 22.83655577
v 140.77712245 -41.40283565 21.64698374
v 140.77712245 -41.11165585 20.57075777
v 140.77712245 -40.76692321 19.58444082
v 140.77712245 -40.36830142 18.67286896
v 140.77712245 -39.91537697 17.82562797
v 140.77712245 -39.40764647 17.03525028
v 140.77712245 -38.84450069 16.29620456
v 140.77712245 -38.22520472 15.60428949
v 140.77712245 32.86043343 15.60428949
v 140.77712245 33.47972940 16.29620456
v 140.77712245 34.04287519 17.03525028
v 140.77712245 34.55060569 17.82562797
v 140.77712245 35.00353014 18.67286896
v 140.77712245 35.40215193 19.58444082
v 140.77712245 35.74688456 20.57075777
v 140.77712245 36.03806436 21.64698374
v 140.77712245 36.27596068 22.83655577
v 140.77712245 36.46078392 24.17900615
v 140.77712245 36.59269170 25.75107797
v 140.77712245 36.67179345 27.74800921
v 142.33129803 37.07911222 31.39930220
v 142.33129803 36.84208854 35.43764055
v 142.33129803 36.44285931 38.67727879
v 142.33129803 35.92463270 41.65974837
v 142.33129803 35.30281154 44.47544646
v 142.33129803 34.58775942 47.16213546
v 142.33129803 33.78787336 49.73918563
v 142.33129803 32.91055841 52.21744689
v 142.33129803 31.96261883 54.60317651
v 142.33129803 30.95042953 56.89991020
v 142.33129803 29.88000882 59.10946576
v 142.33129803 28.75704221 61.23252937
v 142.33129803 27.58687979 63.26902102
v 142.33129803 26.37451909 65.21833430
v 142.33129803 25.12457956 67.07950042
v 142.33129803 23.84127243 68.85130453
v 142.33129803 22.52836776 70.53237061
v 142.33129803 21.18915961 72.12122504
v 142.33129803 19.82642929 73.61634537
v 142.33129803 18.44240586 75.01619831
v 142.33129803 17.03872193 76.31926993
v 142.33129803 15.61636135 77.52408999
v 142.33129803 14.17559320 78.62925171
v 142.33129803 12.71588237 79.63342805
v 142.33129803 11.23576059 80.53538519
v 142.33129803 9.73262860 81.33399365
v 142.33129803 8.20243355 82.02823766
v 142.33129803 6.63910699 82.61722280
v 142.33129803 5.03350103 83.10018231
v 142.33129803 3.37113088 83.47648226
v 142.33129803 1.62646567 83.74562556
v 142.33129803 -0.25692250 83.90725501
v 142.33129803 -2.59730299 83.96115544
v 142.33129803 -4.93768347 83.90725501
v 142.33129803 -6.82107165 83.74562556
v 142.33129803 -8.56573686 83.47648226
v 142.33129803 -10.22810700 83.10018231
v 142.33129803 -11.83371296 82.61722280
v 142.33129803 -13.39703952 82.02823766
v 142.33129803 -14.92723458 81.33399365
v 142.33129803 -16.43036656 80.53538519
v 142.33129803 -17.91048834 79.63342805
v 142.33129803 -19.37019918 78.62925171
v 142.33129803 -20.81096733 77.52408999
v 142.33129803 -22.23332790 76.31926993
v 142.33129803 -23.63701183 75.01619831
v 142.33129803 -25.02103526 73.61634537
v 142.33129803 -26.38376558 72.12122504
v 142.33129803 -27.72297373 70.53237061
v 142.33129803 -29.03587840 68.85130453
v 142.33129803 -30.31918553 67.07950042
v 142.33129803 -31.56912506 65.21833430
v 142.33129803 -32.78148576 63.26902102
v 142.33129803 -33.95164818 61.23252937
v 142.33129803 -35.07461479 59.10946576
v 142.33129803 -36.14503550 56.89991020
v 142.33129803 -37.15722481 54.60317651
v 142.33129803 -38.10516438 52.21744689
v 142.33129803 -38.98247934 49.73918563
v 142.33129803 -39.78236539 47.16213546
v 142.33129803 -40.49741751 44.47544646
v 142.33129803 -41.11923868 41.65974837
v 142.33129803 -41.63746528 38.67727879
v 142.33129803 -42.03669452 35.43764055
v 142.33129803 -42.27371819 31.39930220
v 142.33129803 -42.24715998 27.17885922
v 142.33129803 -42.16746392 25.20052364
v 142.33129803 -42.03456509 23.64309114
v 142.33129803 -41.84835322 22.31314182
v 142.33129803 -41.60866953 21.13464723
v 142.33129803 -41.31530202 20.06844320
v 142.33129803 -40.96797933 19.09131094
v 142.33129803 -40.56636258 18.18822775
v 142.33129803 -40.11003520 17.34887637
v 142.33129803 -39.59848999 16.56585877
v 142.33129803 -39.03111315 15.83369513
v 142.33129803 -38.40716425 15.14822326
v 142.33129803 33.21255828 15.14822326
v 142.33129803 33.83650718 15.83369513
v 142.33129803 34.40388402 16.56585877
v 142.33129803 34.91542923 17.34887637
v 142.33129803 35.37175661 18.18822775
v 142.33129803 35.77337335 19.09131094
v 142.33129803 36.12069605 20.06844320
v 142.33129803 36.41406356 21.13464723
v 142.33129803 36.65374725 22.31314182
v 142.33129803 36.83995911 23.64309114
v 142.33129803 36.97285795 25.20052364
v 142.33129803 37.05255401 27.17885922
v 143.88526569 37.46927062 30.78802785
v 143.88526569 37.23555031 34.77454428
v 143.88526569 36.83989860 37.97797033
v 143.88526569 36.32491464 40.92877302
v 143.88526569 35.70581131 43.71559121
v 143.88526569 34.99283419 46.37543975
v 143.88526569 34.19429166 48.92728802
v 143.88526569 33.31751628 51.38174391
v 143.88526569 32.36925071 53.74490785
v 143.88526569 31.35581660 56.02020917
v 143.88526569 30.28318625 58.20939138
v 143.88526569 29.15700576 60.31308781
v 143.88526569 27.98259215 62.33118047
v 143.88526569 26.76491612 64.26303558
v 143.88526569 25.50857651 66.10766474
v 143.88526569 24.21777015 67.86383925
v 143.88526569 22.89625893 69.53017352
v 143.88526569 21.54733494 71.10518764
v 143.88526569 20.17378365 72.58735530
v 143.88526569 18.77784434 73.97514120
v 143.88526569 17.36116564 75.26703079
v 143.88526569 15.92475303 76.46155420
v 143.88526569 14.46890229 77.55730574
v 143.88526569 12.99310958 78.55295995
v 143.88526569 11.49594164 79.44728484
v 143.88526569 9.97483665 80.23915295
v 143.88526569 8.42577982 80.92755050
v 143.88526569 6.84273834 81.51158496
v 143.88526569 5.21659224 81.99049135
v 143.88526569 3.53286634 82.36363722
v 143.88526569 1.76599629 82.63052670
v 143.88526569 -0.14060101 82.79080349
v 143.88526569 -2.50605841 82.84425298
v 143.88526569 -4.87151582 82.79080349
v 143.88526569 -6.77811311 82.63052670
v 143.88526569 -8.54498316 82.36363722
v 143.88526569 -10.22870906 81.99049135
v 143.88526569 -11.85485517 81.51158496
v 143.88526569 -13.43789664 80.92755050
v 143.88526569 -14.98695347 80.23915295
v 143.88526569 -16.50805846 79.44728484
v 143.88526569 -18.00522640 78.55295995
v 143.88526569 -19.48101911 77.55730574
v 143.88526569 -20.93686986 76.46155420
v 143.88526569 -22.37328247 75.26703079
v 143.88526569 -23.78996116 73.97514120
v 143.88526569 -25.18590048 72.58735530
v 143.88526569 -26.55945176 71.10518764
v 143.88526569 -27.90837576 69.53017352
v 143.88526569 -29.22988697 67.86383925
v 143.88526569 -30.52069333 66.10766474
v 143.88526569 -31.77703294 64.26303558
v 143.88526569 -32.99470897 62.33118047
v 143.88526569 -34.16912258 60.31308781
v 143.88526569 -35.29530308 58.20939138
v 143.88526569 -36.36793342 56.02020917
v 143.88526569 -37.38136753 53.74490785
v 143.88526569 -38.32963310 51.38174391
v 143.88526569 -39.20640848 48.92728802
v 143.88526569 -40.00495101 46.37543975
v 143.88526569 -40.71792813 43.71559121
v 143.88526569 -41.33703146 40.92877302
v 143.88526569 -41.85201542 37.97797033
v 143.88526569 -42.24766713 34.77454428
v 143.88526569 -42.48138744 30.78802785
v 143.88526569 -42.45462915 26.60818418
v 143.88526569 -42.37433267 24.64887956
v 143.88526569 -42.24043261 23.10642905
v 143.88526569 -42.05281786 21.78927341
v 143.88526569 -41.81132844 20.62211556
v 143.88526569 -41.51575076 19.56616807
v 143.88526569 -41.16581141 18.59843551
v 143.88526569 -40.76116897 17.70403969
v 143.88526569 -40.30140371 16.87276260
v 143.88526569 -39.78600463 16.09727738
v 143.88526569 -39.21435329 15.37215692
v 143.88526569 -38.58570369 14.69327906
v 143.88526569 33.57358687 14.69327906
v 143.88526569 34.20223647 15.37215692
v 143.88526569 34.77388781 16.09727738
v 143.88526569 35.28928689 16.87276260
v 143.88526569 35.74905215 17.70403969
v 143.88526569 36.15369459 18.59843551
v 143.88526569 36.50363394 19.56616807
v 143.88526569 36.79921162 20.62211556
v 143.88526569 37.04070104 21.78927341
v 143.88526569 37.22831578 23.10642905
v 143.88526569 37.36221585 24.64887956
v 143.88526569 37.44251233 26.60818418
v 145.43888687 37.86628391 30.17583760
v 145.43888687 37.63586108 34.11032279
v 145.43888687 37.24380761 37.27710470
v 145.43888687 36.73210211 40.19576553
v 145.43888687 36.11576246 42.95320930
v 145.43888687 35.40491273 45.58571346
v 145.43888687 34.60776979 48.11185241
v 145.43888687 33.73159121 50.54199607
v 145.43888687 32.78305573 52.88209108
v 145.43888687 31.76842965 55.13546293
v 145.43888687 30.69363726 57.30378297
v 145.43888687 29.56428338 59.38763359
v 145.43888687 28.38565029 61.38686051
v 145.43888687 27.16268029 63.30080415
v 145.43888687 25.89995024 65.12845798
v 145.43888687 24.60164133 66.86858076
v 145.43888687 23.27150624 68.51977861
v 145.43888687 21.91283423 70.08056649
v 145.43888687 20.52841429 71.54941533
v 145.43888687 19.12049542 72.92478886
v 145.43888687 17.69074204 74.20517283
v 145.43888687 16.24018111 75.38909864
v 145.43888687 14.76913524 76.47516249
v 145.43888687 13.27713212 77.46204124
v 145.43888687 11.76277386 78.34850542
v 145.43888687 10.22353658 79.13343017
v 145.43888687 8.65544409 79.81580423
v 145.43888687 7.05249969 80.39473746
v 145.43888687 5.40561157 80.86946699
v 145.43888687 3.70031389 81.23936221
v 145.43888687 1.91100717 81.50392872
v 145.43888687 -0.01905296 81.66281129
v 145.43888687 -2.40991375 81.71579596
v 145.43888687 -4.80077453 81.66281129
v 145.43888687 -6.73083467 81.50392872
v 145.43888687 -8.52014139 81.23936221
v 145.43888687 -10.22543907 80.86946699
v 145.43888687 -11.87232719 80.39473746
v 145.43888687 -13.47527159 79.81580423
v 145.43888687 -15.04336408 79.13343017
v 145.43888687 -16.58260136 78.34850542
v 145.43888687 -18.09695962 77.46204124
v 145.43888687 -19.58896274 76.47516249
v 145.43888687 -21.06000861 75.38909864
v 145.43888687 -22.51056954 74.20517283
v 145.43888687 -23.94032292 72.92478886
v 145.43888687 -25.34824179 71.54941533
v 145.43888687 -26.73266173 70.08056649
v 145.43888687 -28.09133374 68.51977861
v 145.43888687 -29.42146883 66.86858076
v 145.43888687 -30.71977773 65.12845798
v 145.43888687 -31.98250779 63.30080415
v 145.43888687 -33.20547779 61.38686051
v 145.43888687 -34.38411088 59.38763359
v 145.43888687 -35.51346476 57.30378297
v 145.43888687 -36.58825715 55.13546293
v 145.43888687 -37.60288323 52.88209108
v 145.43888687 -38.55141871 50.54199607
v 145.43888687 -39.42759729 48.11185241
v 145.43888687 -40.22474023 45.58571346
v 145.43888687 -40.93558996 42.95320930
v 145.43888687 -41.55192961 40.19576553
v 145.43888687 -42.06363511 37.27710470
v 145.43888687 -42.45568857 34.11032279
v 145.43888687 -42.68611141 30.17583760
v 145.43888687 -42.65915172 26.03744746
v 145.43888687 -42.57825090 24.09757420
v 145.43888687 -42.44334306 22.57042092
v 145.43888687 -42.25431626 21.26632816
v 145.43888687 -42.01100930 20.11074557
v 145.43888687 -41.71320700 19.06527043
v 145.43888687 -41.36063388 18.10713534
v 145.43888687 -40.95294596 17.22160967
v 145.43888687 -40.48972034 16.39857676
v 145.43888687 -39.97044218 15.63078240
v 145.43888687 -39.39448839 14.91285331
v 145.43888687 -38.76110735 14.24070821
v 145.43888687 33.94127985 14.24070821
v 145.43888687 34.57466089 14.91285331
v 145.43888687 35.15061468 15.63078240
v 145.43888687 35.66989284 16.39857676
v 145.43888687 36.13311846 17.22160967
v 145.43888687 36.54080638 18.10713534
v 145.43888687 36.89337950 19.06527043
v 145.43888687 37.19118180 20.11074557
v 145.43888687 37.43448876 21.26632816
v 145.43888687 37.62351556 22.57042092
v 145.43888687 37.75842340 24.09757420
v 145.43888687 37.83932422 26.03744746
v 146.99202307 38.26780781 29.56426756
v 146.99202307 38.04067573 33.44658613
v 146.99202307 37.65224153 36.57635164
v 146.99202307 37.14385248 39.46245014
v 146.99202307 36.53032661 42.19007603
v 146.99202307 35.82166306 44.79478033
v 146.99202307 35.02598442 47.29474873
v 146.99202307 34.15047083 49.70011748
v 146.99202307 33.20173487 52.01668267
v 146.99202307 32.18598537 54.24766854
v 146.99202307 31.10909667 56.39467651
v 146.99202307 29.97663049 58.45823993
v 146.99202307 28.79383265 60.43816998
v 146.99202307 27.56561554 62.33378288
v 146.99202307 26.29653257 64.14405536
v 146.99202307 24.99074812 65.86773502
v 146.99202307 23.65200458 67.50342093
v 146.99202307 22.28358749 69.04962408
v 146.99202307 20.88828866 70.50481373
v 146.99202307 19.46836632 71.86745361
v 146.99202307 18.02550033 73.13603076
v 146.99202307 16.56073905 74.30907867
v 146.99202307 15.07443193 75.38519626
v 146.99202307 13.56613841 76.36306340
v 146.99202307 12.03449633 77.24145382
v 146.99202307 10.47702020 78.01924583
v 146.99202307 8.88977295 78.69543122
v 146.99202307 7.26679452 79.26912267
v 146.99202307 5.59902162 79.73955984
v 146.99202307 3.87199769 80.10611425
v 146.99202307 2.06008692 80.36829322
v 146.99202307 0.10637893 80.52574275
v 146.99202307 -2.31013091 80.57824967
v 146.99202307 -4.72664075 80.52574275
v 146.99202307 -6.68034874 80.36829322
v 146.99202307 -8.49225951 80.10611425
v 146.99202307 -10.21928344 79.73955984
v 146.99202307 -11.88705634 79.26912267
v 146.99202307 -13.51003476 78.69543122
v 146.99202307 -15.09728201 78.01924583
v 146.99202307 -16.65475814 77.24145382
v 146.99202307 -18.18640023 76.36306340
v 146.99202307 -19.69469375 75.38519626
v 146.99202307 -21.18100086 74.30907867
v 146.99202307 -22.64576215 73.13603076
v 146.99202307 -24.08862814 71.86745361
v 146.99202307 -25.50855048 70.50481373
v 146.99202307 -26.90384930 69.04962408
v 146.99202307 -28.27226640 67.50342093
v 146.99202307 -29.61100994 65.86773502
v 146.99202307 -30.91679439 64.14405536
v 146.99202307 -32.18587735 62.33378288
v 146.99202307 -33.41409447 60.43816998
v 146.99202307 -34.59689231 58.45823993
v 146.99202307 -35.72935848 56.39467651
v 146.99202307 -36.80624719 54.24766854
v 146.99202307 -37.82199669 52.01668267
v 146.99202307 -38.77073265 49.70011748
v 146.99202307 -39.64624624 47.29474873
v 146.99202307 -40.44192487 44.79478033
v 146.99202307 -41.15058842 42.19007603
v 146.99202307 -41.76411430 39.46245014
v 146.99202307 -42.27250335 36.57635164
v 146.99202307 -42.66093755 33.44658613
v 146.99202307 -42.88806963 29.56426756
v 146.99202307 -42.86090796 25.46811057
v 146.99202307 -42.77940105 23.54803414
v 146.99202307 -42.64348250 22.03646578
v 146.99202307 -42.45303956 20.74568156
v 146.99202307 -42.20790979 19.60189194
v 146.99202307 -41.90787642 18.56708609
v 146.99202307 -41.55266189 17.61872898
v 146.99202307 -41.14191965 16.74224029
v 146.99202307 -40.67522364 15.92760661
v 146.99202307 -40.15205516 15.16764775
v 146.99202307 -39.57178644 14.45704528
v 146.99202307 -38.93366024 13.79175957
v 146.99202307 34.31339842 13.79175957
v 146.99202307 34.95152462 14.45704528
v 146.99202307 35.53179334 15.16764775
v 146.99202307 36.05496183 15.92760661
v 146.99202307 36.52165783 16.74224029
v 146.99202307 36.93240007 17.61872898
v 146.99202307 37.28761460 18.56708609
v 146.99202307 37.58764797 19.60189194
v 146.99202307 37.83277774 20.74568156
v 146.99202307 38.02322069 22.03646578
v 146.99202307 38.15913923 23.54803414
v 146.99202307 38.24064614 25.46811057
v 148.54453593 38.67150073 28.95485089
v 148.54453593 38.44765128 32.78493986
v 148.54453593 38.06285690 35.87737584
v 148.54453593 37.55782349 38.73054570
v 148.54453593 36.94716465 41.42796119
v 148.54453593 36.24075137 44.00445850
v 148.54453593 35.44660928 46.47784135
v 148.54453593 34.57183872 48.85801679
v 148.54453593 33.62298393 51.15063375
v 148.54453593 32.60619425 53.35881790
v 148.54453593 31.52729212 55.48410299
v 148.54453593 30.39179440 57.52697529
v 148.54453593 29.20490876 59.48721321
v 148.54453593 27.97151612 61.36411030
v 148.54453593 26.69614512 63.15662804
v 148.54453593 25.38294202 64.86350418
v 148.54453593 24.03563785 66.48333198
v 148.54453593 22.65751355 68.01461960
v 148.54453593 21.25136303 69.45583568
v 148.54453593 19.81945319 70.80544499
v 148.54453593 18.36347900 72.06193671
v 148.54453593 16.88450999 73.22384732
v 148.54453593 15.38292250 74.28977919
v 148.54453593 13.85830787 75.25841594
v 148.54453593 12.30933994 76.12853512
v 148.54453593 10.73357210 76.89901879
v 148.54453593 9.12710687 77.56886230
v 148.54453593 7.48402138 78.13718161
v 148.54453593 5.79528129 78.60321924
v 148.54453593 4.04643945 78.96634917
v 148.54453593 2.21182303 79.22608064
v 148.54453593 0.23435211 79.38206111
v 148.54453593 -2.20797076 79.43407824
v 148.54453593 -4.65029363 79.38206111
v 148.54453593 -6.62776455 79.22608064
v 148.54453593 -8.46238097 78.96634917
v 148.54453593 -10.21122281 78.60321924
v 148.54453593 -11.89996290 78.13718161
v 148.54453593 -13.54304839 77.56886230
v 148.54453593 -15.14951362 76.89901879
v 148.54453593 -16.72528146 76.12853512
v 148.54453593 -18.27424939 75.25841594
v 148.54453593 -19.79886402 74.28977919
v 148.54453593 -21.30045151 73.22384732
v 148.54453593 -22.77942052 72.06193671
v 148.54453593 -24.23539471 70.80544499
v 148.54453593 -25.66730455 69.45583568
v 148.54453593 -27.07345507 68.01461960
v 148.54453593 -28.45157937 66.48333198
v 148.54453593 -29.79888354 64.86350418
v 148.54453593 -31.11208664 63.15662804
v 148.54453593 -32.38745764 61.36411030
v 148.54453593 -33.62085028 59.48721321
v 148.54453593 -34.80773591 57.52697529
v 148.54453593 -35.94323363 55.48410299
v 148.54453593 -37.02213577 53.35881790
v 148.54453593 -38.03892544 51.15063375
v 148.54453593 -38.98778024 48.85801679
v 148.54453593 -39.86255080 46.47784135
v 148.54453593 -40.65669288 44.00445850
v 148.54453593 -41.36310617 41.42796119
v 148.54453593 -41.97376501 38.73054570
v 148.54453593 -42.47879842 35.87737584
v 148.54453593 -42.86359280 32.78493986
v 148.54453593 -43.08744225 28.95485089
v 148.54453593 -43.06007875 24.90163193
v 148.54453593 -42.97796616 23.00168272
v 148.54453593 -42.84103761 21.50595940
v 148.54453593 -42.64917949 20.22870584
v 148.54453593 -42.40222818 19.09690601
v 148.54453593 -42.09996527 18.07294753
v 148.54453593 -41.74211116 17.13453158
v 148.54453593 -41.32831672 16.26723070
v 148.54453593 -40.85815271 15.46113642
v 148.54453593 -40.33109659 14.70914385
v 148.54453593 -39.74651592 14.00599028
v 148.54453593 -39.10364783 13.34767843
v 148.54453593 34.68770631 13.34767843
v 148.54453593 35.33057440 14.00599028
v 148.54453593 35.91515507 14.70914385
v 148.54453593 36.44221120 15.46113642
v 148.54453593 36.91237520 16.26723070
v 148.54453593 37.32616964 17.13453158
v 148.54453593 37.68402375 18.07294753
v 148.54453593 37.98628666 19.09690601
v 148.54453593 38.23323797 20.22870584
v 148.54453593 38.42509610 21.50595940
v 148.54453593 38.56202465 23.00168272
v 148.54453593 38.64413723 24.90163193
v 150.09628720 39.07502585 28.34911646
v 150.09628720 38.85444898 32.12698373
v 150.09628720 38.47331364 35.18183551
v 150.09628720 37.97167533 38.00176429
v 150.09628720 37.36393892 40.66862760
v 150.09628720 36.65984418 43.21655909
v 150.09628720 35.86731730 45.66298757
v 150.09628720 34.99337653 48.01759564
v 150.09628720 34.04449568 50.28588851
v 150.09628720 33.02676266 52.47089609
v 150.09628720 31.94594614 54.57408674
v 150.09628720 30.80751637 56.59590167
v 150.09628720 29.61664126 58.53608821
v 150.09628720 28.37816874 60.39391888
v 150.09628720 27.09660127 62.16834132
v 150.09628720 25.77606579 63.85808475
v 150.09628720 24.42028090 65.46173783
v 150.09628720 23.03252201 66.97780703
v 150.09628720 21.61558436 68.40476141
v 150.09628720 20.17174298 69.74106773
v 150.09628720 18.70270752 70.98521824
v 150.09628720 17.20956849 72.13575321
v 150.09628720 15.69272904 73.19127922
v 150.09628720 14.15181252 74.15048433
v 150.09628720 12.58552905 75.01215053
v 150.09628720 10.99147123 75.77516420
v 150.09628720 9.36578172 76.43852473
v 150.09628720 7.70257531 77.00135177
v 150.09628720 5.99284714 77.46289110
v 150.09628720 4.22215979 77.82251941
v 150.09628720 2.36480311 78.07974814
v 150.09628720 0.36352531 78.23422633
v 150.09628720 -2.10469201 78.28574258
v 150.09628720 -4.57290934 78.23422633
v 150.09628720 -6.57418713 78.07974814
v 150.09628720 -8.43154381 77.82251941
v 150.09628720 -10.20223116 77.46289110
v 150.09628720 -11.91195934 77.00135177
v 150.09628720 -13.57516575 76.43852473
v 150.09628720 -15.20085526 75.77516420
v 150.09628720 -16.79491308 75.01215053
v 150.09628720 -18.36119654 74.15048433
v 150.09628720 -19.90211307 73.19127922
v 150.09628720 -21.41895252 72.13575321
v 150.09628720 -22.91209155 70.98521824
v 150.09628720 -24.38112701 69.74106773
v 150.09628720 -25.82496839 68.40476141
v 150.09628720 -27.24190604 66.97780703
v 150.09628720 -28.62966493 65.46173783
v 150.09628720 -29.98544982 63.85808475
v 150.09628720 -31.30598530 62.16834132
v 150.09628720 -32.58755277 60.39391888
v 150.09628720 -33.82602529 58.53608821
v 150.09628720 -35.01690040 56.59590167
v 150.09628720 -36.15533017 54.57408674
v 150.09628720 -37.23614668 52.47089609
v 150.09628720 -38.25387971 50.28588851
v 150.09628720 -39.20276056 48.01759564
v 150.09628720 -40.07670133 45.66298757
v 150.09628720 -40.86922821 43.21655909
v 150.09628720 -41.57332295 40.66862760
v 150.09628720 -42.18105936 38.00176429
v 150.09628720 -42.68269767 35.18183551
v 150.09628720 -43.06383301 32.12698373
v 150.09628720 -43.28440987 28.34911646
v 150.09628720 -43.25684540 24.33946555
v 150.09628720 -43.17412972 22.45993889
v 150.09628720 -43.03619548 20.98029310
v 150.09628720 -42.84292822 19.71676874
v 150.09628720 -42.59416313 18.59713463
v 150.09628720 -42.28968020 17.58418268
v 150.09628720 -41.92919777 16.65585377
v 150.09628720 -41.51236414 15.79787550
v 150.09628720 -41.03874693 15.00044593
v 150.09628720 -40.50781975 14.25653652
v 150.09628720 -39.91894553 13.56094115
v 150.09628720 35.06197176 12.90970550
v 150.09628720 35.70956150 13.56094115
v 150.09628720 36.29843572 14.25653652
v 150.09628720 36.82936291 15.00044593
v 150.09628720 37.30298011 15.79787550
v 150.09628720 37.71981374 16.65585377
v 150.09628720 38.08029617 17.58418268
v 150.09628720 38.38477910 18.59713463
v 150.09628720 38.63354419 19.71676874
v 150.09628720 38.82681145 20.98029310
v 150.09628720 38.96474569 22.45993889
v 150.09628720 39.04746137 24.33946555
v 151.64713881 39.47605311 27.74858751
v 151.64713881 39.25873634 31.47431030
v 151.64713881 38.88127719 34.49138111
v 151.64713881 38.38307277 37.27780984
v 151.64713881 37.77831528 39.91382966
v 151.64713881 37.07661051 42.43288467
v 151.64713881 36.28578276 44.85203613
v 151.64713881 35.41276615 47.18074707
v 151.64713881 34.46396205 49.42438264
v 151.64713881 33.44539505 51.58587977
v 151.64713881 32.36277833 53.66664382
v 151.64713881 31.22153381 55.66707288
v 151.64713881 30.02678807 57.58688503
v 151.64713881 28.78335459 59.42533327
v 151.64713881 27.49570830 61.18135285
v 151.64713881 26.16795560 62.85366578
v 151.64713881 24.80380159 64.44085729
v 151.64713881 23.40651520 65.94143327
v 151.64713881 21.97889227 67.35386425
v 151.64713881 20.52321533 68.67661989
v 151.64713881 19.04120828 69.90819639
v 151.64713881 17.53398234 71.04713861
v 151.64713881 16.00196735 72.09205809
v 151.64713881 14.44481872 73.04164800
v 151.64713881 12.86128305 73.89469536
v 151.64713881 11.24899248 74.65009141
v 151.64713881 9.60413020 75.30684008
v 151.64713881 7.92084924 75.86406509
v 151.64713881 6.19017474 76.32101582
v 151.64713881 4.39767947 76.67707200
v 151.64713881 2.51761610 76.93174747
v 151.64713881 0.49255975 77.08469299
v 151.64713881 -2.00155012 77.13569824
v 151.64713881 -4.49566000 77.08469299
v 151.64713881 -6.52071635 76.93174747
v 151.64713881 -8.40077972 76.67707200
v 151.64713881 -10.19327498 76.32101582
v 151.64713881 -11.92394949 75.86406509
v 151.64713881 -13.60723045 75.30684008
v 151.64713881 -15.25209272 74.65009141
v 151.64713881 -16.86438329 73.89469536
v 151.64713881 -18.44791896 73.04164800
v 151.64713881 -20.00506760 72.09205809
v 151.64713881 -21.53708259 71.04713861
v 151.64713881 -23.04430853 69.90819639
v 151.64713881 -24.52631558 68.67661989
v 151.64713881 -25.98199252 67.35386425
v 151.64713881 -27.40961545 65.94143327
v 151.64713881 -28.80690184 64.44085729
v 151.64713881 -30.17105585 62.85366578
v 151.64713881 -31.49880855 61.18135285
v 151.64713881 -32.78645483 59.42533327
v 151.64713881 -34.02988832 57.58688503
v 151.64713881 -35.22463406 55.66707288
v 151.64713881 -36.36587858 53.66664382
v 151.64713881 -37.44849530 51.58587977
v 151.64713881 -38.46706230 49.42438264
v 151.64713881 -39.41586640 47.18074707
v 151.64713881 -40.28888301 44.85203613
v 151.64713881 -41.07971075 42.43288467
v 151.64713881 -41.78141553 39.91382966
v 151.64713881 -42.38617302 37.27780984
v 151.64713881 -42.88437744 34.49138111
v 151.64713881 -43.26183658 31.47431030
v 151.64713881 -43.47915336 27.74858751
v 151.64713881 -43.45138948 23.78305982
v 151.64713881 -43.36807546 21.92421596
v 151.64713881 -43.22914343 20.46085257
v 151.64713881 -43.03447812 19.21123235
v 151.64713881 -42.78391351 18.10391898
v 151.64713881 -42.47722802 17.10211381
v 151.64713881 -42.11413793 16.18400046
v 151.64713881 -41.69428902 15.33546361
v 151.64713881 -41.21724577 14.54680916
v 151.64713881 -40.68247797 13.81108592
v 151.64713881 -40.08934395 13.12314506
v 151.64713881 35.43396943 12.47907577
v 151.64713881 36.08624370 13.12314506
v 151.64713881 36.67937772 13.81108592
v 151.64713881 37.21414552 14.54680916
v 151.64713881 37.69118877 15.33546361
v 151.64713881 38.11103769 16.18400046
v 151.64713881 38.47412777 17.10211381
v 151.64713881 38.78081327 18.10391898
v 151.64713881 39.03137787 19.21123235
v 151.64713881 39.22604318 20.46085257
v 151.64713881 39.36497521 21.92421596
v 151.64713881 39.44828924 23.78305982
v 153.19695288 39.87226132 27.15478035
v 153.19695288 39.65818923 30.82850368
v 153.19695288 39.28442057 33.80765396
v 153.19695288 38.78968724 36.56037671
v 153.19695288 38.18796531 39.16531200
v 153.19695288 37.48872395 41.65522787
v 153.19695288 36.69968350 44.04682571
v 153.19695288 35.82769190 46.34935407
v 153.19695288 34.87907630 48.56804174
v 153.19695288 33.85979619 50.70573559
v 153.19695288 32.77550757 52.76378029
v 153.19695288 31.63158247 54.74253289
v 153.19695288 30.43310460 56.64168394
v 153.19695288 29.18485159 58.46046851
v 153.19695288 27.89126955 60.19781084
v 153.19695288 26.55644314 61.85242701
v 153.19695288 25.18406287 63.42290002
v 153.19695288 23.77739031 64.90773625
v 153.19695288 22.33922109 66.30540869
v 153.19695288 20.87184460 67.61439084
v 153.19695288 19.37699853 68.83318368
v 153.19695288 17.85581447 69.96033744
v 153.19695288 16.30874880 70.99446936
v 153.19695288 14.73548894 71.93427830
v 153.19695288 13.13481811 72.77855697
v 153.19695288 11.50440826 73.52620195
v 153.19695288 9.84048349 74.17622215
v 153.19695288 8.13723553 74.72774581
v 153.19695288 6.38572011 75.18002623
v 153.19695288 4.57152080 75.53244643
v 153.19695288 2.66885356 75.78452287
v 153.19695288 0.62012025 75.93590822
v 153.19695288 -1.89979617 75.98639328
v 153.19695288 -4.41971259 75.93590822
v 153.19695288 -6.46844590 75.78452287
v 153.19695288 -8.37111313 75.53244643
v 153.19695288 -10.18531245 75.18002623
v 153.19695288 -11.93682787 74.72774581
v 153.19695288 -13.64007582 74.17622215
v 153.19695288 -15.30400059 73.52620195
v 153.19695288 -16.93441045 72.77855697
v 153.19695288 -18.53508128 71.93427830
v 153.19695288 -20.10834114 70.99446936
v 153.19695288 -21.65540681 69.96033744
v 153.19695288 -23.17659087 68.83318368
v 153.19695288 -24.67143693 67.61439084
v 153.19695288 -26.13881342 66.30540869
v 153.19695288 -27.57698265 64.90773625
v 153.19695288 -28.98365520 63.42290002
v 153.19695288 -30.35603548 61.85242701
v 153.19695288 -31.69086189 60.19781084
v 153.19695288 -32.98444393 58.46046851
v 153.19695288 -34.23269693 56.64168394
v 153.19695288 -35.43117480 54.74253289
v 153.19695288 -36.57509990 52.76378029
v 153.19695288 -37.65938852 50.70573559
v 153.19695288 -38.67866863 48.56804174
v 153.19695288 -39.62728424 46.34935407
v 153.19695288 -40.49927584 44.04682571
v 153.19695288 -41.28831629 41.65522787
v 153.19695288 -41.98755764 39.16531200
v 153.19695288 -42.58927958 36.56037671
v 153.19695288 -43.08401291 33.80765396
v 153.19695288 -43.45778157 30.82850368
v 153.19695288 -43.67185365 27.15478035
v 153.19695288 -43.64389268 23.23385624
v 153.19695288 -43.55998720 21.39592034
v 153.19695288 -43.42006888 19.94901661
v 153.19695288 -43.22402162 18.71345191
v 153.19695288 -42.97167822 17.61859341
v 153.19695288 -42.66281553 16.62805638
v 153.19695288 -42.29714783 15.72026981
v 153.19695288 -41.87431836 14.88127716
v 153.19695288 -41.39388852 14.10149336
v 153.19695288 -40.85532435 13.37404541
v 153.19695288 -40.25797960 12.69384239
v 153.19695288 36.45838727 12.69384239
v 153.19695288 37.05573201 13.37404541
v 153.19695288 37.59429619 14.10149336
v 153.19695288 38.07472602 14.88127716
v 153.19695288 38.49755550 15.72026981
v 153.19695288 38.86322320 16.62805638
v 153.19695288 39.17208589 17.61859341
v 153.19695288 39.42442928 18.71345191
v 153.19695288 39.62047654 19.94901661
v 153.19695288 39.76039487 21.39592034
v 153.19695288 39.84430035 23.23385624
v 154.74559179 40.26134013 26.56920307
v 154.74559179 40.05049395 30.19113820
v 154.74559179 39.68042647 33.13228491
v 154.74559179 39.18919900 35.85114838
v 154.74559179 38.59056839 38.42480804
v 154.74559179 37.89386495 40.88536989
v 154.74559179 37.10670308 43.24918344
v 154.74559179 36.23584279 45.52528801
v 154.74559179 35.28753528 47.71877980
v 154.74559179 34.26767336 49.83241855
v 154.74559179 33.18185429 51.86749067
v 154.74559179 32.03539869 53.82431418
v 154.74559179 30.83334601 55.70255382
v 154.74559179 29.58043667 57.50142832
v 154.74559179 28.28108670 59.21985228
v 154.74559179 26.93935786 60.85653710
v 154.74559179 25.55892505 62.41006473
v 154.74559179 24.14304155 63.87894308
v 154.74559179 22.69450197 65.26164855
v 154.74559179 21.21560195 66.55665940
v 154.74559179 19.70809241 67.76248221
v 154.74559179 18.17312494 68.87767333
v 154.74559179 16.61118223 69.90085635
v 154.74559179 15.02198362 70.83073653
v 154.74559179 13.40434900 71.66611274
v 154.74559179 11.75599027 72.40588744
v 154.74559179 10.07317281 73.04907498
v 154.74559179 8.35012748 73.59480848
v 154.74559179 6.57794116 74.04234548
v 154.74559179 4.74220892 74.39107257
v 154.74559179 2.81711087 74.64050903
v 154.74559179 0.74487646 74.79030956
v 154.74559179 -1.80067576 74.84026622
v 154.74559179 -4.34622797 74.79030956
v 154.74559179 -6.41846239 74.64050903
v 154.74559179 -8.34356044 74.39107257
v 154.74559179 -10.17929268 74.04234548
v 154.74559179 -11.95147899 73.59480848
v 154.74559179 -13.67452433 73.04907498
v 154.74559179 -15.35734178 72.40588744
v 154.74559179 -17.00570051 71.66611274
v 154.74559179 -18.62333514 70.83073653
v 154.74559179 -20.21253374 69.90085635
v 154.74559179 -21.77447646 68.87767333
v 154.74559179 -23.30944392 67.76248221
v 154.74559179 -24.81695346 66.55665940
v 154.74559179 -26.29585349 65.26164855
v 154.74559179 -27.74439306 63.87894308
v 154.74559179 -29.16027656 62.41006473
v 154.74559179 -30.54070937 60.85653710
v 154.74559179 -31.88243821 59.21985228
v 154.74559179 -33.18178819 57.50142832
v 154.74559179 -34.43469753 55.70255382
v 154.74559179 -35.63675020 53.82431418
v 154.74559179 -36.78320580 51.86749067
v 154.74559179 -37.86902488 49.83241855
v 154.74559179 -38.88888679 47.71877980
v 154.74559179 -39.83719431 45.52528801
v 154.74559179 -40.70805460 43.24918344
v 154.74559179 -41.49521647 40.88536989
v 154.74559179 -42.19191990 38.42480804
v 154.74559179 -42.79055052 35.85114838
v 154.74559179 -43.28177799 33.13228491
v 154.74559179 -43.65184546 30.19113820
v 154.74559179 -43.86269165 26.56920307
v 154.74559179 -43.83453659 22.69328819
v 154.74559179 -43.75004868 20.87645039
v 154.74559179 -43.60915912 19.44615602
v 154.74559179 -43.41175101 18.22477466
v 154.74559179 -43.15765599 17.14248430
v 154.74559179 -42.84664935 16.16331788
v 154.74559179 -42.47844338 15.26595201
v 154.74559179 -42.05267886 14.43659035
v 154.74559179 -41.56891415 13.66575788
v 154.74559179 -41.02661156 12.94666048
v 154.74559179 -40.42512038 12.27426567
v 154.74559179 36.82376887 12.27426567
v 154.74559179 37.42526005 12.94666048
v 154.74559179 37.96756263 13.66575788
v 154.74559179 38.45132735 14.43659035
v 154.74559179 38.87709187 15.26595201
v 154.74559179 39.24529783 16.16331788
v 154.74559179 39.55630448 17.14248430
v 154.74559179 39.81039949 18.22477466
v 154.74559179 40.00780761 19.44615602
v 154.74559179 40.14869717 20.87645039
v 154.74559179 40.23318507 22.69328819
v 156.29291813 40.64099209 25.99335420
v 156.29291813 40.43334919 29.56377717
v 156.29291813 40.06698936 32.46689306
v 156.29291813 39.57929924 35.15179611
v 156.29291813 38.98381393 37.69403862
v 156.29291813 38.28972295 40.12507913
v 156.29291813 37.50453306 42.46092350
v 156.29291813 36.63491474 44.71040716
v 156.29291813 35.68704175 46.87849762
v 156.29291813 34.66673874 48.96787048
v 156.29291813 33.57954281 50.97975629
v 156.29291813 32.43072181 52.91443603
v 156.29291813 31.22526958 54.77155044
v 156.29291813 29.96788808 56.55030336
v 156.29291813 28.66296206 58.24960118
v 156.29291813 27.31452929 59.86815185
v 156.29291813 25.92624805 61.40453735
v 156.29291813 24.50136241 62.85726817
v 156.29291813 23.04266517 64.22482508
v 156.29291813 21.55245752 65.50569193
v 156.29291813 20.03250307 66.69838172
v 156.29291813 18.48397300 67.80145762
v 156.29291813 16.90737595 68.81355026
v 156.29291813 15.30246307 69.73337186
v 156.29291813 13.66809083 70.55972804
v 156.29291813 12.00201124 71.29152761
v 156.29291813 10.30053112 71.92779075
v 156.29291813 8.55792089 72.46765584
v 156.29291813 6.76529914 72.91038499
v 156.29291813 4.90827322 73.25536859
v 156.29291813 2.96098855 73.50212895
v 156.29291813 0.86550397 73.65032293
v 156.29291813 -1.70542794 73.69974393
v 156.29291813 -4.27635985 73.65032293
v 156.29291813 -6.37184443 73.50212895
v 156.29291813 -8.31912911 73.25536859
v 156.29291813 -10.17615503 72.91038499
v 156.29291813 -11.96877677 72.46765584
v 156.29291813 -13.71138701 71.92779075
v 156.29291813 -15.41286712 71.29152761
v 156.29291813 -17.07894672 70.55972804
v 156.29291813 -18.71331896 69.73337186
v 156.29291813 -20.31823184 68.81355026
v 156.29291813 -21.89482888 67.80145762
v 156.29291813 -23.44335896 66.69838172
v 156.29291813 -24.96331340 65.50569193
v 156.29291813 -26.45352106 64.22482508
v 156.29291813 -27.91221829 62.85726817
v 156.29291813 -29.33710393 61.40453735
v 156.29291813 -30.72538517 59.86815185
v 156.29291813 -32.07381794 58.24960118
v 156.29291813 -33.37874396 56.55030336
v 156.29291813 -34.63612547 54.77155044
v 156.29291813 -35.84157769 52.91443603
v 156.29291813 -36.99039869 50.97975629
v 156.29291813 -38.07759463 48.96787048
v 156.29291813 -39.09789763 46.87849762
v 156.29291813 -40.04577062 44.71040716
v 156.29291813 -40.91538894 42.46092350
v 156.29291813 -41.70057884 40.12507913
v 156.29291813 -42.39466981 37.69403862
v 156.29291813 -42.99015512 35.15179611
v 156.29291813 -43.47784524 32.46689306
v 156.29291813 -43.84420508 29.56377717
v 156.29291813 -44.05184798 25.99335420
v 156.29291813 -44.02350255 22.16277965
v 156.29291813 -43.93844337 20.36719517
v 156.29291813 -43.79660118 18.95363234
v 156.29291813 -43.59785828 17.74653866
v 156.29291813 -43.34204519 16.67690891
v 156.29291813 -43.02893566 15.70919674
v 156.29291813 -42.65824006 14.82232823
v 156.29291813 -42.22959671 14.00266842
v 156.29291813 -41.74256100 13.24085312
v 156.29291813 -41.19659161 12.53016770
v 156.29291813 -40.59103342 11.86563855
v 156.29291813 37.18017754 11.86563855
v 156.29291813 37.78573573 12.53016770
v 156.29291813 38.33170512 13.24085312
v 156.29291813 38.81874083 14.00266842
v 156.29291813 39.24738417 14.82232823
v 156.29291813 39.61807978 15.70919674
v 156.29291813 39.93118931 16.67690891
v 156.29291813 40.18700240 17.74653866
v 156.29291813 40.38574530 18.95363234
v 156.29291813 40.52758749 20.36719517
v 156.29291813 40.61264666 22.16277965
v 157.83879483 41.00893461 25.42872148
v 157.83879483 40.80446817 28.94797155
v 157.83879483 40.44181750 31.81308447
v 157.83879483 39.95769215 34.46397755
v 157.83879483 39.36540347 36.97471064
v 157.83879483 38.67399860 39.37610979
v 157.83879483 37.89087518 41.68384562
v 157.83879483 37.02261287 43.90655525
v 157.83879483 36.07530665 46.04908137
v 157.83879483 35.05471171 48.11401849
v 157.83879483 33.96630371 50.10254371
v 157.83879483 32.81529649 52.01490300
v 157.83879483 31.60663708 53.85071480
v 157.83879483 30.34498779 55.60916960
v 157.83879483 29.03470100 57.28916690
v 157.83879483 27.67978944 58.88941241
v 157.83879483 26.28389378 60.40848924
v 157.83879483 24.85024799 61.84491144
v 157.83879483 23.38164229 63.19716508
v 157.83879483 21.88038268 64.46374044
v 157.83879483 20.34824490 65.64315765
v 157.83879483 18.78641919 66.73398747
v 157.83879483 17.19543983 67.73486815
v 157.83879483 15.57508947 68.64451947
v 157.83879483 13.92426106 69.46175430
v 157.83879483 12.24074668 70.18548825
v 157.83879483 10.52089481 70.81474778
v 157.83879483 8.75901568 71.34867684
v 157.83879483 6.94626014 71.78654239
v 157.83879483 5.06824870 72.12773892
v 157.83879483 3.09909350 72.37179189
v 157.83879483 0.98068554 72.51836052
v 157.83879483 -1.61528413 72.56723957
v 157.83879483 -4.21125380 72.51836052
v 157.83879483 -6.32966176 72.37179189
v 157.83879483 -8.29881696 72.12773892
v 157.83879483 -10.17682840 71.78654239
v 157.83879483 -11.98958393 71.34867684
v 157.83879483 -13.75146307 70.81474778
v 157.83879483 -15.47131494 70.18548825
v 157.83879483 -17.15482932 69.46175430
v 157.83879483 -18.80565773 68.64451947
v 157.83879483 -20.42600809 67.73486815
v 157.83879483 -22.01698745 66.73398747
v 157.83879483 -23.57881316 65.64315765
v 157.83879483 -25.11095094 64.46374044
v 157.83879483 -26.61221054 63.19716508
v 157.83879483 -28.08081624 61.84491144
v 157.83879483 -29.51446204 60.40848924
v 157.83879483 -30.91035769 58.88941241
v 157.83879483 -32.26526926 57.28916690
v 157.83879483 -33.57555605 55.60916960
v 157.83879483 -34.83720533 53.85071480
v 157.83879483 -36.04586475 52.01490300
v 157.83879483 -37.19687196 50.10254371
v 157.83879483 -38.28527997 48.11401849
v 157.83879483 -39.30587490 46.04908137
v 157.83879483 -40.25318113 43.90655525
v 157.83879483 -41.12144344 41.68384562
v 157.83879483 -41.90456686 39.37610979
v 157.83879483 -42.59597173 36.97471064
v 157.83879483 -43.18826041 34.46397755
v 157.83879483 -43.67238576 31.81308447
v 157.83879483 -44.03503643 28.94797155
v 157.83879483 -44.23950287 25.42872148
v 157.83879483 -44.21097149 21.64374406
v 157.83879483 -44.12535431 19.86953326
v 157.83879483 -43.98258161 18.47279674
v 157.83879483 -43.78253494 17.28007167
v 157.83879483 -43.52504367 16.22317422
v 157.83879483 -43.20988010 15.26698118
v 157.83879483 -42.83675268 14.39066949
v 157.83879483 -42.40529737 13.58076648
v 157.83879483 -41.91506663 12.82801943
v 157.83879483 -41.36551560 12.12579363
v 157.83879483 -40.75598487 11.46917468
v 157.83879483 37.52541661 11.46917468
v 157.83879483 38.13494735 12.12579363
v 157.83879483 38.68449838 12.82801943
v 157.83879483 39.17472911 13.58076648
v 157.83879483 39.60618442 14.39066949
v 157.83879483 39.97931184 15.26698118
v 157.83879483 40.29447541 16.22317422
v 157.83879483 40.55196668 17.28007167
v 157.83879483 40.75201336 18.47279674
v 157.83879483 40.89478606 19.86953326
v 157.83879483 40.98040323 21.64374406
v 159.38308511 41.36290195 24.87678053
v 159.38308511 41.16158055 28.34525875
v 159.38308511 40.80263505 31.17245086
v 159.38308511 40.32209710 33.78933555
v 159.38308511 39.73305289 36.26851576
v 159.38308511 39.04440594 38.64020048
v 159.38308511 38.26344371 40.91973376
v 159.38308511 37.39665384 43.11555997
v 159.38308511 36.45005147 45.23240106
v 159.38308511 35.42932123 47.27277343
v 159.38308511 34.33987622 49.23780316
v 159.38308511 33.18687517 51.12770324
v 159.38308511 31.97521721 52.94207149
v 159.38308511 30.70952398 54.68008657
v 159.38308511 29.39411440 56.34064238
v 159.38308511 28.03297521 57.92244355
v 159.38308511 26.62972855 59.42407541
v 159.38308511 25.18759742 60.84405653
v 159.38308511 23.70936864 62.18087912
v 159.38308511 22.19735234 63.43304071
v 159.38308511 20.65333573 64.59906933
v 159.38308511 19.07852759 65.67754393
v 159.38308511 17.47348736 66.66711103
v 159.38308511 15.83802888 67.56649851
v 159.38308511 14.17108134 68.37452696
v 159.38308511 12.47047681 69.09011926
v 159.38308511 10.73260542 69.71230850
v 159.38308511 8.95181749 70.24024456
v 159.38308511 7.11929662 70.67319954
v 159.38308511 5.22067737 71.01057220
v 159.38308511 3.23004031 71.25189139
v 159.38308511 1.08911224 71.39681877
v 159.38308511 -1.53146701 71.44515057
v 159.38308511 -4.15204625 71.39681877
v 159.38308511 -6.29297433 71.25189139
v 159.38308511 -8.28361138 71.01057220
v 159.38308511 -10.18223064 70.67319954
v 159.38308511 -12.01475150 70.24024456
v 159.38308511 -13.79553944 69.71230850
v 159.38308511 -15.53341082 69.09011926
v 159.38308511 -17.23401536 68.37452696
v 159.38308511 -18.90096290 67.56649851
v 159.38308511 -20.53642138 66.66711103
v 159.38308511 -22.14146160 65.67754393
v 159.38308511 -23.71626975 64.59906933
v 159.38308511 -25.26028636 63.43304071
v 159.38308511 -26.77230265 62.18087912
v 159.38308511 -28.25053143 60.84405653
v 159.38308511 -29.69266257 59.42407541
v 159.38308511 -31.09590923 57.92244355
v 159.38308511 -32.45704842 56.34064238
v 159.38308511 -33.77245799 54.68008657
v 159.38308511 -35.03815123 52.94207149
v 159.38308511 -36.24980919 51.12770324
v 159.38308511 -37.40281023 49.23780316
v 159.38308511 -38.49225524 47.27277343
v 159.38308511 -39.51298548 45.23240106
v 159.38308511 -40.45958786 43.11555997
v 159.38308511 -41.32637772 40.91973376
v 159.38308511 -42.10733996 38.64020048
v 159.38308511 -42.79598690 36.26851576
v 159.38308511 -43.38503111 33.78933555
v 159.38308511 -43.86556907 31.17245086
v 159.38308511 -44.22451457 28.34525875
v 159.38308511 -44.42583597 24.87678053
v 159.38308511 -44.39712375 21.13758303
v 159.38308511 -44.31096394 19.38483160
v 159.38308511 -44.16728636 18.00498883
v 159.38308511 -43.96597179 16.82668996
v 159.38308511 -43.70684856 15.78257586
v 159.38308511 -43.38968750 14.83794814
v 159.38308511 -43.01419521 13.97223558
v 159.38308511 -42.58000536 13.17212847
v 159.38308511 -42.08666757 12.42848602
v 159.38308511 -41.53363351 11.73475376
v 159.38308511 -40.92023960 11.08607672
v 159.38308511 37.85730558 11.08607672
v 159.38308511 38.47069949 11.73475376
v 159.38308511 39.02373355 12.42848602
v 159.38308511 39.51707135 13.17212847
v 159.38308511 39.95126120 13.97223558
v 159.38308511 40.32675348 14.83794814
v 159.38308511 40.64391455 15.78257586
v 159.38308511 40.90303778 16.82668996
v 159.38308511 41.10435234 18.00498883
v 159.38308511 41.24802993 19.38483160
v 159.38308511 41.33418974 21.13758303
v 160.92565255 41.70579433 24.33442707
v 160.92565255 41.50756006 27.75234222
v 160.92565255 41.15227100 30.54154312
v 160.92565255 40.67528567 33.12428067
v 160.92565255 40.08946575 35.57173211
v 160.92565255 39.40357129 37.91350291
v 160.92565255 38.62477948 40.16461832
v 160.92565255 37.75948585 42.33333507
v 160.92565255 36.81362541 44.42425804
v 160.92565255 35.79281198 46.43982840
v 160.92565255 34.70239574 48.38112360
v 160.92565255 33.54747995 50.24832557
v 160.92565255 32.33291539 52.04101327
v 160.92565255 31.06328257 53.75835501
v 160.92565255 29.74286656 55.39924047
v 160.92565255 28.37562757 56.96237445
v 160.92565255 26.96516874 58.44634562
v 160.92565255 25.51470161 59.84967809
v 160.92565255 24.02700914 61.17087120
v 160.92565255 22.50440509 62.40843057
v 160.92565255 20.94868767 63.56089293
v 160.92565255 19.36108373 64.62684620
v 160.92565255 17.74217743 65.60494582
v 160.92565255 16.09181333 66.49392836
v 160.92565255 14.40895643 67.29262273
v 160.92565255 12.69147833 67.99995955
v 160.92565255 10.93581038 68.61497898
v 160.92565255 9.13634250 69.13683718
v 160.92565255 7.28429053 69.56481173
v 160.92565255 5.36530244 69.89830591
v 160.92565255 3.35342638 70.13685218
v 160.92565255 1.19022304 70.28011476
v 160.92565255 -1.45473884 70.32789146
v 160.92565255 -4.09970073 70.28011476
v 160.92565255 -6.26290407 70.13685218
v 160.92565255 -8.27478013 69.89830591
v 160.92565255 -10.19376821 69.56481173
v 160.92565255 -12.04582018 69.13683718
v 160.92565255 -13.84528807 68.61497898
v 160.92565255 -15.60095602 67.99995955
v 160.92565255 -17.31843412 67.29262273
v 160.92565255 -19.00129102 66.49392836
v 160.92565255 -20.65165512 65.60494582
v 160.92565255 -22.27056141 64.62684620
v 160.92565255 -23.85816536 63.56089293
v 160.92565255 -25.41388278 62.40843057
v 160.92565255 -26.93648683 61.17087120
v 160.92565255 -28.42417930 59.84967809
v 160.92565255 -29.87464643 58.44634562
v 160.92565255 -31.28510526 56.96237445
v 160.92565255 -32.65234425 55.39924047
v 160.92565255 -33.97276026 53.75835501
v 160.92565255 -35.24239308 52.04101327
v 160.92565255 -36.45695763 50.24832557
v 160.92565255 -37.61187343 48.38112360
v 160.92565255 -38.70228966 46.43982840
v 160.92565255 -39.72310310 44.42425804
v 160.92565255 -40.66896353 42.33333507
v 160.92565255 -41.53425716 40.16461832
v 160.92565255 -42.31304898 37.91350291
v 160.92565255 -42.99894344 35.57173211
v 160.92565255 -43.58476335 33.12428067
v 160.92565255 -44.06174868 30.54154312
v 160.92565255 -44.41703774 27.75234222
v 160.92565255 -44.61527202 24.33442707
v 160.92565255 -44.58638164 20.64139150
v 160.92565255 -44.49968720 18.91027850
v 160.92565255 -44.35511808 17.54747046
v 160.92565255 -44.15255434 16.38371817
v 160.92565255 -43.89182322 15.35249409
v 160.92565255 -43.57269413 14.41952818
v 160.92565255 -43.19487188 13.56450320
v 160.92565255 -42.75798783 12.77427375
v 160.92565255 -42.26158882 12.03981186
v 160.92565255 -41.70512313 11.35464401
v 160.92565255 -41.08792304 10.71397516
v 160.92565255 38.17844536 10.71397516
v 160.92565255 38.79564544 11.35464401
v 160.92565255 39.35211114 12.03981186
v 160.92565255 39.84851015 12.77427375
v 160.92565255 40.28539419 13.56450320
v 160.92565255 40.66321645 14.41952818
v 160.92565255 40.98234553 15.35249409
v 160.92565255 41.24307665 16.38371817
v 160.92565255 41.44564039 17.54747046
v 160.92565255 41.59020951 18.91027850
v 160.92565255 41.67690396 20.64139150
v 162.46636113 42.05601844 23.78500475
v 162.46636113 41.86073005 27.15166459
v 162.46636113 41.50890080 29.90207174
v 162.46636113 41.03523653 32.44984609
v 162.46636113 40.45238072 34.86475128
v 162.46636113 39.76895397 37.17579501
v 162.46636113 38.99202633 39.39768742
v 162.46636113 38.12790388 41.53850051
v 162.46636113 37.18244387 43.60272456
v 162.46636113 36.16119141 45.59272776
v 162.46636113 35.06943579 47.50954091
v 162.46636113 33.91222656 49.35331686
v 162.46636113 32.69436788 51.12361751
v 162.46636113 31.42040060 52.81960256
v 162.46636113 30.09457727 54.44015911
v 162.46636113 28.72083281 55.98399372
v 162.46636113 27.30275235 57.44969986
v 162.46636113 25.84353683 58.83580865
v 162.46636113 24.34596599 60.14082785
v 162.46636113 22.81235768 61.36327248
v 162.46636113 21.24452132 62.50168915
v 162.46636113 19.64370183 63.55467582
v 162.46636113 18.01050782 64.52089792
v 162.46636113 16.34481398 65.39910167
v 162.46636113 14.64562016 66.18812511
v 162.46636113 12.91083610 66.88690739
v 162.46636113 11.13693238 67.49449641
v 162.46636113 9.31833571 68.01005525
v 162.46636113 7.44629003 68.43286744
v 162.46636113 5.50645036 68.76234122
v 162.46636113 3.47282117 68.99801295
v 162.46636113 1.28677220 69.13954967
v 162.46636113 -1.38334794 69.18675089
v 162.46636113 -4.05346809 69.13954967
v 162.46636113 -6.23951706 68.99801295
v 162.46636113 -8.27314625 68.76234122
v 162.46636113 -10.21298592 68.43286744
v 162.46636113 -12.08503160 68.01005525
v 162.46636113 -13.90362827 67.49449641
v 162.46636113 -15.67753199 66.88690739
v 162.46636113 -17.41231605 66.18812511
v 162.46636113 -19.11150987 65.39910167
v 162.46636113 -20.77720371 64.52089792
v 162.46636113 -22.41039772 63.55467582
v 162.46636113 -24.01121721 62.50168915
v 162.46636113 -25.57905357 61.36327248
v 162.46636113 -27.11266188 60.14082785
v 162.46636113 -28.61023272 58.83580865
v 162.46636113 -30.06944824 57.44969986
v 162.46636113 -31.48752870 55.98399372
v 162.46636113 -32.86127316 54.44015911
v 162.46636113 -34.18709649 52.81960256
v 162.46636113 -35.46106377 51.12361751
v 162.46636113 -36.67892245 49.35331686
v 162.46636113 -37.83613168 47.50954091
v 162.46636113 -38.92788730 45.59272776
v 162.46636113 -39.94913976 43.60272456
v 162.46636113 -40.89459977 41.53850051
v 162.46636113 -41.75872222 39.39768742
v 162.46636113 -42.53564986 37.17579501
v 162.46636113 -43.21907661 34.86475128
v 162.46636113 -43.80193242 32.44984609
v 162.46636113 -44.27559669 29.90207174
v 162.46636113 -44.62742594 27.15166459
v 162.46636113 -44.82271433 23.78500475
v 162.46636113 -44.79363732 20.13948108
v 162.46636113 -44.70638280 18.43063932
v 162.46636113 -44.56087970 17.08536416
v 162.46636113 -44.35700732 15.93658386
v 162.46636113 -44.09459178 14.91862675
v 162.46636113 -43.77340101 13.99766370
v 162.46636113 -43.39313788 13.15363885
v 162.46636113 -42.95343140 12.37357590
v 162.46636113 -42.45382547 11.64856307
v 162.46636113 -41.89376479 10.97221009
v 162.46636113 38.50588147 10.33978361
v 162.46636113 39.12706890 10.97221009
v 162.46636113 39.68712958 11.64856307
v 162.46636113 40.18673551 12.37357590
v 162.46636113 40.62644199 13.15363885
v 162.46636113 41.00670512 13.99766370
v 162.46636113 41.32789589 14.91862675
v 162.46636113 41.59031143 15.93658386
v 162.46636113 41.79418381 17.08536416
v 162.46636113 41.93968691 18.43063932
v 162.46636113 42.02694143 20.13948108
v 164.00507521 42.41248703 23.22941286
v 164.00507521 42.22001104 26.54424571
v 164.00507521 41.87145914 29.25515706
v 164.00507521 41.40090431 31.76724543
v 164.00507521 40.82077794 34.14887546
v 164.00507521 40.13956504 36.42846372
v 164.00507521 39.36423150 38.62040950
v 164.00507521 38.50099646 40.73260324
v 164.00507521 37.55564168 42.76942325
v 164.00507521 36.53364558 44.73316705
v 164.00507521 35.44023839 46.62482089
v 164.00507521 34.28041766 48.44451045
v 164.00507521 33.05894241 50.19178237
v 164.00507521 31.78031527 51.86578947
v 164.00507521 30.44875747 53.46541787
v 164.00507521 29.06817970 54.98937739
v 164.00507521 27.64214999 56.43626779
v 164.00507521 26.17385940 57.80462852
v 164.00507521 24.66608496 59.09297711
v 164.00507521 23.12114895 60.29983915
v 164.00507521 21.54087216 61.42377228
v 164.00507521 19.92651747 62.46338559
v 164.00507521 18.27871756 63.41735543
v 164.00507521 16.59737663 64.28443857
v 164.00507521 14.88152844 65.06348305
v 164.00507521 13.12911949 65.75343723
v 164.00507521 11.33665770 66.35335745
v 164.00507521 9.49860392 66.86241424
v 164.00507521 7.60622646 67.27989756
v 164.00507521 5.64518164 67.60522103
v 164.00507521 3.58942040 67.83792521
v 164.00507521 1.38009984 67.97768018
v 164.00507521 -1.31578178 68.02428729
v 164.00507521 -4.01166339 67.97768018
v 164.00507521 -6.22098395 67.83792521
v 164.00507521 -8.27674519 67.60522103
v 164.00507521 -10.23779002 67.27989756
v 164.00507521 -12.13016748 66.86241424
v 164.00507521 -13.96822125 66.35335745
v 164.00507521 -15.76068305 65.75343723
v 164.00507521 -17.51309200 65.06348305
v 164.00507521 -19.22894019 64.28443857
v 164.00507521 -20.91028112 63.41735543
v 164.00507521 -22.55808102 62.46338559
v 164.00507521 -24.17243572 61.42377228
v 164.00507521 -25.75271251 60.29983915
v 164.00507521 -27.29764852 59.09297711
v 164.00507521 -28.80542296 57.80462852
v 164.00507521 -30.27371355 56.43626779
v 164.00507521 -31.69974326 54.98937739
v 164.00507521 -33.08032103 53.46541787
v 164.00507521 -34.41187882 51.86578947
v 164.00507521 -35.69050597 50.19178237
v 164.00507521 -36.91198121 48.44451045
v 164.00507521 -38.07180195 46.62482089
v 164.00507521 -39.16520914 44.73316705
v 164.00507521 -40.18720524 42.76942325
v 164.00507521 -41.13256002 40.73260324
v 164.00507521 -41.99579506 38.62040950
v 164.00507521 -42.77112860 36.42846372
v 164.00507521 -43.45234150 34.14887546
v 164.00507521 -44.03246787 31.76724543
v 164.00507521 -44.50302270 29.25515706
v 164.00507521 -44.85157460 26.54424571
v 164.00507521 -45.04405059 23.22941286
v 164.00507521 -45.01478019 19.63261782
v 164.00507521 -44.92694537 17.94661765
v 164.00507521 -44.78047458 16.61932439
v 164.00507521 -44.57524630 15.48589949
v 164.00507521 -44.31108551 14.48154911
v 164.00507521 -43.98775859 13.57289631
v 164.00507521 -43.60496644 12.74015328
v 164.00507521 -43.16233561 11.97051721
v 164.00507521 -42.65940694 11.25519541
v 164.00507521 -42.09562147 10.58788304
v 164.00507521 38.83873915 9.96391002
v 164.00507521 39.46405791 10.58788304
v 164.00507521 40.02784338 11.25519541
v 164.00507521 40.53077205 11.97051721
v 164.00507521 40.97340289 12.74015328
v 164.00507521 41.35619503 13.57289631
v 164.00507521 41.67952195 14.48154911
v 164.00507521 41.94368274 15.48589949
v 164.00507521 42.14891102 16.61932439
v 164.00507521 42.29538181 17.94661765
v 164.00507521 42.38321663 19.63261782
v 165.54165962 42.77182106 22.67059745
v 165.54165962 42.58203980 25.93326465
v 165.54165962 42.23661222 28.60417150
v 165.54165962 41.76899617 31.08003086
v 165.54165962 41.19141633 33.42782744
v 165.54165962 40.51222549 35.67539530
v 165.54165962 39.73828795 37.83682809
v 165.54165962 38.87573805 39.91983842
v 165.54165962 37.93028390 41.92869556
v 165.54165962 36.90733893 43.86562877
v 165.54165962 35.81207578 45.73158193
v 165.54165962 34.64944135 47.52665548
v 165.54165962 33.42415074 49.25038257
v 165.54165962 32.14066939 50.90191074
v 165.54165962 30.80318814 52.48012670
v 165.54165962 29.41559418 53.98374496
v 165.54165962 27.98143907 55.41137288
v 165.54165962 26.50390443 56.76155955
v 165.54165962 24.98576489 58.03283341
v 165.54165962 23.42934727 59.22373176
v 165.54165962 21.83648364 60.33282430
v 165.54165962 20.20845460 61.35873218
v 165.54165962 18.54591648 62.30014359
v 165.54165962 16.84880226 63.15582665
v 165.54165962 15.11617867 63.92464010
v 165.54165962 13.34602770 64.60554224
v 165.54165962 11.53489298 65.19759837
v 165.54165962 9.67726734 65.69998700
v 165.54165962 7.76444043 66.11200498
v 165.54165962 5.78206549 66.43307161
v 165.54165962 3.70403262 66.66273196
v 165.54165962 1.47127062 66.80065932
v 165.54165962 -1.25066799 66.84665701
v 165.54165962 -3.97260660 66.80065932
v 165.54165962 -6.20536859 66.66273196
v 165.54165962 -8.28340146 66.43307161
v 165.54165962 -10.26577641 66.11200498
v 165.54165962 -12.17860332 65.69998700
v 165.54165962 -14.03622896 65.19759837
v 165.54165962 -15.84736368 64.60554224
v 165.54165962 -17.61751464 63.92464010
v 165.54165962 -19.35013824 63.15582665
v 165.54165962 -21.04725245 62.30014359
v 165.54165962 -22.70979058 61.35873218
v 165.54165962 -24.33781962 60.33282430
v 165.54165962 -25.93068324 59.22373176
v 165.54165962 -27.48710086 58.03283341
v 165.54165962 -29.00524040 56.76155955
v 165.54165962 -30.48277505 55.41137288
v 165.54165962 -31.91693015 53.98374496
v 165.54165962 -33.30452411 52.48012670
v 165.54165962 -34.64200536 50.90191074
v 165.54165962 -35.92548672 49.25038257
v 165.54165962 -37.15077732 47.52665548
v 165.54165962 -38.31341176 45.73158193
v 165.54165962 -39.40867490 43.86562877
v 165.54165962 -40.43161988 41.92869556
v 165.54165962 -41.37707402 39.91983842
v 165.54165962 -42.23962393 37.83682809
v 165.54165962 -43.01356146 35.67539530
v 165.54165962 -43.69275231 33.42782744
v 165.54165962 -44.27033215 31.08003086
v 165.54165962 -44.73794820 28.60417150
v 165.54165962 -45.08337578 25.93326465
v 165.54165962 -45.27315703 22.67059745
v 165.54165962 -45.24368969 19.12349002
v 165.54165962 -45.15526388 17.46078094
v 165.54165962 -45.00780758 16.15182346
v 165.54165962 -44.80119845 15.03405617
v 165.54165962 -44.53526029 14.04358030
v 165.54165962 -44.20975790 13.14747999
v 165.54165962 -43.82439018 12.32624082
v 165.54165962 -43.37878116 11.56723682
v 165.54165962 -42.87246860 10.86179677
v 165.54165962 -42.30488977 10.20370293
v 165.54165962 39.80355380 10.20370293
v 165.54165962 40.37113263 10.86179677
v 165.54165962 40.87744518 11.56723682
v 165.54165962 41.32305421 12.32624082
v 165.54165962 41.70842192 13.14747999
v 165.54165962 42.03392431 14.04358030
v 165.54165962 42.29986247 15.03405617
v 165.54165962 42.50647160 16.15182346
v 165.54165962 42.65392790 17.46078094
v 165.54165962 42.74235371 19.12349002
v 167.07597965 43.13066800 22.11148193
v 167.07597965 42.94347764 25.32187345
v 167.07597965 42.60104787 27.95245797
v 167.07597965 42.13623758 30.39172306
v 167.07597965 41.56106957 32.70529694
v 167.07597965 40.88376734 34.92044160
v 167.07597965 40.11109584 37.05095117
v 167.07597965 39.24910640 39.10436463
v 167.07597965 38.30343509 41.08484541
v 167.07597965 37.27943166 42.99455710
v 167.07597965 36.18221239 44.83440339
v 167.07597965 35.01667456 46.60446141
v 167.07597965 33.78749027 48.30425253
v 167.07597965 32.49908850 49.93292061
v 167.07597965 31.15563035 51.48935434
v 167.07597965 29.76098001 52.97227428
v 167.07597965 28.31867290 54.38029664
v 167.07597965 26.83188140 55.71198127
v 167.07597965 25.30337779 56.96586861
v 167.07597965 23.73549335 58.14050866
v 167.07597965 22.13007119 59.23448411
v 167.07597965 20.48840920 60.24642903
v 167.07597965 18.81118675 61.17504424
v 167.07597965 17.09836490 62.01910992
v 167.07597965 15.34904236 62.77749617
v 167.07597965 13.56123548 63.44917179
v 167.07597965 11.73152213 64.03321157
v 167.07597965 9.85442532 64.52880247
v 167.07597965 7.92125381 64.93524855
v 167.07597965 5.91765462 65.25197516
v 167.07597965 3.81745220 65.47853207
v 167.07597965 1.56133726 65.61459601
v 167.07597965 -1.18664471 65.65997232
v 167.07597965 -3.93462669 65.61459601
v 167.07597965 -6.19074162 65.47853207
v 167.07597965 -8.29094404 65.25197516
v 167.07597965 -10.29454323 64.93524855
v 167.07597965 -12.22771474 64.52880247
v 167.07597965 -14.10481155 64.03321157
v 167.07597965 -15.93452490 63.44917179
v 167.07597965 -17.72233178 62.77749617
v 167.07597965 -19.47165432 62.01910992
v 167.07597965 -21.18447617 61.17504424
v 167.07597965 -22.86169862 60.24642903
v 167.07597965 -24.50336061 59.23448411
v 167.07597965 -26.10878277 58.14050866
v 167.07597965 -27.67666722 56.96586861
v 167.07597965 -29.20517082 55.71198127
v 167.07597965 -30.69196232 54.38029664
v 167.07597965 -32.13426943 52.97227428
v 167.07597965 -33.52891977 51.48935434
v 167.07597965 -34.87237792 49.93292061
v 167.07597965 -36.16077969 48.30425253
v 167.07597965 -37.38996398 46.60446141
v 167.07597965 -38.55550181 44.83440339
v 167.07597965 -39.65272108 42.99455710
v 167.07597965 -40.67672451 41.08484541
v 167.07597965 -41.62239582 39.10436463
v 167.07597965 -42.48438526 37.05095117
v 167.07597965 -43.25705676 34.92044160
v 167.07597965 -43.93435899 32.70529694
v 167.07597965 -44.50952701 30.39172306
v 167.07597965 -44.97433729 27.95245797
v 167.07597965 -45.31676706 25.32187345
v 167.07597965 -45.50395742 22.11148193
v 167.07597965 -45.47429273 18.61476503
v 167.07597965 -45.38527473 16.97567655
v 167.07597965 -45.23683089 15.68531424
v 167.07597965 -45.02883808 14.58342605
v 167.07597965 -44.76111890 13.60702098
v 167.07597965 -44.43343659 12.72365076
v 167.07597965 -44.04548802 11.91407818
v 167.07597965 -43.59689470 11.16585666
v 167.07597965 -43.08719131 10.47043816
v 167.07597965 -42.51581134 9.82169326
v 167.07597965 40.14252192 9.82169326
v 167.07597965 40.71390189 10.47043816
v 167.07597965 41.22360528 11.16585666
v 167.07597965 41.67219860 11.91407818
v 167.07597965 42.06014716 12.72365076
v 167.07597965 42.38782948 13.60702098
v 167.07597965 42.65554866 14.58342605
v 167.07597965 42.86354147 15.68531424
v 167.07597965 43.01198531 16.97567655
v 167.07597965 43.10100331 18.61476503
v 168.60790108 43.48570473 21.55496464
v 168.60790108 43.30101329 24.71319473
v 168.60790108 42.96147868 27.30332742
v 168.60790108 42.49937570 29.70580874
v 168.60790108 41.92652963 31.98493803
v 168.60790108 41.25103737 34.16741733
v 168.60790108 40.47956643 36.26674826
v 168.60790108 39.61808673 38.29030085
v 168.60790108 38.67216355 40.24213609
v 168.60790108 37.64708413 42.12435464
v 168.60790108 36.54790930 43.93782222
v 168.60790108 35.37948753 45.68259453
v 168.60790108 34.14644854 47.35818284
v 168.60790108 32.85318541 48.96372881
v 168.60790108 31.50382984 50.49812446
v 168.60790108 30.10222327 51.96009763
v 168.60790108 28.65188508 53.34827449
v 168.60790108 27.15597838 54.66122670
v 168.60790108 25.61727295 55.89750766
v 168.60790108 24.03810420 57.05568095
v 168.60790108 22.42032586 58.13434306
v 168.60790108 20.76525254 59.13214175
v 168.60790108 19.07358595 60.04779112
v 168.60790108 17.34531440 60.88008408
v 168.60790108 15.57956758 61.62790263
v 168.60790108 13.77439509 62.29022657
v 168.60790108 11.92640779 62.86614065
v 168.60790108 10.03015749 63.35484061
v 168.60790108 8.07697040 63.75563811
v 168.60790108 6.05248548 64.06796476
v 168.60790108 3.93045909 64.29137530
v 168.60790108 1.65133981 64.42554998
v 168.60790108 -1.12236173 64.47029630
v 168.60790108 -3.89606326 64.42554998
v 168.60790108 -6.17518254 64.29137530
v 168.60790108 -8.29720893 64.06796476
v 168.60790108 -10.32169386 63.75563811
v 168.60790108 -12.27488094 63.35484061
v 168.60790108 -14.17113125 62.86614065
v 168.60790108 -16.01911855 62.29022657
v 168.60790108 -17.82429104 61.62790263
v 168.60790108 -19.59003785 60.88008408
v 168.60790108 -21.31830941 60.04779112
v 168.60790108 -23.00997599 59.13214175
v 168.60790108 -24.66504932 58.13434306
v 168.60790108 -26.28282766 57.05568095
v 168.60790108 -27.86199641 55.89750766
v 168.60790108 -29.40070184 54.66122670
v 168.60790108 -30.89660854 53.34827449
v 168.60790108 -32.34694672 51.96009763
v 168.60790108 -33.74855329 50.49812446
v 168.60790108 -35.09790886 48.96372881
v 168.60790108 -36.39117200 47.35818284
v 168.60790108 -37.62421099 45.68259453
v 168.60790108 -38.79263276 43.93782222
v 168.60790108 -39.89180759 42.12435464
v 168.60790108 -40.91688701 40.24213609
v 168.60790108 -41.86281019 38.29030085
v 168.60790108 -42.72428988 36.26674826
v 168.60790108 -43.49576082 34.16741733
v 168.60790108 -44.17125309 31.98493803
v 168.60790108 -44.74409916 29.70580874
v 168.60790108 -45.20620214 27.30332742
v 168.60790108 -45.54573675 24.71319473
v 168.60790108 -45.73042818 21.55496464
v 168.60790108 -45.70056887 18.10908710
v 168.60790108 -45.61096684 16.49382960
v 168.60790108 -45.46154911 15.22222808
v 168.60790108 -45.25219171 14.13636043
v 168.60790108 -44.98271610 13.17415146
v 168.60790108 -44.65288395 12.30362471
v 168.60790108 -44.26239016 11.50582265
v 168.60790108 -43.81085374 10.76847965
v 168.60790108 -43.29780633 10.08317195
v 168.60790108 -42.72267769 9.44385925
v 168.60790108 40.47795423 9.44385925
v 168.60790108 41.05308287 10.08317195
v 168.60790108 41.56613029 10.76847965
v 168.60790108 42.01766670 11.50582265
v 168.60790108 42.40816050 12.30362471
v 168.60790108 42.73799264 13.17415146
v 168.60790108 43.00746826 14.13636043
v 168.60790108 43.21682565 15.22222808
v 168.60790108 43.36624338 16.49382960
v 168.60790108 43.45584542 18.10908710
v 170.13729025 43.83364021 21.00391646
v 170.13729025 43.65136593 24.11031939
v 170.13729025 43.31464517 26.66005649
v 170.13729025 42.85518271 29.02573823
v 170.13729025 42.28461039 31.27036657
v 170.13729025 41.61090090 33.42009742
v 170.13729025 40.84062609 35.48814769
v 170.13729025 39.97967581 37.48172355
v 170.13729025 39.03354569 39.40478725
v 170.13729025 38.00746132 41.25937928
v 170.13729025 36.90642885 43.04632965
v 170.13729025 35.73524850 44.76567451
v 170.13729025 34.49850807 46.41691664
v 170.13729025 33.20056500 47.99919688
v 170.13729025 31.84552176 49.51141184
v 170.13729025 30.43719706 50.95229774
v 170.13729025 28.97909413 52.32049173
v 170.13729025 27.47436655 53.61457820
v 170.13729025 25.92578123 54.83312435
v 170.13729025 24.33567723 55.97470812
v 170.13729025 22.70591825 57.03794048
v 170.13729025 21.03783491 58.02148354
v 170.13729025 19.33215043 58.92406528
v 170.13729025 17.58887938 59.74449182
v 170.13729025 15.80718150 60.48165759
v 170.13729025 13.98513851 61.13455378
v 170.13729025 12.11939319 61.70227547
v 170.13729025 10.20452503 62.18402754
v 170.13729025 8.23187676 62.57912949
v 170.13729025 6.18707854 62.88701943
v 170.13729025 4.04381858 63.10725720
v 170.13729025 1.74230492 63.23952674
v 170.13729025 -1.05648161 63.28363777
v 170.13729025 -3.85526814 63.23952674
v 170.13729025 -6.15678180 63.10725720
v 170.13729025 -8.30004176 62.88701943
v 170.13729025 -10.34483998 62.57912949
v 170.13729025 -12.31748825 62.18402754
v 170.13729025 -14.23235641 61.70227547
v 170.13729025 -16.09810173 61.13455378
v 170.13729025 -17.92014471 60.48165759
v 170.13729025 -19.70184260 59.74449182
v 170.13729025 -21.44511365 58.92406528
v 170.13729025 -23.15079813 58.02148354
v 170.13729025 -24.81888147 57.03794048
v 170.13729025 -26.44864045 55.97470812
v 170.13729025 -28.03874445 54.83312435
v 170.13729025 -29.58732977 53.61457820
v 170.13729025 -31.09205735 52.32049173
v 170.13729025 -32.55016028 50.95229774
v 170.13729025 -33.95848498 49.51141184
v 170.13729025 -35.31352822 47.99919688
v 170.13729025 -36.61147129 46.41691664
v 170.13729025 -37.84821172 44.76567451
v 170.13729025 -39.01939207 43.04632965
v 170.13729025 -40.12042454 41.25937928
v 170.13729025 -41.14650891 39.40478725
v 170.13729025 -42.09263903 37.48172355
v 170.13729025 -42.95358931 35.48814769
v 170.13729025 -43.72386412 33.42009742
v 170.13729025 -44.39757361 31.27036657
v 170.13729025 -44.96814593 29.02573823
v 170.13729025 -45.42760839 26.66005649
v 170.13729025 -45.76432915 24.11031939
v 170.13729025 -45.94660343 21.00391646
v 170.13729025 -45.91655532 17.60907511
v 170.13729025 -45.82638674 16.01774087
v 170.13729025 -45.67602424 14.76497278
v 170.13729025 -45.46534308 13.69518770
v 170.13729025 -45.19416359 12.74722982
v 170.13729025 -44.86224592 11.88959626
v 170.13729025 -44.46928305 11.10361029
v 170.13729025 -44.01489158 10.37718792
v 170.13729025 -43.49860018 9.70203018
v 170.13729025 -42.91983503 9.07218622
v 170.13729025 40.80687181 9.07218622
v 170.13729025 41.38563697 9.70203018
v 170.13729025 41.90192836 10.37718792
v 170.13729025 42.35631983 11.10361029
v 170.13729025 42.74928270 11.88959626
v 170.13729025 43.08120037 12.74722982
v 170.13729025 43.35237987 13.69518770
v 170.13729025 43.56306102 14.76497278
v 170.13729025 43.71342352 16.01774087
v 170.13729025 43.80359210 17.60907511
v 171.66401403 44.17121829 20.46117839
v 171.66401403 43.99128803 23.51630432
v 171.66401403 43.65731890 26.02588518
v 171.66401403 43.20045919 28.35492302
v 171.66401403 42.63215119 30.56515772
v 171.66401403 41.96024566 32.68221441
v 171.66401403 41.19122037 34.71903387
v 171.66401403 40.33088634 36.68266392
v 171.66401403 39.38467048 38.57697192
v 171.66401403 38.35773751 40.40394110
v 171.66401403 37.25503944 42.16436802
v 171.66401403 36.08132867 43.85827111
v 171.66401403 34.84115131 45.48514619
v 171.66401403 33.53882927 47.04413458
v 171.66401403 32.17843577 48.53413866
v 171.66401403 30.76376658 49.95390398
v 171.66401403 29.29830846 51.30207959
v 171.66401403 27.78520506 52.57726342
v 171.66401403 26.22721982 53.77803717
v 171.66401403 24.62669475 54.90299378
v 171.66401403 22.98550275 55.95075933
v 171.66401403 21.30498954 56.92001078
v 171.66401403 19.58589887 57.80949048
v 171.66401403 17.82827057 58.61801822
v 171.66401403 16.03129329 59.34450120
v 171.66401403 14.19307990 59.98794237
v 171.66401403 12.31030405 60.54744746
v 171.66401403 10.37757220 61.02223070
v 171.66401403 8.38624318 61.41161967
v 171.66401403 6.32193878 61.71505916
v 171.66401403 4.15828129 61.93211426
v 171.66401403 1.83524527 62.06247268
v 171.66401403 -0.98768082 62.10594642
v 171.66401403 -3.81060692 62.06247268
v 171.66401403 -6.13364294 61.93211426
v 171.66401403 -8.29730043 61.71505916
v 171.66401403 -10.36160483 61.41161967
v 171.66401403 -12.35293385 61.02223070
v 171.66401403 -14.28566570 60.54744746
v 171.66401403 -16.16844155 59.98794237
v 171.66401403 -18.00665494 59.34450120
v 171.66401403 -19.80363222 58.61801822
v 171.66401403 -21.56126052 57.80949048
v 171.66401403 -23.28035119 56.92001078
v 171.66401403 -24.96086440 55.95075933
v 171.66401403 -26.60205640 54.90299378
v 171.66401403 -28.20258147 53.77803717
v 171.66401403 -29.76056671 52.57726342
v 171.66401403 -31.27367011 51.30207959
v 171.66401403 -32.73912822 49.95390398
v 171.66401403 -34.15379742 48.53413866
v 171.66401403 -35.51419092 47.04413458
v 171.66401403 -36.81651296 45.48514619
v 171.66401403 -38.05669032 43.85827111
v 171.66401403 -39.23040109 42.16436802
v 171.66401403 -40.33309916 40.40394110
v 171.66401403 -41.36003213 38.57697192
v 171.66401403 -42.30624799 36.68266392
v 171.66401403 -43.16658202 34.71903387
v 171.66401403 -43.93560731 32.68221441
v 171.66401403 -44.60751284 30.56515772
v 171.66401403 -45.17582084 28.35492302
v 171.66401403 -45.63268055 26.02588518
v 171.66401403 -45.96664968 23.51630432
v 171.66401403 -46.14657994 20.46117839
v 171.66401403 -46.11635192 17.11732049
v 171.66401403 -46.02564346 15.54988477
v 171.66401403 -45.87438068 14.31593065
v 171.66401403 -45.66243808 13.26221150
v 171.66401403 -45.38963491 12.32848998
v 171.66401403 -45.05572990 11.48373629
v 171.66401403 -44.66041418 10.70955419
v 171.66401403 -44.20330207 9.99404117
v 171.66401403 -43.68391940 9.32902289
v 171.66401403 -43.10168892 8.70863787
v 171.66401403 41.12632727 8.70863787
v 171.66401403 41.70855776 9.32902289
v 171.66401403 42.22794042 9.99404117
v 171.66401403 42.68505253 10.70955419
v 171.66401403 43.08036825 11.48373629
v 171.66401403 43.41427326 12.32848998
v 171.66401403 43.68707643 13.26221150
v 171.66401403 43.89901903 14.31593065
v 171.66401403 44.05028181 15.54988477
v 171.66401403 44.14099027 17.11732049
v 173.18793991 44.49522036 19.92955929
v 173.18793991 44.31756823 22.93417022
v 173.18793991 43.98630557 25.40401462
v 173.18793991 43.53203749 27.69673347
v 173.18793991 42.96602052 29.87284352
v 173.18793991 42.29598567 31.95745591
v 173.18793991 41.52831814 33.96324461
v 173.18793991 40.66875126 35.89710501
v 173.18793991 39.72264408 37.76281361
v 173.18793991 38.69510106 39.56229935
v 173.18793991 37.59102051 41.29632759
v 173.18793991 36.41510728 42.96490085
v 173.18793991 35.17186587 44.56750943
v 173.18793991 33.86558263 46.10329639
v 173.18793991 32.50030129 47.57117083
v 173.18793991 31.07979434 48.96988859
v 173.18793991 29.60753161 50.29811138
v 173.18793991 28.08664613 51.55445129
v 173.18793991 26.51989713 52.73750517
v 173.18793991 24.90962874 53.84588149
v 173.18793991 23.25772205 54.87822191
v 173.18793991 21.56553683 55.83321864
v 173.18793991 19.83383625 56.70962881
v 173.18793991 18.06268423 57.50628619
v 173.18793991 16.25129725 58.22211106
v 173.18793991 14.39781819 58.85611840
v 173.18793991 12.49895079 59.40742479
v 173.18793991 10.54932793 59.87525404
v 173.18793991 8.54032477 60.25894195
v 173.18793991 6.45755622 60.55794013
v 173.18793991 4.27458304 60.77181901
v 173.18793991 1.93115892 60.90027015
v 173.18793991 -0.91465085 60.94310787
v 173.18793991 -3.76046061 60.90027015
v 173.18793991 -6.10388474 60.77181901
v 173.18793991 -8.28685791 60.55794013
v 173.18793991 -10.36962646 60.25894195
v 173.18793991 -12.37862963 59.87525404
v 173.18793991 -14.32825249 59.40742479
v 173.18793991 -16.22711988 58.85611840
v 173.18793991 -18.08059894 58.22211106
v 173.18793991 -19.89198593 57.50628619
v 173.18793991 -21.66313795 56.70962881
v 173.18793991 -23.39483853 55.83321864
v 173.18793991 -25.08702375 54.87822191
v 173.18793991 -26.73893043 53.84588149
v 173.18793991 -28.34919883 52.73750517
v 173.18793991 -29.91594782 51.55445129
v 173.18793991 -31.43683330 50.29811138
v 173.18793991 -32.90909604 48.96988859
v 173.18793991 -34.32960298 47.57117083
v 173.18793991 -35.69488432 46.10329639
v 173.18793991 -37.00116756 44.56750943
v 173.18793991 -38.24440897 42.96490085
v 173.18793991 -39.42032221 41.29632759
v 173.18793991 -40.52440275 39.56229935
v 173.18793991 -41.55194578 37.76281361
v 173.18793991 -42.49805296 35.89710501
v 173.18793991 -43.35761984 33.96324461
v 173.18793991 -44.12528736 31.95745591
v 173.18793991 -44.79532221 29.87284352
v 173.18793991 -45.36133918 27.69673347
v 173.18793991 -45.81560726 25.40401462
v 173.18793991 -46.14686992 22.93417022
v 173.18793991 -46.32452205 19.92955929
v 173.18793991 -46.29412604 16.63638502
v 173.18793991 -46.20291346 15.09270728
v 173.18793991 -46.05081003 13.87745649
v 173.18793991 -45.83768955 12.83970882
v 173.18793991 -45.56337027 11.92013992
v 173.18793991 -45.22760957 11.08819036
v 173.18793991 -44.83009688 10.32574272
v 173.18793991 -44.37044435 9.62107490
v 173.18793991 -43.84817520 8.96613645
v 173.18793991 41.43340725 8.35515475
v 173.18793991 42.01887350 8.96613645
v 173.18793991 42.54114266 9.62107490
v 173.18793991 43.00079518 10.32574272
v 173.18793991 43.39830788 11.08819036
v 173.18793991 43.73406858 11.92013992
v 173.18793991 44.00838786 12.83970882
v 173.18793991 44.22150834 13.87745649
v 173.18793991 44.37361177 15.09270728
v 173.18793991 44.46482435 16.63638502
v 174.70893598 44.80246796 19.41183353
v 174.70893598 44.62703413 22.36689935
v 174.70893598 44.29844809 24.79760481
v 174.70893598 43.84678505 27.05449654
v 174.70893598 43.28311958 29.19691051
v 174.70893598 42.61506512 31.24946213
v 174.70893598 41.84891580 33.22456860
v 174.70893598 40.99032829 35.12897909
v 174.70893598 40.04459456 36.96638351
v 174.70893598 39.01675936 38.73865950
v 174.70893598 37.91166766 40.44654350
v 174.70893598 36.73397688 42.09002385
v 174.70893598 35.48814992 43.66858673
v 174.70893598 34.17843735 45.18137801
v 174.70893598 32.80885306 46.62731449
v 174.70893598 31.38314576 48.00516303
v 174.70893598 29.90476765 49.31359862
v 174.70893598 28.37684039 50.55124813
v 174.70893598 26.80211807 51.71672399
v 174.70893598 25.18294585 52.80865063
v 174.70893598 23.52121190 53.82568562
v 174.70893598 21.81828882 54.76653679
v 174.70893598 20.07495793 55.62997626
v 174.70893598 18.29130597 56.41485204
v 174.70893598 16.46657601 57.12009771
v 174.70893598 14.59893996 57.74474046
v 174.70893598 12.68513083 58.28790785
v 174.70893598 10.71980768 58.74883341
v 174.70893598 8.69436270 59.12686128
v 174.70893598 6.59440654 59.42144996
v 174.70893598 4.39344502 59.63217529
v 174.70893598 2.03102879 59.75873275
v 174.70893598 -0.83609923 59.80093898
v 174.70893598 -3.70322725 59.75873275
v 174.70893598 -6.06564348 59.63217529
v 174.70893598 -8.26660500 59.42144996
v 174.70893598 -10.36656116 59.12686128
v 174.70893598 -12.39200615 58.74883341
v 174.70893598 -14.35732929 58.28790785
v 174.70893598 -16.27113842 57.74474046
v 174.70893598 -18.13877448 57.12009771
v 174.70893598 -19.96350443 56.41485204
v 174.70893598 -21.74715639 55.62997626
v 174.70893598 -23.49048729 54.76653679
v 174.70893598 -25.19341037 53.82568562
v 174.70893598 -26.85514431 52.80865063
v 174.70893598 -28.47431654 51.71672399
v 174.70893598 -30.04903886 50.55124813
v 174.70893598 -31.57696612 49.31359862
v 174.70893598 -33.05534423 48.00516303
v 174.70893598 -34.48105152 46.62731449
v 174.70893598 -35.85063581 45.18137801
v 174.70893598 -37.16034838 43.66858673
v 174.70893598 -38.40617534 42.09002385
v 174.70893598 -39.58386613 40.44654350
v 174.70893598 -40.68895782 38.73865950
v 174.70893598 -41.71679302 36.96638351
v 174.70893598 -42.66252675 35.12897909
v 174.70893598 -43.52111427 33.22456860
v 174.70893598 -44.28726359 31.24946213
v 174.70893598 -44.95531804 29.19691051
v 174.70893598 -45.51898352 27.05449654
v 174.70893598 -45.97064655 24.79760481
v 174.70893598 -46.29923259 22.36689935
v 174.70893598 -46.47466643 19.41183353
v 174.70893598 -46.44411733 16.16879879
v 174.70893598 -46.35244538 14.64862400
v 174.70893598 -46.19957592 13.45187575
v 174.70893598 -45.98538211 12.42992808
v 174.70893598 -45.70968128 11.52435989
v 174.70893598 -45.37222961 10.70507701
v 174.70893598 -44.97271493 9.95423785
v 174.70893598 -44.51074748 9.26029880
v 174.70893598 -43.98584804 8.61533198
v 174.70893598 42.31364958 8.61533198
v 174.70893598 42.83854901 9.26029880
v 174.70893598 43.30051647 9.95423785
v 174.70893598 43.70003115 10.70507701
v 174.70893598 44.03748282 11.52435989
v 174.70893598 44.31318365 12.42992808
v 174.70893598 44.52737746 13.45187575
v 174.70893598 44.68024692 14.64862400
v 174.70893598 44.77191887 16.16879879
v 176.22687099 45.08982541 18.91073883
v 176.22687099 44.91655511 21.81743350
v 176.22687099 44.59062962 24.20977250
v 176.22687099 44.14160775 26.43149351
v 176.22687099 43.58038598 28.54079739
v 176.22687099 42.91446239 30.56182347
v 176.22687099 42.15004149 32.50674282
v 176.22687099 41.29270436 34.38216500
v 176.22687099 40.34767664 36.19169770
v 176.22687099 39.31994385 37.93717037
v 176.22687099 38.21429789 39.61929274
v 176.22687099 37.03534880 41.23804069
v 176.22687099 35.78751775 42.79289756
v 176.22687099 34.47501925 44.28301306
v 176.22687099 33.10183684 45.70731246
v 176.22687099 31.67169482 47.06457431
v 176.22687099 30.18802694 48.35348742
v 176.22687099 28.65394252 49.57269383
v 176.22687099 27.07218942 50.72082193
v 176.22687099 25.44511263 51.79651238
v 176.22687099 23.77460611 52.79843892
v 176.22687099 22.06205386 53.72532518
v 176.22687099 20.30825396 54.57595845
v 176.22687099 18.51331460 55.34920114
v 176.22687099 16.67650416 56.04400021
v 176.22687099 14.79602244 56.65939517
v 176.22687099 12.86863107 57.19452465
v 176.22687099 10.88901529 57.64863196
v 176.22687099 8.84858556 58.02106961
v 176.22687099 6.73295186 58.31130306
v 176.22687099 4.51557380 58.51891360
v 176.22687099 2.13582217 58.64360061
v 176.22687099 -0.75075068 58.68518309
v 176.22687099 -3.63732352 58.64360061
v 176.22687099 -6.01707516 58.51891360
v 176.22687099 -8.23445322 58.31130306
v 176.22687099 -10.35008692 58.02106961
v 176.22687099 -12.39051665 57.64863196
v 176.22687099 -14.37013243 57.19452465
v 176.22687099 -16.29752380 56.65939517
v 176.22687099 -18.17800552 56.04400021
v 176.22687099 -20.01481596 55.34920114
v 176.22687099 -21.80975532 54.57595845
v 176.22687099 -23.56355522 53.72532518
v 176.22687099 -25.27610747 52.79843892
v 176.22687099 -26.94661399 51.79651238
v 176.22687099 -28.57369078 50.72082193
v 176.22687099 -30.15544388 49.57269383
v 176.22687099 -31.68952830 48.35348742
v 176.22687099 -33.17319618 47.06457431
v 176.22687099 -34.60333820 45.70731246
v 176.22687099 -35.97652061 44.28301306
v 176.22687099 -37.28901911 42.79289756
v 176.22687099 -38.53685015 41.23804069
v 176.22687099 -39.71579925 39.61929274
v 176.22687099 -40.82144521 37.93717037
v 176.22687099 -41.84917800 36.19169770
v 176.22687099 -42.79420572 34.38216500
v 176.22687099 -43.65154285 32.50674282
v 176.22687099 -44.41596375 30.56182347
v 176.22687099 -45.08188734 28.54079739
v 176.22687099 -45.64310911 26.43149351
v 176.22687099 -46.09213098 24.20977250
v 176.22687099 -46.41805647 21.81743350
v 176.22687099 -46.59132676 18.91073883
v 176.22687099 -46.56064245 15.71705818
v 176.22687099 -46.46856474 14.22001815
v 176.22687099 -46.31501863 13.04148260
v 176.22687099 -46.09987674 12.03508744
v 176.22687099 -45.82295558 11.14330063
v 176.22687099 -45.48401026 10.33648599
v 176.22687099 -45.08272722 9.59707346
v 176.22687099 -44.61871497 8.91369512
v 176.22687099 -44.09149218 8.27854372
v 176.22687099 42.58999082 8.27854372
v 176.22687099 43.11721361 8.91369512
v 176.22687099 43.58122586 9.59707346
v 176.22687099 43.98250890 10.33648599
v 176.22687099 44.32145422 11.14330063
v 176.22687099 44.59837538 12.03508744
v 176.22687099 44.81351727 13.04148260
v 176.22687099 44.96706338 14.22001815
v 176.22687099 45.05914109 15.71705818
v 177.74161436 45.35420227 18.42897399
v 177.74161436 45.18304502 21.28867180
v 177.74161436 44.85977656 23.64358909
v 177.74161436 44.41345320 25.83095788
v 177.74161436 43.85479732 27.90789286
v 177.74161436 43.19119391 29.89807817
v 177.74161436 42.42875938 31.81345013
v 177.74161436 41.57300028 33.66048559
v 177.74161436 40.62907663 35.44271453
v 177.74161436 39.60191518 37.16192133
v 177.74161436 38.49625496 38.81879128
v 177.74161436 37.31665867 40.41328939
v 177.74161436 36.06750553 41.94489738
v 177.74161436 34.75297354 43.41276974
v 177.74161436 33.37701534 44.81584088
v 177.74161436 31.94333001 46.15290155
v 177.74161436 30.45533194 47.42265479
v 177.74161436 28.91611699 48.62375812
v 177.74161436 27.32842554 49.75485610
v 177.74161436 25.69460104 50.81460580
v 177.74161436 24.01654172 51.80169725
v 177.74161436 22.29564153 52.71486996
v 177.74161436 20.53271370 53.55292648
v 177.74161436 18.72788636 54.31474363
v 177.74161436 16.88045182 54.99928181
v 177.74161436 14.98863668 55.60559282
v 177.74161436 13.04923057 56.13282640
v 177.74161436 11.05694513 56.58023563
v 177.74161436 9.00321083 56.94718141
v 177.74161436 6.87364157 57.23313611
v 177.74161436 4.64166163 57.43768649
v 177.74161436 2.24649025 57.56053583
v 177.74161436 -0.65734806 57.60150549
v 177.74161436 -3.56118637 57.56053583
v 177.74161436 -5.95635775 57.43768649
v 177.74161436 -8.18833769 57.23313611
v 177.74161436 -10.31790695 56.94718141
v 177.74161436 -12.37164125 56.58023563
v 177.74161436 -14.36392669 56.13282640
v 177.74161436 -16.30333280 55.60559282
v 177.74161436 -18.19514794 54.99928181
v 177.74161436 -20.04258248 54.31474363
v 177.74161436 -21.84740982 53.55292648
v 177.74161436 -23.61033766 52.71486996
v 177.74161436 -25.33123785 51.80169725
v 177.74161436 -27.00929716 50.81460580
v 177.74161436 -28.64312167 49.75485610
v 177.74161436 -30.23081312 48.62375812
v 177.74161436 -31.77002807 47.42265479
v 177.74161436 -33.25802614 46.15290155
v 177.74161436 -34.69171146 44.81584088
v 177.74161436 -36.06766966 43.41276974
v 177.74161436 -37.38220165 41.94489738
v 177.74161436 -38.63135479 40.41328939
v 177.74161436 -39.81095109 38.81879128
v 177.74161436 -40.91661131 37.16192133
v 177.74161436 -41.94377276 35.44271453
v 177.74161436 -42.88769641 33.66048559
v 177.74161436 -43.74345551 31.81345013
v 177.74161436 -44.50589003 29.89807817
v 177.74161436 -45.16949344 27.90789286
v 177.74161436 -45.72814932 25.83095788
v 177.74161436 -46.17447269 23.64358909
v 177.74161436 -46.49774115 21.28867180
v 177.74161436 -46.66889839 18.42897399
v 177.74161436 -46.63809963 15.28362380
v 177.74161436 -46.54567849 13.80923871
v 177.74161436 -46.39155969 12.64853812
v 177.74161436 -46.17561537 11.65737288
v 177.74161436 -45.89766137 10.77908162
v 177.74161436 -45.55745186 9.98447663
v 177.74161436 -45.15467213 9.25625375
v 177.74161436 -44.68892923 8.58321708
v 177.74161436 -44.15974003 7.95767752
v 177.74161436 42.84504390 7.95767752
v 177.74161436 43.37423310 8.58321708
v 177.74161436 43.83997601 9.25625375
v 177.74161436 44.24275574 9.98447663
v 177.74161436 44.58296525 10.77908162
v 177.74161436 44.86091925 11.65737288
v 177.74161436 45.07686357 12.64853812
v 177.74161436 45.23098236 13.80923871
v 177.74161436 45.32340350 15.28362380
v 179.25303623 45.59255586 17.96919682
v 179.25303623 45.42346487 20.78346883
v 179.25303623 45.10286153 23.10207854
v 179.25303623 44.65931402 25.25607322
v 179.25303623 44.10337481 27.30153332
v 179.25303623 43.44231818 29.26171006
v 179.25303623 42.68217399 31.14831691
v 179.25303623 41.82837532 32.96770521
v 179.25303623 40.88601731 34.72333193
v 179.25303623 39.85996839 36.41693957
v 179.25303623 38.75491490 38.04919116
v 179.25303623 37.57537213 39.62004242
v 179.25303623 36.32567708 41.12897458
v 179.25303623 35.00997077 42.57514768
v 179.25303623 33.63217423 43.95750588
v 179.25303623 32.19596045 45.27485252
v 179.25303623 30.70472334 46.52590514
v 179.25303623 29.16154409 47.70933693
v 179.25303623 27.56915418 48.82380870
v 179.25303623 25.92989401 49.86799399
v 179.25303623 24.24566447 50.84059912
v 179.25303623 22.51786772 51.74037948
v 179.25303623 20.74733047 52.56615281
v 179.25303623 18.93419915 53.31681029
v 179.25303623 17.07778853 53.99132570
v 179.25303623 15.17635090 54.58876308
v 179.25303623 13.22670329 55.10828319
v 179.25303623 11.22358422 55.54914882
v 179.25303623 9.15844639 55.91072919
v 179.25303623 7.01691325 56.19250359
v 179.25303623 4.77238661 56.39406414
v 179.25303623 2.36396774 56.51511802
v 179.25303623 -0.55465344 56.55548894
v 179.25303623 -3.47327463 56.51511802
v 179.25303623 -5.88169350 56.39406414
v 179.25303623 -8.12622013 56.19250359
v 179.25303623 -10.26775328 55.91072919
v 179.25303623 -12.33289111 55.54914882
v 179.25303623 -14.33601018 55.10828319
v 179.25303623 -16.28565779 54.58876308
v 179.25303623 -18.18709542 53.99132570
v 179.25303623 -20.04350604 53.31681029
v 179.25303623 -21.85663736 52.56615281
v 179.25303623 -23.62717461 51.74037948
v 179.25303623 -25.35497136 50.84059912
v 179.25303623 -27.03920090 49.86799399
v 179.25303623 -28.67846107 48.82380870
v 179.25303623 -30.27085098 47.70933693
v 179.25303623 -31.81403023 46.52590514
v 179.25303623 -33.30526734 45.27485252
v 179.25303623 -34.74148112 43.95750588
v 179.25303623 -36.11927766 42.57514768
v 179.25303623 -37.43498396 41.12897458
v 179.25303623 -38.68467901 39.62004242
v 179.25303623 -39.86422179 38.04919116
v 179.25303623 -40.96927528 36.41693957
v 179.25303623 -41.99532420 34.72333193
v 179.25303623 -42.93768220 32.96770521
v 179.25303623 -43.79148087 31.14831691
v 179.25303623 -44.55162507 29.26171006
v 179.25303623 -45.21268170 27.30153332
v 179.25303623 -45.76862091 25.25607322
v 179.25303623 -46.21216842 23.10207854
v 179.25303623 -46.53277175 20.78346883
v 179.25303623 -46.70186275 17.96919682
v 179.25303623 -46.67097318 14.87091859
v 179.25303623 -46.57827955 13.41859852
v 179.25303623 -46.42370636 12.27526848
v 179.25303623 -46.20712535 11.29893660
v 179.25303623 -45.92835184 10.43378947
v 179.25303623 -45.58713926 9.65107620
v 179.25303623 -45.18317200 8.93375159
v 179.25303623 -44.71605591 8.27078730
v 179.25303623 -44.18530646 7.65460930
v 179.25303623 43.07599958 7.65460930
v 179.25303623 43.60674902 8.27078730
v 179.25303623 44.07386511 8.93375159
v 179.25303623 44.47783238 9.65107620
v 179.25303623 44.81904495 10.43378947
v 179.25303623 45.09781847 11.29893660
v 179.25303623 45.31439947 12.27526848
v 179.25303623 45.46897266 13.41859852
v 179.25303623 45.56166629 14.87091859
v 180.76100746 45.81103011 17.53402200
v 180.76100746 45.64394338 20.30463252
v 180.76100746 45.32598908 22.58821546
v 180.76100746 44.88526521 24.70997114
v 180.76100746 44.33215989 26.72500085
v 180.76100746 43.67383991 28.65614631
v 180.76100746 42.91625089 30.51491068
v 180.76100746 42.06475416 32.30752732
v 180.76100746 41.12438127 34.03738499
v 180.76100746 40.09994330 35.70618749
v 180.76100746 38.99607457 37.31457780
v 180.76100746 37.81724335 38.86250385
v 180.76100746 36.56774457 40.34944743
v 180.76100746 35.25168216 41.77457481
v 180.76100746 33.87294517 43.13684038
v 180.76100746 32.43517989 44.43506033
v 180.76100746 30.94175897 45.66796685
v 180.76100746 29.39574786 46.83424884
v 180.76100746 27.79986794 47.93258336
v 180.76100746 26.15645510 48.96166034
v 180.76100746 24.46741134 49.92020230
v 180.76100746 22.73414533 50.80698034
v 180.76100746 20.95749553 51.62082727
v 180.76100746 19.13762492 52.36064847
v 180.76100746 17.27386912 53.02543093
v 180.76100746 15.36450471 53.61425081
v 180.76100746 13.40637535 54.12627973
v 180.76100746 11.39424649 54.56079008
v 180.76100746 9.31959484 54.91715928
v 180.76100746 7.16805837 55.19487342
v 180.76100746 4.91302851 55.39352996
v 180.76100746 2.49352048 55.51283990
v 180.76100746 -0.43742509 55.55262924
v 180.76100746 -3.36837065 55.51283990
v 180.76100746 -5.78787869 55.39352996
v 180.76100746 -8.04290855 55.19487342
v 180.76100746 -10.19444501 54.91715928
v 180.76100746 -12.26909667 54.56079008
v 180.76100746 -14.28122552 54.12627973
v 180.76100746 -16.23935489 53.61425081
v 180.76100746 -18.14871929 53.02543093
v 180.76100746 -20.01247510 52.36064847
v 180.76100746 -21.83234571 51.62082727
v 180.76100746 -23.60899551 50.80698034
v 180.76100746 -25.34226152 49.92020230
v 180.76100746 -27.03130528 48.96166034
v 180.76100746 -28.67471812 47.93258336
v 180.76100746 -30.27059804 46.83424884
v 180.76100746 -31.81660915 45.66796685
v 180.76100746 -33.31003006 44.43506033
v 180.76100746 -34.74779534 43.13684038
v 180.76100746 -36.12653234 41.77457481
v 180.76100746 -37.44259475 40.34944743
v 180.76100746 -38.69209353 38.86250385
v 180.76100746 -39.87092475 37.31457780
v 180.76100746 -40.97479348 35.70618749
v 180.76100746 -41.99923145 34.03738499
v 180.76100746 -42.93960433 32.30752732
v 180.76100746 -43.79110106 30.51491068
v 180.76100746 -44.54869008 28.65614631
v 180.76100746 -45.20701007 26.72500085
v 180.76100746 -45.76011539 24.70997114
v 180.76100746 -46.20083925 22.58821546
v 180.76100746 -46.51879356 20.30463252
v 180.76100746 -46.68588028 17.53402200
v 180.76100746 -46.65492294 14.48132591
v 180.76100746 -46.56202595 13.05037250
v 180.76100746 -46.40711362 11.92386323
v 180.76100746 -46.19005745 10.96189523
v 180.76100746 -45.91067231 10.10947622
v 180.76100746 -45.56871112 9.33827829
v 180.76100746 -45.16385756 8.63150703
v 180.76100746 -44.69571663 7.97829632
v 180.76100746 -44.16380273 7.37118359
v 180.76100746 43.28895256 7.37118359
v 180.76100746 43.82086645 7.97829632
v 180.76100746 44.28900738 8.63150703
v 180.76100746 44.69386095 9.33827829
v 180.76100746 45.03582213 10.10947622
v 180.76100746 45.31520727 10.96189523
v 180.76100746 45.53226345 11.92386323
v 180.76100746 45.68717577 13.05037250
v 180.76100746 45.78007277 14.48132591
v 182.26539969 46.05879992 17.12601908
v 182.26539969 45.89354767 19.85492234
v 182.26539969 45.57802472 22.10492312
v 182.26539969 45.13989603 24.19572932
v 182.26539969 44.58939791 26.18152110
v 182.26539969 43.93359779 28.08475531
v 182.26539969 43.17836333 29.91673793
v 182.26539969 42.32898944 31.68359212
v 182.26539969 41.39044871 33.38864339
v 182.26539969 40.36749903 35.03356009
v 182.26539969 39.26472642 36.61896727
v 182.26539969 38.08655548 38.14480657
v 182.26539969 36.83724202 39.61056122
v 182.26539969 35.52085540 41.01540437
v 182.26539969 34.14125487 42.35830093
v 182.26539969 32.70206177 43.63808016
v 182.26539969 31.20662879 44.85348888
v 182.26539969 29.65800654 46.00323164
v 182.26539969 28.05890674 47.08600162
v 182.26539969 26.41166079 48.10050494
v 182.26539969 24.71817134 49.04548006
v 182.26539969 22.97985275 49.91971360
v 182.26539969 21.19755387 50.72205317
v 182.26539969 19.37145254 51.45141810
v 182.26539969 17.50090306 52.10680837
v 182.26539969 15.58420383 52.68731198
v 182.26539969 13.61822220 53.19211125
v 182.26539969 11.59774740 53.62048795
v 182.26539969 9.51427665 53.97182756
v 182.26539969 7.35345877 54.24562281
v 182.26539969 5.08867091 54.44147639
v 182.26539969 2.65883799 54.55910305
v 182.26539969 -0.28366780 54.59833105
v 182.26539969 -3.22617359 54.55910305
v 182.26539969 -5.65600651 54.44147639
v 182.26539969 -7.92079437 54.24562281
v 182.26539969 -10.08161225 53.97182756
v 182.26539969 -12.16508300 53.62048795
v 182.26539969 -14.18555780 53.19211125
v 182.26539969 -16.15153943 52.68731198
v 182.26539969 -18.06823866 52.10680837
v 182.26539969 -19.93878814 51.45141810
v 182.26539969 -21.76488947 50.72205317
v 182.26539969 -23.54718835 49.91971360
v 182.26539969 -25.28550694 49.04548006
v 182.26539969 -26.97899639 48.10050494
v 182.26539969 -28.62624234 47.08600162
v 182.26539969 -30.22534214 46.00323164
v 182.26539969 -31.77396439 44.85348888
v 182.26539969 -33.26939737 43.63808016
v 182.26539969 -34.70859047 42.35830093
v 182.26539969 -36.08819100 41.01540437
v 182.26539969 -37.40457762 39.61056122
v 182.26539969 -38.65389108 38.14480657
v 182.26539969 -39.83206202 36.61896727
v 182.26539969 -40.93483463 35.03356009
v 182.26539969 -41.95778431 33.38864339
v 182.26539969 -42.89632504 31.68359212
v 182.26539969 -43.74569893 29.91673793
v 182.26539969 -44.50093339 28.08475531
v 182.26539969 -45.15673351 26.18152110
v 182.26539969 -45.70723163 24.19572932
v 182.26539969 -46.14536032 22.10492312
v 182.26539969 -46.46088327 19.85492234
v 182.26539969 -46.62613552 17.12601908
v 182.26539969 -46.59511525 14.11718766
v 182.26539969 -46.50202942 12.70679584
v 182.26539969 -46.34680219 11.59647356
v 182.26539969 -46.12930479 10.64832822
v 182.26539969 -45.84935173 9.80815775
v 182.26539969 -45.50669541 9.04804129
v 182.26539969 -45.10101887 8.35142573
v 182.26539969 -44.63192632 7.70760111
v 182.26539969 -44.09893117 7.10921208
v 182.26539969 43.53159557 7.10921208
v 182.26539969 44.06459072 7.70760111
v 182.26539969 44.53368327 8.35142573
v 182.26539969 44.93935981 9.04804129
v 182.26539969 45.28201613 9.80815775
v 182.26539969 45.56196919 10.64832822
v 182.26539969 45.77946659 11.59647356
v 182.26539969 45.93469382 12.70679584
v 182.26539969 46.02777965 14.11718766
v 183.76608534 46.33762986 16.74771050
v 183.76608534 46.17402172 19.43704740
v 183.76608534 45.86067533 21.65507159
v 183.76608534 45.42486381 23.71636959
v 183.76608534 44.87668583 25.67426130
v 183.76608534 44.22311865 27.55084458
v 183.76608534 43.46995913 29.35724190
v 183.76608534 42.62244179 31.09947431
v 183.76608534 41.68548570 32.78080912
v 183.76608534 40.66380034 34.40288249
v 183.76608534 39.56192784 35.96630374
v 183.76608534 38.38425306 37.47100951
v 183.76608534 37.13499616 38.91648541
v 183.76608534 35.81819508 40.30191191
v 183.76608534 34.43768189 41.62626471
v 183.76608534 32.99705516 42.88838613
v 183.76608534 31.49964937 44.08703756
v 183.76608534 29.94850152 45.22093900
v 183.76608534 28.34631442 46.28879947
v 183.76608534 26.69541525 47.28934096
v 183.76608534 24.99770706 48.22131760
v 183.76608534 23.25460911 49.08353110
v 183.76608534 21.46697940 49.87484355
v 183.76608534 19.63500882 50.59418791
v 183.76608534 17.75806811 51.24057678
v 183.76608534 15.83447469 51.81310973
v 183.76608534 13.86111635 52.31097948
v 183.76608534 11.83280227 52.73347691
v 183.76608534 9.74104584 53.07999538
v 183.76608534 7.57150159 53.35003406
v 183.76608534 5.29752604 53.54320073
v 183.76608534 2.85794416 53.65921378
v 183.76608534 -0.09558961 53.69790366
v 183.76608534 -3.04912338 53.65921378
v 183.76608534 -5.48870525 53.54320073
v 183.76608534 -7.76268080 53.35003406
v 183.76608534 -9.93222505 53.07999538
v 183.76608534 -12.02398149 52.73347691
v 183.76608534 -14.05229556 52.31097948
v 183.76608534 -16.02565390 51.81310973
v 183.76608534 -17.94924732 51.24057678
v 183.76608534 -19.82618804 50.59418791
v 183.76608534 -21.65815861 49.87484355
v 183.76608534 -23.44578832 49.08353110
v 183.76608534 -25.18888628 48.22131760
v 183.76608534 -26.88659446 47.28934096
v 183.76608534 -28.53749363 46.28879947
v 183.76608534 -30.13968073 45.22093900
v 183.76608534 -31.69082858 44.08703756
v 183.76608534 -33.18823437 42.88838613
v 183.76608534 -34.62886110 41.62626471
v 183.76608534 -36.00937430 40.30191191
v 183.76608534 -37.32617538 38.91648541
v 183.76608534 -38.57543227 37.47100951
v 183.76608534 -39.75310705 35.96630374
v 183.76608534 -40.85497955 34.40288249
v 183.76608534 -41.87666491 32.78080912
v 183.76608534 -42.81362100 31.09947431
v 183.76608534 -43.66113834 29.35724190
v 183.76608534 -44.41429786 27.55084458
v 183.76608534 -45.06786504 25.67426130
v 183.76608534 -45.61604302 23.71636959
v 183.76608534 -46.05185454 21.65507159
v 183.76608534 -46.36520094 19.43704740
v 183.76608534 -46.52880907 16.74771050
v 183.76608534 -46.49772806 13.78080249
v 183.76608534 -46.40445993 12.39006230
v 183.76608534 -46.24892873 11.29521065
v 183.76608534 -46.03100541 10.36027626
v 183.76608534 -45.75050411 9.53181226
v 183.76608534 -45.40717678 8.78228685
v 183.76608534 -45.00070581 8.09537755
v 183.76608534 -44.53069464 7.46052364
v 183.76608534 43.80547652 6.87047223
v 183.76608534 44.33951543 7.46052364
v 183.76608534 44.80952660 8.09537755
v 183.76608534 45.21599757 8.78228685
v 183.76608534 45.55932490 9.53181226
v 183.76608534 45.83982619 10.36027626
v 183.76608534 46.05774952 11.29521065
v 183.76608534 46.21328072 12.39006230
v 183.76608534 46.30654885 13.78080249
v 185.26293767 46.64041728 16.40109374
v 185.26293767 46.47825970 19.05317685
v 185.26293767 46.16683097 21.24097836
v 185.26293767 45.73305488 23.27434933
v 185.26293767 45.18690705 25.20581298
v 185.26293767 44.53528404 27.05713508
v 185.26293767 43.78391933 28.83926880
v 185.26293767 42.93799336 30.55814144
v 185.26293767 42.00237720 32.21696726
v 185.26293767 40.98173694 33.81735354
v 185.26293767 39.88057533 35.35989595
v 185.26293767 38.70324157 36.84452750
v 185.26293767 37.45392383 38.27073691
v 185.26293767 36.13663178 39.63771239
v 185.26293767 34.75517307 40.94444054
v 185.26293767 33.31312576 42.18977667
v 185.26293767 31.81380791 43.37249654
v 185.26293767 30.26024419 44.49133527
v 185.26293767 28.65512926 45.54501735
v 185.26293767 27.00078635 46.53228024
v 185.26293767 25.29911863 47.45189325
v 185.26293767 23.55154945 48.30267280
v 185.26293767 21.75894468 49.08349498
v 185.26293767 19.92150639 49.79330593
v 185.26293767 18.03861944 50.43113048
v 185.26293767 16.10861740 50.99607939
v 185.26293767 14.12840519 51.48735541
v 185.26293767 12.09280809 51.90425828
v 185.26293767 9.99335124 52.24618890
v 185.26293767 7.81568990 52.51265270
v 185.26293767 5.53315386 52.70326236
v 185.26293767 3.08445940 52.81773979
v 185.26293767 0.12049969 52.85591756
v 185.26293767 -2.84346001 52.81773979
v 185.26293767 -5.29215447 52.70326236
v 185.26293767 -7.57469052 52.51265270
v 185.26293767 -9.75235186 52.24618890
v 185.26293767 -11.85180870 51.90425828
v 185.26293767 -13.88740580 51.48735541
v 185.26293767 -15.86761802 50.99607939
v 185.26293767 -17.79762005 50.43113048
v 185.26293767 -19.68050701 49.79330593
v 185.26293767 -21.51794529 49.08349498
v 185.26293767 -23.31055007 48.30267280
v 185.26293767 -25.05811925 47.45189325
v 185.26293767 -26.75978696 46.53228024
v 185.26293767 -28.41412988 45.54501735
v 185.26293767 -30.01924481 44.49133527
v 185.26293767 -31.57280853 43.37249654
v 185.26293767 -33.07212638 42.18977667
v 185.26293767 -34.51417368 40.94444054
v 185.26293767 -35.89563240 39.63771239
v 185.26293767 -37.21292444 38.27073691
v 185.26293767 -38.46224218 36.84452750
v 185.26293767 -39.63957594 35.35989595
v 185.26293767 -40.74073755 33.81735354
v 185.26293767 -41.76137781 32.21696726
v 185.26293767 -42.69699398 30.55814144
v 185.26293767 -43.54291994 28.83926880
v 185.26293767 -44.29428465 27.05713508
v 185.26293767 -44.94590766 25.20581298
v 185.26293767 -45.49205550 23.27434933
v 185.26293767 -45.92583159 21.24097836
v 185.26293767 -46.23726032 19.05317685
v 185.26293767 -46.39941789 16.40109374
v 185.26293767 -46.36827884 13.47396132
v 185.26293767 -46.27483657 12.10186595
v 185.26293767 -46.11901497 11.02169233
v 185.26293767 -45.90068475 10.09929205
v 185.26293767 -45.61965972 9.28193478
v 185.26293767 -45.27569134 8.54245781
v 185.26293767 -44.86846142 7.86475750
v 185.26293767 -44.39757267 7.23841469
v 185.26293767 44.10353601 6.65627375
v 185.26293767 44.63857205 7.23841469
v 185.26293767 45.10946081 7.86475750
v 185.26293767 45.51669072 8.54245781
v 185.26293767 45.86065910 9.28193478
v 185.26293767 46.14168413 10.09929205
v 185.26293767 46.36001435 11.02169233
v 185.26293767 46.51583596 12.10186595
v 185.26293767 46.60927823 13.47396132
v 186.75583077 46.96015680 16.06895277
v 186.75583077 46.79925293 18.68568563
v 186.75583077 46.48947881 20.84468716
v 186.75583077 46.05745259 22.85140638
v 186.75583077 45.51304187 24.75762459
v 186.75583077 44.86307234 26.58479872
v 186.75583077 44.11322173 28.34372497
v 186.75583077 43.26862290 30.04024415
v 186.75583077 42.33410463 31.67752210
v 186.75583077 41.31429483 33.25714019
v 186.75583077 40.21366152 34.77968238
v 186.75583077 39.03652243 36.24507933
v 186.75583077 37.78703751 37.65282369
v 186.75583077 36.46919146 39.00211190
v 186.75583077 35.08677031 40.29194166
v 186.75583077 33.64333399 41.52118137
v 186.75583077 32.14218592 42.68862110
v 186.75583077 30.58633979 43.79301093
v 186.75583077 28.97848290 44.83309063
v 186.75583077 27.32093476 45.80761287
v 186.75583077 25.61559840 46.71536188
v 186.75583077 23.86390044 47.55516847
v 186.75583077 22.06671321 48.32592245
v 186.75583077 20.22424815 49.02658285
v 186.75583077 18.33590176 49.65618647
v 186.75583077 16.40002090 50.21385500
v 186.75583077 14.41352418 50.69880097
v 186.75583077 12.37124910 51.11033275
v 186.75583077 10.26472821 51.44785863
v 186.75583077 8.07961249 51.71089014
v 186.75583077 5.78919928 51.89904472
v 186.75583077 3.33208830 52.01204772
v 186.75583077 0.35837391 52.04973379
v 186.75583077 -2.61534047 52.01204772
v 186.75583077 -5.07245145 51.89904472
v 186.75583077 -7.36286467 51.71089014
v 186.75583077 -9.54798039 51.44785863
v 186.75583077 -11.65450128 51.11033275
v 186.75583077 -13.69677635 50.69880097
v 186.75583077 -15.68327308 50.21385500
v 186.75583077 -17.61915393 49.65618647
v 186.75583077 -19.50750033 49.02658285
v 186.75583077 -21.34996539 48.32592245
v 186.75583077 -23.14715262 47.55516847
v 186.75583077 -24.89885058 46.71536188
v 186.75583077 -26.60418694 45.80761287
v 186.75583077 -28.26173508 44.83309063
v 186.75583077 -29.86959197 43.79301093
v 186.75583077 -31.42543810 42.68862110
v 186.75583077 -32.92658617 41.52118137
v 186.75583077 -34.37002249 40.29194166
v 186.75583077 -35.75244364 39.00211190
v 186.75583077 -37.07028968 37.65282369
v 186.75583077 -38.31977460 36.24507933
v 186.75583077 -39.49691369 34.77968238
v 186.75583077 -40.59754701 33.25714019
v 186.75583077 -41.61735681 31.67752210
v 186.75583077 -42.55187507 30.04024415
v 186.75583077 -43.39647390 28.34372497
v 186.75583077 -44.14632451 26.58479872
v 186.75583077 -44.79629405 24.75762459
v 186.75583077 -45.34070476 22.85140638
v 186.75583077 -45.77273099 20.84468716
v 186.75583077 -46.08250510 18.68568563
v 186.75583077 -46.24340897 16.06895277
v 186.75583077 -46.21221513 13.17988351
v 186.75583077 -46.11860842 11.82563029
v 186.75583077 -45.96251260 10.75950277
v 186.75583077 -45.74379816 9.84909699
v 186.75583077 -45.46227859 9.04236828
v 186.75583077 -45.11770490 8.31250715
v 186.75583077 -44.70975834 7.64361936
v 186.75583077 -44.23804092 7.02542125
v 186.75583077 44.41881115 6.45085022
v 186.75583077 44.95478875 7.02542125
v 186.75583077 45.42650617 7.64361936
v 186.75583077 45.83445272 8.31250715
v 186.75583077 46.17902641 9.04236828
v 186.75583077 46.46054599 9.84909699
v 186.75583077 46.67926042 10.75950277
v 186.75583077 46.83535624 11.82563029
v 186.75583077 46.92896295 13.17988351
v 188.24463961 47.28994550 15.74401781
v 188.24463961 47.13009509 18.32686419
v 188.24463961 46.82170833 20.45813117
v 188.24463961 46.39114256 22.43914359
v 188.24463961 45.84817290 24.32098623
v 188.24463961 45.19956421 26.12482655
v 188.24463961 44.45094638 27.86131413
v 188.24463961 43.60741136 29.53620952
v 188.24463961 42.67375159 31.15263407
v 188.24463961 41.65456208 32.71214591
v 188.24463961 40.55428095 34.21531910
v 188.24463961 39.37719881 35.66208319
v 188.24463961 38.12745123 37.05193558
v 188.24463961 36.80900137 38.38408153
v 188.24463961 35.42561652 39.65753023
v 188.24463961 33.98084088 40.87116339
v 188.24463961 32.47796513 42.02378547
v 188.24463961 30.91999331 43.11416161
v 188.24463961 29.30960620 44.14104679
v 188.24463961 27.64911983 45.10320885
v 188.24463961 25.94043678 45.99944683
v 188.24463961 24.18498610 46.82860583
v 188.24463961 22.38364519 47.58958925
v 188.24463961 20.53663288 48.28136889
v 188.24463961 18.64335489 48.90299338
v 188.24463961 16.70216836 49.45359520
v 188.24463961 14.71000214 49.93239657
v 188.24463961 12.66170206 50.33871438
v 188.24463961 10.54880366 50.67196419
v 188.24463961 8.35694883 50.93166357
v 188.24463961 6.05939699 51.11743467
v 188.24463961 3.59462438 51.22900622
v 188.24463961 0.61189507 51.26621491
v 188.24463961 -2.37083423 51.22900622
v 188.24463961 -4.83560684 51.11743467
v 188.24463961 -7.13315868 50.93166357
v 188.24463961 -9.32501351 50.67196419
v 188.24463961 -11.43791191 50.33871438
v 188.24463961 -13.48621199 49.93239657
v 188.24463961 -15.47837821 49.45359520
v 188.24463961 -17.41956474 48.90299338
v 188.24463961 -19.31284273 48.28136889
v 188.24463961 -21.15985504 47.58958925
v 188.24463961 -22.96119595 46.82860583
v 188.24463961 -24.71664663 45.99944683
v 188.24463961 -26.42532968 45.10320885
v 188.24463961 -28.08581605 44.14104679
v 188.24463961 -29.69620316 43.11416161
v 188.24463961 -31.25417498 42.02378547
v 188.24463961 -32.75705073 40.87116339
v 188.24463961 -34.20182637 39.65753023
v 188.24463961 -35.58521122 38.38408153
v 188.24463961 -36.90366108 37.05193558
v 188.24463961 -38.15340866 35.66208319
v 188.24463961 -39.33049080 34.21531910
v 188.24463961 -40.43077193 32.71214591
v 188.24463961 -41.44996144 31.15263407
v 188.24463961 -42.38362121 29.53620952
v 188.24463961 -43.22715623 27.86131413
v 188.24463961 -43.97577406 26.12482655
v 188.24463961 -44.62438275 24.32098623
v 188.24463961 -45.16735241 22.43914359
v 188.24463961 -45.59791818 20.45813117
v 188.24463961 -45.90630494 18.32686419
v 188.24463961 -46.06615535 15.74401781
v 188.24463961 -46.03491046 12.89177045
v 188.24463961 -45.94115055 11.55477752
v 188.24463961 -45.78479927 10.50223806
v 188.24463961 -45.56572689 9.60343562
v 188.24463961 -45.28374659 8.80698887
v 188.24463961 -44.93860897 8.08643000
v 188.24463961 -44.52999478 7.42606735
v 188.24463961 -44.05750536 6.81574832
v 188.24463961 44.74444074 6.24850034
v 188.24463961 45.28129551 6.81574832
v 188.24463961 45.75378493 7.42606735
v 188.24463961 46.16239912 8.08643000
v 188.24463961 46.50753674 8.80698887
v 188.24463961 46.78951704 9.60343562
v 188.24463961 47.00858942 10.50223806
v 188.24463961 47.16494070 11.55477752
v 188.24463961 47.25870061 12.89177045
v 189.72924009 47.62298791 15.42951972
v 189.72924009 47.46398725 17.97972268
v 189.72924009 47.15671641 20.08414353
v 189.72924009 46.72731789 22.04023117
v 189.72924009 46.18549023 23.89841433
v 189.72924009 45.53794787 25.67958829
v 189.72924009 44.79028093 27.39426530
v 189.72924009 43.94754735 29.04813125
v 189.72924009 43.01450930 30.64426664
v 189.72924009 41.99573437 32.18420879
v 189.72924009 40.89563572 33.66852359
v 189.72924009 39.71848131 35.09714064
v 189.72924009 38.46838632 36.46956301
v 189.72924009 37.14929581 37.78500531
v 189.72924009 35.76496137 39.04248871
v 189.72924009 34.31891389 40.24090848
v 189.72924009 32.81443328 41.37908369
v 189.72924009 31.25451532 42.45579462
v 189.72924009 29.64183505 43.46981156
v 189.72924009 27.97870531 44.41991753
v 189.72924009 26.26702793 45.30492635
v 189.72924009 24.50823349 46.12369738
v 189.72924009 22.70320302 46.87514759
v 189.72924009 20.85216076 47.55826146
v 189.72924009 18.95451911 48.17209940
v 189.72924009 17.00864249 48.71580462
v 189.72924009 15.01146648 49.18860896
v 189.72924009 12.95784125 49.58983777
v 189.72924009 10.83930101 49.91891385
v 189.72924009 8.64147384 50.17536074
v 189.72924009 6.33757610 50.35880527
v 189.72924009 3.86595461 50.46897953
v 189.72924009 0.87501784 50.50572223
v 189.72924009 -2.11591892 50.46897953
v 189.72924009 -4.58754041 50.35880527
v 189.72924009 -6.89143815 50.17536074
v 189.72924009 -9.08926532 49.91891385
v 189.72924009 -11.20780556 49.58983777
v 189.72924009 -13.26143079 49.18860896
v 189.72924009 -15.25860680 48.71580462
v 189.72924009 -17.20448342 48.17209940
v 189.72924009 -19.10212507 47.55826146
v 189.72924009 -20.95316733 46.87514759
v 189.72924009 -22.75819780 46.12369738
v 189.72924009 -24.51699224 45.30492635
v 189.72924009 -26.22866962 44.41991753
v 189.72924009 -27.89179936 43.46981156
v 189.72924009 -29.50447963 42.45579462
v 189.72924009 -31.06439759 41.37908369
v 189.72924009 -32.56887820 40.24090848
v 189.72924009 -34.01492568 39.04248871
v 189.72924009 -35.39926012 37.78500531
v 189.72924009 -36.71835063 36.46956301
v 189.72924009 -37.96844562 35.09714064
v 189.72924009 -39.14560003 33.66852359
v 189.72924009 -40.24569868 32.18420879
v 189.72924009 -41.26447361 30.64426664
v 189.72924009 -42.19751166 29.04813125
v 189.72924009 -43.04024524 27.39426530
v 189.72924009 -43.78791218 25.67958829
v 189.72924009 -44.43545454 23.89841433
v 189.72924009 -44.97728220 22.04023117
v 189.72924009 -45.40668072 20.08414353
v 189.72924009 -45.71395156 17.97972268
v 189.72924009 -45.87295222 15.42951972
v 189.72924009 -45.84166052 12.61308340
v 189.72924009 -45.74776017 11.29287692
v 189.72924009 -45.59117468 10.25355249
v 189.72924009 -45.37177415 9.36603486
v 189.72924009 -45.08937147 8.57958780
v 189.72924009 -44.74371687 7.86807582
v 189.72924009 -44.33449061 7.21600427
v 189.72924009 -43.86129344 6.61334803
v 189.72924009 45.61132913 6.61334803
v 189.72924009 46.08452630 7.21600427
v 189.72924009 46.49375256 7.86807582
v 189.72924009 46.83940716 8.57958780
v 189.72924009 47.12180984 9.36603486
v 189.72924009 47.34121037 10.25355249
v 189.72924009 47.49779586 11.29287692
v 189.72924009 47.59169621 12.61308340
v 191.20950901 47.95260081 15.12863092
v 191.20950901 47.79431020 17.64721564
v 191.20950901 47.48797796 19.72550423
v 191.20950901 47.05956299 21.65728851
v 191.20950901 46.51869788 23.49237673
v 191.20950901 45.87205346 25.25140722
v 191.20950901 45.12518536 26.94476314
v 191.20950901 44.28312196 28.57806073
v 191.20950901 43.35059904 30.15434293
v 191.20950901 42.33216022 31.67512852
v 191.20950901 41.23219676 33.14097677
v 191.20950901 40.05495671 34.55181855
v 191.20950901 38.80453724 35.90716340
v 191.20950901 37.48486738 37.20623599
v 191.20950901 36.09968469 38.44806986
v 191.20950901 34.65250811 39.63157424
v 191.20950901 33.14660773 40.75558308
v 191.20950901 31.58497166 41.81889198
v 191.20950901 29.97026941 42.82028669
v 191.20950901 28.30481045 43.75856547
v 191.20950901 26.59049524 44.63255705
v 191.20950901 24.82875494 45.44113509
v 191.20950901 23.02047285 46.18323009
v 191.20950901 21.16587682 46.85783929
v 191.20950901 19.26438382 47.46403486
v 191.20950901 17.31436300 48.00097072
v 191.20950901 15.31275373 48.46788835
v 191.20950901 13.25440725 48.86412152
v 191.20950901 11.13085265 49.18910028
v 191.20950901 8.92769983 49.44235412
v 191.20950901 6.61811671 49.62351454
v 191.20950901 4.14031240 49.73231699
v 191.20950901 1.14179385 49.76860220
v 191.20950901 -1.85672469 49.73231699
v 191.20950901 -4.33452900 49.62351454
v 191.20950901 -6.64411212 49.44235412
v 191.20950901 -8.84726495 49.18910028
v 191.20950901 -10.97081954 48.86412152
v 191.20950901 -13.02916602 48.46788835
v 191.20950901 -15.03077529 48.00097072
v 191.20950901 -16.98079611 47.46403486
v 191.20950901 -18.88228912 46.85783929
v 191.20950901 -20.73688514 46.18323009
v 191.20950901 -22.54516723 45.44113509
v 191.20950901 -24.30690753 44.63255705
v 191.20950901 -26.02122274 43.75856547
v 191.20950901 -27.68668170 42.82028669
v 191.20950901 -29.30138395 41.81889198
v 191.20950901 -30.86302003 40.75558308
v 191.20950901 -32.36892040 39.63157424
v 191.20950901 -33.81609698 38.44806986
v 191.20950901 -35.20127967 37.20623599
v 191.20950901 -36.52094953 35.90716340
v 191.20950901 -37.77136900 34.55181855
v 191.20950901 -38.94860905 33.14097677
v 191.20950901 -40.04857251 31.67512852
v 191.20950901 -41.06701133 30.15434293
v 191.20950901 -41.99953425 28.57806073
v 191.20950901 -42.84159765 26.94476314
v 191.20950901 -43.58846575 25.25140722
v 191.20950901 -44.23511017 23.49237673
v 191.20950901 -44.77597528 21.65728851
v 191.20950901 -45.20439025 19.72550423
v 191.20950901 -45.51072250 17.64721564
v 191.20950901 -45.66901311 15.12863092
v 191.20950901 -45.63767935 12.34722170
v 191.20950901 -45.54365278 11.04343419
v 191.20950901 -45.38685682 10.01703550
v 191.20950901 -45.16716138 9.14055563
v 191.20950901 -44.88437910 8.36388936
v 191.20950901 -44.53825988 7.66122622
v 191.20950901 -44.12848356 7.01726427
v 191.20950901 -43.65465033 6.42210307
v 191.20950901 45.93823804 6.42210307
v 191.20950901 46.41207126 7.01726427
v 191.20950901 46.82184759 7.66122622
v 191.20950901 47.16796681 8.36388936
v 191.20950901 47.45074909 9.14055563
v 191.20950901 47.67044453 10.01703550
v 191.20950901 47.82724049 11.04343419
v 191.20950901 47.92126705 12.34722170
v 192.68532414 48.27221805 14.84446316
v 192.68532414 48.11462846 17.33223383
v 192.68532414 47.80924863 19.38492954
v 192.68532414 47.38185466 21.29287224
v 192.68532414 46.84201282 23.10527993
v 192.68532414 46.19634987 24.84254703
v 192.68532414 45.45038644 26.51493469
v 192.68532414 44.60912075 28.12799386
v 192.68532414 43.67726154 29.68473281
v 192.68532414 42.65932774 31.18665380
v 192.68532414 41.55968799 32.63431099
v 192.68532414 40.38256959 34.02763756
v 192.68532414 39.13205086 35.36615040
v 192.68532414 37.81204389 36.64908483
v 192.68532414 36.42627131 37.87548733
v 192.68532414 34.97823916 39.04428147
v 192.68532414 33.47120670 40.15431638
v 192.68532414 31.90815335 41.20440327
v 192.68532414 30.29174209 42.19334353
v 192.68532414 28.62427792 43.11995088
v 192.68532414 26.90765888 43.98306905
v 192.68532414 25.14331555 44.78158610
v 192.68532414 23.33213231 45.51444623
v 192.68532414 21.47433943 46.18065944
v 192.68532414 19.56935707 46.77930974
v 192.68532414 17.61555767 47.30956184
v 192.68532414 15.60988275 47.77066686
v 192.68532414 13.54718258 48.16196707
v 192.68532414 11.41897860 48.48289974
v 192.68532414 9.21085890 48.73300036
v 192.68532414 6.89593694 48.91190512
v 192.68532414 4.41227075 49.01935282
v 192.68532414 1.40637588 49.05518623
v 192.68532414 -1.59951898 49.01935282
v 192.68532414 -4.08318518 48.91190512
v 192.68532414 -6.39810714 48.73300036
v 192.68532414 -8.60622684 48.48289974
v 192.68532414 -10.73443081 48.16196707
v 192.68532414 -12.79713098 47.77066686
v 192.68532414 -14.80280590 47.30956184
v 192.68532414 -16.75660530 46.77930974
v 192.68532414 -18.66158767 46.18065944
v 192.68532414 -20.51938054 45.51444623
v 192.68532414 -22.33056378 44.78158610
v 192.68532414 -24.09490711 43.98306905
v 192.68532414 -25.81152616 43.11995088
v 192.68532414 -27.47899033 42.19334353
v 192.68532414 -29.09540158 41.20440327
v 192.68532414 -30.65845493 40.15431638
v 192.68532414 -32.16548739 39.04428147
v 192.68532414 -33.61351955 37.87548733
v 192.68532414 -34.99929212 36.64908483
v 192.68532414 -36.31929909 35.36615040
v 192.68532414 -37.56981782 34.02763756
v 192.68532414 -38.74693623 32.63431099
v 192.68532414 -39.84657598 31.18665380
v 192.68532414 -40.86450977 29.68473281
v 192.68532414 -41.79636899 28.12799386
v 192.68532414 -42.63763468 26.51493469
v 192.68532414 -43.38359810 24.84254703
v 192.68532414 -44.02926106 23.10527993
v 192.68532414 -44.56910290 21.29287224
v 192.68532414 -44.99649687 19.38492954
v 192.68532414 -45.30187669 17.33223383
v 192.68532414 -45.45946628 14.84446316
v 192.68532414 -45.42809568 12.09752034
v 192.68532414 -45.33395857 10.80988898
v 192.68532414 -45.17697827 9.79620911
v 192.68532414 -44.95702453 8.93059032
v 192.68532414 -44.67390978 8.16354826
v 192.68532414 -44.32738364 7.46959231
v 192.68532414 -43.91712554 6.83361015
v 192.68532414 -43.44273523 6.24582401
v 192.68532414 46.25548700 6.24582401
v 192.68532414 46.72987731 6.83361015
v 192.68532414 47.14013540 7.46959231
v 192.68532414 47.48666155 8.16354826
v 192.68532414 47.76977630 8.93059032
v 192.68532414 47.98973003 9.79620911
v 192.68532414 48.14671034 10.80988898
v 192.68532414 48.24084745 12.09752034
v 194.15656426 48.57539497 14.58006536
v 194.15656426 48.41850280 17.03760632
v 194.15656426 48.11409758 19.06507594
v 194.15656426 47.68777238 20.94948121
v 194.15656426 47.14902653 22.73947481
v 194.15656426 46.50444208 24.45521798
v 194.15656426 45.75950398 26.10685578
v 194.15656426 44.91917954 27.69987755
v 194.15656426 43.98814970 29.23725940
v 194.15656426 42.97090791 30.72048883
v 194.15656426 41.87179928 32.15011620
v 194.15656426 40.69502949 33.52607807
v 194.15656426 39.44465707 34.84789944
v 194.15656426 38.12457620 36.11482698
v 194.15656426 36.73849358 37.32592059
v 194.15656426 35.28990130 38.48011865
v 194.15656426 33.78204680 39.57628587
v 194.15656426 32.21789974 40.61324934
v 194.15656426 30.60011549 41.58982639
v 194.15656426 28.93099350 42.50484642
v 194.15656426 27.21242828 43.35716837
v 194.15656426 25.44584871 44.14569491
v 194.15656426 23.63213911 44.86938403
v 194.15656426 21.77153094 45.52725868
v 194.15656426 19.86344629 46.11841480
v 194.15656426 17.90625951 46.64202799
v 194.15656426 15.89691272 47.09735912
v 194.15656426 13.83025341 47.48375899
v 194.15656426 11.69779308 47.80067220
v 194.15656426 9.48509474 48.04764026
v 194.15656426 7.16521204 48.22430409
v 194.15656426 4.67604007 48.33040587
v 194.15656426 1.66302191 48.36579041
v 194.15656426 -1.34999626 48.33040587
v 194.15656426 -3.83916823 48.22430409
v 194.15656426 -6.15905093 48.04764026
v 194.15656426 -8.37174927 47.80067220
v 194.15656426 -10.50420960 47.48375899
v 194.15656426 -12.57086891 47.09735912
v 194.15656426 -14.58021570 46.64202799
v 194.15656426 -16.53740248 46.11841480
v 194.15656426 -18.44548713 45.52725868
v 194.15656426 -20.30609530 44.86938403
v 194.15656426 -22.11980490 44.14569491
v 194.15656426 -23.88638447 43.35716837
v 194.15656426 -25.60494969 42.50484642
v 194.15656426 -27.27407168 41.58982639
v 194.15656426 -28.89185593 40.61324934
v 194.15656426 -30.45600298 39.57628587
v 194.15656426 -31.96385749 38.48011865
v 194.15656426 -33.41244977 37.32592059
v 194.15656426 -34.79853239 36.11482698
v 194.15656426 -36.11861326 34.84789944
v 194.15656426 -37.36898568 33.52607807
v 194.15656426 -38.54575547 32.15011620
v 194.15656426 -39.64486410 30.72048883
v 194.15656426 -40.66210589 29.23725940
v 194.15656426 -41.59313573 27.69987755
v 194.15656426 -42.43346017 26.10685578
v 194.15656426 -43.17839827 24.45521798
v 194.15656426 -43.82298272 22.73947481
v 194.15656426 -44.36172857 20.94948121
v 194.15656426 -44.78805377 19.06507594
v 194.15656426 -45.09245899 17.03760632
v 194.15656426 -45.24935116 14.58006536
v 194.15656426 -45.21794941 11.86724766
v 194.15656426 -45.12371883 10.59561248
v 194.15656426 -44.96658267 9.59452551
v 194.15656426 -44.74641056 8.73966025
v 194.15656426 -44.46301472 7.98214712
v 194.15656426 -44.11614452 7.29681215
v 194.15656426 -43.70547910 6.66873076
v 194.15656426 -43.23061779 6.08824665
v 194.15656426 46.55666160 6.08824665
v 194.15656426 47.03152291 6.66873076
v 194.15656426 47.44218833 7.29681215
v 194.15656426 47.78905853 7.98214712
v 194.15656426 48.07245437 8.73966025
v 194.15656426 48.29262648 9.59452551
v 194.15656426 48.44976264 10.59561248
v 194.15656426 48.54399322 11.86724766
v 195.62310914 48.85581286 14.33842154
v 195.62310914 48.69961652 16.76610147
v 195.62310914 48.39621139 18.76854239
v 195.62310914 47.97100726 20.62955966
v 195.62310914 47.43343583 22.39726032
v 195.62310914 46.79003377 24.09158096
v 195.62310914 46.04624966 25.72255530
v 195.62310914 45.20701921 27.29561411
v 195.62310914 44.27699476 28.81370342
v 195.62310914 43.26064347 30.27829751
v 195.62310914 42.16228608 31.68994416
v 195.62310914 40.98610570 33.04858423
v 195.62310914 39.73614016 34.35375162
v 195.62310914 38.41626476 35.60470499
v 195.62310914 37.03016925 36.80051826
v 195.62310914 35.58133078 37.94014507
v 195.62310914 34.07298390 39.02246611
v 195.62310914 32.50808748 40.04632479
v 195.62310914 30.88928820 41.01055468
v 195.62310914 29.21887888 41.91400115
v 195.62310914 27.49874939 42.75553865
v 195.62310914 25.73032582 43.53408466
v 195.62310914 23.91449126 44.24861120
v 195.62310914 22.05147719 44.89815437
v 195.62310914 20.14070642 45.48182221
v 195.62310914 18.18055386 45.99880134
v 195.62310914 16.16796079 46.44836251
v 195.62310914 14.09777025 46.82986520
v 195.62310914 11.96148168 47.14276140
v 195.62310914 9.74463020 47.38659873
v 195.62310914 7.42020498 47.56102288
v 195.62310914 4.92592803 47.66577948
v 195.62310914 1.90609899 47.70071539
v 195.62310914 -1.11373005 47.66577948
v 195.62310914 -3.60800700 47.56102288
v 195.62310914 -5.93243222 47.38659873
v 195.62310914 -8.14928369 47.14276140
v 195.62310914 -10.28557227 46.82986520
v 195.62310914 -12.35576281 46.44836251
v 195.62310914 -14.36835588 45.99880134
v 195.62310914 -16.32850844 45.48182221
v 195.62310914 -18.23927921 44.89815437
v 195.62310914 -20.10229328 44.24861120
v 195.62310914 -21.91812784 43.53408466
v 195.62310914 -23.68655141 42.75553865
v 195.62310914 -25.40668090 41.91400115
v 195.62310914 -27.07709022 41.01055468
v 195.62310914 -28.69588950 40.04632479
v 195.62310914 -30.26078592 39.02246611
v 195.62310914 -31.76913280 37.94014507
v 195.62310914 -33.21797127 36.80051826
v 195.62310914 -34.60406678 35.60470499
v 195.62310914 -35.92394218 34.35375162
v 195.62310914 -37.17390772 33.04858423
v 195.62310914 -38.35008810 31.68994416
v 195.62310914 -39.44844549 30.27829751
v 195.62310914 -40.46479678 28.81370342
v 195.62310914 -41.39482123 27.29561411
v 195.62310914 -42.23405168 25.72255530
v 195.62310914 -42.97783579 24.09158096
v 195.62310914 -43.62123785 22.39726032
v 195.62310914 -44.15880928 20.62955966
v 195.62310914 -44.58401341 18.76854239
v 195.62310914 -44.88741854 16.76610147
v 195.62310914 -45.04361488 14.33842154
v 195.62310914 -45.01218814 11.65960316
v 195.62310914 -44.91788255 10.40390518
v 195.62310914 -44.76062132 9.41536468
v 195.62310914 -44.54027395 8.57121332
v 195.62310914 -44.25665254 7.82319398
v 195.62310914 -43.90950624 7.14644820
v 195.62310914 -43.49851394 6.52623846
v 195.62310914 -43.02327466 5.95302947
v 195.62310914 46.83547264 5.95302947
v 195.62310914 47.31071192 6.52623846
v 195.62310914 47.72170422 7.14644820
v 195.62310914 48.06885052 7.82319398
v 195.62310914 48.35247193 8.57121332
v 195.62310914 48.57281930 9.41536468
v 195.62310914 48.73008053 10.40390518
v 195.62310914 48.82438612 11.65960316
v 197.08483958 49.10728315 14.12244885
v 197.08483958 48.95178296 16.52042492
v 197.08483958 48.64940658 18.49786830
v 197.08483958 48.22538010 20.33549525
v 197.08483958 47.68906695 22.08088158
v 197.08483958 47.04695774 23.75374564
v 197.08483958 46.30446400 25.36401344
v 197.08483958 45.46648909 26.91705953
v 197.08483958 44.53765601 28.41580159
v 197.08483958 43.52240479 29.86170201
v 197.08483958 42.42503093 31.25530700
v 197.08483958 41.24969411 32.59656262
v 197.08483958 40.00041048 33.88501243
v 197.08483958 38.68103552 35.11992773
v 197.08483958 37.29524101 36.30039703
v 197.08483958 35.84648817 37.42538976
v 197.08483958 34.33799758 38.49380310
v 197.08483958 32.77271630 39.50449716
v 197.08483958 31.15328123 40.45632219
v 197.08483958 29.48197750 41.34813988
v 197.08483958 27.76068924 42.17884049
v 197.08483958 25.99083863 42.94735665
v 197.08483958 24.17330644 43.65267469
v 197.08483958 22.30832300 44.29384407
v 197.08483958 20.39531064 44.86998517
v 197.08483958 18.43264360 45.38029586
v 197.08483958 16.41726093 45.82405692
v 197.08483958 14.34399969 46.20063665
v 197.08483958 12.20434542 46.50949457
v 197.08483958 9.98380286 46.75018452
v 197.08483958 7.65529280 46.92235705
v 197.08483958 5.15635570 47.02576128
v 197.08483958 2.13008706 47.06024616
v 197.08483958 -0.89618159 47.02576128
v 197.08483958 -3.39511869 46.92235705
v 197.08483958 -5.72362875 46.75018452
v 197.08483958 -7.94417130 46.50949457
v 197.08483958 -10.08382557 46.20063665
v 197.08483958 -12.15708681 45.82405692
v 197.08483958 -14.17246948 45.38029586
v 197.08483958 -16.13513652 44.86998517
v 197.08483958 -18.04814888 44.29384407
v 197.08483958 -19.91313232 43.65267469
v 197.08483958 -21.73066451 42.94735665
v 197.08483958 -23.50051512 42.17884049
v 197.08483958 -25.22180338 41.34813988
v 197.08483958 -26.89310711 40.45632219
v 197.08483958 -28.51254219 39.50449716
v 197.08483958 -30.07782347 38.49380310
v 197.08483958 -31.58631405 37.42538976
v 197.08483958 -33.03506690 36.30039703
v 197.08483958 -34.42086140 35.11992773
v 197.08483958 -35.74023637 33.88501243
v 197.08483958 -36.98952000 32.59656262
v 197.08483958 -38.16485681 31.25530700
v 197.08483958 -39.26223067 29.86170201
v 197.08483958 -40.27748190 28.41580159
v 197.08483958 -41.20631497 26.91705953
v 197.08483958 -42.04428988 25.36401344
v 197.08483958 -42.78678362 23.75374564
v 197.08483958 -43.42889283 22.08088158
v 197.08483958 -43.96520598 20.33549525
v 197.08483958 -44.38923246 18.49786830
v 197.08483958 -44.69160884 16.52042492
v 197.08483958 -44.84710903 14.12244885
v 197.08483958 -44.81566390 11.47771533
v 197.08483958 -44.72130311 10.23799465
v 197.08483958 -44.56394982 9.26203218
v 197.08483958 -44.34347347 8.42862166
v 197.08483958 -44.05968604 7.69012000
v 197.08483958 -43.71233654 7.02198503
v 197.08483958 -43.30110367 6.40966674
v 197.08483958 -42.82558620 5.84375117
v 197.08483958 47.08576032 5.84375117
v 197.08483958 47.56127778 6.40966674
v 197.08483958 47.97251066 7.02198503
v 197.08483958 48.31986016 7.69012000
v 197.08483958 48.60364759 8.42862166
v 197.08483958 48.82412394 9.26203218
v 197.08483958 48.98147723 10.23799465
v 197.08483958 49.07583801 11.47771533
v 198.54163749 49.32375146 13.93403982
v 198.54163749 49.16894954 16.30233135
v 198.54163749 48.86763358 18.25470284
v 198.54163749 48.44484547 20.06884165
v 198.54163749 47.90987966 21.79180322
v 198.54163749 47.26918003 23.44309246
v 198.54163749 46.52812039 25.03253045
v 198.54163749 45.69157104 26.56543746
v 198.54163749 44.76412484 28.04470420
v 198.54163749 43.75019388 29.47178229
v 198.54163749 42.65404759 30.84721733
v 198.54163749 41.47982131 32.17096136
v 198.54163749 40.23150856 33.44256834
v 198.54163749 38.91294403 34.66132282
v 198.54163749 37.52778058 35.82632850
v 198.54163749 36.07946242 36.93657114
v 198.54163749 34.57119518 37.99096488
v 198.54163749 33.00591302 38.98838700
v 198.54163749 31.38624201 39.92770483
v 198.54163749 29.71445852 40.80779679
v 198.54163749 27.99243987 41.62756933
v 198.54163749 26.22160323 42.38597052
v 198.54163749 24.40282593 43.08200133
v 198.54163749 22.53633605 43.71472485
v 198.54163749 20.62155429 44.28327407
v 198.54163749 18.65685301 44.78685829
v 198.54163749 16.63916778 45.22476857
v 198.54163749 14.56332828 45.59638216
v 198.54163749 12.42080453 45.90116629
v 198.54163749 10.19706880 46.13868110
v 198.54163749 7.86497031 46.30858213
v 198.54163749 5.36186122 46.41062202
v 198.54163749 2.32958249 46.44465189
v 198.54163749 -0.70269623 46.41062202
v 198.54163749 -3.20580532 46.30858213
v 198.54163749 -5.53790381 46.13868110
v 198.54163749 -7.76163954 45.90116629
v 198.54163749 -9.90416329 45.59638216
v 198.54163749 -11.98000279 45.22476857
v 198.54163749 -13.99768802 44.78685829
v 198.54163749 -15.96238930 44.28327407
v 198.54163749 -17.87717106 43.71472485
v 198.54163749 -19.74366094 43.08200133
v 198.54163749 -21.56243824 42.38597052
v 198.54163749 -23.33327488 41.62756933
v 198.54163749 -25.05529353 40.80779679
v 198.54163749 -26.72707702 39.92770483
v 198.54163749 -28.34674803 38.98838700
v 198.54163749 -29.91203019 37.99096488
v 198.54163749 -31.42029743 36.93657114
v 198.54163749 -32.86861559 35.82632850
v 198.54163749 -34.25377905 34.66132282
v 198.54163749 -35.57234358 33.44256834
v 198.54163749 -36.82065632 32.17096136
v 198.54163749 -37.99488261 30.84721733
v 198.54163749 -39.09102889 29.47178229
v 198.54163749 -40.10495985 28.04470420
v 198.54163749 -41.03240605 26.56543746
v 198.54163749 -41.86895540 25.03253045
v 198.54163749 -42.61001505 23.44309246
v 198.54163749 -43.25071467 21.79180322
v 198.54163749 -43.78568048 20.06884165
v 198.54163749 -44.20846859 18.25470284
v 198.54163749 -44.50978456 16.30233135
v 198.54163749 -44.66458647 13.93403982
v 198.54163749 -44.63312998 11.32360705
v 198.54163749 -44.53873510 10.09996488
v 198.54163749 -44.38132496 9.13666010
v 198.54163749 -44.16076895 8.31405847
v 198.54163749 -43.87687898 7.58513477
v 198.54163749 -43.52940399 6.92566515
v 198.54163749 -43.11802253 6.32128829
v 198.54163749 -42.64233326 5.76271233
v 198.54163749 47.30149825 5.76271233
v 198.54163749 47.77718752 6.32128829
v 198.54163749 48.18856898 6.92566515
v 198.54163749 48.53604397 7.58513477
v 198.54163749 48.81993394 8.31405847
v 198.54163749 49.04048994 9.13666010
v 198.54163749 49.19790009 10.09996488
v 198.54163749 49.29229496 11.32360705
v 199.99338583 49.49930148 13.76472157
v 199.99338583 49.34520169 16.10396468
v 199.99338583 49.04498068 18.03170613
v 199.99338583 48.62349558 19.82274124
v 199.99338583 48.08997112 21.52362717
v 199.99338583 47.45080382 23.15366486
v 199.99338583 46.71132906 24.72257563
v 199.99338583 45.87638334 26.23562855
v 199.99338583 44.95052867 27.69568942
v 199.99338583 43.93814838 29.10420048
v 199.99338583 42.84348495 30.46170772
v 199.99338583 41.67064849 31.76816990
v 199.99338583 40.42360900 33.02315186
v 199.99338583 39.10617938 34.22595185
v 199.99338583 37.72199256 35.37568902
v 199.99338583 36.27447478 36.47136571
v 199.99338583 34.76681567 37.51191315
v 199.99338583 33.20193543 38.49622594
v 199.99338583 31.58244827 39.42318856
v 199.99338583 29.91062072 40.29169624
v 199.99338583 28.18832221 41.10067164
v 199.99338583 26.41696384 41.84907832
v 199.99338583 24.59741841 42.53593188
v 199.99338583 22.72991068 43.16030908
v 199.99338583 20.81385858 43.72135549
v 199.99338583 18.84763148 44.21829187
v 199.99338583 16.82816032 44.65041951
v 199.99338583 14.75026613 45.01712466
v 199.99338583 12.60540202 45.31788220
v 199.99338583 10.37900610 45.55225861
v 199.99338583 8.04385357 45.71991436
v 199.99338583 5.53710326 45.82060567
v 199.99338583 2.49930160 45.85418577
v 199.99338583 -0.53850007 45.82060567
v 199.99338583 -3.04525037 45.71991436
v 199.99338583 -5.38040290 45.55225861
v 199.99338583 -7.60679882 45.31788220
v 199.99338583 -9.75166293 45.01712466
v 199.99338583 -11.82955712 44.65041951
v 199.99338583 -13.84902829 44.21829187
v 199.99338583 -15.81525538 43.72135549
v 199.99338583 -17.73130748 43.16030908
v 199.99338583 -19.59881522 42.53593188
v 199.99338583 -21.41836064 41.84907832
v 199.99338583 -23.18971901 41.10067164
v 199.99338583 -24.91201752 40.29169624
v 199.99338583 -26.58384507 39.42318856
v 199.99338583 -28.20333223 38.49622594
v 199.99338583 -29.76821247 37.51191315
v 199.99338583 -31.27587158 36.47136571
v 199.99338583 -32.72338937 35.37568902
v 199.99338583 -34.10757618 34.22595185
v 199.99338583 -35.42500580 33.02315186
v 199.99338583 -36.67204529 31.76816990
v 199.99338583 -37.84488176 30.46170772
v 199.99338583 -38.93954518 29.10420048
v 199.99338583 -39.95192547 27.69568942
v 199.99338583 -40.87778014 26.23562855
v 199.99338583 -41.71272586 24.72257563
v 199.99338583 -42.45220063 23.15366486
v 199.99338583 -43.09136792 21.52362717
v 199.99338583 -43.62489238 19.82274124
v 199.99338583 -44.04637749 18.03170613
v 199.99338583 -44.34659849 16.10396468
v 199.99338583 -44.50069828 13.76472157
v 199.99338583 -44.46923788 11.18810478
v 199.99338583 -44.37483129 9.98031386
v 199.99338583 -44.21740162 9.02948790
v 199.99338583 -43.99681824 8.21754238
v 199.99338583 -43.71289305 7.49806128
v 199.99338583 -43.36537494 6.84713454
v 199.99338583 -42.95394245 6.25058688
v 199.99338583 -42.47819415 5.69924681
v 199.99338583 47.47679735 5.69924681
v 199.99338583 47.95254564 6.25058688
v 199.99338583 48.36397814 6.84713454
v 199.99338583 48.71149625 7.49806128
v 199.99338583 48.99542144 8.21754238
v 199.99338583 49.21600481 9.02948790
v 199.99338583 49.37343449 9.98031386
v 199.99338583 49.46784108 11.18810478
v 201.43996870 49.62721670 13.61116430
v 201.43996870 49.47387476 15.92223800
v 201.43996870 49.17488391 17.82599849
v 201.43996870 48.75490770 19.59450911
v 201.43996870 48.22309747 21.27385490
v 201.43996870 47.58579964 22.88314399
v 201.43996870 46.84830873 24.43200379
v 201.43996870 46.01542520 25.92565572
v 201.43996870 45.09167791 27.36694287
v 201.43996870 44.08141924 28.75729961
v 201.43996870 42.98886250 30.09727324
v 201.43996870 41.81809033 31.38682992
v 201.43996870 40.57304698 32.62554580
v 201.43996870 39.25752140 33.81273309
v 201.43996870 37.87512443 34.94752656
v 201.43996870 36.42926217 36.02894516
v 201.43996870 34.92310621 37.05593728
v 201.43996870 33.35956082 38.02741478
v 201.43996870 31.74122643 38.94227923
v 201.43996870 30.07035794 39.79944257
v 201.43996870 28.34881524 40.59784358
v 201.43996870 26.57800182 41.33646122
v 201.43996870 24.75878464 42.01432560
v 201.43996870 22.89138395 42.63052702
v 201.43996870 20.97521411 43.18422354
v 201.43996870 19.00864096 43.67464727
v 201.43996870 16.98859070 44.10110964
v 201.43996870 14.90987636 44.46300581
v 201.43996870 12.76393578 44.75981824
v 201.43996870 10.53617640 44.99111970
v 201.43996870 8.19930661 45.15657553
v 201.43996870 5.69030927 45.25594548
v 201.43996870 2.64852473 45.28908489
v 201.43996870 -0.39325981 45.25594548
v 201.43996870 -2.90225715 45.15657553
v 201.43996870 -5.23912694 44.99111970
v 201.43996870 -7.46688633 44.75981824
v 201.43996870 -9.61282691 44.46300581
v 201.43996870 -11.69154125 44.10110964
v 201.43996870 -13.71159150 43.67464727
v 201.43996870 -15.67816466 43.18422354
v 201.43996870 -17.59433449 42.63052702
v 201.43996870 -19.46173518 42.01432560
v 201.43996870 -21.28095236 41.33646122
v 201.43996870 -23.05176578 40.59784358
v 201.43996870 -24.77330848 39.79944257
v 201.43996870 -26.44417698 38.94227923
v 201.43996870 -28.06251136 38.02741478
v 201.43996870 -29.62605675 37.05593728
v 201.43996870 -31.13221271 36.02894516
v 201.43996870 -32.57807497 34.94752656
v 201.43996870 -33.96047194 33.81273309
v 201.43996870 -35.27599752 32.62554580
v 201.43996870 -36.52104087 31.38682992
v 201.43996870 -37.69181304 30.09727324
v 201.43996870 -38.78436978 28.75729961
v 201.43996870 -39.79462846 27.36694287
v 201.43996870 -40.71837574 25.92565572
v 201.43996870 -41.55125927 24.43200379
v 201.43996870 -42.28875018 22.88314399
v 201.43996870 -42.92604802 21.27385490
v 201.43996870 -43.45785824 19.59450911
v 201.43996870 -43.87783445 17.82599849
v 201.43996870 -44.17682531 15.92223800
v 201.43996870 -44.33016724 13.61116430
v 201.43996870 -44.29872111 11.06759231
v 201.43996870 -44.20435732 9.87529117
v 201.43996870 -44.04699902 8.93665944
v 201.43996870 -43.82651565 8.13512703
v 201.43996870 -43.54271918 7.42487319
v 201.43996870 -43.19535862 6.78229451
v 201.43996870 -42.78411265 6.19339750
v 201.43996870 -42.30858004 5.64912830
v 201.43996870 47.60562950 5.64912830
v 201.43996870 48.08116211 6.19339750
v 201.43996870 48.49240808 6.78229451
v 201.43996870 48.83976864 7.42487319
v 201.43996870 49.12356510 8.13512703
v 201.43996870 49.34404847 8.93665944
v 201.43996870 49.50140677 9.87529117
v 201.43996870 49.59577056 11.06759231
v 202.88127135 49.70726843 13.47252939
v 202.88127135 49.55478322 15.75637424
v 202.88127135 49.25724167 17.63685997
v 202.88127135 48.83909833 19.38348049
v 202.88127135 48.30942501 21.04187538
v 202.88127135 47.67451354 22.63097118
v 202.88127135 46.93961380 24.16030742
v 202.88127135 46.10948663 25.63506132
v 202.88127135 45.18862431 27.05805553
v 202.88127135 44.18134486 28.43071788
v 202.88127135 43.09182909 29.75359800
v 202.88127135 41.92412885 31.02666994
v 202.88127135 40.68215940 32.24952160
v 202.88127135 39.36968249 33.42147932
v 202.88127135 37.99028374 34.54169357
v 202.88127135 36.54734612 35.60919995
v 202.88127135 35.04402025 36.62296391
v 202.88127135 33.48319169 37.58191450
v 202.88127135 31.86744452 38.48497026
v 202.88127135 30.19901960 39.33105969
v 202.88127135 28.47976513 40.11913754
v 202.88127135 26.71107514 40.84819800
v 202.88127135 24.89380916 41.51728551
v 202.88127135 23.02818183 42.12550379
v 202.88127135 21.11360325 42.67202323
v 202.88127135 19.14843573 43.15608713
v 202.88127135 17.12960169 43.57701697
v 202.88127135 15.05190830 43.93421666
v 202.88127135 12.90678245 44.22717618
v 202.88127135 10.67960884 44.45547446
v 202.88127135 8.34304471 44.61878170
v 202.88127135 5.83393377 44.71686110
v 202.88127135 2.79061087 44.74957010
v 202.88127135 -0.25271203 44.71686110
v 202.88127135 -2.76182297 44.61878170
v 202.88127135 -5.09838710 44.45547446
v 202.88127135 -7.32556071 44.22717618
v 202.88127135 -9.47068656 43.93421666
v 202.88127135 -11.54837995 43.57701697
v 202.88127135 -13.56721399 43.15608713
v 202.88127135 -15.53238151 42.67202323
v 202.88127135 -17.44696009 42.12550379
v 202.88127135 -19.31258742 41.51728551
v 202.88127135 -21.12985340 40.84819800
v 202.88127135 -22.89854339 40.11913754
v 202.88127135 -24.61779786 39.33105969
v 202.88127135 -26.28622278 38.48497026
v 202.88127135 -27.90196995 37.58191450
v 202.88127135 -29.46279851 36.62296391
v 202.88127135 -30.96612438 35.60919995
v 202.88127135 -32.40906200 34.54169357
v 202.88127135 -33.78846075 33.42147932
v 202.88127135 -35.10093766 32.24952160
v 202.88127135 -36.34290711 31.02666994
v 202.88127135 -37.51060735 29.75359800
v 202.88127135 -38.60012312 28.43071788
v 202.88127135 -39.60740257 27.05805553
v 202.88127135 -40.52826488 25.63506132
v 202.88127135 -41.35839206 24.16030742
v 202.88127135 -42.09329180 22.63097118
v 202.88127135 -42.72820327 21.04187538
v 202.88127135 -43.25787659 19.38348049
v 202.88127135 -43.67601993 17.63685997
v 202.88127135 -43.97356148 15.75637424
v 202.88127135 -44.12604669 13.47252939
v 202.88127135 -44.09464207 10.96114597
v 202.88127135 -44.00040289 9.78393325
v 202.88127135 -43.84325238 8.85717978
v 202.88127135 -43.62306015 8.06579065
v 202.88127135 -43.33963843 7.36452498
v 202.88127135 -42.99273655 6.73007804
v 202.88127135 -42.58203362 6.14863345
v 202.88127135 -42.10712895 5.61125191
v 202.88127135 47.68835069 5.61125191
v 202.88127135 48.16325536 6.14863345
v 202.88127135 48.57395829 6.73007804
v 202.88127135 48.92086017 7.36452498
v 202.88127135 49.20428189 8.06579065
v 202.88127135 49.42447412 8.85717978
v 202.88127135 49.58162463 9.78393325
v 202.88127135 49.67586381 10.96114597
v 204.31718019 49.74340041 13.34798922
v 204.31718019 49.59185839 15.60560654
v 204.31718019 49.29596087 17.46357971
v 204.31718019 48.87994028 19.18899850
v 204.31718019 48.35278358 20.82708416
v 204.31718019 47.72072424 22.39659311
v 204.31718019 46.98896417 23.90698301
v 204.31718019 46.16222148 25.36339046
v 204.31718019 45.24494890 26.76861980
v 204.31718019 44.24142711 28.12409373
v 204.31718019 43.15580147 29.43036503
v 204.31718019 41.99209015 30.68741625
v 204.31718019 40.75417649 31.89484727
v 204.31718019 39.44579224 33.05199872
v 204.31718019 38.07049502 34.15803682
v 204.31718019 36.63164194 35.21201373
v 204.31718019 35.13236005 36.21291188
v 204.31718019 33.57551374 37.15967731
v 204.31718019 31.96366838 38.05124538
v 204.31718019 30.29904864 38.88656094
v 204.31718019 28.58348906 39.66459449
v 204.31718019 26.81837248 40.38435523
v 204.31718019 25.00454956 41.04490177
v 204.31718019 23.14222827 41.64535100
v 204.31718019 21.23081381 42.18488546
v 204.31718019 19.26866491 42.66275949
v 204.31718019 17.25270094 43.07830442
v 204.31718019 15.17772522 43.43093280
v 204.31718019 13.03515748 43.72014198
v 204.31718019 10.81036693 43.94551699
v 204.31718019 8.47597391 44.10673275
v 204.31718019 5.96871657 44.20355590
v 204.31718019 2.92610774 44.23584593
v 204.31718019 -0.11650109 44.20355590
v 204.31718019 -2.62375843 44.10673275
v 204.31718019 -4.95815145 43.94551699
v 204.31718019 -7.18294200 43.72014198
v 204.31718019 -9.32550974 43.43093280
v 204.31718019 -11.40048546 43.07830442
v 204.31718019 -13.41644943 42.66275949
v 204.31718019 -15.37859833 42.18488546
v 204.31718019 -17.29001279 41.64535100
v 204.31718019 -19.15233408 41.04490177
v 204.31718019 -20.96615700 40.38435523
v 204.31718019 -22.73127358 39.66459449
v 204.31718019 -24.44683316 38.88656094
v 204.31718019 -26.11145290 38.05124538
v 204.31718019 -27.72329826 37.15967731
v 204.31718019 -29.28014457 36.21291188
v 204.31718019 -30.77942646 35.21201373
v 204.31718019 -32.21827954 34.15803682
v 204.31718019 -33.59357676 33.05199872
v 204.31718019 -34.90196101 31.89484727
v 204.31718019 -36.13987467 30.68741625
v 204.31718019 -37.30358599 29.43036503
v 204.31718019 -38.38921163 28.12409373
v 204.31718019 -39.39273342 26.76861980
v 204.31718019 -40.31000600 25.36339046
v 204.31718019 -41.13674869 23.90698301
v 204.31718019 -41.86850876 22.39659311
v 204.31718019 -42.50056810 20.82708416
v 204.31718019 -43.02772480 19.18899850
v 204.31718019 -43.44374539 17.46357971
v 204.31718019 -43.73964291 15.60560654
v 204.31718019 -43.89118493 13.34798922
v 204.31718019 -43.85984683 10.86785525
v 204.31718019 -43.76580723 9.70529072
v 204.31718019 -43.60898955 8.79006896
v 204.31718019 -43.38926367 8.00852719
v 204.31718019 -43.10644221 7.31598745
v 204.31718019 -42.76027504 6.68943501
v 204.31718019 -42.35044194 6.11522540
v 204.31718019 -41.87654306 5.58453056
v 204.31718019 48.20265742 6.11522540
v 204.31718019 48.61249052 6.68943501
v 204.31718019 48.95865769 7.31598745
v 204.31718019 49.24147915 8.00852719
v 204.31718019 49.46120503 8.79006896
v 204.31718019 49.61802271 9.70529072
v 204.31718019 49.71206231 10.86785525
v 205.74758282 49.73949137 13.23660491
v 205.74758282 49.58896704 15.46903507
v 205.74758282 49.29488470 17.30529547
v 205.74758282 48.88124365 19.01023762
v 205.74758282 48.35694160 20.62869167
v 205.74758282 47.72815041 22.17925546
v 205.74758282 47.00002121 23.67131080
v 205.74758282 46.17722674 25.10995716
v 205.74758282 45.26417757 26.49798268
v 205.74758282 44.26511450 27.83680631
v 205.74758282 43.18414490 29.12698477
v 205.74758282 42.02525072 30.36850959
v 205.74758282 40.79228088 31.56099289
v 205.74758282 39.48893461 32.70378968
v 205.74758282 38.11873911 33.79608188
v 205.74758282 36.68502324 34.83693812
v 205.74758282 35.19088818 35.82535764
v 205.74758282 33.63917492 36.76030327
v 205.74758282 32.03242804 37.64072694
v 205.74758282 30.37285408 38.46558963
v 205.74758282 28.66227215 39.23387733
v 205.74758282 26.90205230 39.94461400
v 205.74758282 25.09303505 40.59687217
v 205.74758282 23.23542063 41.18978167
v 205.74758282 21.32860875 41.72253696
v 205.74758282 19.37095449 42.19440323
v 205.74758282 17.35937477 42.60472147
v 205.74758282 15.28867075 42.95291270
v 205.74758282 13.15025846 43.23848153
v 205.74758282 10.92949812 43.46101890
v 205.74758282 8.59898602 43.62020445
v 205.74758282 6.09538537 43.71580812
v 205.74758282 3.05555361 43.74769143
v 205.74758282 0.01572186 43.71580812
v 205.74758282 -2.48787879 43.62020445
v 205.74758282 -4.81839089 43.46101890
v 205.74758282 -7.03915123 43.23848153
v 205.74758282 -9.17756352 42.95291270
v 205.74758282 -11.24826754 42.60472147
v 205.74758282 -13.25984726 42.19440323
v 205.74758282 -15.21750152 41.72253696
v 205.74758282 -17.12431340 41.18978167
v 205.74758282 -18.98192782 40.59687217
v 205.74758282 -20.79094507 39.94461400
v 205.74758282 -22.55116492 39.23387733
v 205.74758282 -24.26174685 38.46558963
v 205.74758282 -25.92132081 37.64072694
v 205.74758282 -27.52806769 36.76030327
v 205.74758282 -29.07978095 35.82535764
v 205.74758282 -30.57391601 34.83693812
v 205.74758282 -32.00763188 33.79608188
v 205.74758282 -33.37782738 32.70378968
v 205.74758282 -34.68117365 31.56099289
v 205.74758282 -35.91414349 30.36850959
v 205.74758282 -37.07303768 29.12698477
v 205.74758282 -38.15400727 27.83680631
v 205.74758282 -39.15307034 26.49798268
v 205.74758282 -40.06611951 25.10995716
v 205.74758282 -40.88891398 23.67131080
v 205.74758282 -41.61704318 22.17925546
v 205.74758282 -42.24583437 20.62869167
v 205.74758282 -42.77013642 19.01023762
v 205.74758282 -43.18377747 17.30529547
v 205.74758282 -43.47785981 15.46903507
v 205.74758282 -43.62838414 13.23660491
v 205.74758282 -43.59713530 10.78672362
v 205.74758282 -43.50336357 9.63834006
v 205.74758282 -43.34699257 8.73428217
v 205.74758282 -43.12789256 7.96227365
v 205.74758282 -42.84587669 7.27818151
v 205.74758282 -42.50069554 6.65927176
v 205.74758282 -42.09202982 6.09206637
v 205.74758282 48.20313705 6.09206637
v 205.74758282 48.61180277 6.65927176
v 205.74758282 48.95698392 7.27818151
v 205.74758282 49.23899979 7.96227365
v 205.74758282 49.45809980 8.73428217
v 205.74758282 49.61447080 9.63834006
v 205.74758282 49.70824253 10.78672362
v 207.17236807 49.69935270 13.13666040
v 207.17236807 49.54990909 15.34484706
v 207.17236807 49.25779031 17.16011997
v 207.17236807 48.84675359 18.84524304
v 207.17236807 48.32560377 20.44468006
v 207.17236807 47.70044840 21.97688071
v 207.17236807 46.97638551 23.45115640
v 207.17236807 46.15804023 24.87257263
v 207.17236807 45.24977882 26.24390331
v 207.17236807 44.25580003 27.56656481
v 207.17236807 43.18017105 28.84111853
v 207.17236807 42.02683545 30.06756543
v 207.17236807 40.79960558 31.24553009
v 207.17236807 39.50214601 32.37438197
v 207.17236807 38.13795137 33.45331867
v 207.17236807 36.71032022 34.48142520
v 207.17236807 35.22232582 35.45771741
v 207.17236807 33.67678386 36.38117479
v 207.17236807 32.07621626 37.25076559
v 207.17236807 30.42280971 38.06546670
v 207.17236807 28.71836626 38.82427939
v 207.17236807 26.96424179 39.52624216
v 207.17236807 25.16126545 40.17044119
v 207.17236807 23.30962881 40.75601908
v 207.17236807 21.40872549 41.28218201
v 207.17236807 19.45690675 41.74820580
v 207.17236807 17.45108761 42.15344094
v 207.17236807 15.38606853 42.49731679
v 207.17236807 13.25326488 42.77934506
v 207.17236807 11.03803364 42.99912255
v 207.17236807 8.71295866 43.15633346
v 207.17236807 6.21465577 43.25075104
v 207.17236807 3.17947730 43.28223876
v 207.17236807 0.14429884 43.25075104
v 207.17236807 -2.35400405 43.15633346
v 207.17236807 -4.67907904 42.99912255
v 207.17236807 -6.89431027 42.77934506
v 207.17236807 -9.02711393 42.49731679
v 207.17236807 -11.09213300 42.15344094
v 207.17236807 -13.09795214 41.74820580
v 207.17236807 -15.04977088 41.28218201
v 207.17236807 -16.95067421 40.75601908
v 207.17236807 -18.80231085 40.17044119
v 207.17236807 -20.60528718 39.52624216
v 207.17236807 -22.35941165 38.82427939
v 207.17236807 -24.06385510 38.06546670
v 207.17236807 -25.71726166 37.25076559
v 207.17236807 -27.31782926 36.38117479
v 207.17236807 -28.86337122 35.45771741
v 207.17236807 -30.35136561 34.48142520
v 207.17236807 -31.77899677 33.45331867
v 207.17236807 -33.14319141 32.37438197
v 207.17236807 -34.44065097 31.24553009
v 207.17236807 -35.66788085 30.06756543
v 207.17236807 -36.82121645 28.84111853
v 207.17236807 -37.89684542 27.56656481
v 207.17236807 -38.89082421 26.24390331
v 207.17236807 -39.79908563 24.87257263
v 207.17236807 -40.61743090 23.45115640
v 207.17236807 -41.34149380 21.97688071
v 207.17236807 -41.96664916 20.44468006
v 207.17236807 -42.48779899 18.84524304
v 207.17236807 -42.89883570 17.16011997
v 207.17236807 -43.19095449 15.34484706
v 207.17236807 -43.34039809 13.13666040
v 207.17236807 -43.30925907 10.71612751
v 207.17236807 -43.21581688 9.58150104
v 207.17236807 -43.05999542 8.68827333
v 207.17236807 -42.84166540 7.92551310
v 207.17236807 -42.56064062 7.24961606
v 207.17236807 -42.21667255 6.63812055
v 207.17236807 -41.80944301 6.07771000
v 207.17236807 48.16839762 6.07771000
v 207.17236807 48.57562716 6.63812055
v 207.17236807 48.91959523 7.24961606
v 207.17236807 49.20062000 7.92551310
v 207.17236807 49.41895003 8.68827333
v 207.17236807 49.57477149 9.58150104
v 207.17236807 49.66821368 10.71612751
v 208.59142603 49.62672633 13.04667360
v 208.59142603 49.47841549 15.23150000
v 208.59142603 49.18838665 17.02646582
v 208.59142603 48.78014808 18.69238727
v 208.59142603 48.26240881 20.27338476
v 208.59142603 47.64121000 21.78776946
v 208.59142603 46.92159464 23.24478743
v 208.59142603 46.10813847 24.64947314
v 208.59142603 45.20516163 26.00458804
v 208.59142603 44.21681902 27.31154700
v 208.59142603 43.14713589 28.57091684
v 208.59142603 42.00001557 29.78270826
v 208.59142603 40.77923201 30.94655854
v 208.59142603 39.48841334 32.06185163
v 208.59142603 38.13101979 33.12780077
v 208.59142603 36.71031783 34.14350723
v 208.59142603 35.22935111 35.10800337
v 208.59142603 33.69090828 36.02028509
v 208.59142603 32.09748701 36.87933680
v 208.59142603 30.45125260 37.68415106
v 208.59142603 28.75398865 38.43374420
v 208.59142603 27.00703560 39.12716902
v 208.59142603 25.21121012 39.76352518
v 208.59142603 23.36669426 40.34196780
v 208.59142603 21.47287495 40.86171459
v 208.59142603 19.52809950 41.32205184
v 208.59142603 17.52928140 41.72233938
v 208.59142603 15.47122168 42.06201476
v 208.59142603 13.34533764 42.34059665
v 208.59142603 11.13698816 42.55768762
v 208.59142603 8.81875492 42.71297636
v 208.59142603 6.32723101 42.80623934
v 208.59142603 3.29839785 42.83734198
v 208.59142603 0.26956468 42.80623934
v 208.59142603 -2.22195923 42.71297636
v 208.59142603 -4.54019247 42.55768762
v 208.59142603 -6.74854194 42.34059665
v 208.59142603 -8.87442598 42.06201476
v 208.59142603 -10.93248571 41.72233938
v 208.59142603 -12.93130380 41.32205184
v 208.59142603 -14.87607926 40.86171459
v 208.59142603 -16.76989857 40.34196780
v 208.59142603 -18.61441443 39.76352518
v 208.59142603 -20.41023991 39.12716902
v 208.59142603 -22.15719296 38.43374420
v 208.59142603 -23.85445691 37.68415106
v 208.59142603 -25.50069132 36.87933680
v 208.59142603 -27.09411259 36.02028509
v 208.59142603 -28.63255542 35.10800337
v 208.59142603 -30.11352214 34.14350723
v 208.59142603 -31.53422410 33.12780077
v 208.59142603 -32.89161764 32.06185163
v 208.59142603 -34.18243632 30.94655854
v 208.59142603 -35.40321988 29.78270826
v 208.59142603 -36.55034020 28.57091684
v 208.59142603 -37.62002333 27.31154700
v 208.59142603 -38.60836594 26.00458804
v 208.59142603 -39.51134278 24.64947314
v 208.59142603 -40.32479895 23.24478743
v 208.59142603 -41.04441431 21.78776946
v 208.59142603 -41.66561312 20.27338476
v 208.59142603 -42.18335239 18.69238727
v 208.59142603 -42.59159096 17.02646582
v 208.59142603 -42.88161980 15.23150000
v 208.59142603 -43.02993064 13.04667360
v 208.59142603 -42.99891983 10.65463813
v 208.59142603 -42.90586240 9.53336985
v 208.59142603 -42.75068253 8.65065829
v 208.59142603 -42.53325149 7.89687818
v 208.59142603 -42.25338384 7.22893862
v 208.59142603 -41.91083207 6.62464237
v 208.59142603 -41.50527931 6.07082965
v 208.59142603 48.10207500 6.07082965
v 208.59142603 48.50762777 6.62464237
v 208.59142603 48.85017953 7.22893862
v 208.59142603 49.13004718 7.89687818
v 208.59142603 49.34747823 8.65065829
v 208.59142603 49.50265809 9.53336985
v 208.59142603 49.59571553 10.65463813
v 210.00464803 49.52528271 12.96526898
v 210.00464803 49.37814611 15.12757247
v 210.00464803 49.09031242 16.90287837
v 210.00464803 48.68503583 18.55018633
v 210.00464803 48.17092745 20.11329486
v 210.00464803 47.55396038 21.61038566
v 210.00464803 46.83912112 23.05064415
v 210.00464803 46.03093459 24.43907651
v 210.00464803 45.13367339 25.77843336
v 210.00464803 44.15144715 27.07012913
v 210.00464803 43.08823768 28.31473658
v 210.00464803 41.94790664 29.51227660
v 210.00464803 40.73418807 30.66239925
v 210.00464803 39.45067213 31.76450305
v 210.00464803 38.10078318 32.81781683
v 210.00464803 36.68775410 33.82145798
v 210.00464803 35.21459743 34.77447521
v 210.00464803 33.68407338 35.67588066
v 210.00464803 32.09865396 36.52467468
v 210.00464803 30.46048176 37.31986528
v 210.00464803 28.77132072 38.06048363
v 210.00464803 27.03249467 38.74559661
v 210.00464803 25.24480684 39.37431715
v 210.00464803 23.40842895 39.94581268
v 210.00464803 21.52274073 40.45931226
v 210.00464803 19.58608528 40.91411246
v 210.00464803 17.59537489 41.30958229
v 210.00464803 15.54541216 41.64516735
v 210.00464803 13.42761859 41.92039316
v 210.00464803 11.22735940 42.13486794
v 210.00464803 8.91722311 42.28828481
v 210.00464803 6.43380179 42.38042339
v 210.00464803 3.41282423 42.41115102
v 210.00464803 0.39184668 42.38042339
v 210.00464803 -2.09157465 42.28828481
v 210.00464803 -4.40171094 42.13486794
v 210.00464803 -6.60197013 41.92039316
v 210.00464803 -8.71976369 41.64516735
v 210.00464803 -10.76972642 41.30958229
v 210.00464803 -12.76043682 40.91411246
v 210.00464803 -14.69709226 40.45931226
v 210.00464803 -16.58278049 39.94581268
v 210.00464803 -18.41915837 39.37431715
v 210.00464803 -20.20684620 38.74559661
v 210.00464803 -21.94567225 38.06048363
v 210.00464803 -23.63483330 37.31986528
v 210.00464803 -25.27300550 36.52467468
v 210.00464803 -26.85842491 35.67588066
v 210.00464803 -28.38894897 34.77447521
v 210.00464803 -29.86210563 33.82145798
v 210.00464803 -31.27513471 32.81781683
v 210.00464803 -32.62502366 31.76450305
v 210.00464803 -33.90853961 30.66239925
v 210.00464803 -35.12225817 29.51227660
v 210.00464803 -36.26258921 28.31473658
v 210.00464803 -37.32579868 27.07012913
v 210.00464803 -38.30802492 25.77843336
v 210.00464803 -39.20528612 24.43907651
v 210.00464803 -40.01347266 23.05064415
v 210.00464803 -40.72831191 21.61038566
v 210.00464803 -41.34527899 20.11329486
v 210.00464803 -41.85938736 18.55018633
v 210.00464803 -42.26466395 16.90287837
v 210.00464803 -42.55249765 15.12757247
v 210.00464803 -42.69963425 12.96526898
v 210.00464803 -42.66876794 10.60091806
v 210.00464803 -42.57614411 9.49262692
v 210.00464803 -42.42168732 8.62013155
v 210.00464803 -42.20526941 7.87507542
v 210.00464803 -41.92670583 7.21486634
v 210.00464803 -41.58575020 6.61756400
v 210.00464803 -41.18208714 6.07016090
v 210.00464803 48.00773560 6.07016090
v 210.00464803 48.41139867 6.61756400
v 210.00464803 48.75235429 7.21486634
v 210.00464803 49.03091788 7.87507542
v 210.00464803 49.24733579 8.62013155
v 210.00464803 49.40179258 9.49262692
v 210.00464803 49.49441641 10.60091806
v 211.41192671 49.39861887 12.89110014
v 211.41192671 49.25268784 15.03167335
v 211.41192671 48.96713404 16.78793397
v 211.41192671 48.56495432 18.41718777
v 211.41192671 48.05466037 19.96293145
v 211.41192671 47.44215606 21.44322566
v 211.41192671 46.73237036 22.86719962
v 211.41192671 45.92977631 24.23983370
v 211.41192671 45.03859790 25.56386924
v 211.41192671 44.06289840 26.84072112
v 211.41192671 43.00661506 28.07096866
v 211.41192671 41.87356670 29.25464318
v 211.41192671 40.66744628 30.39140770
v 211.41192671 39.39180476 31.48067530
v 211.41192671 38.05002944 32.52169033
v 211.41192671 36.64531838 33.51358621
v 211.41192671 35.18065181 34.45542780
v 211.41192671 33.65876029 35.34624329
v 211.41192671 32.08208901 36.18504877
v 211.41192671 30.45275672 36.97086749
v 211.41192671 28.77250662 37.70274521
v 211.41192671 27.04264497 38.37976272
v 211.41192671 25.26396068 39.00104596
v 211.41192671 23.43661441 39.56577450
v 211.41192671 21.55997815 40.07318855
v 211.41192671 19.63239058 40.52259479
v 211.41192671 17.65076295 40.91337126
v 211.41192671 15.60990026 41.24497145
v 211.41192671 13.50123009 41.51692763
v 211.41192671 11.31012775 41.72885356
v 211.41192671 9.00919640 41.88044671
v 211.41192671 6.53504594 41.97148981
v 211.41192671 3.52325513 42.00185208
v 211.41192671 0.51146432 41.97148981
v 211.41192671 -1.96268615 41.88044671
v 211.41192671 -4.26361749 41.72885356
v 211.41192671 -6.45471983 41.51692763
v 211.41192671 -8.56339000 41.24497145
v 211.41192671 -10.60425269 40.91337126
v 211.41192671 -12.58588033 40.52259479
v 211.41192671 -14.51346789 40.07318855
v 211.41192671 -16.39010415 39.56577450
v 211.41192671 -18.21745042 39.00104596
v 211.41192671 -19.99613471 38.37976272
v 211.41192671 -21.72599636 37.70274521
v 211.41192671 -23.40624646 36.97086749
v 211.41192671 -25.03557875 36.18504877
v 211.41192671 -26.61225003 35.34624329
v 211.41192671 -28.13414155 34.45542780
v 211.41192671 -29.59880812 33.51358621
v 211.41192671 -31.00351918 32.52169033
v 211.41192671 -32.34529450 31.48067530
v 211.41192671 -33.62093602 30.39140770
v 211.41192671 -34.82705644 29.25464318
v 211.41192671 -35.96010481 28.07096866
v 211.41192671 -37.01638814 26.84072112
v 211.41192671 -37.99208764 25.56386924
v 211.41192671 -38.88326605 24.23983370
v 211.41192671 -39.68586010 22.86719962
v 211.41192671 -40.39564580 21.44322566
v 211.41192671 -41.00815011 19.96293145
v 211.41192671 -41.51844407 18.41718777
v 211.41192671 -41.92062379 16.78793397
v 211.41192671 -42.20617758 15.03167335
v 211.41192671 -42.35210861 12.89110014
v 211.41192671 -42.32140101 10.55365843
v 211.41192671 -42.22925342 9.45798100
v 211.41192671 -42.07559079 8.59541569
v 211.41192671 -41.86028563 7.85883921
v 211.41192671 -41.58315433 7.20614412
v 211.41192671 -41.24395178 6.61563980
v 211.41192671 -40.84236422 6.07446682
v 211.41192671 47.88887447 6.07446682
v 211.41192671 48.29046204 6.61563980
v 211.41192671 48.62966458 7.20614412
v 211.41192671 48.90679589 7.85883921
v 211.41192671 49.12210105 8.59541569
v 211.41192671 49.27576368 9.45798100
v 211.41192671 49.36791127 10.55365843
v 212.81315602 49.25025655 12.82285052
v 212.81315602 49.10555268 14.94244243
v 212.81315602 48.82234386 16.68024057
v 212.81315602 48.42336792 18.29197132
v 212.81315602 47.91703631 19.82084828
v 212.81315602 47.30918302 21.28481894
v 212.81315602 46.60467878 22.69296036
v 212.81315602 45.80794405 24.05022948
v 212.81315602 44.92315350 25.35935975
v 212.81315602 43.95432325 26.62176736
v 212.81315602 42.90534518 27.83803868
v 212.81315602 41.77999442 29.00821571
v 212.81315602 40.58192195 30.13197455
v 212.81315602 39.31463867 31.20874285
v 212.81315602 37.98149382 32.23778039
v 212.81315602 36.58564972 33.21823647
v 212.81315602 35.13005331 34.14919196
v 212.81315602 33.61740454 35.02969089
v 212.81315602 32.05012082 35.85876489
v 212.81315602 30.43029614 36.63545221
v 212.81315602 28.75965203 37.35881303
v 212.81315602 27.03947636 38.02794177
v 212.81315602 25.27054292 38.64197722
v 212.81315602 23.45300068 39.20011088
v 212.81315602 21.58621337 39.70159392
v 212.81315602 19.66851501 40.14574296
v 212.81315602 17.69681585 40.53194492
v 212.81315602 15.66592393 40.85966104
v 212.81315602 13.56727441 41.12843022
v 212.81315602 11.38625583 41.33787168
v 212.81315602 9.09549253 41.48768715
v 212.81315602 6.63162824 41.57766242
v 212.81315602 3.63017862 41.60766853
v 212.81315602 0.62872899 41.57766242
v 212.81315602 -1.83513530 41.48768715
v 212.81315602 -4.12589859 41.33787168
v 212.81315602 -6.30691718 41.12843022
v 212.81315602 -8.40556670 40.85966104
v 212.81315602 -10.43645862 40.53194492
v 212.81315602 -12.40815778 40.14574296
v 212.81315602 -14.32585614 39.70159392
v 212.81315602 -16.19264345 39.20011088
v 212.81315602 -18.01018569 38.64197722
v 212.81315602 -19.77911913 38.02794177
v 212.81315602 -21.49929480 37.35881303
v 212.81315602 -23.16993890 36.63545221
v 212.81315602 -24.78976358 35.85876489
v 212.81315602 -26.35704730 35.02969089
v 212.81315602 -27.86969608 34.14919196
v 212.81315602 -29.32529249 33.21823647
v 212.81315602 -30.72113658 32.23778039
v 212.81315602 -32.05428144 31.20874285
v 212.81315602 -33.32156472 30.13197455
v 212.81315602 -34.51963718 29.00821571
v 212.81315602 -35.64498795 27.83803868
v 212.81315602 -36.69396602 26.62176736
v 212.81315602 -37.66279627 25.35935975
v 212.81315602 -38.54758682 24.05022948
v 212.81315602 -39.34432154 22.69296036
v 212.81315602 -40.04882579 21.28481894
v 212.81315602 -40.65667908 19.82084828
v 212.81315602 -41.16301068 18.29197132
v 212.81315602 -41.56198662 16.68024057
v 212.81315602 -41.84519545 14.94244243
v 212.81315602 -41.98989931 12.82285052
v 212.81315602 -41.95936259 10.51157960
v 212.81315602 -41.86772778 9.42816975
v 212.81315602 -41.71492025 8.57526202
v 212.81315602 -41.50081322 7.84693250
v 212.81315602 -41.22522408 7.20154520
v 212.81315602 -40.88790912 6.61765238
v 212.81315602 -40.48855630 6.08253856
v 212.81315602 47.74891353 6.08253856
v 212.81315602 48.14826635 6.61765238
v 212.81315602 48.48558132 7.20154520
v 212.81315602 48.76117045 7.84693250
v 212.81315602 48.97527749 8.57526202
v 212.81315602 49.12808502 9.42816975
v 212.81315602 49.21971983 10.51157960
v 214.20823127 49.08364051 12.75923399
v 214.20823127 48.94017605 14.85855105
v 214.20823127 48.65935829 16.57843836
v 214.20823127 48.26366604 18.17314947
v 214.20823127 47.76141030 19.68563237
v 214.20823127 47.15835488 21.13372866
v 214.20823127 46.45931198 22.52646703
v 214.20823127 45.66864913 23.86878313
v 214.20823127 44.79049124 25.16340382
v 214.20823127 43.82880682 26.41174737
v 214.20823127 42.78744190 27.61440764
v 214.20823127 41.67012732 28.77143757
v 214.20823127 40.48047152 29.88252641
v 214.20823127 39.22194465 30.94711634
v 214.20823127 37.89785728 31.96448249
v 214.20823127 36.51133524 32.93378991
v 214.20823127 35.06529148 33.85413528
v 214.20823127 33.56239457 34.72457831
v 214.20823127 32.00503342 35.54416594
v 214.20823127 30.39527647 36.31195121
v 214.20823127 28.73482287 37.02700850
v 214.20823127 27.02494136 37.68844566
v 214.20823127 25.26638995 38.29541412
v 214.20823127 23.45930533 38.84711711
v 214.20823127 21.60304250 39.34281658
v 214.20823127 19.69593050 39.78183892
v 214.20823127 17.73487858 40.16357979
v 214.20823127 15.71469824 40.48750804
v 214.20823127 13.62683333 40.75316909
v 214.20823127 11.45668812 40.96018753
v 214.20823127 9.17691348 41.10826925
v 214.20823127 6.72420012 41.19720307
v 214.20823127 3.73407196 41.22686183
v 214.20823127 0.74394379 41.19720307
v 214.20823127 -1.70876956 41.10826925
v 214.20823127 -3.98854420 40.96018753
v 214.20823127 -6.15868942 40.75316909
v 214.20823127 -8.24655432 40.48750804
v 214.20823127 -10.26673467 40.16357979
v 214.20823127 -12.22778658 39.78183892
v 214.20823127 -14.13489858 39.34281658
v 214.20823127 -15.99116141 38.84711711
v 214.20823127 -17.79824603 38.29541412
v 214.20823127 -19.55679744 37.68844566
v 214.20823127 -21.26667896 37.02700850
v 214.20823127 -22.92713256 36.31195121
v 214.20823127 -24.53688951 35.54416594
v 214.20823127 -26.09425066 34.72457831
v 214.20823127 -27.59714757 33.85413528
v 214.20823127 -29.04319133 32.93378991
v 214.20823127 -30.42971336 31.96448249
v 214.20823127 -31.75380074 30.94711634
v 214.20823127 -33.01232760 29.88252641
v 214.20823127 -34.20198340 28.77143757
v 214.20823127 -35.31929798 27.61440764
v 214.20823127 -36.36066291 26.41174737
v 214.20823127 -37.32234732 25.16340382
v 214.20823127 -38.20050521 23.86878313
v 214.20823127 -38.99116806 22.52646703
v 214.20823127 -39.69021097 21.13372866
v 214.20823127 -40.29326639 19.68563237
v 214.20823127 -40.79552213 18.17314947
v 214.20823127 -41.19121438 16.57843836
v 214.20823127 -41.47203214 14.85855105
v 214.20823127 -41.61549660 12.75923399
v 214.20823127 -41.58514095 10.47343178
v 214.20823127 -41.49404950 9.40196041
v 214.20823127 -41.34214806 8.55845117
v 214.20823127 -41.12931059 7.83814738
v 214.20823127 -40.85535559 7.19987183
v 214.20823127 -40.52004078 6.62241313
v 214.20823127 -40.12305596 6.09319592
v 214.20823127 47.59119988 6.09319592
v 214.20823127 47.98818469 6.62241313
v 214.20823127 48.32349951 7.19987183
v 214.20823127 48.59745451 7.83814738
v 214.20823127 48.81029197 8.55845117
v 214.20823127 48.96219341 9.40196041
v 214.20823127 49.05328486 10.47343178
v 215.59704911 48.90213689 12.69992637
v 215.59704911 48.75991509 14.77956481
v 215.59704911 48.48151622 16.48200616
v 215.59704911 48.08916152 18.06012181
v 215.59704911 47.59106191 19.55660885
v 215.59704911 46.99291117 20.98920916
v 215.59704911 46.29946301 22.36690628
v 215.59704911 45.51503198 23.69461640
v 215.59704911 44.64369312 24.97506087
v 215.59704911 43.68936718 26.20966070
v 215.59704911 42.65585406 27.39901759
v 215.59704911 41.54684008 28.54319562
v 215.59704911 40.36589079 29.64189727
v 215.59704911 39.11643524 30.69457923
v 215.59704911 37.80174486 31.70053190
v 215.59704911 36.42490859 32.65893597
v 215.59704911 34.98880484 33.56890379
v 215.59704911 33.49607030 34.42951057
v 215.59704911 31.94906480 35.23981836
v 215.59704911 30.34983065 35.99889486
v 215.59704911 28.70004405 36.70582842
v 215.59704911 27.00095399 37.35974018
v 215.59704911 25.25330217 37.95979401
v 215.59704911 23.45721244 38.50520471
v 215.59704911 21.61203063 38.99524487
v 215.59704911 19.71608048 39.42925051
v 215.59704911 17.76627012 39.80662587
v 215.59704911 15.75741469 40.12684734
v 215.59704911 13.68096755 40.38946673
v 215.59704911 11.52235052 40.59411392
v 215.59704911 9.25424511 40.74049894
v 215.59704911 6.81339943 40.82841354
v 215.59704911 3.83540136 40.85773237
v 215.59704911 0.85740329 40.82841354
v 215.59704911 -1.58344239 40.74049894
v 215.59704911 -3.85154780 40.59411392
v 215.59704911 -6.01016483 40.38946673
v 215.59704911 -8.08661197 40.12684734
v 215.59704911 -10.09546740 39.80662587
v 215.59704911 -12.04527777 39.42925051
v 215.59704911 -13.94122792 38.99524487
v 215.59704911 -15.78640972 38.50520471
v 215.59704911 -17.58249945 37.95979401
v 215.59704911 -19.33015127 37.35974018
v 215.59704911 -21.02924133 36.70582842
v 215.59704911 -22.67902794 35.99889486
v 215.59704911 -24.27826208 35.23981836
v 215.59704911 -25.82526759 34.42951057
v 215.59704911 -27.31800213 33.56890379
v 215.59704911 -28.75410587 32.65893597
v 215.59704911 -30.13094215 31.70053190
v 215.59704911 -31.44563253 30.69457923
v 215.59704911 -32.69508808 29.64189727
v 215.59704911 -33.87603736 28.54319562
v 215.59704911 -34.98505134 27.39901759
v 215.59704911 -36.01856446 26.20966070
v 215.59704911 -36.97289041 24.97506087
v 215.59704911 -37.84422926 23.69461640
v 215.59704911 -38.62866029 22.36690628
v 215.59704911 -39.32210846 20.98920916
v 215.59704911 -39.92025919 19.55660885
v 215.59704911 -40.41835881 18.06012181
v 215.59704911 -40.81071351 16.48200616
v 215.59704911 -41.08911238 14.77956481
v 215.59704911 -41.23133417 12.69992637
v 215.59704911 -41.20116784 10.43900124
v 215.59704911 -41.11064451 9.37919102
v 215.59704911 -40.95969043 8.54486195
v 215.59704911 -40.74818038 7.83239744
v 215.59704911 -40.47593396 7.20106844
v 215.59704911 -40.14271042 6.62989440
v 215.59704911 -39.74820149 6.10643682
v 215.59704911 47.41900420 6.10643682
v 215.59704911 47.81351313 6.62989440
v 215.59704911 48.14673668 7.20106844
v 215.59704911 48.41898309 7.83239744
v 215.59704911 48.63049315 8.54486195
v 215.59704911 48.78144722 9.37919102
v 215.59704911 48.87197056 10.43900124
v 216.97950759 48.70903164 12.65120627
v 216.97950759 48.56804714 14.71116662
v 216.97950759 48.29207740 16.39614302
v 216.97950759 47.90308899 17.95764009
v 216.97950759 47.40919366 19.43810610
v 216.97950759 46.81601573 20.85518410
v 216.97950759 46.12825075 22.21781297
v 216.97950759 45.35016056 23.53088979
v 216.97950759 44.48577051 24.79713063
v 216.97950759 43.53895367 26.01795944
v 216.97950759 42.51346389 27.19398594
v 216.97950759 41.41294294 28.32528548
v 216.97950759 40.24091341 29.41157388
v 216.97950759 39.00076312 30.45232246
v 216.97950759 37.69572420 31.44683700
v 216.97950759 36.32884843 32.39431391
v 216.97950759 34.90297943 33.29388128
v 216.97950759 33.42072168 34.14462992
v 216.97950759 31.88440553 34.94563709
v 216.97950759 30.29604680 35.69598516
v 216.97950759 28.65729823 36.39477655
v 216.97950759 26.96938865 37.04114572
v 216.97950759 25.23304294 37.63426905
v 216.97950759 23.44837165 38.17337297
v 216.97950759 21.61471102 38.65774073
v 216.97950759 19.73037912 39.08671802
v 216.97950759 17.79228273 39.45971771
v 216.97950759 15.79524065 39.77622375
v 216.97950759 13.73071618 40.03579438
v 216.97950759 11.58414991 40.23806478
v 216.97950759 9.32825689 40.38274911
v 216.97950759 6.89985016 40.46964212
v 216.97950759 3.93462176 40.49862022
v 216.97950759 0.96939336 40.46964212
v 216.97950759 -1.45901337 40.38274911
v 216.97950759 -3.71490639 40.23806478
v 216.97950759 -5.86147266 40.03579438
v 216.97950759 -7.92599713 39.77622375
v 216.97950759 -9.92303921 39.45971771
v 216.97950759 -11.86113560 39.08671802
v 216.97950759 -13.74546750 38.65774073
v 216.97950759 -15.57912813 38.17337297
v 216.97950759 -17.36379942 37.63426905
v 216.97950759 -19.10014513 37.04114572
v 216.97950759 -20.78805471 36.39477655
v 216.97950759 -22.42680328 35.69598516
v 216.97950759 -24.01516201 34.94563709
v 216.97950759 -25.55147816 34.14462992
v 216.97950759 -27.03373591 33.29388128
v 216.97950759 -28.45960491 32.39431391
v 216.97950759 -29.82648068 31.44683700
v 216.97950759 -31.13151960 30.45232246
v 216.97950759 -32.37166989 29.41157388
v 216.97950759 -33.54369942 28.32528548
v 216.97950759 -34.64422037 27.19398594
v 216.97950759 -35.66971015 26.01795944
v 216.97950759 -36.61652699 24.79713063
v 216.97950759 -37.48091704 23.53088979
v 216.97950759 -38.25900723 22.21781297
v 216.97950759 -38.94677221 20.85518410
v 216.97950759 -39.53995014 19.43810610
v 216.97950759 -40.03384547 17.95764009
v 216.97950759 -40.42283388 16.39614302
v 216.97950759 -40.69880362 14.71116662
v 216.97950759 -40.83978812 12.65120627
v 216.97950759 -40.80981747 10.41520402
v 216.97950759 -40.71988131 9.36707640
v 216.97950759 -40.56990640 8.54194439
v 216.97950759 -40.35976831 7.83733360
v 216.97950759 -40.08928782 7.21296393
v 216.97950759 -39.75822573 6.64808611
v 216.97950759 -39.36627579 6.13039877
v 216.97950759 47.23551931 6.13039877
v 216.97950759 47.62746925 6.64808611
v 216.97950759 47.95853134 7.21296393
v 216.97950759 48.22901183 7.83733360
v 216.97950759 48.43914992 8.54194439
v 216.97950759 48.58912483 9.36707640
v 216.97950759 48.67906099 10.41520402
v 218.35550617 48.50752915 12.61354941
v 218.35550617 48.36776827 14.65366617
v 218.35550617 48.09422096 16.32102736
v 218.35550617 47.70860337 17.86576253
v 218.35550617 47.21892952 19.33006925
v 218.35550617 46.63075516 20.73149102
v 218.35550617 45.94871836 22.07892169
v 218.35550617 45.17702878 23.37723904
v 218.35550617 44.31966254 24.62915385
v 218.35550617 43.38044539 25.83609304
v 218.35550617 42.36308543 26.99867440
v 218.35550617 41.27118013 28.11698464
v 218.35550617 40.10820930 29.19075304
v 218.35550617 38.87751961 30.21946566
v 218.35550617 37.58230396 31.20244379
v 218.35550617 36.22557697 32.13889968
v 218.35550617 34.81014740 33.02797733
v 218.35550617 33.33858734 33.86878323
v 218.35550617 31.81319751 34.66040997
v 218.35550617 30.23596695 35.40195475
v 218.35550617 28.60852467 36.09253416
v 218.35550617 26.93207895 36.73129609
v 218.35550617 25.20733750 37.31742953
v 218.35550617 23.43439715 37.85017264
v 218.35550617 21.61258414 38.32881941
v 218.35550617 19.74021046 38.75272529
v 218.35550617 17.81418124 39.12131185
v 218.35550617 15.82931874 39.43407065
v 218.35550617 13.77709625 39.69056642
v 218.35550617 11.64297375 39.89043968
v 218.35550617 9.39970149 40.03340878
v 218.35550617 6.98416224 40.11927144
v 218.35550617 4.03217664 40.14790588
v 218.35550617 1.08019104 40.11927144
v 218.35550617 -1.33534821 40.03340878
v 218.35550617 -3.57862047 39.89043968
v 218.35550617 -5.71274298 39.69056642
v 218.35550617 -7.76496546 39.43407065
v 218.35550617 -9.74982796 39.12131185
v 218.35550617 -11.67585718 38.75272529
v 218.35550617 -13.54823086 38.32881941
v 218.35550617 -15.37004387 37.85017264
v 218.35550617 -17.14298422 37.31742953
v 218.35550617 -18.86772568 36.73129609
v 218.35550617 -20.54417139 36.09253416
v 218.35550617 -22.17161367 35.40195475
v 218.35550617 -23.74884424 34.66040997
v 218.35550617 -25.27423407 33.86878323
v 218.35550617 -26.74579412 33.02797733
v 218.35550617 -28.16122370 32.13889968
v 218.35550617 -29.51795069 31.20244379
v 218.35550617 -30.81316633 30.21946566
v 218.35550617 -32.04385602 29.19075304
v 218.35550617 -33.20682686 28.11698464
v 218.35550617 -34.29873215 26.99867440
v 218.35550617 -35.31609211 25.83609304
v 218.35550617 -36.25530926 24.62915385
v 218.35550617 -37.11267551 23.37723904
v 218.35550617 -37.88436508 22.07892169
v 218.35550617 -38.56640188 20.73149102
v 218.35550617 -39.15457625 19.33006925
v 218.35550617 -39.64425009 17.86576253
v 218.35550617 -40.02986768 16.32102736
v 218.35550617 -40.30341499 14.65366617
v 218.35550617 -40.44317587 12.61354941
v 218.35550617 -40.41340540 10.40268403
v 218.35550617 -40.32406994 9.36633935
v 218.35550617 -40.17509675 8.55048338
v 218.35550617 -39.96636221 7.85379374
v 218.35550617 -39.69768832 7.23644316
v 218.35550617 -39.36883746 6.67791564
v 218.35550617 -38.97950543 6.16604807
v 218.35550617 47.04385870 6.16604807
v 218.35550617 47.43319073 6.67791564
v 218.35550617 47.76204159 7.23644316
v 218.35550617 48.03071549 7.85379374
v 218.35550617 48.23945002 8.55048338
v 218.35550617 48.38842322 9.36633935
v 218.35550617 48.47775867 10.40268403
v 219.72494574 48.30075087 12.58582965
v 219.72494574 48.16219196 14.60589267
v 219.72494574 47.89104410 16.25545640
v 219.72494574 47.50877855 17.78325822
v 219.72494574 47.02331352 19.23124168
v 219.72494574 46.44013742 20.61684929
v 219.72494574 45.76383184 21.94892920
v 219.72494574 44.99855506 23.23233957
v 219.72494574 44.14823465 24.46978570
v 219.72494574 43.21664970 25.66269737
v 219.72494574 42.20746308 26.81170050
v 219.72494574 41.12422844 27.91689319
v 219.72494574 39.97038319 28.97801824
v 219.72494574 38.74923324 29.99457657
v 219.72494574 37.46393251 30.96590510
v 219.72494574 36.11745864 31.89123200
v 219.72494574 34.71258563 32.76971732
v 219.72494574 33.25185329 33.60048337
v 219.72494574 31.73753264 34.38263819
v 219.72494574 30.17158584 35.11529391
v 219.72494574 28.55561801 35.79758141
v 219.72494574 26.89081666 36.42866214
v 219.72494574 25.17787198 37.00773779
v 219.72494574 23.41686676 37.53405834
v 219.72494574 21.60711683 38.00692862
v 219.72494574 19.74692768 38.42571393
v 219.72494574 17.83320235 38.78984460
v 219.72494574 15.86076617 39.09881987
v 219.72494574 13.82110217 39.35221101
v 219.72494574 11.69968962 39.54966392
v 219.72494574 9.46931449 39.69090118
v 219.72494574 7.06693122 39.77572353
v 219.72494574 4.12849782 39.80401100
v 219.72494574 1.19006442 39.77572353
v 219.72494574 -1.21231885 39.69090118
v 219.72494574 -3.44269398 39.54966392
v 219.72494574 -5.56410654 39.35221101
v 219.72494574 -7.60377054 39.09881987
v 219.72494574 -9.57620671 38.78984460
v 219.72494574 -11.48993204 38.42571393
v 219.72494574 -13.35012119 38.00692862
v 219.72494574 -15.15987113 37.53405834
v 219.72494574 -16.92087634 37.00773779
v 219.72494574 -18.63382102 36.42866214
v 219.72494574 -20.29862237 35.79758141
v 219.72494574 -21.91459020 35.11529391
v 219.72494574 -23.48053700 34.38263819
v 219.72494574 -24.99485766 33.60048337
v 219.72494574 -26.45559000 32.76971732
v 219.72494574 -27.86046300 31.89123200
v 219.72494574 -29.20693688 30.96590510
v 219.72494574 -30.49223761 29.99457657
v 219.72494574 -31.71338755 28.97801824
v 219.72494574 -32.86723280 27.91689319
v 219.72494574 -33.95046744 26.81170050
v 219.72494574 -34.95965407 25.66269737
v 219.72494574 -35.89123902 24.46978570
v 219.72494574 -36.74155943 23.23233957
v 219.72494574 -37.50683621 21.94892920
v 219.72494574 -38.18314179 20.61684929
v 219.72494574 -38.76631789 19.23124168
v 219.72494574 -39.25178292 17.78325822
v 219.72494574 -39.63404847 16.25545640
v 219.72494574 -39.90519633 14.60589267
v 219.72494574 -40.04375523 12.58582965
v 219.72494574 -40.01418764 10.40035150
v 219.72494574 -39.92546101 9.37590709
v 219.72494574 -39.77750306 8.56941953
v 219.72494574 -39.57019105 7.88072993
v 219.72494574 -39.30334817 7.27046835
v 219.72494574 -38.97673843 6.71835436
v 219.72494574 -38.59005970 6.21236454
v 219.72494574 46.84705533 6.21236454
v 219.72494574 47.23373406 6.71835436
v 219.72494574 47.56034381 7.27046835
v 219.72494574 47.82718669 7.88072993
v 219.72494574 48.03449870 8.56941953
v 219.72494574 48.18245664 9.37590709
v 219.72494574 48.27118328 10.40035150
v 221.08772863 48.09173411 12.56694670
v 221.08772863 47.95434787 14.56670242
v 221.08772863 47.68556081 16.19825554
v 221.08772863 47.30660605 17.70892537
v 221.08772863 46.82530840 19.14039670
v 221.08772863 46.24709051 20.51000906
v 221.08772863 45.57647871 21.82656390
v 221.08772863 44.81758096 23.09489916
v 221.08772863 43.97427726 24.31771438
v 221.08772863 43.05030086 25.49644209
v 221.08772863 42.04927019 26.63171621
v 221.08772863 40.97469578 27.72364628
v 221.08772863 39.82997328 28.77198866
v 221.08772863 38.61836839 29.77625921
v 221.08772863 37.34299649 30.73581054
v 221.08772863 36.00679866 31.64988692
v 221.08772863 34.61251447 32.51766450
v 221.08772863 33.16265163 33.33828154
v 221.08772863 31.65945160 34.11086167
v 221.08772863 30.10484973 34.83453206
v 221.08772863 28.50042719 35.50843800
v 221.08772863 26.84735058 36.13175459
v 221.08772863 25.14629237 36.70369636
v 221.08772863 23.39732098 37.22352518
v 221.08772863 21.59974143 37.69055683
v 221.08772863 19.75185227 38.10416653
v 221.08772863 17.85055392 38.46379346
v 221.08772863 15.89067419 38.76894459
v 221.08772863 13.86370519 39.01919780
v 221.08772863 11.75514480 39.21420442
v 221.08772863 9.53781402 39.35369128
v 221.08772863 7.14873808 39.43746217
v 221.08772863 4.22400530 39.46539895
v 221.08772863 1.29927252 39.43746217
v 221.08772863 -1.08980342 39.35369128
v 221.08772863 -3.30713420 39.21420442
v 221.08772863 -5.41569459 39.01919780
v 221.08772863 -7.44266360 38.76894459
v 221.08772863 -9.40254332 38.46379346
v 221.08772863 -11.30384167 38.10416653
v 221.08772863 -13.15173083 37.69055683
v 221.08772863 -14.94931038 37.22352518
v 221.08772863 -16.69828177 36.70369636
v 221.08772863 -18.39933998 36.13175459
v 221.08772863 -20.05241659 35.50843800
v 221.08772863 -21.65683913 34.83453206
v 221.08772863 -23.21144100 34.11086167
v 221.08772863 -24.71464103 33.33828154
v 221.08772863 -26.16450387 32.51766450
v 221.08772863 -27.55878806 31.64988692
v 221.08772863 -28.89498589 30.73581054
v 221.08772863 -30.17035779 29.77625921
v 221.08772863 -31.38196268 28.77198866
v 221.08772863 -32.52668518 27.72364628
v 221.08772863 -33.60125959 26.63171621
v 221.08772863 -34.60229026 25.49644209
v 221.08772863 -35.52626666 24.31771438
v 221.08772863 -36.36957036 23.09489916
v 221.08772863 -37.12846811 21.82656390
v 221.08772863 -37.79907991 20.51000906
v 221.08772863 -38.37729780 19.14039670
v 221.08772863 -38.85859545 17.70892537
v 221.08772863 -39.23755021 16.19825554
v 221.08772863 -39.50633727 14.56670242
v 221.08772863 -39.64372351 12.56694670
v 221.08772863 -39.61435976 10.40714112
v 221.08772863 -39.52624481 9.39473075
v 221.08772863 -39.37930689 8.59771692
v 221.08772863 -39.17342409 7.91711728
v 221.08772863 -38.90842083 7.31402438
v 221.08772863 -38.58406274 6.76839602
v 221.08772863 -38.20004978 6.26835000
v 221.08772863 46.64806038 6.26835000
v 221.08772863 47.03207334 6.76839602
v 221.08772863 47.35643143 7.31402438
v 221.08772863 47.62143469 7.91711728
v 221.08772863 47.82731749 8.59771692
v 221.08772863 47.97425541 9.39473075
v 221.08772863 48.06237036 10.40714112
v 222.44375867 47.88343094 12.55582644
v 222.44375867 47.74718066 14.53497928
v 222.44375867 47.48070068 16.14827873
v 222.44375867 47.10499387 17.64159170
v 222.44375867 46.62779445 19.05633806
v 222.44375867 46.05446120 20.40975177
v 222.44375867 45.38946671 21.71058622
v 222.44375867 44.63686994 22.96365843
v 222.44375867 43.80050444 24.17166171
v 222.44375867 42.88405873 25.33603110
v 222.44375867 41.89110780 26.45740845
v 222.44375867 40.82511996 27.53591465
v 222.44375867 39.68944994 28.57131968
v 222.44375867 38.48732396 29.56315437
v 222.44375867 37.22181959 30.51078711
v 222.44375867 35.89584188 31.41347835
v 222.44375867 34.51209647 32.27042047
v 222.44375867 33.07305935 33.08076779
v 222.44375867 31.58094273 33.84365962
v 222.44375867 30.03765531 34.55823833
v 222.44375867 28.44475438 35.22366370
v 222.44375867 26.80338559 35.83912462
v 222.44375867 25.11420356 36.40384853
v 222.44375867 23.37726207 36.91710933
v 222.44375867 21.59185495 37.37823383
v 222.44375867 19.75627333 37.78660725
v 222.44375867 17.86741432 38.14167770
v 222.44375867 15.92010746 38.44295994
v 222.44375867 13.90585290 38.69003853
v 222.44375867 11.81016588 38.88257028
v 222.44375867 9.60590046 39.02028629
v 222.44375867 7.23014898 39.10299345
v 222.44375867 4.31910711 39.13057544
v 222.44375867 1.40806524 39.10299345
v 222.44375867 -0.96768623 39.02028629
v 222.44375867 -3.17195166 38.88257028
v 222.44375867 -5.26763868 38.69003853
v 222.44375867 -7.28189323 38.44295994
v 222.44375867 -9.22920010 38.14167770
v 222.44375867 -11.11805910 37.78660725
v 222.44375867 -12.95364073 37.37823383
v 222.44375867 -14.73904784 36.91710933
v 222.44375867 -16.47598933 36.40384853
v 222.44375867 -18.16517137 35.83912462
v 222.44375867 -19.80654016 35.22366370
v 222.44375867 -21.39944109 34.55823833
v 222.44375867 -22.94272851 33.84365962
v 222.44375867 -24.43484512 33.08076779
v 222.44375867 -25.87388224 32.27042047
v 222.44375867 -27.25762766 31.41347835
v 222.44375867 -28.58360537 30.51078711
v 222.44375867 -29.84910974 29.56315437
v 222.44375867 -31.05123571 28.57131968
v 222.44375867 -32.18690573 27.53591465
v 222.44375867 -33.25289358 26.45740845
v 222.44375867 -34.24584451 25.33603110
v 222.44375867 -35.16229022 24.17166171
v 222.44375867 -35.99865571 22.96365843
v 222.44375867 -36.75125249 21.71058622
v 222.44375867 -37.41624698 20.40975177
v 222.44375867 -37.98958023 19.05633806
v 222.44375867 -38.46677965 17.64159170
v 222.44375867 -38.84248646 16.14827873
v 222.44375867 -39.10896644 14.53497928
v 222.44375867 -39.24521672 12.55582644
v 222.44375867 -39.21605606 10.42201255
v 222.44375867 -39.12855054 9.42178580
v 222.44375867 -38.98262890 8.63436345
v 222.44375867 -38.77817006 7.96195434
v 222.44375867 -38.51499965 7.36611922
v 222.44375867 -38.19288494 6.82705709
v 222.44375867 -37.81152795 6.33302876
v 222.44375867 46.44974217 6.33302876
v 222.44375867 46.83109916 6.82705709
v 222.44375867 47.15321388 7.36611922
v 222.44375867 47.41638428 7.96195434
v 222.44375867 47.62084312 8.63436345
v 222.44375867 47.76676476 9.42178580
v 222.44375867 47.85427028 10.42201255
v 223.79294118 47.67870714 12.55142142
v 223.79294118 47.54354900 14.50963504
v 223.79294118 47.27930789 16.10440897
v 223.79294118 46.90676540 17.58011492
v 223.79294118 46.43356839 18.97790038
v 223.79294118 45.86501398 20.31489056
v 223.79294118 45.20552275 21.59978914
v 223.79294118 44.45910616 22.83739126
v 223.79294118 43.62955275 24.03038350
v 223.79294118 42.72050758 25.18020306
v 223.79294118 41.73550339 26.28749953
v 223.79294118 40.67796739 27.35240511
v 223.79294118 39.55121444 28.37470335
v 223.79294118 38.35843223 29.35394011
v 223.79294118 37.10266132 30.28949962
v 223.79294118 35.78677154 31.18065857
v 223.79294118 34.41343522 32.02662570
v 223.79294118 32.98509720 32.82657148
v 223.79294118 31.50394085 33.57965105
v 223.79294118 29.97184854 34.28502203
v 223.79294118 28.39035387 34.94185888
v 223.79294118 26.76058160 35.54936433
v 223.79294118 25.08316839 36.10677889
v 223.79294118 23.35815319 36.61338854
v 223.79294118 21.58481827 37.06853126
v 223.79294118 19.76144674 37.47160232
v 223.79294118 17.88493172 37.82205885
v 223.79294118 15.95010343 38.11942350
v 223.79294118 13.94846874 38.36328753
v 223.79294118 11.86555828 38.55331329
v 223.79294118 9.67425604 38.68923621
v 223.79294118 7.31171499 38.77086627
v 223.79294118 4.41419916 38.79808902
v 223.79294118 1.51668333 38.77086627
v 223.79294118 -0.84585772 38.68923621
v 223.79294118 -3.03715996 38.55331329
v 223.79294118 -5.12007042 38.36328753
v 223.79294118 -7.12170510 38.11942350
v 223.79294118 -9.05653340 37.82205885
v 223.79294118 -10.93304842 37.47160232
v 223.79294118 -12.75641995 37.06853126
v 223.79294118 -14.52975487 36.61338854
v 223.79294118 -16.25477007 36.10677889
v 223.79294118 -17.93218328 35.54936433
v 223.79294118 -19.56195555 34.94185888
v 223.79294118 -21.14345022 34.28502203
v 223.79294118 -22.67554253 33.57965105
v 223.79294118 -24.15669887 32.82657148
v 223.79294118 -25.58503689 32.02662570
v 223.79294118 -26.95837321 31.18065857
v 223.79294118 -28.27426299 30.28949962
v 223.79294118 -29.53003390 29.35394011
v 223.79294118 -30.72281612 28.37470335
v 223.79294118 -31.84956907 27.35240511
v 223.79294118 -32.90710507 26.28749953
v 223.79294118 -33.89210926 25.18020306
v 223.79294118 -34.80115443 24.03038350
v 223.79294118 -35.63070783 22.83739126
v 223.79294118 -36.37712442 21.59978914
v 223.79294118 -37.03661566 20.31489056
v 223.79294118 -37.60517007 18.97790038
v 223.79294118 -38.07836707 17.58011492
v 223.79294118 -38.45090957 16.10440897
v 223.79294118 -38.71515068 14.50963504
v 223.79294118 -38.85030881 12.55142142
v 223.79294118 -38.82134884 10.44395075
v 223.79294118 -38.73444555 9.45607241
v 223.79294118 -38.58952816 8.67837127
v 223.79294118 -38.38647643 8.01426345
v 223.79294118 -38.12511721 7.42578428
v 223.79294118 -37.80521933 6.89337720
v 223.79294118 -37.42648689 6.40544796
v 223.79294118 46.25488522 6.40544796
v 223.79294118 46.63361766 6.89337720
v 223.79294118 46.95351553 7.42578428
v 223.79294118 47.21487476 8.01426345
v 223.79294118 47.41792648 8.67837127
v 223.79294118 47.56284387 9.45607241
v 223.79294118 47.64974716 10.44395075
v 225.13518299 47.48016236 12.55271906
v 225.13518299 47.34604625 14.48961913
v 225.13518299 47.08396291 16.06556903
v 225.13518299 46.71448261 17.52339454
v 225.13518299 46.24516848 18.90396197
v 225.13518299 45.68125835 20.22428405
v 225.13518299 45.02712278 21.49301281
v 225.13518299 44.28672747 22.71492042
v 225.13518299 43.46381754 23.89268600
v 225.13518299 42.56199602 25.02774855
v 225.13518299 41.58475481 26.12076518
v 225.13518299 40.53548131 27.17187926
v 225.13518299 39.41745169 28.18088788
v 225.13518299 38.23381623 29.14735191
v 225.13518299 36.98757953 30.07067151
v 225.13518299 35.68157709 30.95013967
v 225.13518299 34.31844873 31.78498157
v 225.13518299 32.90060882 32.57438396
v 225.13518299 31.43021246 33.31751787
v 225.13518299 29.90911609 34.01355635
v 225.13518299 28.33882992 34.66168859
v 225.13518299 26.72045796 35.26113133
v 225.13518299 25.05461889 35.81113820
v 225.13518299 23.34133664 36.31100742
v 225.13518299 21.57988153 36.76008818
v 225.13518299 19.76852810 37.15778593
v 225.13518299 17.90416460 37.50356689
v 225.13518299 15.98162077 37.79696166
v 225.13518299 13.99240852 38.03756826
v 225.13518299 11.92207132 38.22505464
v 225.13518299 9.74351889 38.35916058
v 225.13518299 7.39395573 38.43969919
v 225.13518299 4.50966064 38.46655792
v 225.13518299 1.62536555 38.43969919
v 225.13518299 -0.72419761 38.35916058
v 225.13518299 -2.90275004 38.22505464
v 225.13518299 -4.97308724 38.03756826
v 225.13518299 -6.96229949 37.79696166
v 225.13518299 -8.88484332 37.50356689
v 225.13518299 -10.74920682 37.15778593
v 225.13518299 -12.56056025 36.76008818
v 225.13518299 -14.32201536 36.31100742
v 225.13518299 -16.03529761 35.81113820
v 225.13518299 -17.70113668 35.26113133
v 225.13518299 -19.31950864 34.66168859
v 225.13518299 -20.88979481 34.01355635
v 225.13518299 -22.41089118 33.31751787
v 225.13518299 -23.88128754 32.57438396
v 225.13518299 -25.29912745 31.78498157
v 225.13518299 -26.66225581 30.95013967
v 225.13518299 -27.96825825 30.07067151
v 225.13518299 -29.21449495 29.14735191
v 225.13518299 -30.39813041 28.18088788
v 225.13518299 -31.51616002 27.17187926
v 225.13518299 -32.56543353 26.12076518
v 225.13518299 -33.54267474 25.02774855
v 225.13518299 -34.44449626 23.89268600
v 225.13518299 -35.26740619 22.71492042
v 225.13518299 -36.00780149 21.49301281
v 225.13518299 -36.66193707 20.22428405
v 225.13518299 -37.22584720 18.90396197
v 225.13518299 -37.69516133 17.52339454
v 225.13518299 -38.06464163 16.06556903
v 225.13518299 -38.32672497 14.48961913
v 225.13518299 -38.46084108 12.55271906
v 225.13518299 -38.43207790 10.47197281
v 225.13518299 -38.34576517 9.49662155
v 225.13518299 -38.20183257 8.72878228
v 225.13518299 -38.00016069 8.07309588
v 225.13518299 -37.74057755 7.49207910
v 225.13518299 -37.42285356 6.96642337
v 225.13518299 -37.04669481 6.48468145
v 225.13518299 46.06601609 6.48468145
v 225.13518299 46.44217484 6.96642337
v 225.13518299 46.75989883 7.49207910
v 225.13518299 47.01948197 8.07309588
v 225.13518299 47.22115385 8.72878228
v 225.13518299 47.36508645 9.49662155
v 225.13518299 47.45139918 10.47197281
v 226.47039247 47.26957507 12.55973342
v 226.47039247 47.13650743 14.47508359
v 226.47039247 46.87661078 16.03202732
v 226.47039247 46.51024528 17.47180791
v 226.47039247 46.04489076 18.83500415
v 226.47039247 45.48572601 20.13851358
v 226.47039247 44.83707168 21.39093511
v 226.47039247 44.10284781 22.59701705
v 226.47039247 43.28675605 23.75943059
v 226.47039247 42.39235744 24.87961614
v 226.47039247 41.42310292 25.95823810
v 226.47039247 40.38233997 26.99545088
v 226.47039247 39.27330594 27.99106501
v 226.47039247 38.09911349 28.94465636
v 226.47039247 36.86273102 29.85564093
v 226.47039247 35.56695943 30.72332808
v 226.47039247 34.21440577 31.54695940
v 226.47039247 32.80745361 32.32573795
v 226.47039247 31.34822946 33.05885071
v 226.47039247 29.83856352 33.74548616
v 226.47039247 28.27994226 34.38484828
v 226.47039247 26.67344864 34.97616784
v 226.47039247 25.01968315 35.51871167
v 226.47039247 23.31865451 36.01179024
v 226.47039247 21.56962108 36.45476399
v 226.47039247 19.77084899 36.84704861
v 226.47039247 17.91922219 37.18811941
v 226.47039247 16.00957094 37.47751496
v 226.47039247 14.03341421 37.71484011
v 226.47039247 11.97631201 37.89976839
v 226.47039247 9.81120719 38.03204399
v 226.47039247 7.47537367 38.11148312
v 226.47039247 4.60520791 38.13797515
v 226.47039247 1.73504215 38.11148312
v 226.47039247 -0.60079138 38.03204399
v 226.47039247 -2.76589620 37.89976839
v 226.47039247 -4.82299839 37.71484011
v 226.47039247 -6.79915513 37.47751496
v 226.47039247 -8.70880637 37.18811941
v 226.47039247 -10.56043318 36.84704861
v 226.47039247 -12.35920526 36.45476399
v 226.47039247 -14.10823869 36.01179024
v 226.47039247 -15.80926734 35.51871167
v 226.47039247 -17.46303283 34.97616784
v 226.47039247 -19.06952644 34.38484828
v 226.47039247 -20.62814770 33.74548616
v 226.47039247 -22.13781365 33.05885071
v 226.47039247 -23.59703780 32.32573795
v 226.47039247 -25.00398995 31.54695940
v 226.47039247 -26.35654362 30.72332808
v 226.47039247 -27.65231520 29.85564093
v 226.47039247 -28.88869767 28.94465636
v 226.47039247 -30.06289013 27.99106501
v 226.47039247 -31.17192416 26.99545088
v 226.47039247 -32.21268711 25.95823810
v 226.47039247 -33.18194162 24.87961614
v 226.47039247 -34.07634024 23.75943059
v 226.47039247 -34.89243199 22.59701705
v 226.47039247 -35.62665586 21.39093511
v 226.47039247 -36.27531020 20.13851358
v 226.47039247 -36.83447494 18.83500415
v 226.47039247 -37.29982947 17.47180791
v 226.47039247 -37.66619496 16.03202732
v 226.47039247 -37.92609162 14.47508359
v 226.47039247 -38.05915925 12.55973342
v 226.47039247 -38.03060100 10.50593387
v 226.47039247 -37.94490318 9.54321390
v 226.47039247 -37.80199600 8.78531853
v 226.47039247 -37.60176089 8.13812359
v 226.47039247 -37.34402709 7.56463127
v 226.47039247 -37.02856666 7.04578304
v 226.47039247 -36.65508779 6.57027992
v 226.47039247 45.86550360 6.57027992
v 226.47039247 46.23898248 7.04578304
v 226.47039247 46.55444291 7.56463127
v 226.47039247 46.81217671 8.13812359
v 226.47039247 47.01241181 8.78531853
v 226.47039247 47.15531899 9.54321390
v 226.47039247 47.24101681 10.50593387
v 227.79847955 47.03465823 12.57250913
v 227.79847955 46.90268256 14.46621421
v 227.79847955 46.64507313 16.00408802
v 227.79847955 46.28197567 17.42576985
v 227.79847955 45.82078504 18.77154719
v 227.79847955 45.26661983 20.05820072
v 227.79847955 44.62374973 21.29427533
v 227.79847955 43.89604810 22.48449489
v 227.79847955 43.08717219 23.63152223
v 227.79847955 42.20063999 24.73679892
v 227.79847955 41.23986053 25.80099642
v 227.79847955 40.20814033 26.82428001
v 227.79847955 39.10867687 27.80647355
v 227.79847955 37.94454419 28.74716778
v 227.79847955 36.71867348 29.64579448
v 227.79847955 35.43383004 30.50167928
v 227.79847955 34.09258714 31.31408013
v 227.79847955 32.69729665 32.08221636
v 227.79847955 31.25005558 32.80529084
v 227.79847955 29.75266710 33.48250745
v 227.79847955 28.20659327 34.11308493
v 227.79847955 26.61289544 34.69626805
v 227.79847955 24.97215551 35.23133680
v 227.79847955 23.28436691 35.71761389
v 227.79847955 21.54877627 36.15447099
v 227.79847955 19.76364208 36.54133400
v 227.79847955 17.92584539 36.87768732
v 227.79847955 16.03021967 37.16307749
v 227.79847955 14.06829537 37.39711615
v 227.79847955 12.02565704 37.57948244
v 227.79847955 9.87529594 37.70992489
v 227.79847955 7.55459168 37.78826289
v 227.79847955 4.70026841 37.81438766
v 227.79847955 1.84594513 37.78826289
v 227.79847955 -0.47475913 37.70992489
v 227.79847955 -2.62512022 37.57948244
v 227.79847955 -4.66775855 37.39711615
v 227.79847955 -6.62968285 37.16307749
v 227.79847955 -8.52530858 36.87768732
v 227.79847955 -10.36310527 36.54133400
v 227.79847955 -12.14823946 36.15447099
v 227.79847955 -13.88383009 35.71761389
v 227.79847955 -15.57161870 35.23133680
v 227.79847955 -17.21235862 34.69626805
v 227.79847955 -18.80605645 34.11308493
v 227.79847955 -20.35213029 33.48250745
v 227.79847955 -21.84951877 32.80529084
v 227.79847955 -23.29675983 32.08221636
v 227.79847955 -24.69205032 31.31408013
v 227.79847955 -26.03329322 30.50167928
v 227.79847955 -27.31813667 29.64579448
v 227.79847955 -28.54400738 28.74716778
v 227.79847955 -29.70814006 27.80647355
v 227.79847955 -30.80760351 26.82428001
v 227.79847955 -31.83932371 25.80099642
v 227.79847955 -32.80010318 24.73679892
v 227.79847955 -33.68663537 23.63152223
v 227.79847955 -34.49551129 22.48449489
v 227.79847955 -35.22321291 21.29427533
v 227.79847955 -35.86608302 20.05820072
v 227.79847955 -36.42024823 18.77154719
v 227.79847955 -36.88143886 17.42576985
v 227.79847955 -37.24453632 16.00408802
v 227.79847955 -37.50214575 14.46621421
v 227.79847955 -37.63412142 12.57250913
v 227.79847955 -37.60578404 10.54571779
v 227.79847955 -37.52074903 9.59565794
v 227.79847955 -37.37894714 8.84772917
v 227.79847955 -37.18026070 8.20904509
v 227.79847955 -36.92452028 7.64309439
v 227.79847955 -36.61149970 7.13106921
v 227.79847955 -36.24090941 6.66181913
v 227.79847955 45.64144622 6.66181913
v 227.79847955 46.01203652 7.13106921
v 227.79847955 46.32505709 7.64309439
v 227.79847955 46.58079751 8.20904509
v 227.79847955 46.77948395 8.84772917
v 227.79847955 46.92128585 9.59565794
v 227.79847955 47.00632085 10.54571779
v 229.11935575 46.77716308 12.59053792
v 229.11935575 46.64631701 14.46254480
v 229.11935575 46.39108314 15.98132229
v 229.11935575 46.03138930 17.38488706
v 229.11935575 45.57454416 18.71323207
v 229.11935575 45.02560514 19.98301966
v 229.11935575 44.38879019 21.20273989
v 229.11935575 43.66792520 22.37709165
v 229.11935575 42.86662219 23.50872902
v 229.11935575 41.98835536 24.59909442
v 229.11935575 41.03649094 25.64886617
v 229.11935575 40.01429370 26.65822023
v 229.11935575 38.92492042 27.62699361
v 229.11935575 37.77140564 28.55479179
v 229.11935575 36.55664250 29.44106223
v 229.11935575 35.28335985 30.28514669
v 229.11935575 33.95409638 31.08631944
v 229.11935575 32.57117147 31.84381593
v 229.11935575 31.13665189 32.55685488
v 229.11935575 29.65231310 33.22465551
v 229.11935575 28.11959216 33.84645122
v 229.11935575 26.53952837 34.42150076
v 229.11935575 24.91268477 34.94909720
v 229.11935575 23.23903941 35.42857544
v 229.11935575 21.51782751 35.85931838
v 229.11935575 19.74730060 36.24076205
v 229.11935575 17.92433831 36.57239993
v 229.11935575 16.04377977 36.85378649
v 229.11935575 14.09717125 37.08454015
v 229.11935575 12.07012936 37.26434561
v 229.11935575 9.93570841 37.39295577
v 229.11935575 7.63142818 37.47019314
v 229.11935575 4.79454136 37.49595083
v 229.11935575 1.95765455 37.47019314
v 229.11935575 -0.34662568 37.39295577
v 229.11935575 -2.48104663 37.26434561
v 229.11935575 -4.50808852 37.08454015
v 229.11935575 -6.45469704 36.85378649
v 229.11935575 -8.33525558 36.57239993
v 229.11935575 -10.15821787 36.24076205
v 229.11935575 -11.92874478 35.85931838
v 229.11935575 -13.64995669 35.42857544
v 229.11935575 -15.32360205 34.94909720
v 229.11935575 -16.95044564 34.42150076
v 229.11935575 -18.53050943 33.84645122
v 229.11935575 -20.06323038 33.22465551
v 229.11935575 -21.54756917 32.55685488
v 229.11935575 -22.98208874 31.84381593
v 229.11935575 -24.36501366 31.08631944
v 229.11935575 -25.69427712 30.28514669
v 229.11935575 -26.96755977 29.44106223
v 229.11935575 -28.18232292 28.55479179
v 229.11935575 -29.33583769 27.62699361
v 229.11935575 -30.42521097 26.65822023
v 229.11935575 -31.44740821 25.64886617
v 229.11935575 -32.39927263 24.59909442
v 229.11935575 -33.27753947 23.50872902
v 229.11935575 -34.07884247 22.37709165
v 229.11935575 -34.79970746 21.20273989
v 229.11935575 -35.43652241 19.98301966
v 229.11935575 -35.98546143 18.71323207
v 229.11935575 -36.44230658 17.38488706
v 229.11935575 -36.80200041 15.98132229
v 229.11935575 -37.05723429 14.46254480
v 229.11935575 -37.18808035 12.59053792
v 229.11935575 -37.15997844 10.59076302
v 229.11935575 -37.07565001 9.65336714
v 229.11935575 -36.93502638 8.91540801
v 229.11935575 -36.73799089 8.28523736
v 229.11935575 -36.48437548 7.72683060
v 229.11935575 -36.17395588 7.22163053
v 229.11935575 -35.80644492 6.75863540
v 229.11935575 45.39552765 6.75863540
v 229.11935575 45.76303861 7.22163053
v 229.11935575 46.07345821 7.72683060
v 229.11935575 46.32707361 8.28523736
v 229.11935575 46.52410911 8.91540801
v 229.11935575 46.66473273 9.65336714
v 229.11935575 46.74906116 10.59076302
v 230.43293416 46.49880147 12.61332410
v 230.43293416 46.36911707 14.46362102
v 230.43293416 46.11633535 15.96331228
v 230.43293416 45.76016377 17.34877634
v 230.43293416 45.30782383 18.65970892
v 230.43293416 44.76431117 19.91265283
v 230.43293416 44.13379134 21.11604252
v 230.43293416 43.42004217 22.27455142
v 230.43293416 42.62662988 23.39082451
v 230.43293416 41.75698419 24.46630477
v 230.43293416 40.81442796 25.50167710
v 230.43293416 39.80218352 26.49712794
v 230.43293416 38.72336626 27.45250731
v 230.43293416 37.58097058 28.36743521
v 230.43293416 36.37785084 29.24137466
v 230.43293416 35.11669879 30.07368341
v 230.43293416 33.80001787 30.86365190
v 230.43293416 32.43009428 31.61053164
v 230.43293416 31.00896399 32.31355705
v 230.43293416 29.53837417 32.97196256
v 230.43293416 28.01973642 33.58499622
v 230.43293416 26.45406762 34.15193060
v 230.43293416 24.84191175 34.67207183
v 230.43293416 23.18323149 35.14476690
v 230.43293416 21.47725091 35.56940987
v 230.43293416 19.72221537 35.94544685
v 230.43293416 17.91500444 36.27238036
v 230.43293416 16.05046531 36.54977276
v 230.43293416 14.12016413 36.77724919
v 230.43293416 12.10975676 36.95449990
v 230.43293416 9.99237441 37.08128213
v 230.43293416 7.70570981 37.15742149
v 230.43293416 4.88773577 37.18281297
v 230.43293416 2.06976172 37.15742149
v 230.43293416 -0.21690287 37.08128213
v 230.43293416 -2.33428523 36.95449990
v 230.43293416 -4.34469259 36.77724919
v 230.43293416 -6.27499378 36.54977276
v 230.43293416 -8.13953291 36.27238036
v 230.43293416 -9.94674384 35.94544685
v 230.43293416 -11.70177937 35.56940987
v 230.43293416 -13.40775995 35.14476690
v 230.43293416 -15.06644022 34.67207183
v 230.43293416 -16.67859609 34.15193060
v 230.43293416 -18.24426489 33.58499622
v 230.43293416 -19.76290264 32.97196256
v 230.43293416 -21.23349245 32.31355705
v 230.43293416 -22.65462274 31.61053164
v 230.43293416 -24.02454634 30.86365190
v 230.43293416 -25.34122726 30.07368341
v 230.43293416 -26.60237931 29.24137466
v 230.43293416 -27.80549905 28.36743521
v 230.43293416 -28.94789473 27.45250731
v 230.43293416 -30.02671198 26.49712794
v 230.43293416 -31.03895643 25.50167710
v 230.43293416 -31.98151266 24.46630477
v 230.43293416 -32.85115834 23.39082451
v 230.43293416 -33.64457064 22.27455142
v 230.43293416 -34.35831980 21.11604252
v 230.43293416 -34.98883963 19.91265283
v 230.43293416 -35.53235229 18.65970892
v 230.43293416 -35.98469223 17.34877634
v 230.43293416 -36.34086382 15.96331228
v 230.43293416 -36.59364554 14.46362102
v 230.43293416 -36.72332994 12.61332410
v 230.43293416 -36.69547673 10.64052215
v 230.43293416 -36.61189463 9.71576987
v 230.43293416 -36.47251555 8.98776432
v 230.43293416 -36.27722387 8.36609341
v 230.43293416 -36.02585302 7.81521843
v 230.43293416 -35.71818071 7.31683251
v 230.43293416 -35.35392231 6.86008225
v 230.43293416 45.12939384 6.86008225
v 230.43293416 45.49365224 7.31683251
v 230.43293416 45.80132456 7.81521843
v 230.43293416 46.05269540 8.36609341
v 230.43293416 46.24798709 8.98776432
v 230.43293416 46.38736616 9.71576987
v 230.43293416 46.47094827 10.64052215
v 231.73912953 46.20124543 12.64038473
v 231.73912953 46.07274941 14.46900056
v 231.73912953 45.82248521 15.94965128
v 231.73912953 45.46993820 17.31706470
v 231.73912953 45.02224215 18.61063717
v 231.73912953 44.48433045 19.84679096
v 231.73912953 43.86031586 21.03390431
v 231.73912953 43.15392772 22.17662475
v 231.73912953 42.36868599 23.27758779
v 231.73912953 41.50797552 24.33823668
v 231.73912953 40.57507526 25.35926266
v 231.73912953 39.57316465 26.34086244
v 231.73912953 38.50531718 27.28289877
v 231.73912953 37.37448655 28.18500606
v 231.73912953 36.18348784 29.04666266
v 231.73912953 34.93497515 29.86724219
v 231.73912953 33.63141614 30.64605106
v 231.73912953 32.27506333 31.38235670
v 231.73912953 30.86792139 32.07540911
v 231.73912953 29.41170878 32.72445783
v 231.73912953 27.90781126 33.32876537
v 231.73912953 26.35722302 33.88761808
v 231.73912953 24.76046883 34.40033499
v 231.73912953 23.11749606 34.86627515
v 231.73912953 21.42751798 35.28484364
v 231.73912953 19.68877450 35.65549662
v 231.73912953 17.89814644 35.97774555
v 231.73912953 16.05049137 36.25116062
v 231.73912953 14.13739915 36.47537366
v 231.73912953 12.14457173 36.65008044
v 231.73912953 10.04523026 36.77504248
v 231.73912953 7.77727151 36.85008849
v 231.73912953 4.97957043 36.87511531
v 231.73912953 2.18186936 36.85008849
v 231.73912953 -0.08608940 36.77504248
v 231.73912953 -2.18543087 36.65008044
v 231.73912953 -4.17825829 36.47537366
v 231.73912953 -6.09135051 36.25116062
v 231.73912953 -7.93900558 35.97774555
v 231.73912953 -9.72963363 35.65549662
v 231.73912953 -11.46837711 35.28484364
v 231.73912953 -13.15835519 34.86627515
v 231.73912953 -14.80132796 34.40033499
v 231.73912953 -16.39808216 33.88761808
v 231.73912953 -17.94867040 33.32876537
v 231.73912953 -19.45256792 32.72445783
v 231.73912953 -20.90878053 32.07540911
v 231.73912953 -22.31592247 31.38235670
v 231.73912953 -23.67227528 30.64605106
v 231.73912953 -24.97583429 29.86724219
v 231.73912953 -26.22434698 29.04666266
v 231.73912953 -27.41534569 28.18500606
v 231.73912953 -28.54617632 27.28289877
v 231.73912953 -29.61402379 26.34086244
v 231.73912953 -30.61593440 25.35926266
v 231.73912953 -31.54883465 24.33823668
v 231.73912953 -32.40954513 23.27758779
v 231.73912953 -33.19478686 22.17662475
v 231.73912953 -33.90117500 21.03390431
v 231.73912953 -34.52518959 19.84679096
v 231.73912953 -35.06310129 18.61063717
v 231.73912953 -35.51079734 17.31706470
v 231.73912953 -35.86334435 15.94965128
v 231.73912953 -36.11360855 14.46900056
v 231.73912953 -36.24210457 12.64038473
v 231.73912953 -36.21451201 10.69446213
v 231.73912953 -36.13171205 9.78230956
v 231.73912953 -35.99363727 9.06422306
v 231.73912953 -35.80017310 8.45102239
v 231.73912953 -35.55115455 7.90765306
v 231.73912953 -35.24636138 7.41605762
v 231.73912953 -34.88551167 6.96553057
v 231.73912953 44.84465253 6.96553057
v 231.73912953 45.20550225 7.41605762
v 231.73912953 45.51029541 7.90765306
v 231.73912953 45.75931396 8.45102239
v 231.73912953 45.95277813 9.06422306
v 231.73912953 46.09085292 9.78230956
v 231.73912953 46.17365287 10.69446213
v 233.03785821 45.88612667 12.67124971
v 233.03785821 45.75884064 14.47825318
v 233.03785821 45.51114855 15.93994376
v 233.03785821 45.16231277 17.28938937
v 233.03785821 44.71937907 18.56568552
v 233.03785821 44.18721833 19.78513314
v 233.03785821 43.56989030 20.95605378
v 233.03785821 42.87107559 22.08306867
v 233.03785821 42.09424764 23.16880351
v 233.03785821 41.24274611 24.21470154
v 233.03785821 40.31980578 25.22146011
v 233.03785821 39.32856279 26.18928588
v 233.03785821 38.27204840 27.11805419
v 233.03785821 37.15317526 28.00741360
v 233.03785821 35.97471876 28.85685759
v 233.03785821 34.73929496 29.66577543
v 233.03785821 33.44933532 30.43348938
v 233.03785821 32.10705834 31.15928257
v 233.03785821 30.71443699 31.84242044
v 233.03785821 29.27316070 32.48216747
v 233.03785821 27.78458911 33.07780051
v 233.03785821 26.24969354 33.62861953
v 233.03785821 24.66897947 34.13395636
v 233.03785821 23.04237909 34.59318197
v 233.03785821 21.36909519 35.00571238
v 233.03785821 19.64736298 35.37101369
v 233.03785821 17.87406582 35.68860623
v 233.03785821 16.04407379 35.95806795
v 233.03785821 14.14900415 36.17903731
v 233.03785821 12.17461132 36.35121552
v 233.03785821 10.09421875 36.47436838
v 233.03785821 7.84595644 36.54832766
v 233.03785821 5.06977404 36.57299203
v 233.03785821 2.29359164 36.54832766
v 233.03785821 0.04532934 36.47436838
v 233.03785821 -2.03506323 36.35121552
v 233.03785821 -4.00945607 36.17903731
v 233.03785821 -5.90452570 35.95806795
v 233.03785821 -7.73451774 35.68860623
v 233.03785821 -9.50781489 35.37101369
v 233.03785821 -11.22954711 35.00571238
v 233.03785821 -12.90283100 34.59318197
v 233.03785821 -14.52943138 34.13395636
v 233.03785821 -16.11014545 33.62861953
v 233.03785821 -17.64504102 33.07780051
v 233.03785821 -19.13361261 32.48216747
v 233.03785821 -20.57488890 31.84242044
v 233.03785821 -21.96751025 31.15928257
v 233.03785821 -23.30978724 30.43348938
v 233.03785821 -24.59974687 29.66577543
v 233.03785821 -25.83517068 28.85685759
v 233.03785821 -27.01362717 28.00741360
v 233.03785821 -28.13250032 27.11805419
v 233.03785821 -29.18901470 26.18928588
v 233.03785821 -30.18025769 25.22146011
v 233.03785821 -31.10319803 24.21470154
v 233.03785821 -31.95469956 23.16880351
v 233.03785821 -32.73152751 22.08306867
v 233.03785821 -33.43034221 20.95605378
v 233.03785821 -34.04767024 19.78513314
v 233.03785821 -34.57983098 18.56568552
v 233.03785821 -35.02276468 17.28938937
v 233.03785821 -35.37160046 15.93994376
v 233.03785821 -35.61929255 14.47825318
v 233.03785821 -35.74657858 12.67124971
v 233.03785821 -35.71925733 10.75206433
v 233.03785821 -35.63727153 9.85244484
v 233.03785821 -35.50055440 9.14422494
v 233.03785821 -35.30899251 8.53944973
v 233.03785821 -35.06242249 8.00354637
v 233.03785821 -34.76062629 7.51870551
v 233.03785821 -34.40332471 7.07436875
v 233.03785821 44.54287280 7.07436875
v 233.03785821 44.90017437 7.51870551
v 233.03785821 45.20197058 8.00354637
v 233.03785821 45.44854060 8.53944973
v 233.03785821 45.64010248 9.14422494
v 233.03785821 45.77681961 9.85244484
v 233.03785821 45.85880541 10.75206433
v 234.32903821 45.55503619 12.70546188
v 234.32903821 45.42897690 14.49096085
v 234.32903821 45.18390118 15.93380543
v 234.32903821 44.83884826 17.26539793
v 234.32903821 44.40077589 18.52453204
v 234.32903821 43.87449243 19.72738689
v 234.32903821 43.26400456 20.88222691
v 234.32903821 42.57294407 21.99364670
v 234.32903821 41.80473777 23.06426189
v 234.32903821 40.96267997 24.09551542
v 234.32903821 40.04996111 25.08811043
v 234.32903821 39.06967387 26.04226336
v 234.32903821 38.02480707 26.95786182
v 234.32903821 36.91823202 27.83456830
v 234.32903821 35.75268421 28.67189121
v 234.32903821 34.53074138 29.46923525
v 234.32903821 33.25479855 30.22593829
v 234.32903821 31.92703989 30.94129900
v 234.32903821 30.54940645 31.61459804
v 234.32903821 29.12355840 32.24511466
v 234.32903821 27.65082908 32.83213989
v 234.32903821 26.13216681 33.37498716
v 234.32903821 24.56805779 33.87300097
v 234.32903821 22.95841916 34.32556405
v 234.32903821 21.30244364 34.73210326
v 234.32903821 19.59836241 35.09209453
v 234.32903821 17.84306264 35.40506695
v 234.32903821 16.03142895 35.67060617
v 234.32903821 14.15510945 35.88835717
v 234.32903821 12.19991701 36.05802657
v 234.32903821 10.13928898 36.17938441
v 234.32903821 7.91161605 36.25226545
v 234.32903821 5.15808520 36.27657021
v 234.32903821 2.40455434 36.25226545
v 234.32903821 0.17688141 36.17938441
v 234.32903821 -1.88374662 36.05802657
v 234.32903821 -3.83893906 35.88835717
v 234.32903821 -5.71525856 35.67060617
v 234.32903821 -7.52689225 35.40506695
v 234.32903821 -9.28219202 35.09209453
v 234.32903821 -10.98627325 34.73210326
v 234.32903821 -12.64224876 34.32556405
v 234.32903821 -14.25188740 33.87300097
v 234.32903821 -15.81599642 33.37498716
v 234.32903821 -17.33465869 32.83213989
v 234.32903821 -18.80738801 32.24511466
v 234.32903821 -20.23323606 31.61459804
v 234.32903821 -21.61086950 30.94129900
v 234.32903821 -22.93862816 30.22593829
v 234.32903821 -24.21457099 29.46923525
v 234.32903821 -25.43651382 28.67189121
v 234.32903821 -26.60206163 27.83456830
v 234.32903821 -27.70863668 26.95786182
v 234.32903821 -28.75350348 26.04226336
v 234.32903821 -29.73379072 25.08811043
v 234.32903821 -30.64650958 24.09551542
v 234.32903821 -31.48856738 23.06426189
v 234.32903821 -32.25677368 21.99364670
v 234.32903821 -32.94783417 20.88222691
v 234.32903821 -33.55832204 19.72738689
v 234.32903821 -34.08460550 18.52453204
v 234.32903821 -34.52267787 17.26539793
v 234.32903821 -34.86773079 15.93380543
v 234.32903821 -35.11280651 14.49096085
v 234.32903821 -35.23886579 12.70546188
v 234.32903821 -35.21182528 10.81282469
v 234.32903821 -35.13068191 9.92564968
v 234.32903821 -34.99536959 9.22722662
v 234.32903821 -34.80577607 8.63081730
v 234.32903821 -34.56173964 8.10232711
v 234.32903821 -34.26304449 7.62419308
v 234.32903821 -33.90941431 7.18600286
v 234.32903821 44.22558470 7.18600286
v 234.32903821 44.57921488 7.62419308
v 234.32903821 44.87791003 8.10232711
v 234.32903821 45.12194646 8.63081730
v 234.32903821 45.31153998 9.22722662
v 234.32903821 45.44685230 9.92564968
v 234.32903821 45.52799567 10.81282469
v 235.61258924 45.20952394 12.74257714
v 235.61258924 45.08470347 14.50671776
v 235.61258924 44.84227850 15.93086336
v 235.61258924 44.50106563 17.24474831
v 235.61258924 44.06793488 18.48686422
v 235.61258924 43.54763226 19.67326813
v 235.61258924 42.94411145 20.81216714
v 235.61258924 42.26095550 21.90812893
v 235.61258924 41.50154461 22.96375879
v 235.61258924 40.66912778 23.98049906
v 235.61258924 39.76685104 24.95905845
v 235.61258924 38.79776356 25.89966287
v 235.61258924 37.76481163 26.80221197
v 235.61258924 36.67082515 27.66638191
v 235.61258924 35.51849957 28.49169577
v 235.61258924 34.31037418 29.27757344
v 235.61258924 33.04880740 30.02336818
v 235.61258924 31.73594893 30.72839396
v 235.61258924 30.37370774 31.39194647
v 235.61258924 28.96371460 32.01331953
v 235.61258924 27.50727647 32.59181815
v 235.61258924 26.00531863 33.12676904
v 235.61258924 24.45830807 33.61752920
v 235.61258924 22.86614705 34.06349299
v 235.61258924 21.22801862 34.46409797
v 235.61258924 19.54215063 34.81882975
v 235.61258924 17.80543522 35.12722610
v 235.61258924 16.01277350 35.38888023
v 235.61258924 14.15584764 35.60344362
v 235.61258924 12.22053459 35.77062820
v 235.61258924 10.18039634 35.89020817
v 235.61258924 7.97410994 35.96202130
v 235.61258924 5.24425241 35.98596988
v 235.61258924 2.51439488 35.96202130
v 235.61258924 0.30810847 35.89020817
v 235.61258924 -1.73202977 35.77062820
v 235.61258924 -3.66734282 35.60344362
v 235.61258924 -5.52426868 35.38888023
v 235.61258924 -7.31693040 35.12722610
v 235.61258924 -9.05364581 34.81882975
v 235.61258924 -10.73951380 34.46409797
v 235.61258924 -12.37764223 34.06349299
v 235.61258924 -13.96980325 33.61752920
v 235.61258924 -15.51681381 33.12676904
v 235.61258924 -17.01877165 32.59181815
v 235.61258924 -18.47520978 32.01331953
v 235.61258924 -19.88520292 31.39194647
v 235.61258924 -21.24744411 30.72839396
v 235.61258924 -22.56030258 30.02336818
v 235.61258924 -23.82186936 29.27757344
v 235.61258924 -25.02999475 28.49169577
v 235.61258924 -26.18232033 27.66638191
v 235.61258924 -27.27630681 26.80221197
v 235.61258924 -28.30925874 25.89966287
v 235.61258924 -29.27834622 24.95905845
v 235.61258924 -30.18062296 23.98049906
v 235.61258924 -31.01303979 22.96375879
v 235.61258924 -31.77245068 21.90812893
v 235.61258924 -32.45560663 20.81216714
v 235.61258924 -33.05912744 19.67326813
v 235.61258924 -33.57943006 18.48686422
v 235.61258924 -34.01256081 17.24474831
v 235.61258924 -34.35377368 15.93086336
v 235.61258924 -34.59619865 14.50671776
v 235.61258924 -34.72101912 12.74257714
v 235.61258924 -34.69426756 10.87625380
v 235.61258924 -34.61399128 10.00141343
v 235.61258924 -34.48012491 9.31270074
v 235.61258924 -34.29255737 8.72458346
v 235.61258924 -34.05112870 8.20344101
v 235.61258924 -33.75562539 7.73195461
v 235.61258924 -33.40577408 7.29985667
v 235.61258924 43.89427890 7.29985667
v 235.61258924 44.24413021 7.73195461
v 235.61258924 44.53963352 8.20344101
v 235.61258924 44.78106219 8.72458346
v 235.61258924 44.96862973 9.31270074
v 235.61258924 45.10249610 10.00141343
v 235.61258924 45.18277238 10.87625380
v 236.88843268 44.85109852 12.78216449
v 236.88843268 44.72752450 14.52513041
v 236.88843268 44.48777516 15.93075592
v 236.88843268 44.15044571 17.22710880
v 236.88843268 43.72231892 18.45237892
v 236.88843268 43.20807878 19.62250126
v 236.88843268 42.61162625 20.74562541
v 236.88843268 41.93649585 21.82629198
v 236.88843268 41.18602131 22.86709562
v 236.88843268 40.36340645 23.86947789
v 236.88843268 39.47175300 24.83415275
v 236.88843268 38.51406671 25.76135532
v 236.88843268 37.49325136 26.65099702
v 236.88843268 36.41209550 27.50276741
v 236.88843268 35.27325450 28.31620394
v 236.88843268 34.07922918 29.09074148
v 236.88843268 32.83234136 29.82574839
v 236.88843268 31.53470619 30.52055372
v 236.88843268 30.18820052 31.17446793
v 236.88843268 28.79442570 31.78679921
v 236.88843268 27.35466227 32.35686633
v 236.88843268 25.86981254 32.88400910
v 236.88843268 24.34032433 33.36759683
v 236.88843268 22.76608531 33.80703533
v 236.88843268 21.14626924 34.20177270
v 236.88843268 19.47910134 34.55130413
v 236.88843268 17.76147983 34.85517590
v 236.88843268 15.98832411 35.11298870
v 236.88843268 14.15135339 35.32440040
v 236.88843268 12.23651392 35.48912818
v 236.88843268 10.21750237 35.60695034
v 236.88843268 8.03330586 35.67770760
v 236.88843268 5.32803416 35.70130403
v 236.88843268 2.62276245 35.67770760
v 236.88843268 0.43856595 35.60695034
v 236.88843268 -1.58044561 35.48912818
v 236.88843268 -3.49528508 35.32440040
v 236.88843268 -5.33225580 35.11298870
v 236.88843268 -7.10541151 34.85517590
v 236.88843268 -8.82303303 34.55130413
v 236.88843268 -10.49020093 34.20177270
v 236.88843268 -12.11001700 33.80703533
v 236.88843268 -13.68425602 33.36759683
v 236.88843268 -15.21374423 32.88400910
v 236.88843268 -16.69859396 32.35686633
v 236.88843268 -18.13835739 31.78679921
v 236.88843268 -19.53213221 31.17446793
v 236.88843268 -20.87863788 30.52055372
v 236.88843268 -22.17627305 29.82574839
v 236.88843268 -23.42316087 29.09074148
v 236.88843268 -24.61718619 28.31620394
v 236.88843268 -25.75602718 27.50276741
v 236.88843268 -26.83718305 26.65099702
v 236.88843268 -27.85799840 25.76135532
v 236.88843268 -28.81568468 24.83415275
v 236.88843268 -29.70733814 23.86947789
v 236.88843268 -30.52995300 22.86709562
v 236.88843268 -31.28042754 21.82629198
v 236.88843268 -31.95555794 20.74562541
v 236.88843268 -32.55201046 19.62250126
v 236.88843268 -33.06625061 18.45237892
v 236.88843268 -33.49437740 17.22710880
v 236.88843268 -33.83170684 15.93075592
v 236.88843268 -34.07145618 14.52513041
v 236.88843268 -34.19503021 12.78216449
v 236.88843268 -34.16857465 10.94187699
v 236.88843268 -34.08918661 10.07924094
v 236.88843268 -33.95680144 9.40013603
v 236.88843268 -33.77130929 8.82022318
v 236.88843268 -33.53255198 8.30635085
v 236.88843268 -33.24031835 7.84144184
v 236.88843268 -32.89433807 7.41537181
v 236.88843268 43.55040638 7.41537181
v 236.88843268 43.89638666 7.84144184
v 236.88843268 44.18862029 8.30635085
v 236.88843268 44.42737760 8.82022318
v 236.88843268 44.61286975 9.40013603
v 236.88843268 44.74525492 10.07924094
v 236.88843268 44.82464296 10.94187699
v 238.15649161 44.48122688 12.82380611
v 238.15649161 44.35890267 14.54581763
v 238.15649161 44.12184479 15.93313288
v 238.15649161 43.78842886 17.21215813
v 238.15649161 43.36535113 18.42078248
v 238.15649161 42.85723409 19.57481912
v 238.15649161 42.26792639 20.68236016
v 238.15649161 41.60091431 21.74791898
v 238.15649161 40.85948545 22.77407945
v 238.15649161 40.04679868 23.76228204
v 238.15649161 39.16591167 24.71324573
v 238.15649161 38.21978693 25.62721457
v 238.15649161 37.21128591 26.50411144
v 238.15649161 36.14315591 27.34363902
v 238.15649161 35.01801239 28.14534889
v 238.15649161 33.83831778 28.90869055
v 238.15649161 32.60635733 29.63304725
v 238.15649161 31.32421172 30.31776281
v 238.15649161 29.99372574 30.96216225
v 238.15649161 28.61647134 31.56556785
v 238.15649161 27.19370273 32.12731194
v 238.15649161 25.72629929 32.64674719
v 238.15649161 24.21468992 33.12325503
v 238.15649161 22.65874789 33.55625255
v 238.15649161 21.05763809 33.94519821
v 238.15649161 19.40958380 34.28959660
v 238.15649161 17.71149035 34.58900242
v 238.15649161 15.95829715 34.84302372
v 238.15649161 14.14176320 35.05132462
v 238.15649161 12.24790883 35.21362748
v 238.15649161 10.25057459 35.32971466
v 238.15649161 8.08907967 35.39942977
v 238.15649161 5.40919885 35.42267863
v 238.15649161 2.72931804 35.39942977
v 238.15649161 0.56782312 35.32971466
v 238.15649161 -1.42951112 35.21362748
v 238.15649161 -3.32336550 35.05132462
v 238.15649161 -5.13989944 34.84302372
v 238.15649161 -6.89309265 34.58900242
v 238.15649161 -8.59118610 34.28959660
v 238.15649161 -10.23924039 33.94519821
v 238.15649161 -11.84035018 33.55625255
v 238.15649161 -13.39629222 33.12325503
v 238.15649161 -14.90790159 32.64674719
v 238.15649161 -16.37530502 32.12731194
v 238.15649161 -17.79807363 31.56556785
v 238.15649161 -19.17532803 30.96216225
v 238.15649161 -20.50581402 30.31776281
v 238.15649161 -21.78795962 29.63304725
v 238.15649161 -23.01992008 28.90869055
v 238.15649161 -24.19961469 28.14534889
v 238.15649161 -25.32475821 27.34363902
v 238.15649161 -26.39288820 26.50411144
v 238.15649161 -27.40138923 25.62721457
v 238.15649161 -28.34751396 24.71324573
v 238.15649161 -29.22840098 23.76228204
v 238.15649161 -30.04108775 22.77407945
v 238.15649161 -30.78251661 21.74791898
v 238.15649161 -31.44952869 20.68236016
v 238.15649161 -32.03883639 19.57481912
v 238.15649161 -32.54695343 18.42078248
v 238.15649161 -32.97003115 17.21215813
v 238.15649161 -33.30344709 15.93313288
v 238.15649161 -33.54050496 14.54581763
v 238.15649161 -33.66282918 12.82380611
v 238.15649161 -33.63667553 11.00923439
v 238.15649161 -33.55819346 10.15865263
v 238.15649161 -33.42731907 9.48903738
v 238.15649161 -33.24394376 8.91722810
v 238.15649161 -33.00791114 8.41053651
v 238.15649161 -32.71901247 7.95212404
v 238.15649161 -32.37698051 7.53200782
v 238.15649161 43.19537822 7.53200782
v 238.15649161 43.53741018 7.95212404
v 238.15649161 43.82630884 8.41053651
v 238.15649161 44.06234146 8.91722810
v 238.15649161 44.24571677 9.48903738
v 238.15649161 44.37659117 10.15865263
v 238.15649161 44.45507323 11.00923439
v 239.41669086 44.10133416 12.86709742
v 239.41669086 43.98025904 14.56841059
v 239.41669086 43.74589976 15.93765539
v 239.41669086 43.41641472 17.19958540
v 239.41669086 42.99841463 18.39179061
v 239.41669086 42.49646113 19.52996298
v 239.41669086 41.91435108 20.62213729
v 239.41669086 41.25552299 21.67279962
v 239.41669086 40.52321874 22.68452290
v 239.41669086 39.72055260 23.65874630
v 239.41669086 38.85053855 24.59619355
v 239.41669086 37.91609615 25.49711733
v 239.41669086 36.92004480 26.36145173
v 239.41669086 35.86509082 27.18891222
v 239.41669086 34.75380995 27.97906421
v 239.41669086 33.58862643 28.73137154
v 239.41669086 32.37178913 29.44523204
v 239.41669086 31.10534441 30.12000406
v 239.41669086 29.79110510 30.75502688
v 239.41669086 28.43061390 31.34963661
v 239.41669086 27.02509881 31.90317889
v 239.41669086 25.57541648 32.41501904
v 239.41669086 24.08197703 32.88455038
v 239.41669086 22.54463965 33.31120108
v 239.41669086 20.96256081 33.69443978
v 239.41669086 19.33396245 34.03378032
v 239.41669086 17.65575803 34.32878565
v 239.41669086 15.92290848 34.57907104
v 239.41669086 14.12721516 34.78430679
v 239.41669086 12.25477686 34.94422034
v 239.41669086 10.27958643 35.05859802
v 239.41669086 8.14131518 35.12728628
v 239.41669086 5.48752486 35.15019266
v 239.41669086 2.83373454 35.12728628
v 239.41669086 0.69546329 35.05859802
v 239.41669086 -1.27972715 34.94422034
v 239.41669086 -3.15216545 34.78430679
v 239.41669086 -4.94785876 34.57907104
v 239.41669086 -6.68070831 34.32878565
v 239.41669086 -8.35891273 34.03378032
v 239.41669086 -9.98751110 33.69443978
v 239.41669086 -11.56958993 33.31120108
v 239.41669086 -13.10692731 32.88455038
v 239.41669086 -14.60036677 32.41501904
v 239.41669086 -16.05004910 31.90317889
v 239.41669086 -17.45556418 31.34963661
v 239.41669086 -18.81605538 30.75502688
v 239.41669086 -20.13029469 30.12000406
v 239.41669086 -21.39673941 29.44523204
v 239.41669086 -22.61357672 28.73137154
v 239.41669086 -23.77876023 27.97906421
v 239.41669086 -24.89004110 27.18891222
v 239.41669086 -25.94499508 26.36145173
v 239.41669086 -26.94104643 25.49711733
v 239.41669086 -27.87548883 24.59619355
v 239.41669086 -28.74550289 23.65874630
v 239.41669086 -29.54816902 22.68452290
v 239.41669086 -30.28047327 21.67279962
v 239.41669086 -30.93930136 20.62213729
v 239.41669086 -31.52141141 19.52996298
v 239.41669086 -32.02336491 18.39179061
v 239.41669086 -32.44136500 17.19958540
v 239.41669086 -32.77085005 15.93765539
v 239.41669086 -33.00520932 14.56841059
v 239.41669086 -33.12628444 12.86709742
v 239.41669086 -33.10043751 11.07788096
v 239.41669086 -33.02287585 10.23918450
v 239.41669086 -32.89353628 9.57892588
v 239.41669086 -32.71231151 9.01510658
v 239.41669086 -32.47904698 8.51549506
v 239.41669086 -32.19353638 8.06348806
v 239.41669086 -31.85551561 7.64924218
v 239.41669086 42.83056533 7.64924218
v 239.41669086 43.16858610 8.06348806
v 239.41669086 43.45409669 8.51549506
v 239.41669086 43.68736123 9.01510658
v 239.41669086 43.86858600 9.57892588
v 239.41669086 43.99792556 10.23918450
v 239.41669086 44.07548722 11.07788096
v 240.66895698 43.71280347 12.91269498
v 240.66895698 43.59297655 14.59352058
v 240.66895698 43.36131998 15.94489927
v 240.66895698 43.03577700 17.18993401
v 240.66895698 42.62287372 18.36591626
v 240.66895698 42.12711150 19.48841684
v 240.66895698 41.55223592 20.56541308
v 240.66895698 40.90163819 21.60136360
v 240.66895698 40.17851482 22.59883013
v 240.66895698 39.38593592 23.55925026
v 240.66895698 38.52687206 24.48335219
v 240.66895698 37.60420022 25.37139696
v 240.66895698 36.62069804 26.22332953
v 240.66895698 35.57903113 27.03887789
v 240.66895698 34.48173577 27.81762096
v 240.66895698 33.33119825 28.55903668
v 240.66895698 32.12963124 29.26253715
v 240.66895698 30.87904700 29.92749498
v 240.66895698 29.58122660 30.55326343
v 240.66895698 28.23768365 31.13919226
v 240.66895698 26.84962013 31.68464015
v 240.66895698 25.41787015 32.18898485
v 240.66895698 23.94282532 32.65163138
v 240.66895698 22.42433108 33.07201878
v 240.66895698 20.86153592 33.44962573
v 240.66895698 19.25266106 33.78397514
v 240.66895698 17.59462906 34.07463808
v 240.66895698 15.88242382 34.32123694
v 240.66895698 14.10789138 34.52344807
v 240.66895698 12.25721294 34.68100392
v 240.66895698 10.30454121 34.79369472
v 240.66895698 8.18991757 34.86136974
v 240.66895698 5.56280046 34.88393818
v 240.66895698 2.93568336 34.86136974
v 240.66895698 0.82105972 34.79369472
v 240.66895698 -1.13161202 34.68100392
v 240.66895698 -2.98229045 34.52344807
v 240.66895698 -4.75682289 34.32123694
v 240.66895698 -6.46902813 34.07463808
v 240.66895698 -8.12706014 33.78397514
v 240.66895698 -9.73593499 33.44962573
v 240.66895698 -11.29873016 33.07201878
v 240.66895698 -12.81722440 32.65163138
v 240.66895698 -14.29226923 32.18898485
v 240.66895698 -15.72401920 31.68464015
v 240.66895698 -17.11208272 31.13919226
v 240.66895698 -18.45562567 30.55326343
v 240.66895698 -19.75344608 29.92749498
v 240.66895698 -21.00403031 29.26253715
v 240.66895698 -22.20559732 28.55903668
v 240.66895698 -23.35613484 27.81762096
v 240.66895698 -24.45343020 27.03887789
v 240.66895698 -25.49509711 26.22332953
v 240.66895698 -26.47859929 25.37139696
v 240.66895698 -27.40127114 24.48335219
v 240.66895698 -28.26033500 23.55925026
v 240.66895698 -29.05291390 22.59883013
v 240.66895698 -29.77603726 21.60136360
v 240.66895698 -30.42663499 20.56541308
v 240.66895698 -31.00151057 19.48841684
v 240.66895698 -31.49727279 18.36591626
v 240.66895698 -31.91017608 17.18993401
v 240.66895698 -32.23571905 15.94489927
v 240.66895698 -32.46737562 14.59352058
v 240.66895698 -32.58720254 12.91269498
v 240.66895698 -32.56166606 11.14851862
v 240.66895698 -32.48503603 10.32155972
v 240.66895698 -32.35725002 9.67054142
v 240.66895698 -32.17820201 9.11461277
v 240.66895698 -31.94773931 8.62199332
v 240.66895698 -31.66565810 8.17631216
v 240.66895698 -31.33169744 7.76786365
v 240.66895698 42.45729836 7.76786365
v 240.66895698 42.79125902 8.17631216
v 240.66895698 43.07334024 8.62199332
v 240.66895698 43.30380294 9.11461277
v 240.66895698 43.48285094 9.67054142
v 240.66895698 43.61063695 10.32155972
v 240.66895698 43.68726699 11.14851862
v 241.91321830 43.31697580 12.96564005
v 241.91321830 43.19841162 14.62580690
v 241.91321830 42.96948097 15.95921800
v 241.91321830 42.64791038 17.18727604
v 241.91321830 42.24014087 18.34696592
v 241.91321830 41.75061336 19.45373380
v 241.91321830 41.18302198 20.51549765
v 241.91321830 40.54071049 21.53668738
v 241.91321830 39.82682999 22.51985268
v 241.91321830 39.04440630 23.46642898
v 241.91321830 38.19636656 24.37714846
v 241.91321830 37.28554510 25.25228016
v 241.91321830 36.31467780 26.09177962
v 241.91321830 35.28638954 26.89538711
v 241.91321830 34.20317714 27.66269486
v 241.91321830 33.06738896 28.39319471
v 241.91321830 31.88120154 29.08631291
v 241.91321830 30.64659309 29.74143618
v 241.91321830 29.36531300 30.35793169
v 241.91321830 28.03884595 30.93516267
v 241.91321830 26.66836806 31.47250081
v 241.91321830 25.25469116 31.96933619
v 241.91321830 23.79818863 32.42508547
v 241.91321830 22.29869257 32.83919850
v 241.91321830 20.75534402 33.21116392
v 241.91321830 19.16636425 33.54051369
v 241.91321830 17.52868588 33.82682694
v 241.91321830 15.83731727 34.06973316
v 241.91321830 14.08415129 34.26891471
v 241.91321830 12.25545510 34.42410903
v 241.91321830 10.32554772 34.53511022
v 241.91321830 8.23485552 34.60177036
v 241.91321830 5.63482385 34.62400032
v 241.91321830 3.03479218 34.60177036
v 241.91321830 0.94409998 34.53511022
v 241.91321830 -0.98580740 34.42410903
v 241.91321830 -2.81450359 34.26891471
v 241.91321830 -4.56766957 34.06973316
v 241.91321830 -6.25903818 33.82682694
v 241.91321830 -7.89671655 33.54051369
v 241.91321830 -9.48569631 33.21116392
v 241.91321830 -11.02904487 32.83919850
v 241.91321830 -12.52854093 32.42508547
v 241.91321830 -13.98504345 31.96933619
v 241.91321830 -15.39872036 31.47250081
v 241.91321830 -16.76919824 30.93516267
v 241.91321830 -18.09566529 30.35793169
v 241.91321830 -19.37694539 29.74143618
v 241.91321830 -20.61155384 29.08631291
v 241.91321830 -21.79774125 28.39319471
v 241.91321830 -22.93352943 27.66269486
v 241.91321830 -24.01674184 26.89538711
v 241.91321830 -25.04503010 26.09177962
v 241.91321830 -26.01589740 25.25228016
v 241.91321830 -26.92671886 24.37714846
v 241.91321830 -27.77475860 23.46642898
v 241.91321830 -28.55718229 22.51985268
v 241.91321830 -29.27106279 21.53668738
v 241.91321830 -29.91337428 20.51549765
v 241.91321830 -30.48096566 19.45373380
v 241.91321830 -30.97049317 18.34696592
v 241.91321830 -31.37826268 17.18727604
v 241.91321830 -31.69983327 15.95921800
v 241.91321830 -31.92876392 14.62580690
v 241.91321830 -32.04732810 12.96564005
v 241.91321830 -32.02210479 11.22658656
v 241.91321830 -31.94641450 10.41140403
v 241.91321830 -31.82019559 9.76965659
v 241.91321830 -31.64334333 9.22164468
v 241.91321830 -31.41570690 8.73604041
v 241.91321830 -31.13708498 8.29670600
v 241.91321830 -30.80721983 7.89407403
v 241.91321830 42.07686754 7.89407403
v 241.91321830 42.40673268 8.29670600
v 241.91321830 42.68535460 8.73604041
v 241.91321830 42.91299103 9.22164468
v 241.91321830 43.08984329 9.76965659
v 241.91321830 43.21606220 10.41140403
v 241.91321830 43.29175249 11.22658656
v 243.14940490 42.91514996 13.02620316
v 243.14940490 42.79786150 14.66552137
v 243.14940490 42.57167512 15.98085007
v 243.14940490 42.25409910 17.19183824
v 243.14940490 41.85148905 18.33515555
v 243.14940490 41.36822522 19.42611976
v 243.14940490 40.80795019 20.47258736
v 243.14940490 40.17396018 21.47895831
v 243.14940490 39.46936082 22.44776932
v 243.14940490 38.69713364 23.38045303
v 243.14940490 37.86016234 24.27774513
v 243.14940490 36.96123859 25.13992225
v 243.14940490 36.00305654 25.96695023
v 243.14940490 34.98820039 26.75858135
v 243.14940490 33.91912756 27.51442097
v 243.14940490 32.79814858 28.23397464
v 243.14940490 31.62740395 28.91668260
v 243.14940490 30.40883794 29.56194555
v 243.14940490 29.14416843 30.16914446
v 243.14940490 27.83485136 30.73765595
v 243.14940490 26.48203724 31.26686460
v 243.14940490 25.08651583 31.75617277
v 243.14940490 23.64864270 32.20500866
v 243.14940490 22.16823699 32.61283289
v 243.14940490 20.64443284 32.97914400
v 243.14940490 19.07545228 33.30348296
v 243.14940490 17.45823894 33.58543694
v 243.14940490 15.78782695 33.82464244
v 243.14940490 14.05615795 34.02078785
v 243.14940490 12.24958818 34.17361555
v 243.14940490 10.34260855 34.28292353
v 243.14940490 8.27604330 34.34856661
v 243.14940490 5.70340308 34.37045738
v 243.14940490 3.13076286 34.34856661
v 243.14940490 1.06419760 34.28292353
v 243.14940490 -0.84278203 34.17361555
v 243.14940490 -2.64935180 34.02078785
v 243.14940490 -4.38102080 33.82464244
v 243.14940490 -6.05143279 33.58543694
v 243.14940490 -7.66864613 33.30348296
v 243.14940490 -9.23762669 32.97914400
v 243.14940490 -10.76143084 32.61283289
v 243.14940490 -12.24183655 32.20500866
v 243.14940490 -13.67970968 31.75617277
v 243.14940490 -15.07523109 31.26686460
v 243.14940490 -16.42804521 30.73765595
v 243.14940490 -17.73736228 30.16914446
v 243.14940490 -19.00203179 29.56194555
v 243.14940490 -20.22059780 28.91668260
v 243.14940490 -21.39134243 28.23397464
v 243.14940490 -22.51232141 27.51442097
v 243.14940490 -23.58139424 26.75858135
v 243.14940490 -24.59625039 25.96695023
v 243.14940490 -25.55443244 25.13992225
v 243.14940490 -26.45335618 24.27774513
v 243.14940490 -27.29032749 23.38045303
v 243.14940490 -28.06255467 22.44776932
v 243.14940490 -28.76715403 21.47895831
v 243.14940490 -29.40114404 20.47258736
v 243.14940490 -29.96141907 19.42611976
v 243.14940490 -30.44468290 18.33515555
v 243.14940490 -30.84729295 17.19183824
v 243.14940490 -31.16486897 15.98085007
v 243.14940490 -31.39105535 14.66552137
v 243.14940490 -31.50834381 13.02620316
v 243.14940490 -31.48343537 11.31237075
v 243.14940490 -31.40868997 10.50901062
v 243.14940490 -31.28404671 9.87657030
v 243.14940490 -31.10940218 9.33650607
v 243.14940490 -30.88460745 8.85794441
v 243.14940490 -30.60946371 8.42498156
v 243.14940490 -30.28371643 8.02818886
v 243.14940490 41.69052258 8.02818886
v 243.14940490 42.01626986 8.42498156
v 243.14940490 42.29141360 8.85794441
v 243.14940490 42.51620833 9.33650607
v 243.14940490 42.69085286 9.87657030
v 243.14940490 42.81549612 10.50901062
v 243.14940490 42.89024152 11.31237075
v 244.37744867 42.50858250 13.09387071
v 244.37744867 42.39257844 14.71219163
v 244.37744867 42.16914607 16.00935787
v 244.37744867 41.85557457 17.20321545
v 244.37744867 41.45813403 18.33011089
v 244.37744867 40.98114401 19.40523012
v 244.37744867 40.42819555 20.43636626
v 244.37744867 39.80253742 21.42788804
v 244.37744867 39.10722985 22.38231839
v 244.37744867 38.34521016 23.30108652
v 244.37744867 37.51931871 24.18493114
v 244.37744867 36.63230468 25.03413612
v 244.37744867 35.68682059 25.84867724
v 244.37744867 34.68541012 26.62831856
v 244.37744867 33.63049148 27.37267832
v 244.37744867 32.52433751 28.08127559
v 244.37744867 31.36905289 28.75356443
v 244.37744867 30.16654817 29.38895939
v 244.37744867 28.91850996 29.98685506
v 244.37744867 27.62636568 30.54664137
v 244.37744867 26.29124050 31.06771565
v 244.37744867 24.91390250 31.54949245
v 244.37744867 23.49468974 31.99141144
v 244.37744867 22.03340888 32.39294392
v 244.37744867 20.52918767 32.75359827
v 244.37744867 18.98024956 33.07292439
v 244.37744867 17.38355006 33.35051743
v 244.37744867 15.73415021 33.58602089
v 244.37744867 14.02404215 33.77912913
v 244.37744867 12.23967383 33.92958944
v 244.37744867 10.35571287 34.03720367
v 244.37744867 8.31339233 34.10182940
v 244.37744867 5.76835600 34.12338086
v 244.37744867 3.22331968 34.10182940
v 244.37744867 1.18099913 34.03720367
v 244.37744867 -0.70296183 33.92958944
v 244.37744867 -2.48733015 33.77912913
v 244.37744867 -4.19743821 33.58602089
v 244.37744867 -5.84683805 33.35051743
v 244.37744867 -7.44353756 33.07292439
v 244.37744867 -8.99247566 32.75359827
v 244.37744867 -10.49669687 32.39294392
v 244.37744867 -11.95797773 31.99141144
v 244.37744867 -13.37719050 31.54949245
v 244.37744867 -14.75452850 31.06771565
v 244.37744867 -16.08965367 30.54664137
v 244.37744867 -17.38179796 29.98685506
v 244.37744867 -18.62983617 29.38895939
v 244.37744867 -19.83234089 28.75356443
v 244.37744867 -20.98762551 28.08127559
v 244.37744867 -22.09377948 27.37267832
v 244.37744867 -23.14869812 26.62831856
v 244.37744867 -24.15010859 25.84867724
v 244.37744867 -25.09559267 25.03413612
v 244.37744867 -25.98260670 24.18493114
v 244.37744867 -26.80849816 23.30108652
v 244.37744867 -27.57051785 22.38231839
v 244.37744867 -28.26582542 21.42788804
v 244.37744867 -28.89148354 20.43636626
v 244.37744867 -29.44443201 19.40523012
v 244.37744867 -29.92142203 18.33011089
v 244.37744867 -30.31886257 17.20321545
v 244.37744867 -30.63243406 16.00935787
v 244.37744867 -30.85586644 14.71219163
v 244.37744867 -30.97187049 13.09387071
v 244.37744867 -30.94727768 11.40531061
v 244.37744867 -30.87347939 10.61379688
v 244.37744867 -30.75041552 9.99068258
v 244.37744867 -30.57798397 9.45858218
v 244.37744867 -30.35603767 8.98707742
v 244.37744867 -30.08438035 8.56049908
v 244.37744867 -29.76276071 8.16955752
v 244.37744867 41.29947271 8.16955752
v 244.37744867 41.62109236 8.56049908
v 244.37744867 41.89274968 8.98707742
v 244.37744867 42.11469597 9.45858218
v 244.37744867 42.28712753 9.99068258
v 244.37744867 42.41019139 10.61379688
v 244.37744867 42.48398968 11.40531061
v 245.59728330 42.09422653 13.16834173
v 245.59728330 41.97952556 14.76559294
v 245.59728330 41.75887583 16.04457910
v 245.59728330 41.44934518 17.22130321
v 245.59728330 41.05711752 18.33178232
v 245.59728330 40.58645136 19.39106773
v 245.59728330 40.04088595 20.40688762
v 245.59728330 39.42362238 21.38357843
v 245.59728330 38.73767530 22.32364860
v 245.59728330 37.98593767 23.22852331
v 245.59728330 37.17120642 24.09894385
v 245.59728330 36.29618811 24.93520092
v 245.59728330 35.36349358 25.73727996
v 245.59728330 34.37562592 26.50495651
v 245.59728330 33.33496410 27.23786141
v 245.59728330 32.24374329 27.93552708
v 245.59728330 31.10403235 28.59742116
v 245.59728330 29.91770818 29.22297186
v 245.59728330 28.68642620 29.81158725
v 245.59728330 27.41158549 30.36267037
v 245.59728330 26.09428607 30.87563121
v 245.59728330 24.73527459 31.34989636
v 245.59728330 23.33487197 31.78491682
v 245.59728330 21.89287284 32.18017450
v 245.59728330 20.40839920 32.53518750
v 245.59728330 18.87967674 32.84951458
v 245.59728330 17.30367399 33.12275879
v 245.59728330 15.67548054 33.35457056
v 245.59728330 13.98714142 33.54465018
v 245.59728330 12.22520020 33.69274980
v 245.59728330 10.36450827 33.79867508
v 245.59728330 8.34672380 33.86228634
v 245.59728330 5.82972317 33.88349946
v 245.59728330 3.31272255 33.86228634
v 245.59728330 1.29493808 33.79867508
v 245.59728330 -0.56575385 33.69274980
v 245.59728330 -2.32769507 33.54465018
v 245.59728330 -4.01603420 33.35457056
v 245.59728330 -5.64422765 33.12275879
v 245.59728330 -7.22023040 32.84951458
v 245.59728330 -8.74895286 32.53518750
v 245.59728330 -10.23342650 32.18017450
v 245.59728330 -11.67542562 31.78491682
v 245.59728330 -13.07582825 31.34989636
v 245.59728330 -14.43483973 30.87563121
v 245.59728330 -15.75213914 30.36267037
v 245.59728330 -17.02697986 29.81158725
v 245.59728330 -18.25826183 29.22297186
v 245.59728330 -19.44458600 28.59742116
v 245.59728330 -20.58429695 27.93552708
v 245.59728330 -21.67551776 27.23786141
v 245.59728330 -22.71617958 26.50495651
v 245.59728330 -23.70404723 25.73727996
v 245.59728330 -24.63674177 24.93520092
v 245.59728330 -25.51176007 24.09894385
v 245.59728330 -26.32649132 23.22852331
v 245.59728330 -27.07822895 22.32364860
v 245.59728330 -27.76417603 21.38357843
v 245.59728330 -28.38143960 20.40688762
v 245.59728330 -28.92700502 19.39106773
v 245.59728330 -29.39767117 18.33178232
v 245.59728330 -29.78989884 17.22130321
v 245.59728330 -30.09942949 16.04457910
v 245.59728330 -30.32007921 14.76559294
v 245.59728330 -30.43478019 13.16834173
v 245.59728330 -30.41050581 11.50502249
v 245.59728330 -30.33766308 10.72534043
v 245.59728330 -30.21619268 10.11154054
v 245.59728330 -30.04599382 9.58739407
v 245.59728330 -29.82692135 9.12293743
v 245.59728330 -29.55878153 8.70273565
v 245.59728330 -29.24132631 8.31763795
v 245.59728330 40.90077265 8.31763795
v 245.59728330 41.21822787 8.70273565
v 245.59728330 41.48636769 9.12293743
v 245.59728330 41.70544016 9.58739407
v 245.59728330 41.87563902 10.11154054
v 245.59728330 41.99710943 10.72534043
v 245.59728330 42.06995215 11.50502249
v 246.80884429 41.64859068 13.25017539
v 246.80884429 41.53529010 14.82651264
v 246.80884429 41.31760241 16.08748472
v 246.80884429 41.01236014 17.24724168
v 246.80884429 40.62565619 18.34146981
v 246.80884429 40.16168479 19.38508512
v 246.80884429 39.62393067 20.38575031
v 246.80884429 39.01554491 21.34776914
v 246.80884429 38.33949434 22.27363513
v 246.80884429 37.59862546 23.16476908
v 246.80884429 36.79568974 24.02191449
v 246.80884429 35.93334918 24.84536856
v 246.80884429 35.01417111 25.63512604
v 246.80884429 34.04061630 26.39097363
v 246.80884429 33.01502280 27.11255450
v 246.80884429 31.93958663 27.79941406
v 246.80884429 30.81633944 28.45103330
v 246.80884429 29.64712330 29.06685381
v 246.80884429 28.43356141 29.64629686
v 246.80884429 27.17702371 30.18877839
v 246.80884429 25.87858456 30.69372081
v 246.80884429 24.53896893 31.16056251
v 246.80884429 23.15848078 31.58876568
v 246.80884429 21.73690333 31.97782260
v 246.80884429 20.27335409 32.32726096
v 246.80884429 18.76606306 32.63664820
v 246.80884429 17.21201505 32.90559517
v 246.80884429 15.60633323 33.13375911
v 246.80884429 13.94112346 33.32084611
v 246.80884429 12.20303816 33.46661313
v 246.80884429 10.36713698 33.57086957
v 246.80884429 8.37555995 33.63347845
v 246.80884429 5.88875319 33.65435726
v 246.80884429 3.40194644 33.63347845
v 246.80884429 1.41036941 33.57086957
v 246.80884429 -0.42553177 33.46661313
v 246.80884429 -2.16361708 33.32084611
v 246.80884429 -3.82882684 33.13375911
v 246.80884429 -5.43450866 32.90559517
v 246.80884429 -6.98855668 32.63664820
v 246.80884429 -8.49584771 32.32726096
v 246.80884429 -9.95939695 31.97782260
v 246.80884429 -11.38097439 31.58876568
v 246.80884429 -12.76146255 31.16056251
v 246.80884429 -14.10107818 30.69372081
v 246.80884429 -15.39951733 30.18877839
v 246.80884429 -16.65605503 29.64629686
v 246.80884429 -17.86961691 29.06685381
v 246.80884429 -19.03883306 28.45103330
v 246.80884429 -20.16208024 27.79941406
v 246.80884429 -21.23751642 27.11255450
v 246.80884429 -22.26310991 26.39097363
v 246.80884429 -23.23666473 25.63512604
v 246.80884429 -24.15584280 24.84536856
v 246.80884429 -25.01818335 24.02191449
v 246.80884429 -25.82111907 23.16476908
v 246.80884429 -26.56198795 22.27363513
v 246.80884429 -27.23803853 21.34776914
v 246.80884429 -27.84642429 20.38575031
v 246.80884429 -28.38417840 19.38508512
v 246.80884429 -28.84814981 18.34146981
v 246.80884429 -29.23485375 17.24724168
v 246.80884429 -29.54009602 16.08748472
v 246.80884429 -29.75778372 14.82651264
v 246.80884429 -29.87108430 13.25017539
v 246.80884429 -29.84714773 11.61182589
v 246.80884429 -29.77531870 10.84384842
v 246.80884429 -29.65553871 10.23926289
v 246.80884429 -29.48770838 9.72298490
v 246.80884429 -29.27168458 9.26550069
v 246.80884429 -29.00727625 8.85160697
v 246.80884429 -28.69423882 8.47229035
v 246.80884429 -28.33226687 8.12171912
v 246.80884429 40.47174521 8.47229035
v 246.80884429 40.78478264 8.85160697
v 246.80884429 41.04919096 9.26550069
v 246.80884429 41.26521476 9.72298490
v 246.80884429 41.43304509 10.23926289
v 246.80884429 41.55282508 10.84384842
v 246.80884429 41.62465411 11.61182589
v 248.01206898 41.17302862 13.33861768
v 248.01206898 41.06122301 14.89418575
v 248.01206898 40.84667059 16.13730147
v 248.01206898 40.54595520 17.28025007
v 248.01206898 40.16507409 18.35838552
v 248.01206898 39.70815405 19.38648773
v 248.01206898 39.17862280 20.37215338
v 248.01206898 38.57957907 21.31965308
v 248.01206898 37.91393980 22.23146501
v 248.01206898 37.18450302 23.10900519
v 248.01206898 36.39397281 23.95301898
v 248.01206898 35.54496481 24.76380973
v 248.01206898 34.64000106 25.54138118
v 248.01206898 33.68149835 26.28553085
v 248.01206898 32.67175232 26.99591393
v 248.01206898 31.61291836 27.67208856
v 248.01206898 30.50698967 28.31354876
v 248.01206898 29.35577232 28.91974924
v 248.01206898 28.16085641 29.49012426
v 248.01206898 26.92358197 30.02410237
v 248.01206898 25.64499724 30.52111818
v 248.01206898 24.32580536 30.98062172
v 248.01206898 22.96629351 31.40208610
v 248.01206898 21.56623421 31.78501385
v 248.01206898 20.12474171 32.12894207
v 248.01206898 18.64005244 32.43344674
v 248.01206898 17.10917072 32.69814637
v 248.01206898 15.52725830 32.92270488
v 248.01206898 13.88648975 33.10683409
v 248.01206898 12.17363937 33.25029568
v 248.01206898 10.36399931 33.35290274
v 248.01206898 8.40024749 33.41452093
v 248.01206898 5.94573399 33.43506933
v 248.01206898 3.49122049 33.41452093
v 248.01206898 1.52746867 33.35290274
v 248.01206898 -0.28217139 33.25029568
v 248.01206898 -1.99502177 33.10683409
v 248.01206898 -3.63579032 32.92270488
v 248.01206898 -5.21770274 32.69814637
v 248.01206898 -6.74858446 32.43344674
v 248.01206898 -8.23327374 32.12894207
v 248.01206898 -9.67476623 31.78501385
v 248.01206898 -11.07482553 31.40208610
v 248.01206898 -12.43433738 30.98062172
v 248.01206898 -13.75352926 30.52111818
v 248.01206898 -15.03211399 30.02410237
v 248.01206898 -16.26938843 29.49012426
v 248.01206898 -17.46430435 28.91974924
v 248.01206898 -18.61552169 28.31354876
v 248.01206898 -19.72145038 27.67208856
v 248.01206898 -20.78028434 26.99591393
v 248.01206898 -21.79003037 26.28553085
v 248.01206898 -22.74853308 25.54138118
v 248.01206898 -23.65349683 24.76380973
v 248.01206898 -24.50250483 23.95301898
v 248.01206898 -25.29303504 23.10900519
v 248.01206898 -26.02247182 22.23146501
v 248.01206898 -26.68811110 21.31965308
v 248.01206898 -27.28715482 20.37215338
v 248.01206898 -27.81668607 19.38648773
v 248.01206898 -28.27360611 18.35838552
v 248.01206898 -28.65448722 17.28025007
v 248.01206898 -28.95520261 16.13730147
v 248.01206898 -29.16975503 14.89418575
v 248.01206898 -29.28156064 13.33861768
v 248.01206898 -29.25798054 11.72497731
v 248.01206898 -29.18722121 10.96858227
v 248.01206898 -29.06922500 10.37311493
v 248.01206898 -28.90389404 9.86462330
v 248.01206898 -28.69108731 9.41403874
v 248.01206898 -28.43061661 9.00638725
v 248.01206898 -28.12224099 8.63279138
v 248.01206898 -27.76565960 8.28750737
v 248.01206898 40.01370897 8.63279138
v 248.01206898 40.32208458 9.00638725
v 248.01206898 40.58255528 9.41403874
v 248.01206898 40.79536201 9.86462330
v 248.01206898 40.96069298 10.37311493
v 248.01206898 41.07868918 10.96858227
v 248.01206898 41.14944852 11.72497731
v 249.20689658 40.67349772 13.43271005
v 249.20689658 40.56326352 14.96760196
v 249.20689658 40.35198406 16.19297806
v 249.20689658 40.05598382 17.31923948
v 249.20689658 39.68116081 18.38140514
v 249.20689658 39.23157195 19.39411751
v 249.20689658 38.71058599 20.36490645
v 249.20689658 38.12124758 21.29800880
v 249.20689658 37.46642213 22.19588688
v 249.20689658 36.74885771 23.05995152
v 249.20689658 35.97120956 23.89094955
v 249.20689658 35.13604557 24.68919010
v 249.20689658 34.24584121 25.45468555
v 249.20689658 33.30296806 26.18724395
v 249.20689658 32.30967817 26.88653223
v 249.20689658 31.26808531 27.55212093
v 249.20689658 30.18014327 28.18351689
v 249.20689658 29.04762135 28.78018767
v 249.20689658 27.87207585 29.34158026
v 249.20689658 26.65481648 29.86713564
v 249.20689658 25.39686505 30.35630039
v 249.20689658 24.09890288 30.80853598
v 249.20689658 22.76120065 31.22332631
v 249.20689658 21.38352084 31.60018394
v 249.20689658 19.96497562 31.93865524
v 249.20689658 18.50380968 32.23832464
v 249.20689658 16.99704970 32.49881814
v 249.20689658 15.43990029 32.71980628
v 249.20689658 13.82461140 32.90100650
v 249.20689658 12.13809029 33.04218514
v 249.20689658 10.35588209 33.14315891
v 249.20689658 8.42125001 33.20379608
v 249.20689658 6.00073247 33.22401730
v 249.20689658 3.58021492 33.20379608
v 249.20689658 1.64558285 33.14315891
v 249.20689658 -0.13662536 33.04218514
v 249.20689658 -1.82314646 32.90100650
v 249.20689658 -3.43843536 32.71980628
v 249.20689658 -4.99558477 32.49881814
v 249.20689658 -6.50234475 32.23832464
v 249.20689658 -7.96351069 31.93865524
v 249.20689658 -9.38205590 31.60018394
v 249.20689658 -10.75973572 31.22332631
v 249.20689658 -12.09743795 30.80853598
v 249.20689658 -13.39540012 30.35630039
v 249.20689658 -14.65335155 29.86713564
v 249.20689658 -15.87061092 29.34158026
v 249.20689658 -17.04615642 28.78018767
v 249.20689658 -18.17867834 28.18351689
v 249.20689658 -19.26662037 27.55212093
v 249.20689658 -20.30821324 26.88653223
v 249.20689658 -21.30150312 26.18724395
v 249.20689658 -22.24437628 25.45468555
v 249.20689658 -23.13458064 24.68919010
v 249.20689658 -23.96974463 23.89094955
v 249.20689658 -24.74739278 23.05995152
v 249.20689658 -25.46495719 22.19588688
v 249.20689658 -26.11978264 21.29800880
v 249.20689658 -26.70912105 20.36490645
v 249.20689658 -27.23010702 19.39411751
v 249.20689658 -27.67969588 18.38140514
v 249.20689658 -28.05451889 17.31923948
v 249.20689658 -28.35051913 16.19297806
v 249.20689658 -28.56179859 14.96760196
v 249.20689658 -28.67203279 13.43271005
v 249.20689658 -28.64882387 11.84357119
v 249.20689658 -28.57917839 11.09866124
v 249.20689658 -28.46303963 10.51223547
v 249.20689658 -28.30031121 10.01146478
v 249.20689658 -28.09085437 9.56772189
v 249.20689658 -27.83448386 9.16626018
v 249.20689658 -27.53096253 8.79833699
v 249.20689658 -27.17999426 8.45829576
v 249.20689658 39.53242747 8.79833699
v 249.20689658 39.83594880 9.16626018
v 249.20689658 40.09231930 9.56772189
v 249.20689658 40.30177614 10.01146478
v 249.20689658 40.46450456 10.51223547
v 249.20689658 40.58064333 11.09866124
v 249.20689658 40.65028881 11.84357119
v 250.39326812 40.15573557 13.53152757
v 250.39326812 40.04713166 15.04578651
v 250.39326812 39.83922852 16.25350037
v 250.39326812 39.54808335 17.36315973
v 250.39326812 39.17949223 18.40944448
v 250.39326812 38.73744052 19.40685791
v 250.39326812 38.22523656 20.36286194
v 250.39326812 37.64586972 21.28165890
v 250.39326812 37.00215276 22.16569469
v 250.39326812 36.29678270 23.01637444
v 250.39326812 35.53236497 23.83444603
v 250.39326812 34.71141876 24.62022402
v 250.39326812 33.83637208 25.37372910
v 250.39326812 32.90955048 26.09477953
v 250.39326812 31.93316168 26.78305366
v 250.39326812 30.90927711 27.43813423
v 250.39326812 29.83981061 28.05954060
v 250.39326812 28.72649418 28.64675297
v 250.39326812 27.57084998 29.19923084
v 250.39326812 26.37415712 29.71642741
v 250.39326812 25.13741095 30.19780106
v 250.39326812 23.86127105 30.64282450
v 250.39326812 22.54599198 31.05099225
v 250.39326812 21.19132681 31.42182680
v 250.39326812 19.79638674 31.75488364
v 250.39326812 18.35942630 32.04975549
v 250.39326812 16.87749691 32.30607578
v 250.39326812 15.34584962 32.52352156
v 250.39326812 13.75681530 32.70181582
v 250.39326812 12.09744329 32.84072948
v 250.39326812 10.34354844 32.94008283
v 250.39326812 8.43901819 32.99974672
v 250.39326812 6.05381420 33.01964334
v 250.39326812 3.66861022 32.99974672
v 250.39326812 1.76407996 32.94008283
v 250.39326812 0.01018512 32.84072948
v 250.39326812 -1.64918689 32.70181582
v 250.39326812 -3.23822122 32.52352156
v 250.39326812 -4.76986850 32.30607578
v 250.39326812 -6.25179790 32.04975549
v 250.39326812 -7.68875833 31.75488364
v 250.39326812 -9.08369841 31.42182680
v 250.39326812 -10.43836357 31.05099225
v 250.39326812 -11.75364265 30.64282450
v 250.39326812 -13.02978255 30.19780106
v 250.39326812 -14.26652872 29.71642741
v 250.39326812 -15.46322158 29.19923084
v 250.39326812 -16.61886578 28.64675297
v 250.39326812 -17.73218221 28.05954060
v 250.39326812 -18.80164871 27.43813423
v 250.39326812 -19.82553328 26.78305366
v 250.39326812 -20.80192207 26.09477953
v 250.39326812 -21.72874368 25.37372910
v 250.39326812 -22.60379036 24.62022402
v 250.39326812 -23.42473657 23.83444603
v 250.39326812 -24.18915430 23.01637444
v 250.39326812 -24.89452435 22.16569469
v 250.39326812 -25.53824132 21.28165890
v 250.39326812 -26.11760816 20.36286194
v 250.39326812 -26.62981211 19.40685791
v 250.39326812 -27.07186383 18.40944448
v 250.39326812 -27.44045494 17.36315973
v 250.39326812 -27.73160012 16.25350037
v 250.39326812 -27.93950326 15.04578651
v 250.39326812 -28.04810716 13.53152757
v 250.39326812 -28.02528035 11.96673341
v 250.39326812 -27.95678150 11.23323505
v 250.39326812 -27.84255481 10.65579299
v 250.39326812 -27.68250552 10.16269382
v 250.39326812 -27.47649712 9.72574882
v 250.39326812 -27.22434744 9.33043727
v 250.39326812 -26.92582321 8.96815045
v 250.39326812 -26.58063319 8.63331847
v 250.39326812 38.68826159 8.63331847
v 250.39326812 39.03345161 8.96815045
v 250.39326812 39.33197584 9.33043727
v 250.39326812 39.58412553 9.72574882
v 250.39326812 39.79013392 10.16269382
v 250.39326812 39.95018321 10.65579299
v 250.39326812 40.06440990 11.23323505
v 250.39326812 40.13290876 11.96673341
v 251.57112653 39.62526097 13.63417884
v 251.57112653 39.51832921 15.12780009
v 251.57112653 39.31387270 16.31789135
v 251.57112653 39.02767596 17.41099918
v 251.57112653 38.66543150 18.44145934
v 251.57112653 38.23105196 19.42363369
v 251.57112653 37.72778447 20.36491491
v 251.57112653 37.15856233 21.26946991
v 251.57112653 36.52614500 22.13972751
v 251.57112653 35.83317786 22.97708661
v 251.57112653 35.08221592 23.78229571
v 251.57112653 34.27572917 24.55567440
v 251.57112653 33.41609765 25.29725135
v 251.57112653 32.50560045 26.00685472
v 251.57112653 31.54640058 26.68417404
v 251.57112653 30.54052681 27.32880394
v 251.57112653 29.48985270 27.94027611
v 251.57112653 28.39607281 28.51808315
v 251.57112653 27.26067501 29.06169687
v 251.57112653 26.08490781 29.57058251
v 251.57112653 24.86974017 30.04421008
v 251.57112653 23.61581019 30.48206338
v 251.57112653 22.32335672 30.88364740
v 251.57112653 20.99212409 31.24849440
v 251.57112653 19.62122344 31.57616889
v 251.57112653 18.20892052 31.86627178
v 251.57112653 16.75229344 32.11844384
v 251.57112653 15.24664257 32.33236852
v 251.57112653 13.68438406 32.50777432
v 251.57112653 12.05271651 32.64443666
v 251.57112653 10.32773768 32.74217939
v 251.57112653 8.45398962 32.80087589
v 251.57112653 6.10504344 32.82044988
v 251.57112653 3.75609726 32.80087589
v 251.57112653 1.88234921 32.74217939
v 251.57112653 0.15737037 32.64443666
v 251.57112653 -1.47429718 32.50777432
v 251.57112653 -3.03655568 32.33236852
v 251.57112653 -4.54220655 32.11844384
v 251.57112653 -5.99883364 31.86627178
v 251.57112653 -7.41113655 31.57616889
v 251.57112653 -8.78203721 31.24849440
v 251.57112653 -10.11326984 30.88364740
v 251.57112653 -11.40572331 30.48206338
v 251.57112653 -12.65965329 30.04421008
v 251.57112653 -13.87482093 29.57058251
v 251.57112653 -15.05058812 29.06169687
v 251.57112653 -16.18598593 28.51808315
v 251.57112653 -17.27976582 27.94027611
v 251.57112653 -18.33043992 27.32880394
v 251.57112653 -19.33631370 26.68417404
v 251.57112653 -20.29551356 26.00685472
v 251.57112653 -21.20601076 25.29725135
v 251.57112653 -22.06564228 24.55567440
v 251.57112653 -22.87212904 23.78229571
v 251.57112653 -23.62309098 22.97708661
v 251.57112653 -24.31605812 22.13972751
v 251.57112653 -24.94847545 21.26946991
v 251.57112653 -25.51769758 20.36491491
v 251.57112653 -26.02096508 19.42363369
v 251.57112653 -26.45534461 18.44145934
v 251.57112653 -26.81758908 17.41099918
v 251.57112653 -27.10378582 16.31789135
v 251.57112653 -27.30824233 15.12780009
v 251.57112653 -27.41517409 13.63417884
v 251.57112653 -27.39273665 12.09362124
v 251.57112653 -27.32540624 11.37148379
v 251.57112653 -27.21312801 10.80298553
v 251.57112653 -27.05580880 10.31752380
v 251.57112653 -26.85331446 9.88734649
v 251.57112653 -26.60546589 9.49815778
v 251.57112653 -26.31203383 9.14148230
v 251.57112653 -25.97273199 8.81183641
v 251.57112653 38.18281888 8.81183641
v 251.57112653 38.52212071 9.14148230
v 251.57112653 38.81555277 9.49815778
v 251.57112653 39.06340134 9.88734649
v 251.57112653 39.26589569 10.31752380
v 251.57112653 39.42321489 10.80298553
v 251.57112653 39.53549312 11.37148379
v 251.57112653 39.60282354 12.09362124
v 252.74041663 39.08737521 13.73980577
v 252.74041663 38.98214099 15.21273870
v 252.74041663 38.78116959 16.38521084
v 252.74041663 38.49996996 17.46178456
v 252.74041663 38.14413023 18.47644530
v 252.74041663 37.71748988 19.44341077
v 252.74041663 37.22323443 20.37000287
v 252.74041663 36.66424089 21.26035205
v 252.74041663 36.04321515 22.11686931
v 252.74041663 35.36275075 22.94094677
v 252.74041663 34.62535216 23.73333306
v 252.74041663 33.83343998 24.49435241
v 252.74041663 32.98934621 25.22404112
v 252.74041663 32.09530341 25.92223698
v 252.74041663 31.15342981 26.58864040
v 252.74041663 30.16571151 27.22285770
v 252.74041663 29.13398185 27.82443263
v 252.74041663 28.05989797 28.39287002
v 252.74041663 26.94491362 28.92765381
v 252.74041663 25.79024687 29.42826109
v 252.74041663 24.59684058 29.89417335
v 252.74041663 23.36531169 30.32488532
v 252.74041663 22.09588382 30.71991235
v 252.74041663 20.78829317 31.07879636
v 252.74041663 19.44165164 31.40111076
v 252.74041663 18.05423733 31.68646456
v 252.74041663 16.62315655 31.93450575
v 252.74041663 15.14376118 32.14492417
v 252.74041663 13.60855590 32.31745372
v 252.74041663 12.00489381 32.45187430
v 252.74041663 10.30916513 32.54801325
v 252.74041663 8.46658876 32.60574648
v 252.74041663 6.15448309 32.62499922
v 252.74041663 3.84237741 32.60574648
v 252.74041663 1.99980104 32.54801325
v 252.74041663 0.30407236 32.45187430
v 252.74041663 -1.29958973 32.31745372
v 252.74041663 -2.83479500 32.14492417
v 252.74041663 -4.31419038 31.93450575
v 252.74041663 -5.74527116 31.68646456
v 252.74041663 -7.13268547 31.40111076
v 252.74041663 -8.47932700 31.07879636
v 252.74041663 -9.78691765 30.71991235
v 252.74041663 -11.05634552 30.32488532
v 252.74041663 -12.28787441 29.89417335
v 252.74041663 -13.48128070 29.42826109
v 252.74041663 -14.63594745 28.92765381
v 252.74041663 -15.75093180 28.39287002
v 252.74041663 -16.82501568 27.82443263
v 252.74041663 -17.85674533 27.22285770
v 252.74041663 -18.84446364 26.58864040
v 252.74041663 -19.78633724 25.92223698
v 252.74041663 -20.68038004 25.22404112
v 252.74041663 -21.52447380 24.49435241
v 252.74041663 -22.31638599 23.73333306
v 252.74041663 -23.05378458 22.94094677
v 252.74041663 -23.73424898 22.11686931
v 252.74041663 -24.35527471 21.26035205
v 252.74041663 -24.91426826 20.37000287
v 252.74041663 -25.40852371 19.44341077
v 252.74041663 -25.83516406 18.47644530
v 252.74041663 -26.19100379 17.46178456
v 252.74041663 -26.47220342 16.38521084
v 252.74041663 -26.67317482 15.21273870
v 252.74041663 -26.77840904 13.73980577
v 252.74041663 -26.75636475 12.22342313
v 252.74041663 -26.69021406 11.51261771
v 252.74041663 -26.57990312 10.95304052
v 252.74041663 -26.42534039 10.47519682
v 252.74041663 -26.22639405 10.05177000
v 252.74041663 -25.98288817 9.66868858
v 252.74041663 -25.69459749 9.31761018
v 252.74041663 -25.36124074 8.99313720
v 252.74041663 37.67020691 8.99313720
v 252.74041663 38.00356366 9.31761018
v 252.74041663 38.29185434 9.66868858
v 252.74041663 38.53536022 10.05177000
v 252.74041663 38.73430656 10.47519682
v 252.74041663 38.88886929 10.95304052
v 252.74041663 38.99918023 11.51261771
v 252.74041663 39.06533092 12.22342313
v 253.90108513 38.54716346 13.84758341
v 253.90108513 38.44363626 15.29973340
v 253.90108513 38.24615786 16.45455538
v 253.90108513 37.96996116 17.51458078
v 253.90108513 37.62052992 18.51343752
v 253.90108513 37.20163060 19.46519599
v 253.90108513 36.71638728 20.37710552
v 253.90108513 36.16762080 21.25325898
v 253.90108513 35.55798370 22.09604872
v 253.90108513 34.89001788 22.90685945
v 253.90108513 34.16617745 23.68643944
v 253.90108513 33.38883392 24.43511717
v 253.90108513 32.56027147 25.15293624
v 253.90108513 31.68267638 25.83974374
v 253.90108513 30.75812241 26.49525074
v 253.90108513 29.78855327 27.11907497
v 253.90108513 28.77576240 27.71077208
v 253.90108513 27.72136986 28.26985891
v 253.90108513 26.62679561 28.79583135
v 253.90108513 25.49322768 29.28817823
v 253.90108513 24.32158319 29.74639234
v 253.90108513 23.11245842 30.16997924
v 253.90108513 21.86606224 30.55846450
v 253.90108513 20.58212332 30.91139960
v 253.90108513 19.25975502 31.22836675
v 253.90108513 17.89724863 31.50898298
v 253.90108513 16.49173978 31.75290347
v 253.90108513 15.03863331 31.95982430
v 253.90108513 13.53052461 32.12948479
v 253.90108513 11.95492461 32.26166924
v 253.90108513 10.28852210 32.35620847
v 253.90108513 8.47722681 32.41298086
v 253.90108513 6.20219469 32.43191315
v 253.90108513 3.92716257 32.41298086
v 253.90108513 2.11586728 32.35620847
v 253.90108513 0.44946477 32.26166924
v 253.90108513 -1.12613522 32.12948479
v 253.90108513 -2.63424393 31.95982430
v 253.90108513 -4.08735040 31.75290347
v 253.90108513 -5.49285925 31.50898298
v 253.90108513 -6.85536564 31.22836675
v 253.90108513 -8.17773394 30.91139960
v 253.90108513 -9.46167286 30.55846450
v 253.90108513 -10.70806904 30.16997924
v 253.90108513 -11.91719380 29.74639234
v 253.90108513 -13.08883829 29.28817823
v 253.90108513 -14.22240623 28.79583135
v 253.90108513 -15.31698048 28.26985891
v 253.90108513 -16.37137302 27.71077208
v 253.90108513 -17.38416389 27.11907497
v 253.90108513 -18.35373303 26.49525074
v 253.90108513 -19.27828700 25.83974374
v 253.90108513 -20.15588209 25.15293624
v 253.90108513 -20.98444453 24.43511717
v 253.90108513 -21.76178807 23.68643944
v 253.90108513 -22.48562850 22.90685945
v 253.90108513 -23.15359432 22.09604872
v 253.90108513 -23.76323142 21.25325898
v 253.90108513 -24.31199790 20.37710552
v 253.90108513 -24.79724122 19.46519599
v 253.90108513 -25.21614054 18.51343752
v 253.90108513 -25.56557177 17.51458078
v 253.90108513 -25.84176848 16.45455538
v 253.90108513 -26.03924687 15.29973340
v 253.90108513 -26.14277408 13.84758341
v 253.90108513 -26.12112332 12.35535855
v 253.90108513 -26.05615357 11.65587711
v 253.90108513 -25.94781192 11.10521466
v 253.90108513 -25.79600846 10.63498358
v 253.90108513 -25.60061375 10.21830246
v 253.90108513 -25.36145498 9.84132398
v 253.90108513 -25.07831091 9.49583868
v 253.90108513 -24.75090530 9.17653495
v 253.90108513 37.15529468 9.17653495
v 253.90108513 37.48270029 9.49583868
v 253.90108513 37.76584436 9.84132398
v 253.90108513 38.00500313 10.21830246
v 253.90108513 38.20039785 10.63498358
v 253.90108513 38.35220130 11.10521466
v 253.90108513 38.46054296 11.65587711
v 253.90108513 38.52551270 12.35535855
v 255.05308065 38.00949641 13.95671973
v 255.05308065 37.90767034 15.38795013
v 255.05308065 37.71366350 16.52505795
v 255.05308065 37.44243446 17.56849067
v 255.05308065 37.09936352 18.55151046
v 255.05308065 36.68814479 19.48803682
v 255.05308065 36.21184149 20.38524450
v 255.05308065 35.67321893 21.24718752
v 255.05308065 35.07487684 22.07623870
v 255.05308065 34.41930606 22.87377466
v 255.05308065 33.70891096 23.64054282
v 255.05308065 32.94601451 24.37687549
v 255.05308065 32.13285370 25.08282320
v 255.05308065 31.27156910 25.75824209
v 255.05308065 30.36419058 26.40285359
v 255.05308065 29.41262007 27.01628666
v 255.05308065 28.41861168 27.59810863
v 255.05308065 27.38374896 28.14784819
v 255.05308065 26.30941862 28.66501303
v 255.05308065 25.19677922 29.14910355
v 255.05308065 24.04672271 29.59962373
v 255.05308065 22.85982522 30.01608984
v 255.05308065 21.63628140 30.39803758
v 255.05308065 20.37581296 30.74502788
v 255.05308065 19.07753526 31.05665168
v 255.05308065 17.73975340 31.33253395
v 255.05308065 16.35963300 31.57233697
v 255.05308065 14.93263267 31.77576307
v 255.05308065 13.45143954 31.94255687
v 255.05308065 11.90372391 32.07250709
v 255.05308065 10.26647572 32.16544797
v 255.05308065 8.48630158 32.22126037
v 255.05308065 6.24823846 32.23987249
v 255.05308065 4.01017535 32.22126037
v 255.05308065 2.23000121 32.16544797
v 255.05308065 0.59275302 32.07250709
v 255.05308065 -0.95496261 31.94255687
v 255.05308065 -2.43615575 31.77576307
v 255.05308065 -3.86315607 31.57233697
v 255.05308065 -5.24327647 31.33253395
v 255.05308065 -6.58105833 31.05665168
v 255.05308065 -7.87933603 30.74502788
v 255.05308065 -9.13980447 30.39803758
v 255.05308065 -10.36334829 30.01608984
v 255.05308065 -11.55024578 29.59962373
v 255.05308065 -12.70030230 29.14910355
v 255.05308065 -13.81294169 28.66501303
v 255.05308065 -14.88727203 28.14784819
v 255.05308065 -15.92213475 27.59810863
v 255.05308065 -16.91614315 27.01628666
v 255.05308065 -17.86771366 26.40285359
v 255.05308065 -18.77509217 25.75824209
v 255.05308065 -19.63637677 25.08282320
v 255.05308065 -20.44953758 24.37687549
v 255.05308065 -21.21243403 23.64054282
v 255.05308065 -21.92282913 22.87377466
v 255.05308065 -22.57839991 22.07623870
v 255.05308065 -23.17674200 21.24718752
v 255.05308065 -23.71536457 20.38524450
v 255.05308065 -24.19166786 19.48803682
v 255.05308065 -24.60288659 18.55151046
v 255.05308065 -24.94595753 17.56849067
v 255.05308065 -25.21718657 16.52505795
v 255.05308065 -25.41119341 15.38795013
v 255.05308065 -25.51301948 13.95671973
v 255.05308065 -25.49175944 12.48867782
v 255.05308065 -25.42796216 11.80053215
v 255.05308065 -25.32157568 11.25879371
v 255.05308065 -25.17251174 10.79618318
v 255.05308065 -24.98064320 10.38625478
v 255.05308065 -24.74580038 10.01538560
v 255.05308065 -24.46776605 9.67549922
v 255.05308065 -24.14626894 9.36137011
v 255.05308065 36.64274587 9.36137011
v 255.05308065 36.96424298 9.67549922
v 255.05308065 37.24227731 10.01538560
v 255.05308065 37.47712013 10.38625478
v 255.05308065 37.66898866 10.79618318
v 255.05308065 37.81805261 11.25879371
v 255.05308065 37.92443909 11.80053215
v 255.05308065 37.98823637 12.48867782
v 256.19635374 37.47866915 14.06645536
v 256.19635374 37.37852474 15.47658944
v 256.19635374 37.18794211 16.59588771
v 256.19635374 36.92160928 17.62265471
v 256.19635374 36.58480473 18.58977762
v 256.19635374 36.18115135 19.51102106
v 256.19635374 35.71365254 20.39348305
v 256.19635374 35.18501900 21.24117731
v 256.19635374 34.59779862 22.05645620
v 256.19635374 33.95443209 22.84068756
v 256.19635374 33.25727491 23.59461739
v 256.19635374 32.50860243 24.31858142
v 256.19635374 31.71060532 25.01263677
v 256.19635374 30.86537933 25.67664833
v 256.19635374 29.97491131 26.31034765
v 256.19635374 29.04106222 26.91337471
v 256.19635374 28.06554764 27.48530834
v 256.19635374 27.04991541 28.02568891
v 256.19635374 25.99551975 28.53403577
v 256.19635374 24.90349041 29.00986075
v 256.19635374 23.77469483 29.45267891
v 256.19635374 22.60968962 29.86201714
v 256.19635374 21.40865579 30.23742118
v 256.19635374 20.17130855 30.57846131
v 256.19635374 18.89676572 30.88473714
v 256.19635374 17.58334658 31.15588153
v 256.19635374 16.22824702 31.39156379
v 256.19635374 14.82697962 31.59149245
v 256.19635374 13.37232328 31.75541741
v 256.19635374 11.85210752 31.88313175
v 256.19635374 10.24362293 31.97447312
v 256.19635374 8.49417184 32.02932482
v 256.19635374 6.29267326 32.04761655
v 256.19635374 4.09117468 32.02932482
v 256.19635374 2.34172358 31.97447312
v 256.19635374 0.73323900 31.88313175
v 256.19635374 -0.78697676 31.75541741
v 256.19635374 -2.24163311 31.59149245
v 256.19635374 -3.64290051 31.39156379
v 256.19635374 -4.99800006 31.15588153
v 256.19635374 -6.31141920 30.88473714
v 256.19635374 -7.58596203 30.57846131
v 256.19635374 -8.82330927 30.23742118
v 256.19635374 -10.02434310 29.86201714
v 256.19635374 -11.18934832 29.45267891
v 256.19635374 -12.31814389 29.00986075
v 256.19635374 -13.41017323 28.53403577
v 256.19635374 -14.46456890 28.02568891
v 256.19635374 -15.48020112 27.48530834
v 256.19635374 -16.45571570 26.91337471
v 256.19635374 -17.38956480 26.31034765
v 256.19635374 -18.28003282 25.67664833
v 256.19635374 -19.12525880 25.01263677
v 256.19635374 -19.92325591 24.31858142
v 256.19635374 -20.67192839 23.59461739
v 256.19635374 -21.36908557 22.84068756
v 256.19635374 -22.01245211 22.05645620
v 256.19635374 -22.59967249 21.24117731
v 256.19635374 -23.12830603 20.39348305
v 256.19635374 -23.59580483 19.51102106
v 256.19635374 -23.99945821 18.58977762
v 256.19635374 -24.33626277 17.62265471
v 256.19635374 -24.60259559 16.59588771
v 256.19635374 -24.79317823 15.47658944
v 256.19635374 -24.89332264 14.06645536
v 256.19635374 -24.87244766 12.62266179
v 256.19635374 -24.80980588 11.94588255
v 256.19635374 -24.70534628 11.41309227
v 256.19635374 -24.55898220 10.95812290
v 256.19635374 -24.37058879 10.55496548
v 256.19635374 -24.13999947 10.19022213
v 256.19635374 -23.86700091 9.85594981
v 256.19635374 -23.55132677 9.54700932
v 256.19635374 36.13667329 9.54700932
v 256.19635374 36.45234743 9.85594981
v 256.19635374 36.72534598 10.19022213
v 256.19635374 36.95593531 10.55496548
v 256.19635374 37.14432871 10.95812290
v 256.19635374 37.29069280 11.41309227
v 256.19635374 37.39515240 11.94588255
v 256.19635374 37.45779418 12.62266179
v 257.33085688 36.93620295 14.17606329
v 257.33085688 36.83778023 15.56488618
v 257.33085688 36.65068772 16.66624971
v 257.33085688 36.38933798 17.67625069
v 257.33085688 36.05890609 18.62739118
v 257.33085688 35.66294277 19.53327655
v 257.33085688 35.20439084 20.40092566
v 257.33085688 34.68590572 21.23431047
v 257.33085688 34.10998286 22.03576181
v 257.33085688 33.47901225 22.80663803
v 257.33085688 32.79530005 23.54768315
v 257.33085688 32.06107353 24.25923586
v 257.33085688 31.27847660 24.94135956
v 257.33085688 30.44955986 25.59392757
v 257.33085688 29.57626676 26.21668133
v 257.33085688 28.66041704 26.80927165
v 257.33085688 27.70368756 27.37128865
v 257.33085688 26.70759027 27.90228427
v 257.33085688 25.67344684 28.40178936
v 257.33085688 24.60235826 28.86932709
v 257.33085688 23.49516760 29.30442349
v 257.33085688 22.35241220 29.70661598
v 257.33085688 21.17425989 30.07546023
v 257.33085688 19.96042005 30.41053585
v 257.33085688 18.71001393 30.71145104
v 257.33085688 17.42137634 30.97784647
v 257.33085688 16.09173541 31.20939847
v 257.33085688 14.71666051 31.40582171
v 257.33085688 13.28902665 31.56687135
v 257.33085688 11.79682964 31.69234479
v 257.33085688 10.21767372 31.78208308
v 257.33085688 8.49958702 31.83597196
v 257.33085688 6.33555657 31.85394259
v 257.33085688 4.17152612 31.83597196
v 257.33085688 2.45343943 31.78208308
v 257.33085688 0.87428350 31.69234479
v 257.33085688 -0.61791350 31.56687135
v 257.33085688 -2.04554736 31.40582171
v 257.33085688 -3.42062226 31.20939847
v 257.33085688 -4.75026320 30.97784647
v 257.33085688 -6.03890078 30.71145104
v 257.33085688 -7.28930690 30.41053585
v 257.33085688 -8.50314674 30.07546023
v 257.33085688 -9.68129906 29.70661598
v 257.33085688 -10.82405446 29.30442349
v 257.33085688 -11.93124512 28.86932709
v 257.33085688 -13.00233369 28.40178936
v 257.33085688 -14.03647713 27.90228427
v 257.33085688 -15.03257441 27.37128865
v 257.33085688 -15.98930390 26.80927165
v 257.33085688 -16.90515361 26.21668133
v 257.33085688 -17.77844671 25.59392757
v 257.33085688 -18.60736346 24.94135956
v 257.33085688 -19.38996038 24.25923586
v 257.33085688 -20.12418691 23.54768315
v 257.33085688 -20.80789910 22.80663803
v 257.33085688 -21.43886971 22.03576181
v 257.33085688 -22.01479258 21.23431047
v 257.33085688 -22.53327770 20.40092566
v 257.33085688 -22.99182963 19.53327655
v 257.33085688 -23.38779294 18.62739118
v 257.33085688 -23.71822484 17.67625069
v 257.33085688 -23.97957457 16.66624971
v 257.33085688 -24.16666709 15.56488618
v 257.33085688 -24.26508981 14.17606329
v 257.33085688 -24.24460665 12.75662168
v 257.33085688 -24.18314063 12.09125744
v 257.33085688 -24.08064170 11.56745354
v 257.33085688 -23.93702481 11.12015798
v 257.33085688 -23.75216748 10.72380047
v 257.33085688 -23.52590623 10.36520912
v 257.33085688 -23.25803176 10.03657485
v 257.33085688 -22.94828271 9.73284516
v 257.33085688 35.61939585 9.73284516
v 257.33085688 35.92914490 10.03657485
v 257.33085688 36.19701938 10.36520912
v 257.33085688 36.42328063 10.72380047
v 257.33085688 36.60813796 11.12015798
v 257.33085688 36.75175485 11.56745354
v 257.33085688 36.85425378 12.09125744
v 257.33085688 36.91571979 12.75662168
v 258.45654449 36.36632202 14.28484861
v 258.45654449 36.26971220 15.65210923
v 258.45654449 36.08627267 16.73538457
v 258.45654449 35.83012813 17.72849343
v 258.45654449 35.50634608 18.66354168
v 258.45654449 35.11840225 19.55397075
v 258.45654449 34.66917658 20.40671771
v 258.45654449 34.16126721 21.22571117
v 258.45654449 33.59711525 22.01325934
v 258.45654449 32.97905825 22.77071028
v 258.45654449 32.30935135 23.49880548
v 258.45654449 31.59017209 24.19788614
v 258.45654449 30.82361616 24.86802157
v 258.45654449 30.01168752 25.50909323
v 258.45654449 29.15628495 26.12085225
v 258.45654449 28.25918576 26.70296003
v 258.45654449 27.32202697 27.25501787
v 258.45654449 26.34628378 27.77658910
v 258.45654449 25.33324453 28.26721597
v 258.45654449 24.28398093 28.72643287
v 258.45654449 23.19931139 29.15377673
v 258.45654449 22.07975401 29.54879540
v 258.45654449 20.92546379 29.91105444
v 258.45654449 19.73614513 30.24014270
v 258.45654449 18.51092414 30.53567693
v 258.45654449 17.24815341 30.79730558
v 258.45654449 15.94509669 31.02471194
v 258.45654449 14.59738537 31.21761681
v 258.45654449 13.19799862 31.37578055
v 258.45654449 11.73511192 31.49900489
v 258.45654449 10.18666786 31.58713426
v 258.45654449 8.50147782 31.64005682
v 258.45654449 6.37694455 31.65770518
v 258.45654449 4.25241128 31.64005682
v 258.45654449 2.56722125 31.58713426
v 258.45654449 1.01877719 31.49900489
v 258.45654449 -0.44410951 31.37578055
v 258.45654449 -1.84349626 31.21761681
v 258.45654449 -3.19120759 31.02471194
v 258.45654449 -4.49426430 30.79730558
v 258.45654449 -5.75703503 30.53567693
v 258.45654449 -6.98225602 30.24014270
v 258.45654449 -8.17157468 29.91105444
v 258.45654449 -9.32586490 29.54879540
v 258.45654449 -10.44542229 29.15377673
v 258.45654449 -11.53009182 28.72643287
v 258.45654449 -12.57935542 28.26721597
v 258.45654449 -13.59239467 27.77658910
v 258.45654449 -14.56813786 27.25501787
v 258.45654449 -15.50529665 26.70296003
v 258.45654449 -16.40239584 26.12085225
v 258.45654449 -17.25779841 25.50909323
v 258.45654449 -18.06972705 24.86802157
v 258.45654449 -18.83628298 24.19788614
v 258.45654449 -19.55546224 23.49880548
v 258.45654449 -20.22516915 22.77071028
v 258.45654449 -20.84322614 22.01325934
v 258.45654449 -21.40737810 21.22571117
v 258.45654449 -21.91528747 20.40671771
v 258.45654449 -22.36451314 19.55397075
v 258.45654449 -22.75245697 18.66354168
v 258.45654449 -23.07623902 17.72849343
v 258.45654449 -23.33238356 16.73538457
v 258.45654449 -23.51582309 15.65210923
v 258.45654449 -23.61243291 14.28484861
v 258.45654449 -23.59235891 12.88989873
v 258.45654449 -23.53212073 12.23601501
v 258.45654449 -23.43166928 11.72124908
v 258.45654449 -23.29092124 11.28167137
v 258.45654449 -23.10975656 10.89215281
v 258.45654449 -22.88801504 10.53974877
v 258.45654449 -22.62549154 10.21678491
v 258.45654449 -22.32192994 9.91829592
v 258.45654449 35.07581904 9.91829592
v 258.45654449 35.37938064 10.21678491
v 258.45654449 35.64190414 10.53974877
v 258.45654449 35.86364567 10.89215281
v 258.45654449 36.04481035 11.28167137
v 258.45654449 36.18555839 11.72124908
v 258.45654449 36.28600983 12.23601501
v 258.45654449 36.34624802 12.88989873
v 259.57337295 35.76994671 14.39214810
v 259.57337295 35.67523862 15.73756111
v 259.57337295 35.49560983 16.80256811
v 259.57337295 35.24488527 17.77863434
v 259.57337295 34.92802077 18.69745763
v 259.57337295 34.54841440 19.57231035
v 259.57337295 34.10888104 20.41004504
v 259.57337295 33.61195958 21.21454523
v 259.57337295 33.06003503 21.98809536
v 259.57337295 32.45539079 22.73203240
v 259.57337295 31.80022934 23.44709468
v 259.57337295 31.09667703 24.13362549
v 259.57337295 30.34677982 24.79169965
v 259.57337295 29.55249372 25.42120654
v 259.57337295 28.71567157 26.02190670
v 259.57337295 27.83804709 26.59347197
v 259.57337295 26.92121649 27.13551464
v 259.57337295 25.96661731 27.64760931
v 259.57337295 24.97550390 28.12930953
v 259.57337295 23.94891822 28.58016083
v 259.57337295 22.88765374 28.99971095
v 259.57337295 21.79220938 29.38751808
v 259.57337295 20.66272771 29.74315764
v 259.57337295 19.49890901 30.06622767
v 259.57337295 18.29988567 30.35635342
v 259.57337295 17.06403031 30.61319108
v 259.57337295 15.78864570 30.83643089
v 259.57337295 14.46943030 31.02579971
v 259.57337295 13.09947546 31.18106314
v 259.57337295 11.66714945 31.30202718
v 259.57337295 10.15075765 31.38853964
v 259.57337295 8.49995118 31.44049108
v 259.57337295 6.41689200 31.45781557
v 259.57337295 4.33383281 31.44049108
v 259.57337295 2.68302634 31.38853964
v 259.57337295 1.16663454 31.30202718
v 259.57337295 -0.26569146 31.18106314
v 259.57337295 -1.63564631 31.02579971
v 259.57337295 -2.95486170 30.83643089
v 259.57337295 -4.23024632 30.61319108
v 259.57337295 -5.46610168 30.35635342
v 259.57337295 -6.66512502 30.06622767
v 259.57337295 -7.82894372 29.74315764
v 259.57337295 -8.95842538 29.38751808
v 259.57337295 -10.05386975 28.99971095
v 259.57337295 -11.11513422 28.58016083
v 259.57337295 -12.14171991 28.12930953
v 259.57337295 -13.13283331 27.64760931
v 259.57337295 -14.08743249 27.13551464
v 259.57337295 -15.00426310 26.59347197
v 259.57337295 -15.88188758 26.02190670
v 259.57337295 -16.71870973 25.42120654
v 259.57337295 -17.51299583 24.79169965
v 259.57337295 -18.26289303 24.13362549
v 259.57337295 -18.96644535 23.44709468
v 259.57337295 -19.62160679 22.73203240
v 259.57337295 -20.22625104 21.98809536
v 259.57337295 -20.77817559 21.21454523
v 259.57337295 -21.27509705 20.41004504
v 259.57337295 -21.71463041 19.57231035
v 259.57337295 -22.09423677 18.69745763
v 259.57337295 -22.41110128 17.77863434
v 259.57337295 -22.66182584 16.80256811
v 259.57337295 -22.84145462 15.73756111
v 259.57337295 -22.93616272 14.39214810
v 259.57337295 -22.91651466 13.02186392
v 259.57337295 -22.85755462 12.37954225
v 259.57337295 -22.75923458 11.87387847
v 259.57337295 -22.62147297 11.44207344
v 259.57337295 -22.44415229 11.05944240
v 259.57337295 -22.22711574 10.71326961
v 259.57337295 -21.97016253 10.39601644
v 259.57337295 -21.67304199 10.10280537
v 259.57337295 34.50682598 10.10280537
v 259.57337295 34.80394653 10.39601644
v 259.57337295 35.06089973 10.71326961
v 259.57337295 35.27793629 11.05944240
v 259.57337295 35.45525696 11.44207344
v 259.57337295 35.59301857 11.87387847
v 259.57337295 35.69133861 12.37954225
v 259.57337295 35.75029865 13.02186392
v 260.68130061 35.14986578 14.49732996
v 260.68130061 35.05713975 15.82057765
v 260.68130061 34.88146294 16.86711099
v 260.68130061 34.63634978 17.82596108
v 260.68130061 34.32664094 18.72840508
v 260.68130061 33.95565441 19.58754086
v 260.68130061 33.52613811 20.41013351
v 260.68130061 33.04056998 21.20001963
v 260.68130061 32.50127738 21.95945873
v 260.68130061 31.91048805 22.68977580
v 260.68130061 31.27035049 23.39170543
v 260.68130061 30.58293847 24.06559249
v 260.68130061 29.85024703 24.71151701
v 260.68130061 29.07418303 25.32937595
v 260.68130061 28.25655230 25.91893908
v 260.68130061 27.39904402 26.47988847
v 260.68130061 26.50321273 27.01184728
v 260.68130061 25.57045759 27.51440125
v 260.68130061 24.60199843 27.98711514
v 260.68130061 23.59884703 28.42954552
v 260.68130061 22.56177183 28.84125085
v 260.68130061 21.49125263 29.22179968
v 260.68130061 20.38742004 29.57077717
v 260.68130061 19.24997102 29.88779054
v 260.68130061 18.07804567 30.17247349
v 260.68130061 16.87003871 30.42448995
v 260.68130061 15.62329511 30.64353706
v 260.68130061 14.33358519 30.82934775
v 260.68130061 12.99411986 30.98169280
v 260.68130061 11.59347242 31.10038252
v 260.68130061 10.11033355 31.18526805
v 260.68130061 8.49524660 31.23624237
v 260.68130061 6.45545235 31.25324099
v 260.68130061 4.41565809 31.23624237
v 260.68130061 2.80057114 31.18526805
v 260.68130061 1.31743227 31.10038252
v 260.68130061 -0.08321517 30.98169280
v 260.68130061 -1.42268050 30.82934775
v 260.68130061 -2.71239042 30.64353706
v 260.68130061 -3.95913402 30.42448995
v 260.68130061 -5.16714098 30.17247349
v 260.68130061 -6.33906633 29.88779054
v 260.68130061 -7.47651535 29.57077717
v 260.68130061 -8.58034794 29.22179968
v 260.68130061 -9.65086714 28.84125085
v 260.68130061 -10.68794234 28.42954552
v 260.68130061 -11.69109374 27.98711514
v 260.68130061 -12.65955290 27.51440125
v 260.68130061 -13.59230804 27.01184728
v 260.68130061 -14.48813933 26.47988847
v 260.68130061 -15.34564761 25.91893908
v 260.68130061 -16.16327834 25.32937595
v 260.68130061 -16.93934234 24.71151701
v 260.68130061 -17.67203378 24.06559249
v 260.68130061 -18.35944580 23.39170543
v 260.68130061 -18.99958336 22.68977580
v 260.68130061 -19.59037269 21.95945873
v 260.68130061 -20.12966529 21.20001963
v 260.68130061 -20.61523342 20.41013351
v 260.68130061 -21.04474972 19.58754086
v 260.68130061 -21.41573625 18.72840508
v 260.68130061 -21.72544509 17.82596108
v 260.68130061 -21.97055825 16.86711099
v 260.68130061 -22.14623506 15.82057765
v 260.68130061 -22.23896109 14.49732996
v 260.68130061 -22.21975390 13.15191761
v 260.68130061 -22.16211684 12.52125463
v 260.68130061 -22.06600297 12.02476908
v 260.68130061 -21.93133253 11.60080167
v 260.68130061 -21.75799068 11.22511571
v 260.68130061 -21.54582412 10.88522625
v 260.68130061 -21.29463659 10.57373151
v 260.68130061 -21.00418301 10.28584246
v 260.68130061 33.91508770 10.28584246
v 260.68130061 34.20554128 10.57373151
v 260.68130061 34.45672881 10.88522625
v 260.68130061 34.66889537 11.22511571
v 260.68130061 34.84223722 11.60080167
v 260.68130061 34.97690766 12.02476908
v 260.68130061 35.07302153 12.52125463
v 260.68130061 35.13065859 13.15191761
v 261.78028777 34.50920124 14.59979335
v 261.78028777 34.41852799 15.90052757
v 261.78028777 34.24692572 16.92835824
v 261.78028777 34.00758923 17.86979710
v 261.78028777 33.70524093 18.75568717
v 261.78028777 33.34311678 19.59894613
v 261.78028777 32.92389606 20.40624849
v 261.78028777 32.44999440 21.18138204
v 261.78028777 31.92368014 21.92658007
v 261.78028777 31.34712422 22.64315474
v 261.78028777 30.72241992 23.33183625
v 261.78028777 30.05158741 23.99297058
v 261.78028777 29.33656973 24.62664260
v 261.78028777 28.57922368 25.23275658
v 261.78028777 27.78130720 25.81109129
v 261.78028777 26.94446415 26.36133888
v 261.78028777 26.07020670 26.88313322
v 261.78028777 25.15989512 27.37607110
v 261.78028777 24.21471426 27.83972837
v 261.78028777 23.23564550 28.27367258
v 261.78028777 22.22343216 28.67747290
v 261.78028777 21.17853512 29.05070811
v 261.78028777 20.10107347 29.39297313
v 261.78028777 18.99074170 29.70388431
v 261.78028777 17.84668889 29.98308379
v 261.78028777 16.66733387 30.23024318
v 261.78028777 15.45006671 30.44506654
v 261.78028777 14.19073395 30.62729284
v 261.78028777 12.88267277 30.77669806
v 261.78028777 11.51467262 30.89309676
v 261.78028777 10.06582997 30.97634344
v 261.78028777 8.48762792 31.02633349
v 261.78028777 6.49267770 31.04300385
v 261.78028777 4.49772748 31.02633349
v 261.78028777 2.91952543 30.97634344
v 261.78028777 1.47068278 30.89309676
v 261.78028777 0.10268263 30.77669806
v 261.78028777 -1.20537855 30.62729284
v 261.78028777 -2.46471131 30.44506654
v 261.78028777 -3.68197847 30.23024318
v 261.78028777 -4.86133349 29.98308379
v 261.78028777 -6.00538630 29.70388431
v 261.78028777 -7.11571808 29.39297313
v 261.78028777 -8.19317972 29.05070811
v 261.78028777 -9.23807676 28.67747290
v 261.78028777 -10.25029010 28.27367258
v 261.78028777 -11.22935886 27.83972837
v 261.78028777 -12.17453972 27.37607110
v 261.78028777 -13.08485130 26.88313322
v 261.78028777 -13.95910875 26.36133888
v 261.78028777 -14.79595180 25.81109129
v 261.78028777 -15.59386828 25.23275658
v 261.78028777 -16.35121433 24.62664260
v 261.78028777 -17.06623201 23.99297058
v 261.78028777 -17.73706452 23.33183625
v 261.78028777 -18.36176882 22.64315474
v 261.78028777 -18.93832475 21.92658007
v 261.78028777 -19.46463900 21.18138204
v 261.78028777 -19.93854066 20.40624849
v 261.78028777 -20.35776138 19.59894613
v 261.78028777 -20.71988553 18.75568717
v 261.78028777 -21.02223384 17.86979710
v 261.78028777 -21.26157032 16.92835824
v 261.78028777 -21.43317259 15.90052757
v 261.78028777 -21.52384584 14.59979335
v 261.78028777 -21.50509241 13.27948921
v 261.78028777 -21.44881700 12.66059573
v 261.78028777 -21.35497376 12.17337564
v 261.78028777 -21.22348484 11.75732036
v 261.78028777 -21.05423810 11.38864549
v 261.78028777 -20.84708386 11.05509908
v 261.78028777 -20.60183049 10.74941748
v 261.78028777 -20.31823872 10.46690105
v 261.78028777 33.30359412 10.46690105
v 261.78028777 33.58718589 10.74941748
v 261.78028777 33.83243926 11.05509908
v 261.78028777 34.03959350 11.38864549
v 261.78028777 34.20884024 11.75732036
v 261.78028777 34.34032916 12.17337564
v 261.78028777 34.43417240 12.66059573
v 261.78028777 34.49044781 13.27948921
v 262.87029674 33.84523884 14.70088065
v 262.87029674 33.75669783 15.97862771
v 262.87029674 33.58930888 16.98742794
v 262.87029674 33.35593675 17.91117006
v 262.87029674 33.06118214 18.78024656
v 262.87029674 32.70819664 19.60738792
v 262.87029674 32.29958909 20.39917432
v 262.87029674 31.83771111 21.15934248
v 262.87029674 31.32477056 21.89009797
v 262.87029674 30.76288011 22.59273912
v 262.87029674 30.15407651 23.26799102
v 262.87029674 29.50032502 23.91620028
v 262.87029674 28.80351554 24.53745620
v 262.87029674 28.06545364 25.13167013
v 262.87029674 27.28784836 25.69862962
v 262.87029674 26.47229731 26.23803675
v 262.87029674 25.62026951 26.74953602
v 262.87029674 24.73308564 27.23273516
v 262.87029674 23.81189505 27.68722111
v 262.87029674 22.85764839 28.11257235
v 262.87029674 21.87106374 28.50836871
v 262.87029674 20.85258319 28.87419924
v 262.87029674 19.80231478 29.20966860
v 262.87029674 18.71995139 29.51440226
v 262.87029674 17.60465251 29.78805083
v 262.87029674 16.45486319 30.03029362
v 262.87029674 15.26802179 30.24084159
v 262.87029674 14.04005587 30.41943980
v 262.87029674 12.76443628 30.56586939
v 262.87029674 11.43018083 30.67994924
v 262.87029674 10.01681440 30.76153718
v 262.87029674 8.47681235 30.81053101
v 262.87029674 6.52847762 30.82686914
v 262.87029674 4.58014289 30.81053101
v 262.87029674 3.04014083 30.76153718
v 262.87029674 1.62677440 30.67994924
v 262.87029674 0.29251896 30.56586939
v 262.87029674 -0.98310063 30.41943980
v 262.87029674 -2.21106655 30.24084159
v 262.87029674 -3.39790795 30.03029362
v 262.87029674 -4.54769727 29.78805083
v 262.87029674 -5.66299616 29.51440226
v 262.87029674 -6.74535955 29.20966860
v 262.87029674 -7.79562796 28.87419924
v 262.87029674 -8.81410850 28.50836871
v 262.87029674 -9.80069315 28.11257235
v 262.87029674 -10.75493981 27.68722111
v 262.87029674 -11.67613040 27.23273516
v 262.87029674 -12.56331428 26.74953602
v 262.87029674 -13.41534208 26.23803675
v 262.87029674 -14.23089313 25.69862962
v 262.87029674 -15.00849841 25.13167013
v 262.87029674 -15.74656030 24.53745620
v 262.87029674 -16.44336979 23.91620028
v 262.87029674 -17.09712127 23.26799102
v 262.87029674 -17.70592487 22.59273912
v 262.87029674 -18.26781533 21.89009797
v 262.87029674 -18.78075588 21.15934248
v 262.87029674 -19.24263385 20.39917432
v 262.87029674 -19.65124140 19.60738792
v 262.87029674 -20.00422690 18.78024656
v 262.87029674 -20.29898151 17.91117006
v 262.87029674 -20.53235364 16.98742794
v 262.87029674 -20.69974259 15.97862771
v 262.87029674 -20.78828360 14.70088065
v 262.87029674 -20.76999857 13.40604779
v 262.87029674 -20.71512874 12.79909398
v 262.87029674 -20.62362940 12.32127334
v 262.87029674 -20.49542465 11.91324458
v 262.87029674 -20.33040515 11.55168218
v 262.87029674 -20.12842495 11.22457054
v 262.87029674 -19.88929722 10.92478614
v 262.87029674 -19.61278866 10.64772001
v 262.87029674 32.66974389 10.64772001
v 262.87029674 32.94625246 10.92478614
v 262.87029674 33.18538019 11.22457054
v 262.87029674 33.38736038 11.55168218
v 262.87029674 33.55237989 11.91324458
v 262.87029674 33.68058464 12.32127334
v 262.87029674 33.77208398 12.79909398
v 262.87029674 33.82695381 13.40604779
v 263.95129181 33.14674409 14.80408765
v 263.95129181 33.06045089 16.05820906
v 263.95129181 32.89748193 17.04752160
v 263.95129181 32.67035632 17.95316309
v 263.95129181 32.38354773 18.80505508
v 263.95129181 32.04011982 19.61573218
v 263.95129181 31.64260807 20.39167564
v 263.95129181 31.19329751 21.13656832
v 263.95129181 30.69433312 21.85258633
v 263.95129181 30.14776703 22.54101299
v 263.95129181 29.55557730 23.20256746
v 263.95129181 28.91967225 23.83759643
v 263.95129181 28.24188663 24.44619327
v 263.95129181 27.52397300 25.02827610
v 263.95129181 26.76758976 25.58364112
v 263.95129181 25.97428671 26.11200021
v 263.95129181 25.14548832 26.61300843
v 263.95129181 24.28247448 27.08628448
v 263.95129181 23.38635809 27.53142634
v 263.95129181 22.45805835 27.94802345
v 263.95129181 21.49826769 28.33566635
v 263.95129181 20.50740941 28.69395440
v 263.95129181 19.48558089 29.02250205
v 263.95129181 18.43247446 29.32094396
v 263.95129181 17.34726174 29.58893923
v 263.95129181 16.22841684 29.82617494
v 263.95129181 15.07343065 30.03236900
v 263.95129181 13.87831819 30.20727258
v 263.95129181 12.63669416 30.35067207
v 263.95129181 11.33782147 30.46239064
v 263.95129181 9.96168450 30.54228953
v 263.95129181 8.46182303 30.59026895
v 263.95129181 6.56267048 30.60626879
v 263.95129181 4.66351793 30.59026895
v 263.95129181 3.16365647 30.54228953
v 263.95129181 1.78751949 30.46239064
v 263.95129181 0.48864681 30.35067207
v 263.95129181 -0.75297723 30.20727258
v 263.95129181 -1.94808968 30.03236900
v 263.95129181 -3.10307588 29.82617494
v 263.95129181 -4.22192078 29.58893923
v 263.95129181 -5.30713350 29.32094396
v 263.95129181 -6.36023993 29.02250205
v 263.95129181 -7.38206844 28.69395440
v 263.95129181 -8.37292673 28.33566635
v 263.95129181 -9.33271738 27.94802345
v 263.95129181 -10.26101713 27.53142634
v 263.95129181 -11.15713352 27.08628448
v 263.95129181 -12.02014736 26.61300843
v 263.95129181 -12.84894575 26.11200021
v 263.95129181 -13.64224880 25.58364112
v 263.95129181 -14.39863204 25.02827610
v 263.95129181 -15.11654567 24.44619327
v 263.95129181 -15.79433129 23.83759643
v 263.95129181 -16.43023634 23.20256746
v 263.95129181 -17.02242606 22.54101299
v 263.95129181 -17.56899216 21.85258633
v 263.95129181 -18.06795655 21.13656832
v 263.95129181 -18.51726711 20.39167564
v 263.95129181 -18.91477886 19.61573218
v 263.95129181 -19.25820677 18.80505508
v 263.95129181 -19.54501536 17.95316309
v 263.95129181 -19.77214097 17.04752160
v 263.95129181 -19.93510993 16.05820906
v 263.95129181 -20.02140313 14.80408765
v 263.95129181 -20.00360854 13.53525483
v 263.95129181 -19.95021042 12.94048856
v 263.95129181 -19.86116527 12.47226248
v 263.95129181 -19.73639921 12.07242688
v 263.95129181 -19.57580585 11.71812459
v 263.95129181 -19.37924315 11.39758131
v 263.95129181 -19.14652928 11.10381653
v 263.95129181 -18.87743720 10.83231385
v 263.95129181 -18.57168778 10.57997148
v 263.95129181 32.00277816 10.83231385
v 263.95129181 32.27187024 11.10381653
v 263.95129181 32.50458411 11.39758131
v 263.95129181 32.70114681 11.71812459
v 263.95129181 32.86174018 12.07242688
v 263.95129181 32.98650623 12.47226248
v 263.95129181 33.07555138 12.94048856
v 263.95129181 33.12894950 13.53525483
v 265.02323925 32.41166031 14.90916068
v 265.02323925 32.32773806 16.13909925
v 265.02323925 32.16940948 17.10853167
v 265.02323925 31.94883143 17.99572816
v 265.02323925 31.67034487 18.83012076
v 265.02323925 31.33692172 19.62404036
v 265.02323925 30.95102099 20.38386506
v 265.02323925 30.51485836 21.11322135
v 265.02323925 30.03051336 21.81425424
v 265.02323925 29.49997515 22.48823091
v 265.02323925 28.92516081 23.13586387
v 265.02323925 28.30791948 23.75749932
v 265.02323925 27.65002869 24.35323432
v 265.02323925 26.95318600 24.92299353
v 265.02323925 26.21899735 25.46658156
v 265.02323925 25.44896305 25.98372000
v 265.02323925 24.64446152 26.47407439
v 265.02323925 23.80673058 26.93727430
v 265.02323925 22.93684561 27.37292876
v 265.02323925 22.03569360 27.78063818
v 265.02323925 21.10394090 28.16000381
v 265.02323925 20.14199195 28.51063532
v 265.02323925 19.14993397 28.83215698
v 265.02323925 18.12745974 29.12421265
v 265.02323925 17.07375492 29.38647000
v 265.02323925 15.98732560 29.61862386
v 265.02323925 14.86571972 29.82039915
v 265.02323925 13.70504667 29.99155318
v 265.02323925 12.49907566 30.13187758
v 265.02323925 11.23733258 30.24119987
v 265.02323925 9.90029426 30.31938469
v 265.02323925 8.44264163 30.36633469
v 265.02323925 6.59540458 30.38199122
v 265.02323925 4.74816752 30.36633469
v 265.02323925 3.29051489 30.31938469
v 265.02323925 1.95347657 30.24119987
v 265.02323925 0.69173350 30.13187758
v 265.02323925 -0.51423751 29.99155318
v 265.02323925 -1.67491057 29.82039915
v 265.02323925 -2.79651645 29.61862386
v 265.02323925 -3.88294577 29.38647000
v 265.02323925 -4.93665058 29.12421265
v 265.02323925 -5.95912482 28.83215698
v 265.02323925 -6.95118280 28.51063532
v 265.02323925 -7.91313174 28.16000381
v 265.02323925 -8.84488444 27.78063818
v 265.02323925 -9.74603646 27.37292876
v 265.02323925 -10.61592142 26.93727430
v 265.02323925 -11.45365237 26.47407439
v 265.02323925 -12.25815389 25.98372000
v 265.02323925 -13.02818819 25.46658156
v 265.02323925 -13.76237684 24.92299353
v 265.02323925 -14.45921953 24.35323432
v 265.02323925 -15.11711032 23.75749932
v 265.02323925 -15.73435165 23.13586387
v 265.02323925 -16.30916599 22.48823091
v 265.02323925 -16.83970420 21.81425424
v 265.02323925 -17.32404921 21.11322135
v 265.02323925 -17.76021183 20.38386506
v 265.02323925 -18.14611257 19.62404036
v 265.02323925 -18.47953571 18.83012076
v 265.02323925 -18.75802227 17.99572816
v 265.02323925 -18.97860033 17.10853167
v 265.02323925 -19.13692890 16.13909925
v 265.02323925 -19.22085116 14.90916068
v 265.02323925 -19.20357052 13.66677300
v 265.02323925 -19.15171468 13.08440291
v 265.02323925 -19.06524139 12.62593565
v 265.02323925 -18.94407890 12.23443346
v 265.02323925 -18.78812390 11.88751557
v 265.02323925 -18.59723844 11.57365308
v 265.02323925 -18.37124596 11.28601098
v 265.02323925 -18.10992597 11.02016698
v 265.02323925 -17.81300740 10.77308396
v 265.02323925 31.00381655 10.77308396
v 265.02323925 31.30073512 11.02016698
v 265.02323925 31.56205512 11.28601098
v 265.02323925 31.78804760 11.57365308
v 265.02323925 31.97893305 11.88751557
v 265.02323925 32.13488806 12.23443346
v 265.02323925 32.25605054 12.62593565
v 265.02323925 32.34252384 13.08440291
v 265.02323925 32.39437968 13.66677300
v 266.08610736 31.63797079 15.01574147
v 266.08610736 31.55655005 16.22102534
v 266.08610736 31.40309577 17.17025294
v 266.08610736 31.18938489 18.03872210
v 266.08610736 30.91961966 18.85535883
v 266.08610736 30.59667620 19.63228330
v 266.08610736 30.22293374 20.37576666
v 266.08610736 29.80053568 21.08937676
v 266.08610736 29.33149336 21.77522601
v 266.08610736 28.81773042 22.43456447
v 266.08610736 28.26110046 23.06809724
v 266.08610736 27.66339109 23.67616953
v 266.08610736 27.02632043 24.25888173
v 266.08610736 26.35152889 24.81616474
v 266.08610736 25.64056802 25.34783140
v 266.08610736 24.89488685 25.85361286
v 266.08610736 24.11581615 26.33318500
v 266.08610736 23.30455027 26.78618824
v 266.08610736 22.46212597 27.21224257
v 266.08610736 21.58939719 27.61095934
v 266.08610736 20.68700372 27.98195048
v 266.08610736 19.75533109 28.32483599
v 266.08610736 18.79445680 28.63924993
v 266.08610736 17.80407522 28.92484539
v 266.08610736 16.78338800 29.18129858
v 266.08610736 15.73093633 29.40831212
v 266.08610736 14.64432995 29.60561794
v 266.08610736 13.51977987 29.77297949
v 266.08610736 12.35122120 29.91019366
v 266.08610736 11.12846160 30.01709234
v 266.08610736 9.83250529 30.09354355
v 266.08610736 8.41925542 30.13945241
v 266.08610736 6.62683150 30.15476173
v 266.08610736 4.83440758 30.13945241
v 266.08610736 3.42115772 30.09354355
v 266.08610736 2.12520141 30.01709234
v 266.08610736 0.90244181 29.91019366
v 266.08610736 -0.26611686 29.77297949
v 266.08610736 -1.39066694 29.60561794
v 266.08610736 -2.47727332 29.40831212
v 266.08610736 -3.52972499 29.18129858
v 266.08610736 -4.55041221 28.92484539
v 266.08610736 -5.54079379 28.63924993
v 266.08610736 -6.50166808 28.32483599
v 266.08610736 -7.43334071 27.98195048
v 266.08610736 -8.33573418 27.61095934
v 266.08610736 -9.20846297 27.21224257
v 266.08610736 -10.05088726 26.78618824
v 266.08610736 -10.86215315 26.33318500
v 266.08610736 -11.64122385 25.85361286
v 266.08610736 -12.38690502 25.34783140
v 266.08610736 -13.09786589 24.81616474
v 266.08610736 -13.77265742 24.25888173
v 266.08610736 -14.40972809 23.67616953
v 266.08610736 -15.00743745 23.06809724
v 266.08610736 -15.56406741 22.43456447
v 266.08610736 -16.07783036 21.77522601
v 266.08610736 -16.54687268 21.08937676
v 266.08610736 -16.96927073 20.37576666
v 266.08610736 -17.34301319 19.63228330
v 266.08610736 -17.66595665 18.85535883
v 266.08610736 -17.93572188 18.03872210
v 266.08610736 -18.14943277 17.17025294
v 266.08610736 -18.30288705 16.22102534
v 266.08610736 -18.38430778 15.01574147
v 266.08610736 -18.36756607 13.80015702
v 266.08610736 -18.31732742 13.23035096
v 266.08610736 -18.23355092 12.78177465
v 266.08610736 -18.11616706 12.39871872
v 266.08610736 -17.96507573 12.05928522
v 266.08610736 -17.78014331 11.75219399
v 266.08610736 -17.56119872 11.47075747
v 266.08610736 -17.30802836 11.21064878
v 266.08610736 -17.02036962 10.96889632
v 266.08610736 30.27403263 10.96889632
v 266.08610736 30.56169137 11.21064878
v 266.08610736 30.81486173 11.47075747
v 266.08610736 31.03380632 11.75219399
v 266.08610736 31.21873874 12.05928522
v 266.08610736 31.36983007 12.39871872
v 266.08610736 31.48721393 12.78177465
v 266.08610736 31.57099043 13.23035096
v 266.08610736 31.62122907 13.80015702
v 267.13986645 30.82325111 15.12365328
v 267.13986645 30.74447125 16.30382476
v 267.13986645 30.59614115 17.23253420
v 267.13986645 30.38963905 18.08200413
v 267.13986645 30.12902205 18.88063836
v 267.13986645 29.81706613 19.64033940
v 267.13986645 29.45606721 20.36726779
v 267.13986645 29.04809327 21.06493048
v 267.13986645 28.59508451 21.73540582
v 267.13986645 28.09889628 22.37992574
v 267.13986645 27.56131607 22.99918725
v 267.13986645 26.98406747 23.59353406
v 267.13986645 26.36880673 24.16306948
v 267.13986645 25.71711490 24.70773040
v 267.13986645 25.03048702 25.22733769
v 267.13986645 24.31031891 25.72163188
v 267.13986645 23.55789197 26.19029913
v 267.13986645 22.77435560 26.63299057
v 267.13986645 21.96070673 27.04933715
v 267.13986645 21.11776532 27.43896108
v 267.13986645 20.24614409 27.80148497
v 267.13986645 19.34620960 28.13653911
v 267.13986645 18.41803009 28.44376737
v 267.13986645 17.46130268 28.72283206
v 267.13986645 16.47524709 28.97341792
v 267.13986645 15.45844291 29.19523539
v 267.13986645 14.40856674 29.38802339
v 267.13986645 13.32193890 29.55155153
v 267.13986645 12.19267247 29.68562198
v 267.13986645 11.01087693 29.79007098
v 267.13986645 9.75812097 29.86476997
v 267.13986645 8.39161628 29.90962651
v 267.13986645 6.65709653 29.92458489
v 267.13986645 4.92257678 29.90962651
v 267.13986645 3.55607209 29.86476997
v 267.13986645 2.30331613 29.79007098
v 267.13986645 1.12152059 29.68562198
v 267.13986645 -0.00774584 29.55155153
v 267.13986645 -1.09437368 29.38802339
v 267.13986645 -2.14424985 29.19523539
v 267.13986645 -3.16105403 28.97341792
v 267.13986645 -4.14710962 28.72283206
v 267.13986645 -5.10383703 28.44376737
v 267.13986645 -6.03201654 28.13653911
v 267.13986645 -6.93195103 27.80148497
v 267.13986645 -7.80357226 27.43896108
v 267.13986645 -8.64651367 27.04933715
v 267.13986645 -9.46016254 26.63299057
v 267.13986645 -10.24369891 26.19029913
v 267.13986645 -10.99612585 25.72163188
v 267.13986645 -11.71629396 25.22733769
v 267.13986645 -12.40292184 24.70773040
v 267.13986645 -13.05461366 24.16306948
v 267.13986645 -13.66987441 23.59353406
v 267.13986645 -14.24712301 22.99918725
v 267.13986645 -14.78470322 22.37992574
v 267.13986645 -15.28089145 21.73540582
v 267.13986645 -15.73390021 21.06493048
v 267.13986645 -16.14187415 20.36726779
v 267.13986645 -16.50287307 19.64033940
v 267.13986645 -16.81482898 18.88063836
v 267.13986645 -17.07544599 18.08200413
v 267.13986645 -17.28194808 17.23253420
v 267.13986645 -17.43027819 16.30382476
v 267.13986645 -17.50905805 15.12365328
v 267.13986645 -17.49288194 13.93521558
v 267.13986645 -17.44434058 13.37813459
v 267.13986645 -17.36339441 12.93957600
v 267.13986645 -17.24997629 12.56507458
v 267.13986645 -17.10398948 12.23322140
v 267.13986645 -16.92530487 11.93298821
v 267.13986645 -16.71375718 11.65783681
v 267.13986645 -16.46914002 11.40353694
v 267.13986645 -16.19119963 11.16718335
v 267.13986645 29.50539269 11.16718335
v 267.13986645 29.78333308 11.40353694
v 267.13986645 30.02795025 11.65783681
v 267.13986645 30.23949793 11.93298821
v 267.13986645 30.41818254 12.23322140
v 267.13986645 30.56416935 12.56507458
v 267.13986645 30.67758747 12.93957600
v 267.13986645 30.75853364 13.37813459
v 267.13986645 30.80707501 13.93521558
v 268.18448884 29.96452942 15.24358168
v 268.18448884 29.88854033 16.39366375
v 268.18448884 29.74560360 17.29798822
v 268.18448884 29.54667854 18.12493760
v 268.18448884 29.29567010 18.90226818
v 268.18448884 28.99524949 19.64161228
v 268.18448884 28.64762547 20.34899244
v 268.18448884 28.25478718 21.02783897
v 268.18448884 27.81860056 21.68018674
v 268.18448884 27.34084964 22.30724378
v 268.18448884 26.82325295 22.90969560
v 268.18448884 26.26746731 23.48788257
v 268.18448884 25.67508454 24.04191017
v 268.18448884 25.04762386 24.57172118
v 268.18448884 24.38652152 25.07714499
v 268.18448884 23.69311803 25.55793236
v 268.18448884 22.96864356 26.01378075
v 268.18448884 22.21420094 26.44435332
v 268.18448884 21.43074591 26.84929325
v 268.18448884 20.61906351 27.22823507
v 268.18448884 19.77973878 27.58081344
v 268.18448884 18.91311919 27.90667035
v 268.18448884 18.01926421 28.20546084
v 268.18448884 17.09787497 28.47685770
v 268.18448884 16.14819143 28.72055542
v 268.18448884 15.16883510 28.93627336
v 268.18448884 14.15755486 29.12375845
v 268.18448884 13.11078858 29.28278733
v 268.18448884 12.02284023 29.41316822
v 268.18448884 10.88414253 29.51474233
v 268.18448884 9.67686843 29.58738502
v 268.18448884 8.35963056 29.63100665
v 268.18448884 6.68633870 29.64555321
v 268.18448884 5.01304684 29.63100665
v 268.18448884 3.69580897 29.58738502
v 268.18448884 2.48853488 29.51474233
v 268.18448884 1.34983717 29.41316822
v 268.18448884 0.26188882 29.28278733
v 268.18448884 -0.78487746 29.12375845
v 268.18448884 -1.79615770 28.93627336
v 268.18448884 -2.77551402 28.72055542
v 268.18448884 -3.72519756 28.47685770
v 268.18448884 -4.64658681 28.20546084
v 268.18448884 -5.54044178 27.90667035
v 268.18448884 -6.40706138 27.58081344
v 268.18448884 -7.24638611 27.22823507
v 268.18448884 -8.05806851 26.84929325
v 268.18448884 -8.84152353 26.44435332
v 268.18448884 -9.59596616 26.01378075
v 268.18448884 -10.32044063 25.55793236
v 268.18448884 -11.01384411 25.07714499
v 268.18448884 -11.67494646 24.57172118
v 268.18448884 -12.30240713 24.04191017
v 268.18448884 -12.89478991 23.48788257
v 268.18448884 -13.45057555 22.90969560
v 268.18448884 -13.96817223 22.30724378
v 268.18448884 -14.44592315 21.68018674
v 268.18448884 -14.88210977 21.02783897
v 268.18448884 -15.27494806 20.34899244
v 268.18448884 -15.62257208 19.64161228
v 268.18448884 -15.92299270 18.90226818
v 268.18448884 -16.17400113 18.12493760
v 268.18448884 -16.37292620 17.29798822
v 268.18448884 -16.51586292 16.39366375
v 268.18448884 -16.59185202 15.24358168
v 268.18448884 -16.57627029 14.08717841
v 268.18448884 -16.52951253 13.54511356
v 268.18448884 -16.45154066 13.11837635
v 268.18448884 -16.34228998 12.75396964
v 268.18448884 -16.20166733 12.43106159
v 268.18448884 -16.02954833 12.13892120
v 268.18448884 -15.82577377 11.87118652
v 268.18448884 -15.59014485 11.62374132
v 268.18448884 -15.32241714 11.39375867
v 268.18448884 -15.02229307 11.17921149
v 268.18448884 28.69509454 11.39375867
v 268.18448884 28.96282225 11.62374132
v 268.18448884 29.19845118 11.87118652
v 268.18448884 29.40222574 12.13892120
v 268.18448884 29.57434473 12.43106159
v 268.18448884 29.71496739 12.75396964
v 268.18448884 29.82421806 13.11837635
v 268.18448884 29.90218993 13.54511356
v 268.18448884 29.94894769 14.08717841
v 269.21994887 29.05810550 15.38022568
v 269.21994887 28.98507001 16.49293714
v 269.21994887 28.84781962 17.36720761
v 269.21994887 28.65687264 18.16646997
v 269.21994887 28.41597433 18.91765110
v 269.21994887 28.12768598 19.63203676
v 269.21994887 27.79412505 20.31547181
v 269.21994887 27.41719812 20.97128720
v 269.21994887 26.99869338 21.60146060
v 269.21994887 26.54032030 22.20716791
v 269.21994887 26.04372529 22.78907829
v 269.21994887 25.51049542 23.34752616
v 269.21994887 24.94215522 23.88261809
v 269.21994887 24.34015941 24.39430280
v 269.21994887 23.70588292 24.88241893
v 269.21994887 23.04060869 25.34672872
v 269.21994887 22.34551357 25.78694265
v 269.21994887 21.62165204 26.20273770
v 269.21994887 20.86993720 26.59377138
v 269.21994887 20.09111803 26.95969258
v 269.21994887 19.28575124 27.30015017
v 269.21994887 18.45416507 27.61479988
v 269.21994887 17.59641074 27.90330993
v 269.21994887 16.71219465 28.16536554
v 269.21994887 15.80077940 28.40067273
v 269.21994887 14.86083220 28.60896143
v 269.21994887 13.89018001 28.78998805
v 269.21994887 12.88538715 28.94353761
v 269.21994887 11.84096242 29.06942549
v 269.21994887 10.74768497 29.16749882
v 269.21994887 9.58837500 29.23763761
v 269.21994887 8.32314595 29.27975556
v 269.21994887 6.71469092 29.29380067
v 269.21994887 5.10623590 29.27975556
v 269.21994887 3.84100685 29.23763761
v 269.21994887 2.68169687 29.16749882
v 269.21994887 1.58841942 29.06942549
v 269.21994887 0.54399469 28.94353761
v 269.21994887 -0.46079817 28.78998805
v 269.21994887 -1.43145036 28.60896143
v 269.21994887 -2.37139756 28.40067273
v 269.21994887 -3.28281281 28.16536554
v 269.21994887 -4.16702890 27.90330993
v 269.21994887 -5.02478323 27.61479988
v 269.21994887 -5.85636940 27.30015017
v 269.21994887 -6.66173619 26.95969258
v 269.21994887 -7.44055536 26.59377138
v 269.21994887 -8.19227020 26.20273770
v 269.21994887 -8.91613173 25.78694265
v 269.21994887 -9.61122685 25.34672872
v 269.21994887 -10.27650107 24.88241893
v 269.21994887 -10.91077756 24.39430280
v 269.21994887 -11.51277337 23.88261809
v 269.21994887 -12.08111358 23.34752616
v 269.21994887 -12.61434345 22.78907829
v 269.21994887 -13.11093845 22.20716791
v 269.21994887 -13.56931154 21.60146060
v 269.21994887 -13.98781628 20.97128720
v 269.21994887 -14.36474321 20.31547181
v 269.21994887 -14.69830414 19.63203676
v 269.21994887 -14.98659249 18.91765110
v 269.21994887 -15.22749079 18.16646997
v 269.21994887 -15.41843778 17.36720761
v 269.21994887 -15.55568817 16.49293714
v 269.21994887 -15.62872366 15.38022568
v 269.21994887 -15.61376765 14.26303810
v 269.21994887 -15.56888753 13.73935565
v 269.21994887 -15.49404675 13.32708985
v 269.21994887 -15.38918322 12.97504082
v 269.21994887 -15.25420752 12.66308316
v 269.21994887 -15.08900026 12.38084978
v 269.21994887 -14.89340862 12.12219446
v 269.21994887 -14.66724178 11.88314056
v 269.21994887 -14.41026514 11.66095703
v 269.21994887 -14.12219308 11.45368553
v 269.21994887 27.55157492 11.45368553
v 269.21994887 27.83964698 11.66095703
v 269.21994887 28.09662362 11.88314056
v 269.21994887 28.32279046 12.12219446
v 269.21994887 28.51838210 12.38084978
v 269.21994887 28.68358936 12.66308316
v 269.21994887 28.81856507 12.97504082
v 269.21994887 28.92342859 13.32708985
v 269.21994887 28.99826937 13.73935565
v 269.21994887 29.04314949 14.26303810
v 270.24622294 28.09929897 15.53126517
v 270.24622294 28.02939607 16.59985808
v 270.24622294 27.89815474 17.43883600
v 270.24622294 27.71562801 18.20564188
v 270.24622294 27.48539310 18.92620298
v 270.24622294 27.20989573 19.61138702
v 270.24622294 26.89115743 20.26682400
v 270.24622294 26.53099810 20.89572410
v 270.24622294 26.13112437 21.49999499
v 270.24622294 25.69316746 22.08077258
v 270.24622294 25.21869825 22.63870506
v 270.24622294 24.70923071 23.17411836
v 270.24622294 24.16621892 23.68711908
v 270.24622294 23.59105011 24.17766177
v 270.24622294 22.98503513 24.64559493
v 270.24622294 22.34939676 25.09069344
v 270.24622294 21.68525625 25.51268219
v 270.24622294 20.99361772 25.91125371
v 270.24622294 20.27534997 26.28608161
v 270.24622294 19.53116470 26.63683105
v 270.24622294 18.76158953 26.96316699
v 270.24622294 17.96693325 27.26476081
v 270.24622294 17.14723933 27.54129572
v 270.24622294 16.30222089 27.79247110
v 270.24622294 15.43116567 28.01800612
v 270.24622294 14.53279071 28.21764278
v 270.24622294 13.60500738 28.39114835
v 270.24622294 12.64451616 28.53831739
v 270.24622294 11.64604593 28.65897348
v 270.24622294 10.60074755 28.75297054
v 270.24622294 9.49213543 28.82019388
v 270.24622294 8.28193304 28.86056102
v 270.24622294 6.74228005 28.87402227
v 270.24622294 5.20262706 28.86056102
v 270.24622294 3.99242467 28.82019388
v 270.24622294 2.88381255 28.75297054
v 270.24622294 1.83851417 28.65897348
v 270.24622294 0.84004393 28.53831739
v 270.24622294 -0.12044728 28.39114835
v 270.24622294 -1.04823062 28.21764278
v 270.24622294 -1.94660557 28.01800612
v 270.24622294 -2.81766079 27.79247110
v 270.24622294 -3.66267924 27.54129572
v 270.24622294 -4.48237315 27.26476081
v 270.24622294 -5.27702943 26.96316699
v 270.24622294 -6.04660461 26.63683105
v 270.24622294 -6.79078988 26.28608161
v 270.24622294 -7.50905763 25.91125371
v 270.24622294 -8.20069616 25.51268219
v 270.24622294 -8.86483666 25.09069344
v 270.24622294 -9.50047503 24.64559493
v 270.24622294 -10.10649001 24.17766177
v 270.24622294 -10.68165882 23.68711908
v 270.24622294 -11.22467061 23.17411836
v 270.24622294 -11.73413816 22.63870506
v 270.24622294 -12.20860736 22.08077258
v 270.24622294 -12.64656427 21.49999499
v 270.24622294 -13.04643800 20.89572410
v 270.24622294 -13.40659734 20.26682400
v 270.24622294 -13.72533563 19.61138702
v 270.24622294 -14.00083300 18.92620298
v 270.24622294 -14.23106791 18.20564188
v 270.24622294 -14.41359464 17.43883600
v 270.24622294 -14.54483597 16.59985808
v 270.24622294 -14.61473887 15.53126517
v 270.24622294 -14.60044312 14.45991128
v 270.24622294 -14.55754432 13.95771341
v 270.24622294 -14.48600755 13.56236122
v 270.24622294 -14.38577343 13.22475534
v 270.24622294 -14.25675651 12.92559604
v 270.24622294 -14.09884266 12.65494156
v 270.24622294 -13.91188581 12.40689782
v 270.24622294 -13.69570357 12.17765134
v 270.24622294 -13.45007169 11.96458310
v 270.24622294 -13.17471716 11.76581512
v 270.24622294 -12.86930958 11.57995635
v 270.24622294 26.65927726 11.76581512
v 270.24622294 26.93463179 11.96458310
v 270.24622294 27.18026367 12.17765134
v 270.24622294 27.39644591 12.40689782
v 270.24622294 27.58340276 12.65494156
v 270.24622294 27.74131660 12.92559604
v 270.24622294 27.87033353 13.22475534
v 270.24622294 27.97056764 13.56236122
v 270.24622294 28.04210442 13.95771341
v 270.24622294 28.08500322 14.45991128
v 271.26328944 27.08208011 15.69471698
v 271.26328944 27.01550939 16.71283342
v 271.26328944 26.89063790 17.51159650
v 271.26328944 26.71702623 18.24146852
v 271.26328944 26.49807416 18.92721527
v 271.26328944 26.23610553 19.57921846
v 271.26328944 25.93304074 20.20285785
v 271.26328944 25.59060837 20.80120250
v 271.26328944 25.21042918 21.37607773
v 271.26328944 24.79405209 21.92857200
v 271.26328944 24.34296849 22.45930802
v 271.26328944 23.85861551 22.96860077
v 271.26328944 23.34237323 23.45655573
v 271.26328944 22.79555803 23.92313316
v 271.26328944 22.21941350 24.36819193
v 271.26328944 21.61509940 24.79152050
v 271.26328944 20.98367875 25.19285951
v 271.26328944 20.32610305 25.57191854
v 271.26328944 19.64319492 25.92838895
v 271.26328944 18.93562734 26.26195392
v 271.26328944 18.20389792 26.57229623
v 271.26328944 17.44829579 26.85910466
v 271.26328944 16.66885720 27.12207907
v 271.26328944 15.86530343 27.36093458
v 271.26328944 15.03695022 27.57540506
v 271.26328944 14.18256892 27.76524593
v 271.26328944 13.30016232 27.93023656
v 271.26328944 12.38657779 28.07018219
v 271.26328944 11.43678111 28.18491553
v 271.26328944 10.44232293 28.27429806
v 271.26328944 9.38746389 28.33822104
v 271.26328944 8.23565844 28.37660626
v 271.26328944 6.76922700 28.38940658
v 271.26328944 5.30279557 28.37660626
v 271.26328944 4.15099011 28.33822104
v 271.26328944 3.09613108 28.27429806
v 271.26328944 2.10167290 28.18491553
v 271.26328944 1.15187622 28.07018219
v 271.26328944 0.23829169 27.93023656
v 271.26328944 -0.64411492 27.76524593
v 271.26328944 -1.49849621 27.57540506
v 271.26328944 -2.32684943 27.36093458
v 271.26328944 -3.13040319 27.12207907
v 271.26328944 -3.90984179 26.85910466
v 271.26328944 -4.66544391 26.57229623
v 271.26328944 -5.39717333 26.26195392
v 271.26328944 -6.10474091 25.92838895
v 271.26328944 -6.78764904 25.57191854
v 271.26328944 -7.44522474 25.19285951
v 271.26328944 -8.07664539 24.79152050
v 271.26328944 -8.68095950 24.36819193
v 271.26328944 -9.25710402 23.92313316
v 271.26328944 -9.80391922 23.45655573
v 271.26328944 -10.32016150 22.96860077
v 271.26328944 -10.80451448 22.45930802
v 271.26328944 -11.25559809 21.92857200
v 271.26328944 -11.67197517 21.37607773
v 271.26328944 -12.05215436 20.80120250
v 271.26328944 -12.39458673 20.20285785
v 271.26328944 -12.69765152 19.57921846
v 271.26328944 -12.95962015 18.92721527
v 271.26328944 -13.17857222 18.24146852
v 271.26328944 -13.35218389 17.51159650
v 271.26328944 -13.47705538 16.71283342
v 271.26328944 -13.54362610 15.69471698
v 271.26328944 -13.53002928 14.67539954
v 271.26328944 -13.48922785 14.19759378
v 271.26328944 -13.42118858 13.82144414
v 271.26328944 -13.32585501 13.50023602
v 271.26328944 -13.20314585 13.21560711
v 271.26328944 -13.05295257 12.95809851
v 271.26328944 -12.87513623 12.72210245
v 271.26328944 -12.66952335 12.50399064
v 271.26328944 -12.43590065 12.30127128
v 271.26328944 -12.17400848 12.11215760
v 271.26328944 -11.88353258 11.93532612
v 271.26328944 25.42198659 11.93532612
v 271.26328944 25.71246249 12.11215760
v 271.26328944 25.97435466 12.30127128
v 271.26328944 26.20797736 12.50399064
v 271.26328944 26.41359024 12.72210245
v 271.26328944 26.59140658 12.95809851
v 271.26328944 26.74159986 13.21560711
v 271.26328944 26.86430902 13.50023602
v 271.26328944 26.95964259 13.82144414
v 271.26328944 27.02768186 14.19759378
v 271.26328944 27.06848329 14.67539954
v 272.27112885 25.99850428 15.86893647
v 272.27112885 25.93549226 16.83045218
v 272.27112885 25.81740121 17.58427030
v 272.27112885 25.65326834 18.27290935
v 272.27112885 25.44630529 18.91981650
v 272.27112885 25.19870676 19.53482152
v 272.27112885 24.91228610 20.12301950
v 272.27112885 24.58867528 20.68731855
v 272.27112885 24.22940423 21.22944969
v 272.27112885 23.83593486 21.75044654
v 272.27112885 23.40967459 22.25090192
v 272.27112885 22.95197945 22.73111740
v 272.27112885 22.46415138 23.19119620
v 272.27112885 21.94743205 23.63110405
v 272.27112885 21.40299418 24.05071061
v 272.27112885 20.83193113 24.44981885
v 272.27112885 20.23524472 24.82818633
v 272.27112885 19.61383119 25.18554109
v 272.27112885 18.96846480 25.52159384
v 272.27112885 18.29977811 25.83604734
v 272.27112885 17.60823769 26.12860389
v 272.27112885 16.89411263 26.39897125
v 272.27112885 16.15743247 26.64686755
v 272.27112885 15.39792837 26.87202517
v 272.27112885 14.61494712 27.07419406
v 272.27112885 13.80731945 27.25314439
v 272.27112885 12.97314741 27.40866881
v 272.27112885 12.10943732 27.54058428
v 272.27112885 11.21141086 27.64873355
v 272.27112885 10.27105001 27.73298642
v 272.27112885 9.27342028 27.79324066
v 272.27112885 8.18384335 27.82942275
v 272.27112885 6.79564687 27.84148838
v 272.27112885 5.40745038 27.82942275
v 272.27112885 4.31787345 27.79324066
v 272.27112885 3.32024372 27.73298642
v 272.27112885 2.37988287 27.64873355
v 272.27112885 1.48185641 27.54058428
v 272.27112885 0.61814632 27.40866881
v 272.27112885 -0.21602572 27.25314439
v 272.27112885 -1.02365338 27.07419406
v 272.27112885 -1.80663464 26.87202517
v 272.27112885 -2.56613874 26.64686755
v 272.27112885 -3.30281890 26.39897125
v 272.27112885 -4.01694396 26.12860389
v 272.27112885 -4.70848438 25.83604734
v 272.27112885 -5.37717106 25.52159384
v 272.27112885 -6.02253746 25.18554109
v 272.27112885 -6.64395099 24.82818633
v 272.27112885 -7.24063740 24.44981885
v 272.27112885 -7.81170045 24.05071061
v 272.27112885 -8.35613832 23.63110405
v 272.27112885 -8.87285765 23.19119620
v 272.27112885 -9.36068572 22.73111740
v 272.27112885 -9.81838086 22.25090192
v 272.27112885 -10.24464113 21.75044654
v 272.27112885 -10.63811049 21.22944969
v 272.27112885 -10.99738155 20.68731855
v 272.27112885 -11.32099237 20.12301950
v 272.27112885 -11.60741303 19.53482152
v 272.27112885 -11.85501156 18.91981650
v 272.27112885 -12.06197461 18.27290935
v 272.27112885 -12.22610748 17.58427030
v 272.27112885 -12.34419853 16.83045218
v 272.27112885 -12.40721055 15.86893647
v 272.27112885 -12.39435673 14.90760293
v 272.27112885 -12.35578489 14.45697716
v 272.27112885 -12.29146363 14.10222480
v 272.27112885 -12.20133956 13.79928862
v 272.27112885 -12.08533584 13.53085083
v 272.27112885 -11.94334987 13.28799061
v 272.27112885 -11.77525030 13.06541919
v 272.27112885 -11.58087314 12.85971467
v 272.27112885 -11.36001675 12.66852701
v 272.27112885 -11.11243567 12.49017107
v 272.27112885 -10.83783282 12.32339865
v 272.27112885 -10.53584985 12.16726170
v 272.27112885 24.42912656 12.32339865
v 272.27112885 24.70372940 12.49017107
v 272.27112885 24.95131048 12.66852701
v 272.27112885 25.17216687 12.85971467
v 272.27112885 25.36654403 13.06541919
v 272.27112885 25.53464360 13.28799061
v 272.27112885 25.67662957 13.53085083
v 272.27112885 25.79263329 13.79928862
v 272.27112885 25.88275736 14.10222480
v 272.27112885 25.94707863 14.45697716
v 272.27112885 25.98565046 14.90760293
v 273.26972366 24.83780390 16.05265340
v 273.26972366 24.77861338 16.95148896
v 273.26972366 24.66778057 17.65567521
v 273.26972366 24.51378328 18.29882403
v 273.26972366 24.31963249 18.90290713
v 273.26972366 24.08738529 19.47713639
v 273.26972366 23.81874106 20.02628793
v 273.26972366 23.51522890 20.55308906
v 273.26972366 23.17828215 21.05916446
v 273.26972366 22.80927021 21.54548555
v 273.26972366 22.40951126 22.01261082
v 273.26972366 21.98027515 22.46082589
v 273.26972366 21.52278092 22.89023054
v 273.26972366 21.03819091 23.30079568
v 273.26972366 20.52760273 23.69240218
v 273.26972366 19.99203942 24.06486833
v 273.26972366 19.43243802 24.41796975
v 273.26972366 18.84963640 24.75145437
v 273.26972366 18.24435784 25.06505369
v 273.26972366 17.61719252 25.35849168
v 273.26972366 16.96857460 25.63149173
v 273.26972366 16.29875268 25.88378220
v 273.26972366 15.60775018 26.11510102
v 273.26972366 14.89530994 26.32519931
v 273.26972366 14.16081330 26.51384450
v 273.26972366 13.40315619 26.68082279
v 273.26972366 12.62054887 26.82594127
v 273.26972366 11.81017048 26.94902962
v 273.26972366 10.96752039 27.04994154
v 273.26972366 10.08504827 27.12855587
v 273.26972366 9.14869194 27.18477747
v 273.26972366 8.12579720 27.21853793
v 273.26972366 6.82164898 27.22979601
v 273.26972366 5.51750076 27.21853793
v 273.26972366 4.49460601 27.18477747
v 273.26972366 3.55824969 27.12855587
v 273.26972366 2.67577756 27.04994154
v 273.26972366 1.83312748 26.94902962
v 273.26972366 1.02274909 26.82594127
v 273.26972366 0.24014177 26.68082279
v 273.26972366 -0.51751534 26.51384450
v 273.26972366 -1.25201198 26.32519931
v 273.26972366 -1.96445222 26.11510102
v 273.26972366 -2.65545472 25.88378220
v 273.26972366 -3.32527664 25.63149173
v 273.26972366 -3.97389456 25.35849168
v 273.26972366 -4.60105988 25.06505369
v 273.26972366 -5.20633844 24.75145437
v 273.26972366 -5.78914006 24.41796975
v 273.26972366 -6.34874146 24.06486833
v 273.26972366 -6.88430477 23.69240218
v 273.26972366 -7.39489295 23.30079568
v 273.26972366 -7.87948296 22.89023054
v 273.26972366 -8.33697720 22.46082589
v 273.26972366 -8.76621330 22.01261082
v 273.26972366 -9.16597226 21.54548555
v 273.26972366 -9.53498419 21.05916446
v 273.26972366 -9.87193094 20.55308906
v 273.26972366 -10.17544310 20.02628793
v 273.26972366 -10.44408734 19.47713639
v 273.26972366 -10.67633453 18.90290713
v 273.26972366 -10.87048532 18.29882403
v 273.26972366 -11.02448261 17.65567521
v 273.26972366 -11.13531542 16.95148896
v 273.26972366 -11.19450594 16.05265340
v 273.26972366 -11.18244646 15.15518708
v 273.26972366 -11.14625830 14.73449912
v 273.26972366 -11.08591197 14.40331511
v 273.26972366 -11.00135741 14.12050481
v 273.26972366 -10.89252251 13.86990097
v 273.26972366 -10.75931102 13.64317544
v 273.26972366 -10.60159971 13.43539078
v 273.26972366 -10.41923471 13.24335247
v 273.26972366 -10.21202686 13.06486656
v 273.26972366 -9.97974585 12.89835989
v 273.26972366 -9.72211297 12.74266718
v 273.26972366 -9.43879201 12.59690335
v 273.26972366 23.08208997 12.59690335
v 273.26972366 23.36541093 12.74266718
v 273.26972366 23.62304381 12.89835989
v 273.26972366 23.85532481 13.06486656
v 273.26972366 24.06253267 13.24335247
v 273.26972366 24.24489767 13.43539078
v 273.26972366 24.40260898 13.64317544
v 273.26972366 24.53582047 13.86990097
v 273.26972366 24.64465537 14.12050481
v 273.26972366 24.72920993 14.40331511
v 273.26972366 24.78955625 14.73449912
v 273.26972366 24.82574442 15.15518708
v 274.25905842 23.58484866 16.24505995
v 274.25905842 23.52979319 17.07492824
v 274.25905842 23.42679050 17.72464053
v 274.25905842 23.28371585 18.31790239
v 274.25905842 23.10336454 18.87504729
v 274.25905842 22.88764586 19.40460092
v 274.25905842 22.63813681 19.91098471
v 274.25905842 22.35625620 20.39672460
v 274.25905842 22.04333375 20.86332648
v 274.25905842 21.70063973 21.31169185
v 274.25905842 21.32939668 21.74234022
v 274.25905842 20.93078222 22.15553863
v 274.25905842 20.50592660 22.55138216
v 274.25905842 20.05590739 22.92984661
v 274.25905842 19.58174186 23.29082440
v 274.25905842 19.08437796 23.63414998
v 274.25905842 18.56468363 23.95961826
v 274.25905842 18.02343459 24.26699839
v 274.25905842 17.46129994 24.55604425
v 274.25905842 16.87882498 24.82650261
v 274.25905842 16.27640985 25.07811960
v 274.25905842 15.65428200 25.31064583
v 274.25905842 15.01245927 25.52384060
v 274.25905842 14.35069832 25.71747529
v 274.25905842 13.66841912 25.89133623
v 274.25905842 12.96458955 26.04522697
v 274.25905842 12.23753869 26.17897023
v 274.25905842 11.48463481 26.29240948
v 274.25905842 10.70168078 26.38541026
v 274.25905842 9.88163690 26.45786119
v 274.25905842 9.01139314 26.50967483
v 274.25905842 8.06050496 26.54078829
v 274.25905842 6.84733707 26.55116366
v 274.25905842 5.63416918 26.54078829
v 274.25905842 4.68328099 26.50967483
v 274.25905842 3.81303724 26.45786119
v 274.25905842 2.99299335 26.38541026
v 274.25905842 2.21003932 26.29240948
v 274.25905842 1.45713545 26.17897023
v 274.25905842 0.73008458 26.04522697
v 274.25905842 0.02625501 25.89133623
v 274.25905842 -0.65602418 25.71747529
v 274.25905842 -1.31778514 25.52384060
v 274.25905842 -1.95960786 25.31064583
v 274.25905842 -2.58173572 25.07811960
v 274.25905842 -3.18415085 24.82650261
v 274.25905842 -3.76662580 24.55604425
v 274.25905842 -4.32876046 24.26699839
v 274.25905842 -4.87000950 23.95961826
v 274.25905842 -5.38970383 23.63414998
v 274.25905842 -5.88706773 23.29082440
v 274.25905842 -6.36123325 22.92984661
v 274.25905842 -6.81125247 22.55138216
v 274.25905842 -7.23610808 22.15553863
v 274.25905842 -7.63472255 21.74234022
v 274.25905842 -8.00596559 21.31169185
v 274.25905842 -8.34865962 20.86332648
v 274.25905842 -8.66158207 20.39672460
v 274.25905842 -8.94346268 19.91098471
v 274.25905842 -9.19297173 19.40460092
v 274.25905842 -9.40869040 18.87504729
v 274.25905842 -9.58904171 18.31790239
v 274.25905842 -9.73211636 17.72464053
v 274.25905842 -9.83511905 17.07492824
v 274.25905842 -9.89017452 16.24505995
v 274.25905842 -9.87897093 15.41753352
v 274.25905842 -9.84535111 15.02962993
v 274.25905842 -9.78928769 14.72425521
v 274.25905842 -9.71073414 14.46348443
v 274.25905842 -9.60962348 14.23241024
v 274.25905842 -9.48586628 14.02335351
v 274.25905842 -9.33934806 13.83176159
v 274.25905842 -9.16992588 13.65468889
v 274.25905842 -8.97742399 13.49011246
v 274.25905842 -8.76162844 13.33658171
v 274.25905842 -8.52228029 13.19302220
v 274.25905842 -8.25906720 13.05861780
v 274.25905842 -7.97161287 12.93273623
v 274.25905842 21.66628700 12.93273623
v 274.25905842 21.95374133 13.05861780
v 274.25905842 22.21695443 13.19302220
v 274.25905842 22.45630257 13.33658171
v 274.25905842 22.67209812 13.49011246
v 274.25905842 22.86460001 13.65468889
v 274.25905842 23.03402220 13.83176159
v 274.25905842 23.18054041 14.02335351
v 274.25905842 23.30429761 14.23241024
v 274.25905842 23.40540828 14.46348443
v 274.25905842 23.48396182 14.72425521
v 274.25905842 23.54002525 15.02962993
v 274.25905842 23.57364507 15.41753352
v 275.23911975 22.21734659 16.44599498
v 275.23911975 22.16681418 17.20002577
v 275.23911975 22.07235174 17.78997300
v 275.23911975 21.94117829 18.32854339
v 275.23911975 21.77585469 18.83425438
v 275.23911975 21.57812973 19.31487073
v 275.23911975 21.34944759 19.77442023
v 275.23911975 21.09110739 20.21520499
v 275.23911975 20.80432651 20.63859842
v 275.23911975 20.49026775 21.04542375
v 275.23911975 20.15005010 21.43615642
v 275.23911975 19.78475121 21.81104202
v 275.23911975 19.39540531 22.17016954
v 275.23911975 18.98299820 22.51351933
v 275.23911975 18.54846035 22.84099578
v 275.23911975 18.09265858 23.15245042
v 275.23911975 17.61638629 23.44769873
v 275.23911975 17.12035223 23.72653263
v 275.23911975 16.60516728 23.98873004
v 275.23911975 16.07132870 24.23406232
v 275.23911975 15.51920045 24.46230013
v 275.23911975 14.94898791 24.67321810
v 275.23911975 14.36070397 24.86659866
v 275.23911975 13.75412154 25.04223510
v 275.23911975 13.12870420 25.19993421
v 275.23911975 12.48349997 25.33951833
v 275.23911975 11.81696966 25.46082710
v 275.23911975 11.12669071 25.56371894
v 275.23911975 10.40880103 25.64807220
v 275.23911975 9.65682428 25.71378614
v 275.23911975 8.85870049 25.76078165
v 275.23911975 7.98642240 25.78900182
v 275.23911975 6.87280934 25.79841236
v 275.23911975 5.75919629 25.78900182
v 275.23911975 4.88691820 25.76078165
v 275.23911975 4.08879441 25.71378614
v 275.23911975 3.33681765 25.64807220
v 275.23911975 2.61892797 25.56371894
v 275.23911975 1.92864903 25.46082710
v 275.23911975 1.26211872 25.33951833
v 275.23911975 0.61691449 25.19993421
v 275.23911975 -0.00850285 25.04223510
v 275.23911975 -0.61508528 24.86659866
v 275.23911975 -1.20336922 24.67321810
v 275.23911975 -1.77358176 24.46230013
v 275.23911975 -2.32571001 24.23406232
v 275.23911975 -2.85954860 23.98873004
v 275.23911975 -3.37473354 23.72653263
v 275.23911975 -3.87076760 23.44769873
v 275.23911975 -4.34703989 23.15245042
v 275.23911975 -4.80284166 22.84099578
v 275.23911975 -5.23737951 22.51351933
v 275.23911975 -5.64978663 22.17016954
v 275.23911975 -6.03913252 21.81104202
v 275.23911975 -6.40443141 21.43615642
v 275.23911975 -6.74464907 21.04542375
v 275.23911975 -7.05870783 20.63859842
v 275.23911975 -7.34548870 20.21520499
v 275.23911975 -7.60382891 19.77442023
v 275.23911975 -7.83251105 19.31487073
v 275.23911975 -8.03023601 18.83425438
v 275.23911975 -8.19555960 18.32854339
v 275.23911975 -8.32673306 17.78997300
v 275.23911975 -8.42119549 17.20002577
v 275.23911975 -8.47172790 16.44599498
v 275.23911975 -8.46145673 15.69504459
v 275.23911975 -8.43063491 15.34303607
v 275.23911975 -8.37923735 15.06591953
v 275.23911975 -8.30722139 14.82927945
v 275.23911975 -8.21452563 14.61958796
v 275.23911975 -8.10106809 14.42987652
v 275.23911975 -7.96674381 14.25601376
v 275.23911975 -7.81142173 14.09532668
v 275.23911975 -7.63494076 13.94597950
v 275.23911975 -7.43710472 13.80665589
v 275.23911975 -7.21767626 13.67638080
v 275.23911975 -6.97636899 13.55441366
v 275.23911975 -6.71283796 13.44018068
v 275.23911975 -6.42666742 13.33323020
v 275.23911975 20.17228611 13.33323020
v 275.23911975 20.45845665 13.44018068
v 275.23911975 20.72198768 13.55441366
v 275.23911975 20.96329494 13.67638080
v 275.23911975 21.18272341 13.80665589
v 275.23911975 21.38055944 13.94597950
v 275.23911975 21.55704042 14.09532668
v 275.23911975 21.71236249 14.25601376
v 275.23911975 21.84668678 14.42987652
v 275.23911975 21.96014432 14.61958796
v 275.23911975 22.05284008 14.82927945
v 275.23911975 22.12485603 15.06591953
v 275.23911975 22.17625360 15.34303607
v 275.23911975 22.20707541 15.69504459
v 276.20989630 20.70026303 16.65633512
v 276.20989630 20.65475845 17.32644965
v 276.20989630 20.56976322 17.85040332
v 276.20989630 20.45176992 18.32862442
v 276.20989630 20.30308043 18.77760596
v 276.20989630 20.12526632 19.20426428
v 276.20989630 19.91962524 19.61218791
v 276.20989630 19.68732429 20.00342877
v 276.20989630 19.42945704 20.37921190
v 276.20989630 19.14706786 20.74027242
v 276.20989630 18.84116165 21.08703583
v 276.20989630 18.51270608 21.41972290
v 276.20989630 18.16262965 21.73841499
v 276.20989630 17.79181726 22.04309663
v 276.20989630 17.40110398 22.33368472
v 276.20989630 16.99126754 22.61004900
v 276.20989630 16.56301957 22.87202703
v 276.20989630 16.11699546 23.11943534
v 276.20989630 15.65374248 23.35207792
v 276.20989630 15.17370555 23.56975282
v 276.20989630 14.67720955 23.77225735
v 276.20989630 14.16443648 23.95939231
v 276.20989630 13.63539487 24.13096529
v 276.20989630 13.08987698 24.28679350
v 276.20989630 12.52739620 24.42670601
v 276.20989630 11.94709122 24.55054565
v 276.20989630 11.34757116 24.65817055
v 276.20989630 10.72664832 24.74945543
v 276.20989630 10.08083636 24.82429264
v 276.20989630 9.40429018 24.88259304
v 276.20989630 8.68612616 24.92428660
v 276.20989630 7.90106777 24.94932298
v 276.20989630 6.89815863 24.95767182
v 276.20989630 5.89524948 24.94932298
v 276.20989630 5.11019109 24.92428660
v 276.20989630 4.39202707 24.88259304
v 276.20989630 3.71548089 24.82429264
v 276.20989630 3.06966893 24.74945543
v 276.20989630 2.44874609 24.65817055
v 276.20989630 1.84922603 24.55054565
v 276.20989630 1.26892105 24.42670601
v 276.20989630 0.70644027 24.28679350
v 276.20989630 0.16092238 24.13096529
v 276.20989630 -0.36811923 23.95939231
v 276.20989630 -0.88089230 23.77225735
v 276.20989630 -1.37738830 23.56975282
v 276.20989630 -1.85742523 23.35207792
v 276.20989630 -2.32067821 23.11943534
v 276.20989630 -2.76670232 22.87202703
v 276.20989630 -3.19495029 22.61004900
v 276.20989630 -3.60478673 22.33368472
v 276.20989630 -3.99550001 22.04309663
v 276.20989630 -4.36631240 21.73841499
v 276.20989630 -4.71638883 21.41972290
v 276.20989630 -5.04484440 21.08703583
v 276.20989630 -5.35075061 20.74027242
v 276.20989630 -5.63313979 20.37921190
v 276.20989630 -5.89100704 20.00342877
v 276.20989630 -6.12330799 19.61218791
v 276.20989630 -6.32894907 19.20426428
v 276.20989630 -6.50676318 18.77760596
v 276.20989630 -6.65545267 18.32862442
v 276.20989630 -6.77344597 17.85040332
v 276.20989630 -6.85844120 17.32644965
v 276.20989630 -6.90394578 16.65633512
v 276.20989630 -6.89470706 15.98978104
v 276.20989630 -6.86698345 15.67733335
v 276.20989630 -6.82075237 15.43136082
v 276.20989630 -6.75597546 15.22131577
v 276.20989630 -6.67259748 15.03519067
v 276.20989630 -6.57054469 14.86680013
v 276.20989630 -6.44972268 14.71247711
v 276.20989630 -6.31001358 14.56984901
v 276.20989630 -6.15127247 14.43728636
v 276.20989630 -5.97332292 14.31362077
v 276.20989630 -5.77595140 14.19798678
v 276.20989630 -5.55890034 14.08972703
v 276.20989630 -5.32185945 13.98833224
v 276.20989630 -5.06445477 13.89340149
v 276.20989630 -4.78623491 13.80461514
v 276.20989630 -4.48665341 13.72171562
v 276.20989630 18.28297066 13.72171562
v 276.20989630 18.58255216 13.80461514
v 276.20989630 18.86077202 13.89340149
v 276.20989630 19.11817670 13.98833224
v 276.20989630 19.35521759 14.08972703
v 276.20989630 19.57226865 14.19798678
v 276.20989630 19.76964017 14.31362077
v 276.20989630 19.94758972 14.43728636
v 276.20989630 20.10633083 14.56984901
v 276.20989630 20.24603993 14.71247711
v 276.20989630 20.36686194 14.86680013
v 276.20989630 20.46891473 15.03519067
v 276.20989630 20.55229271 15.22131577
v 276.20989630 20.61706962 15.43136082
v 276.20989630 20.66330070 15.67733335
v 276.20989630 20.69102431 15.98978104
v 277.17137879 18.97314163 16.87891226
v 277.17137879 18.93337075 17.45462753
v 277.17137879 18.85914330 17.90448923
v 277.17137879 18.75612686 18.31499944
v 277.17137879 18.62632967 18.70035819
v 277.17137879 18.47112256 19.06652060
v 277.17137879 18.29163725 19.41657719
v 277.17137879 18.08889145 19.75229585
v 277.17137879 17.86383865 20.07473275
v 277.17137879 17.61738930 20.38452241
v 277.17137879 17.35041936 20.68203283
v 277.17137879 17.06377220 20.96745583
v 277.17137879 16.75825697 21.24086313
v 277.17137879 16.43464466 21.50224317
v 277.17137879 16.09366271 21.75152607
v 277.17137879 15.73598847 21.98860132
v 277.17137879 15.36224148 22.21333069
v 277.17137879 14.97297468 22.42555774
v 277.17137879 14.56866397 22.62511520
v 277.17137879 14.14969580 22.81183060
v 277.17137879 13.71635165 22.98553078
v 277.17137879 13.26878810 23.14604545
v 277.17137879 12.80701001 23.29321015
v 277.17137879 12.33083306 23.42686855
v 277.17137879 11.83982894 23.54687449
v 277.17137879 11.33324142 23.65309352
v 277.17137879 10.80985079 23.74540430
v 277.17137879 10.26773975 23.82369964
v 277.17137879 9.70385403 23.88788745
v 277.17137879 9.11307389 23.93789145
v 277.17137879 8.48586708 23.97365173
v 277.17137879 7.80009452 23.99512522
v 277.17137879 6.92347245 24.00228595
v 277.17137879 6.04685039 23.99512522
v 277.17137879 5.36107783 23.97365173
v 277.17137879 4.73387101 23.93789145
v 277.17137879 4.14309088 23.88788745
v 277.17137879 3.57920516 23.82369964
v 277.17137879 3.03709412 23.74540430
v 277.17137879 2.51370348 23.65309352
v 277.17137879 2.00711597 23.54687449
v 277.17137879 1.51611184 23.42686855
v 277.17137879 1.03993489 23.29321015
v 277.17137879 0.57815681 23.14604545
v 277.17137879 0.13059326 22.98553078
v 277.17137879 -0.30275089 22.81183060
v 277.17137879 -0.72171906 22.62511520
v 277.17137879 -1.12602977 22.42555774
v 277.17137879 -1.51529658 22.21333069
v 277.17137879 -1.88904356 21.98860132
v 277.17137879 -2.24671781 21.75152607
v 277.17137879 -2.58769975 21.50224317
v 277.17137879 -2.91131206 21.24086313
v 277.17137879 -3.21682730 20.96745583
v 277.17137879 -3.50347446 20.68203283
v 277.17137879 -3.77044440 20.38452241
v 277.17137879 -4.01689374 20.07473275
v 277.17137879 -4.24194655 19.75229585
v 277.17137879 -4.44469234 19.41657719
v 277.17137879 -4.62417766 19.06652060
v 277.17137879 -4.77938476 18.70035819
v 277.17137879 -4.90918195 18.31499944
v 277.17137879 -5.01219840 17.90448923
v 277.17137879 -5.08642584 17.45462753
v 277.17137879 -5.12619672 16.87891226
v 277.17137879 -5.11813103 16.30694246
v 277.17137879 -5.09392746 16.03883122
v 277.17137879 -5.05356628 15.82776230
v 277.17137879 -4.99701401 15.64752273
v 277.17137879 -4.92422242 15.48780885
v 277.17137879 -4.83512714 15.34331300
v 277.17137879 -4.72964574 15.21088848
v 277.17137879 -4.60767533 15.08849935
v 277.17137879 -4.46908937 14.97474740
v 277.17137879 -4.31373384 14.86863001
v 277.17137879 -4.14142232 14.76940452
v 277.17137879 -3.95192996 14.67650688
v 277.17137879 -3.74498584 14.58950005
v 277.17137879 -3.52026350 14.50804001
v 277.17137879 -3.27736885 14.43185248
v 277.17137879 -3.01582483 14.36071643
v 277.17137879 -2.73505146 14.29445228
v 277.17137879 -2.43433991 14.23291310
v 277.17137879 16.28128482 14.23291310
v 277.17137879 16.58199637 14.29445228
v 277.17137879 16.86276973 14.36071643
v 277.17137879 17.12431376 14.43185248
v 277.17137879 17.36720840 14.50804001
v 277.17137879 17.59193074 14.58950005
v 277.17137879 17.79887486 14.67650688
v 277.17137879 17.98836723 14.76940452
v 277.17137879 18.16067874 14.86863001
v 277.17137879 18.31603427 14.97474740
v 277.17137879 18.45462023 15.08849935
v 277.17137879 18.57659065 15.21088848
v 277.17137879 18.68207204 15.34331300
v 277.17137879 18.77116733 15.48780885
v 277.17137879 18.84395891 15.64752273
v 277.17137879 18.90051118 15.82776230
v 277.17137879 18.94087236 16.03883122
v 277.17137879 18.96507594 16.30694246
v 278.12355999 16.91489386 17.12110651
v 278.12355999 16.88196469 17.58676351
v 278.12355999 16.82055326 17.95040418
v 278.12355999 16.73534653 18.28216805
v 278.12355999 16.62800441 18.59356439
v 278.12355999 16.49965971 18.88942018
v 278.12355999 16.35124749 19.17224102
v 278.12355999 16.18360855 19.44346076
v 278.12355999 15.99753047 19.70393658
v 278.12355999 15.79376525 19.95418402
v 278.12355999 15.57303626 20.19450265
v 278.12355999 15.33603991 20.42504926
v 278.12355999 15.08344423 20.64588336
v 278.12355999 14.81588567 20.85699689
v 278.12355999 14.53396460 21.05833455
v 278.12355999 14.23823990 21.24980806
v 278.12355999 13.92922262 21.43130663
v 278.12355999 13.60736863 21.60270467
v 278.12355999 13.27307004 21.76386777
v 278.12355999 12.92664489 21.91465724
v 278.12355999 12.56832426 22.05493377
v 278.12355999 12.19823580 22.18456033
v 278.12355999 11.81638144 22.30340451
v 278.12355999 11.42260636 22.41134047
v 278.12355999 11.01655349 22.50825050
v 278.12355999 10.59759398 22.59402633
v 278.12355999 10.16471461 22.66857022
v 278.12355999 9.71632373 22.73179583
v 278.12355999 9.24988669 22.78362898
v 278.12355999 8.76115556 22.82400822
v 278.12355999 8.24222180 22.85288529
v 278.12355999 7.67471681 22.87022549
v 278.12355999 6.94883321 22.87600789
v 278.12355999 6.22294962 22.87022549
v 278.12355999 5.65544462 22.85288529
v 278.12355999 5.13651087 22.82400822
v 278.12355999 4.64777973 22.78362898
v 278.12355999 4.18134269 22.73179583
v 278.12355999 3.73295181 22.66857022
v 278.12355999 3.30007244 22.59402633
v 278.12355999 2.88111293 22.50825050
v 278.12355999 2.47506006 22.41134047
v 278.12355999 2.08128498 22.30340451
v 278.12355999 1.69943062 22.18456033
v 278.12355999 1.32934216 22.05493377
v 278.12355999 0.97102153 21.91465724
v 278.12355999 0.62459638 21.76386777
v 278.12355999 0.29029779 21.60270467
v 278.12355999 -0.03155619 21.43130663
v 278.12355999 -0.34057348 21.24980806
v 278.12355999 -0.63629817 21.05833455
v 278.12355999 -0.91821925 20.85699689
v 278.12355999 -1.18577781 20.64588336
v 278.12355999 -1.43837349 20.42504926
v 278.12355999 -1.67536984 20.19450265
v 278.12355999 -1.89609882 19.95418402
v 278.12355999 -2.09986405 19.70393658
v 278.12355999 -2.28594213 19.44346076
v 278.12355999 -2.45358107 19.17224102
v 278.12355999 -2.60199329 18.88942018
v 278.12355999 -2.73033799 18.59356439
v 278.12355999 -2.83768011 18.28216805
v 278.12355999 -2.92288684 17.95040418
v 278.12355999 -2.98429827 17.58676351
v 278.12355999 -3.01722744 17.12110651
v 278.12355999 -3.01055645 16.65901792
v 278.12355999 -2.99053812 16.44241356
v 278.12355999 -2.95715612 16.27189312
v 278.12355999 -2.91038278 16.12627940
v 278.12355999 -2.85017819 15.99724818
v 278.12355999 -2.77648911 15.88051144
v 278.12355999 -2.68924739 15.77352702
v 278.12355999 -2.58836789 15.67465009
v 278.12355999 -2.47374598 15.58275104
v 278.12355999 -2.34525427 15.49701987
v 278.12355999 -2.20273857 15.41685661
v 278.12355999 -2.04601290 15.34180554
v 278.12355999 -1.87485321 15.27151361
v 278.12355999 -1.68898948 15.20570287
v 278.12355999 -1.48809577 15.14415173
v 278.12355999 -1.27177750 15.08668164
v 278.12355999 -1.03955499 15.03314751
v 278.12355999 -0.79084198 14.98343062
v 278.12355999 -0.52491698 14.93743334
v 278.12355999 -0.24088454 14.89507498
v 278.12355999 0.06237836 14.85628874
v 278.12355999 0.38629838 14.82101916
v 278.12355999 0.73271695 14.78922022
v 278.12355999 1.10405842 14.76085375
v 278.12355999 1.50359579 14.73588824
v 278.12355999 12.39407064 14.73588824
v 278.12355999 12.79360800 14.76085375
v 278.12355999 13.16494947 14.78922022
v 278.12355999 13.51136804 14.82101916
v 278.12355999 13.83528806 14.85628874
v 278.12355999 14.13855096 14.89507498
v 278.12355999 14.42258340 14.93743334
v 278.12355999 14.68850840 14.98343062
v 278.12355999 14.93722141 15.03314751
v 278.12355999 15.16944392 15.08668164
v 278.12355999 15.38576219 15.14415173
v 278.12355999 15.58665590 15.20570287
v 278.12355999 15.77251964 15.27151361
v 278.12355999 15.94367933 15.34180554
v 278.12355999 16.10040499 15.41685661
v 278.12355999 16.24292069 15.49701987
v 278.12355999 16.37141240 15.58275104
v 278.12355999 16.48603431 15.67465009
v 278.12355999 16.58691381 15.77352702
v 278.12355999 16.67415554 15.88051144
v 278.12355999 16.74784461 15.99724818
v 278.12355999 16.80804920 16.12627940
v 278.12355999 16.85482255 16.27189312
v 278.12355999 16.88820454 16.44241356
v 278.12355999 16.90822288 16.65901792
v 279.06643476 14.20271602 17.40532967
v 279.06643476 14.17880747 17.73108322
v 279.06643476 14.13425209 17.98531990
v 279.06643476 14.07244891 18.21722437
v 279.06643476 13.99460108 18.43486419
v 279.06643476 13.90152957 18.64162307
v 279.06643476 13.79391189 18.83925783
v 279.06643476 13.67235720 19.02877418
v 279.06643476 13.53743604 19.21077374
v 279.06643476 13.38969309 19.38561873
v 279.06643476 13.22965224 19.55352002
v 279.06643476 13.05781779 19.71458841
v 279.06643476 12.87467344 19.86886653
v 279.06643476 12.68067992 20.01634965
v 279.06643476 12.47627178 20.15699987
v 279.06643476 12.26185346 20.29075620
v 279.06643476 12.03779463 20.41754183
v 279.06643476 11.80442494 20.53726954
v 279.06643476 11.56202772 20.64984589
v 279.06643476 11.31083251 20.75517441
v 279.06643476 11.05100573 20.85315816
v 279.06643476 10.78263863 20.94370174
v 279.06643476 10.50573117 21.02671296
v 279.06643476 10.22016935 21.10210419
v 279.06643476 9.92569225 21.16979341
v 279.06643476 9.62184133 21.22970522
v 279.06643476 9.30787861 21.28177151
v 279.06643476 8.98264553 21.32593214
v 279.06643476 8.64429767 21.36213541
v 279.06643476 8.28974452 21.39033851
v 279.06643476 7.91323269 21.41050780
v 279.06643476 7.50139865 21.42261909
v 279.06643476 6.97431825 21.42665782
v 279.06643476 6.44723785 21.42261909
v 279.06643476 6.03540380 21.41050780
v 279.06643476 5.65889198 21.39033851
v 279.06643476 5.30433882 21.36213541
v 279.06643476 4.96599096 21.32593214
v 279.06643476 4.64075788 21.28177151
v 279.06643476 4.32679517 21.22970522
v 279.06643476 4.02294424 21.16979341
v 279.06643476 3.72846714 21.10210419
v 279.06643476 3.44290533 21.02671296
v 279.06643476 3.16599786 20.94370174
v 279.06643476 2.89763076 20.85315816
v 279.06643476 2.63780398 20.75517441
v 279.06643476 2.38660878 20.64984589
v 279.06643476 2.14421156 20.53726954
v 279.06643476 1.91084187 20.41754183
v 279.06643476 1.68678304 20.29075620
v 279.06643476 1.47236471 20.15699987
v 279.06643476 1.26795658 20.01634965
v 279.06643476 1.07396306 19.86886653
v 279.06643476 0.89081870 19.71458841
v 279.06643476 0.71898426 19.55352002
v 279.06643476 0.55894341 19.38561873
v 279.06643476 0.41120045 19.21077374
v 279.06643476 0.27627929 19.02877418
v 279.06643476 0.15472460 18.83925783
v 279.06643476 0.04710693 18.64162307
v 279.06643476 -0.04596459 18.43486419
v 279.06643476 -0.12381241 18.21722437
v 279.06643476 -0.18561559 17.98531990
v 279.06643476 -0.23017097 17.73108322
v 279.06643476 -0.25407952 17.40532967
v 279.06643476 -0.24924105 17.08243797
v 279.06643476 -0.23472172 16.93108226
v 279.06643476 -0.21050971 16.81192841
v 279.06643476 -0.17658494 16.71017852
v 279.06643476 -0.13291847 16.62001592
v 279.06643476 -0.07947168 16.53844429
v 279.06643476 -0.01619513 16.46368723
v 279.06643476 0.05697291 16.39459542
v 279.06643476 0.14010834 16.33037950
v 279.06643476 0.23330356 16.27047350
v 279.06643476 0.33667040 16.21445815
v 279.06643476 0.45034374 16.16201504
v 279.06643476 0.57448611 16.11289744
v 279.06643476 0.70929333 16.06691115
v 279.06643476 0.85500182 16.02390132
v 279.06643476 1.01189777 15.98374319
v 279.06643476 1.18032908 15.94633537
v 279.06643476 1.36072098 15.91159491
v 279.06643476 1.55359675 15.87945358
v 279.06643476 1.75960588 15.84985501
v 279.06643476 1.97956288 15.82275251
v 279.06643476 2.21450253 15.79810734
v 279.06643476 2.46576041 15.77588732
v 279.06643476 2.73509489 15.75606581
v 279.06643476 3.02487991 15.73862076
v 279.06643476 3.33842608 15.72353409
v 279.06643476 3.68055397 15.71079107
v 279.06643476 4.05871411 15.70037992
v 279.06643476 4.48547367 15.69229143
v 279.06643476 4.98522895 15.68651869
v 279.06643476 5.62004532 15.68305693
v 279.06643476 6.97431823 15.68190332
v 279.06643476 8.32859117 15.68305693
v 279.06643476 8.96340755 15.68651869
v 279.06643476 9.46316283 15.69229143
v 279.06643476 9.88992238 15.70037992
v 279.06643476 10.26808252 15.71079107
v 279.06643476 10.61021041 15.72353409
v 279.06643476 10.92375659 15.73862076
v 279.06643476 11.21354160 15.75606581
v 279.06643476 11.48287609 15.77588732
v 279.06643476 11.73413396 15.79810734
v 279.06643476 11.96907361 15.82275251
v 279.06643476 12.18903062 15.84985501
v 279.06643476 12.39503974 15.87945358
v 279.06643476 12.58791552 15.91159491
v 279.06643476 12.76830742 15.94633537
v 279.06643476 12.93673873 15.98374319
v 279.06643476 13.09363467 16.02390132
v 279.06643476 13.23934316 16.06691115
v 279.06643476 13.37415039 16.11289744
v 279.06643476 13.49829275 16.16201504
v 279.06643476 13.61196610 16.21445815
v 279.06643476 13.71533293 16.27047350
v 279.06643476 13.80852815 16.33037950
v 279.06643476 13.89166358 16.39459542
v 279.06643476 13.96483162 16.46368723
v 279.06643476 14.02810817 16.53844429
v 279.06643476 14.08155496 16.62001592
v 279.06643476 14.12522143 16.71017852
v 279.06643476 14.15914621 16.81192841
v 279.06643476 14.18335821 16.93108226
v 279.06643476 14.19787754 17.08243797
v 280.00000000 7.00000000 18.00000000
v 94.73706233 -31.74753461 26.06121562
v 95.10548003 -31.75952756 25.99931662
v 94.73706233 25.90854902 26.09868361
v 95.94191617 25.89416545 25.88945329
v 96.23391466 -31.79688364 25.81006193
v 96.59187441 -31.80689751 25.74931591
v 96.23391466 25.89041710 25.83856115
v 97.43161236 25.88405072 25.62758350
v 97.73460031 -31.83945317 25.55567399
v 98.08109884 -31.84691193 25.49593932
v 97.73460031 25.88216946 25.57402674
v 98.92213724 25.88332681 25.36138573
v 99.23899254 -31.87253712 25.29668577
v 99.58317154 -31.87556556 25.23304442
v 99.23899254 25.88332237 25.30443380
v 100.39949003 25.88783780 25.08599963
v 100.74696377 -31.88760582 25.01919448
v 101.12074034 -31.89250728 24.94156673
v 100.74696377 25.88856129 25.02011214
v 101.86243672 25.90579582 24.79017873
v 102.25838564 -31.91076462 24.70774233
v 102.68741845 -31.92342244 24.61278292
v 102.25838564 25.91065604 24.70763821
v 103.32531265 25.94604594 24.47410362
v 103.77312901 -31.95931237 24.37505727
v 104.25535101 -31.98197263 24.26338838
v 103.77312901 25.95919323 24.37494331
v 104.79630395 26.01147059 24.14057264
v 105.29106402 -32.03477626 24.02607747
v 105.81816090 -32.06832572 23.89944660
v 105.29106402 26.03465156 24.02595859
v 106.27768162 26.10186704 23.79143681
v 106.81206009 -32.13594035 23.66313972
v 107.37434449 -32.18059278 23.52402994
v 106.81206009 26.13581450 23.66302023
v 107.77063549 26.21653523 23.42830359
v 108.33598597 -32.26149911 23.28852381
v 108.93327045 -32.31308606 23.13291945
v 108.33598597 26.26137594 23.28840740
v 109.25949076 26.34545921 23.04980839
v 109.86270975 -32.39806031 22.89317259
v 110.48939088 -32.46559224 22.72336070
v 109.86270975 26.39710854 22.89227790
v 110.77031579 26.50137493 22.64864050
v 111.39209892 -32.56894647 22.48070229
v 112.00246800 -32.64927768 22.31824034
v 111.39209892 26.56865350 22.48042957
v 112.32965677 26.69848486 22.23249552
v 112.92402035 -32.77702442 22.07451316
v 113.48199382 -32.85814314 21.92582798
v 112.92402035 26.77687931 22.07437957
v 113.92570679 26.92944629 21.80895889
v 114.45834038 -33.00716677 21.66718654
v 114.94706604 -33.08363315 21.53670206
v 114.45834038 27.00702921 21.66706137
v 115.54402906 27.18460802 21.37871805
v 115.99492479 -33.25544475 21.25848423
v 116.40045333 -33.32293025 21.15050868
v 115.99492479 27.25531581 21.25836831
v 117.18368548 27.46175087 20.94339560
v 117.53363887 -33.52025998 20.85035326
v 117.84200167 -33.57428558 20.76884873
v 117.53363887 27.52014043 20.85024713
v 118.84569111 27.75965653 20.50501609
v 119.07434745 -33.79994544 20.44469587
v 119.27165895 -33.83601087 20.39316108
v 119.07434745 27.79983580 20.44459979
v 120.53095291 28.07689731 20.06572674
v 122.10184391 -34.37960810 19.66238794
v 120.61691489 -34.09276072 20.04336877
v 121.42745986 -34.25210268 19.83591217
v 120.68946050 -34.10648055 20.02473153
v 120.61691489 28.09266134 20.04328282
v 121.42949646 28.25240998 19.83531043
v 122.16120517 -34.39121089 19.64711091
v 123.51121175 -34.65202411 19.30656337
v 122.16120517 28.39113631 19.64703738
v 122.23350540 28.40552368 19.62878402
v 123.70708187 -34.69111787 19.25710774
v 124.91099684 -34.92699554 18.96077917
v 123.70708187 28.69105106 19.25704277
v 123.95031841 28.74010234 19.19708184
v 125.25440821 -34.99646714 18.87610801
v 126.30159587 -35.20298797 18.62584333
v 125.25440821 28.99640773 18.87605103
v 125.68831088 29.08443022 18.77212102
v 126.80304712 -35.30505172 18.50569940
v 127.68346504 -35.47849938 18.30245851
v 126.80304712 29.30499926 18.50564979
v 127.44710204 29.43544913 18.35652660
v 128.35286119 -35.61455384 18.14740581
v 129.06388074 -35.74995062 17.98654310
v 128.35286119 29.61450780 18.14736288
v 129.20505765 29.77740288 17.95011752
v 129.90371280 -35.91537331 17.79609898
v 130.45404094 -36.01309783 17.66868150
v 129.90371280 29.90733471 17.78870886
v 130.90298552 30.08324779 17.54189167
v 131.45546407 -36.19850408 17.43723600
v 131.85820185 -36.26703602 17.34104343
v 131.45546407 30.17706694 17.40531762
v 132.54329468 30.37448582 17.12251509
v 133.00797693 -36.47240169 17.06764890
v 133.26720812 -36.51599140 17.00523841
v 133.00797693 30.45557948 17.00144387
v 134.17843818 30.68780281 16.69652004
v 136.07708908 -37.00561447 16.32848587
v 134.56111313 -36.74489377 16.69520494
v 135.68692664 -36.94103513 16.42342361
v 134.67173992 -36.76326212 16.66837857
v 134.56111313 30.76103275 16.59662589
v 135.82527479 31.03141777 16.26703104
v 136.11473431 -37.01210265 16.31931652
v 137.49017255 -37.23777576 15.98283973
v 136.11473431 31.09126321 16.19142435
v 137.48686247 31.40543082 15.83449513
v 137.66870197 -37.26834514 15.93912795
v 138.89767768 -37.46900733 15.63824355
v 137.66870197 31.44574356 15.78711827
v 139.16702227 31.81052538 15.40023876
v 139.22287755 -37.52452573 15.55855727
v 140.29949126 -37.69965935 15.29550991
v 139.22287755 31.82371136 15.38579642
v 139.82402714 31.97807660 15.23223222
v 140.77712245 -37.78104512 15.17870982
v 141.69557512 -37.93004866 14.95537548
v 140.77712245 32.21641530 14.98721170
v 140.85904100 32.23831050 14.96636869
v 142.33129803 -38.03826508 14.80065861
v 143.08588803 -38.16048144 14.61855553
v 142.33129803 32.62294602 14.59271002
v 142.56453095 32.68760397 14.53429410
v 143.88526569 -38.29654680 14.42548322
v 144.47037890 -38.39125483 14.28574891
v 143.88526569 33.04570545 14.20439412
v 144.28928114 33.16119275 14.10510594
v 145.43888687 -38.55624842 14.05426776
v 145.84898921 -38.62265566 13.95763637
v 145.43888687 33.48272970 13.82338543
v 146.03395562 33.65716290 13.68037041
v 146.99202307 -38.81772233 13.68809881
v 147.22165536 -38.85495922 13.63487902
v 146.99202307 33.93203148 13.45077718
v 147.79914667 34.17340213 13.26172888
v 149.96645358 -39.31111200 13.00143065
v 148.54453593 -39.08131234 13.32806323
v 148.90187866 -39.14226820 13.24682048
v 148.58831071 -39.08842793 13.31811690
v 148.54453593 34.39160163 13.08763711
v 149.58536128 34.70757861 12.85090202
v 150.09628720 -39.33255547 12.97124973
v 151.34539470 -39.53082668 12.68957077
v 150.09628720 34.85940973 12.73500927
v 151.39299999 35.25711568 12.44969217
v 151.64713881 -39.58074522 12.62094401
v 152.72003152 -39.75132892 12.38509491
v 151.64713881 35.33340332 12.39391466
v 153.05863784 35.76868328 12.09468459
v 153.19695288 -39.83041664 12.27934895
v 154.09033967 -39.97281147 12.08863716
v 153.19695288 35.80957836 12.06486594
v 153.21941254 35.81630848 12.06016819
v 154.74559179 -40.08180854 11.94753647
v 155.45629847 -40.19545291 11.80081634
v 154.74559179 36.26631934 11.74374207
v 155.03418418 36.35214809 11.68594884
v 156.29291813 -40.33514142 11.62657193
v 156.81789255 -40.41941679 11.52223554
v 156.29291813 36.72036179 11.43605655
v 156.86467090 36.88823058 11.32695968
v 157.83879483 -40.59061484 11.31751202
v 158.17678254 -40.64429928 11.25241134
v 157.83879483 37.16938960 11.14265841
v 158.70233940 37.41552346 10.98396339
v 159.38308511 -40.84475924 11.01812083
v 159.53968692 -40.86835702 10.98740783
v 159.38308511 37.60600742 10.85982992
v 160.49716033 37.90186287 10.64863945
v 162.34340523 -41.30709658 10.42077432
v 160.92565255 -41.08656673 10.71277656
v 160.95609436 -41.09157150 10.70658176
v 160.92848583 -41.08700638 10.71219821
v 160.92565255 38.01307963 10.56783917
v 162.23443434 38.35441922 10.30582040
v 162.46636113 -41.32689860 10.39508767
v 163.74612238 -41.54156787 10.13359856
v 162.46636113 38.41328441 10.25952555
v 163.97692645 38.82015308 9.95995452
v 164.00507521 -41.58683110 10.08018763
v 165.13104679 -41.78766677 9.85544941
v 164.00507521 38.82752725 9.95438540
v 164.19464082 38.88010308 9.91757783
v 165.54165962 -41.86394314 9.77268362
v 166.49861255 -42.04117725 9.58710154
v 165.54165962 39.23818980 9.65106735
v 165.72229966 39.28805135 9.61582195
v 167.07597965 -42.15257334 9.47400560
v 167.84963268 -42.29813016 9.32898139
v 167.07597965 39.65406160 9.35414409
v 167.48622705 39.76832395 9.27634824
v 168.60790108 -42.44689519 9.18541667
v 169.18501756 -42.55484102 9.08137174
v 168.60790108 40.07427457 9.06556107
v 169.27068455 40.25903898 8.94405937
v 170.13729025 -42.74089043 8.90801454
v 170.50576734 -42.80786650 8.84443685
v 170.13729025 40.49555906 8.78657415
v 171.07390286 40.75473006 8.62151997
v 173.11867691 -43.28185312 8.39941742
v 171.66401403 -43.02830539 8.64271835
v 172.65744073 -43.20665570 8.47820700
v 171.81298867 -43.05394963 8.61823364
v 171.66401403 40.91453993 8.51839193
v 172.89344129 41.24926769 8.31136232
v 173.18793991 -43.29349672 8.38728431
v 174.43669303 -43.47811149 8.18413765
v 173.18793991 41.32770654 8.26216110
v 174.62671501 41.70945935 8.03211335
v 174.70893598 -43.51971638 8.13869241
v 175.74993061 -43.65297942 7.97801373
v 174.70893598 41.72998508 8.01851005
v 174.72346553 41.73351214 8.01618817
v 176.22687099 -43.71632117 7.90241839
v 177.06069733 -43.80250682 7.78068315
v 176.22687099 42.09331326 7.78060277
v 176.51376839 42.15922043 7.73747368
v 177.74161436 -43.87593136 7.67849407
v 178.37184336 -43.92231039 7.59161671
v 177.74161436 42.43725069 7.55653008
v 178.29817920 42.55531541 7.47740817
v 179.25303623 -43.99066423 7.46655904
v 179.68723202 -44.00742625 7.40992564
v 179.25303623 42.75491942 7.34440321
v 180.03968293 42.90248854 7.23179645
v 180.76100746 -44.05256879 7.26552968
v 181.01094588 -44.05375853 7.23491641
v 180.76100746 43.03580433 7.13073451
v 181.70632211 43.21982717 6.99608995
v 183.70046760 -44.02443305 6.90707584
v 182.26539969 -44.06391027 7.07649248
v 183.02840680 -44.04693035 6.98782743
v 182.34467019 -44.06190575 7.06752484
v 182.26539969 43.32737852 6.91841462
v 183.34621861 43.56168146 6.78108489
v 183.76608534 -44.02232039 6.89882872
v 185.07972600 -43.94431780 6.75471230
v 183.76608534 43.65181885 6.72918874
v 184.97695574 43.93221274 6.59203111
v 185.26293767 -43.93373586 6.73374141
v 186.46429988 -43.83788180 6.60464514
v 185.26293767 43.99772355 6.56046568
v 186.59065090 44.31756589 6.41349161
v 186.75583077 -43.81524568 6.57218234
v 187.84939951 -43.71109910 6.45475267
v 186.75583077 44.35681226 6.39554052
v 188.20737601 44.72125217 6.24014916
v 188.24463961 -43.67439118 6.41094472
v 189.23377260 -43.56855505 6.30770600
v 188.24463961 44.73047780 6.23622275
v 188.61658598 44.82692468 6.19957604
v 189.72924009 -43.51672915 6.25438551
v 190.61693110 -43.41451532 6.16694166
v 189.72924009 45.10534672 6.08622224
v 189.82528387 45.12976565 6.07715604
v 191.20950901 -43.34774620 6.10677462
v 191.99823507 -43.25332783 6.03592930
v 191.20950901 45.47949642 5.95076928
v 191.45242247 45.54068990 5.93097633
v 192.68532414 -43.17284506 5.97228332
v 193.37702931 -43.08933807 5.91808360
v 192.68532414 45.84943215 5.83427690
v 193.09282478 45.94918603 5.80718768
v 194.15656426 -42.99734176 5.85498412
v 194.75264443 -42.92686709 5.81674724
v 194.15656426 46.20800350 5.73960873
v 194.74327321 46.34450694 5.71047374
v 195.62310914 -42.82646348 5.75885070
v 196.12437172 -42.77020225 5.73518473
v 195.62310914 46.54782067 5.66922493
v 196.39808440 46.71447442 5.64479103
v 197.08483958 -42.66536572 5.68777634
v 197.49111825 -42.62374521 5.67636587
v 197.08483958 46.86091922 5.62486809
v 198.04335556 47.04290528 5.61052567
v 198.54163749 -42.51946537 5.64469424
v 198.85309861 -42.49114616 5.63915824
v 198.54163749 47.13638926 5.60412046
v 199.66685594 47.31580064 5.59675197
v 199.99338583 -42.39080020 5.61640015
v 200.21630791 -42.36879266 5.61356921
v 199.99338583 47.36696920 5.59513324
v 201.26505796 47.52469155 5.59322866
v 201.43996870 -42.25070311 5.59494191
v 201.58852040 -42.23220173 5.59374652
v 201.43996870 47.54591111 5.59321787
v 202.83283308 47.66741222 5.59552427
v 202.88127135 -42.07319006 5.57983777
v 202.96880214 -42.06024932 5.57955569
v 202.88127135 47.67152726 5.59567999
v 203.55956413 47.70743850 5.59862931
v 205.74384425 -41.62139128 5.56927561
v 204.31718019 -41.86226643 5.57145272
v 205.59198935 -41.64744300 5.56965994
v 204.35415978 -41.85601651 5.57150314
v 204.31718019 47.74247868 5.59989504
v 204.36067434 47.74318293 5.59996317
v 205.74758282 -41.62074928 5.56925213
v 207.14031348 -41.35550625 5.57174405
v 205.74758282 47.76549613 5.60657018
v 205.85715223 47.76425664 5.60705480
v 207.17236807 -41.34938678 5.57168299
v 208.53568214 -41.06669955 5.57936266
v 207.17236807 47.74962393 5.61709067
v 207.33469789 47.74378864 5.61823015
v 208.59142603 -41.05509996 5.57947294
v 209.92865855 -40.75779906 5.59148058
v 208.59142603 47.69920458 5.63110915
v 208.79609250 47.68737756 5.63301565
v 210.00464803 -40.74082952 5.59188752
v 211.31805341 -40.43163692 5.60738137
v 210.00464803 47.61843466 5.64820268
v 210.24364727 47.60005595 5.65089315
v 211.41192671 -40.40942332 5.60815092
v 212.70279567 -40.09101145 5.62629255
v 211.41192671 47.51137409 5.66786530
v 211.67930961 47.48641283 5.67128627
v 212.81315602 -40.06363175 5.62744887
v 214.08244697 -39.73835714 5.64722282
v 212.81315602 47.38194087 5.68951473
v 213.10468205 47.35067341 5.69355137
v 214.20823127 -39.70592473 5.64874017
v 215.46060926 -39.37366446 5.66887536
v 214.20823127 47.23384520 5.71243243
v 214.52061374 47.19667723 5.71707655
v 215.59704911 -39.33727286 5.67063723
v 216.83813506 -38.99845902 5.69842014
v 215.59704911 47.07006405 5.73637748
v 215.92612720 47.02773669 5.74351207
v 216.97950759 -38.95968602 5.70116967
v 218.20848672 -38.61873827 5.73970813
v 216.97950759 46.89365037 5.76949422
v 217.32202998 46.84740820 5.77991719
v 218.35550617 -38.57776914 5.74389078
v 219.56881754 -38.23831116 5.79275481
v 218.35550617 46.70925180 5.81443248
v 218.71248169 46.65971743 5.82836262
v 219.72494574 -38.19443724 5.79858578
v 220.91818570 -37.85977120 5.85672934
v 219.72494574 46.52054694 5.87087170
v 220.09924883 46.46808195 5.88854040
v 221.08772863 -37.81201512 5.86449045
v 222.25589956 -37.48547136 5.93073274
v 221.08772863 46.33077961 5.93812983
v 221.48324815 46.27568942 5.95986150
v 222.44375867 -37.43274075 5.94082551
v 223.58147825 -37.11753905 6.01382413
v 222.44375867 46.14306089 6.01548531
v 222.86523274 46.08565505 6.04169720
v 223.79294118 -37.05872416 6.02675448
v 224.90720915 -36.75011645 6.10161058
v 223.79294118 45.96034113 6.10214934
v 224.24161929 45.90020575 6.13172315
v 225.13518299 -36.68670671 6.11619020
v 226.24444389 -36.36257620 6.19069446
v 225.13518299 45.78146309 6.19340712
v 225.60130794 45.71290198 6.22476204
v 226.47039247 -36.29620231 6.20507303
v 227.58600470 -35.94720772 6.28286888
v 226.47039247 45.58625261 6.28611019
v 226.94112335 45.50729664 6.31902325
v 227.79847955 -35.88033693 6.29689831
v 228.92214258 -35.50980039 6.38016062
v 227.79847955 45.36491893 6.38195704
v 228.26730043 45.27773625 6.41642306
v 229.11935575 -35.44434697 6.39402591
v 230.25063225 -35.05397997 6.48245165
v 229.11935575 45.12094030 6.48214349
v 229.58361250 45.02670088 6.51781650
v 230.43293416 -34.99064365 6.49599549
v 231.57085327 -34.58235346 6.58920315
v 230.43293416 44.85616710 6.58624773
v 230.89060585 44.75600705 6.62280353
v 231.73912953 -34.52154326 6.60232378
v 232.88229046 -34.09741745 6.69985883
v 231.73912953 44.57238630 6.69383407
v 232.18874452 44.46737246 6.73097573
v 233.03785821 -34.03927032 6.71250978
v 234.18452302 -33.60155219 6.81385265
v 233.03785821 44.27132178 6.80445531
v 233.47841836 44.16242794 6.84191671
v 234.32903821 -33.54596078 6.82603973
v 235.47721378 -33.09701881 6.93061540
v 234.32903821 43.95463516 6.91765536
v 234.75995042 43.84272774 6.95520294
v 235.61258924 -33.04366514 6.94239152
v 236.76009907 -32.58595894 7.04958029
v 235.61258924 43.62392688 7.03297172
v 236.03360379 43.50975809 7.07040480
v 236.88843268 -32.53435147 7.06103870
v 238.03297933 -32.07039619 7.17018760
v 236.88843268 43.28073762 7.14993812
v 237.29958786 43.16494447 7.18708793
v 238.15649161 -32.01990820 7.18145400
v 239.29687121 -31.55139874 7.29164374
v 238.15649161 42.92654973 7.26808690
v 238.55781223 42.80965149 7.30471365
v 239.41669086 -31.50175735 7.30273106
v 240.55797766 -31.02617684 7.41331034
v 239.41669086 42.56249188 7.38666052
v 239.80634239 42.44517903 7.42242620
v 240.66895698 -30.97958152 7.42365370
v 241.81660770 -30.49612879 7.54104795
v 240.66895698 42.18831796 7.50492260
v 241.04143446 42.07284927 7.54115572
v 241.91321830 -30.45515249 7.55060046
v 243.06470420 -29.96872555 7.67740370
v 241.91321830 41.80531549 7.62915042
v 242.26488247 41.69403921 7.66596539
v 243.14940490 -29.93270027 7.68644104
v 244.30509888 -29.44346701 7.82120039
v 243.14940490 41.41691554 7.76180623
v 243.48072350 41.30997399 7.79854589
v 244.37744867 -29.41262408 7.82938237
v 245.56789181 -28.89565443 7.96673141
v 244.37744867 41.02341264 7.90135143
v 244.68059209 40.92091578 7.93483319
v 245.59728330 -28.88279167 7.97000948
v 246.06810457 -28.66362902 8.02389909
v 245.59728330 40.61437590 8.03995302
v 245.84877802 40.52083340 8.06770669
v 246.80884429 -28.31385796 8.10713498
v 246.86671614 -28.28552764 8.11425786
v 246.80884429 40.16803804 8.17814878
v 246.99165644 40.09517771 8.19936897
v 248.01206898 -27.71833206 8.25002017
v 248.16086641 -27.64306215 8.26941801
v 248.01206898 39.69344149 8.32267076
v 248.12744338 39.64508635 8.33683386
v 249.20689658 -27.10782910 8.40110280
v 249.43368726 -26.99044153 8.43226320
v 250.39138884 38.68841116 8.63254059
v 249.20689658 39.19814299 8.47446013
v 250.36011279 38.70204490 8.62842713
v 249.26069448 39.17474755 8.48141594
v 250.39326812 -26.48809618 8.55989490
v 250.68384230 -26.33555824 8.60177470
v 250.39326812 38.68760545 8.63279785
v 251.51488687 38.18822526 8.78845354
v 251.57112653 -25.86452643 8.72584356
v 251.91050883 -25.68531258 8.77692740
v 251.57112653 38.16353962 8.79651485
v 252.64026669 37.68109205 8.95136704
v 252.74041663 -25.24220087 8.89835801
v 253.11322831 -25.04570822 8.95672154
v 252.74041663 37.63655150 8.96634087
v 253.76978007 37.17069645 9.12167061
v 253.90108513 -24.62592126 9.07682839
v 254.29196414 -24.42180230 9.14018665
v 253.90108513 37.11209320 9.14207078
v 254.90393274 36.66094173 9.29901708
v 255.05308065 -24.02007431 9.26050910
v 255.45780356 -23.80868416 9.32543911
v 255.05308065 36.59473069 9.32299400
v 256.01646914 36.15882374 9.47186293
v 256.19635374 -23.41854190 9.44070871
v 256.64423138 -23.17431749 9.50892927
v 256.19635374 36.07859346 9.50051365
v 257.08434567 35.65385741 9.63007472
v 257.33085688 -22.79518103 9.61004228
v 257.86422277 -22.48808320 9.68926690
v 257.33085688 35.53792524 9.66749757
v 258.12334922 35.13254067 9.77984659
v 258.45654449 -22.14256142 9.77402492
v 259.08914384 -21.76316090 9.86844526
v 258.45654449 34.96515211 9.82928348
v 259.15096789 34.59157658 9.92809356
v 259.57337295 -21.46892730 9.93803722
v 260.30061747 -21.01737650 10.04731639
v 259.57337295 34.36837910 9.99104645
v 260.17321246 34.03163559 10.07692762
v 260.68130061 -20.77791190 10.10238777
v 261.50506851 -20.24848996 10.22473731
v 260.68130061 33.75139015 10.15312077
v 261.18649683 33.45567590 10.22450243
v 261.78028777 -20.06934586 10.26407962
v 262.73344285 -19.42662957 10.39983601
v 261.78028777 33.11409640 10.31248040
v 262.17813319 32.86762857 10.36615920
v 262.87029674 -19.33323210 10.41858268
v 263.68126937 -18.75326675 10.53257005
v 262.87029674 32.44624904 10.46453342
v 263.13938276 32.26774976 10.50025804
v 263.95129181 -18.55672267 10.56969310
v 264.00820314 -18.51373691 10.57798653
v 264.99234079 31.01391859 10.76073208
v 263.95129181 31.73862764 10.61430405
v 264.83696410 31.12427788 10.73952629
v 264.07559694 31.65107376 10.63101742
v 265.02323925 -17.73566778 10.71952553
v 265.32963210 -17.49155633 10.76451811
v 265.02323925 30.99249371 10.76524278
v 265.86759068 30.35563947 10.88125014
v 266.08610736 -16.88007416 10.87077640
v 266.71531795 -16.33922033 10.95563839
v 266.08610736 30.19475978 10.91345443
v 266.70501708 29.68951266 10.99229016
v 267.13986645 -15.97038894 11.01092226
v 267.95806629 -15.20812076 11.12881293
v 267.13986645 29.34184813 11.05144777
v 267.50157903 29.02113066 11.10149455
v 268.18448884 -14.99034354 11.15995684
v 268.37506703 -14.79782119 11.19405784
v 268.96433457 27.67760098 11.33640521
v 268.18448884 28.42460310 11.20039472
v 268.43601015 28.19010313 11.24588337
v 268.25781287 28.35564636 11.21332533
v 269.21994887 -13.93950038 11.34286794
v 270.16241819 -12.94552788 11.55381879
v 269.21994887 27.43402487 11.38238211
v 269.66120350 26.98578856 11.47740824
v 270.24622294 -12.85409998 11.57207637
v 270.34827603 -12.73834342 11.59900253
v 271.01810380 25.56567090 11.80770873
v 270.24622294 26.40163616 11.60902511
v 270.58188559 26.04632012 11.69723910
v 270.35472736 26.28544198 11.63673355
v 271.26328944 -11.69414438 11.83717248
v 272.00207116 -10.81035486 12.06114582
v 271.26328944 25.30158579 11.87292637
v 271.66366735 24.83502211 11.98970748
v 272.27112885 -10.47829403 12.14174057
v 272.81176141 -9.77439534 12.32595544
v 272.89442069 23.35090646 12.38047062
v 272.27112885 24.14314007 12.17553251
v 272.35992007 24.03422142 12.20546379
v 272.30432590 24.10182072 12.18639034
v 273.26972366 -9.17498697 12.48050644
v 273.46873939 -8.89648056 12.55540187
v 274.01821372 21.85383242 12.78663000
v 273.26972366 22.88509831 12.50998606
v 273.74658585 22.23939327 12.68805844
v 273.47415070 22.60345878 12.58399648
v 274.25905842 -7.75969026 12.85272174
v 274.58653160 -7.24754291 12.98807900
v 275.00324355 20.37552663 13.18194708
v 274.25905842 21.52463074 12.87925183
v 274.79985189 20.70199738 13.10090323
v 274.52644366 21.10977369 12.98547750
v 275.23911975 -6.19965196 13.25981586
v 275.43305475 -5.85143350 13.34735502
v 275.81510573 -5.14981923 13.52304937
v 276.07469885 -4.66737245 13.64067465
v 276.20797568 18.28473027 13.72039222
v 276.20693199 18.28677826 13.71993873
v 275.82597450 18.95721372 13.54169711
v 275.23911975 20.01470314 13.28226957
v 275.58599120 19.40546228 13.43737562
v 275.43811909 19.65753294 13.36853626
v 276.20989630 -4.41003017 13.70331742
v 276.53106308 -3.68738076 13.86160121
v 276.74147744 -3.20817914 13.96981697
v 276.90725531 -2.81515185 14.05157107
v 277.03013376 16.42339190 14.12618995
v 276.98479231 16.54047941 14.10480646
v 276.76697179 17.01729240 13.99091046
v 276.20989630 18.28124141 13.72130040
v 276.61884667 17.37467277 13.92094260
v 276.49370563 17.63708162 13.85590749
v 277.17137879 -2.18244348 14.18830730
v 277.21748099 -2.03593572 14.21284574
v 277.22940619 -1.99873933 14.21980089
v 277.40508464 -1.39423915 14.31291296
v 277.45709709 -1.21974532 14.34341883
v 277.57188643 -0.78647803 14.40393825
v 277.64851236 -0.50625940 14.44909506
v 277.71997604 -0.20598938 14.48654151
v 277.80992557 0.15833128 14.53976400
v 277.85091776 0.35333337 14.56109780
v 277.94586127 0.78748861 14.61746533
v 277.96589171 0.89751745 14.62781423
v 278.05964389 1.39304817 14.68363206
v 278.06579452 1.43299222 14.68678594
v 278.08453628 12.41826724 14.70162171
v 278.08155704 12.44317110 14.70018453
v 277.99667865 12.88868960 14.64967424
v 277.98513659 12.96756508 14.64405294
v 277.89804321 13.36040767 14.59221217
v 277.87395687 13.49897791 14.58037485
v 277.78870854 13.83765481 14.52966302
v 277.74715632 14.04371627 14.50906767
v 277.66869937 14.32386023 14.46246618
v 277.60360725 14.60763860 14.42994807
v 277.53795920 14.82190706 14.39105159
v 277.44181981 15.19661985 14.34267853
v 277.39631091 15.33434670 14.31581008
v 277.17137879 16.09763383 14.20039219
v 277.25980703 15.81700624 14.24669370
v 277.24340125 15.86360578 14.23705328
v 278.12355999 1.79649076 14.72126005
v 278.13279523 1.94963104 14.72418302
v 278.13304063 1.95343617 14.72431756
v 278.15640111 2.45193611 14.73140520
v 278.15710218 2.46633543 14.73178934
v 278.17531749 2.99099618 14.73711020
v 278.17616264 3.01581758 14.73757252
v 278.18979769 3.58538069 14.74143240
v 278.19055698 3.62167094 14.74184578
v 278.20002856 4.26956592 14.74446998
v 278.20054793 4.32182918 14.74475204
v 278.20620992 5.12884140 14.74636772
v 278.20636002 5.24785471 14.74642985
v 278.20824094 6.95112204 14.74697301
v 278.20810010 7.07254515 14.74692301
v 278.20654562 8.77311938 14.74673326
v 278.20601046 8.82890808 14.74645325
v 278.20088629 9.63157212 14.74540260
v 278.20004574 9.67276100 14.74495694
v 278.19130637 10.31439893 14.74306882
v 278.19026298 10.34560463 14.74250929
v 278.17759691 10.90686023 14.73957418
v 278.17651655 10.92933566 14.73899108
v 278.15956761 11.44340179 14.73481302
v 278.15867885 11.45729673 14.73433116
v 278.12355999 12.17245635 14.72482005
v 278.13696765 11.94255369 14.72864910
v 278.13657207 11.94744780 14.72843388
v 94.67476266 -31.75235062 26.07840630
v 95.90645001 -33.77797747 28.43289221
v 95.81421630 -33.67059123 28.26378682
v 95.59042433 -33.36391418 27.85099556
v 95.42469910 -33.13290302 27.53920645
v 95.29164981 -32.91605017 27.28740931
v 95.06959800 -32.54796763 26.85891208
v 95.00975405 -32.43253052 26.74275559
v 94.74575658 -31.91478266 26.22051351
v 94.73706233 -31.89493651 26.20314010
v 94.74430357 -31.91147763 26.21762297
v 94.74535268 -31.91387253 26.21971827
v 94.74575658 26.03654511 26.22051351
v 94.74819129 26.04116087 26.22525533
v 94.73706233 26.01703691 26.20314010
v 95.06959800 26.65714254 26.85891208
v 95.17408288 26.82393135 27.05739221
v 95.42469910 27.22827536 27.53920645
v 95.66789825 27.55326850 27.98962926
v 95.81421630 27.75082326 28.26378682
v 97.37128038 -35.08879274 30.96491200
v 97.23358875 -35.00328549 30.73641774
v 96.97438599 -34.80669847 30.30331430
v 96.71293534 -34.60514019 29.85785517
v 96.59731980 -34.49769566 29.65903487
v 96.23391466 -34.15282877 29.02150717
v 96.24184719 -34.16185541 29.03572467
v 96.24006098 -34.15984991 29.03257308
v 96.23391466 28.21674736 29.02150717
v 96.24184719 28.22556106 29.03572467
v 96.24552547 28.22889417 29.04207970
v 96.71293534 28.65619993 29.85785517
v 96.96912830 28.84444606 30.28808598
v 97.23358875 29.04036879 30.73641774
v 99.20194633 -35.93043820 33.82678854
v 99.18187857 -35.92504789 33.79680840
v 98.70866413 -35.75501609 33.08291527
v 98.45557761 -35.66261567 32.69343870
v 98.23736408 -35.56019017 32.35475855
v 97.73460031 -35.31073648 31.55597855
v 97.81029064 -35.35646233 31.67868267
v 97.78902501 -35.34376742 31.64469938
v 97.73460031 29.33437061 31.55597855
v 97.81029064 29.37904442 31.67868267
v 97.86779061 29.40536616 31.76845857
v 98.45557761 29.67622879 32.69343870
v 99.12915785 29.91015044 33.71619848
v 99.18187857 29.92856602 33.79680840
v 100.29724815 -36.19449676 35.41601152
v 99.23899254 -35.94023748 33.88105576
v 100.01200474 -36.14247585 35.00911471
v 99.73547990 -36.07082575 34.61060605
v 99.23899254 29.94296177 33.88105576
v 100.01200474 30.14380363 35.00911471
v 102.20286111 -36.47956284 38.01600988
v 102.14724620 -36.47511123 37.94276382
v 101.53416112 -36.39473763 37.12379406
v 100.74696377 -36.27530615 36.04482815
v 100.97938048 -36.32127586 36.36856759
v 100.88801051 -36.30333383 36.24279546
v 100.74696377 30.27530615 36.04482815
v 100.97938048 30.32127586 36.36856759
v 101.77182804 30.42561669 37.43589426
v 102.14724620 30.47511123 37.94276382
v 103.74314174 -36.62889030 39.99726660
v 102.25838564 -36.48397597 38.08780982
v 103.67611176 -36.62474570 39.91455840
v 102.96111625 -36.55392124 39.00165595
v 102.25838564 30.48397597 38.08780982
v 103.67611176 30.62474570 39.91455840
v 103.77312901 30.63073810 40.03254101
v 103.77312901 -36.63073810 40.03254101
v 104.79360180 -36.71227931 41.26952677
v 103.84868314 30.63676336 40.12074683
v 105.29106402 30.75191736 41.84082418
v 105.29106402 -36.75191736 41.84082418
v 105.85329088 -36.80616966 42.50735523
v 106.53144181 30.87141891 43.25443449
v 106.81206009 30.89847865 43.58151228
v 107.18802355 30.94038544 43.99951683
v 108.03414130 -36.95307731 44.87491645
v 106.81206009 -36.89847865 43.58151228
v 107.18802355 -36.94038544 43.99951683
v 106.92262383 -36.91081767 43.70933521
v 108.33598597 30.95937611 45.17367011
v 108.99682267 30.98204875 45.82439309
v 108.33598597 -36.95937611 45.17367011
v 109.15264735 -36.98404017 46.00226130
v 109.86270975 31.00949937 46.69346362
v 111.25527452 31.06991144 48.04530555
v 111.34588947 -37.06614390 48.13025173
v 109.86270975 -37.00949937 46.69346362
v 111.25527452 -37.06991144 48.04530555
v 110.25998085 -37.02510978 47.08878145
v 111.39209892 31.06446001 48.17303743
v 111.54121175 31.06026021 48.31108822
v 111.39209892 -37.06446001 48.17303743
v 112.35388371 -37.03447902 49.06808432
v 112.92402035 31.01933315 49.59447006
v 114.15779055 30.99646927 50.73464251
v 114.34646491 -36.98089208 50.91037524
v 112.92402035 -37.01933315 49.59447006
v 114.15779055 -36.99646927 50.73464251
v 113.35634582 -37.01024262 49.99469541
v 114.45834038 30.97149282 51.01720830
v 114.93698123 30.93366298 51.47878692
v 114.45834038 -36.97149282 51.01720830
v 115.30339891 -36.90666271 51.81337811
v 115.99492479 30.85099232 52.48997086
v 116.63281507 30.80151874 53.12287474
v 117.15103944 -36.71685868 53.69740379
v 115.99492479 -36.85099232 52.48997086
v 116.63281507 -36.80151874 53.12287474
v 116.24720697 -36.83251167 52.73192818
v 117.53363887 30.65167970 54.13691010
v 118.65460055 30.46512354 55.42603646
v 118.88455228 -36.41064417 55.69705356
v 117.53363887 -36.65167970 54.13691010
v 118.65460055 -36.46512354 55.42603646
v 118.02408216 -36.57037664 54.69718037
v 119.07434745 30.36503619 55.92379810
v 120.48460881 30.02978668 57.61134421
v 120.55380653 -36.00794122 57.69772327
v 119.07434745 -36.36503619 55.92379810
v 120.48460881 -36.02978668 57.61134421
v 119.72420929 -36.21183067 56.69541770
v 120.61691489 29.98752352 57.77808077
v 122.12845343 29.49863852 59.70613287
v 122.14452466 -35.49186012 59.72826729
v 120.61691489 -35.98752352 57.77808077
v 122.12845343 -35.49863852 59.70613287
v 121.35467163 -35.75199263 58.70936010
v 122.16120517 29.48458680 59.75185650
v 123.56660625 28.86949999 61.74185156
v 123.62929970 -34.83293794 61.84356445
v 122.16120517 -35.48458680 59.75185650
v 123.56660625 -34.86949999 61.74185156
v 122.89507099 -35.16836337 60.77836206
v 123.70708187 28.78648894 61.97185980
v 124.78331950 28.14115428 63.74697977
v 124.97696544 -33.99619664 64.10025217
v 123.70708187 -34.78648894 61.97185980
v 124.78331950 -34.14115428 63.74697977
v 124.31320745 -34.42640439 62.96553121
v 125.25440821 27.78590588 64.60842676
v 125.85061407 27.33171845 65.70038691
v 126.72933194 26.48924765 67.51830349
v 126.77330100 26.44712607 67.60942867
v 126.78236549 -32.43410869 67.63542796
v 126.77330100 -32.44712607 67.60942867
v 126.20684786 -32.99085601 66.44059504
v 125.25440821 -33.78590588 64.60842676
v 125.85061407 -33.33171845 65.70038691
v 125.60892940 -33.51712402 65.25693384
v 126.80304712 26.40818573 67.68634374
v 127.51593202 25.48243050 69.49979632
v 127.70637425 24.85088554 70.66820479
v 127.80140747 24.39110053 71.53170547
v 127.88795381 23.58233360 72.94437075
v 127.92384379 23.23613196 73.55408575
v 128.01265250 22.31184427 75.05785005
v 128.03788325 22.05265150 75.48320794
v 128.12289762 21.02256546 77.04754940
v 128.13599101 20.84344589 77.32273722
v 128.19752494 19.73288986 78.90286709
v 128.20356864 19.60963651 79.08041562
v 128.24883587 18.44049102 80.63627638
v 128.25163920 18.35679262 80.74916108
v 128.28501064 17.14411445 82.25488326
v 128.28633272 17.08895032 82.32435655
v 128.31041722 15.84378729 83.76204178
v 128.31100505 15.80899773 83.80281892
v 128.32869682 14.53905136 85.15966358
v 128.32893034 14.51911536 85.18130985
v 128.34142096 13.22991786 86.44819271
v 128.34149675 13.22042667 86.45767991
v 128.34988317 11.91571984 87.62764374
v 128.34989657 11.91323597 87.62991108
v 128.34990504 -17.91075599 87.63195768
v 128.34989657 -17.91323597 87.62991108
v 128.34154760 -19.21099086 86.46629387
v 128.34149675 -19.22042667 86.45767991
v 128.32908761 -20.49939335 85.20102582
v 128.32893034 -20.51911536 85.18130985
v 128.31140491 -21.77479860 83.83995777
v 128.31100505 -21.80899773 83.80281892
v 128.28723959 -23.03516891 82.38740753
v 128.28633272 -23.08895032 82.32435655
v 128.25356798 -24.27607524 80.85084458
v 128.25163920 -24.35679262 80.74916108
v 128.20746918 -25.49267098 79.23822639
v 128.20356864 -25.60963651 79.08041562
v 128.14407036 -26.67780319 77.56146741
v 128.13599101 -26.84344589 77.32273722
v 128.05472369 -27.82045891 75.84018216
v 128.03788325 -28.05265150 75.48320794
v 127.95348624 -28.93193482 74.05364545
v 127.92384379 -29.23613196 73.55408575
v 127.84082538 -30.00983829 72.20362959
v 127.80140747 -30.39110053 71.53170547
v 127.61612814 -30.95692912 70.48919890
v 126.80304712 -32.40818573 67.68634374
v 127.51593202 -31.48243050 69.49979632
v 127.28143847 -31.77910973 68.92387094
v 128.35286119 11.24630158 88.17000383
v 128.35574765 10.59701362 88.69574744
v 128.35575713 10.59450437 88.69752387
v 128.35971818 9.27010463 89.65359828
v 128.35973365 9.26408430 89.65733294
v 128.36156931 7.92957512 90.50253311
v 128.36158015 7.92182960 90.50665520
v 128.36288025 6.57120140 91.24056595
v 128.36288737 6.56213017 91.24458896
v 128.36318954 5.18852648 91.86710435
v 128.36319556 5.17894470 91.87050415
v 128.36302978 3.77217970 92.38105128
v 128.36303015 3.76242740 92.38366031
v 128.36290096 2.30760763 92.78145646
v 128.36290036 2.29749698 92.78329913
v 128.36280797 0.76960773 93.06781909
v 128.36280761 0.75875922 93.06891540
v 128.36271146 -0.89664485 93.23980652
v 128.36271134 -0.91018176 93.24016857
v 128.36258742 -3.00000000 93.29721851
v 128.36258754 -3.01336677 93.29686101
v 128.36271146 -5.10335515 93.23980652
v 128.36271181 -5.11409917 93.23872076
v 128.36280797 -6.76960773 93.06781909
v 128.36280856 -6.77962591 93.06599326
v 128.36290096 -8.30760763 92.78145646
v 128.36290060 -8.31723570 92.77888067
v 128.36302978 -9.77217970 92.38105128
v 128.36302385 -9.78160236 92.37770799
v 128.36318954 -11.18852648 91.86710435
v 128.36318220 -11.19786455 91.86296306
v 128.36288025 -12.57120140 91.24056595
v 128.36286781 -12.58009098 91.23583512
v 128.36156931 -13.92957512 90.50253311
v 128.36154973 -13.93718659 90.49781162
v 128.35971818 -15.27010463 89.65359828
v 128.35969579 -15.27602687 89.64940586
v 128.35286119 -17.24630158 88.17000383
v 128.35574765 -16.59701362 88.69574744
v 128.35573425 -16.59948101 88.69378668
v 94.67163508 -31.74509370 26.07204926
v 94.68896268 25.90946061 26.10692855
f 1 2 13
f 1 13 12
f 2 3 14
f 2 14 13
f 3 4 15
f 3 15 14
f 5 6 17
f 5 17 16
f 6 7 18
f 6 18 17
f 7 8 19
f 7 19 18
f 8 20 19
f 9 10 27
f 9 27 26
f 10 11 28
f 10 28 27
f 11 12 29
f 11 29 28
f 12 13 30
f 12 30 29
f 13 14 31
f 13 31 30
f 14 15 32
f 14 32 31
f 16 17 34
f 16 34 33
f 17 18 35
f 17 35 34
f 18 19 36
f 18 36 35
f 19 20 37
f 19 37 36
f 20 21 38
f 20 38 37
f 21 22 39
f 21 39 38
f 22 40 39
f 23 24 45
f 23 45 44
f 24 25 46
f 24 46 45
f 25 26 47
f 25 47 46
f 26 27 48
f 26 48 47
f 27 28 49
f 27 49 48
f 28 29 50
f 28 50 49
f 29 30 51
f 29 51 50
f 30 31 52
f 30 52 51
f 31 32 53
f 31 53 52
f 33 34 55
f 33 55 54
f 34 35 56
f 34 56 55
f 35 36 57
f 35 57 56
f 36 37 58
f 36 58 57
f 37 38 59
f 37 59 58
f 38 39 60
f 38 60 59
f 39 40 61
f 39 61 60
f 40 41 62
f 40 62 61
f 41 42 63
f 41 63 62
f 42 64 63
f 43 44 68
f 43 68 67
f 44 45 69
f 44 69 68
f 45 46 70
f 45 70 69
f 46 47 71
f 46 71 70
f 47 48 72
f 47 72 71
f 48 49 73
f 48 73 72
f 49 50 74
f 49 74 73
f 50 51 75
f 50 75 74
f 51 52 76
f 51 76 75
f 52 53 77
f 52 77 76
f 54 55 79
f 54 79 78
f 55 56 80
f 55 80 79
f 56 57 81
f 56 81 80
f 57 58 82
f 57 82 81
f 58 59 83
f 58 83 82
f 59 60 84
f 59 84 83
f 60 61 85
f 60 85 84
f 61 62 86
f 61 86 85
f 62 63 87
f 62 87 86
f 63 64 88
f 63 88 87
f 64 89 88
f 65 66 93
f 65 93 92
f 66 67 94
f 66 94 93
f 67 68 95
f 67 95 94
f 68 69 96
f 68 96 95
f 69 70 97
f 69 97 96
f 70 71 98
f 70 98 97
f 71 72 99
f 71 99 98
f 72 73 100
f 72 100 99
f 73 74 101
f 73 101 100
f 74 75 102
f 74 102 101
f 75 76 103
f 75 103 102
f 76 77 104
f 76 104 103
f 78 79 106
f 78 106 105
f 79 80 107
f 79 107 106
f 80 81 108
f 80 108 107
f 81 82 109
f 81 109 108
f 82 83 110
f 82 110 109
f 83 84 111
f 83 111 110
f 84 85 112
f 84 112 111
f 85 86 113
f 85 113 112
f 86 87 114
f 86 114 113
f 87 88 115
f 87 115 114
f 88 89 116
f 88 116 115
f 89 90 117
f 89 117 116
f 90 118 117
f 91 92 120
f 91 120 119
f 92 93 121
f 92 121 120
f 93 94 122
f 93 122 121
f 94 95 123
f 94 123 122
f 95 96 124
f 95 124 123
f 96 97 125
f 96 125 124
f 97 98 126
f 97 126 125
f 98 99 127
f 98 127 126
f 99 100 128
f 99 128 127
f 100 101 129
f 100 129 128
f 101 102 130
f 101 130 129
f 102 103 131
f 102 131 130
f 103 104 132
f 103 132 131
f 105 106 134
f 105 134 133
f 106 107 135
f 106 135 134
f 107 108 136
f 107 136 135
f 108 109 137
f 108 137 136
f 109 110 138
f 109 138 137
f 110 111 139
f 110 139 138
f 111 112 140
f 111 140 139
f 112 113 141
f 112 141 140
f 113 114 142
f 113 142 141
f 114 115 143
f 114 143 142
f 115 116 144
f 115 144 143
f 116 117 145
f 116 145 144
f 117 118 146
f 117 146 145
f 119 120 148
f 119 148 147
f 120 121 149
f 120 149 148
f 121 122 150
f 121 150 149
f 122 123 151
f 122 151 150
f 123 124 152
f 123 152 151
f 124 125 153
f 124 153 152
f 125 126 154
f 125 154 153
f 126 127 155
f 126 155 154
f 127 128 156
f 127 156 155
f 128 129 157
f 128 157 156
f 129 130 158
f 129 158 157
f 130 131 159
f 130 159 158
f 131 132 160
f 131 160 159
f 133 134 162
f 133 162 161
f 134 135 163
f 134 163 162
f 135 136 164
f 135 164 163
f 136 137 165
f 136 165 164
f 137 138 166
f 137 166 165
f 138 139 167
f 138 167 166
f 139 140 168
f 139 168 167
f 140 141 169
f 140 169 168
f 141 142 170
f 141 170 169
f 142 143 171
f 142 171 170
f 143 144 172
f 143 172 171
f 144 145 173
f 144 173 172
f 145 146 174
f 145 174 173
f 147 148 178
f 147 178 177
f 148 149 179
f 148 179 178
f 149 150 180
f 149 180 179
f 150 151 181
f 150 181 180
f 151 152 182
f 151 182 181
f 152 153 183
f 152 183 182
f 153 154 184
f 153 184 183
f 154 155 185
f 154 185 184
f 155 156 186
f 155 186 185
f 156 157 187
f 156 187 186
f 157 158 188
f 157 188 187
f 158 159 189
f 158 189 188
f 159 160 190
f 159 190 189
f 161 162 192
f 161 192 191
f 162 163 193
f 162 193 192
f 163 164 194
f 163 194 193
f 164 165 195
f 164 195 194
f 165 166 196
f 165 196 195
f 166 167 197
f 166 197 196
f 167 168 198
f 167 198 197
f 168 169 199
f 168 199 198
f 169 170 200
f 169 200 199
f 170 171 201
f 170 201 200
f 171 172 202
f 171 202 201
f 172 173 203
f 172 203 202
f 173 174 204
f 173 204 203
f 174 175 204
f 176 177 207
f 176 207 206
f 177 178 208
f 177 208 207
f 178 179 209
f 178 209 208
f 179 180 210
f 179 210 209
f 180 181 211
f 180 211 210
f 181 182 212
f 181 212 211
f 182 183 213
f 182 213 212
f 183 184 214
f 183 214 213
f 184 185 215
f 184 215 214
f 185 186 216
f 185 216 215
f 186 187 217
f 186 217 216
f 187 188 218
f 187 218 217
f 188 189 219
f 188 219 218
f 189 190 220
f 189 220 219
f 191 192 222
f 191 222 221
f 192 193 223
f 192 223 222
f 193 194 224
f 193 224 223
f 194 195 225
f 194 225 224
f 195 196 226
f 195 226 225
f 196 197 227
f 196 227 226
f 197 198 228
f 197 228 227
f 198 199 229
f 198 229 228
f 199 200 230
f 199 230 229
f 200 201 231
f 200 231 230
f 201 202 232
f 201 232 231
f 202 203 233
f 202 233 232
f 203 204 234
f 203 234 233
f 204 175 205
f 204 205 234
f 205 236 235
f 206 207 239
f 206 239 238
f 207 208 240
f 207 240 239
f 208 209 241
f 208 241 240
f 209 210 242
f 209 242 241
f 210 211 243
f 210 243 242
f 211 212 244
f 211 244 243
f 212 213 245
f 212 245 244
f 213 214 246
f 213 246 245
f 214 215 247
f 214 247 246
f 215 216 248
f 215 248 247
f 216 217 249
f 216 249 248
f 217 218 250
f 217 250 249
f 218 219 251
f 218 251 250
f 219 220 252
f 219 252 251
f 221 222 254
f 221 254 253
f 222 223 255
f 222 255 254
f 223 224 256
f 223 256 255
f 224 225 257
f 224 257 256
f 225 226 258
f 225 258 257
f 226 227 259
f 226 259 258
f 227 228 260
f 227 260 259
f 228 229 261
f 228 261 260
f 229 230 262
f 229 262 261
f 230 231 263
f 230 263 262
f 231 232 264
f 231 264 263
f 232 233 265
f 232 265 264
f 233 234 266
f 233 266 265
f 234 205 235
f 234 235 266
f 235 236 268
f 235 268 267
f 237 238 270
f 237 270 269
f 238 239 271
f 238 271 270
f 239 240 272
f 239 272 271
f 240 241 273
f 240 273 272
f 241 242 274
f 241 274 273
f 242 243 275
f 242 275 274
f 243 244 276
f 243 276 275
f 244 245 277
f 244 277 276
f 245 246 278
f 245 278 277
f 246 247 279
f 246 279 278
f 247 248 280
f 247 280 279
f 248 249 281
f 248 281 280
f 249 250 282
f 249 282 281
f 250 251 283
f 250 283 282
f 251 252 284
f 251 284 283
f 253 254 286
f 253 286 285
f 254 255 287
f 254 287 286
f 255 256 288
f 255 288 287
f 256 257 289
f 256 289 288
f 257 258 290
f 257 290 289
f 258 259 291
f 258 291 290
f 259 260 292
f 259 292 291
f 260 261 293
f 260 293 292
f 261 262 294
f 261 294 293
f 262 263 295
f 262 295 294
f 263 264 296
f 263 296 295
f 264 265 297
f 264 297 296
f 265 266 298
f 265 298 297
f 266 235 267
f 266 267 298
f 267 268 300
f 267 300 299
f 268 301 300
f 269 270 304
f 269 304 303
f 270 271 305
f 270 305 304
f 271 272 306
f 271 306 305
f 272 273 307
f 272 307 306
f 273 274 308
f 273 308 307
f 274 275 309
f 274 309 308
f 275 276 310
f 275 310 309
f 276 277 311
f 276 311 310
f 277 278 312
f 277 312 311
f 278 279 313
f 278 313 312
f 279 280 314
f 279 314 313
f 280 281 315
f 280 315 314
f 281 282 316
f 281 316 315
f 282 283 317
f 282 317 316
f 283 284 318
f 283 318 317
f 285 286 320
f 285 320 319
f 286 287 321
f 286 321 320
f 287 288 322
f 287 322 321
f 288 289 323
f 288 323 322
f 289 290 324
f 289 324 323
f 290 291 325
f 290 325 324
f 291 292 326
f 291 326 325
f 292 293 327
f 292 327 326
f 293 294 328
f 293 328 327
f 294 295 329
f 294 329 328
f 295 296 330
f 295 330 329
f 296 297 331
f 296 331 330
f 297 298 332
f 297 332 331
f 298 267 299
f 298 299 332
f 299 300 334
f 299 334 333
f 300 301 335
f 300 335 334
f 302 303 337
f 302 337 336
f 303 304 338
f 303 338 337
f 304 305 339
f 304 339 338
f 305 306 340
f 305 340 339
f 306 307 341
f 306 341 340
f 307 308 342
f 307 342 341
f 308 309 343
f 308 343 342
f 309 310 344
f 309 344 343
f 310 311 345
f 310 345 344
f 311 312 346
f 311 346 345
f 312 313 347
f 312 347 346
f 313 314 348
f 313 348 347
f 314 315 349
f 314 349 348
f 315 316 350
f 315 350 349
f 316 317 351
f 316 351 350
f 317 318 352
f 317 352 351
f 319 320 354
f 319 354 353
f 320 321 355
f 320 355 354
f 321 322 356
f 321 356 355
f 322 323 357
f 322 357 356
f 323 324 358
f 323 358 357
f 324 325 359
f 324 359 358
f 325 326 360
f 325 360 359
f 326 327 361
f 326 361 360
f 327 328 362
f 327 362 361
f 328 329 363
f 328 363 362
f 329 330 364
f 329 364 363
f 330 331 365
f 330 365 364
f 331 332 366
f 331 366 365
f 332 299 333
f 332 333 366
f 333 334 368
f 333 368 367
f 334 335 369
f 334 369 368
f 335 370 369
f 336 337 373
f 336 373 372
f 337 338 374
f 337 374 373
f 338 339 375
f 338 375 374
f 339 340 376
f 339 376 375
f 340 341 377
f 340 377 376
f 341 342 378
f 341 378 377
f 342 343 379
f 342 379 378
f 343 344 380
f 343 380 379
f 344 345 381
f 344 381 380
f 345 346 382
f 345 382 381
f 346 347 383
f 346 383 382
f 347 348 384
f 347 384 383
f 348 349 385
f 348 385 384
f 349 350 386
f 349 386 385
f 350 351 387
f 350 387 386
f 351 352 388
f 351 388 387
f 353 354 390
f 353 390 389
f 354 355 391
f 354 391 390
f 355 356 392
f 355 392 391
f 356 357 393
f 356 393 392
f 357 358 394
f 357 394 393
f 358 359 395
f 358 395 394
f 359 360 396
f 359 396 395
f 360 361 397
f 360 397 396
f 361 362 398
f 361 398 397
f 362 363 399
f 362 399 398
f 363 364 400
f 363 400 399
f 364 365 401
f 364 401 400
f 365 366 402
f 365 402 401
f 366 333 367
f 366 367 402
f 367 368 404
f 367 404 403
f 368 369 405
f 368 405 404
f 369 370 406
f 369 406 405
f 370 407 406
f 371 372 410
f 371 410 409
f 372 373 411
f 372 411 410
f 373 374 412
f 373 412 411
f 374 375 413
f 374 413 412
f 375 376 414
f 375 414 413
f 376 377 415
f 376 415 414
f 377 378 416
f 377 416 415
f 378 379 417
f 378 417 416
f 379 380 418
f 379 418 417
f 380 381 419
f 380 419 418
f 381 382 420
f 381 420 419
f 382 383 421
f 382 421 420
f 383 384 422
f 383 422 421
f 384 385 423
f 384 423 422
f 385 386 424
f 385 424 423
f 386 387 425
f 386 425 424
f 387 388 426
f 387 426 425
f 389 390 428
f 389 428 427
f 390 391 429
f 390 429 428
f 391 392 430
f 391 430 429
f 392 393 431
f 392 431 430
f 393 394 432
f 393 432 431
f 394 395 433
f 394 433 432
f 395 396 434
f 395 434 433
f 396 397 435
f 396 435 434
f 397 398 436
f 397 436 435
f 398 399 437
f 398 437 436
f 399 400 438
f 399 438 437
f 400 401 439
f 400 439 438
f 401 402 440
f 401 440 439
f 402 367 403
f 402 403 440
f 403 404 442
f 403 442 441
f 404 405 443
f 404 443 442
f 405 406 444
f 405 444 443
f 406 407 445
f 406 445 444
f 407 446 445
f 408 409 449
f 408 449 448
f 409 410 450
f 409 450 449
f 410 411 451
f 410 451 450
f 411 412 452
f 411 452 451
f 412 413 453
f 412 453 452
f 413 414 454
f 413 454 453
f 414 415 455
f 414 455 454
f 415 416 456
f 415 456 455
f 416 417 457
f 416 457 456
f 417 418 458
f 417 458 457
f 418 419 459
f 418 459 458
f 419 420 460
f 419 460 459
f 420 421 461
f 420 461 460
f 421 422 462
f 421 462 461
f 422 423 463
f 422 463 462
f 423 424 464
f 423 464 463
f 424 425 465
f 424 465 464
f 425 426 466
f 425 466 465
f 427 428 468
f 427 468 467
f 428 429 469
f 428 469 468
f 429 430 470
f 429 470 469
f 430 431 471
f 430 471 470
f 431 432 472
f 431 472 471
f 432 433 473
f 432 473 472
f 433 434 474
f 433 474 473
f 434 435 475
f 434 475 474
f 435 436 476
f 435 476 475
f 436 437 477
f 436 477 476
f 437 438 478
f 437 478 477
f 438 439 479
f 438 479 478
f 439 440 480
f 439 480 479
f 440 403 441
f 440 441 480
f 441 442 482
f 441 482 481
f 442 443 483
f 442 483 482
f 443 444 484
f 443 484 483
f 444 445 485
f 444 485 484
f 445 446 486
f 445 486 485
f 446 487 486
f 447 448 490
f 447 490 489
f 448 449 491
f 448 491 490
f 449 450 492
f 449 492 491
f 450 451 493
f 450 493 492
f 451 452 494
f 451 494 493
f 452 453 495
f 452 495 494
f 453 454 496
f 453 496 495
f 454 455 497
f 454 497 496
f 455 456 498
f 455 498 497
f 456 457 499
f 456 499 498
f 457 458 500
f 457 500 499
f 458 459 501
f 458 501 500
f 459 460 502
f 459 502 501
f 460 461 503
f 460 503 502
f 461 462 504
f 461 504 503
f 462 463 505
f 462 505 504
f 463 464 506
f 463 506 505
f 464 465 507
f 464 507 506
f 467 468 508
f 468 469 509
f 468 509 508
f 469 470 510
f 469 510 509
f 470 471 511
f 470 511 510
f 471 472 512
f 471 512 511
f 472 473 513
f 472 513 512
f 473 474 514
f 473 514 513
f 474 475 515
f 474 515 514
f 475 476 516
f 475 516 515
f 476 477 517
f 476 517 516
f 477 478 518
f 477 518 517
f 478 479 519
f 478 519 518
f 479 480 520
f 479 520 519
f 480 441 481
f 480 481 520
f 481 482 522
f 481 522 521
f 482 483 523
f 482 523 522
f 483 484 524
f 483 524 523
f 484 485 525
f 484 525 524
f 485 486 526
f 485 526 525
f 486 487 527
f 486 527 526
f 487 528 527
f 488 489 531
f 488 531 530
f 489 490 532
f 489 532 531
f 490 491 533
f 490 533 532
f 491 492 534
f 491 534 533
f 492 493 535
f 492 535 534
f 493 494 536
f 493 536 535
f 494 495 537
f 494 537 536
f 495 496 538
f 495 538 537
f 496 497 539
f 496 539 538
f 497 498 540
f 497 540 539
f 498 499 541
f 498 541 540
f 499 500 542
f 499 542 541
f 500 501 543
f 500 543 542
f 501 502 544
f 501 544 543
f 502 503 545
f 502 545 544
f 503 504 546
f 503 546 545
f 504 505 547
f 504 547 546
f 505 506 548
f 505 548 547
f 506 507 549
f 506 549 548
f 508 509 551
f 508 551 550
f 509 510 552
f 509 552 551
f 510 511 553
f 510 553 552
f 511 512 554
f 511 554 553
f 512 513 555
f 512 555 554
f 513 514 556
f 513 556 555
f 514 515 557
f 514 557 556
f 515 516 558
f 515 558 557
f 516 517 559
f 516 559 558
f 517 518 560
f 517 560 559
f 518 519 561
f 518 561 560
f 519 520 562
f 519 562 561
f 520 481 521
f 520 521 562
f 521 522 564
f 521 564 563
f 522 523 565
f 522 565 564
f 523 524 566
f 523 566 565
f 524 525 567
f 524 567 566
f 525 526 568
f 525 568 567
f 526 527 569
f 526 569 568
f 527 528 570
f 527 570 569
f 528 571 570
f 529 530 574
f 529 574 573
f 530 531 575
f 530 575 574
f 531 532 576
f 531 576 575
f 532 533 577
f 532 577 576
f 533 534 578
f 533 578 577
f 534 535 579
f 534 579 578
f 535 536 580
f 535 580 579
f 536 537 581
f 536 581 580
f 537 538 582
f 537 582 581
f 538 539 583
f 538 583 582
f 539 540 584
f 539 584 583
f 540 541 585
f 540 585 584
f 541 542 586
f 541 586 585
f 542 543 587
f 542 587 586
f 543 544 588
f 543 588 587
f 544 545 589
f 544 589 588
f 545 546 590
f 545 590 589
f 546 547 591
f 546 591 590
f 547 548 592
f 547 592 591
f 548 549 593
f 548 593 592
f 550 551 595
f 550 595 594
f 551 552 596
f 551 596 595
f 552 553 597
f 552 597 596
f 553 554 598
f 553 598 597
f 554 555 599
f 554 599 598
f 555 556 600
f 555 600 599
f 556 557 601
f 556 601 600
f 557 558 602
f 557 602 601
f 558 559 603
f 558 603 602
f 559 560 604
f 559 604 603
f 560 561 605
f 560 605 604
f 561 562 606
f 561 606 605
f 562 521 563
f 562 563 606
f 563 564 608
f 563 608 607
f 564 565 609
f 564 609 608
f 565 566 610
f 565 610 609
f 566 567 611
f 566 611 610
f 567 568 612
f 567 612 611
f 568 569 613
f 568 613 612
f 569 570 614
f 569 614 613
f 570 571 615
f 570 615 614
f 571 616 615
f 572 573 621
f 572 621 620
f 573 574 622
f 573 622 621
f 574 575 623
f 574 623 622
f 575 576 624
f 575 624 623
f 576 577 625
f 576 625 624
f 577 578 626
f 577 626 625
f 578 579 627
f 578 627 626
f 579 580 628
f 579 628 627
f 580 581 629
f 580 629 628
f 581 582 630
f 581 630 629
f 582 583 631
f 582 631 630
f 583 584 632
f 583 632 631
f 584 585 633
f 584 633 632
f 585 586 634
f 585 634 633
f 586 587 635
f 586 635 634
f 587 588 636
f 587 636 635
f 588 589 637
f 588 637 636
f 589 590 638
f 589 638 637
f 590 591 639
f 590 639 638
f 591 592 640
f 591 640 639
f 592 593 641
f 592 641 640
f 594 595 643
f 594 643 642
f 595 596 644
f 595 644 643
f 596 597 645
f 596 645 644
f 597 598 646
f 597 646 645
f 598 599 647
f 598 647 646
f 599 600 648
f 599 648 647
f 600 601 649
f 600 649 648
f 601 602 650
f 601 650 649
f 602 603 651
f 602 651 650
f 603 604 652
f 603 652 651
f 604 605 653
f 604 653 652
f 605 606 654
f 605 654 653
f 606 563 607
f 606 607 654
f 607 608 656
f 607 656 655
f 608 609 657
f 608 657 656
f 609 610 658
f 609 658 657
f 610 611 659
f 610 659 658
f 611 612 660
f 611 660 659
f 612 613 661
f 612 661 660
f 613 614 662
f 613 662 661
f 614 615 663
f 614 663 662
f 615 616 664
f 615 664 663
f 616 617 665
f 616 665 664
f 617 666 665
f 618 619 691
f 618 691 690
f 619 620 692
f 619 692 691
f 620 621 693
f 620 693 692
f 621 622 694
f 621 694 693
f 622 623 695
f 622 695 694
f 623 624 696
f 623 696 695
f 624 625 697
f 624 697 696
f 625 626 698
f 625 698 697
f 626 627 699
f 626 699 698
f 627 628 700
f 627 700 699
f 628 629 701
f 628 701 700
f 629 630 702
f 629 702 701
f 630 631 703
f 630 703 702
f 631 632 704
f 631 704 703
f 632 633 705
f 632 705 704
f 633 634 706
f 633 706 705
f 634 635 707
f 634 707 706
f 635 636 708
f 635 708 707
f 636 637 709
f 636 709 708
f 637 638 710
f 637 710 709
f 638 639 711
f 638 711 710
f 639 640 712
f 639 712 711
f 640 641 713
f 640 713 712
f 642 643 715
f 642 715 714
f 643 644 716
f 643 716 715
f 644 645 717
f 644 717 716
f 645 646 718
f 645 718 717
f 646 647 719
f 646 719 718
f 647 648 720
f 647 720 719
f 648 649 721
f 648 721 720
f 649 650 722
f 649 722 721
f 650 651 723
f 650 723 722
f 651 652 724
f 651 724 723
f 652 653 725
f 652 725 724
f 653 654 726
f 653 726 725
f 654 607 655
f 654 655 726
f 655 656 728
f 655 728 727
f 656 657 729
f 656 729 728
f 657 658 730
f 657 730 729
f 658 659 731
f 658 731 730
f 659 660 732
f 659 732 731
f 660 661 733
f 660 733 732
f 661 662 734
f 661 734 733
f 662 663 735
f 662 735 734
f 663 664 736
f 663 736 735
f 664 665 737
f 664 737 736
f 665 666 738
f 665 738 737
f 666 667 739
f 666 739 738
f 667 668 740
f 667 740 739
f 668 669 741
f 668 741 740
f 669 670 742
f 669 742 741
f 670 671 743
f 670 743 742
f 671 672 744
f 671 744 743
f 672 673 745
f 672 745 744
f 673 674 746
f 673 746 745
f 674 675 747
f 674 747 746
f 675 676 748
f 675 748 747
f 676 677 749
f 676 749 748
f 677 750 749
f 678 679 770
f 678 770 769
f 679 680 771
f 679 771 770
f 680 681 772
f 680 772 771
f 681 682 773
f 681 773 772
f 682 683 774
f 682 774 773
f 683 684 775
f 683 775 774
f 684 685 776
f 684 776 775
f 685 686 777
f 685 777 776
f 686 687 778
f 686 778 777
f 687 688 779
f 687 779 778
f 688 689 780
f 688 780 779
f 689 690 781
f 689 781 780
f 690 691 782
f 690 782 781
f 691 692 783
f 691 783 782
f 692 693 784
f 692 784 783
f 693 694 785
f 693 785 784
f 694 695 786
f 694 786 785
f 695 696 787
f 695 787 786
f 696 697 788
f 696 788 787
f 697 698 789
f 697 789 788
f 698 699 790
f 698 790 789
f 699 700 791
f 699 791 790
f 700 701 792
f 700 792 791
f 701 702 793
f 701 793 792
f 702 703 794
f 702 794 793
f 703 704 795
f 703 795 794
f 704 705 796
f 704 796 795
f 705 706 797
f 705 797 796
f 706 707 798
f 706 798 797
f 707 708 799
f 707 799 798
f 708 709 800
f 708 800 799
f 709 710 801
f 709 801 800
f 710 711 802
f 710 802 801
f 711 712 803
f 711 803 802
f 712 713 804
f 712 804 803
f 714 715 806
f 714 806 805
f 715 716 807
f 715 807 806
f 716 717 808
f 716 808 807
f 717 718 809
f 717 809 808
f 718 719 810
f 718 810 809
f 719 720 811
f 719 811 810
f 720 721 812
f 720 812 811
f 721 722 813
f 721 813 812
f 722 723 814
f 722 814 813
f 723 724 815
f 723 815 814
f 724 725 816
f 724 816 815
f 725 726 817
f 725 817 816
f 726 655 727
f 726 727 817
f 727 728 819
f 727 819 818
f 728 729 820
f 728 820 819
f 729 730 821
f 729 821 820
f 730 731 822
f 730 822 821
f 731 732 823
f 731 823 822
f 732 733 824
f 732 824 823
f 733 734 825
f 733 825 824
f 734 735 826
f 734 826 825
f 735 736 827
f 735 827 826
f 736 737 828
f 736 828 827
f 737 738 829
f 737 829 828
f 738 739 830
f 738 830 829
f 739 740 831
f 739 831 830
f 740 741 832
f 740 832 831
f 741 742 833
f 741 833 832
f 742 743 834
f 742 834 833
f 743 744 835
f 743 835 834
f 744 745 836
f 744 836 835
f 745 746 837
f 745 837 836
f 746 747 838
f 746 838 837
f 747 748 839
f 747 839 838
f 748 749 840
f 748 840 839
f 749 750 841
f 749 841 840
f 750 751 842
f 750 842 841
f 751 752 843
f 751 843 842
f 752 753 844
f 752 844 843
f 753 754 845
f 753 845 844
f 754 755 846
f 754 846 845
f 755 756 847
f 755 847 846
f 756 757 848
f 756 848 847
f 757 758 849
f 757 849 848
f 758 759 850
f 758 850 849
f 759 760 851
f 759 851 850
f 760 761 852
f 760 852 851
f 761 762 853
f 761 853 852
f 762 763 854
f 762 854 853
f 763 764 855
f 763 855 854
f 764 765 856
f 764 856 855
f 765 766 857
f 765 857 856
f 766 767 858
f 766 858 857
f 767 768 859
f 767 859 858
f 768 769 860
f 768 860 859
f 769 770 861
f 769 861 860
f 770 771 862
f 770 862 861
f 771 772 863
f 771 863 862
f 772 773 864
f 772 864 863
f 773 774 865
f 773 865 864
f 774 775 866
f 774 866 865
f 775 776 867
f 775 867 866
f 776 777 868
f 776 868 867
f 777 778 869
f 777 869 868
f 778 779 870
f 778 870 869
f 779 780 871
f 779 871 870
f 780 781 872
f 780 872 871
f 781 782 873
f 781 873 872
f 782 783 874
f 782 874 873
f 783 784 875
f 783 875 874
f 784 785 876
f 784 876 875
f 785 786 877
f 785 877 876
f 786 787 878
f 786 878 877
f 787 788 879
f 787 879 878
f 788 789 880
f 788 880 879
f 789 790 881
f 789 881 880
f 790 791 882
f 790 882 881
f 791 792 883
f 791 883 882
f 792 793 884
f 792 884 883
f 793 794 885
f 793 885 884
f 794 795 886
f 794 886 885
f 795 796 887
f 795 887 886
f 796 797 888
f 796 888 887
f 797 798 889
f 797 889 888
f 798 799 890
f 798 890 889
f 799 800 891
f 799 891 890
f 800 801 892
f 800 892 891
f 801 802 893
f 801 893 892
f 802 803 894
f 802 894 893
f 803 804 895
f 803 895 894
f 805 806 897
f 805 897 896
f 806 807 898
f 806 898 897
f 807 808 899
f 807 899 898
f 808 809 900
f 808 900 899
f 809 810 901
f 809 901 900
f 810 811 902
f 810 902 901
f 811 812 903
f 811 903 902
f 812 813 904
f 812 904 903
f 813 814 905
f 813 905 904
f 814 815 906
f 814 906 905
f 815 816 907
f 815 907 906
f 816 817 908
f 816 908 907
f 817 727 818
f 817 818 908
f 818 819 910
f 818 910 909
f 819 820 911
f 819 911 910
f 820 821 912
f 820 912 911
f 821 822 913
f 821 913 912
f 822 823 914
f 822 914 913
f 823 824 915
f 823 915 914
f 824 825 916
f 824 916 915
f 825 826 917
f 825 917 916
f 826 827 918
f 826 918 917
f 827 828 919
f 827 919 918
f 828 829 920
f 828 920 919
f 829 830 921
f 829 921 920
f 830 831 922
f 830 922 921
f 831 832 923
f 831 923 922
f 832 833 924
f 832 924 923
f 833 834 925
f 833 925 924
f 834 835 926
f 834 926 925
f 835 836 927
f 835 927 926
f 836 837 928
f 836 928 927
f 837 838 929
f 837 929 928
f 838 839 930
f 838 930 929
f 839 840 931
f 839 931 930
f 840 841 932
f 840 932 931
f 841 842 933
f 841 933 932
f 842 843 934
f 842 934 933
f 843 844 935
f 843 935 934
f 844 845 936
f 844 936 935
f 845 846 937
f 845 937 936
f 846 847 938
f 846 938 937
f 847 848 939
f 847 939 938
f 848 849 940
f 848 940 939
f 849 850 941
f 849 941 940
f 850 851 942
f 850 942 941
f 851 852 943
f 851 943 942
f 852 853 944
f 852 944 943
f 853 854 945
f 853 945 944
f 854 855 946
f 854 946 945
f 855 856 947
f 855 947 946
f 856 857 948
f 856 948 947
f 857 858 949
f 857 949 948
f 858 859 950
f 858 950 949
f 859 860 951
f 859 951 950
f 860 861 952
f 860 952 951
f 861 862 953
f 861 953 952
f 862 863 954
f 862 954 953
f 863 864 955
f 863 955 954
f 864 865 956
f 864 956 955
f 865 866 957
f 865 957 956
f 866 867 958
f 866 958 957
f 867 868 959
f 867 959 958
f 868 869 960
f 868 960 959
f 869 870 961
f 869 961 960
f 870 871 962
f 870 962 961
f 871 872 963
f 871 963 962
f 872 873 964
f 872 964 963
f 873 874 965
f 873 965 964
f 874 875 966
f 874 966 965
f 875 876 967
f 875 967 966
f 876 877 968
f 876 968 967
f 877 878 969
f 877 969 968
f 878 879 970
f 878 970 969
f 879 880 971
f 879 971 970
f 880 881 972
f 880 972 971
f 881 882 973
f 881 973 972
f 882 883 974
f 882 974 973
f 883 884 975
f 883 975 974
f 884 885 976
f 884 976 975
f 885 886 977
f 885 977 976
f 886 887 978
f 886 978 977
f 887 888 979
f 887 979 978
f 888 889 980
f 888 980 979
f 889 890 981
f 889 981 980
f 890 891 982
f 890 982 981
f 891 892 983
f 891 983 982
f 892 893 984
f 892 984 983
f 893 894 985
f 893 985 984
f 894 895 986
f 894 986 985
f 896 897 988
f 896 988 987
f 897 898 989
f 897 989 988
f 898 899 990
f 898 990 989
f 899 900 991
f 899 991 990
f 900 901 992
f 900 992 991
f 901 902 993
f 901 993 992
f 902 903 994
f 902 994 993
f 903 904 995
f 903 995 994
f 904 905 996
f 904 996 995
f 905 906 997
f 905 997 996
f 906 907 998
f 906 998 997
f 907 908 999
f 907 999 998
f 908 818 909
f 908 909 999
f 909 910 1001
f 909 1001 1000
f 910 911 1002
f 910 1002 1001
f 911 912 1003
f 911 1003 1002
f 912 913 1004
f 912 1004 1003
f 913 914 1005
f 913 1005 1004
f 914 915 1006
f 914 1006 1005
f 915 916 1007
f 915 1007 1006
f 916 917 1008
f 916 1008 1007
f 917 918 1009
f 917 1009 1008
f 918 919 1010
f 918 1010 1009
f 919 920 1011
f 919 1011 1010
f 920 921 1012
f 920 1012 1011
f 921 922 1013
f 921 1013 1012
f 922 923 1014
f 922 1014 1013
f 923 924 1015
f 923 1015 1014
f 924 925 1016
f 924 1016 1015
f 925 926 1017
f 925 1017 1016
f 926 927 1018
f 926 1018 1017
f 927 928 1019
f 927 1019 1018
f 928 929 1020
f 928 1020 1019
f 929 930 1021
f 929 1021 1020
f 930 931 1022
f 930 1022 1021
f 931 932 1023
f 931 1023 1022
f 932 933 1024
f 932 1024 1023
f 933 934 1025
f 933 1025 1024
f 934 935 1026
f 934 1026 1025
f 935 936 1027
f 935 1027 1026
f 936 937 1028
f 936 1028 1027
f 937 938 1029
f 937 1029 1028
f 938 939 1030
f 938 1030 1029
f 939 940 1031
f 939 1031 1030
f 940 941 1032
f 940 1032 1031
f 941 942 1033
f 941 1033 1032
f 942 943 1034
f 942 1034 1033
f 943 944 1035
f 943 1035 1034
f 944 945 1036
f 944 1036 1035
f 945 946 1037
f 945 1037 1036
f 946 947 1038
f 946 1038 1037
f 947 948 1039
f 947 1039 1038
f 948 949 1040
f 948 1040 1039
f 949 950 1041
f 949 1041 1040
f 950 951 1042
f 950 1042 1041
f 951 952 1043
f 951 1043 1042
f 952 953 1044
f 952 1044 1043
f 953 954 1045
f 953 1045 1044
f 954 955 1046
f 954 1046 1045
f 955 956 1047
f 955 1047 1046
f 956 957 1048
f 956 1048 1047
f 957 958 1049
f 957 1049 1048
f 958 959 1050
f 958 1050 1049
f 959 960 1051
f 959 1051 1050
f 960 961 1052
f 960 1052 1051
f 961 962 1053
f 961 1053 1052
f 962 963 1054
f 962 1054 1053
f 963 964 1055
f 963 1055 1054
f 964 965 1056
f 964 1056 1055
f 965 966 1057
f 965 1057 1056
f 966 967 1058
f 966 1058 1057
f 967 968 1059
f 967 1059 1058
f 968 969 1060
f 968 1060 1059
f 969 970 1061
f 969 1061 1060
f 970 971 1062
f 970 1062 1061
f 971 972 1063
f 971 1063 1062
f 972 973 1064
f 972 1064 1063
f 973 974 1065
f 973 1065 1064
f 974 975 1066
f 974 1066 1065
f 975 976 1067
f 975 1067 1066
f 976 977 1068
f 976 1068 1067
f 977 978 1069
f 977 1069 1068
f 978 979 1070
f 978 1070 1069
f 979 980 1071
f 979 1071 1070
f 980 981 1072
f 980 1072 1071
f 981 982 1073
f 981 1073 1072
f 982 983 1074
f 982 1074 1073
f 983 984 1075
f 983 1075 1074
f 984 985 1076
f 984 1076 1075
f 985 986 1077
f 985 1077 1076
f 987 988 1079
f 987 1079 1078
f 988 989 1080
f 988 1080 1079
f 989 990 1081
f 989 1081 1080
f 990 991 1082
f 990 1082 1081
f 991 992 1083
f 991 1083 1082
f 992 993 1084
f 992 1084 1083
f 993 994 1085
f 993 1085 1084
f 994 995 1086
f 994 1086 1085
f 995 996 1087
f 995 1087 1086
f 996 997 1088
f 996 1088 1087
f 997 998 1089
f 997 1089 1088
f 998 999 1090
f 998 1090 1089
f 999 909 1000
f 999 1000 1090
f 1000 1001 1092
f 1000 1092 1091
f 1001 1002 1093
f 1001 1093 1092
f 1002 1003 1094
f 1002 1094 1093
f 1003 1004 1095
f 1003 1095 1094
f 1004 1005 1096
f 1004 1096 1095
f 1005 1006 1097
f 1005 1097 1096
f 1006 1007 1098
f 1006 1098 1097
f 1007 1008 1099
f 1007 1099 1098
f 1008 1009 1100
f 1008 1100 1099
f 1009 1010 1101
f 1009 1101 1100
f 1010 1011 1102
f 1010 1102 1101
f 1011 1012 1103
f 1011 1103 1102
f 1012 1013 1104
f 1012 1104 1103
f 1013 1014 1105
f 1013 1105 1104
f 1014 1015 1106
f 1014 1106 1105
f 1015 1016 1107
f 1015 1107 1106
f 1016 1017 1108
f 1016 1108 1107
f 1017 1018 1109
f 1017 1109 1108
f 1018 1019 1110
f 1018 1110 1109
f 1019 1020 1111
f 1019 1111 1110
f 1020 1021 1112
f 1020 1112 1111
f 1021 1022 1113
f 1021 1113 1112
f 1022 1023 1114
f 1022 1114 1113
f 1023 1024 1115
f 1023 1115 1114
f 1024 1025 1116
f 1024 1116 1115
f 1025 1026 1117
f 1025 1117 1116
f 1026 1027 1118
f 1026 1118 1117
f 1027 1028 1119
f 1027 1119 1118
f 1028 1029 1120
f 1028 1120 1119
f 1029 1030 1121
f 1029 1121 1120
f 1030 1031 1122
f 1030 1122 1121
f 1031 1032 1123
f 1031 1123 1122
f 1032 1033 1124
f 1032 1124 1123
f 1033 1034 1125
f 1033 1125 1124
f 1034 1035 1126
f 1034 1126 1125
f 1035 1036 1127
f 1035 1127 1126
f 1036 1037 1128
f 1036 1128 1127
f 1037 1038 1129
f 1037 1129 1128
f 1038 1039 1130
f 1038 1130 1129
f 1039 1040 1131
f 1039 1131 1130
f 1040 1041 1132
f 1040 1132 1131
f 1041 1042 1133
f 1041 1133 1132
f 1042 1043 1134
f 1042 1134 1133
f 1043 1044 1135
f 1043 1135 1134
f 1044 1045 1136
f 1044 1136 1135
f 1045 1046 1137
f 1045 1137 1136
f 1046 1047 1138
f 1046 1138 1137
f 1047 1048 1139
f 1047 1139 1138
f 1048 1049 1140
f 1048 1140 1139
f 1049 1050 1141
f 1049 1141 1140
f 1050 1051 1142
f 1050 1142 1141
f 1051 1052 1143
f 1051 1143 1142
f 1052 1053 1144
f 1052 1144 1143
f 1053 1054 1145
f 1053 1145 1144
f 1054 1055 1146
f 1054 1146 1145
f 1055 1056 1147
f 1055 1147 1146
f 1056 1057 1148
f 1056 1148 1147
f 1057 1058 1149
f 1057 1149 1148
f 1058 1059 1150
f 1058 1150 1149
f 1059 1060 1151
f 1059 1151 1150
f 1060 1061 1152
f 1060 1152 1151
f 1061 1062 1153
f 1061 1153 1152
f 1062 1063 1154
f 1062 1154 1153
f 1063 1064 1155
f 1063 1155 1154
f 1064 1065 1156
f 1064 1156 1155
f 1065 1066 1157
f 1065 1157 1156
f 1066 1067 1158
f 1066 1158 1157
f 1067 1068 1159
f 1067 1159 1158
f 1068 1069 1160
f 1068 1160 1159
f 1069 1070 1161
f 1069 1161 1160
f 1070 1071 1162
f 1070 1162 1161
f 1071 1072 1163
f 1071 1163 1162
f 1072 1073 1164
f 1072 1164 1163
f 1073 1074 1165
f 1073 1165 1164
f 1074 1075 1166
f 1074 1166 1165
f 1075 1076 1167
f 1075 1167 1166
f 1078 1079 1169
f 1078 1169 1168
f 1079 1080 1170
f 1079 1170 1169
f 1080 1081 1171
f 1080 1171 1170
f 1081 1082 1172
f 1081 1172 1171
f 1082 1083 1173
f 1082 1173 1172
f 1083 1084 1174
f 1083 1174 1173
f 1084 1085 1175
f 1084 1175 1174
f 1085 1086 1176
f 1085 1176 1175
f 1086 1087 1177
f 1086 1177 1176
f 1087 1088 1178
f 1087 1178 1177
f 1088 1089 1179
f 1088 1179 1178
f 1089 1090 1180
f 1089 1180 1179
f 1090 1000 1091
f 1090 1091 1180
f 1091 1092 1182
f 1091 1182 1181
f 1092 1093 1183
f 1092 1183 1182
f 1093 1094 1184
f 1093 1184 1183
f 1094 1095 1185
f 1094 1185 1184
f 1095 1096 1186
f 1095 1186 1185
f 1096 1097 1187
f 1096 1187 1186
f 1097 1098 1188
f 1097 1188 1187
f 1098 1099 1189
f 1098 1189 1188
f 1099 1100 1190
f 1099 1190 1189
f 1100 1101 1191
f 1100 1191 1190
f 1101 1102 1192
f 1101 1192 1191
f 1102 1103 1193
f 1102 1193 1192
f 1103 1104 1194
f 1103 1194 1193
f 1104 1105 1195
f 1104 1195 1194
f 1105 1106 1196
f 1105 1196 1195
f 1106 1107 1197
f 1106 1197 1196
f 1107 1108 1198
f 1107 1198 1197
f 1108 1109 1199
f 1108 1199 1198
f 1109 1110 1200
f 1109 1200 1199
f 1110 1111 1201
f 1110 1201 1200
f 1111 1112 1202
f 1111 1202 1201
f 1112 1113 1203
f 1112 1203 1202
f 1113 1114 1204
f 1113 1204 1203
f 1114 1115 1205
f 1114 1205 1204
f 1115 1116 1206
f 1115 1206 1205
f 1116 1117 1207
f 1116 1207 1206
f 1117 1118 1208
f 1117 1208 1207
f 1118 1119 1209
f 1118 1209 1208
f 1119 1120 1210
f 1119 1210 1209
f 1120 1121 1211
f 1120 1211 1210
f 1121 1122 1212
f 1121 1212 1211
f 1122 1123 1213
f 1122 1213 1212
f 1123 1124 1214
f 1123 1214 1213
f 1124 1125 1215
f 1124 1215 1214
f 1125 1126 1216
f 1125 1216 1215
f 1126 1127 1217
f 1126 1217 1216
f 1127 1128 1218
f 1127 1218 1217
f 1128 1129 1219
f 1128 1219 1218
f 1129 1130 1220
f 1129 1220 1219
f 1130 1131 1221
f 1130 1221 1220
f 1131 1132 1222
f 1131 1222 1221
f 1132 1133 1223
f 1132 1223 1222
f 1133 1134 1224
f 1133 1224 1223
f 1134 1135 1225
f 1134 1225 1224
f 1135 1136 1226
f 1135 1226 1225
f 1136 1137 1227
f 1136 1227 1226
f 1137 1138 1228
f 1137 1228 1227
f 1138 1139 1229
f 1138 1229 1228
f 1139 1140 1230
f 1139 1230 1229
f 1140 1141 1231
f 1140 1231 1230
f 1141 1142 1232
f 1141 1232 1231
f 1142 1143 1233
f 1142 1233 1232
f 1143 1144 1234
f 1143 1234 1233
f 1144 1145 1235
f 1144 1235 1234
f 1145 1146 1236
f 1145 1236 1235
f 1146 1147 1237
f 1146 1237 1236
f 1147 1148 1238
f 1147 1238 1237
f 1148 1149 1239
f 1148 1239 1238
f 1149 1150 1240
f 1149 1240 1239
f 1150 1151 1241
f 1150 1241 1240
f 1151 1152 1242
f 1151 1242 1241
f 1152 1153 1243
f 1152 1243 1242
f 1153 1154 1244
f 1153 1244 1243
f 1154 1155 1245
f 1154 1245 1244
f 1155 1156 1246
f 1155 1246 1245
f 1156 1157 1247
f 1156 1247 1246
f 1157 1158 1248
f 1157 1248 1247
f 1158 1159 1249
f 1158 1249 1248
f 1159 1160 1250
f 1159 1250 1249
f 1160 1161 1251
f 1160 1251 1250
f 1161 1162 1252
f 1161 1252 1251
f 1162 1163 1253
f 1162 1253 1252
f 1163 1164 1254
f 1163 1254 1253
f 1164 1165 1255
f 1164 1255 1254
f 1165 1166 1256
f 1165 1256 1255
f 1166 1167 1257
f 1166 1257 1256
f 1168 1169 1259
f 1168 1259 1258
f 1169 1170 1260
f 1169 1260 1259
f 1170 1171 1261
f 1170 1261 1260
f 1171 1172 1262
f 1171 1262 1261
f 1172 1173 1263
f 1172 1263 1262
f 1173 1174 1264
f 1173 1264 1263
f 1174 1175 1265
f 1174 1265 1264
f 1175 1176 1266
f 1175 1266 1265
f 1176 1177 1267
f 1176 1267 1266
f 1177 1178 1268
f 1177 1268 1267
f 1178 1179 1269
f 1178 1269 1268
f 1179 1180 1270
f 1179 1270 1269
f 1180 1091 1181
f 1180 1181 1270
f 1181 1182 1272
f 1181 1272 1271
f 1182 1183 1273
f 1182 1273 1272
f 1183 1184 1274
f 1183 1274 1273
f 1184 1185 1275
f 1184 1275 1274
f 1185 1186 1276
f 1185 1276 1275
f 1186 1187 1277
f 1186 1277 1276
f 1187 1188 1278
f 1187 1278 1277
f 1188 1189 1279
f 1188 1279 1278
f 1189 1190 1280
f 1189 1280 1279
f 1190 1191 1281
f 1190 1281 1280
f 1191 1192 1282
f 1191 1282 1281
f 1192 1193 1283
f 1192 1283 1282
f 1193 1194 1284
f 1193 1284 1283
f 1194 1195 1285
f 1194 1285 1284
f 1195 1196 1286
f 1195 1286 1285
f 1196 1197 1287
f 1196 1287 1286
f 1197 1198 1288
f 1197 1288 1287
f 1198 1199 1289
f 1198 1289 1288
f 1199 1200 1290
f 1199 1290 1289
f 1200 1201 1291
f 1200 1291 1290
f 1201 1202 1292
f 1201 1292 1291
f 1202 1203 1293
f 1202 1293 1292
f 1203 1204 1294
f 1203 1294 1293
f 1204 1205 1295
f 1204 1295 1294
f 1205 1206 1296
f 1205 1296 1295
f 1206 1207 1297
f 1206 1297 1296
f 1207 1208 1298
f 1207 1298 1297
f 1208 1209 1299
f 1208 1299 1298
f 1209 1210 1300
f 1209 1300 1299
f 1210 1211 1301
f 1210 1301 1300
f 1211 1212 1302
f 1211 1302 1301
f 1212 1213 1303
f 1212 1303 1302
f 1213 1214 1304
f 1213 1304 1303
f 1214 1215 1305
f 1214 1305 1304
f 1215 1216 1306
f 1215 1306 1305
f 1216 1217 1307
f 1216 1307 1306
f 1217 1218 1308
f 1217 1308 1307
f 1218 1219 1309
f 1218 1309 1308
f 1219 1220 1310
f 1219 1310 1309
f 1220 1221 1311
f 1220 1311 1310
f 1221 1222 1312
f 1221 1312 1311
f 1222 1223 1313
f 1222 1313 1312
f 1223 1224 1314
f 1223 1314 1313
f 1224 1225 1315
f 1224 1315 1314
f 1225 1226 1316
f 1225 1316 1315
f 1226 1227 1317
f 1226 1317 1316
f 1227 1228 1318
f 1227 1318 1317
f 1228 1229 1319
f 1228 1319 1318
f 1229 1230 1320
f 1229 1320 1319
f 1230 1231 1321
f 1230 1321 1320
f 1231 1232 1322
f 1231 1322 1321
f 1232 1233 1323
f 1232 1323 1322
f 1233 1234 1324
f 1233 1324 1323
f 1234 1235 1325
f 1234 1325 1324
f 1235 1236 1326
f 1235 1326 1325
f 1236 1237 1327
f 1236 1327 1326
f 1237 1238 1328
f 1237 1328 1327
f 1238 1239 1329
f 1238 1329 1328
f 1239 1240 1330
f 1239 1330 1329
f 1240 1241 1331
f 1240 1331 1330
f 1241 1242 1332
f 1241 1332 1331
f 1242 1243 1333
f 1242 1333 1332
f 1243 1244 1334
f 1243 1334 1333
f 1244 1245 1335
f 1244 1335 1334
f 1245 1246 1336
f 1245 1336 1335
f 1246 1247 1337
f 1246 1337 1336
f 1247 1248 1338
f 1247 1338 1337
f 1248 1249 1339
f 1248 1339 1338
f 1249 1250 1340
f 1249 1340 1339
f 1250 1251 1341
f 1250 1341 1340
f 1251 1252 1342
f 1251 1342 1341
f 1252 1253 1343
f 1252 1343 1342
f 1253 1254 1344
f 1253 1344 1343
f 1254 1255 1345
f 1254 1345 1344
f 1255 1256 1346
f 1255 1346 1345
f 1256 1257 1347
f 1256 1347 1346
f 1258 1259 1349
f 1258 1349 1348
f 1259 1260 1350
f 1259 1350 1349
f 1260 1261 1351
f 1260 1351 1350
f 1261 1262 1352
f 1261 1352 1351
f 1262 1263 1353
f 1262 1353 1352
f 1263 1264 1354
f 1263 1354 1353
f 1264 1265 1355
f 1264 1355 1354
f 1265 1266 1356
f 1265 1356 1355
f 1266 1267 1357
f 1266 1357 1356
f 1267 1268 1358
f 1267 1358 1357
f 1268 1269 1359
f 1268 1359 1358
f 1269 1270 1360
f 1269 1360 1359
f 1270 1181 1271
f 1270 1271 1360
f 1271 1272 1362
f 1271 1362 1361
f 1272 1273 1363
f 1272 1363 1362
f 1273 1274 1364
f 1273 1364 1363
f 1274 1275 1365
f 1274 1365 1364
f 1275 1276 1366
f 1275 1366 1365
f 1276 1277 1367
f 1276 1367 1366
f 1277 1278 1368
f 1277 1368 1367
f 1278 1279 1369
f 1278 1369 1368
f 1279 1280 1370
f 1279 1370 1369
f 1280 1281 1371
f 1280 1371 1370
f 1281 1282 1372
f 1281 1372 1371
f 1282 1283 1373
f 1282 1373 1372
f 1283 1284 1374
f 1283 1374 1373
f 1284 1285 1375
f 1284 1375 1374
f 1285 1286 1376
f 1285 1376 1375
f 1286 1287 1377
f 1286 1377 1376
f 1287 1288 1378
f 1287 1378 1377
f 1288 1289 1379
f 1288 1379 1378
f 1289 1290 1380
f 1289 1380 1379
f 1290 1291 1381
f 1290 1381 1380
f 1291 1292 1382
f 1291 1382 1381
f 1292 1293 1383
f 1292 1383 1382
f 1293 1294 1384
f 1293 1384 1383
f 1294 1295 1385
f 1294 1385 1384
f 1295 1296 1386
f 1295 1386 1385
f 1296 1297 1387
f 1296 1387 1386
f 1297 1298 1388
f 1297 1388 1387
f 1298 1299 1389
f 1298 1389 1388
f 1299 1300 1390
f 1299 1390 1389
f 1300 1301 1391
f 1300 1391 1390
f 1301 1302 1392
f 1301 1392 1391
f 1302 1303 1393
f 1302 1393 1392
f 1303 1304 1394
f 1303 1394 1393
f 1304 1305 1395
f 1304 1395 1394
f 1305 1306 1396
f 1305 1396 1395
f 1306 1307 1397
f 1306 1397 1396
f 1307 1308 1398
f 1307 1398 1397
f 1308 1309 1399
f 1308 1399 1398
f 1309 1310 1400
f 1309 1400 1399
f 1310 1311 1401
f 1310 1401 1400
f 1311 1312 1402
f 1311 1402 1401
f 1312 1313 1403
f 1312 1403 1402
f 1313 1314 1404
f 1313 1404 1403
f 1314 1315 1405
f 1314 1405 1404
f 1315 1316 1406
f 1315 1406 1405
f 1316 1317 1407
f 1316 1407 1406
f 1317 1318 1408
f 1317 1408 1407
f 1318 1319 1409
f 1318 1409 1408
f 1319 1320 1410
f 1319 1410 1409
f 1320 1321 1411
f 1320 1411 1410
f 1321 1322 1412
f 1321 1412 1411
f 1322 1323 1413
f 1322 1413 1412
f 1323 1324 1414
f 1323 1414 1413
f 1324 1325 1415
f 1324 1415 1414
f 1325 1326 1416
f 1325 1416 1415
f 1326 1327 1417
f 1326 1417 1416
f 1327 1328 1418
f 1327 1418 1417
f 1328 1329 1419
f 1328 1419 1418
f 1329 1330 1420
f 1329 1420 1419
f 1330 1331 1421
f 1330 1421 1420
f 1331 1332 1422
f 1331 1422 1421
f 1332 1333 1423
f 1332 1423 1422
f 1333 1334 1424
f 1333 1424 1423
f 1334 1335 1425
f 1334 1425 1424
f 1335 1336 1426
f 1335 1426 1425
f 1336 1337 1427
f 1336 1427 1426
f 1337 1338 1428
f 1337 1428 1427
f 1338 1339 1429
f 1338 1429 1428
f 1339 1340 1430
f 1339 1430 1429
f 1340 1341 1431
f 1340 1431 1430
f 1341 1342 1432
f 1341 1432 1431
f 1342 1343 1433
f 1342 1433 1432
f 1343 1344 1434
f 1343 1434 1433
f 1344 1345 1435
f 1344 1435 1434
f 1345 1346 1436
f 1345 1436 1435
f 1346 1347 1437
f 1346 1437 1436
f 1348 1349 1438
f 1349 1350 1439
f 1349 1439 1438
f 1350 1351 1440
f 1350 1440 1439
f 1351 1352 1441
f 1351 1441 1440
f 1352 1353 1442
f 1352 1442 1441
f 1353 1354 1443
f 1353 1443 1442
f 1354 1355 1444
f 1354 1444 1443
f 1355 1356 1445
f 1355 1445 1444
f 1356 1357 1446
f 1356 1446 1445
f 1357 1358 1447
f 1357 1447 1446
f 1358 1359 1448
f 1358 1448 1447
f 1359 1360 1449
f 1359 1449 1448
f 1360 1271 1361
f 1360 1361 1449
f 1361 1362 1451
f 1361 1451 1450
f 1362 1363 1452
f 1362 1452 1451
f 1363 1364 1453
f 1363 1453 1452
f 1364 1365 1454
f 1364 1454 1453
f 1365 1366 1455
f 1365 1455 1454
f 1366 1367 1456
f 1366 1456 1455
f 1367 1368 1457
f 1367 1457 1456
f 1368 1369 1458
f 1368 1458 1457
f 1369 1370 1459
f 1369 1459 1458
f 1370 1371 1460
f 1370 1460 1459
f 1371 1372 1461
f 1371 1461 1460
f 1372 1373 1462
f 1372 1462 1461
f 1373 1374 1463
f 1373 1463 1462
f 1374 1375 1464
f 1374 1464 1463
f 1375 1376 1465
f 1375 1465 1464
f 1376 1377 1466
f 1376 1466 1465
f 1377 1378 1467
f 1377 1467 1466
f 1378 1379 1468
f 1378 1468 1467
f 1379 1380 1469
f 1379 1469 1468
f 1380 1381 1470
f 1380 1470 1469
f 1381 1382 1471
f 1381 1471 1470
f 1382 1383 1472
f 1382 1472 1471
f 1383 1384 1473
f 1383 1473 1472
f 1384 1385 1474
f 1384 1474 1473
f 1385 1386 1475
f 1385 1475 1474
f 1386 1387 1476
f 1386 1476 1475
f 1387 1388 1477
f 1387 1477 1476
f 1388 1389 1478
f 1388 1478 1477
f 1389 1390 1479
f 1389 1479 1478
f 1390 1391 1480
f 1390 1480 1479
f 1391 1392 1481
f 1391 1481 1480
f 1392 1393 1482
f 1392 1482 1481
f 1393 1394 1483
f 1393 1483 1482
f 1394 1395 1484
f 1394 1484 1483
f 1395 1396 1485
f 1395 1485 1484
f 1396 1397 1486
f 1396 1486 1485
f 1397 1398 1487
f 1397 1487 1486
f 1398 1399 1488
f 1398 1488 1487
f 1399 1400 1489
f 1399 1489 1488
f 1400 1401 1490
f 1400 1490 1489
f 1401 1402 1491
f 1401 1491 1490
f 1402 1403 1492
f 1402 1492 1491
f 1403 1404 1493
f 1403 1493 1492
f 1404 1405 1494
f 1404 1494 1493
f 1405 1406 1495
f 1405 1495 1494
f 1406 1407 1496
f 1406 1496 1495
f 1407 1408 1497
f 1407 1497 1496
f 1408 1409 1498
f 1408 1498 1497
f 1409 1410 1499
f 1409 1499 1498
f 1410 1411 1500
f 1410 1500 1499
f 1411 1412 1501
f 1411 1501 1500
f 1412 1413 1502
f 1412 1502 1501
f 1413 1414 1503
f 1413 1503 1502
f 1414 1415 1504
f 1414 1504 1503
f 1415 1416 1505
f 1415 1505 1504
f 1416 1417 1506
f 1416 1506 1505
f 1417 1418 1507
f 1417 1507 1506
f 1418 1419 1508
f 1418 1508 1507
f 1419 1420 1509
f 1419 1509 1508
f 1420 1421 1510
f 1420 1510 1509
f 1421 1422 1511
f 1421 1511 1510
f 1422 1423 1512
f 1422 1512 1511
f 1423 1424 1513
f 1423 1513 1512
f 1424 1425 1514
f 1424 1514 1513
f 1425 1426 1515
f 1425 1515 1514
f 1426 1427 1516
f 1426 1516 1515
f 1427 1428 1517
f 1427 1517 1516
f 1428 1429 1518
f 1428 1518 1517
f 1429 1430 1519
f 1429 1519 1518
f 1430 1431 1520
f 1430 1520 1519
f 1431 1432 1521
f 1431 1521 1520
f 1432 1433 1522
f 1432 1522 1521
f 1433 1434 1523
f 1433 1523 1522
f 1434 1435 1524
f 1434 1524 1523
f 1435 1436 1525
f 1435 1525 1524
f 1436 1437 1526
f 1436 1526 1525
f 1438 1439 1528
f 1438 1528 1527
f 1439 1440 1529
f 1439 1529 1528
f 1440 1441 1530
f 1440 1530 1529
f 1441 1442 1531
f 1441 1531 1530
f 1442 1443 1532
f 1442 1532 1531
f 1443 1444 1533
f 1443 1533 1532
f 1444 1445 1534
f 1444 1534 1533
f 1445 1446 1535
f 1445 1535 1534
f 1446 1447 1536
f 1446 1536 1535
f 1447 1448 1537
f 1447 1537 1536
f 1448 1449 1538
f 1448 1538 1537
f 1449 1361 1450
f 1449 1450 1538
f 1450 1451 1540
f 1450 1540 1539
f 1451 1452 1541
f 1451 1541 1540
f 1452 1453 1542
f 1452 1542 1541
f 1453 1454 1543
f 1453 1543 1542
f 1454 1455 1544
f 1454 1544 1543
f 1455 1456 1545
f 1455 1545 1544
f 1456 1457 1546
f 1456 1546 1545
f 1457 1458 1547
f 1457 1547 1546
f 1458 1459 1548
f 1458 1548 1547
f 1459 1460 1549
f 1459 1549 1548
f 1460 1461 1550
f 1460 1550 1549
f 1461 1462 1551
f 1461 1551 1550
f 1462 1463 1552
f 1462 1552 1551
f 1463 1464 1553
f 1463 1553 1552
f 1464 1465 1554
f 1464 1554 1553
f 1465 1466 1555
f 1465 1555 1554
f 1466 1467 1556
f 1466 1556 1555
f 1467 1468 1557
f 1467 1557 1556
f 1468 1469 1558
f 1468 1558 1557
f 1469 1470 1559
f 1469 1559 1558
f 1470 1471 1560
f 1470 1560 1559
f 1471 1472 1561
f 1471 1561 1560
f 1472 1473 1562
f 1472 1562 1561
f 1473 1474 1563
f 1473 1563 1562
f 1474 1475 1564
f 1474 1564 1563
f 1475 1476 1565
f 1475 1565 1564
f 1476 1477 1566
f 1476 1566 1565
f 1477 1478 1567
f 1477 1567 1566
f 1478 1479 1568
f 1478 1568 1567
f 1479 1480 1569
f 1479 1569 1568
f 1480 1481 1570
f 1480 1570 1569
f 1481 1482 1571
f 1481 1571 1570
f 1482 1483 1572
f 1482 1572 1571
f 1483 1484 1573
f 1483 1573 1572
f 1484 1485 1574
f 1484 1574 1573
f 1485 1486 1575
f 1485 1575 1574
f 1486 1487 1576
f 1486 1576 1575
f 1487 1488 1577
f 1487 1577 1576
f 1488 1489 1578
f 1488 1578 1577
f 1489 1490 1579
f 1489 1579 1578
f 1490 1491 1580
f 1490 1580 1579
f 1491 1492 1581
f 1491 1581 1580
f 1492 1493 1582
f 1492 1582 1581
f 1493 1494 1583
f 1493 1583 1582
f 1494 1495 1584
f 1494 1584 1583
f 1495 1496 1585
f 1495 1585 1584
f 1496 1497 1586
f 1496 1586 1585
f 1497 1498 1587
f 1497 1587 1586
f 1498 1499 1588
f 1498 1588 1587
f 1499 1500 1589
f 1499 1589 1588
f 1500 1501 1590
f 1500 1590 1589
f 1501 1502 1591
f 1501 1591 1590
f 1502 1503 1592
f 1502 1592 1591
f 1503 1504 1593
f 1503 1593 1592
f 1504 1505 1594
f 1504 1594 1593
f 1505 1506 1595
f 1505 1595 1594
f 1506 1507 1596
f 1506 1596 1595
f 1507 1508 1597
f 1507 1597 1596
f 1508 1509 1598
f 1508 1598 1597
f 1509 1510 1599
f 1509 1599 1598
f 1510 1511 1600
f 1510 1600 1599
f 1511 1512 1601
f 1511 1601 1600
f 1512 1513 1602
f 1512 1602 1601
f 1513 1514 1603
f 1513 1603 1602
f 1514 1515 1604
f 1514 1604 1603
f 1515 1516 1605
f 1515 1605 1604
f 1516 1517 1606
f 1516 1606 1605
f 1517 1518 1607
f 1517 1607 1606
f 1518 1519 1608
f 1518 1608 1607
f 1519 1520 1609
f 1519 1609 1608
f 1520 1521 1610
f 1520 1610 1609
f 1521 1522 1611
f 1521 1611 1610
f 1522 1523 1612
f 1522 1612 1611
f 1523 1524 1613
f 1523 1613 1612
f 1524 1525 1614
f 1524 1614 1613
f 1525 1526 1615
f 1525 1615 1614
f 1527 1528 1617
f 1527 1617 1616
f 1528 1529 1618
f 1528 1618 1617
f 1529 1530 1619
f 1529 1619 1618
f 1530 1531 1620
f 1530 1620 1619
f 1531 1532 1621
f 1531 1621 1620
f 1532 1533 1622
f 1532 1622 1621
f 1533 1534 1623
f 1533 1623 1622
f 1534 1535 1624
f 1534 1624 1623
f 1535 1536 1625
f 1535 1625 1624
f 1536 1537 1626
f 1536 1626 1625
f 1537 1538 1627
f 1537 1627 1626
f 1538 1450 1539
f 1538 1539 1627
f 1539 1540 1629
f 1539 1629 1628
f 1540 1541 1630
f 1540 1630 1629
f 1541 1542 1631
f 1541 1631 1630
f 1542 1543 1632
f 1542 1632 1631
f 1543 1544 1633
f 1543 1633 1632
f 1544 1545 1634
f 1544 1634 1633
f 1545 1546 1635
f 1545 1635 1634
f 1546 1547 1636
f 1546 1636 1635
f 1547 1548 1637
f 1547 1637 1636
f 1548 1549 1638
f 1548 1638 1637
f 1549 1550 1639
f 1549 1639 1638
f 1550 1551 1640
f 1550 1640 1639
f 1551 1552 1641
f 1551 1641 1640
f 1552 1553 1642
f 1552 1642 1641
f 1553 1554 1643
f 1553 1643 1642
f 1554 1555 1644
f 1554 1644 1643
f 1555 1556 1645
f 1555 1645 1644
f 1556 1557 1646
f 1556 1646 1645
f 1557 1558 1647
f 1557 1647 1646
f 1558 1559 1648
f 1558 1648 1647
f 1559 1560 1649
f 1559 1649 1648
f 1560 1561 1650
f 1560 1650 1649
f 1561 1562 1651
f 1561 1651 1650
f 1562 1563 1652
f 1562 1652 1651
f 1563 1564 1653
f 1563 1653 1652
f 1564 1565 1654
f 1564 1654 1653
f 1565 1566 1655
f 1565 1655 1654
f 1566 1567 1656
f 1566 1656 1655
f 1567 1568 1657
f 1567 1657 1656
f 1568 1569 1658
f 1568 1658 1657
f 1569 1570 1659
f 1569 1659 1658
f 1570 1571 1660
f 1570 1660 1659
f 1571 1572 1661
f 1571 1661 1660
f 1572 1573 1662
f 1572 1662 1661
f 1573 1574 1663
f 1573 1663 1662
f 1574 1575 1664
f 1574 1664 1663
f 1575 1576 1665
f 1575 1665 1664
f 1576 1577 1666
f 1576 1666 1665
f 1577 1578 1667
f 1577 1667 1666
f 1578 1579 1668
f 1578 1668 1667
f 1579 1580 1669
f 1579 1669 1668
f 1580 1581 1670
f 1580 1670 1669
f 1581 1582 1671
f 1581 1671 1670
f 1582 1583 1672
f 1582 1672 1671
f 1583 1584 1673
f 1583 1673 1672
f 1584 1585 1674
f 1584 1674 1673
f 1585 1586 1675
f 1585 1675 1674
f 1586 1587 1676
f 1586 1676 1675
f 1587 1588 1677
f 1587 1677 1676
f 1588 1589 1678
f 1588 1678 1677
f 1589 1590 1679
f 1589 1679 1678
f 1590 1591 1680
f 1590 1680 1679
f 1591 1592 1681
f 1591 1681 1680
f 1592 1593 1682
f 1592 1682 1681
f 1593 1594 1683
f 1593 1683 1682
f 1594 1595 1684
f 1594 1684 1683
f 1595 1596 1685
f 1595 1685 1684
f 1596 1597 1686
f 1596 1686 1685
f 1597 1598 1687
f 1597 1687 1686
f 1598 1599 1688
f 1598 1688 1687
f 1599 1600 1689
f 1599 1689 1688
f 1600 1601 1690
f 1600 1690 1689
f 1601 1602 1691
f 1601 1691 1690
f 1602 1603 1692
f 1602 1692 1691
f 1603 1604 1693
f 1603 1693 1692
f 1604 1605 1694
f 1604 1694 1693
f 1605 1606 1695
f 1605 1695 1694
f 1606 1607 1696
f 1606 1696 1695
f 1607 1608 1697
f 1607 1697 1696
f 1608 1609 1698
f 1608 1698 1697
f 1609 1610 1699
f 1609 1699 1698
f 1610 1611 1700
f 1610 1700 1699
f 1611 1612 1701
f 1611 1701 1700
f 1612 1613 1702
f 1612 1702 1701
f 1613 1614 1703
f 1613 1703 1702
f 1614 1615 1704
f 1614 1704 1703
f 1616 1617 1706
f 1616 1706 1705
f 1617 1618 1707
f 1617 1707 1706
f 1618 1619 1708
f 1618 1708 1707
f 1619 1620 1709
f 1619 1709 1708
f 1620 1621 1710
f 1620 1710 1709
f 1621 1622 1711
f 1621 1711 1710
f 1622 1623 1712
f 1622 1712 1711
f 1623 1624 1713
f 1623 1713 1712
f 1624 1625 1714
f 1624 1714 1713
f 1625 1626 1715
f 1625 1715 1714
f 1626 1627 1716
f 1626 1716 1715
f 1627 1539 1628
f 1627 1628 1716
f 1628 1629 1718
f 1628 1718 1717
f 1629 1630 1719
f 1629 1719 1718
f 1630 1631 1720
f 1630 1720 1719
f 1631 1632 1721
f 1631 1721 1720
f 1632 1633 1722
f 1632 1722 1721
f 1633 1634 1723
f 1633 1723 1722
f 1634 1635 1724
f 1634 1724 1723
f 1635 1636 1725
f 1635 1725 1724
f 1636 1637 1726
f 1636 1726 1725
f 1637 1638 1727
f 1637 1727 1726
f 1638 1639 1728
f 1638 1728 1727
f 1639 1640 1729
f 1639 1729 1728
f 1640 1641 1730
f 1640 1730 1729
f 1641 1642 1731
f 1641 1731 1730
f 1642 1643 1732
f 1642 1732 1731
f 1643 1644 1733
f 1643 1733 1732
f 1644 1645 1734
f 1644 1734 1733
f 1645 1646 1735
f 1645 1735 1734
f 1646 1647 1736
f 1646 1736 1735
f 1647 1648 1737
f 1647 1737 1736
f 1648 1649 1738
f 1648 1738 1737
f 1649 1650 1739
f 1649 1739 1738
f 1650 1651 1740
f 1650 1740 1739
f 1651 1652 1741
f 1651 1741 1740
f 1652 1653 1742
f 1652 1742 1741
f 1653 1654 1743
f 1653 1743 1742
f 1654 1655 1744
f 1654 1744 1743
f 1655 1656 1745
f 1655 1745 1744
f 1656 1657 1746
f 1656 1746 1745
f 1657 1658 1747
f 1657 1747 1746
f 1658 1659 1748
f 1658 1748 1747
f 1659 1660 1749
f 1659 1749 1748
f 1660 1661 1750
f 1660 1750 1749
f 1661 1662 1751
f 1661 1751 1750
f 1662 1663 1752
f 1662 1752 1751
f 1663 1664 1753
f 1663 1753 1752
f 1664 1665 1754
f 1664 1754 1753
f 1665 1666 1755
f 1665 1755 1754
f 1666 1667 1756
f 1666 1756 1755
f 1667 1668 1757
f 1667 1757 1756
f 1668 1669 1758
f 1668 1758 1757
f 1669 1670 1759
f 1669 1759 1758
f 1670 1671 1760
f 1670 1760 1759
f 1671 1672 1761
f 1671 1761 1760
f 1672 1673 1762
f 1672 1762 1761
f 1673 1674 1763
f 1673 1763 1762
f 1674 1675 1764
f 1674 1764 1763
f 1675 1676 1765
f 1675 1765 1764
f 1676 1677 1766
f 1676 1766 1765
f 1677 1678 1767
f 1677 1767 1766
f 1678 1679 1768
f 1678 1768 1767
f 1679 1680 1769
f 1679 1769 1768
f 1680 1681 1770
f 1680 1770 1769
f 1681 1682 1771
f 1681 1771 1770
f 1682 1683 1772
f 1682 1772 1771
f 1683 1684 1773
f 1683 1773 1772
f 1684 1685 1774
f 1684 1774 1773
f 1685 1686 1775
f 1685 1775 1774
f 1686 1687 1776
f 1686 1776 1775
f 1687 1688 1777
f 1687 1777 1776
f 1688 1689 1778
f 1688 1778 1777
f 1689 1690 1779
f 1689 1779 1778
f 1690 1691 1780
f 1690 1780 1779
f 1691 1692 1781
f 1691 1781 1780
f 1692 1693 1782
f 1692 1782 1781
f 1693 1694 1783
f 1693 1783 1782
f 1694 1695 1784
f 1694 1784 1783
f 1695 1696 1785
f 1695 1785 1784
f 1696 1697 1786
f 1696 1786 1785
f 1697 1698 1787
f 1697 1787 1786
f 1698 1699 1788
f 1698 1788 1787
f 1699 1700 1789
f 1699 1789 1788
f 1700 1701 1790
f 1700 1790 1789
f 1701 1702 1791
f 1701 1791 1790
f 1702 1703 1792
f 1702 1792 1791
f 1703 1704 1793
f 1703 1793 1792
f 1705 1706 1795
f 1705 1795 1794
f 1706 1707 1796
f 1706 1796 1795
f 1707 1708 1797
f 1707 1797 1796
f 1708 1709 1798
f 1708 1798 1797
f 1709 1710 1799
f 1709 1799 1798
f 1710 1711 1800
f 1710 1800 1799
f 1711 1712 1801
f 1711 1801 1800
f 1712 1713 1802
f 1712 1802 1801
f 1713 1714 1803
f 1713 1803 1802
f 1714 1715 1804
f 1714 1804 1803
f 1715 1716 1805
f 1715 1805 1804
f 1716 1628 1717
f 1716 1717 1805
f 1717 1718 1807
f 1717 1807 1806
f 1718 1719 1808
f 1718 1808 1807
f 1719 1720 1809
f 1719 1809 1808
f 1720 1721 1810
f 1720 1810 1809
f 1721 1722 1811
f 1721 1811 1810
f 1722 1723 1812
f 1722 1812 1811
f 1723 1724 1813
f 1723 1813 1812
f 1724 1725 1814
f 1724 1814 1813
f 1725 1726 1815
f 1725 1815 1814
f 1726 1727 1816
f 1726 1816 1815
f 1727 1728 1817
f 1727 1817 1816
f 1728 1729 1818
f 1728 1818 1817
f 1729 1730 1819
f 1729 1819 1818
f 1730 1731 1820
f 1730 1820 1819
f 1731 1732 1821
f 1731 1821 1820
f 1732 1733 1822
f 1732 1822 1821
f 1733 1734 1823
f 1733 1823 1822
f 1734 1735 1824
f 1734 1824 1823
f 1735 1736 1825
f 1735 1825 1824
f 1736 1737 1826
f 1736 1826 1825
f 1737 1738 1827
f 1737 1827 1826
f 1738 1739 1828
f 1738 1828 1827
f 1739 1740 1829
f 1739 1829 1828
f 1740 1741 1830
f 1740 1830 1829
f 1741 1742 1831
f 1741 1831 1830
f 1742 1743 1832
f 1742 1832 1831
f 1743 1744 1833
f 1743 1833 1832
f 1744 1745 1834
f 1744 1834 1833
f 1745 1746 1835
f 1745 1835 1834
f 1746 1747 1836
f 1746 1836 1835
f 1747 1748 1837
f 1747 1837 1836
f 1748 1749 1838
f 1748 1838 1837
f 1749 1750 1839
f 1749 1839 1838
f 1750 1751 1840
f 1750 1840 1839
f 1751 1752 1841
f 1751 1841 1840
f 1752 1753 1842
f 1752 1842 1841
f 1753 1754 1843
f 1753 1843 1842
f 1754 1755 1844
f 1754 1844 1843
f 1755 1756 1845
f 1755 1845 1844
f 1756 1757 1846
f 1756 1846 1845
f 1757 1758 1847
f 1757 1847 1846
f 1758 1759 1848
f 1758 1848 1847
f 1759 1760 1849
f 1759 1849 1848
f 1760 1761 1850
f 1760 1850 1849
f 1761 1762 1851
f 1761 1851 1850
f 1762 1763 1852
f 1762 1852 1851
f 1763 1764 1853
f 1763 1853 1852
f 1764 1765 1854
f 1764 1854 1853
f 1765 1766 1855
f 1765 1855 1854
f 1766 1767 1856
f 1766 1856 1855
f 1767 1768 1857
f 1767 1857 1856
f 1768 1769 1858
f 1768 1858 1857
f 1769 1770 1859
f 1769 1859 1858
f 1770 1771 1860
f 1770 1860 1859
f 1771 1772 1861
f 1771 1861 1860
f 1772 1773 1862
f 1772 1862 1861
f 1773 1774 1863
f 1773 1863 1862
f 1774 1775 1864
f 1774 1864 1863
f 1775 1776 1865
f 1775 1865 1864
f 1776 1777 1866
f 1776 1866 1865
f 1777 1778 1867
f 1777 1867 1866
f 1778 1779 1868
f 1778 1868 1867
f 1779 1780 1869
f 1779 1869 1868
f 1780 1781 1870
f 1780 1870 1869
f 1781 1782 1871
f 1781 1871 1870
f 1782 1783 1872
f 1782 1872 1871
f 1783 1784 1873
f 1783 1873 1872
f 1784 1785 1874
f 1784 1874 1873
f 1785 1786 1875
f 1785 1875 1874
f 1786 1787 1876
f 1786 1876 1875
f 1787 1788 1877
f 1787 1877 1876
f 1788 1789 1878
f 1788 1878 1877
f 1789 1790 1879
f 1789 1879 1878
f 1790 1791 1880
f 1790 1880 1879
f 1791 1792 1881
f 1791 1881 1880
f 1792 1793 1882
f 1792 1882 1881
f 1794 1795 1884
f 1794 1884 1883
f 1795 1796 1885
f 1795 1885 1884
f 1796 1797 1886
f 1796 1886 1885
f 1797 1798 1887
f 1797 1887 1886
f 1798 1799 1888
f 1798 1888 1887
f 1799 1800 1889
f 1799 1889 1888
f 1800 1801 1890
f 1800 1890 1889
f 1801 1802 1891
f 1801 1891 1890
f 1802 1803 1892
f 1802 1892 1891
f 1803 1804 1893
f 1803 1893 1892
f 1804 1805 1894
f 1804 1894 1893
f 1805 1717 1806
f 1805 1806 1894
f 1806 1807 1896
f 1806 1896 1895
f 1807 1808 1897
f 1807 1897 1896
f 1808 1809 1898
f 1808 1898 1897
f 1809 1810 1899
f 1809 1899 1898
f 1810 1811 1900
f 1810 1900 1899
f 1811 1812 1901
f 1811 1901 1900
f 1812 1813 1902
f 1812 1902 1901
f 1813 1814 1903
f 1813 1903 1902
f 1814 1815 1904
f 1814 1904 1903
f 1815 1816 1905
f 1815 1905 1904
f 1816 1817 1906
f 1816 1906 1905
f 1817 1818 1907
f 1817 1907 1906
f 1818 1819 1908
f 1818 1908 1907
f 1819 1820 1909
f 1819 1909 1908
f 1820 1821 1910
f 1820 1910 1909
f 1821 1822 1911
f 1821 1911 1910
f 1822 1823 1912
f 1822 1912 1911
f 1823 1824 1913
f 1823 1913 1912
f 1824 1825 1914
f 1824 1914 1913
f 1825 1826 1915
f 1825 1915 1914
f 1826 1827 1916
f 1826 1916 1915
f 1827 1828 1917
f 1827 1917 1916
f 1828 1829 1918
f 1828 1918 1917
f 1829 1830 1919
f 1829 1919 1918
f 1830 1831 1920
f 1830 1920 1919
f 1831 1832 1921
f 1831 1921 1920
f 1832 1833 1922
f 1832 1922 1921
f 1833 1834 1923
f 1833 1923 1922
f 1834 1835 1924
f 1834 1924 1923
f 1835 1836 1925
f 1835 1925 1924
f 1836 1837 1926
f 1836 1926 1925
f 1837 1838 1927
f 1837 1927 1926
f 1838 1839 1928
f 1838 1928 1927
f 1839 1840 1929
f 1839 1929 1928
f 1840 1841 1930
f 1840 1930 1929
f 1841 1842 1931
f 1841 1931 1930
f 1842 1843 1932
f 1842 1932 1931
f 1843 1844 1933
f 1843 1933 1932
f 1844 1845 1934
f 1844 1934 1933
f 1845 1846 1935
f 1845 1935 1934
f 1846 1847 1936
f 1846 1936 1935
f 1847 1848 1937
f 1847 1937 1936
f 1848 1849 1938
f 1848 1938 1937
f 1849 1850 1939
f 1849 1939 1938
f 1850 1851 1940
f 1850 1940 1939
f 1851 1852 1941
f 1851 1941 1940
f 1852 1853 1942
f 1852 1942 1941
f 1853 1854 1943
f 1853 1943 1942
f 1854 1855 1944
f 1854 1944 1943
f 1855 1856 1945
f 1855 1945 1944
f 1856 1857 1946
f 1856 1946 1945
f 1857 1858 1947
f 1857 1947 1946
f 1858 1859 1948
f 1858 1948 1947
f 1859 1860 1949
f 1859 1949 1948
f 1860 1861 1950
f 1860 1950 1949
f 1861 1862 1951
f 1861 1951 1950
f 1862 1863 1952
f 1862 1952 1951
f 1863 1864 1953
f 1863 1953 1952
f 1864 1865 1954
f 1864 1954 1953
f 1865 1866 1955
f 1865 1955 1954
f 1866 1867 1956
f 1866 1956 1955
f 1867 1868 1957
f 1867 1957 1956
f 1868 1869 1958
f 1868 1958 1957
f 1869 1870 1959
f 1869 1959 1958
f 1870 1871 1960
f 1870 1960 1959
f 1871 1872 1961
f 1871 1961 1960
f 1872 1873 1962
f 1872 1962 1961
f 1873 1874 1963
f 1873 1963 1962
f 1874 1875 1964
f 1874 1964 1963
f 1875 1876 1965
f 1875 1965 1964
f 1876 1877 1966
f 1876 1966 1965
f 1877 1878 1967
f 1877 1967 1966
f 1878 1879 1968
f 1878 1968 1967
f 1879 1880 1969
f 1879 1969 1968
f 1880 1881 1970
f 1880 1970 1969
f 1883 1884 1972
f 1883 1972 1971
f 1884 1885 1973
f 1884 1973 1972
f 1885 1886 1974
f 1885 1974 1973
f 1886 1887 1975
f 1886 1975 1974
f 1887 1888 1976
f 1887 1976 1975
f 1888 1889 1977
f 1888 1977 1976
f 1889 1890 1978
f 1889 1978 1977
f 1890 1891 1979
f 1890 1979 1978
f 1891 1892 1980
f 1891 1980 1979
f 1892 1893 1981
f 1892 1981 1980
f 1893 1894 1982
f 1893 1982 1981
f 1894 1806 1895
f 1894 1895 1982
f 1895 1896 1984
f 1895 1984 1983
f 1896 1897 1985
f 1896 1985 1984
f 1897 1898 1986
f 1897 1986 1985
f 1898 1899 1987
f 1898 1987 1986
f 1899 1900 1988
f 1899 1988 1987
f 1900 1901 1989
f 1900 1989 1988
f 1901 1902 1990
f 1901 1990 1989
f 1902 1903 1991
f 1902 1991 1990
f 1903 1904 1992
f 1903 1992 1991
f 1904 1905 1993
f 1904 1993 1992
f 1905 1906 1994
f 1905 1994 1993
f 1906 1907 1995
f 1906 1995 1994
f 1907 1908 1996
f 1907 1996 1995
f 1908 1909 1997
f 1908 1997 1996
f 1909 1910 1998
f 1909 1998 1997
f 1910 1911 1999
f 1910 1999 1998
f 1911 1912 2000
f 1911 2000 1999
f 1912 1913 2001
f 1912 2001 2000
f 1913 1914 2002
f 1913 2002 2001
f 1914 1915 2003
f 1914 2003 2002
f 1915 1916 2004
f 1915 2004 2003
f 1916 1917 2005
f 1916 2005 2004
f 1917 1918 2006
f 1917 2006 2005
f 1918 1919 2007
f 1918 2007 2006
f 1919 1920 2008
f 1919 2008 2007
f 1920 1921 2009
f 1920 2009 2008
f 1921 1922 2010
f 1921 2010 2009
f 1922 1923 2011
f 1922 2011 2010
f 1923 1924 2012
f 1923 2012 2011
f 1924 1925 2013
f 1924 2013 2012
f 1925 1926 2014
f 1925 2014 2013
f 1926 1927 2015
f 1926 2015 2014
f 1927 1928 2016
f 1927 2016 2015
f 1928 1929 2017
f 1928 2017 2016
f 1929 1930 2018
f 1929 2018 2017
f 1930 1931 2019
f 1930 2019 2018
f 1931 1932 2020
f 1931 2020 2019
f 1932 1933 2021
f 1932 2021 2020
f 1933 1934 2022
f 1933 2022 2021
f 1934 1935 2023
f 1934 2023 2022
f 1935 1936 2024
f 1935 2024 2023
f 1936 1937 2025
f 1936 2025 2024
f 1937 1938 2026
f 1937 2026 2025
f 1938 1939 2027
f 1938 2027 2026
f 1939 1940 2028
f 1939 2028 2027
f 1940 1941 2029
f 1940 2029 2028
f 1941 1942 2030
f 1941 2030 2029
f 1942 1943 2031
f 1942 2031 2030
f 1943 1944 2032
f 1943 2032 2031
f 1944 1945 2033
f 1944 2033 2032
f 1945 1946 2034
f 1945 2034 2033
f 1946 1947 2035
f 1946 2035 2034
f 1947 1948 2036
f 1947 2036 2035
f 1948 1949 2037
f 1948 2037 2036
f 1949 1950 2038
f 1949 2038 2037
f 1950 1951 2039
f 1950 2039 2038
f 1951 1952 2040
f 1951 2040 2039
f 1952 1953 2041
f 1952 2041 2040
f 1953 1954 2042
f 1953 2042 2041
f 1954 1955 2043
f 1954 2043 2042
f 1955 1956 2044
f 1955 2044 2043
f 1956 1957 2045
f 1956 2045 2044
f 1957 1958 2046
f 1957 2046 2045
f 1958 1959 2047
f 1958 2047 2046
f 1959 1960 2048
f 1959 2048 2047
f 1960 1961 2049
f 1960 2049 2048
f 1961 1962 2050
f 1961 2050 2049
f 1962 1963 2051
f 1962 2051 2050
f 1963 1964 2052
f 1963 2052 2051
f 1964 1965 2053
f 1964 2053 2052
f 1965 1966 2054
f 1965 2054 2053
f 1966 1967 2055
f 1966 2055 2054
f 1967 1968 2056
f 1967 2056 2055
f 1968 1969 2057
f 1968 2057 2056
f 1969 1970 2058
f 1969 2058 2057
f 1971 1972 2060
f 1971 2060 2059
f 1972 1973 2061
f 1972 2061 2060
f 1973 1974 2062
f 1973 2062 2061
f 1974 1975 2063
f 1974 2063 2062
f 1975 1976 2064
f 1975 2064 2063
f 1976 1977 2065
f 1976 2065 2064
f 1977 1978 2066
f 1977 2066 2065
f 1978 1979 2067
f 1978 2067 2066
f 1979 1980 2068
f 1979 2068 2067
f 1980 1981 2069
f 1980 2069 2068
f 1981 1982 2070
f 1981 2070 2069
f 1982 1895 1983
f 1982 1983 2070
f 1983 1984 2072
f 1983 2072 2071
f 1984 1985 2073
f 1984 2073 2072
f 1985 1986 2074
f 1985 2074 2073
f 1986 1987 2075
f 1986 2075 2074
f 1987 1988 2076
f 1987 2076 2075
f 1988 1989 2077
f 1988 2077 2076
f 1989 1990 2078
f 1989 2078 2077
f 1990 1991 2079
f 1990 2079 2078
f 1991 1992 2080
f 1991 2080 2079
f 1992 1993 2081
f 1992 2081 2080
f 1993 1994 2082
f 1993 2082 2081
f 1994 1995 2083
f 1994 2083 2082
f 1995 1996 2084
f 1995 2084 2083
f 1996 1997 2085
f 1996 2085 2084
f 1997 1998 2086
f 1997 2086 2085
f 1998 1999 2087
f 1998 2087 2086
f 1999 2000 2088
f 1999 2088 2087
f 2000 2001 2089
f 2000 2089 2088
f 2001 2002 2090
f 2001 2090 2089
f 2002 2003 2091
f 2002 2091 2090
f 2003 2004 2092
f 2003 2092 2091
f 2004 2005 2093
f 2004 2093 2092
f 2005 2006 2094
f 2005 2094 2093
f 2006 2007 2095
f 2006 2095 2094
f 2007 2008 2096
f 2007 2096 2095
f 2008 2009 2097
f 2008 2097 2096
f 2009 2010 2098
f 2009 2098 2097
f 2010 2011 2099
f 2010 2099 2098
f 2011 2012 2100
f 2011 2100 2099
f 2012 2013 2101
f 2012 2101 2100
f 2013 2014 2102
f 2013 2102 2101
f 2014 2015 2103
f 2014 2103 2102
f 2015 2016 2104
f 2015 2104 2103
f 2016 2017 2105
f 2016 2105 2104
f 2017 2018 2106
f 2017 2106 2105
f 2018 2019 2107
f 2018 2107 2106
f 2019 2020 2108
f 2019 2108 2107
f 2020 2021 2109
f 2020 2109 2108
f 2021 2022 2110
f 2021 2110 2109
f 2022 2023 2111
f 2022 2111 2110
f 2023 2024 2112
f 2023 2112 2111
f 2024 2025 2113
f 2024 2113 2112
f 2025 2026 2114
f 2025 2114 2113
f 2026 2027 2115
f 2026 2115 2114
f 2027 2028 2116
f 2027 2116 2115
f 2028 2029 2117
f 2028 2117 2116
f 2029 2030 2118
f 2029 2118 2117
f 2030 2031 2119
f 2030 2119 2118
f 2031 2032 2120
f 2031 2120 2119
f 2032 2033 2121
f 2032 2121 2120
f 2033 2034 2122
f 2033 2122 2121
f 2034 2035 2123
f 2034 2123 2122
f 2035 2036 2124
f 2035 2124 2123
f 2036 2037 2125
f 2036 2125 2124
f 2037 2038 2126
f 2037 2126 2125
f 2038 2039 2127
f 2038 2127 2126
f 2039 2040 2128
f 2039 2128 2127
f 2040 2041 2129
f 2040 2129 2128
f 2041 2042 2130
f 2041 2130 2129
f 2042 2043 2131
f 2042 2131 2130
f 2043 2044 2132
f 2043 2132 2131
f 2044 2045 2133
f 2044 2133 2132
f 2045 2046 2134
f 2045 2134 2133
f 2046 2047 2135
f 2046 2135 2134
f 2047 2048 2136
f 2047 2136 2135
f 2048 2049 2137
f 2048 2137 2136
f 2049 2050 2138
f 2049 2138 2137
f 2050 2051 2139
f 2050 2139 2138
f 2051 2052 2140
f 2051 2140 2139
f 2052 2053 2141
f 2052 2141 2140
f 2053 2054 2142
f 2053 2142 2141
f 2054 2055 2143
f 2054 2143 2142
f 2055 2056 2144
f 2055 2144 2143
f 2056 2057 2145
f 2056 2145 2144
f 2057 2058 2146
f 2057 2146 2145
f 2059 2060 2147
f 2060 2061 2148
f 2060 2148 2147
f 2061 2062 2149
f 2061 2149 2148
f 2062 2063 2150
f 2062 2150 2149
f 2063 2064 2151
f 2063 2151 2150
f 2064 2065 2152
f 2064 2152 2151
f 2065 2066 2153
f 2065 2153 2152
f 2066 2067 2154
f 2066 2154 2153
f 2067 2068 2155
f 2067 2155 2154
f 2068 2069 2156
f 2068 2156 2155
f 2069 2070 2157
f 2069 2157 2156
f 2070 1983 2071
f 2070 2071 2157
f 2071 2072 2159
f 2071 2159 2158
f 2072 2073 2160
f 2072 2160 2159
f 2073 2074 2161
f 2073 2161 2160
f 2074 2075 2162
f 2074 2162 2161
f 2075 2076 2163
f 2075 2163 2162
f 2076 2077 2164
f 2076 2164 2163
f 2077 2078 2165
f 2077 2165 2164
f 2078 2079 2166
f 2078 2166 2165
f 2079 2080 2167
f 2079 2167 2166
f 2080 2081 2168
f 2080 2168 2167
f 2081 2082 2169
f 2081 2169 2168
f 2082 2083 2170
f 2082 2170 2169
f 2083 2084 2171
f 2083 2171 2170
f 2084 2085 2172
f 2084 2172 2171
f 2085 2086 2173
f 2085 2173 2172
f 2086 2087 2174
f 2086 2174 2173
f 2087 2088 2175
f 2087 2175 2174
f 2088 2089 2176
f 2088 2176 2175
f 2089 2090 2177
f 2089 2177 2176
f 2090 2091 2178
f 2090 2178 2177
f 2091 2092 2179
f 2091 2179 2178
f 2092 2093 2180
f 2092 2180 2179
f 2093 2094 2181
f 2093 2181 2180
f 2094 2095 2182
f 2094 2182 2181
f 2095 2096 2183
f 2095 2183 2182
f 2096 2097 2184
f 2096 2184 2183
f 2097 2098 2185
f 2097 2185 2184
f 2098 2099 2186
f 2098 2186 2185
f 2099 2100 2187
f 2099 2187 2186
f 2100 2101 2188
f 2100 2188 2187
f 2101 2102 2189
f 2101 2189 2188
f 2102 2103 2190
f 2102 2190 2189
f 2103 2104 2191
f 2103 2191 2190
f 2104 2105 2192
f 2104 2192 2191
f 2105 2106 2193
f 2105 2193 2192
f 2106 2107 2194
f 2106 2194 2193
f 2107 2108 2195
f 2107 2195 2194
f 2108 2109 2196
f 2108 2196 2195
f 2109 2110 2197
f 2109 2197 2196
f 2110 2111 2198
f 2110 2198 2197
f 2111 2112 2199
f 2111 2199 2198
f 2112 2113 2200
f 2112 2200 2199
f 2113 2114 2201
f 2113 2201 2200
f 2114 2115 2202
f 2114 2202 2201
f 2115 2116 2203
f 2115 2203 2202
f 2116 2117 2204
f 2116 2204 2203
f 2117 2118 2205
f 2117 2205 2204
f 2118 2119 2206
f 2118 2206 2205
f 2119 2120 2207
f 2119 2207 2206
f 2120 2121 2208
f 2120 2208 2207
f 2121 2122 2209
f 2121 2209 2208
f 2122 2123 2210
f 2122 2210 2209
f 2123 2124 2211
f 2123 2211 2210
f 2124 2125 2212
f 2124 2212 2211
f 2125 2126 2213
f 2125 2213 2212
f 2126 2127 2214
f 2126 2214 2213
f 2127 2128 2215
f 2127 2215 2214
f 2128 2129 2216
f 2128 2216 2215
f 2129 2130 2217
f 2129 2217 2216
f 2130 2131 2218
f 2130 2218 2217
f 2131 2132 2219
f 2131 2219 2218
f 2132 2133 2220
f 2132 2220 2219
f 2133 2134 2221
f 2133 2221 2220
f 2134 2135 2222
f 2134 2222 2221
f 2135 2136 2223
f 2135 2223 2222
f 2136 2137 2224
f 2136 2224 2223
f 2137 2138 2225
f 2137 2225 2224
f 2138 2139 2226
f 2138 2226 2225
f 2139 2140 2227
f 2139 2227 2226
f 2140 2141 2228
f 2140 2228 2227
f 2141 2142 2229
f 2141 2229 2228
f 2142 2143 2230
f 2142 2230 2229
f 2143 2144 2231
f 2143 2231 2230
f 2144 2145 2232
f 2144 2232 2231
f 2145 2146 2233
f 2145 2233 2232
f 2147 2148 2235
f 2147 2235 2234
f 2148 2149 2236
f 2148 2236 2235
f 2149 2150 2237
f 2149 2237 2236
f 2150 2151 2238
f 2150 2238 2237
f 2151 2152 2239
f 2151 2239 2238
f 2152 2153 2240
f 2152 2240 2239
f 2153 2154 2241
f 2153 2241 2240
f 2154 2155 2242
f 2154 2242 2241
f 2155 2156 2243
f 2155 2243 2242
f 2156 2157 2244
f 2156 2244 2243
f 2157 2071 2158
f 2157 2158 2244
f 2158 2159 2246
f 2158 2246 2245
f 2159 2160 2247
f 2159 2247 2246
f 2160 2161 2248
f 2160 2248 2247
f 2161 2162 2249
f 2161 2249 2248
f 2162 2163 2250
f 2162 2250 2249
f 2163 2164 2251
f 2163 2251 2250
f 2164 2165 2252
f 2164 2252 2251
f 2165 2166 2253
f 2165 2253 2252
f 2166 2167 2254
f 2166 2254 2253
f 2167 2168 2255
f 2167 2255 2254
f 2168 2169 2256
f 2168 2256 2255
f 2169 2170 2257
f 2169 2257 2256
f 2170 2171 2258
f 2170 2258 2257
f 2171 2172 2259
f 2171 2259 2258
f 2172 2173 2260
f 2172 2260 2259
f 2173 2174 2261
f 2173 2261 2260
f 2174 2175 2262
f 2174 2262 2261
f 2175 2176 2263
f 2175 2263 2262
f 2176 2177 2264
f 2176 2264 2263
f 2177 2178 2265
f 2177 2265 2264
f 2178 2179 2266
f 2178 2266 2265
f 2179 2180 2267
f 2179 2267 2266
f 2180 2181 2268
f 2180 2268 2267
f 2181 2182 2269
f 2181 2269 2268
f 2182 2183 2270
f 2182 2270 2269
f 2183 2184 2271
f 2183 2271 2270
f 2184 2185 2272
f 2184 2272 2271
f 2185 2186 2273
f 2185 2273 2272
f 2186 2187 2274
f 2186 2274 2273
f 2187 2188 2275
f 2187 2275 2274
f 2188 2189 2276
f 2188 2276 2275
f 2189 2190 2277
f 2189 2277 2276
f 2190 2191 2278
f 2190 2278 2277
f 2191 2192 2279
f 2191 2279 2278
f 2192 2193 2280
f 2192 2280 2279
f 2193 2194 2281
f 2193 2281 2280
f 2194 2195 2282
f 2194 2282 2281
f 2195 2196 2283
f 2195 2283 2282
f 2196 2197 2284
f 2196 2284 2283
f 2197 2198 2285
f 2197 2285 2284
f 2198 2199 2286
f 2198 2286 2285
f 2199 2200 2287
f 2199 2287 2286
f 2200 2201 2288
f 2200 2288 2287
f 2201 2202 2289
f 2201 2289 2288
f 2202 2203 2290
f 2202 2290 2289
f 2203 2204 2291
f 2203 2291 2290
f 2204 2205 2292
f 2204 2292 2291
f 2205 2206 2293
f 2205 2293 2292
f 2206 2207 2294
f 2206 2294 2293
f 2207 2208 2295
f 2207 2295 2294
f 2208 2209 2296
f 2208 2296 2295
f 2209 2210 2297
f 2209 2297 2296
f 2210 2211 2298
f 2210 2298 2297
f 2211 2212 2299
f 2211 2299 2298
f 2212 2213 2300
f 2212 2300 2299
f 2213 2214 2301
f 2213 2301 2300
f 2214 2215 2302
f 2214 2302 2301
f 2215 2216 2303
f 2215 2303 2302
f 2216 2217 2304
f 2216 2304 2303
f 2217 2218 2305
f 2217 2305 2304
f 2218 2219 2306
f 2218 2306 2305
f 2219 2220 2307
f 2219 2307 2306
f 2220 2221 2308
f 2220 2308 2307
f 2221 2222 2309
f 2221 2309 2308
f 2222 2223 2310
f 2222 2310 2309
f 2223 2224 2311
f 2223 2311 2310
f 2224 2225 2312
f 2224 2312 2311
f 2225 2226 2313
f 2225 2313 2312
f 2226 2227 2314
f 2226 2314 2313
f 2227 2228 2315
f 2227 2315 2314
f 2228 2229 2316
f 2228 2316 2315
f 2229 2230 2317
f 2229 2317 2316
f 2230 2231 2318
f 2230 2318 2317
f 2231 2232 2319
f 2231 2319 2318
f 2232 2233 2320
f 2232 2320 2319
f 2234 2235 2322
f 2234 2322 2321
f 2235 2236 2323
f 2235 2323 2322
f 2236 2237 2324
f 2236 2324 2323
f 2237 2238 2325
f 2237 2325 2324
f 2238 2239 2326
f 2238 2326 2325
f 2239 2240 2327
f 2239 2327 2326
f 2240 2241 2328
f 2240 2328 2327
f 2241 2242 2329
f 2241 2329 2328
f 2242 2243 2330
f 2242 2330 2329
f 2243 2244 2331
f 2243 2331 2330
f 2244 2158 2245
f 2244 2245 2331
f 2245 2246 2333
f 2245 2333 2332
f 2246 2247 2334
f 2246 2334 2333
f 2247 2248 2335
f 2247 2335 2334
f 2248 2249 2336
f 2248 2336 2335
f 2249 2250 2337
f 2249 2337 2336
f 2250 2251 2338
f 2250 2338 2337
f 2251 2252 2339
f 2251 2339 2338
f 2252 2253 2340
f 2252 2340 2339
f 2253 2254 2341
f 2253 2341 2340
f 2254 2255 2342
f 2254 2342 2341
f 2255 2256 2343
f 2255 2343 2342
f 2256 2257 2344
f 2256 2344 2343
f 2257 2258 2345
f 2257 2345 2344
f 2258 2259 2346
f 2258 2346 2345
f 2259 2260 2347
f 2259 2347 2346
f 2260 2261 2348
f 2260 2348 2347
f 2261 2262 2349
f 2261 2349 2348
f 2262 2263 2350
f 2262 2350 2349
f 2263 2264 2351
f 2263 2351 2350
f 2264 2265 2352
f 2264 2352 2351
f 2265 2266 2353
f 2265 2353 2352
f 2266 2267 2354
f 2266 2354 2353
f 2267 2268 2355
f 2267 2355 2354
f 2268 2269 2356
f 2268 2356 2355
f 2269 2270 2357
f 2269 2357 2356
f 2270 2271 2358
f 2270 2358 2357
f 2271 2272 2359
f 2271 2359 2358
f 2272 2273 2360
f 2272 2360 2359
f 2273 2274 2361
f 2273 2361 2360
f 2274 2275 2362
f 2274 2362 2361
f 2275 2276 2363
f 2275 2363 2362
f 2276 2277 2364
f 2276 2364 2363
f 2277 2278 2365
f 2277 2365 2364
f 2278 2279 2366
f 2278 2366 2365
f 2279 2280 2367
f 2279 2367 2366
f 2280 2281 2368
f 2280 2368 2367
f 2281 2282 2369
f 2281 2369 2368
f 2282 2283 2370
f 2282 2370 2369
f 2283 2284 2371
f 2283 2371 2370
f 2284 2285 2372
f 2284 2372 2371
f 2285 2286 2373
f 2285 2373 2372
f 2286 2287 2374
f 2286 2374 2373
f 2287 2288 2375
f 2287 2375 2374
f 2288 2289 2376
f 2288 2376 2375
f 2289 2290 2377
f 2289 2377 2376
f 2290 2291 2378
f 2290 2378 2377
f 2291 2292 2379
f 2291 2379 2378
f 2292 2293 2380
f 2292 2380 2379
f 2293 2294 2381
f 2293 2381 2380
f 2294 2295 2382
f 2294 2382 2381
f 2295 2296 2383
f 2295 2383 2382
f 2296 2297 2384
f 2296 2384 2383
f 2297 2298 2385
f 2297 2385 2384
f 2298 2299 2386
f 2298 2386 2385
f 2299 2300 2387
f 2299 2387 2386
f 2300 2301 2388
f 2300 2388 2387
f 2301 2302 2389
f 2301 2389 2388
f 2302 2303 2390
f 2302 2390 2389
f 2303 2304 2391
f 2303 2391 2390
f 2304 2305 2392
f 2304 2392 2391
f 2305 2306 2393
f 2305 2393 2392
f 2306 2307 2394
f 2306 2394 2393
f 2307 2308 2395
f 2307 2395 2394
f 2308 2309 2396
f 2308 2396 2395
f 2309 2310 2397
f 2309 2397 2396
f 2310 2311 2398
f 2310 2398 2397
f 2311 2312 2399
f 2311 2399 2398
f 2312 2313 2400
f 2312 2400 2399
f 2313 2314 2401
f 2313 2401 2400
f 2314 2315 2402
f 2314 2402 2401
f 2315 2316 2403
f 2315 2403 2402
f 2316 2317 2404
f 2316 2404 2403
f 2317 2318 2405
f 2317 2405 2404
f 2318 2319 2406
f 2318 2406 2405
f 2319 2320 2407
f 2319 2407 2406
f 2321 2322 2409
f 2321 2409 2408
f 2322 2323 2410
f 2322 2410 2409
f 2323 2324 2411
f 2323 2411 2410
f 2324 2325 2412
f 2324 2412 2411
f 2325 2326 2413
f 2325 2413 2412
f 2326 2327 2414
f 2326 2414 2413
f 2327 2328 2415
f 2327 2415 2414
f 2328 2329 2416
f 2328 2416 2415
f 2329 2330 2417
f 2329 2417 2416
f 2330 2331 2418
f 2330 2418 2417
f 2331 2245 2332
f 2331 2332 2418
f 2332 2333 2420
f 2332 2420 2419
f 2333 2334 2421
f 2333 2421 2420
f 2334 2335 2422
f 2334 2422 2421
f 2335 2336 2423
f 2335 2423 2422
f 2336 2337 2424
f 2336 2424 2423
f 2337 2338 2425
f 2337 2425 2424
f 2338 2339 2426
f 2338 2426 2425
f 2339 2340 2427
f 2339 2427 2426
f 2340 2341 2428
f 2340 2428 2427
f 2341 2342 2429
f 2341 2429 2428
f 2342 2343 2430
f 2342 2430 2429
f 2343 2344 2431
f 2343 2431 2430
f 2344 2345 2432
f 2344 2432 2431
f 2345 2346 2433
f 2345 2433 2432
f 2346 2347 2434
f 2346 2434 2433
f 2347 2348 2435
f 2347 2435 2434
f 2348 2349 2436
f 2348 2436 2435
f 2349 2350 2437
f 2349 2437 2436
f 2350 2351 2438
f 2350 2438 2437
f 2351 2352 2439
f 2351 2439 2438
f 2352 2353 2440
f 2352 2440 2439
f 2353 2354 2441
f 2353 2441 2440
f 2354 2355 2442
f 2354 2442 2441
f 2355 2356 2443
f 2355 2443 2442
f 2356 2357 2444
f 2356 2444 2443
f 2357 2358 2445
f 2357 2445 2444
f 2358 2359 2446
f 2358 2446 2445
f 2359 2360 2447
f 2359 2447 2446
f 2360 2361 2448
f 2360 2448 2447
f 2361 2362 2449
f 2361 2449 2448
f 2362 2363 2450
f 2362 2450 2449
f 2363 2364 2451
f 2363 2451 2450
f 2364 2365 2452
f 2364 2452 2451
f 2365 2366 2453
f 2365 2453 2452
f 2366 2367 2454
f 2366 2454 2453
f 2367 2368 2455
f 2367 2455 2454
f 2368 2369 2456
f 2368 2456 2455
f 2369 2370 2457
f 2369 2457 2456
f 2370 2371 2458
f 2370 2458 2457
f 2371 2372 2459
f 2371 2459 2458
f 2372 2373 2460
f 2372 2460 2459
f 2373 2374 2461
f 2373 2461 2460
f 2374 2375 2462
f 2374 2462 2461
f 2375 2376 2463
f 2375 2463 2462
f 2376 2377 2464
f 2376 2464 2463
f 2377 2378 2465
f 2377 2465 2464
f 2378 2379 2466
f 2378 2466 2465
f 2379 2380 2467
f 2379 2467 2466
f 2380 2381 2468
f 2380 2468 2467
f 2381 2382 2469
f 2381 2469 2468
f 2382 2383 2470
f 2382 2470 2469
f 2383 2384 2471
f 2383 2471 2470
f 2384 2385 2472
f 2384 2472 2471
f 2385 2386 2473
f 2385 2473 2472
f 2386 2387 2474
f 2386 2474 2473
f 2387 2388 2475
f 2387 2475 2474
f 2388 2389 2476
f 2388 2476 2475
f 2389 2390 2477
f 2389 2477 2476
f 2390 2391 2478
f 2390 2478 2477
f 2391 2392 2479
f 2391 2479 2478
f 2392 2393 2480
f 2392 2480 2479
f 2393 2394 2481
f 2393 2481 2480
f 2394 2395 2482
f 2394 2482 2481
f 2395 2396 2483
f 2395 2483 2482
f 2396 2397 2484
f 2396 2484 2483
f 2397 2398 2485
f 2397 2485 2484
f 2398 2399 2486
f 2398 2486 2485
f 2399 2400 2487
f 2399 2487 2486
f 2400 2401 2488
f 2400 2488 2487
f 2401 2402 2489
f 2401 2489 2488
f 2402 2403 2490
f 2402 2490 2489
f 2403 2404 2491
f 2403 2491 2490
f 2404 2405 2492
f 2404 2492 2491
f 2405 2406 2493
f 2405 2493 2492
f 2406 2407 2494
f 2406 2494 2493
f 2408 2409 2496
f 2408 2496 2495
f 2409 2410 2497
f 2409 2497 2496
f 2410 2411 2498
f 2410 2498 2497
f 2411 2412 2499
f 2411 2499 2498
f 2412 2413 2500
f 2412 2500 2499
f 2413 2414 2501
f 2413 2501 2500
f 2414 2415 2502
f 2414 2502 2501
f 2415 2416 2503
f 2415 2503 2502
f 2416 2417 2504
f 2416 2504 2503
f 2417 2418 2505
f 2417 2505 2504
f 2418 2332 2419
f 2418 2419 2505
f 2419 2420 2507
f 2419 2507 2506
f 2420 2421 2508
f 2420 2508 2507
f 2421 2422 2509
f 2421 2509 2508
f 2422 2423 2510
f 2422 2510 2509
f 2423 2424 2511
f 2423 2511 2510
f 2424 2425 2512
f 2424 2512 2511
f 2425 2426 2513
f 2425 2513 2512
f 2426 2427 2514
f 2426 2514 2513
f 2427 2428 2515
f 2427 2515 2514
f 2428 2429 2516
f 2428 2516 2515
f 2429 2430 2517
f 2429 2517 2516
f 2430 2431 2518
f 2430 2518 2517
f 2431 2432 2519
f 2431 2519 2518
f 2432 2433 2520
f 2432 2520 2519
f 2433 2434 2521
f 2433 2521 2520
f 2434 2435 2522
f 2434 2522 2521
f 2435 2436 2523
f 2435 2523 2522
f 2436 2437 2524
f 2436 2524 2523
f 2437 2438 2525
f 2437 2525 2524
f 2438 2439 2526
f 2438 2526 2525
f 2439 2440 2527
f 2439 2527 2526
f 2440 2441 2528
f 2440 2528 2527
f 2441 2442 2529
f 2441 2529 2528
f 2442 2443 2530
f 2442 2530 2529
f 2443 2444 2531
f 2443 2531 2530
f 2444 2445 2532
f 2444 2532 2531
f 2445 2446 2533
f 2445 2533 2532
f 2446 2447 2534
f 2446 2534 2533
f 2447 2448 2535
f 2447 2535 2534
f 2448 2449 2536
f 2448 2536 2535
f 2449 2450 2537
f 2449 2537 2536
f 2450 2451 2538
f 2450 2538 2537
f 2451 2452 2539
f 2451 2539 2538
f 2452 2453 2540
f 2452 2540 2539
f 2453 2454 2541
f 2453 2541 2540
f 2454 2455 2542
f 2454 2542 2541
f 2455 2456 2543
f 2455 2543 2542
f 2456 2457 2544
f 2456 2544 2543
f 2457 2458 2545
f 2457 2545 2544
f 2458 2459 2546
f 2458 2546 2545
f 2459 2460 2547
f 2459 2547 2546
f 2460 2461 2548
f 2460 2548 2547
f 2461 2462 2549
f 2461 2549 2548
f 2462 2463 2550
f 2462 2550 2549
f 2463 2464 2551
f 2463 2551 2550
f 2464 2465 2552
f 2464 2552 2551
f 2465 2466 2553
f 2465 2553 2552
f 2466 2467 2554
f 2466 2554 2553
f 2467 2468 2555
f 2467 2555 2554
f 2468 2469 2556
f 2468 2556 2555
f 2469 2470 2557
f 2469 2557 2556
f 2470 2471 2558
f 2470 2558 2557
f 2471 2472 2559
f 2471 2559 2558
f 2472 2473 2560
f 2472 2560 2559
f 2473 2474 2561
f 2473 2561 2560
f 2474 2475 2562
f 2474 2562 2561
f 2475 2476 2563
f 2475 2563 2562
f 2476 2477 2564
f 2476 2564 2563
f 2477 2478 2565
f 2477 2565 2564
f 2478 2479 2566
f 2478 2566 2565
f 2479 2480 2567
f 2479 2567 2566
f 2480 2481 2568
f 2480 2568 2567
f 2481 2482 2569
f 2481 2569 2568
f 2482 2483 2570
f 2482 2570 2569
f 2483 2484 2571
f 2483 2571 2570
f 2484 2485 2572
f 2484 2572 2571
f 2485 2486 2573
f 2485 2573 2572
f 2486 2487 2574
f 2486 2574 2573
f 2487 2488 2575
f 2487 2575 2574
f 2488 2489 2576
f 2488 2576 2575
f 2489 2490 2577
f 2489 2577 2576
f 2490 2491 2578
f 2490 2578 2577
f 2491 2492 2579
f 2491 2579 2578
f 2492 2493 2580
f 2492 2580 2579
f 2493 2494 2581
f 2493 2581 2580
f 2495 2496 2583
f 2495 2583 2582
f 2496 2497 2584
f 2496 2584 2583
f 2497 2498 2585
f 2497 2585 2584
f 2498 2499 2586
f 2498 2586 2585
f 2499 2500 2587
f 2499 2587 2586
f 2500 2501 2588
f 2500 2588 2587
f 2501 2502 2589
f 2501 2589 2588
f 2502 2503 2590
f 2502 2590 2589
f 2503 2504 2591
f 2503 2591 2590
f 2504 2505 2592
f 2504 2592 2591
f 2505 2419 2506
f 2505 2506 2592
f 2506 2507 2594
f 2506 2594 2593
f 2507 2508 2595
f 2507 2595 2594
f 2508 2509 2596
f 2508 2596 2595
f 2509 2510 2597
f 2509 2597 2596
f 2510 2511 2598
f 2510 2598 2597
f 2511 2512 2599
f 2511 2599 2598
f 2512 2513 2600
f 2512 2600 2599
f 2513 2514 2601
f 2513 2601 2600
f 2514 2515 2602
f 2514 2602 2601
f 2515 2516 2603
f 2515 2603 2602
f 2516 2517 2604
f 2516 2604 2603
f 2517 2518 2605
f 2517 2605 2604
f 2518 2519 2606
f 2518 2606 2605
f 2519 2520 2607
f 2519 2607 2606
f 2520 2521 2608
f 2520 2608 2607
f 2521 2522 2609
f 2521 2609 2608
f 2522 2523 2610
f 2522 2610 2609
f 2523 2524 2611
f 2523 2611 2610
f 2524 2525 2612
f 2524 2612 2611
f 2525 2526 2613
f 2525 2613 2612
f 2526 2527 2614
f 2526 2614 2613
f 2527 2528 2615
f 2527 2615 2614
f 2528 2529 2616
f 2528 2616 2615
f 2529 2530 2617
f 2529 2617 2616
f 2530 2531 2618
f 2530 2618 2617
f 2531 2532 2619
f 2531 2619 2618
f 2532 2533 2620
f 2532 2620 2619
f 2533 2534 2621
f 2533 2621 2620
f 2534 2535 2622
f 2534 2622 2621
f 2535 2536 2623
f 2535 2623 2622
f 2536 2537 2624
f 2536 2624 2623
f 2537 2538 2625
f 2537 2625 2624
f 2538 2539 2626
f 2538 2626 2625
f 2539 2540 2627
f 2539 2627 2626
f 2540 2541 2628
f 2540 2628 2627
f 2541 2542 2629
f 2541 2629 2628
f 2542 2543 2630
f 2542 2630 2629
f 2543 2544 2631
f 2543 2631 2630
f 2544 2545 2632
f 2544 2632 2631
f 2545 2546 2633
f 2545 2633 2632
f 2546 2547 2634
f 2546 2634 2633
f 2547 2548 2635
f 2547 2635 2634
f 2548 2549 2636
f 2548 2636 2635
f 2549 2550 2637
f 2549 2637 2636
f 2550 2551 2638
f 2550 2638 2637
f 2551 2552 2639
f 2551 2639 2638
f 2552 2553 2640
f 2552 2640 2639
f 2553 2554 2641
f 2553 2641 2640
f 2554 2555 2642
f 2554 2642 2641
f 2555 2556 2643
f 2555 2643 2642
f 2556 2557 2644
f 2556 2644 2643
f 2557 2558 2645
f 2557 2645 2644
f 2558 2559 2646
f 2558 2646 2645
f 2559 2560 2647
f 2559 2647 2646
f 2560 2561 2648
f 2560 2648 2647
f 2561 2562 2649
f 2561 2649 2648
f 2562 2563 2650
f 2562 2650 2649
f 2563 2564 2651
f 2563 2651 2650
f 2564 2565 2652
f 2564 2652 2651
f 2565 2566 2653
f 2565 2653 2652
f 2566 2567 2654
f 2566 2654 2653
f 2567 2568 2655
f 2567 2655 2654
f 2568 2569 2656
f 2568 2656 2655
f 2569 2570 2657
f 2569 2657 2656
f 2570 2571 2658
f 2570 2658 2657
f 2571 2572 2659
f 2571 2659 2658
f 2572 2573 2660
f 2572 2660 2659
f 2573 2574 2661
f 2573 2661 2660
f 2574 2575 2662
f 2574 2662 2661
f 2575 2576 2663
f 2575 2663 2662
f 2576 2577 2664
f 2576 2664 2663
f 2577 2578 2665
f 2577 2665 2664
f 2578 2579 2666
f 2578 2666 2665
f 2579 2580 2667
f 2579 2667 2666
f 2582 2583 2669
f 2582 2669 2668
f 2583 2584 2670
f 2583 2670 2669
f 2584 2585 2671
f 2584 2671 2670
f 2585 2586 2672
f 2585 2672 2671
f 2586 2587 2673
f 2586 2673 2672
f 2587 2588 2674
f 2587 2674 2673
f 2588 2589 2675
f 2588 2675 2674
f 2589 2590 2676
f 2589 2676 2675
f 2590 2591 2677
f 2590 2677 2676
f 2591 2592 2678
f 2591 2678 2677
f 2592 2506 2593
f 2592 2593 2678
f 2593 2594 2680
f 2593 2680 2679
f 2594 2595 2681
f 2594 2681 2680
f 2595 2596 2682
f 2595 2682 2681
f 2596 2597 2683
f 2596 2683 2682
f 2597 2598 2684
f 2597 2684 2683
f 2598 2599 2685
f 2598 2685 2684
f 2599 2600 2686
f 2599 2686 2685
f 2600 2601 2687
f 2600 2687 2686
f 2601 2602 2688
f 2601 2688 2687
f 2602 2603 2689
f 2602 2689 2688
f 2603 2604 2690
f 2603 2690 2689
f 2604 2605 2691
f 2604 2691 2690
f 2605 2606 2692
f 2605 2692 2691
f 2606 2607 2693
f 2606 2693 2692
f 2607 2608 2694
f 2607 2694 2693
f 2608 2609 2695
f 2608 2695 2694
f 2609 2610 2696
f 2609 2696 2695
f 2610 2611 2697
f 2610 2697 2696
f 2611 2612 2698
f 2611 2698 2697
f 2612 2613 2699
f 2612 2699 2698
f 2613 2614 2700
f 2613 2700 2699
f 2614 2615 2701
f 2614 2701 2700
f 2615 2616 2702
f 2615 2702 2701
f 2616 2617 2703
f 2616 2703 2702
f 2617 2618 2704
f 2617 2704 2703
f 2618 2619 2705
f 2618 2705 2704
f 2619 2620 2706
f 2619 2706 2705
f 2620 2621 2707
f 2620 2707 2706
f 2621 2622 2708
f 2621 2708 2707
f 2622 2623 2709
f 2622 2709 2708
f 2623 2624 2710
f 2623 2710 2709
f 2624 2625 2711
f 2624 2711 2710
f 2625 2626 2712
f 2625 2712 2711
f 2626 2627 2713
f 2626 2713 2712
f 2627 2628 2714
f 2627 2714 2713
f 2628 2629 2715
f 2628 2715 2714
f 2629 2630 2716
f 2629 2716 2715
f 2630 2631 2717
f 2630 2717 2716
f 2631 2632 2718
f 2631 2718 2717
f 2632 2633 2719
f 2632 2719 2718
f 2633 2634 2720
f 2633 2720 2719
f 2634 2635 2721
f 2634 2721 2720
f 2635 2636 2722
f 2635 2722 2721
f 2636 2637 2723
f 2636 2723 2722
f 2637 2638 2724
f 2637 2724 2723
f 2638 2639 2725
f 2638 2725 2724
f 2639 2640 2726
f 2639 2726 2725
f 2640 2641 2727
f 2640 2727 2726
f 2641 2642 2728
f 2641 2728 2727
f 2642 2643 2729
f 2642 2729 2728
f 2643 2644 2730
f 2643 2730 2729
f 2644 2645 2731
f 2644 2731 2730
f 2645 2646 2732
f 2645 2732 2731
f 2646 2647 2733
f 2646 2733 2732
f 2647 2648 2734
f 2647 2734 2733
f 2648 2649 2735
f 2648 2735 2734
f 2649 2650 2736
f 2649 2736 2735
f 2650 2651 2737
f 2650 2737 2736
f 2651 2652 2738
f 2651 2738 2737
f 2652 2653 2739
f 2652 2739 2738
f 2653 2654 2740
f 2653 2740 2739
f 2654 2655 2741
f 2654 2741 2740
f 2655 2656 2742
f 2655 2742 2741
f 2656 2657 2743
f 2656 2743 2742
f 2657 2658 2744
f 2657 2744 2743
f 2658 2659 2745
f 2658 2745 2744
f 2659 2660 2746
f 2659 2746 2745
f 2660 2661 2747
f 2660 2747 2746
f 2661 2662 2748
f 2661 2748 2747
f 2662 2663 2749
f 2662 2749 2748
f 2663 2664 2750
f 2663 2750 2749
f 2664 2665 2751
f 2664 2751 2750
f 2665 2666 2752
f 2665 2752 2751
f 2666 2667 2753
f 2666 2753 2752
f 2668 2669 2755
f 2668 2755 2754
f 2669 2670 2756
f 2669 2756 2755
f 2670 2671 2757
f 2670 2757 2756
f 2671 2672 2758
f 2671 2758 2757
f 2672 2673 2759
f 2672 2759 2758
f 2673 2674 2760
f 2673 2760 2759
f 2674 2675 2761
f 2674 2761 2760
f 2675 2676 2762
f 2675 2762 2761
f 2676 2677 2763
f 2676 2763 2762
f 2677 2678 2764
f 2677 2764 2763
f 2678 2593 2679
f 2678 2679 2764
f 2679 2680 2766
f 2679 2766 2765
f 2680 2681 2767
f 2680 2767 2766
f 2681 2682 2768
f 2681 2768 2767
f 2682 2683 2769
f 2682 2769 2768
f 2683 2684 2770
f 2683 2770 2769
f 2684 2685 2771
f 2684 2771 2770
f 2685 2686 2772
f 2685 2772 2771
f 2686 2687 2773
f 2686 2773 2772
f 2687 2688 2774
f 2687 2774 2773
f 2688 2689 2775
f 2688 2775 2774
f 2689 2690 2776
f 2689 2776 2775
f 2690 2691 2777
f 2690 2777 2776
f 2691 2692 2778
f 2691 2778 2777
f 2692 2693 2779
f 2692 2779 2778
f 2693 2694 2780
f 2693 2780 2779
f 2694 2695 2781
f 2694 2781 2780
f 2695 2696 2782
f 2695 2782 2781
f 2696 2697 2783
f 2696 2783 2782
f 2697 2698 2784
f 2697 2784 2783
f 2698 2699 2785
f 2698 2785 2784
f 2699 2700 2786
f 2699 2786 2785
f 2700 2701 2787
f 2700 2787 2786
f 2701 2702 2788
f 2701 2788 2787
f 2702 2703 2789
f 2702 2789 2788
f 2703 2704 2790
f 2703 2790 2789
f 2704 2705 2791
f 2704 2791 2790
f 2705 2706 2792
f 2705 2792 2791
f 2706 2707 2793
f 2706 2793 2792
f 2707 2708 2794
f 2707 2794 2793
f 2708 2709 2795
f 2708 2795 2794
f 2709 2710 2796
f 2709 2796 2795
f 2710 2711 2797
f 2710 2797 2796
f 2711 2712 2798
f 2711 2798 2797
f 2712 2713 2799
f 2712 2799 2798
f 2713 2714 2800
f 2713 2800 2799
f 2714 2715 2801
f 2714 2801 2800
f 2715 2716 2802
f 2715 2802 2801
f 2716 2717 2803
f 2716 2803 2802
f 2717 2718 2804
f 2717 2804 2803
f 2718 2719 2805
f 2718 2805 2804
f 2719 2720 2806
f 2719 2806 2805
f 2720 2721 2807
f 2720 2807 2806
f 2721 2722 2808
f 2721 2808 2807
f 2722 2723 2809
f 2722 2809 2808
f 2723 2724 2810
f 2723 2810 2809
f 2724 2725 2811
f 2724 2811 2810
f 2725 2726 2812
f 2725 2812 2811
f 2726 2727 2813
f 2726 2813 2812
f 2727 2728 2814
f 2727 2814 2813
f 2728 2729 2815
f 2728 2815 2814
f 2729 2730 2816
f 2729 2816 2815
f 2730 2731 2817
f 2730 2817 2816
f 2731 2732 2818
f 2731 2818 2817
f 2732 2733 2819
f 2732 2819 2818
f 2733 2734 2820
f 2733 2820 2819
f 2734 2735 2821
f 2734 2821 2820
f 2735 2736 2822
f 2735 2822 2821
f 2736 2737 2823
f 2736 2823 2822
f 2737 2738 2824
f 2737 2824 2823
f 2738 2739 2825
f 2738 2825 2824
f 2739 2740 2826
f 2739 2826 2825
f 2740 2741 2827
f 2740 2827 2826
f 2741 2742 2828
f 2741 2828 2827
f 2742 2743 2829
f 2742 2829 2828
f 2743 2744 2830
f 2743 2830 2829
f 2744 2745 2831
f 2744 2831 2830
f 2745 2746 2832
f 2745 2832 2831
f 2746 2747 2833
f 2746 2833 2832
f 2747 2748 2834
f 2747 2834 2833
f 2748 2749 2835
f 2748 2835 2834
f 2749 2750 2836
f 2749 2836 2835
f 2750 2751 2837
f 2750 2837 2836
f 2751 2752 2838
f 2751 2838 2837
f 2752 2753 2839
f 2752 2839 2838
f 2754 2755 2840
f 2755 2756 2841
f 2755 2841 2840
f 2756 2757 2842
f 2756 2842 2841
f 2757 2758 2843
f 2757 2843 2842
f 2758 2759 2844
f 2758 2844 2843
f 2759 2760 2845
f 2759 2845 2844
f 2760 2761 2846
f 2760 2846 2845
f 2761 2762 2847
f 2761 2847 2846
f 2762 2763 2848
f 2762 2848 2847
f 2763 2764 2849
f 2763 2849 2848
f 2764 2679 2765
f 2764 2765 2849
f 2765 2766 2851
f 2765 2851 2850
f 2766 2767 2852
f 2766 2852 2851
f 2767 2768 2853
f 2767 2853 2852
f 2768 2769 2854
f 2768 2854 2853
f 2769 2770 2855
f 2769 2855 2854
f 2770 2771 2856
f 2770 2856 2855
f 2771 2772 2857
f 2771 2857 2856
f 2772 2773 2858
f 2772 2858 2857
f 2773 2774 2859
f 2773 2859 2858
f 2774 2775 2860
f 2774 2860 2859
f 2775 2776 2861
f 2775 2861 2860
f 2776 2777 2862
f 2776 2862 2861
f 2777 2778 2863
f 2777 2863 2862
f 2778 2779 2864
f 2778 2864 2863
f 2779 2780 2865
f 2779 2865 2864
f 2780 2781 2866
f 2780 2866 2865
f 2781 2782 2867
f 2781 2867 2866
f 2782 2783 2868
f 2782 2868 2867
f 2783 2784 2869
f 2783 2869 2868
f 2784 2785 2870
f 2784 2870 2869
f 2785 2786 2871
f 2785 2871 2870
f 2786 2787 2872
f 2786 2872 2871
f 2787 2788 2873
f 2787 2873 2872
f 2788 2789 2874
f 2788 2874 2873
f 2789 2790 2875
f 2789 2875 2874
f 2790 2791 2876
f 2790 2876 2875
f 2791 2792 2877
f 2791 2877 2876
f 2792 2793 2878
f 2792 2878 2877
f 2793 2794 2879
f 2793 2879 2878
f 2794 2795 2880
f 2794 2880 2879
f 2795 2796 2881
f 2795 2881 2880
f 2796 2797 2882
f 2796 2882 2881
f 2797 2798 2883
f 2797 2883 2882
f 2798 2799 2884
f 2798 2884 2883
f 2799 2800 2885
f 2799 2885 2884
f 2800 2801 2886
f 2800 2886 2885
f 2801 2802 2887
f 2801 2887 2886
f 2802 2803 2888
f 2802 2888 2887
f 2803 2804 2889
f 2803 2889 2888
f 2804 2805 2890
f 2804 2890 2889
f 2805 2806 2891
f 2805 2891 2890
f 2806 2807 2892
f 2806 2892 2891
f 2807 2808 2893
f 2807 2893 2892
f 2808 2809 2894
f 2808 2894 2893
f 2809 2810 2895
f 2809 2895 2894
f 2810 2811 2896
f 2810 2896 2895
f 2811 2812 2897
f 2811 2897 2896
f 2812 2813 2898
f 2812 2898 2897
f 2813 2814 2899
f 2813 2899 2898
f 2814 2815 2900
f 2814 2900 2899
f 2815 2816 2901
f 2815 2901 2900
f 2816 2817 2902
f 2816 2902 2901
f 2817 2818 2903
f 2817 2903 2902
f 2818 2819 2904
f 2818 2904 2903
f 2819 2820 2905
f 2819 2905 2904
f 2820 2821 2906
f 2820 2906 2905
f 2821 2822 2907
f 2821 2907 2906
f 2822 2823 2908
f 2822 2908 2907
f 2823 2824 2909
f 2823 2909 2908
f 2824 2825 2910
f 2824 2910 2909
f 2825 2826 2911
f 2825 2911 2910
f 2826 2827 2912
f 2826 2912 2911
f 2827 2828 2913
f 2827 2913 2912
f 2828 2829 2914
f 2828 2914 2913
f 2829 2830 2915
f 2829 2915 2914
f 2830 2831 2916
f 2830 2916 2915
f 2831 2832 2917
f 2831 2917 2916
f 2832 2833 2918
f 2832 2918 2917
f 2833 2834 2919
f 2833 2919 2918
f 2834 2835 2920
f 2834 2920 2919
f 2835 2836 2921
f 2835 2921 2920
f 2836 2837 2922
f 2836 2922 2921
f 2837 2838 2923
f 2837 2923 2922
f 2838 2839 2924
f 2838 2924 2923
f 2840 2841 2926
f 2840 2926 2925
f 2841 2842 2927
f 2841 2927 2926
f 2842 2843 2928
f 2842 2928 2927
f 2843 2844 2929
f 2843 2929 2928
f 2844 2845 2930
f 2844 2930 2929
f 2845 2846 2931
f 2845 2931 2930
f 2846 2847 2932
f 2846 2932 2931
f 2847 2848 2933
f 2847 2933 2932
f 2848 2849 2934
f 2848 2934 2933
f 2849 2765 2850
f 2849 2850 2934
f 2850 2851 2936
f 2850 2936 2935
f 2851 2852 2937
f 2851 2937 2936
f 2852 2853 2938
f 2852 2938 2937
f 2853 2854 2939
f 2853 2939 2938
f 2854 2855 2940
f 2854 2940 2939
f 2855 2856 2941
f 2855 2941 2940
f 2856 2857 2942
f 2856 2942 2941
f 2857 2858 2943
f 2857 2943 2942
f 2858 2859 2944
f 2858 2944 2943
f 2859 2860 2945
f 2859 2945 2944
f 2860 2861 2946
f 2860 2946 2945
f 2861 2862 2947
f 2861 2947 2946
f 2862 2863 2948
f 2862 2948 2947
f 2863 2864 2949
f 2863 2949 2948
f 2864 2865 2950
f 2864 2950 2949
f 2865 2866 2951
f 2865 2951 2950
f 2866 2867 2952
f 2866 2952 2951
f 2867 2868 2953
f 2867 2953 2952
f 2868 2869 2954
f 2868 2954 2953
f 2869 2870 2955
f 2869 2955 2954
f 2870 2871 2956
f 2870 2956 2955
f 2871 2872 2957
f 2871 2957 2956
f 2872 2873 2958
f 2872 2958 2957
f 2873 2874 2959
f 2873 2959 2958
f 2874 2875 2960
f 2874 2960 2959
f 2875 2876 2961
f 2875 2961 2960
f 2876 2877 2962
f 2876 2962 2961
f 2877 2878 2963
f 2877 2963 2962
f 2878 2879 2964
f 2878 2964 2963
f 2879 2880 2965
f 2879 2965 2964
f 2880 2881 2966
f 2880 2966 2965
f 2881 2882 2967
f 2881 2967 2966
f 2882 2883 2968
f 2882 2968 2967
f 2883 2884 2969
f 2883 2969 2968
f 2884 2885 2970
f 2884 2970 2969
f 2885 2886 2971
f 2885 2971 2970
f 2886 2887 2972
f 2886 2972 2971
f 2887 2888 2973
f 2887 2973 2972
f 2888 2889 2974
f 2888 2974 2973
f 2889 2890 2975
f 2889 2975 2974
f 2890 2891 2976
f 2890 2976 2975
f 2891 2892 2977
f 2891 2977 2976
f 2892 2893 2978
f 2892 2978 2977
f 2893 2894 2979
f 2893 2979 2978
f 2894 2895 2980
f 2894 2980 2979
f 2895 2896 2981
f 2895 2981 2980
f 2896 2897 2982
f 2896 2982 2981
f 2897 2898 2983
f 2897 2983 2982
f 2898 2899 2984
f 2898 2984 2983
f 2899 2900 2985
f 2899 2985 2984
f 2900 2901 2986
f 2900 2986 2985
f 2901 2902 2987
f 2901 2987 2986
f 2902 2903 2988
f 2902 2988 2987
f 2903 2904 2989
f 2903 2989 2988
f 2904 2905 2990
f 2904 2990 2989
f 2905 2906 2991
f 2905 2991 2990
f 2906 2907 2992
f 2906 2992 2991
f 2907 2908 2993
f 2907 2993 2992
f 2908 2909 2994
f 2908 2994 2993
f 2909 2910 2995
f 2909 2995 2994
f 2910 2911 2996
f 2910 2996 2995
f 2911 2912 2997
f 2911 2997 2996
f 2912 2913 2998
f 2912 2998 2997
f 2913 2914 2999
f 2913 2999 2998
f 2914 2915 3000
f 2914 3000 2999
f 2915 2916 3001
f 2915 3001 3000
f 2916 2917 3002
f 2916 3002 3001
f 2917 2918 3003
f 2917 3003 3002
f 2918 2919 3004
f 2918 3004 3003
f 2919 2920 3005
f 2919 3005 3004
f 2920 2921 3006
f 2920 3006 3005
f 2921 2922 3007
f 2921 3007 3006
f 2922 2923 3008
f 2922 3008 3007
f 2923 2924 3009
f 2923 3009 3008
f 2925 2926 3011
f 2925 3011 3010
f 2926 2927 3012
f 2926 3012 3011
f 2927 2928 3013
f 2927 3013 3012
f 2928 2929 3014
f 2928 3014 3013
f 2929 2930 3015
f 2929 3015 3014
f 2930 2931 3016
f 2930 3016 3015
f 2931 2932 3017
f 2931 3017 3016
f 2932 2933 3018
f 2932 3018 3017
f 2933 2934 3019
f 2933 3019 3018
f 2934 2850 2935
f 2934 2935 3019
f 2935 2936 3021
f 2935 3021 3020
f 2936 2937 3022
f 2936 3022 3021
f 2937 2938 3023
f 2937 3023 3022
f 2938 2939 3024
f 2938 3024 3023
f 2939 2940 3025
f 2939 3025 3024
f 2940 2941 3026
f 2940 3026 3025
f 2941 2942 3027
f 2941 3027 3026
f 2942 2943 3028
f 2942 3028 3027
f 2943 2944 3029
f 2943 3029 3028
f 2944 2945 3030
f 2944 3030 3029
f 2945 2946 3031
f 2945 3031 3030
f 2946 2947 3032
f 2946 3032 3031
f 2947 2948 3033
f 2947 3033 3032
f 2948 2949 3034
f 2948 3034 3033
f 2949 2950 3035
f 2949 3035 3034
f 2950 2951 3036
f 2950 3036 3035
f 2951 2952 3037
f 2951 3037 3036
f 2952 2953 3038
f 2952 3038 3037
f 2953 2954 3039
f 2953 3039 3038
f 2954 2955 3040
f 2954 3040 3039
f 2955 2956 3041
f 2955 3041 3040
f 2956 2957 3042
f 2956 3042 3041
f 2957 2958 3043
f 2957 3043 3042
f 2958 2959 3044
f 2958 3044 3043
f 2959 2960 3045
f 2959 3045 3044
f 2960 2961 3046
f 2960 3046 3045
f 2961 2962 3047
f 2961 3047 3046
f 2962 2963 3048
f 2962 3048 3047
f 2963 2964 3049
f 2963 3049 3048
f 2964 2965 3050
f 2964 3050 3049
f 2965 2966 3051
f 2965 3051 3050
f 2966 2967 3052
f 2966 3052 3051
f 2967 2968 3053
f 2967 3053 3052
f 2968 2969 3054
f 2968 3054 3053
f 2969 2970 3055
f 2969 3055 3054
f 2970 2971 3056
f 2970 3056 3055
f 2971 2972 3057
f 2971 3057 3056
f 2972 2973 3058
f 2972 3058 3057
f 2973 2974 3059
f 2973 3059 3058
f 2974 2975 3060
f 2974 3060 3059
f 2975 2976 3061
f 2975 3061 3060
f 2976 2977 3062
f 2976 3062 3061
f 2977 2978 3063
f 2977 3063 3062
f 2978 2979 3064
f 2978 3064 3063
f 2979 2980 3065
f 2979 3065 3064
f 2980 2981 3066
f 2980 3066 3065
f 2981 2982 3067
f 2981 3067 3066
f 2982 2983 3068
f 2982 3068 3067
f 2983 2984 3069
f 2983 3069 3068
f 2984 2985 3070
f 2984 3070 3069
f 2985 2986 3071
f 2985 3071 3070
f 2986 2987 3072
f 2986 3072 3071
f 2987 2988 3073
f 2987 3073 3072
f 2988 2989 3074
f 2988 3074 3073
f 2989 2990 3075
f 2989 3075 3074
f 2990 2991 3076
f 2990 3076 3075
f 2991 2992 3077
f 2991 3077 3076
f 2992 2993 3078
f 2992 3078 3077
f 2993 2994 3079
f 2993 3079 3078
f 2994 2995 3080
f 2994 3080 3079
f 2995 2996 3081
f 2995 3081 3080
f 2996 2997 3082
f 2996 3082 3081
f 2997 2998 3083
f 2997 3083 3082
f 2998 2999 3084
f 2998 3084 3083
f 2999 3000 3085
f 2999 3085 3084
f 3000 3001 3086
f 3000 3086 3085
f 3001 3002 3087
f 3001 3087 3086
f 3002 3003 3088
f 3002 3088 3087
f 3003 3004 3089
f 3003 3089 3088
f 3004 3005 3090
f 3004 3090 3089
f 3005 3006 3091
f 3005 3091 3090
f 3006 3007 3092
f 3006 3092 3091
f 3007 3008 3093
f 3007 3093 3092
f 3008 3009 3094
f 3008 3094 3093
f 3010 3011 3096
f 3010 3096 3095
f 3011 3012 3097
f 3011 3097 3096
f 3012 3013 3098
f 3012 3098 3097
f 3013 3014 3099
f 3013 3099 3098
f 3014 3015 3100
f 3014 3100 3099
f 3015 3016 3101
f 3015 3101 3100
f 3016 3017 3102
f 3016 3102 3101
f 3017 3018 3103
f 3017 3103 3102
f 3018 3019 3104
f 3018 3104 3103
f 3019 2935 3020
f 3019 3020 3104
f 3020 3021 3106
f 3020 3106 3105
f 3021 3022 3107
f 3021 3107 3106
f 3022 3023 3108
f 3022 3108 3107
f 3023 3024 3109
f 3023 3109 3108
f 3024 3025 3110
f 3024 3110 3109
f 3025 3026 3111
f 3025 3111 3110
f 3026 3027 3112
f 3026 3112 3111
f 3027 3028 3113
f 3027 3113 3112
f 3028 3029 3114
f 3028 3114 3113
f 3029 3030 3115
f 3029 3115 3114
f 3030 3031 3116
f 3030 3116 3115
f 3031 3032 3117
f 3031 3117 3116
f 3032 3033 3118
f 3032 3118 3117
f 3033 3034 3119
f 3033 3119 3118
f 3034 3035 3120
f 3034 3120 3119
f 3035 3036 3121
f 3035 3121 3120
f 3036 3037 3122
f 3036 3122 3121
f 3037 3038 3123
f 3037 3123 3122
f 3038 3039 3124
f 3038 3124 3123
f 3039 3040 3125
f 3039 3125 3124
f 3040 3041 3126
f 3040 3126 3125
f 3041 3042 3127
f 3041 3127 3126
f 3042 3043 3128
f 3042 3128 3127
f 3043 3044 3129
f 3043 3129 3128
f 3044 3045 3130
f 3044 3130 3129
f 3045 3046 3131
f 3045 3131 3130
f 3046 3047 3132
f 3046 3132 3131
f 3047 3048 3133
f 3047 3133 3132
f 3048 3049 3134
f 3048 3134 3133
f 3049 3050 3135
f 3049 3135 3134
f 3050 3051 3136
f 3050 3136 3135
f 3051 3052 3137
f 3051 3137 3136
f 3052 3053 3138
f 3052 3138 3137
f 3053 3054 3139
f 3053 3139 3138
f 3054 3055 3140
f 3054 3140 3139
f 3055 3056 3141
f 3055 3141 3140
f 3056 3057 3142
f 3056 3142 3141
f 3057 3058 3143
f 3057 3143 3142
f 3058 3059 3144
f 3058 3144 3143
f 3059 3060 3145
f 3059 3145 3144
f 3060 3061 3146
f 3060 3146 3145
f 3061 3062 3147
f 3061 3147 3146
f 3062 3063 3148
f 3062 3148 3147
f 3063 3064 3149
f 3063 3149 3148
f 3064 3065 3150
f 3064 3150 3149
f 3065 3066 3151
f 3065 3151 3150
f 3066 3067 3152
f 3066 3152 3151
f 3067 3068 3153
f 3067 3153 3152
f 3068 3069 3154
f 3068 3154 3153
f 3069 3070 3155
f 3069 3155 3154
f 3070 3071 3156
f 3070 3156 3155
f 3071 3072 3157
f 3071 3157 3156
f 3072 3073 3158
f 3072 3158 3157
f 3073 3074 3159
f 3073 3159 3158
f 3074 3075 3160
f 3074 3160 3159
f 3075 3076 3161
f 3075 3161 3160
f 3076 3077 3162
f 3076 3162 3161
f 3077 3078 3163
f 3077 3163 3162
f 3078 3079 3164
f 3078 3164 3163
f 3079 3080 3165
f 3079 3165 3164
f 3080 3081 3166
f 3080 3166 3165
f 3081 3082 3167
f 3081 3167 3166
f 3082 3083 3168
f 3082 3168 3167
f 3083 3084 3169
f 3083 3169 3168
f 3084 3085 3170
f 3084 3170 3169
f 3085 3086 3171
f 3085 3171 3170
f 3086 3087 3172
f 3086 3172 3171
f 3087 3088 3173
f 3087 3173 3172
f 3088 3089 3174
f 3088 3174 3173
f 3089 3090 3175
f 3089 3175 3174
f 3090 3091 3176
f 3090 3176 3175
f 3091 3092 3177
f 3091 3177 3176
f 3092 3093 3178
f 3092 3178 3177
f 3093 3094 3179
f 3093 3179 3178
f 3095 3096 3181
f 3095 3181 3180
f 3096 3097 3182
f 3096 3182 3181
f 3097 3098 3183
f 3097 3183 3182
f 3098 3099 3184
f 3098 3184 3183
f 3099 3100 3185
f 3099 3185 3184
f 3100 3101 3186
f 3100 3186 3185
f 3101 3102 3187
f 3101 3187 3186
f 3102 3103 3188
f 3102 3188 3187
f 3103 3104 3189
f 3103 3189 3188
f 3104 3020 3105
f 3104 3105 3189
f 3105 3106 3191
f 3105 3191 3190
f 3106 3107 3192
f 3106 3192 3191
f 3107 3108 3193
f 3107 3193 3192
f 3108 3109 3194
f 3108 3194 3193
f 3109 3110 3195
f 3109 3195 3194
f 3110 3111 3196
f 3110 3196 3195
f 3111 3112 3197
f 3111 3197 3196
f 3112 3113 3198
f 3112 3198 3197
f 3113 3114 3199
f 3113 3199 3198
f 3114 3115 3200
f 3114 3200 3199
f 3115 3116 3201
f 3115 3201 3200
f 3116 3117 3202
f 3116 3202 3201
f 3117 3118 3203
f 3117 3203 3202
f 3118 3119 3204
f 3118 3204 3203
f 3119 3120 3205
f 3119 3205 3204
f 3120 3121 3206
f 3120 3206 3205
f 3121 3122 3207
f 3121 3207 3206
f 3122 3123 3208
f 3122 3208 3207
f 3123 3124 3209
f 3123 3209 3208
f 3124 3125 3210
f 3124 3210 3209
f 3125 3126 3211
f 3125 3211 3210
f 3126 3127 3212
f 3126 3212 3211
f 3127 3128 3213
f 3127 3213 3212
f 3128 3129 3214
f 3128 3214 3213
f 3129 3130 3215
f 3129 3215 3214
f 3130 3131 3216
f 3130 3216 3215
f 3131 3132 3217
f 3131 3217 3216
f 3132 3133 3218
f 3132 3218 3217
f 3133 3134 3219
f 3133 3219 3218
f 3134 3135 3220
f 3134 3220 3219
f 3135 3136 3221
f 3135 3221 3220
f 3136 3137 3222
f 3136 3222 3221
f 3137 3138 3223
f 3137 3223 3222
f 3138 3139 3224
f 3138 3224 3223
f 3139 3140 3225
f 3139 3225 3224
f 3140 3141 3226
f 3140 3226 3225
f 3141 3142 3227
f 3141 3227 3226
f 3142 3143 3228
f 3142 3228 3227
f 3143 3144 3229
f 3143 3229 3228
f 3144 3145 3230
f 3144 3230 3229
f 3145 3146 3231
f 3145 3231 3230
f 3146 3147 3232
f 3146 3232 3231
f 3147 3148 3233
f 3147 3233 3232
f 3148 3149 3234
f 3148 3234 3233
f 3149 3150 3235
f 3149 3235 3234
f 3150 3151 3236
f 3150 3236 3235
f 3151 3152 3237
f 3151 3237 3236
f 3152 3153 3238
f 3152 3238 3237
f 3153 3154 3239
f 3153 3239 3238
f 3154 3155 3240
f 3154 3240 3239
f 3155 3156 3241
f 3155 3241 3240
f 3156 3157 3242
f 3156 3242 3241
f 3157 3158 3243
f 3157 3243 3242
f 3158 3159 3244
f 3158 3244 3243
f 3159 3160 3245
f 3159 3245 3244
f 3160 3161 3246
f 3160 3246 3245
f 3161 3162 3247
f 3161 3247 3246
f 3162 3163 3248
f 3162 3248 3247
f 3163 3164 3249
f 3163 3249 3248
f 3164 3165 3250
f 3164 3250 3249
f 3165 3166 3251
f 3165 3251 3250
f 3166 3167 3252
f 3166 3252 3251
f 3167 3168 3253
f 3167 3253 3252
f 3168 3169 3254
f 3168 3254 3253
f 3169 3170 3255
f 3169 3255 3254
f 3170 3171 3256
f 3170 3256 3255
f 3171 3172 3257
f 3171 3257 3256
f 3172 3173 3258
f 3172 3258 3257
f 3173 3174 3259
f 3173 3259 3258
f 3174 3175 3260
f 3174 3260 3259
f 3175 3176 3261
f 3175 3261 3260
f 3176 3177 3262
f 3176 3262 3261
f 3177 3178 3263
f 3177 3263 3262
f 3180 3181 3265
f 3180 3265 3264
f 3181 3182 3266
f 3181 3266 3265
f 3182 3183 3267
f 3182 3267 3266
f 3183 3184 3268
f 3183 3268 3267
f 3184 3185 3269
f 3184 3269 3268
f 3185 3186 3270
f 3185 3270 3269
f 3186 3187 3271
f 3186 3271 3270
f 3187 3188 3272
f 3187 3272 3271
f 3188 3189 3273
f 3188 3273 3272
f 3189 3105 3190
f 3189 3190 3273
f 3190 3191 3275
f 3190 3275 3274
f 3191 3192 3276
f 3191 3276 3275
f 3192 3193 3277
f 3192 3277 3276
f 3193 3194 3278
f 3193 3278 3277
f 3194 3195 3279
f 3194 3279 3278
f 3195 3196 3280
f 3195 3280 3279
f 3196 3197 3281
f 3196 3281 3280
f 3197 3198 3282
f 3197 3282 3281
f 3198 3199 3283
f 3198 3283 3282
f 3199 3200 3284
f 3199 3284 3283
f 3200 3201 3285
f 3200 3285 3284
f 3201 3202 3286
f 3201 3286 3285
f 3202 3203 3287
f 3202 3287 3286
f 3203 3204 3288
f 3203 3288 3287
f 3204 3205 3289
f 3204 3289 3288
f 3205 3206 3290
f 3205 3290 3289
f 3206 3207 3291
f 3206 3291 3290
f 3207 3208 3292
f 3207 3292 3291
f 3208 3209 3293
f 3208 3293 3292
f 3209 3210 3294
f 3209 3294 3293
f 3210 3211 3295
f 3210 3295 3294
f 3211 3212 3296
f 3211 3296 3295
f 3212 3213 3297
f 3212 3297 3296
f 3213 3214 3298
f 3213 3298 3297
f 3214 3215 3299
f 3214 3299 3298
f 3215 3216 3300
f 3215 3300 3299
f 3216 3217 3301
f 3216 3301 3300
f 3217 3218 3302
f 3217 3302 3301
f 3218 3219 3303
f 3218 3303 3302
f 3219 3220 3304
f 3219 3304 3303
f 3220 3221 3305
f 3220 3305 3304
f 3221 3222 3306
f 3221 3306 3305
f 3222 3223 3307
f 3222 3307 3306
f 3223 3224 3308
f 3223 3308 3307
f 3224 3225 3309
f 3224 3309 3308
f 3225 3226 3310
f 3225 3310 3309
f 3226 3227 3311
f 3226 3311 3310
f 3227 3228 3312
f 3227 3312 3311
f 3228 3229 3313
f 3228 3313 3312
f 3229 3230 3314
f 3229 3314 3313
f 3230 3231 3315
f 3230 3315 3314
f 3231 3232 3316
f 3231 3316 3315
f 3232 3233 3317
f 3232 3317 3316
f 3233 3234 3318
f 3233 3318 3317
f 3234 3235 3319
f 3234 3319 3318
f 3235 3236 3320
f 3235 3320 3319
f 3236 3237 3321
f 3236 3321 3320
f 3237 3238 3322
f 3237 3322 3321
f 3238 3239 3323
f 3238 3323 3322
f 3239 3240 3324
f 3239 3324 3323
f 3240 3241 3325
f 3240 3325 3324
f 3241 3242 3326
f 3241 3326 3325
f 3242 3243 3327
f 3242 3327 3326
f 3243 3244 3328
f 3243 3328 3327
f 3244 3245 3329
f 3244 3329 3328
f 3245 3246 3330
f 3245 3330 3329
f 3246 3247 3331
f 3246 3331 3330
f 3247 3248 3332
f 3247 3332 3331
f 3248 3249 3333
f 3248 3333 3332
f 3249 3250 3334
f 3249 3334 3333
f 3250 3251 3335
f 3250 3335 3334
f 3251 3252 3336
f 3251 3336 3335
f 3252 3253 3337
f 3252 3337 3336
f 3253 3254 3338
f 3253 3338 3337
f 3254 3255 3339
f 3254 3339 3338
f 3255 3256 3340
f 3255 3340 3339
f 3256 3257 3341
f 3256 3341 3340
f 3257 3258 3342
f 3257 3342 3341
f 3258 3259 3343
f 3258 3343 3342
f 3259 3260 3344
f 3259 3344 3343
f 3260 3261 3345
f 3260 3345 3344
f 3261 3262 3346
f 3261 3346 3345
f 3262 3263 3347
f 3262 3347 3346
f 3264 3265 3348
f 3265 3266 3349
f 3265 3349 3348
f 3266 3267 3350
f 3266 3350 3349
f 3267 3268 3351
f 3267 3351 3350
f 3268 3269 3352
f 3268 3352 3351
f 3269 3270 3353
f 3269 3353 3352
f 3270 3271 3354
f 3270 3354 3353
f 3271 3272 3355
f 3271 3355 3354
f 3272 3273 3356
f 3272 3356 3355
f 3273 3190 3274
f 3273 3274 3356
f 3274 3275 3358
f 3274 3358 3357
f 3275 3276 3359
f 3275 3359 3358
f 3276 3277 3360
f 3276 3360 3359
f 3277 3278 3361
f 3277 3361 3360
f 3278 3279 3362
f 3278 3362 3361
f 3279 3280 3363
f 3279 3363 3362
f 3280 3281 3364
f 3280 3364 3363
f 3281 3282 3365
f 3281 3365 3364
f 3282 3283 3366
f 3282 3366 3365
f 3283 3284 3367
f 3283 3367 3366
f 3284 3285 3368
f 3284 3368 3367
f 3285 3286 3369
f 3285 3369 3368
f 3286 3287 3370
f 3286 3370 3369
f 3287 3288 3371
f 3287 3371 3370
f 3288 3289 3372
f 3288 3372 3371
f 3289 3290 3373
f 3289 3373 3372
f 3290 3291 3374
f 3290 3374 3373
f 3291 3292 3375
f 3291 3375 3374
f 3292 3293 3376
f 3292 3376 3375
f 3293 3294 3377
f 3293 3377 3376
f 3294 3295 3378
f 3294 3378 3377
f 3295 3296 3379
f 3295 3379 3378
f 3296 3297 3380
f 3296 3380 3379
f 3297 3298 3381
f 3297 3381 3380
f 3298 3299 3382
f 3298 3382 3381
f 3299 3300 3383
f 3299 3383 3382
f 3300 3301 3384
f 3300 3384 3383
f 3301 3302 3385
f 3301 3385 3384
f 3302 3303 3386
f 3302 3386 3385
f 3303 3304 3387
f 3303 3387 3386
f 3304 3305 3388
f 3304 3388 3387
f 3305 3306 3389
f 3305 3389 3388
f 3306 3307 3390
f 3306 3390 3389
f 3307 3308 3391
f 3307 3391 3390
f 3308 3309 3392
f 3308 3392 3391
f 3309 3310 3393
f 3309 3393 3392
f 3310 3311 3394
f 3310 3394 3393
f 3311 3312 3395
f 3311 3395 3394
f 3312 3313 3396
f 3312 3396 3395
f 3313 3314 3397
f 3313 3397 3396
f 3314 3315 3398
f 3314 3398 3397
f 3315 3316 3399
f 3315 3399 3398
f 3316 3317 3400
f 3316 3400 3399
f 3317 3318 3401
f 3317 3401 3400
f 3318 3319 3402
f 3318 3402 3401
f 3319 3320 3403
f 3319 3403 3402
f 3320 3321 3404
f 3320 3404 3403
f 3321 3322 3405
f 3321 3405 3404
f 3322 3323 3406
f 3322 3406 3405
f 3323 3324 3407
f 3323 3407 3406
f 3324 3325 3408
f 3324 3408 3407
f 3325 3326 3409
f 3325 3409 3408
f 3326 3327 3410
f 3326 3410 3409
f 3327 3328 3411
f 3327 3411 3410
f 3328 3329 3412
f 3328 3412 3411
f 3329 3330 3413
f 3329 3413 3412
f 3330 3331 3414
f 3330 3414 3413
f 3331 3332 3415
f 3331 3415 3414
f 3332 3333 3416
f 3332 3416 3415
f 3333 3334 3417
f 3333 3417 3416
f 3334 3335 3418
f 3334 3418 3417
f 3335 3336 3419
f 3335 3419 3418
f 3336 3337 3420
f 3336 3420 3419
f 3337 3338 3421
f 3337 3421 3420
f 3338 3339 3422
f 3338 3422 3421
f 3339 3340 3423
f 3339 3423 3422
f 3340 3341 3424
f 3340 3424 3423
f 3341 3342 3425
f 3341 3425 3424
f 3342 3343 3426
f 3342 3426 3425
f 3343 3344 3427
f 3343 3427 3426
f 3344 3345 3428
f 3344 3428 3427
f 3345 3346 3429
f 3345 3429 3428
f 3346 3347 3430
f 3346 3430 3429
f 3348 3349 3432
f 3348 3432 3431
f 3349 3350 3433
f 3349 3433 3432
f 3350 3351 3434
f 3350 3434 3433
f 3351 3352 3435
f 3351 3435 3434
f 3352 3353 3436
f 3352 3436 3435
f 3353 3354 3437
f 3353 3437 3436
f 3354 3355 3438
f 3354 3438 3437
f 3355 3356 3439
f 3355 3439 3438
f 3356 3274 3357
f 3356 3357 3439
f 3357 3358 3441
f 3357 3441 3440
f 3358 3359 3442
f 3358 3442 3441
f 3359 3360 3443
f 3359 3443 3442
f 3360 3361 3444
f 3360 3444 3443
f 3361 3362 3445
f 3361 3445 3444
f 3362 3363 3446
f 3362 3446 3445
f 3363 3364 3447
f 3363 3447 3446
f 3364 3365 3448
f 3364 3448 3447
f 3365 3366 3449
f 3365 3449 3448
f 3366 3367 3450
f 3366 3450 3449
f 3367 3368 3451
f 3367 3451 3450
f 3368 3369 3452
f 3368 3452 3451
f 3369 3370 3453
f 3369 3453 3452
f 3370 3371 3454
f 3370 3454 3453
f 3371 3372 3455
f 3371 3455 3454
f 3372 3373 3456
f 3372 3456 3455
f 3373 3374 3457
f 3373 3457 3456
f 3374 3375 3458
f 3374 3458 3457
f 3375 3376 3459
f 3375 3459 3458
f 3376 3377 3460
f 3376 3460 3459
f 3377 3378 3461
f 3377 3461 3460
f 3378 3379 3462
f 3378 3462 3461
f 3379 3380 3463
f 3379 3463 3462
f 3380 3381 3464
f 3380 3464 3463
f 3381 3382 3465
f 3381 3465 3464
f 3382 3383 3466
f 3382 3466 3465
f 3383 3384 3467
f 3383 3467 3466
f 3384 3385 3468
f 3384 3468 3467
f 3385 3386 3469
f 3385 3469 3468
f 3386 3387 3470
f 3386 3470 3469
f 3387 3388 3471
f 3387 3471 3470
f 3388 3389 3472
f 3388 3472 3471
f 3389 3390 3473
f 3389 3473 3472
f 3390 3391 3474
f 3390 3474 3473
f 3391 3392 3475
f 3391 3475 3474
f 3392 3393 3476
f 3392 3476 3475
f 3393 3394 3477
f 3393 3477 3476
f 3394 3395 3478
f 3394 3478 3477
f 3395 3396 3479
f 3395 3479 3478
f 3396 3397 3480
f 3396 3480 3479
f 3397 3398 3481
f 3397 3481 3480
f 3398 3399 3482
f 3398 3482 3481
f 3399 3400 3483
f 3399 3483 3482
f 3400 3401 3484
f 3400 3484 3483
f 3401 3402 3485
f 3401 3485 3484
f 3402 3403 3486
f 3402 3486 3485
f 3403 3404 3487
f 3403 3487 3486
f 3404 3405 3488
f 3404 3488 3487
f 3405 3406 3489
f 3405 3489 3488
f 3406 3407 3490
f 3406 3490 3489
f 3407 3408 3491
f 3407 3491 3490
f 3408 3409 3492
f 3408 3492 3491
f 3409 3410 3493
f 3409 3493 3492
f 3410 3411 3494
f 3410 3494 3493
f 3411 3412 3495
f 3411 3495 3494
f 3412 3413 3496
f 3412 3496 3495
f 3413 3414 3497
f 3413 3497 3496
f 3414 3415 3498
f 3414 3498 3497
f 3415 3416 3499
f 3415 3499 3498
f 3416 3417 3500
f 3416 3500 3499
f 3417 3418 3501
f 3417 3501 3500
f 3418 3419 3502
f 3418 3502 3501
f 3419 3420 3503
f 3419 3503 3502
f 3420 3421 3504
f 3420 3504 3503
f 3421 3422 3505
f 3421 3505 3504
f 3422 3423 3506
f 3422 3506 3505
f 3423 3424 3507
f 3423 3507 3506
f 3424 3425 3508
f 3424 3508 3507
f 3425 3426 3509
f 3425 3509 3508
f 3426 3427 3510
f 3426 3510 3509
f 3427 3428 3511
f 3427 3511 3510
f 3428 3429 3512
f 3428 3512 3511
f 3429 3430 3513
f 3429 3513 3512
f 3431 3432 3515
f 3431 3515 3514
f 3432 3433 3516
f 3432 3516 3515
f 3433 3434 3517
f 3433 3517 3516
f 3434 3435 3518
f 3434 3518 3517
f 3435 3436 3519
f 3435 3519 3518
f 3436 3437 3520
f 3436 3520 3519
f 3437 3438 3521
f 3437 3521 3520
f 3438 3439 3522
f 3438 3522 3521
f 3439 3357 3440
f 3439 3440 3522
f 3440 3441 3524
f 3440 3524 3523
f 3441 3442 3525
f 3441 3525 3524
f 3442 3443 3526
f 3442 3526 3525
f 3443 3444 3527
f 3443 3527 3526
f 3444 3445 3528
f 3444 3528 3527
f 3445 3446 3529
f 3445 3529 3528
f 3446 3447 3530
f 3446 3530 3529
f 3447 3448 3531
f 3447 3531 3530
f 3448 3449 3532
f 3448 3532 3531
f 3449 3450 3533
f 3449 3533 3532
f 3450 3451 3534
f 3450 3534 3533
f 3451 3452 3535
f 3451 3535 3534
f 3452 3453 3536
f 3452 3536 3535
f 3453 3454 3537
f 3453 3537 3536
f 3454 3455 3538
f 3454 3538 3537
f 3455 3456 3539
f 3455 3539 3538
f 3456 3457 3540
f 3456 3540 3539
f 3457 3458 3541
f 3457 3541 3540
f 3458 3459 3542
f 3458 3542 3541
f 3459 3460 3543
f 3459 3543 3542
f 3460 3461 3544
f 3460 3544 3543
f 3461 3462 3545
f 3461 3545 3544
f 3462 3463 3546
f 3462 3546 3545
f 3463 3464 3547
f 3463 3547 3546
f 3464 3465 3548
f 3464 3548 3547
f 3465 3466 3549
f 3465 3549 3548
f 3466 3467 3550
f 3466 3550 3549
f 3467 3468 3551
f 3467 3551 3550
f 3468 3469 3552
f 3468 3552 3551
f 3469 3470 3553
f 3469 3553 3552
f 3470 3471 3554
f 3470 3554 3553
f 3471 3472 3555
f 3471 3555 3554
f 3472 3473 3556
f 3472 3556 3555
f 3473 3474 3557
f 3473 3557 3556
f 3474 3475 3558
f 3474 3558 3557
f 3475 3476 3559
f 3475 3559 3558
f 3476 3477 3560
f 3476 3560 3559
f 3477 3478 3561
f 3477 3561 3560
f 3478 3479 3562
f 3478 3562 3561
f 3479 3480 3563
f 3479 3563 3562
f 3480 3481 3564
f 3480 3564 3563
f 3481 3482 3565
f 3481 3565 3564
f 3482 3483 3566
f 3482 3566 3565
f 3483 3484 3567
f 3483 3567 3566
f 3484 3485 3568
f 3484 3568 3567
f 3485 3486 3569
f 3485 3569 3568
f 3486 3487 3570
f 3486 3570 3569
f 3487 3488 3571
f 3487 3571 3570
f 3488 3489 3572
f 3488 3572 3571
f 3489 3490 3573
f 3489 3573 3572
f 3490 3491 3574
f 3490 3574 3573
f 3491 3492 3575
f 3491 3575 3574
f 3492 3493 3576
f 3492 3576 3575
f 3493 3494 3577
f 3493 3577 3576
f 3494 3495 3578
f 3494 3578 3577
f 3495 3496 3579
f 3495 3579 3578
f 3496 3497 3580
f 3496 3580 3579
f 3497 3498 3581
f 3497 3581 3580
f 3498 3499 3582
f 3498 3582 3581
f 3499 3500 3583
f 3499 3583 3582
f 3500 3501 3584
f 3500 3584 3583
f 3501 3502 3585
f 3501 3585 3584
f 3502 3503 3586
f 3502 3586 3585
f 3503 3504 3587
f 3503 3587 3586
f 3504 3505 3588
f 3504 3588 3587
f 3505 3506 3589
f 3505 3589 3588
f 3506 3507 3590
f 3506 3590 3589
f 3507 3508 3591
f 3507 3591 3590
f 3508 3509 3592
f 3508 3592 3591
f 3509 3510 3593
f 3509 3593 3592
f 3510 3511 3594
f 3510 3594 3593
f 3511 3512 3595
f 3511 3595 3594
f 3512 3513 3596
f 3512 3596 3595
f 3514 3515 3598
f 3514 3598 3597
f 3515 3516 3599
f 3515 3599 3598
f 3516 3517 3600
f 3516 3600 3599
f 3517 3518 3601
f 3517 3601 3600
f 3518 3519 3602
f 3518 3602 3601
f 3519 3520 3603
f 3519 3603 3602
f 3520 3521 3604
f 3520 3604 3603
f 3521 3522 3605
f 3521 3605 3604
f 3522 3440 3523
f 3522 3523 3605
f 3523 3524 3607
f 3523 3607 3606
f 3524 3525 3608
f 3524 3608 3607
f 3525 3526 3609
f 3525 3609 3608
f 3526 3527 3610
f 3526 3610 3609
f 3527 3528 3611
f 3527 3611 3610
f 3528 3529 3612
f 3528 3612 3611
f 3529 3530 3613
f 3529 3613 3612
f 3530 3531 3614
f 3530 3614 3613
f 3531 3532 3615
f 3531 3615 3614
f 3532 3533 3616
f 3532 3616 3615
f 3533 3534 3617
f 3533 3617 3616
f 3534 3535 3618
f 3534 3618 3617
f 3535 3536 3619
f 3535 3619 3618
f 3536 3537 3620
f 3536 3620 3619
f 3537 3538 3621
f 3537 3621 3620
f 3538 3539 3622
f 3538 3622 3621
f 3539 3540 3623
f 3539 3623 3622
f 3540 3541 3624
f 3540 3624 3623
f 3541 3542 3625
f 3541 3625 3624
f 3542 3543 3626
f 3542 3626 3625
f 3543 3544 3627
f 3543 3627 3626
f 3544 3545 3628
f 3544 3628 3627
f 3545 3546 3629
f 3545 3629 3628
f 3546 3547 3630
f 3546 3630 3629
f 3547 3548 3631
f 3547 3631 3630
f 3548 3549 3632
f 3548 3632 3631
f 3549 3550 3633
f 3549 3633 3632
f 3550 3551 3634
f 3550 3634 3633
f 3551 3552 3635
f 3551 3635 3634
f 3552 3553 3636
f 3552 3636 3635
f 3553 3554 3637
f 3553 3637 3636
f 3554 3555 3638
f 3554 3638 3637
f 3555 3556 3639
f 3555 3639 3638
f 3556 3557 3640
f 3556 3640 3639
f 3557 3558 3641
f 3557 3641 3640
f 3558 3559 3642
f 3558 3642 3641
f 3559 3560 3643
f 3559 3643 3642
f 3560 3561 3644
f 3560 3644 3643
f 3561 3562 3645
f 3561 3645 3644
f 3562 3563 3646
f 3562 3646 3645
f 3563 3564 3647
f 3563 3647 3646
f 3564 3565 3648
f 3564 3648 3647
f 3565 3566 3649
f 3565 3649 3648
f 3566 3567 3650
f 3566 3650 3649
f 3567 3568 3651
f 3567 3651 3650
f 3568 3569 3652
f 3568 3652 3651
f 3569 3570 3653
f 3569 3653 3652
f 3570 3571 3654
f 3570 3654 3653
f 3571 3572 3655
f 3571 3655 3654
f 3572 3573 3656
f 3572 3656 3655
f 3573 3574 3657
f 3573 3657 3656
f 3574 3575 3658
f 3574 3658 3657
f 3575 3576 3659
f 3575 3659 3658
f 3576 3577 3660
f 3576 3660 3659
f 3577 3578 3661
f 3577 3661 3660
f 3578 3579 3662
f 3578 3662 3661
f 3579 3580 3663
f 3579 3663 3662
f 3580 3581 3664
f 3580 3664 3663
f 3581 3582 3665
f 3581 3665 3664
f 3582 3583 3666
f 3582 3666 3665
f 3583 3584 3667
f 3583 3667 3666
f 3584 3585 3668
f 3584 3668 3667
f 3585 3586 3669
f 3585 3669 3668
f 3586 3587 3670
f 3586 3670 3669
f 3587 3588 3671
f 3587 3671 3670
f 3588 3589 3672
f 3588 3672 3671
f 3589 3590 3673
f 3589 3673 3672
f 3590 3591 3674
f 3590 3674 3673
f 3591 3592 3675
f 3591 3675 3674
f 3592 3593 3676
f 3592 3676 3675
f 3593 3594 3677
f 3593 3677 3676
f 3594 3595 3678
f 3594 3678 3677
f 3595 3596 3679
f 3595 3679 3678
f 3597 3598 3681
f 3597 3681 3680
f 3598 3599 3682
f 3598 3682 3681
f 3599 3600 3683
f 3599 3683 3682
f 3600 3601 3684
f 3600 3684 3683
f 3601 3602 3685
f 3601 3685 3684
f 3602 3603 3686
f 3602 3686 3685
f 3603 3604 3687
f 3603 3687 3686
f 3604 3605 3688
f 3604 3688 3687
f 3605 3523 3606
f 3605 3606 3688
f 3606 3607 3690
f 3606 3690 3689
f 3607 3608 3691
f 3607 3691 3690
f 3608 3609 3692
f 3608 3692 3691
f 3609 3610 3693
f 3609 3693 3692
f 3610 3611 3694
f 3610 3694 3693
f 3611 3612 3695
f 3611 3695 3694
f 3612 3613 3696
f 3612 3696 3695
f 3613 3614 3697
f 3613 3697 3696
f 3614 3615 3698
f 3614 3698 3697
f 3615 3616 3699
f 3615 3699 3698
f 3616 3617 3700
f 3616 3700 3699
f 3617 3618 3701
f 3617 3701 3700
f 3618 3619 3702
f 3618 3702 3701
f 3619 3620 3703
f 3619 3703 3702
f 3620 3621 3704
f 3620 3704 3703
f 3621 3622 3705
f 3621 3705 3704
f 3622 3623 3706
f 3622 3706 3705
f 3623 3624 3707
f 3623 3707 3706
f 3624 3625 3708
f 3624 3708 3707
f 3625 3626 3709
f 3625 3709 3708
f 3626 3627 3710
f 3626 3710 3709
f 3627 3628 3711
f 3627 3711 3710
f 3628 3629 3712
f 3628 3712 3711
f 3629 3630 3713
f 3629 3713 3712
f 3630 3631 3714
f 3630 3714 3713
f 3631 3632 3715
f 3631 3715 3714
f 3632 3633 3716
f 3632 3716 3715
f 3633 3634 3717
f 3633 3717 3716
f 3634 3635 3718
f 3634 3718 3717
f 3635 3636 3719
f 3635 3719 3718
f 3636 3637 3720
f 3636 3720 3719
f 3637 3638 3721
f 3637 3721 3720
f 3638 3639 3722
f 3638 3722 3721
f 3639 3640 3723
f 3639 3723 3722
f 3640 3641 3724
f 3640 3724 3723
f 3641 3642 3725
f 3641 3725 3724
f 3642 3643 3726
f 3642 3726 3725
f 3643 3644 3727
f 3643 3727 3726
f 3644 3645 3728
f 3644 3728 3727
f 3645 3646 3729
f 3645 3729 3728
f 3646 3647 3730
f 3646 3730 3729
f 3647 3648 3731
f 3647 3731 3730
f 3648 3649 3732
f 3648 3732 3731
f 3649 3650 3733
f 3649 3733 3732
f 3650 3651 3734
f 3650 3734 3733
f 3651 3652 3735
f 3651 3735 3734
f 3652 3653 3736
f 3652 3736 3735
f 3653 3654 3737
f 3653 3737 3736
f 3654 3655 3738
f 3654 3738 3737
f 3655 3656 3739
f 3655 3739 3738
f 3656 3657 3740
f 3656 3740 3739
f 3657 3658 3741
f 3657 3741 3740
f 3658 3659 3742
f 3658 3742 3741
f 3659 3660 3743
f 3659 3743 3742
f 3660 3661 3744
f 3660 3744 3743
f 3661 3662 3745
f 3661 3745 3744
f 3662 3663 3746
f 3662 3746 3745
f 3663 3664 3747
f 3663 3747 3746
f 3664 3665 3748
f 3664 3748 3747
f 3665 3666 3749
f 3665 3749 3748
f 3666 3667 3750
f 3666 3750 3749
f 3667 3668 3751
f 3667 3751 3750
f 3668 3669 3752
f 3668 3752 3751
f 3669 3670 3753
f 3669 3753 3752
f 3670 3671 3754
f 3670 3754 3753
f 3671 3672 3755
f 3671 3755 3754
f 3672 3673 3756
f 3672 3756 3755
f 3673 3674 3757
f 3673 3757 3756
f 3674 3675 3758
f 3674 3758 3757
f 3675 3676 3759
f 3675 3759 3758
f 3676 3677 3760
f 3676 3760 3759
f 3677 3678 3761
f 3677 3761 3760
f 3678 3679 3762
f 3678 3762 3761
f 3680 3681 3764
f 3680 3764 3763
f 3681 3682 3765
f 3681 3765 3764
f 3682 3683 3766
f 3682 3766 3765
f 3683 3684 3767
f 3683 3767 3766
f 3684 3685 3768
f 3684 3768 3767
f 3685 3686 3769
f 3685 3769 3768
f 3686 3687 3770
f 3686 3770 3769
f 3687 3688 3771
f 3687 3771 3770
f 3688 3606 3689
f 3688 3689 3771
f 3689 3690 3773
f 3689 3773 3772
f 3690 3691 3774
f 3690 3774 3773
f 3691 3692 3775
f 3691 3775 3774
f 3692 3693 3776
f 3692 3776 3775
f 3693 3694 3777
f 3693 3777 3776
f 3694 3695 3778
f 3694 3778 3777
f 3695 3696 3779
f 3695 3779 3778
f 3696 3697 3780
f 3696 3780 3779
f 3697 3698 3781
f 3697 3781 3780
f 3698 3699 3782
f 3698 3782 3781
f 3699 3700 3783
f 3699 3783 3782
f 3700 3701 3784
f 3700 3784 3783
f 3701 3702 3785
f 3701 3785 3784
f 3702 3703 3786
f 3702 3786 3785
f 3703 3704 3787
f 3703 3787 3786
f 3704 3705 3788
f 3704 3788 3787
f 3705 3706 3789
f 3705 3789 3788
f 3706 3707 3790
f 3706 3790 3789
f 3707 3708 3791
f 3707 3791 3790
f 3708 3709 3792
f 3708 3792 3791
f 3709 3710 3793
f 3709 3793 3792
f 3710 3711 3794
f 3710 3794 3793
f 3711 3712 3795
f 3711 3795 3794
f 3712 3713 3796
f 3712 3796 3795
f 3713 3714 3797
f 3713 3797 3796
f 3714 3715 3798
f 3714 3798 3797
f 3715 3716 3799
f 3715 3799 3798
f 3716 3717 3800
f 3716 3800 3799
f 3717 3718 3801
f 3717 3801 3800
f 3718 3719 3802
f 3718 3802 3801
f 3719 3720 3803
f 3719 3803 3802
f 3720 3721 3804
f 3720 3804 3803
f 3721 3722 3805
f 3721 3805 3804
f 3722 3723 3806
f 3722 3806 3805
f 3723 3724 3807
f 3723 3807 3806
f 3724 3725 3808
f 3724 3808 3807
f 3725 3726 3809
f 3725 3809 3808
f 3726 3727 3810
f 3726 3810 3809
f 3727 3728 3811
f 3727 3811 3810
f 3728 3729 3812
f 3728 3812 3811
f 3729 3730 3813
f 3729 3813 3812
f 3730 3731 3814
f 3730 3814 3813
f 3731 3732 3815
f 3731 3815 3814
f 3732 3733 3816
f 3732 3816 3815
f 3733 3734 3817
f 3733 3817 3816
f 3734 3735 3818
f 3734 3818 3817
f 3735 3736 3819
f 3735 3819 3818
f 3736 3737 3820
f 3736 3820 3819
f 3737 3738 3821
f 3737 3821 3820
f 3738 3739 3822
f 3738 3822 3821
f 3739 3740 3823
f 3739 3823 3822
f 3740 3741 3824
f 3740 3824 3823
f 3741 3742 3825
f 3741 3825 3824
f 3742 3743 3826
f 3742 3826 3825
f 3743 3744 3827
f 3743 3827 3826
f 3744 3745 3828
f 3744 3828 3827
f 3745 3746 3829
f 3745 3829 3828
f 3746 3747 3830
f 3746 3830 3829
f 3747 3748 3831
f 3747 3831 3830
f 3748 3749 3832
f 3748 3832 3831
f 3749 3750 3833
f 3749 3833 3832
f 3750 3751 3834
f 3750 3834 3833
f 3751 3752 3835
f 3751 3835 3834
f 3752 3753 3836
f 3752 3836 3835
f 3753 3754 3837
f 3753 3837 3836
f 3754 3755 3838
f 3754 3838 3837
f 3755 3756 3839
f 3755 3839 3838
f 3756 3757 3840
f 3756 3840 3839
f 3757 3758 3841
f 3757 3841 3840
f 3758 3759 3842
f 3758 3842 3841
f 3759 3760 3843
f 3759 3843 3842
f 3760 3761 3844
f 3760 3844 3843
f 3763 3764 3846
f 3763 3846 3845
f 3764 3765 3847
f 3764 3847 3846
f 3765 3766 3848
f 3765 3848 3847
f 3766 3767 3849
f 3766 3849 3848
f 3767 3768 3850
f 3767 3850 3849
f 3768 3769 3851
f 3768 3851 3850
f 3769 3770 3852
f 3769 3852 3851
f 3770 3771 3853
f 3770 3853 3852
f 3771 3689 3772
f 3771 3772 3853
f 3772 3773 3855
f 3772 3855 3854
f 3773 3774 3856
f 3773 3856 3855
f 3774 3775 3857
f 3774 3857 3856
f 3775 3776 3858
f 3775 3858 3857
f 3776 3777 3859
f 3776 3859 3858
f 3777 3778 3860
f 3777 3860 3859
f 3778 3779 3861
f 3778 3861 3860
f 3779 3780 3862
f 3779 3862 3861
f 3780 3781 3863
f 3780 3863 3862
f 3781 3782 3864
f 3781 3864 3863
f 3782 3783 3865
f 3782 3865 3864
f 3783 3784 3866
f 3783 3866 3865
f 3784 3785 3867
f 3784 3867 3866
f 3785 3786 3868
f 3785 3868 3867
f 3786 3787 3869
f 3786 3869 3868
f 3787 3788 3870
f 3787 3870 3869
f 3788 3789 3871
f 3788 3871 3870
f 3789 3790 3872
f 3789 3872 3871
f 3790 3791 3873
f 3790 3873 3872
f 3791 3792 3874
f 3791 3874 3873
f 3792 3793 3875
f 3792 3875 3874
f 3793 3794 3876
f 3793 3876 3875
f 3794 3795 3877
f 3794 3877 3876
f 3795 3796 3878
f 3795 3878 3877
f 3796 3797 3879
f 3796 3879 3878
f 3797 3798 3880
f 3797 3880 3879
f 3798 3799 3881
f 3798 3881 3880
f 3799 3800 3882
f 3799 3882 3881
f 3800 3801 3883
f 3800 3883 3882
f 3801 3802 3884
f 3801 3884 3883
f 3802 3803 3885
f 3802 3885 3884
f 3803 3804 3886
f 3803 3886 3885
f 3804 3805 3887
f 3804 3887 3886
f 3805 3806 3888
f 3805 3888 3887
f 3806 3807 3889
f 3806 3889 3888
f 3807 3808 3890
f 3807 3890 3889
f 3808 3809 3891
f 3808 3891 3890
f 3809 3810 3892
f 3809 3892 3891
f 3810 3811 3893
f 3810 3893 3892
f 3811 3812 3894
f 3811 3894 3893
f 3812 3813 3895
f 3812 3895 3894
f 3813 3814 3896
f 3813 3896 3895
f 3814 3815 3897
f 3814 3897 3896
f 3815 3816 3898
f 3815 3898 3897
f 3816 3817 3899
f 3816 3899 3898
f 3817 3818 3900
f 3817 3900 3899
f 3818 3819 3901
f 3818 3901 3900
f 3819 3820 3902
f 3819 3902 3901
f 3820 3821 3903
f 3820 3903 3902
f 3821 3822 3904
f 3821 3904 3903
f 3822 3823 3905
f 3822 3905 3904
f 3823 3824 3906
f 3823 3906 3905
f 3824 3825 3907
f 3824 3907 3906
f 3825 3826 3908
f 3825 3908 3907
f 3826 3827 3909
f 3826 3909 3908
f 3827 3828 3910
f 3827 3910 3909
f 3828 3829 3911
f 3828 3911 3910
f 3829 3830 3912
f 3829 3912 3911
f 3830 3831 3913
f 3830 3913 3912
f 3831 3832 3914
f 3831 3914 3913
f 3832 3833 3915
f 3832 3915 3914
f 3833 3834 3916
f 3833 3916 3915
f 3834 3835 3917
f 3834 3917 3916
f 3835 3836 3918
f 3835 3918 3917
f 3836 3837 3919
f 3836 3919 3918
f 3837 3838 3920
f 3837 3920 3919
f 3838 3839 3921
f 3838 3921 3920
f 3839 3840 3922
f 3839 3922 3921
f 3840 3841 3923
f 3840 3923 3922
f 3841 3842 3924
f 3841 3924 3923
f 3842 3843 3925
f 3842 3925 3924
f 3843 3844 3926
f 3843 3926 3925
f 3845 3846 3928
f 3845 3928 3927
f 3846 3847 3929
f 3846 3929 3928
f 3847 3848 3930
f 3847 3930 3929
f 3848 3849 3931
f 3848 3931 3930
f 3849 3850 3932
f 3849 3932 3931
f 3850 3851 3933
f 3850 3933 3932
f 3851 3852 3934
f 3851 3934 3933
f 3852 3853 3935
f 3852 3935 3934
f 3853 3772 3854
f 3853 3854 3935
f 3854 3855 3937
f 3854 3937 3936
f 3855 3856 3938
f 3855 3938 3937
f 3856 3857 3939
f 3856 3939 3938
f 3857 3858 3940
f 3857 3940 3939
f 3858 3859 3941
f 3858 3941 3940
f 3859 3860 3942
f 3859 3942 3941
f 3860 3861 3943
f 3860 3943 3942
f 3861 3862 3944
f 3861 3944 3943
f 3862 3863 3945
f 3862 3945 3944
f 3863 3864 3946
f 3863 3946 3945
f 3864 3865 3947
f 3864 3947 3946
f 3865 3866 3948
f 3865 3948 3947
f 3866 3867 3949
f 3866 3949 3948
f 3867 3868 3950
f 3867 3950 3949
f 3868 3869 3951
f 3868 3951 3950
f 3869 3870 3952
f 3869 3952 3951
f 3870 3871 3953
f 3870 3953 3952
f 3871 3872 3954
f 3871 3954 3953
f 3872 3873 3955
f 3872 3955 3954
f 3873 3874 3956
f 3873 3956 3955
f 3874 3875 3957
f 3874 3957 3956
f 3875 3876 3958
f 3875 3958 3957
f 3876 3877 3959
f 3876 3959 3958
f 3877 3878 3960
f 3877 3960 3959
f 3878 3879 3961
f 3878 3961 3960
f 3879 3880 3962
f 3879 3962 3961
f 3880 3881 3963
f 3880 3963 3962
f 3881 3882 3964
f 3881 3964 3963
f 3882 3883 3965
f 3882 3965 3964
f 3883 3884 3966
f 3883 3966 3965
f 3884 3885 3967
f 3884 3967 3966
f 3885 3886 3968
f 3885 3968 3967
f 3886 3887 3969
f 3886 3969 3968
f 3887 3888 3970
f 3887 3970 3969
f 3888 3889 3971
f 3888 3971 3970
f 3889 3890 3972
f 3889 3972 3971
f 3890 3891 3973
f 3890 3973 3972
f 3891 3892 3974
f 3891 3974 3973
f 3892 3893 3975
f 3892 3975 3974
f 3893 3894 3976
f 3893 3976 3975
f 3894 3895 3977
f 3894 3977 3976
f 3895 3896 3978
f 3895 3978 3977
f 3896 3897 3979
f 3896 3979 3978
f 3897 3898 3980
f 3897 3980 3979
f 3898 3899 3981
f 3898 3981 3980
f 3899 3900 3982
f 3899 3982 3981
f 3900 3901 3983
f 3900 3983 3982
f 3901 3902 3984
f 3901 3984 3983
f 3902 3903 3985
f 3902 3985 3984
f 3903 3904 3986
f 3903 3986 3985
f 3904 3905 3987
f 3904 3987 3986
f 3905 3906 3988
f 3905 3988 3987
f 3906 3907 3989
f 3906 3989 3988
f 3907 3908 3990
f 3907 3990 3989
f 3908 3909 3991
f 3908 3991 3990
f 3909 3910 3992
f 3909 3992 3991
f 3910 3911 3993
f 3910 3993 3992
f 3911 3912 3994
f 3911 3994 3993
f 3912 3913 3995
f 3912 3995 3994
f 3913 3914 3996
f 3913 3996 3995
f 3914 3915 3997
f 3914 3997 3996
f 3915 3916 3998
f 3915 3998 3997
f 3916 3917 3999
f 3916 3999 3998
f 3917 3918 4000
f 3917 4000 3999
f 3918 3919 4001
f 3918 4001 4000
f 3919 3920 4002
f 3919 4002 4001
f 3920 3921 4003
f 3920 4003 4002
f 3921 3922 4004
f 3921 4004 4003
f 3922 3923 4005
f 3922 4005 4004
f 3923 3924 4006
f 3923 4006 4005
f 3924 3925 4007
f 3924 4007 4006
f 3925 3926 4008
f 3925 4008 4007
f 3927 3928 4010
f 3927 4010 4009
f 3928 3929 4011
f 3928 4011 4010
f 3929 3930 4012
f 3929 4012 4011
f 3930 3931 4013
f 3930 4013 4012
f 3931 3932 4014
f 3931 4014 4013
f 3932 3933 4015
f 3932 4015 4014
f 3933 3934 4016
f 3933 4016 4015
f 3934 3935 4017
f 3934 4017 4016
f 3935 3854 3936
f 3935 3936 4017
f 3936 3937 4019
f 3936 4019 4018
f 3937 3938 4020
f 3937 4020 4019
f 3938 3939 4021
f 3938 4021 4020
f 3939 3940 4022
f 3939 4022 4021
f 3940 3941 4023
f 3940 4023 4022
f 3941 3942 4024
f 3941 4024 4023
f 3942 3943 4025
f 3942 4025 4024
f 3943 3944 4026
f 3943 4026 4025
f 3944 3945 4027
f 3944 4027 4026
f 3945 3946 4028
f 3945 4028 4027
f 3946 3947 4029
f 3946 4029 4028
f 3947 3948 4030
f 3947 4030 4029
f 3948 3949 4031
f 3948 4031 4030
f 3949 3950 4032
f 3949 4032 4031
f 3950 3951 4033
f 3950 4033 4032
f 3951 3952 4034
f 3951 4034 4033
f 3952 3953 4035
f 3952 4035 4034
f 3953 3954 4036
f 3953 4036 4035
f 3954 3955 4037
f 3954 4037 4036
f 3955 3956 4038
f 3955 4038 4037
f 3956 3957 4039
f 3956 4039 4038
f 3957 3958 4040
f 3957 4040 4039
f 3958 3959 4041
f 3958 4041 4040
f 3959 3960 4042
f 3959 4042 4041
f 3960 3961 4043
f 3960 4043 4042
f 3961 3962 4044
f 3961 4044 4043
f 3962 3963 4045
f 3962 4045 4044
f 3963 3964 4046
f 3963 4046 4045
f 3964 3965 4047
f 3964 4047 4046
f 3965 3966 4048
f 3965 4048 4047
f 3966 3967 4049
f 3966 4049 4048
f 3967 3968 4050
f 3967 4050 4049
f 3968 3969 4051
f 3968 4051 4050
f 3969 3970 4052
f 3969 4052 4051
f 3970 3971 4053
f 3970 4053 4052
f 3971 3972 4054
f 3971 4054 4053
f 3972 3973 4055
f 3972 4055 4054
f 3973 3974 4056
f 3973 4056 4055
f 3974 3975 4057
f 3974 4057 4056
f 3975 3976 4058
f 3975 4058 4057
f 3976 3977 4059
f 3976 4059 4058
f 3977 3978 4060
f 3977 4060 4059
f 3978 3979 4061
f 3978 4061 4060
f 3979 3980 4062
f 3979 4062 4061
f 3980 3981 4063
f 3980 4063 4062
f 3981 3982 4064
f 3981 4064 4063
f 3982 3983 4065
f 3982 4065 4064
f 3983 3984 4066
f 3983 4066 4065
f 3984 3985 4067
f 3984 4067 4066
f 3985 3986 4068
f 3985 4068 4067
f 3986 3987 4069
f 3986 4069 4068
f 3987 3988 4070
f 3987 4070 4069
f 3988 3989 4071
f 3988 4071 4070
f 3989 3990 4072
f 3989 4072 4071
f 3990 3991 4073
f 3990 4073 4072
f 3991 3992 4074
f 3991 4074 4073
f 3992 3993 4075
f 3992 4075 4074
f 3993 3994 4076
f 3993 4076 4075
f 3994 3995 4077
f 3994 4077 4076
f 3995 3996 4078
f 3995 4078 4077
f 3996 3997 4079
f 3996 4079 4078
f 3997 3998 4080
f 3997 4080 4079
f 3998 3999 4081
f 3998 4081 4080
f 3999 4000 4082
f 3999 4082 4081
f 4000 4001 4083
f 4000 4083 4082
f 4001 4002 4084
f 4001 4084 4083
f 4002 4003 4085
f 4002 4085 4084
f 4003 4004 4086
f 4003 4086 4085
f 4004 4005 4087
f 4004 4087 4086
f 4005 4006 4088
f 4005 4088 4087
f 4006 4007 4089
f 4006 4089 4088
f 4007 4008 4090
f 4007 4090 4089
f 4009 4010 4092
f 4009 4092 4091
f 4010 4011 4093
f 4010 4093 4092
f 4011 4012 4094
f 4011 4094 4093
f 4012 4013 4095
f 4012 4095 4094
f 4013 4014 4096
f 4013 4096 4095
f 4014 4015 4097
f 4014 4097 4096
f 4015 4016 4098
f 4015 4098 4097
f 4016 4017 4099
f 4016 4099 4098
f 4017 3936 4018
f 4017 4018 4099
f 4018 4019 4101
f 4018 4101 4100
f 4019 4020 4102
f 4019 4102 4101
f 4020 4021 4103
f 4020 4103 4102
f 4021 4022 4104
f 4021 4104 4103
f 4022 4023 4105
f 4022 4105 4104
f 4023 4024 4106
f 4023 4106 4105
f 4024 4025 4107
f 4024 4107 4106
f 4025 4026 4108
f 4025 4108 4107
f 4026 4027 4109
f 4026 4109 4108
f 4027 4028 4110
f 4027 4110 4109
f 4028 4029 4111
f 4028 4111 4110
f 4029 4030 4112
f 4029 4112 4111
f 4030 4031 4113
f 4030 4113 4112
f 4031 4032 4114
f 4031 4114 4113
f 4032 4033 4115
f 4032 4115 4114
f 4033 4034 4116
f 4033 4116 4115
f 4034 4035 4117
f 4034 4117 4116
f 4035 4036 4118
f 4035 4118 4117
f 4036 4037 4119
f 4036 4119 4118
f 4037 4038 4120
f 4037 4120 4119
f 4038 4039 4121
f 4038 4121 4120
f 4039 4040 4122
f 4039 4122 4121
f 4040 4041 4123
f 4040 4123 4122
f 4041 4042 4124
f 4041 4124 4123
f 4042 4043 4125
f 4042 4125 4124
f 4043 4044 4126
f 4043 4126 4125
f 4044 4045 4127
f 4044 4127 4126
f 4045 4046 4128
f 4045 4128 4127
f 4046 4047 4129
f 4046 4129 4128
f 4047 4048 4130
f 4047 4130 4129
f 4048 4049 4131
f 4048 4131 4130
f 4049 4050 4132
f 4049 4132 4131
f 4050 4051 4133
f 4050 4133 4132
f 4051 4052 4134
f 4051 4134 4133
f 4052 4053 4135
f 4052 4135 4134
f 4053 4054 4136
f 4053 4136 4135
f 4054 4055 4137
f 4054 4137 4136
f 4055 4056 4138
f 4055 4138 4137
f 4056 4057 4139
f 4056 4139 4138
f 4057 4058 4140
f 4057 4140 4139
f 4058 4059 4141
f 4058 4141 4140
f 4059 4060 4142
f 4059 4142 4141
f 4060 4061 4143
f 4060 4143 4142
f 4061 4062 4144
f 4061 4144 4143
f 4062 4063 4145
f 4062 4145 4144
f 4063 4064 4146
f 4063 4146 4145
f 4064 4065 4147
f 4064 4147 4146
f 4065 4066 4148
f 4065 4148 4147
f 4066 4067 4149
f 4066 4149 4148
f 4067 4068 4150
f 4067 4150 4149
f 4068 4069 4151
f 4068 4151 4150
f 4069 4070 4152
f 4069 4152 4151
f 4070 4071 4153
f 4070 4153 4152
f 4071 4072 4154
f 4071 4154 4153
f 4072 4073 4155
f 4072 4155 4154
f 4073 4074 4156
f 4073 4156 4155
f 4074 4075 4157
f 4074 4157 4156
f 4075 4076 4158
f 4075 4158 4157
f 4076 4077 4159
f 4076 4159 4158
f 4077 4078 4160
f 4077 4160 4159
f 4078 4079 4161
f 4078 4161 4160
f 4079 4080 4162
f 4079 4162 4161
f 4080 4081 4163
f 4080 4163 4162
f 4081 4082 4164
f 4081 4164 4163
f 4082 4083 4165
f 4082 4165 4164
f 4083 4084 4166
f 4083 4166 4165
f 4084 4085 4167
f 4084 4167 4166
f 4085 4086 4168
f 4085 4168 4167
f 4086 4087 4169
f 4086 4169 4168
f 4087 4088 4170
f 4087 4170 4169
f 4088 4089 4171
f 4088 4171 4170
f 4089 4090 4172
f 4089 4172 4171
f 4091 4092 4173
f 4092 4093 4174
f 4092 4174 4173
f 4093 4094 4175
f 4093 4175 4174
f 4094 4095 4176
f 4094 4176 4175
f 4095 4096 4177
f 4095 4177 4176
f 4096 4097 4178
f 4096 4178 4177
f 4097 4098 4179
f 4097 4179 4178
f 4098 4099 4180
f 4098 4180 4179
f 4099 4018 4100
f 4099 4100 4180
f 4100 4101 4182
f 4100 4182 4181
f 4101 4102 4183
f 4101 4183 4182
f 4102 4103 4184
f 4102 4184 4183
f 4103 4104 4185
f 4103 4185 4184
f 4104 4105 4186
f 4104 4186 4185
f 4105 4106 4187
f 4105 4187 4186
f 4106 4107 4188
f 4106 4188 4187
f 4107 4108 4189
f 4107 4189 4188
f 4108 4109 4190
f 4108 4190 4189
f 4109 4110 4191
f 4109 4191 4190
f 4110 4111 4192
f 4110 4192 4191
f 4111 4112 4193
f 4111 4193 4192
f 4112 4113 4194
f 4112 4194 4193
f 4113 4114 4195
f 4113 4195 4194
f 4114 4115 4196
f 4114 4196 4195
f 4115 4116 4197
f 4115 4197 4196
f 4116 4117 4198
f 4116 4198 4197
f 4117 4118 4199
f 4117 4199 4198
f 4118 4119 4200
f 4118 4200 4199
f 4119 4120 4201
f 4119 4201 4200
f 4120 4121 4202
f 4120 4202 4201
f 4121 4122 4203
f 4121 4203 4202
f 4122 4123 4204
f 4122 4204 4203
f 4123 4124 4205
f 4123 4205 4204
f 4124 4125 4206
f 4124 4206 4205
f 4125 4126 4207
f 4125 4207 4206
f 4126 4127 4208
f 4126 4208 4207
f 4127 4128 4209
f 4127 4209 4208
f 4128 4129 4210
f 4128 4210 4209
f 4129 4130 4211
f 4129 4211 4210
f 4130 4131 4212
f 4130 4212 4211
f 4131 4132 4213
f 4131 4213 4212
f 4132 4133 4214
f 4132 4214 4213
f 4133 4134 4215
f 4133 4215 4214
f 4134 4135 4216
f 4134 4216 4215
f 4135 4136 4217
f 4135 4217 4216
f 4136 4137 4218
f 4136 4218 4217
f 4137 4138 4219
f 4137 4219 4218
f 4138 4139 4220
f 4138 4220 4219
f 4139 4140 4221
f 4139 4221 4220
f 4140 4141 4222
f 4140 4222 4221
f 4141 4142 4223
f 4141 4223 4222
f 4142 4143 4224
f 4142 4224 4223
f 4143 4144 4225
f 4143 4225 4224
f 4144 4145 4226
f 4144 4226 4225
f 4145 4146 4227
f 4145 4227 4226
f 4146 4147 4228
f 4146 4228 4227
f 4147 4148 4229
f 4147 4229 4228
f 4148 4149 4230
f 4148 4230 4229
f 4149 4150 4231
f 4149 4231 4230
f 4150 4151 4232
f 4150 4232 4231
f 4151 4152 4233
f 4151 4233 4232
f 4152 4153 4234
f 4152 4234 4233
f 4153 4154 4235
f 4153 4235 4234
f 4154 4155 4236
f 4154 4236 4235
f 4155 4156 4237
f 4155 4237 4236
f 4156 4157 4238
f 4156 4238 4237
f 4157 4158 4239
f 4157 4239 4238
f 4158 4159 4240
f 4158 4240 4239
f 4159 4160 4241
f 4159 4241 4240
f 4160 4161 4242
f 4160 4242 4241
f 4161 4162 4243
f 4161 4243 4242
f 4162 4163 4244
f 4162 4244 4243
f 4163 4164 4245
f 4163 4245 4244
f 4164 4165 4246
f 4164 4246 4245
f 4165 4166 4247
f 4165 4247 4246
f 4166 4167 4248
f 4166 4248 4247
f 4167 4168 4249
f 4167 4249 4248
f 4168 4169 4250
f 4168 4250 4249
f 4169 4170 4251
f 4169 4251 4250
f 4170 4171 4252
f 4170 4252 4251
f 4171 4172 4253
f 4171 4253 4252
f 4173 4174 4255
f 4173 4255 4254
f 4174 4175 4256
f 4174 4256 4255
f 4175 4176 4257
f 4175 4257 4256
f 4176 4177 4258
f 4176 4258 4257
f 4177 4178 4259
f 4177 4259 4258
f 4178 4179 4260
f 4178 4260 4259
f 4179 4180 4261
f 4179 4261 4260
f 4180 4100 4181
f 4180 4181 4261
f 4181 4182 4263
f 4181 4263 4262
f 4182 4183 4264
f 4182 4264 4263
f 4183 4184 4265
f 4183 4265 4264
f 4184 4185 4266
f 4184 4266 4265
f 4185 4186 4267
f 4185 4267 4266
f 4186 4187 4268
f 4186 4268 4267
f 4187 4188 4269
f 4187 4269 4268
f 4188 4189 4270
f 4188 4270 4269
f 4189 4190 4271
f 4189 4271 4270
f 4190 4191 4272
f 4190 4272 4271
f 4191 4192 4273
f 4191 4273 4272
f 4192 4193 4274
f 4192 4274 4273
f 4193 4194 4275
f 4193 4275 4274
f 4194 4195 4276
f 4194 4276 4275
f 4195 4196 4277
f 4195 4277 4276
f 4196 4197 4278
f 4196 4278 4277
f 4197 4198 4279
f 4197 4279 4278
f 4198 4199 4280
f 4198 4280 4279
f 4199 4200 4281
f 4199 4281 4280
f 4200 4201 4282
f 4200 4282 4281
f 4201 4202 4283
f 4201 4283 4282
f 4202 4203 4284
f 4202 4284 4283
f 4203 4204 4285
f 4203 4285 4284
f 4204 4205 4286
f 4204 4286 4285
f 4205 4206 4287
f 4205 4287 4286
f 4206 4207 4288
f 4206 4288 4287
f 4207 4208 4289
f 4207 4289 4288
f 4208 4209 4290
f 4208 4290 4289
f 4209 4210 4291
f 4209 4291 4290
f 4210 4211 4292
f 4210 4292 4291
f 4211 4212 4293
f 4211 4293 4292
f 4212 4213 4294
f 4212 4294 4293
f 4213 4214 4295
f 4213 4295 4294
f 4214 4215 4296
f 4214 4296 4295
f 4215 4216 4297
f 4215 4297 4296
f 4216 4217 4298
f 4216 4298 4297
f 4217 4218 4299
f 4217 4299 4298
f 4218 4219 4300
f 4218 4300 4299
f 4219 4220 4301
f 4219 4301 4300
f 4220 4221 4302
f 4220 4302 4301
f 4221 4222 4303
f 4221 4303 4302
f 4222 4223 4304
f 4222 4304 4303
f 4223 4224 4305
f 4223 4305 4304
f 4224 4225 4306
f 4224 4306 4305
f 4225 4226 4307
f 4225 4307 4306
f 4226 4227 4308
f 4226 4308 4307
f 4227 4228 4309
f 4227 4309 4308
f 4228 4229 4310
f 4228 4310 4309
f 4229 4230 4311
f 4229 4311 4310
f 4230 4231 4312
f 4230 4312 4311
f 4231 4232 4313
f 4231 4313 4312
f 4232 4233 4314
f 4232 4314 4313
f 4233 4234 4315
f 4233 4315 4314
f 4234 4235 4316
f 4234 4316 4315
f 4235 4236 4317
f 4235 4317 4316
f 4236 4237 4318
f 4236 4318 4317
f 4237 4238 4319
f 4237 4319 4318
f 4238 4239 4320
f 4238 4320 4319
f 4239 4240 4321
f 4239 4321 4320
f 4240 4241 4322
f 4240 4322 4321
f 4241 4242 4323
f 4241 4323 4322
f 4242 4243 4324
f 4242 4324 4323
f 4243 4244 4325
f 4243 4325 4324
f 4244 4245 4326
f 4244 4326 4325
f 4245 4246 4327
f 4245 4327 4326
f 4246 4247 4328
f 4246 4328 4327
f 4247 4248 4329
f 4247 4329 4328
f 4248 4249 4330
f 4248 4330 4329
f 4249 4250 4331
f 4249 4331 4330
f 4250 4251 4332
f 4250 4332 4331
f 4251 4252 4333
f 4251 4333 4332
f 4252 4253 4334
f 4252 4334 4333
f 4254 4255 4336
f 4254 4336 4335
f 4255 4256 4337
f 4255 4337 4336
f 4256 4257 4338
f 4256 4338 4337
f 4257 4258 4339
f 4257 4339 4338
f 4258 4259 4340
f 4258 4340 4339
f 4259 4260 4341
f 4259 4341 4340
f 4260 4261 4342
f 4260 4342 4341
f 4261 4181 4262
f 4261 4262 4342
f 4262 4263 4344
f 4262 4344 4343
f 4263 4264 4345
f 4263 4345 4344
f 4264 4265 4346
f 4264 4346 4345
f 4265 4266 4347
f 4265 4347 4346
f 4266 4267 4348
f 4266 4348 4347
f 4267 4268 4349
f 4267 4349 4348
f 4268 4269 4350
f 4268 4350 4349
f 4269 4270 4351
f 4269 4351 4350
f 4270 4271 4352
f 4270 4352 4351
f 4271 4272 4353
f 4271 4353 4352
f 4272 4273 4354
f 4272 4354 4353
f 4273 4274 4355
f 4273 4355 4354
f 4274 4275 4356
f 4274 4356 4355
f 4275 4276 4357
f 4275 4357 4356
f 4276 4277 4358
f 4276 4358 4357
f 4277 4278 4359
f 4277 4359 4358
f 4278 4279 4360
f 4278 4360 4359
f 4279 4280 4361
f 4279 4361 4360
f 4280 4281 4362
f 4280 4362 4361
f 4281 4282 4363
f 4281 4363 4362
f 4282 4283 4364
f 4282 4364 4363
f 4283 4284 4365
f 4283 4365 4364
f 4284 4285 4366
f 4284 4366 4365
f 4285 4286 4367
f 4285 4367 4366
f 4286 4287 4368
f 4286 4368 4367
f 4287 4288 4369
f 4287 4369 4368
f 4288 4289 4370
f 4288 4370 4369
f 4289 4290 4371
f 4289 4371 4370
f 4290 4291 4372
f 4290 4372 4371
f 4291 4292 4373
f 4291 4373 4372
f 4292 4293 4374
f 4292 4374 4373
f 4293 4294 4375
f 4293 4375 4374
f 4294 4295 4376
f 4294 4376 4375
f 4295 4296 4377
f 4295 4377 4376
f 4296 4297 4378
f 4296 4378 4377
f 4297 4298 4379
f 4297 4379 4378
f 4298 4299 4380
f 4298 4380 4379
f 4299 4300 4381
f 4299 4381 4380
f 4300 4301 4382
f 4300 4382 4381
f 4301 4302 4383
f 4301 4383 4382
f 4302 4303 4384
f 4302 4384 4383
f 4303 4304 4385
f 4303 4385 4384
f 4304 4305 4386
f 4304 4386 4385
f 4305 4306 4387
f 4305 4387 4386
f 4306 4307 4388
f 4306 4388 4387
f 4307 4308 4389
f 4307 4389 4388
f 4308 4309 4390
f 4308 4390 4389
f 4309 4310 4391
f 4309 4391 4390
f 4310 4311 4392
f 4310 4392 4391
f 4311 4312 4393
f 4311 4393 4392
f 4312 4313 4394
f 4312 4394 4393
f 4313 4314 4395
f 4313 4395 4394
f 4314 4315 4396
f 4314 4396 4395
f 4315 4316 4397
f 4315 4397 4396
f 4316 4317 4398
f 4316 4398 4397
f 4317 4318 4399
f 4317 4399 4398
f 4318 4319 4400
f 4318 4400 4399
f 4319 4320 4401
f 4319 4401 4400
f 4320 4321 4402
f 4320 4402 4401
f 4321 4322 4403
f 4321 4403 4402
f 4322 4323 4404
f 4322 4404 4403
f 4323 4324 4405
f 4323 4405 4404
f 4324 4325 4406
f 4324 4406 4405
f 4325 4326 4407
f 4325 4407 4406
f 4326 4327 4408
f 4326 4408 4407
f 4327 4328 4409
f 4327 4409 4408
f 4328 4329 4410
f 4328 4410 4409
f 4329 4330 4411
f 4329 4411 4410
f 4330 4331 4412
f 4330 4412 4411
f 4331 4332 4413
f 4331 4413 4412
f 4332 4333 4414
f 4332 4414 4413
f 4333 4334 4415
f 4333 4415 4414
f 4335 4336 4417
f 4335 4417 4416
f 4336 4337 4418
f 4336 4418 4417
f 4337 4338 4419
f 4337 4419 4418
f 4338 4339 4420
f 4338 4420 4419
f 4339 4340 4421
f 4339 4421 4420
f 4340 4341 4422
f 4340 4422 4421
f 4341 4342 4423
f 4341 4423 4422
f 4342 4262 4343
f 4342 4343 4423
f 4343 4344 4425
f 4343 4425 4424
f 4344 4345 4426
f 4344 4426 4425
f 4345 4346 4427
f 4345 4427 4426
f 4346 4347 4428
f 4346 4428 4427
f 4347 4348 4429
f 4347 4429 4428
f 4348 4349 4430
f 4348 4430 4429
f 4349 4350 4431
f 4349 4431 4430
f 4350 4351 4432
f 4350 4432 4431
f 4351 4352 4433
f 4351 4433 4432
f 4352 4353 4434
f 4352 4434 4433
f 4353 4354 4435
f 4353 4435 4434
f 4354 4355 4436
f 4354 4436 4435
f 4355 4356 4437
f 4355 4437 4436
f 4356 4357 4438
f 4356 4438 4437
f 4357 4358 4439
f 4357 4439 4438
f 4358 4359 4440
f 4358 4440 4439
f 4359 4360 4441
f 4359 4441 4440
f 4360 4361 4442
f 4360 4442 4441
f 4361 4362 4443
f 4361 4443 4442
f 4362 4363 4444
f 4362 4444 4443
f 4363 4364 4445
f 4363 4445 4444
f 4364 4365 4446
f 4364 4446 4445
f 4365 4366 4447
f 4365 4447 4446
f 4366 4367 4448
f 4366 4448 4447
f 4367 4368 4449
f 4367 4449 4448
f 4368 4369 4450
f 4368 4450 4449
f 4369 4370 4451
f 4369 4451 4450
f 4370 4371 4452
f 4370 4452 4451
f 4371 4372 4453
f 4371 4453 4452
f 4372 4373 4454
f 4372 4454 4453
f 4373 4374 4455
f 4373 4455 4454
f 4374 4375 4456
f 4374 4456 4455
f 4375 4376 4457
f 4375 4457 4456
f 4376 4377 4458
f 4376 4458 4457
f 4377 4378 4459
f 4377 4459 4458
f 4378 4379 4460
f 4378 4460 4459
f 4379 4380 4461
f 4379 4461 4460
f 4380 4381 4462
f 4380 4462 4461
f 4381 4382 4463
f 4381 4463 4462
f 4382 4383 4464
f 4382 4464 4463
f 4383 4384 4465
f 4383 4465 4464
f 4384 4385 4466
f 4384 4466 4465
f 4385 4386 4467
f 4385 4467 4466
f 4386 4387 4468
f 4386 4468 4467
f 4387 4388 4469
f 4387 4469 4468
f 4388 4389 4470
f 4388 4470 4469
f 4389 4390 4471
f 4389 4471 4470
f 4390 4391 4472
f 4390 4472 4471
f 4391 4392 4473
f 4391 4473 4472
f 4392 4393 4474
f 4392 4474 4473
f 4393 4394 4475
f 4393 4475 4474
f 4394 4395 4476
f 4394 4476 4475
f 4395 4396 4477
f 4395 4477 4476
f 4396 4397 4478
f 4396 4478 4477
f 4397 4398 4479
f 4397 4479 4478
f 4398 4399 4480
f 4398 4480 4479
f 4399 4400 4481
f 4399 4481 4480
f 4400 4401 4482
f 4400 4482 4481
f 4401 4402 4483
f 4401 4483 4482
f 4402 4403 4484
f 4402 4484 4483
f 4403 4404 4485
f 4403 4485 4484
f 4404 4405 4486
f 4404 4486 4485
f 4405 4406 4487
f 4405 4487 4486
f 4406 4407 4488
f 4406 4488 4487
f 4407 4408 4489
f 4407 4489 4488
f 4408 4409 4490
f 4408 4490 4489
f 4409 4410 4491
f 4409 4491 4490
f 4410 4411 4492
f 4410 4492 4491
f 4411 4412 4493
f 4411 4493 4492
f 4412 4413 4494
f 4412 4494 4493
f 4413 4414 4495
f 4413 4495 4494
f 4414 4415 4496
f 4414 4496 4495
f 4416 4417 4498
f 4416 4498 4497
f 4417 4418 4499
f 4417 4499 4498
f 4418 4419 4500
f 4418 4500 4499
f 4419 4420 4501
f 4419 4501 4500
f 4420 4421 4502
f 4420 4502 4501
f 4421 4422 4503
f 4421 4503 4502
f 4422 4423 4504
f 4422 4504 4503
f 4423 4343 4424
f 4423 4424 4504
f 4424 4425 4506
f 4424 4506 4505
f 4425 4426 4507
f 4425 4507 4506
f 4426 4427 4508
f 4426 4508 4507
f 4427 4428 4509
f 4427 4509 4508
f 4428 4429 4510
f 4428 4510 4509
f 4429 4430 4511
f 4429 4511 4510
f 4430 4431 4512
f 4430 4512 4511
f 4431 4432 4513
f 4431 4513 4512
f 4432 4433 4514
f 4432 4514 4513
f 4433 4434 4515
f 4433 4515 4514
f 4434 4435 4516
f 4434 4516 4515
f 4435 4436 4517
f 4435 4517 4516
f 4436 4437 4518
f 4436 4518 4517
f 4437 4438 4519
f 4437 4519 4518
f 4438 4439 4520
f 4438 4520 4519
f 4439 4440 4521
f 4439 4521 4520
f 4440 4441 4522
f 4440 4522 4521
f 4441 4442 4523
f 4441 4523 4522
f 4442 4443 4524
f 4442 4524 4523
f 4443 4444 4525
f 4443 4525 4524
f 4444 4445 4526
f 4444 4526 4525
f 4445 4446 4527
f 4445 4527 4526
f 4446 4447 4528
f 4446 4528 4527
f 4447 4448 4529
f 4447 4529 4528
f 4448 4449 4530
f 4448 4530 4529
f 4449 4450 4531
f 4449 4531 4530
f 4450 4451 4532
f 4450 4532 4531
f 4451 4452 4533
f 4451 4533 4532
f 4452 4453 4534
f 4452 4534 4533
f 4453 4454 4535
f 4453 4535 4534
f 4454 4455 4536
f 4454 4536 4535
f 4455 4456 4537
f 4455 4537 4536
f 4456 4457 4538
f 4456 4538 4537
f 4457 4458 4539
f 4457 4539 4538
f 4458 4459 4540
f 4458 4540 4539
f 4459 4460 4541
f 4459 4541 4540
f 4460 4461 4542
f 4460 4542 4541
f 4461 4462 4543
f 4461 4543 4542
f 4462 4463 4544
f 4462 4544 4543
f 4463 4464 4545
f 4463 4545 4544
f 4464 4465 4546
f 4464 4546 4545
f 4465 4466 4547
f 4465 4547 4546
f 4466 4467 4548
f 4466 4548 4547
f 4467 4468 4549
f 4467 4549 4548
f 4468 4469 4550
f 4468 4550 4549
f 4469 4470 4551
f 4469 4551 4550
f 4470 4471 4552
f 4470 4552 4551
f 4471 4472 4553
f 4471 4553 4552
f 4472 4473 4554
f 4472 4554 4553
f 4473 4474 4555
f 4473 4555 4554
f 4474 4475 4556
f 4474 4556 4555
f 4475 4476 4557
f 4475 4557 4556
f 4476 4477 4558
f 4476 4558 4557
f 4477 4478 4559
f 4477 4559 4558
f 4478 4479 4560
f 4478 4560 4559
f 4479 4480 4561
f 4479 4561 4560
f 4480 4481 4562
f 4480 4562 4561
f 4481 4482 4563
f 4481 4563 4562
f 4482 4483 4564
f 4482 4564 4563
f 4483 4484 4565
f 4483 4565 4564
f 4484 4485 4566
f 4484 4566 4565
f 4485 4486 4567
f 4485 4567 4566
f 4486 4487 4568
f 4486 4568 4567
f 4487 4488 4569
f 4487 4569 4568
f 4488 4489 4570
f 4488 4570 4569
f 4489 4490 4571
f 4489 4571 4570
f 4490 4491 4572
f 4490 4572 4571
f 4491 4492 4573
f 4491 4573 4572
f 4492 4493 4574
f 4492 4574 4573
f 4493 4494 4575
f 4493 4575 4574
f 4494 4495 4576
f 4494 4576 4575
f 4495 4496 4577
f 4495 4577 4576
f 4497 4498 4579
f 4497 4579 4578
f 4498 4499 4580
f 4498 4580 4579
f 4499 4500 4581
f 4499 4581 4580
f 4500 4501 4582
f 4500 4582 4581
f 4501 4502 4583
f 4501 4583 4582
f 4502 4503 4584
f 4502 4584 4583
f 4503 4504 4585
f 4503 4585 4584
f 4504 4424 4505
f 4504 4505 4585
f 4505 4506 4587
f 4505 4587 4586
f 4506 4507 4588
f 4506 4588 4587
f 4507 4508 4589
f 4507 4589 4588
f 4508 4509 4590
f 4508 4590 4589
f 4509 4510 4591
f 4509 4591 4590
f 4510 4511 4592
f 4510 4592 4591
f 4511 4512 4593
f 4511 4593 4592
f 4512 4513 4594
f 4512 4594 4593
f 4513 4514 4595
f 4513 4595 4594
f 4514 4515 4596
f 4514 4596 4595
f 4515 4516 4597
f 4515 4597 4596
f 4516 4517 4598
f 4516 4598 4597
f 4517 4518 4599
f 4517 4599 4598
f 4518 4519 4600
f 4518 4600 4599
f 4519 4520 4601
f 4519 4601 4600
f 4520 4521 4602
f 4520 4602 4601
f 4521 4522 4603
f 4521 4603 4602
f 4522 4523 4604
f 4522 4604 4603
f 4523 4524 4605
f 4523 4605 4604
f 4524 4525 4606
f 4524 4606 4605
f 4525 4526 4607
f 4525 4607 4606
f 4526 4527 4608
f 4526 4608 4607
f 4527 4528 4609
f 4527 4609 4608
f 4528 4529 4610
f 4528 4610 4609
f 4529 4530 4611
f 4529 4611 4610
f 4530 4531 4612
f 4530 4612 4611
f 4531 4532 4613
f 4531 4613 4612
f 4532 4533 4614
f 4532 4614 4613
f 4533 4534 4615
f 4533 4615 4614
f 4534 4535 4616
f 4534 4616 4615
f 4535 4536 4617
f 4535 4617 4616
f 4536 4537 4618
f 4536 4618 4617
f 4537 4538 4619
f 4537 4619 4618
f 4538 4539 4620
f 4538 4620 4619
f 4539 4540 4621
f 4539 4621 4620
f 4540 4541 4622
f 4540 4622 4621
f 4541 4542 4623
f 4541 4623 4622
f 4542 4543 4624
f 4542 4624 4623
f 4543 4544 4625
f 4543 4625 4624
f 4544 4545 4626
f 4544 4626 4625
f 4545 4546 4627
f 4545 4627 4626
f 4546 4547 4628
f 4546 4628 4627
f 4547 4548 4629
f 4547 4629 4628
f 4548 4549 4630
f 4548 4630 4629
f 4549 4550 4631
f 4549 4631 4630
f 4550 4551 4632
f 4550 4632 4631
f 4551 4552 4633
f 4551 4633 4632
f 4552 4553 4634
f 4552 4634 4633
f 4553 4554 4635
f 4553 4635 4634
f 4554 4555 4636
f 4554 4636 4635
f 4555 4556 4637
f 4555 4637 4636
f 4556 4557 4638
f 4556 4638 4637
f 4557 4558 4639
f 4557 4639 4638
f 4558 4559 4640
f 4558 4640 4639
f 4559 4560 4641
f 4559 4641 4640
f 4560 4561 4642
f 4560 4642 4641
f 4561 4562 4643
f 4561 4643 4642
f 4562 4563 4644
f 4562 4644 4643
f 4563 4564 4645
f 4563 4645 4644
f 4564 4565 4646
f 4564 4646 4645
f 4565 4566 4647
f 4565 4647 4646
f 4566 4567 4648
f 4566 4648 4647
f 4567 4568 4649
f 4567 4649 4648
f 4568 4569 4650
f 4568 4650 4649
f 4569 4570 4651
f 4569 4651 4650
f 4570 4571 4652
f 4570 4652 4651
f 4571 4572 4653
f 4571 4653 4652
f 4572 4573 4654
f 4572 4654 4653
f 4573 4574 4655
f 4573 4655 4654
f 4574 4575 4656
f 4574 4656 4655
f 4575 4576 4657
f 4575 4657 4656
f 4576 4577 4658
f 4576 4658 4657
f 4578 4579 4660
f 4578 4660 4659
f 4579 4580 4661
f 4579 4661 4660
f 4580 4581 4662
f 4580 4662 4661
f 4581 4582 4663
f 4581 4663 4662
f 4582 4583 4664
f 4582 4664 4663
f 4583 4584 4665
f 4583 4665 4664
f 4584 4585 4666
f 4584 4666 4665
f 4585 4505 4586
f 4585 4586 4666
f 4586 4587 4668
f 4586 4668 4667
f 4587 4588 4669
f 4587 4669 4668
f 4588 4589 4670
f 4588 4670 4669
f 4589 4590 4671
f 4589 4671 4670
f 4590 4591 4672
f 4590 4672 4671
f 4591 4592 4673
f 4591 4673 4672
f 4592 4593 4674
f 4592 4674 4673
f 4593 4594 4675
f 4593 4675 4674
f 4594 4595 4676
f 4594 4676 4675
f 4595 4596 4677
f 4595 4677 4676
f 4596 4597 4678
f 4596 4678 4677
f 4597 4598 4679
f 4597 4679 4678
f 4598 4599 4680
f 4598 4680 4679
f 4599 4600 4681
f 4599 4681 4680
f 4600 4601 4682
f 4600 4682 4681
f 4601 4602 4683
f 4601 4683 4682
f 4602 4603 4684
f 4602 4684 4683
f 4603 4604 4685
f 4603 4685 4684
f 4604 4605 4686
f 4604 4686 4685
f 4605 4606 4687
f 4605 4687 4686
f 4606 4607 4688
f 4606 4688 4687
f 4607 4608 4689
f 4607 4689 4688
f 4608 4609 4690
f 4608 4690 4689
f 4609 4610 4691
f 4609 4691 4690
f 4610 4611 4692
f 4610 4692 4691
f 4611 4612 4693
f 4611 4693 4692
f 4612 4613 4694
f 4612 4694 4693
f 4613 4614 4695
f 4613 4695 4694
f 4614 4615 4696
f 4614 4696 4695
f 4615 4616 4697
f 4615 4697 4696
f 4616 4617 4698
f 4616 4698 4697
f 4617 4618 4699
f 4617 4699 4698
f 4618 4619 4700
f 4618 4700 4699
f 4619 4620 4701
f 4619 4701 4700
f 4620 4621 4702
f 4620 4702 4701
f 4621 4622 4703
f 4621 4703 4702
f 4622 4623 4704
f 4622 4704 4703
f 4623 4624 4705
f 4623 4705 4704
f 4624 4625 4706
f 4624 4706 4705
f 4625 4626 4707
f 4625 4707 4706
f 4626 4627 4708
f 4626 4708 4707
f 4627 4628 4709
f 4627 4709 4708
f 4628 4629 4710
f 4628 4710 4709
f 4629 4630 4711
f 4629 4711 4710
f 4630 4631 4712
f 4630 4712 4711
f 4631 4632 4713
f 4631 4713 4712
f 4632 4633 4714
f 4632 4714 4713
f 4633 4634 4715
f 4633 4715 4714
f 4634 4635 4716
f 4634 4716 4715
f 4635 4636 4717
f 4635 4717 4716
f 4636 4637 4718
f 4636 4718 4717
f 4637 4638 4719
f 4637 4719 4718
f 4638 4639 4720
f 4638 4720 4719
f 4639 4640 4721
f 4639 4721 4720
f 4640 4641 4722
f 4640 4722 4721
f 4641 4642 4723
f 4641 4723 4722
f 4642 4643 4724
f 4642 4724 4723
f 4643 4644 4725
f 4643 4725 4724
f 4644 4645 4726
f 4644 4726 4725
f 4645 4646 4727
f 4645 4727 4726
f 4646 4647 4728
f 4646 4728 4727
f 4647 4648 4729
f 4647 4729 4728
f 4648 4649 4730
f 4648 4730 4729
f 4649 4650 4731
f 4649 4731 4730
f 4650 4651 4732
f 4650 4732 4731
f 4651 4652 4733
f 4651 4733 4732
f 4652 4653 4734
f 4652 4734 4733
f 4653 4654 4735
f 4653 4735 4734
f 4654 4655 4736
f 4654 4736 4735
f 4655 4656 4737
f 4655 4737 4736
f 4656 4657 4738
f 4656 4738 4737
f 4657 4658 4739
f 4657 4739 4738
f 4659 4660 4741
f 4659 4741 4740
f 4660 4661 4742
f 4660 4742 4741
f 4661 4662 4743
f 4661 4743 4742
f 4662 4663 4744
f 4662 4744 4743
f 4663 4664 4745
f 4663 4745 4744
f 4664 4665 4746
f 4664 4746 4745
f 4665 4666 4747
f 4665 4747 4746
f 4666 4586 4667
f 4666 4667 4747
f 4667 4668 4749
f 4667 4749 4748
f 4668 4669 4750
f 4668 4750 4749
f 4669 4670 4751
f 4669 4751 4750
f 4670 4671 4752
f 4670 4752 4751
f 4671 4672 4753
f 4671 4753 4752
f 4672 4673 4754
f 4672 4754 4753
f 4673 4674 4755
f 4673 4755 4754
f 4674 4675 4756
f 4674 4756 4755
f 4675 4676 4757
f 4675 4757 4756
f 4676 4677 4758
f 4676 4758 4757
f 4677 4678 4759
f 4677 4759 4758
f 4678 4679 4760
f 4678 4760 4759
f 4679 4680 4761
f 4679 4761 4760
f 4680 4681 4762
f 4680 4762 4761
f 4681 4682 4763
f 4681 4763 4762
f 4682 4683 4764
f 4682 4764 4763
f 4683 4684 4765
f 4683 4765 4764
f 4684 4685 4766
f 4684 4766 4765
f 4685 4686 4767
f 4685 4767 4766
f 4686 4687 4768
f 4686 4768 4767
f 4687 4688 4769
f 4687 4769 4768
f 4688 4689 4770
f 4688 4770 4769
f 4689 4690 4771
f 4689 4771 4770
f 4690 4691 4772
f 4690 4772 4771
f 4691 4692 4773
f 4691 4773 4772
f 4692 4693 4774
f 4692 4774 4773
f 4693 4694 4775
f 4693 4775 4774
f 4694 4695 4776
f 4694 4776 4775
f 4695 4696 4777
f 4695 4777 4776
f 4696 4697 4778
f 4696 4778 4777
f 4697 4698 4779
f 4697 4779 4778
f 4698 4699 4780
f 4698 4780 4779
f 4699 4700 4781
f 4699 4781 4780
f 4700 4701 4782
f 4700 4782 4781
f 4701 4702 4783
f 4701 4783 4782
f 4702 4703 4784
f 4702 4784 4783
f 4703 4704 4785
f 4703 4785 4784
f 4704 4705 4786
f 4704 4786 4785
f 4705 4706 4787
f 4705 4787 4786
f 4706 4707 4788
f 4706 4788 4787
f 4707 4708 4789
f 4707 4789 4788
f 4708 4709 4790
f 4708 4790 4789
f 4709 4710 4791
f 4709 4791 4790
f 4710 4711 4792
f 4710 4792 4791
f 4711 4712 4793
f 4711 4793 4792
f 4712 4713 4794
f 4712 4794 4793
f 4713 4714 4795
f 4713 4795 4794
f 4714 4715 4796
f 4714 4796 4795
f 4715 4716 4797
f 4715 4797 4796
f 4716 4717 4798
f 4716 4798 4797
f 4717 4718 4799
f 4717 4799 4798
f 4718 4719 4800
f 4718 4800 4799
f 4719 4720 4801
f 4719 4801 4800
f 4720 4721 4802
f 4720 4802 4801
f 4721 4722 4803
f 4721 4803 4802
f 4722 4723 4804
f 4722 4804 4803
f 4723 4724 4805
f 4723 4805 4804
f 4724 4725 4806
f 4724 4806 4805
f 4725 4726 4807
f 4725 4807 4806
f 4726 4727 4808
f 4726 4808 4807
f 4727 4728 4809
f 4727 4809 4808
f 4728 4729 4810
f 4728 4810 4809
f 4729 4730 4811
f 4729 4811 4810
f 4730 4731 4812
f 4730 4812 4811
f 4731 4732 4813
f 4731 4813 4812
f 4732 4733 4814
f 4732 4814 4813
f 4733 4734 4815
f 4733 4815 4814
f 4734 4735 4816
f 4734 4816 4815
f 4735 4736 4817
f 4735 4817 4816
f 4736 4737 4818
f 4736 4818 4817
f 4737 4738 4819
f 4737 4819 4818
f 4738 4739 4820
f 4738 4820 4819
f 4740 4741 4822
f 4740 4822 4821
f 4741 4742 4823
f 4741 4823 4822
f 4742 4743 4824
f 4742 4824 4823
f 4743 4744 4825
f 4743 4825 4824
f 4744 4745 4826
f 4744 4826 4825
f 4745 4746 4827
f 4745 4827 4826
f 4746 4747 4828
f 4746 4828 4827
f 4747 4667 4748
f 4747 4748 4828
f 4748 4749 4830
f 4748 4830 4829
f 4749 4750 4831
f 4749 4831 4830
f 4750 4751 4832
f 4750 4832 4831
f 4751 4752 4833
f 4751 4833 4832
f 4752 4753 4834
f 4752 4834 4833
f 4753 4754 4835
f 4753 4835 4834
f 4754 4755 4836
f 4754 4836 4835
f 4755 4756 4837
f 4755 4837 4836
f 4756 4757 4838
f 4756 4838 4837
f 4757 4758 4839
f 4757 4839 4838
f 4758 4759 4840
f 4758 4840 4839
f 4759 4760 4841
f 4759 4841 4840
f 4760 4761 4842
f 4760 4842 4841
f 4761 4762 4843
f 4761 4843 4842
f 4762 4763 4844
f 4762 4844 4843
f 4763 4764 4845
f 4763 4845 4844
f 4764 4765 4846
f 4764 4846 4845
f 4765 4766 4847
f 4765 4847 4846
f 4766 4767 4848
f 4766 4848 4847
f 4767 4768 4849
f 4767 4849 4848
f 4768 4769 4850
f 4768 4850 4849
f 4769 4770 4851
f 4769 4851 4850
f 4770 4771 4852
f 4770 4852 4851
f 4771 4772 4853
f 4771 4853 4852
f 4772 4773 4854
f 4772 4854 4853
f 4773 4774 4855
f 4773 4855 4854
f 4774 4775 4856
f 4774 4856 4855
f 4775 4776 4857
f 4775 4857 4856
f 4776 4777 4858
f 4776 4858 4857
f 4777 4778 4859
f 4777 4859 4858
f 4778 4779 4860
f 4778 4860 4859
f 4779 4780 4861
f 4779 4861 4860
f 4780 4781 4862
f 4780 4862 4861
f 4781 4782 4863
f 4781 4863 4862
f 4782 4783 4864
f 4782 4864 4863
f 4783 4784 4865
f 4783 4865 4864
f 4784 4785 4866
f 4784 4866 4865
f 4785 4786 4867
f 4785 4867 4866
f 4786 4787 4868
f 4786 4868 4867
f 4787 4788 4869
f 4787 4869 4868
f 4788 4789 4870
f 4788 4870 4869
f 4789 4790 4871
f 4789 4871 4870
f 4790 4791 4872
f 4790 4872 4871
f 4791 4792 4873
f 4791 4873 4872
f 4792 4793 4874
f 4792 4874 4873
f 4793 4794 4875
f 4793 4875 4874
f 4794 4795 4876
f 4794 4876 4875
f 4795 4796 4877
f 4795 4877 4876
f 4796 4797 4878
f 4796 4878 4877
f 4797 4798 4879
f 4797 4879 4878
f 4798 4799 4880
f 4798 4880 4879
f 4799 4800 4881
f 4799 4881 4880
f 4800 4801 4882
f 4800 4882 4881
f 4801 4802 4883
f 4801 4883 4882
f 4802 4803 4884
f 4802 4884 4883
f 4803 4804 4885
f 4803 4885 4884
f 4804 4805 4886
f 4804 4886 4885
f 4805 4806 4887
f 4805 4887 4886
f 4806 4807 4888
f 4806 4888 4887
f 4807 4808 4889
f 4807 4889 4888
f 4808 4809 4890
f 4808 4890 4889
f 4809 4810 4891
f 4809 4891 4890
f 4810 4811 4892
f 4810 4892 4891
f 4811 4812 4893
f 4811 4893 4892
f 4812 4813 4894
f 4812 4894 4893
f 4813 4814 4895
f 4813 4895 4894
f 4814 4815 4896
f 4814 4896 4895
f 4815 4816 4897
f 4815 4897 4896
f 4816 4817 4898
f 4816 4898 4897
f 4817 4818 4899
f 4817 4899 4898
f 4818 4819 4900
f 4818 4900 4899
f 4819 4820 4901
f 4819 4901 4900
f 4821 4822 4903
f 4821 4903 4902
f 4822 4823 4904
f 4822 4904 4903
f 4823 4824 4905
f 4823 4905 4904
f 4824 4825 4906
f 4824 4906 4905
f 4825 4826 4907
f 4825 4907 4906
f 4826 4827 4908
f 4826 4908 4907
f 4827 4828 4909
f 4827 4909 4908
f 4828 4748 4829
f 4828 4829 4909
f 4829 4830 4911
f 4829 4911 4910
f 4830 4831 4912
f 4830 4912 4911
f 4831 4832 4913
f 4831 4913 4912
f 4832 4833 4914
f 4832 4914 4913
f 4833 4834 4915
f 4833 4915 4914
f 4834 4835 4916
f 4834 4916 4915
f 4835 4836 4917
f 4835 4917 4916
f 4836 4837 4918
f 4836 4918 4917
f 4837 4838 4919
f 4837 4919 4918
f 4838 4839 4920
f 4838 4920 4919
f 4839 4840 4921
f 4839 4921 4920
f 4840 4841 4922
f 4840 4922 4921
f 4841 4842 4923
f 4841 4923 4922
f 4842 4843 4924
f 4842 4924 4923
f 4843 4844 4925
f 4843 4925 4924
f 4844 4845 4926
f 4844 4926 4925
f 4845 4846 4927
f 4845 4927 4926
f 4846 4847 4928
f 4846 4928 4927
f 4847 4848 4929
f 4847 4929 4928
f 4848 4849 4930
f 4848 4930 4929
f 4849 4850 4931
f 4849 4931 4930
f 4850 4851 4932
f 4850 4932 4931
f 4851 4852 4933
f 4851 4933 4932
f 4852 4853 4934
f 4852 4934 4933
f 4853 4854 4935
f 4853 4935 4934
f 4854 4855 4936
f 4854 4936 4935
f 4855 4856 4937
f 4855 4937 4936
f 4856 4857 4938
f 4856 4938 4937
f 4857 4858 4939
f 4857 4939 4938
f 4858 4859 4940
f 4858 4940 4939
f 4859 4860 4941
f 4859 4941 4940
f 4860 4861 4942
f 4860 4942 4941
f 4861 4862 4943
f 4861 4943 4942
f 4862 4863 4944
f 4862 4944 4943
f 4863 4864 4945
f 4863 4945 4944
f 4864 4865 4946
f 4864 4946 4945
f 4865 4866 4947
f 4865 4947 4946
f 4866 4867 4948
f 4866 4948 4947
f 4867 4868 4949
f 4867 4949 4948
f 4868 4869 4950
f 4868 4950 4949
f 4869 4870 4951
f 4869 4951 4950
f 4870 4871 4952
f 4870 4952 4951
f 4871 4872 4953
f 4871 4953 4952
f 4872 4873 4954
f 4872 4954 4953
f 4873 4874 4955
f 4873 4955 4954
f 4874 4875 4956
f 4874 4956 4955
f 4875 4876 4957
f 4875 4957 4956
f 4876 4877 4958
f 4876 4958 4957
f 4877 4878 4959
f 4877 4959 4958
f 4878 4879 4960
f 4878 4960 4959
f 4879 4880 4961
f 4879 4961 4960
f 4880 4881 4962
f 4880 4962 4961
f 4881 4882 4963
f 4881 4963 4962
f 4882 4883 4964
f 4882 4964 4963
f 4883 4884 4965
f 4883 4965 4964
f 4884 4885 4966
f 4884 4966 4965
f 4885 4886 4967
f 4885 4967 4966
f 4886 4887 4968
f 4886 4968 4967
f 4887 4888 4969
f 4887 4969 4968
f 4888 4889 4970
f 4888 4970 4969
f 4889 4890 4971
f 4889 4971 4970
f 4890 4891 4972
f 4890 4972 4971
f 4891 4892 4973
f 4891 4973 4972
f 4892 4893 4974
f 4892 4974 4973
f 4893 4894 4975
f 4893 4975 4974
f 4894 4895 4976
f 4894 4976 4975
f 4895 4896 4977
f 4895 4977 4976
f 4896 4897 4978
f 4896 4978 4977
f 4897 4898 4979
f 4897 4979 4978
f 4898 4899 4980
f 4898 4980 4979
f 4899 4900 4981
f 4899 4981 4980
f 4900 4901 4982
f 4900 4982 4981
f 4902 4903 4983
f 4903 4904 4984
f 4903 4984 4983
f 4904 4905 4985
f 4904 4985 4984
f 4905 4906 4986
f 4905 4986 4985
f 4906 4907 4987
f 4906 4987 4986
f 4907 4908 4988
f 4907 4988 4987
f 4908 4909 4989
f 4908 4989 4988
f 4909 4829 4910
f 4909 4910 4989
f 4910 4911 4991
f 4910 4991 4990
f 4911 4912 4992
f 4911 4992 4991
f 4912 4913 4993
f 4912 4993 4992
f 4913 4914 4994
f 4913 4994 4993
f 4914 4915 4995
f 4914 4995 4994
f 4915 4916 4996
f 4915 4996 4995
f 4916 4917 4997
f 4916 4997 4996
f 4917 4918 4998
f 4917 4998 4997
f 4918 4919 4999
f 4918 4999 4998
f 4919 4920 5000
f 4919 5000 4999
f 4920 4921 5001
f 4920 5001 5000
f 4921 4922 5002
f 4921 5002 5001
f 4922 4923 5003
f 4922 5003 5002
f 4923 4924 5004
f 4923 5004 5003
f 4924 4925 5005
f 4924 5005 5004
f 4925 4926 5006
f 4925 5006 5005
f 4926 4927 5007
f 4926 5007 5006
f 4927 4928 5008
f 4927 5008 5007
f 4928 4929 5009
f 4928 5009 5008
f 4929 4930 5010
f 4929 5010 5009
f 4930 4931 5011
f 4930 5011 5010
f 4931 4932 5012
f 4931 5012 5011
f 4932 4933 5013
f 4932 5013 5012
f 4933 4934 5014
f 4933 5014 5013
f 4934 4935 5015
f 4934 5015 5014
f 4935 4936 5016
f 4935 5016 5015
f 4936 4937 5017
f 4936 5017 5016
f 4937 4938 5018
f 4937 5018 5017
f 4938 4939 5019
f 4938 5019 5018
f 4939 4940 5020
f 4939 5020 5019
f 4940 4941 5021
f 4940 5021 5020
f 4941 4942 5022
f 4941 5022 5021
f 4942 4943 5023
f 4942 5023 5022
f 4943 4944 5024
f 4943 5024 5023
f 4944 4945 5025
f 4944 5025 5024
f 4945 4946 5026
f 4945 5026 5025
f 4946 4947 5027
f 4946 5027 5026
f 4947 4948 5028
f 4947 5028 5027
f 4948 4949 5029
f 4948 5029 5028
f 4949 4950 5030
f 4949 5030 5029
f 4950 4951 5031
f 4950 5031 5030
f 4951 4952 5032
f 4951 5032 5031
f 4952 4953 5033
f 4952 5033 5032
f 4953 4954 5034
f 4953 5034 5033
f 4954 4955 5035
f 4954 5035 5034
f 4955 4956 5036
f 4955 5036 5035
f 4956 4957 5037
f 4956 5037 5036
f 4957 4958 5038
f 4957 5038 5037
f 4958 4959 5039
f 4958 5039 5038
f 4959 4960 5040
f 4959 5040 5039
f 4960 4961 5041
f 4960 5041 5040
f 4961 4962 5042
f 4961 5042 5041
f 4962 4963 5043
f 4962 5043 5042
f 4963 4964 5044
f 4963 5044 5043
f 4964 4965 5045
f 4964 5045 5044
f 4965 4966 5046
f 4965 5046 5045
f 4966 4967 5047
f 4966 5047 5046
f 4967 4968 5048
f 4967 5048 5047
f 4968 4969 5049
f 4968 5049 5048
f 4969 4970 5050
f 4969 5050 5049
f 4970 4971 5051
f 4970 5051 5050
f 4971 4972 5052
f 4971 5052 5051
f 4972 4973 5053
f 4972 5053 5052
f 4973 4974 5054
f 4973 5054 5053
f 4974 4975 5055
f 4974 5055 5054
f 4975 4976 5056
f 4975 5056 5055
f 4976 4977 5057
f 4976 5057 5056
f 4977 4978 5058
f 4977 5058 5057
f 4978 4979 5059
f 4978 5059 5058
f 4979 4980 5060
f 4979 5060 5059
f 4980 4981 5061
f 4980 5061 5060
f 4983 4984 5063
f 4983 5063 5062
f 4984 4985 5064
f 4984 5064 5063
f 4985 4986 5065
f 4985 5065 5064
f 4986 4987 5066
f 4986 5066 5065
f 4987 4988 5067
f 4987 5067 5066
f 4988 4989 5068
f 4988 5068 5067
f 4989 4910 4990
f 4989 4990 5068
f 4990 4991 5070
f 4990 5070 5069
f 4991 4992 5071
f 4991 5071 5070
f 4992 4993 5072
f 4992 5072 5071
f 4993 4994 5073
f 4993 5073 5072
f 4994 4995 5074
f 4994 5074 5073
f 4995 4996 5075
f 4995 5075 5074
f 4996 4997 5076
f 4996 5076 5075
f 4997 4998 5077
f 4997 5077 5076
f 4998 4999 5078
f 4998 5078 5077
f 4999 5000 5079
f 4999 5079 5078
f 5000 5001 5080
f 5000 5080 5079
f 5001 5002 5081
f 5001 5081 5080
f 5002 5003 5082
f 5002 5082 5081
f 5003 5004 5083
f 5003 5083 5082
f 5004 5005 5084
f 5004 5084 5083
f 5005 5006 5085
f 5005 5085 5084
f 5006 5007 5086
f 5006 5086 5085
f 5007 5008 5087
f 5007 5087 5086
f 5008 5009 5088
f 5008 5088 5087
f 5009 5010 5089
f 5009 5089 5088
f 5010 5011 5090
f 5010 5090 5089
f 5011 5012 5091
f 5011 5091 5090
f 5012 5013 5092
f 5012 5092 5091
f 5013 5014 5093
f 5013 5093 5092
f 5014 5015 5094
f 5014 5094 5093
f 5015 5016 5095
f 5015 5095 5094
f 5016 5017 5096
f 5016 5096 5095
f 5017 5018 5097
f 5017 5097 5096
f 5018 5019 5098
f 5018 5098 5097
f 5019 5020 5099
f 5019 5099 5098
f 5020 5021 5100
f 5020 5100 5099
f 5021 5022 5101
f 5021 5101 5100
f 5022 5023 5102
f 5022 5102 5101
f 5023 5024 5103
f 5023 5103 5102
f 5024 5025 5104
f 5024 5104 5103
f 5025 5026 5105
f 5025 5105 5104
f 5026 5027 5106
f 5026 5106 5105
f 5027 5028 5107
f 5027 5107 5106
f 5028 5029 5108
f 5028 5108 5107
f 5029 5030 5109
f 5029 5109 5108
f 5030 5031 5110
f 5030 5110 5109
f 5031 5032 5111
f 5031 5111 5110
f 5032 5033 5112
f 5032 5112 5111
f 5033 5034 5113
f 5033 5113 5112
f 5034 5035 5114
f 5034 5114 5113
f 5035 5036 5115
f 5035 5115 5114
f 5036 5037 5116
f 5036 5116 5115
f 5037 5038 5117
f 5037 5117 5116
f 5038 5039 5118
f 5038 5118 5117
f 5039 5040 5119
f 5039 5119 5118
f 5040 5041 5120
f 5040 5120 5119
f 5041 5042 5121
f 5041 5121 5120
f 5042 5043 5122
f 5042 5122 5121
f 5043 5044 5123
f 5043 5123 5122
f 5044 5045 5124
f 5044 5124 5123
f 5045 5046 5125
f 5045 5125 5124
f 5046 5047 5126
f 5046 5126 5125
f 5047 5048 5127
f 5047 5127 5126
f 5048 5049 5128
f 5048 5128 5127
f 5049 5050 5129
f 5049 5129 5128
f 5050 5051 5130
f 5050 5130 5129
f 5051 5052 5131
f 5051 5131 5130
f 5052 5053 5132
f 5052 5132 5131
f 5053 5054 5133
f 5053 5133 5132
f 5054 5055 5134
f 5054 5134 5133
f 5055 5056 5135
f 5055 5135 5134
f 5056 5057 5136
f 5056 5136 5135
f 5057 5058 5137
f 5057 5137 5136
f 5058 5059 5138
f 5058 5138 5137
f 5059 5060 5139
f 5059 5139 5138
f 5060 5061 5140
f 5060 5140 5139
f 5062 5063 5142
f 5062 5142 5141
f 5063 5064 5143
f 5063 5143 5142
f 5064 5065 5144
f 5064 5144 5143
f 5065 5066 5145
f 5065 5145 5144
f 5066 5067 5146
f 5066 5146 5145
f 5067 5068 5147
f 5067 5147 5146
f 5068 4990 5069
f 5068 5069 5147
f 5069 5070 5149
f 5069 5149 5148
f 5070 5071 5150
f 5070 5150 5149
f 5071 5072 5151
f 5071 5151 5150
f 5072 5073 5152
f 5072 5152 5151
f 5073 5074 5153
f 5073 5153 5152
f 5074 5075 5154
f 5074 5154 5153
f 5075 5076 5155
f 5075 5155 5154
f 5076 5077 5156
f 5076 5156 5155
f 5077 5078 5157
f 5077 5157 5156
f 5078 5079 5158
f 5078 5158 5157
f 5079 5080 5159
f 5079 5159 5158
f 5080 5081 5160
f 5080 5160 5159
f 5081 5082 5161
f 5081 5161 5160
f 5082 5083 5162
f 5082 5162 5161
f 5083 5084 5163
f 5083 5163 5162
f 5084 5085 5164
f 5084 5164 5163
f 5085 5086 5165
f 5085 5165 5164
f 5086 5087 5166
f 5086 5166 5165
f 5087 5088 5167
f 5087 5167 5166
f 5088 5089 5168
f 5088 5168 5167
f 5089 5090 5169
f 5089 5169 5168
f 5090 5091 5170
f 5090 5170 5169
f 5091 5092 5171
f 5091 5171 5170
f 5092 5093 5172
f 5092 5172 5171
f 5093 5094 5173
f 5093 5173 5172
f 5094 5095 5174
f 5094 5174 5173
f 5095 5096 5175
f 5095 5175 5174
f 5096 5097 5176
f 5096 5176 5175
f 5097 5098 5177
f 5097 5177 5176
f 5098 5099 5178
f 5098 5178 5177
f 5099 5100 5179
f 5099 5179 5178
f 5100 5101 5180
f 5100 5180 5179
f 5101 5102 5181
f 5101 5181 5180
f 5102 5103 5182
f 5102 5182 5181
f 5103 5104 5183
f 5103 5183 5182
f 5104 5105 5184
f 5104 5184 5183
f 5105 5106 5185
f 5105 5185 5184
f 5106 5107 5186
f 5106 5186 5185
f 5107 5108 5187
f 5107 5187 5186
f 5108 5109 5188
f 5108 5188 5187
f 5109 5110 5189
f 5109 5189 5188
f 5110 5111 5190
f 5110 5190 5189
f 5111 5112 5191
f 5111 5191 5190
f 5112 5113 5192
f 5112 5192 5191
f 5113 5114 5193
f 5113 5193 5192
f 5114 5115 5194
f 5114 5194 5193
f 5115 5116 5195
f 5115 5195 5194
f 5116 5117 5196
f 5116 5196 5195
f 5117 5118 5197
f 5117 5197 5196
f 5118 5119 5198
f 5118 5198 5197
f 5119 5120 5199
f 5119 5199 5198
f 5120 5121 5200
f 5120 5200 5199
f 5121 5122 5201
f 5121 5201 5200
f 5122 5123 5202
f 5122 5202 5201
f 5123 5124 5203
f 5123 5203 5202
f 5124 5125 5204
f 5124 5204 5203
f 5125 5126 5205
f 5125 5205 5204
f 5126 5127 5206
f 5126 5206 5205
f 5127 5128 5207
f 5127 5207 5206
f 5128 5129 5208
f 5128 5208 5207
f 5129 5130 5209
f 5129 5209 5208
f 5130 5131 5210
f 5130 5210 5209
f 5131 5132 5211
f 5131 5211 5210
f 5132 5133 5212
f 5132 5212 5211
f 5133 5134 5213
f 5133 5213 5212
f 5134 5135 5214
f 5134 5214 5213
f 5135 5136 5215
f 5135 5215 5214
f 5136 5137 5216
f 5136 5216 5215
f 5137 5138 5217
f 5137 5217 5216
f 5138 5139 5218
f 5138 5218 5217
f 5139 5140 5219
f 5139 5219 5218
f 5141 5142 5221
f 5141 5221 5220
f 5142 5143 5222
f 5142 5222 5221
f 5143 5144 5223
f 5143 5223 5222
f 5144 5145 5224
f 5144 5224 5223
f 5145 5146 5225
f 5145 5225 5224
f 5146 5147 5226
f 5146 5226 5225
f 5147 5069 5148
f 5147 5148 5226
f 5148 5149 5228
f 5148 5228 5227
f 5149 5150 5229
f 5149 5229 5228
f 5150 5151 5230
f 5150 5230 5229
f 5151 5152 5231
f 5151 5231 5230
f 5152 5153 5232
f 5152 5232 5231
f 5153 5154 5233
f 5153 5233 5232
f 5154 5155 5234
f 5154 5234 5233
f 5155 5156 5235
f 5155 5235 5234
f 5156 5157 5236
f 5156 5236 5235
f 5157 5158 5237
f 5157 5237 5236
f 5158 5159 5238
f 5158 5238 5237
f 5159 5160 5239
f 5159 5239 5238
f 5160 5161 5240
f 5160 5240 5239
f 5161 5162 5241
f 5161 5241 5240
f 5162 5163 5242
f 5162 5242 5241
f 5163 5164 5243
f 5163 5243 5242
f 5164 5165 5244
f 5164 5244 5243
f 5165 5166 5245
f 5165 5245 5244
f 5166 5167 5246
f 5166 5246 5245
f 5167 5168 5247
f 5167 5247 5246
f 5168 5169 5248
f 5168 5248 5247
f 5169 5170 5249
f 5169 5249 5248
f 5170 5171 5250
f 5170 5250 5249
f 5171 5172 5251
f 5171 5251 5250
f 5172 5173 5252
f 5172 5252 5251
f 5173 5174 5253
f 5173 5253 5252
f 5174 5175 5254
f 5174 5254 5253
f 5175 5176 5255
f 5175 5255 5254
f 5176 5177 5256
f 5176 5256 5255
f 5177 5178 5257
f 5177 5257 5256
f 5178 5179 5258
f 5178 5258 5257
f 5179 5180 5259
f 5179 5259 5258
f 5180 5181 5260
f 5180 5260 5259
f 5181 5182 5261
f 5181 5261 5260
f 5182 5183 5262
f 5182 5262 5261
f 5183 5184 5263
f 5183 5263 5262
f 5184 5185 5264
f 5184 5264 5263
f 5185 5186 5265
f 5185 5265 5264
f 5186 5187 5266
f 5186 5266 5265
f 5187 5188 5267
f 5187 5267 5266
f 5188 5189 5268
f 5188 5268 5267
f 5189 5190 5269
f 5189 5269 5268
f 5190 5191 5270
f 5190 5270 5269
f 5191 5192 5271
f 5191 5271 5270
f 5192 5193 5272
f 5192 5272 5271
f 5193 5194 5273
f 5193 5273 5272
f 5194 5195 5274
f 5194 5274 5273
f 5195 5196 5275
f 5195 5275 5274
f 5196 5197 5276
f 5196 5276 5275
f 5197 5198 5277
f 5197 5277 5276
f 5198 5199 5278
f 5198 5278 5277
f 5199 5200 5279
f 5199 5279 5278
f 5200 5201 5280
f 5200 5280 5279
f 5201 5202 5281
f 5201 5281 5280
f 5202 5203 5282
f 5202 5282 5281
f 5203 5204 5283
f 5203 5283 5282
f 5204 5205 5284
f 5204 5284 5283
f 5205 5206 5285
f 5205 5285 5284
f 5206 5207 5286
f 5206 5286 5285
f 5207 5208 5287
f 5207 5287 5286
f 5208 5209 5288
f 5208 5288 5287
f 5209 5210 5289
f 5209 5289 5288
f 5210 5211 5290
f 5210 5290 5289
f 5211 5212 5291
f 5211 5291 5290
f 5212 5213 5292
f 5212 5292 5291
f 5213 5214 5293
f 5213 5293 5292
f 5214 5215 5294
f 5214 5294 5293
f 5215 5216 5295
f 5215 5295 5294
f 5216 5217 5296
f 5216 5296 5295
f 5217 5218 5297
f 5217 5297 5296
f 5218 5219 5298
f 5218 5298 5297
f 5220 5221 5300
f 5220 5300 5299
f 5221 5222 5301
f 5221 5301 5300
f 5222 5223 5302
f 5222 5302 5301
f 5223 5224 5303
f 5223 5303 5302
f 5224 5225 5304
f 5224 5304 5303
f 5225 5226 5305
f 5225 5305 5304
f 5226 5148 5227
f 5226 5227 5305
f 5227 5228 5307
f 5227 5307 5306
f 5228 5229 5308
f 5228 5308 5307
f 5229 5230 5309
f 5229 5309 5308
f 5230 5231 5310
f 5230 5310 5309
f 5231 5232 5311
f 5231 5311 5310
f 5232 5233 5312
f 5232 5312 5311
f 5233 5234 5313
f 5233 5313 5312
f 5234 5235 5314
f 5234 5314 5313
f 5235 5236 5315
f 5235 5315 5314
f 5236 5237 5316
f 5236 5316 5315
f 5237 5238 5317
f 5237 5317 5316
f 5238 5239 5318
f 5238 5318 5317
f 5239 5240 5319
f 5239 5319 5318
f 5240 5241 5320
f 5240 5320 5319
f 5241 5242 5321
f 5241 5321 5320
f 5242 5243 5322
f 5242 5322 5321
f 5243 5244 5323
f 5243 5323 5322
f 5244 5245 5324
f 5244 5324 5323
f 5245 5246 5325
f 5245 5325 5324
f 5246 5247 5326
f 5246 5326 5325
f 5247 5248 5327
f 5247 5327 5326
f 5248 5249 5328
f 5248 5328 5327
f 5249 5250 5329
f 5249 5329 5328
f 5250 5251 5330
f 5250 5330 5329
f 5251 5252 5331
f 5251 5331 5330
f 5252 5253 5332
f 5252 5332 5331
f 5253 5254 5333
f 5253 5333 5332
f 5254 5255 5334
f 5254 5334 5333
f 5255 5256 5335
f 5255 5335 5334
f 5256 5257 5336
f 5256 5336 5335
f 5257 5258 5337
f 5257 5337 5336
f 5258 5259 5338
f 5258 5338 5337
f 5259 5260 5339
f 5259 5339 5338
f 5260 5261 5340
f 5260 5340 5339
f 5261 5262 5341
f 5261 5341 5340
f 5262 5263 5342
f 5262 5342 5341
f 5263 5264 5343
f 5263 5343 5342
f 5264 5265 5344
f 5264 5344 5343
f 5265 5266 5345
f 5265 5345 5344
f 5266 5267 5346
f 5266 5346 5345
f 5267 5268 5347
f 5267 5347 5346
f 5268 5269 5348
f 5268 5348 5347
f 5269 5270 5349
f 5269 5349 5348
f 5270 5271 5350
f 5270 5350 5349
f 5271 5272 5351
f 5271 5351 5350
f 5272 5273 5352
f 5272 5352 5351
f 5273 5274 5353
f 5273 5353 5352
f 5274 5275 5354
f 5274 5354 5353
f 5275 5276 5355
f 5275 5355 5354
f 5276 5277 5356
f 5276 5356 5355
f 5277 5278 5357
f 5277 5357 5356
f 5278 5279 5358
f 5278 5358 5357
f 5279 5280 5359
f 5279 5359 5358
f 5280 5281 5360
f 5280 5360 5359
f 5281 5282 5361
f 5281 5361 5360
f 5282 5283 5362
f 5282 5362 5361
f 5283 5284 5363
f 5283 5363 5362
f 5284 5285 5364
f 5284 5364 5363
f 5285 5286 5365
f 5285 5365 5364
f 5286 5287 5366
f 5286 5366 5365
f 5287 5288 5367
f 5287 5367 5366
f 5288 5289 5368
f 5288 5368 5367
f 5289 5290 5369
f 5289 5369 5368
f 5290 5291 5370
f 5290 5370 5369
f 5291 5292 5371
f 5291 5371 5370
f 5292 5293 5372
f 5292 5372 5371
f 5293 5294 5373
f 5293 5373 5372
f 5294 5295 5374
f 5294 5374 5373
f 5295 5296 5375
f 5295 5375 5374
f 5296 5297 5376
f 5296 5376 5375
f 5297 5298 5377
f 5297 5377 5376
f 5299 5300 5379
f 5299 5379 5378
f 5300 5301 5380
f 5300 5380 5379
f 5301 5302 5381
f 5301 5381 5380
f 5302 5303 5382
f 5302 5382 5381
f 5303 5304 5383
f 5303 5383 5382
f 5304 5305 5384
f 5304 5384 5383
f 5305 5227 5306
f 5305 5306 5384
f 5306 5307 5386
f 5306 5386 5385
f 5307 5308 5387
f 5307 5387 5386
f 5308 5309 5388
f 5308 5388 5387
f 5309 5310 5389
f 5309 5389 5388
f 5310 5311 5390
f 5310 5390 5389
f 5311 5312 5391
f 5311 5391 5390
f 5312 5313 5392
f 5312 5392 5391
f 5313 5314 5393
f 5313 5393 5392
f 5314 5315 5394
f 5314 5394 5393
f 5315 5316 5395
f 5315 5395 5394
f 5316 5317 5396
f 5316 5396 5395
f 5317 5318 5397
f 5317 5397 5396
f 5318 5319 5398
f 5318 5398 5397
f 5319 5320 5399
f 5319 5399 5398
f 5320 5321 5400
f 5320 5400 5399
f 5321 5322 5401
f 5321 5401 5400
f 5322 5323 5402
f 5322 5402 5401
f 5323 5324 5403
f 5323 5403 5402
f 5324 5325 5404
f 5324 5404 5403
f 5325 5326 5405
f 5325 5405 5404
f 5326 5327 5406
f 5326 5406 5405
f 5327 5328 5407
f 5327 5407 5406
f 5328 5329 5408
f 5328 5408 5407
f 5329 5330 5409
f 5329 5409 5408
f 5330 5331 5410
f 5330 5410 5409
f 5331 5332 5411
f 5331 5411 5410
f 5332 5333 5412
f 5332 5412 5411
f 5333 5334 5413
f 5333 5413 5412
f 5334 5335 5414
f 5334 5414 5413
f 5335 5336 5415
f 5335 5415 5414
f 5336 5337 5416
f 5336 5416 5415
f 5337 5338 5417
f 5337 5417 5416
f 5338 5339 5418
f 5338 5418 5417
f 5339 5340 5419
f 5339 5419 5418
f 5340 5341 5420
f 5340 5420 5419
f 5341 5342 5421
f 5341 5421 5420
f 5342 5343 5422
f 5342 5422 5421
f 5343 5344 5423
f 5343 5423 5422
f 5344 5345 5424
f 5344 5424 5423
f 5345 5346 5425
f 5345 5425 5424
f 5346 5347 5426
f 5346 5426 5425
f 5347 5348 5427
f 5347 5427 5426
f 5348 5349 5428
f 5348 5428 5427
f 5349 5350 5429
f 5349 5429 5428
f 5350 5351 5430
f 5350 5430 5429
f 5351 5352 5431
f 5351 5431 5430
f 5352 5353 5432
f 5352 5432 5431
f 5353 5354 5433
f 5353 5433 5432
f 5354 5355 5434
f 5354 5434 5433
f 5355 5356 5435
f 5355 5435 5434
f 5356 5357 5436
f 5356 5436 5435
f 5357 5358 5437
f 5357 5437 5436
f 5358 5359 5438
f 5358 5438 5437
f 5359 5360 5439
f 5359 5439 5438
f 5360 5361 5440
f 5360 5440 5439
f 5361 5362 5441
f 5361 5441 5440
f 5362 5363 5442
f 5362 5442 5441
f 5363 5364 5443
f 5363 5443 5442
f 5364 5365 5444
f 5364 5444 5443
f 5365 5366 5445
f 5365 5445 5444
f 5366 5367 5446
f 5366 5446 5445
f 5367 5368 5447
f 5367 5447 5446
f 5368 5369 5448
f 5368 5448 5447
f 5369 5370 5449
f 5369 5449 5448
f 5370 5371 5450
f 5370 5450 5449
f 5371 5372 5451
f 5371 5451 5450
f 5372 5373 5452
f 5372 5452 5451
f 5373 5374 5453
f 5373 5453 5452
f 5374 5375 5454
f 5374 5454 5453
f 5375 5376 5455
f 5375 5455 5454
f 5376 5377 5456
f 5376 5456 5455
f 5378 5379 5458
f 5378 5458 5457
f 5379 5380 5459
f 5379 5459 5458
f 5380 5381 5460
f 5380 5460 5459
f 5381 5382 5461
f 5381 5461 5460
f 5382 5383 5462
f 5382 5462 5461
f 5383 5384 5463
f 5383 5463 5462
f 5384 5306 5385
f 5384 5385 5463
f 5385 5386 5465
f 5385 5465 5464
f 5386 5387 5466
f 5386 5466 5465
f 5387 5388 5467
f 5387 5467 5466
f 5388 5389 5468
f 5388 5468 5467
f 5389 5390 5469
f 5389 5469 5468
f 5390 5391 5470
f 5390 5470 5469
f 5391 5392 5471
f 5391 5471 5470
f 5392 5393 5472
f 5392 5472 5471
f 5393 5394 5473
f 5393 5473 5472
f 5394 5395 5474
f 5394 5474 5473
f 5395 5396 5475
f 5395 5475 5474
f 5396 5397 5476
f 5396 5476 5475
f 5397 5398 5477
f 5397 5477 5476
f 5398 5399 5478
f 5398 5478 5477
f 5399 5400 5479
f 5399 5479 5478
f 5400 5401 5480
f 5400 5480 5479
f 5401 5402 5481
f 5401 5481 5480
f 5402 5403 5482
f 5402 5482 5481
f 5403 5404 5483
f 5403 5483 5482
f 5404 5405 5484
f 5404 5484 5483
f 5405 5406 5485
f 5405 5485 5484
f 5406 5407 5486
f 5406 5486 5485
f 5407 5408 5487
f 5407 5487 5486
f 5408 5409 5488
f 5408 5488 5487
f 5409 5410 5489
f 5409 5489 5488
f 5410 5411 5490
f 5410 5490 5489
f 5411 5412 5491
f 5411 5491 5490
f 5412 5413 5492
f 5412 5492 5491
f 5413 5414 5493
f 5413 5493 5492
f 5414 5415 5494
f 5414 5494 5493
f 5415 5416 5495
f 5415 5495 5494
f 5416 5417 5496
f 5416 5496 5495
f 5417 5418 5497
f 5417 5497 5496
f 5418 5419 5498
f 5418 5498 5497
f 5419 5420 5499
f 5419 5499 5498
f 5420 5421 5500
f 5420 5500 5499
f 5421 5422 5501
f 5421 5501 5500
f 5422 5423 5502
f 5422 5502 5501
f 5423 5424 5503
f 5423 5503 5502
f 5424 5425 5504
f 5424 5504 5503
f 5425 5426 5505
f 5425 5505 5504
f 5426 5427 5506
f 5426 5506 5505
f 5427 5428 5507
f 5427 5507 5506
f 5428 5429 5508
f 5428 5508 5507
f 5429 5430 5509
f 5429 5509 5508
f 5430 5431 5510
f 5430 5510 5509
f 5431 5432 5511
f 5431 5511 5510
f 5432 5433 5512
f 5432 5512 5511
f 5433 5434 5513
f 5433 5513 5512
f 5434 5435 5514
f 5434 5514 5513
f 5435 5436 5515
f 5435 5515 5514
f 5436 5437 5516
f 5436 5516 5515
f 5437 5438 5517
f 5437 5517 5516
f 5438 5439 5518
f 5438 5518 5517
f 5439 5440 5519
f 5439 5519 5518
f 5440 5441 5520
f 5440 5520 5519
f 5441 5442 5521
f 5441 5521 5520
f 5442 5443 5522
f 5442 5522 5521
f 5443 5444 5523
f 5443 5523 5522
f 5444 5445 5524
f 5444 5524 5523
f 5445 5446 5525
f 5445 5525 5524
f 5446 5447 5526
f 5446 5526 5525
f 5447 5448 5527
f 5447 5527 5526
f 5448 5449 5528
f 5448 5528 5527
f 5449 5450 5529
f 5449 5529 5528
f 5450 5451 5530
f 5450 5530 5529
f 5451 5452 5531
f 5451 5531 5530
f 5452 5453 5532
f 5452 5532 5531
f 5453 5454 5533
f 5453 5533 5532
f 5454 5455 5534
f 5454 5534 5533
f 5455 5456 5535
f 5455 5535 5534
f 5457 5458 5537
f 5457 5537 5536
f 5458 5459 5538
f 5458 5538 5537
f 5459 5460 5539
f 5459 5539 5538
f 5460 5461 5540
f 5460 5540 5539
f 5461 5462 5541
f 5461 5541 5540
f 5462 5463 5542
f 5462 5542 5541
f 5463 5385 5464
f 5463 5464 5542
f 5464 5465 5544
f 5464 5544 5543
f 5465 5466 5545
f 5465 5545 5544
f 5466 5467 5546
f 5466 5546 5545
f 5467 5468 5547
f 5467 5547 5546
f 5468 5469 5548
f 5468 5548 5547
f 5469 5470 5549
f 5469 5549 5548
f 5470 5471 5550
f 5470 5550 5549
f 5471 5472 5551
f 5471 5551 5550
f 5472 5473 5552
f 5472 5552 5551
f 5473 5474 5553
f 5473 5553 5552
f 5474 5475 5554
f 5474 5554 5553
f 5475 5476 5555
f 5475 5555 5554
f 5476 5477 5556
f 5476 5556 5555
f 5477 5478 5557
f 5477 5557 5556
f 5478 5479 5558
f 5478 5558 5557
f 5479 5480 5559
f 5479 5559 5558
f 5480 5481 5560
f 5480 5560 5559
f 5481 5482 5561
f 5481 5561 5560
f 5482 5483 5562
f 5482 5562 5561
f 5483 5484 5563
f 5483 5563 5562
f 5484 5485 5564
f 5484 5564 5563
f 5485 5486 5565
f 5485 5565 5564
f 5486 5487 5566
f 5486 5566 5565
f 5487 5488 5567
f 5487 5567 5566
f 5488 5489 5568
f 5488 5568 5567
f 5489 5490 5569
f 5489 5569 5568
f 5490 5491 5570
f 5490 5570 5569
f 5491 5492 5571
f 5491 5571 5570
f 5492 5493 5572
f 5492 5572 5571
f 5493 5494 5573
f 5493 5573 5572
f 5494 5495 5574
f 5494 5574 5573
f 5495 5496 5575
f 5495 5575 5574
f 5496 5497 5576
f 5496 5576 5575
f 5497 5498 5577
f 5497 5577 5576
f 5498 5499 5578
f 5498 5578 5577
f 5499 5500 5579
f 5499 5579 5578
f 5500 5501 5580
f 5500 5580 5579
f 5501 5502 5581
f 5501 5581 5580
f 5502 5503 5582
f 5502 5582 5581
f 5503 5504 5583
f 5503 5583 5582
f 5504 5505 5584
f 5504 5584 5583
f 5505 5506 5585
f 5505 5585 5584
f 5506 5507 5586
f 5506 5586 5585
f 5507 5508 5587
f 5507 5587 5586
f 5508 5509 5588
f 5508 5588 5587
f 5509 5510 5589
f 5509 5589 5588
f 5510 5511 5590
f 5510 5590 5589
f 5511 5512 5591
f 5511 5591 5590
f 5512 5513 5592
f 5512 5592 5591
f 5513 5514 5593
f 5513 5593 5592
f 5514 5515 5594
f 5514 5594 5593
f 5515 5516 5595
f 5515 5595 5594
f 5516 5517 5596
f 5516 5596 5595
f 5517 5518 5597
f 5517 5597 5596
f 5518 5519 5598
f 5518 5598 5597
f 5519 5520 5599
f 5519 5599 5598
f 5520 5521 5600
f 5520 5600 5599
f 5521 5522 5601
f 5521 5601 5600
f 5522 5523 5602
f 5522 5602 5601
f 5523 5524 5603
f 5523 5603 5602
f 5524 5525 5604
f 5524 5604 5603
f 5525 5526 5605
f 5525 5605 5604
f 5526 5527 5606
f 5526 5606 5605
f 5527 5528 5607
f 5527 5607 5606
f 5528 5529 5608
f 5528 5608 5607
f 5529 5530 5609
f 5529 5609 5608
f 5530 5531 5610
f 5530 5610 5609
f 5531 5532 5611
f 5531 5611 5610
f 5532 5533 5612
f 5532 5612 5611
f 5533 5534 5613
f 5533 5613 5612
f 5534 5535 5614
f 5534 5614 5613
f 5536 5537 5616
f 5536 5616 5615
f 5537 5538 5617
f 5537 5617 5616
f 5538 5539 5618
f 5538 5618 5617
f 5539 5540 5619
f 5539 5619 5618
f 5540 5541 5620
f 5540 5620 5619
f 5541 5542 5621
f 5541 5621 5620
f 5542 5464 5543
f 5542 5543 5621
f 5543 5544 5623
f 5543 5623 5622
f 5544 5545 5624
f 5544 5624 5623
f 5545 5546 5625
f 5545 5625 5624
f 5546 5547 5626
f 5546 5626 5625
f 5547 5548 5627
f 5547 5627 5626
f 5548 5549 5628
f 5548 5628 5627
f 5549 5550 5629
f 5549 5629 5628
f 5550 5551 5630
f 5550 5630 5629
f 5551 5552 5631
f 5551 5631 5630
f 5552 5553 5632
f 5552 5632 5631
f 5553 5554 5633
f 5553 5633 5632
f 5554 5555 5634
f 5554 5634 5633
f 5555 5556 5635
f 5555 5635 5634
f 5556 5557 5636
f 5556 5636 5635
f 5557 5558 5637
f 5557 5637 5636
f 5558 5559 5638
f 5558 5638 5637
f 5559 5560 5639
f 5559 5639 5638
f 5560 5561 5640
f 5560 5640 5639
f 5561 5562 5641
f 5561 5641 5640
f 5562 5563 5642
f 5562 5642 5641
f 5563 5564 5643
f 5563 5643 5642
f 5564 5565 5644
f 5564 5644 5643
f 5565 5566 5645
f 5565 5645 5644
f 5566 5567 5646
f 5566 5646 5645
f 5567 5568 5647
f 5567 5647 5646
f 5568 5569 5648
f 5568 5648 5647
f 5569 5570 5649
f 5569 5649 5648
f 5570 5571 5650
f 5570 5650 5649
f 5571 5572 5651
f 5571 5651 5650
f 5572 5573 5652
f 5572 5652 5651
f 5573 5574 5653
f 5573 5653 5652
f 5574 5575 5654
f 5574 5654 5653
f 5575 5576 5655
f 5575 5655 5654
f 5576 5577 5656
f 5576 5656 5655
f 5577 5578 5657
f 5577 5657 5656
f 5578 5579 5658
f 5578 5658 5657
f 5579 5580 5659
f 5579 5659 5658
f 5580 5581 5660
f 5580 5660 5659
f 5581 5582 5661
f 5581 5661 5660
f 5582 5583 5662
f 5582 5662 5661
f 5583 5584 5663
f 5583 5663 5662
f 5584 5585 5664
f 5584 5664 5663
f 5585 5586 5665
f 5585 5665 5664
f 5586 5587 5666
f 5586 5666 5665
f 5587 5588 5667
f 5587 5667 5666
f 5588 5589 5668
f 5588 5668 5667
f 5589 5590 5669
f 5589 5669 5668
f 5590 5591 5670
f 5590 5670 5669
f 5591 5592 5671
f 5591 5671 5670
f 5592 5593 5672
f 5592 5672 5671
f 5593 5594 5673
f 5593 5673 5672
f 5594 5595 5674
f 5594 5674 5673
f 5595 5596 5675
f 5595 5675 5674
f 5596 5597 5676
f 5596 5676 5675
f 5597 5598 5677
f 5597 5677 5676
f 5598 5599 5678
f 5598 5678 5677
f 5599 5600 5679
f 5599 5679 5678
f 5600 5601 5680
f 5600 5680 5679
f 5601 5602 5681
f 5601 5681 5680
f 5602 5603 5682
f 5602 5682 5681
f 5603 5604 5683
f 5603 5683 5682
f 5604 5605 5684
f 5604 5684 5683
f 5605 5606 5685
f 5605 5685 5684
f 5606 5607 5686
f 5606 5686 5685
f 5607 5608 5687
f 5607 5687 5686
f 5608 5609 5688
f 5608 5688 5687
f 5609 5610 5689
f 5609 5689 5688
f 5610 5611 5690
f 5610 5690 5689
f 5611 5612 5691
f 5611 5691 5690
f 5612 5613 5692
f 5612 5692 5691
f 5613 5614 5693
f 5613 5693 5692
f 5615 5616 5695
f 5615 5695 5694
f 5616 5617 5696
f 5616 5696 5695
f 5617 5618 5697
f 5617 5697 5696
f 5618 5619 5698
f 5618 5698 5697
f 5619 5620 5699
f 5619 5699 5698
f 5620 5621 5700
f 5620 5700 5699
f 5621 5543 5622
f 5621 5622 5700
f 5622 5623 5702
f 5622 5702 5701
f 5623 5624 5703
f 5623 5703 5702
f 5624 5625 5704
f 5624 5704 5703
f 5625 5626 5705
f 5625 5705 5704
f 5626 5627 5706
f 5626 5706 5705
f 5627 5628 5707
f 5627 5707 5706
f 5628 5629 5708
f 5628 5708 5707
f 5629 5630 5709
f 5629 5709 5708
f 5630 5631 5710
f 5630 5710 5709
f 5631 5632 5711
f 5631 5711 5710
f 5632 5633 5712
f 5632 5712 5711
f 5633 5634 5713
f 5633 5713 5712
f 5634 5635 5714
f 5634 5714 5713
f 5635 5636 5715
f 5635 5715 5714
f 5636 5637 5716
f 5636 5716 5715
f 5637 5638 5717
f 5637 5717 5716
f 5638 5639 5718
f 5638 5718 5717
f 5639 5640 5719
f 5639 5719 5718
f 5640 5641 5720
f 5640 5720 5719
f 5641 5642 5721
f 5641 5721 5720
f 5642 5643 5722
f 5642 5722 5721
f 5643 5644 5723
f 5643 5723 5722
f 5644 5645 5724
f 5644 5724 5723
f 5645 5646 5725
f 5645 5725 5724
f 5646 5647 5726
f 5646 5726 5725
f 5647 5648 5727
f 5647 5727 5726
f 5648 5649 5728
f 5648 5728 5727
f 5649 5650 5729
f 5649 5729 5728
f 5650 5651 5730
f 5650 5730 5729
f 5651 5652 5731
f 5651 5731 5730
f 5652 5653 5732
f 5652 5732 5731
f 5653 5654 5733
f 5653 5733 5732
f 5654 5655 5734
f 5654 5734 5733
f 5655 5656 5735
f 5655 5735 5734
f 5656 5657 5736
f 5656 5736 5735
f 5657 5658 5737
f 5657 5737 5736
f 5658 5659 5738
f 5658 5738 5737
f 5659 5660 5739
f 5659 5739 5738
f 5660 5661 5740
f 5660 5740 5739
f 5661 5662 5741
f 5661 5741 5740
f 5662 5663 5742
f 5662 5742 5741
f 5663 5664 5743
f 5663 5743 5742
f 5664 5665 5744
f 5664 5744 5743
f 5665 5666 5745
f 5665 5745 5744
f 5666 5667 5746
f 5666 5746 5745
f 5667 5668 5747
f 5667 5747 5746
f 5668 5669 5748
f 5668 5748 5747
f 5669 5670 5749
f 5669 5749 5748
f 5670 5671 5750
f 5670 5750 5749
f 5671 5672 5751
f 5671 5751 5750
f 5672 5673 5752
f 5672 5752 5751
f 5673 5674 5753
f 5673 5753 5752
f 5674 5675 5754
f 5674 5754 5753
f 5675 5676 5755
f 5675 5755 5754
f 5676 5677 5756
f 5676 5756 5755
f 5677 5678 5757
f 5677 5757 5756
f 5678 5679 5758
f 5678 5758 5757
f 5679 5680 5759
f 5679 5759 5758
f 5680 5681 5760
f 5680 5760 5759
f 5681 5682 5761
f 5681 5761 5760
f 5682 5683 5762
f 5682 5762 5761
f 5683 5684 5763
f 5683 5763 5762
f 5684 5685 5764
f 5684 5764 5763
f 5685 5686 5765
f 5685 5765 5764
f 5686 5687 5766
f 5686 5766 5765
f 5687 5688 5767
f 5687 5767 5766
f 5688 5689 5768
f 5688 5768 5767
f 5689 5690 5769
f 5689 5769 5768
f 5690 5691 5770
f 5690 5770 5769
f 5691 5692 5771
f 5691 5771 5770
f 5692 5693 5772
f 5692 5772 5771
f 5694 5695 5774
f 5694 5774 5773
f 5695 5696 5775
f 5695 5775 5774
f 5696 5697 5776
f 5696 5776 5775
f 5697 5698 5777
f 5697 5777 5776
f 5698 5699 5778
f 5698 5778 5777
f 5699 5700 5779
f 5699 5779 5778
f 5700 5622 5701
f 5700 5701 5779
f 5701 5702 5781
f 5701 5781 5780
f 5702 5703 5782
f 5702 5782 5781
f 5703 5704 5783
f 5703 5783 5782
f 5704 5705 5784
f 5704 5784 5783
f 5705 5706 5785
f 5705 5785 5784
f 5706 5707 5786
f 5706 5786 5785
f 5707 5708 5787
f 5707 5787 5786
f 5708 5709 5788
f 5708 5788 5787
f 5709 5710 5789
f 5709 5789 5788
f 5710 5711 5790
f 5710 5790 5789
f 5711 5712 5791
f 5711 5791 5790
f 5712 5713 5792
f 5712 5792 5791
f 5713 5714 5793
f 5713 5793 5792
f 5714 5715 5794
f 5714 5794 5793
f 5715 5716 5795
f 5715 5795 5794
f 5716 5717 5796
f 5716 5796 5795
f 5717 5718 5797
f 5717 5797 5796
f 5718 5719 5798
f 5718 5798 5797
f 5719 5720 5799
f 5719 5799 5798
f 5720 5721 5800
f 5720 5800 5799
f 5721 5722 5801
f 5721 5801 5800
f 5722 5723 5802
f 5722 5802 5801
f 5723 5724 5803
f 5723 5803 5802
f 5724 5725 5804
f 5724 5804 5803
f 5725 5726 5805
f 5725 5805 5804
f 5726 5727 5806
f 5726 5806 5805
f 5727 5728 5807
f 5727 5807 5806
f 5728 5729 5808
f 5728 5808 5807
f 5729 5730 5809
f 5729 5809 5808
f 5730 5731 5810
f 5730 5810 5809
f 5731 5732 5811
f 5731 5811 5810
f 5732 5733 5812
f 5732 5812 5811
f 5733 5734 5813
f 5733 5813 5812
f 5734 5735 5814
f 5734 5814 5813
f 5735 5736 5815
f 5735 5815 5814
f 5736 5737 5816
f 5736 5816 5815
f 5737 5738 5817
f 5737 5817 5816
f 5738 5739 5818
f 5738 5818 5817
f 5739 5740 5819
f 5739 5819 5818
f 5740 5741 5820
f 5740 5820 5819
f 5741 5742 5821
f 5741 5821 5820
f 5742 5743 5822
f 5742 5822 5821
f 5743 5744 5823
f 5743 5823 5822
f 5744 5745 5824
f 5744 5824 5823
f 5745 5746 5825
f 5745 5825 5824
f 5746 5747 5826
f 5746 5826 5825
f 5747 5748 5827
f 5747 5827 5826
f 5748 5749 5828
f 5748 5828 5827
f 5749 5750 5829
f 5749 5829 5828
f 5750 5751 5830
f 5750 5830 5829
f 5751 5752 5831
f 5751 5831 5830
f 5752 5753 5832
f 5752 5832 5831
f 5753 5754 5833
f 5753 5833 5832
f 5754 5755 5834
f 5754 5834 5833
f 5755 5756 5835
f 5755 5835 5834
f 5756 5757 5836
f 5756 5836 5835
f 5757 5758 5837
f 5757 5837 5836
f 5758 5759 5838
f 5758 5838 5837
f 5759 5760 5839
f 5759 5839 5838
f 5760 5761 5840
f 5760 5840 5839
f 5761 5762 5841
f 5761 5841 5840
f 5762 5763 5842
f 5762 5842 5841
f 5763 5764 5843
f 5763 5843 5842
f 5764 5765 5844
f 5764 5844 5843
f 5765 5766 5845
f 5765 5845 5844
f 5766 5767 5846
f 5766 5846 5845
f 5767 5768 5847
f 5767 5847 5846
f 5768 5769 5848
f 5768 5848 5847
f 5769 5770 5849
f 5769 5849 5848
f 5770 5771 5850
f 5770 5850 5849
f 5771 5772 5851
f 5771 5851 5850
f 5773 5774 5853
f 5773 5853 5852
f 5774 5775 5854
f 5774 5854 5853
f 5775 5776 5855
f 5775 5855 5854
f 5776 5777 5856
f 5776 5856 5855
f 5777 5778 5857
f 5777 5857 5856
f 5778 5779 5858
f 5778 5858 5857
f 5779 5701 5780
f 5779 5780 5858
f 5780 5781 5860
f 5780 5860 5859
f 5781 5782 5861
f 5781 5861 5860
f 5782 5783 5862
f 5782 5862 5861
f 5783 5784 5863
f 5783 5863 5862
f 5784 5785 5864
f 5784 5864 5863
f 5785 5786 5865
f 5785 5865 5864
f 5786 5787 5866
f 5786 5866 5865
f 5787 5788 5867
f 5787 5867 5866
f 5788 5789 5868
f 5788 5868 5867
f 5789 5790 5869
f 5789 5869 5868
f 5790 5791 5870
f 5790 5870 5869
f 5791 5792 5871
f 5791 5871 5870
f 5792 5793 5872
f 5792 5872 5871
f 5793 5794 5873
f 5793 5873 5872
f 5794 5795 5874
f 5794 5874 5873
f 5795 5796 5875
f 5795 5875 5874
f 5796 5797 5876
f 5796 5876 5875
f 5797 5798 5877
f 5797 5877 5876
f 5798 5799 5878
f 5798 5878 5877
f 5799 5800 5879
f 5799 5879 5878
f 5800 5801 5880
f 5800 5880 5879
f 5801 5802 5881
f 5801 5881 5880
f 5802 5803 5882
f 5802 5882 5881
f 5803 5804 5883
f 5803 5883 5882
f 5804 5805 5884
f 5804 5884 5883
f 5805 5806 5885
f 5805 5885 5884
f 5806 5807 5886
f 5806 5886 5885
f 5807 5808 5887
f 5807 5887 5886
f 5808 5809 5888
f 5808 5888 5887
f 5809 5810 5889
f 5809 5889 5888
f 5810 5811 5890
f 5810 5890 5889
f 5811 5812 5891
f 5811 5891 5890
f 5812 5813 5892
f 5812 5892 5891
f 5813 5814 5893
f 5813 5893 5892
f 5814 5815 5894
f 5814 5894 5893
f 5815 5816 5895
f 5815 5895 5894
f 5816 5817 5896
f 5816 5896 5895
f 5817 5818 5897
f 5817 5897 5896
f 5818 5819 5898
f 5818 5898 5897
f 5819 5820 5899
f 5819 5899 5898
f 5820 5821 5900
f 5820 5900 5899
f 5821 5822 5901
f 5821 5901 5900
f 5822 5823 5902
f 5822 5902 5901
f 5823 5824 5903
f 5823 5903 5902
f 5824 5825 5904
f 5824 5904 5903
f 5825 5826 5905
f 5825 5905 5904
f 5826 5827 5906
f 5826 5906 5905
f 5827 5828 5907
f 5827 5907 5906
f 5828 5829 5908
f 5828 5908 5907
f 5829 5830 5909
f 5829 5909 5908
f 5830 5831 5910
f 5830 5910 5909
f 5831 5832 5911
f 5831 5911 5910
f 5832 5833 5912
f 5832 5912 5911
f 5833 5834 5913
f 5833 5913 5912
f 5834 5835 5914
f 5834 5914 5913
f 5835 5836 5915
f 5835 5915 5914
f 5836 5837 5916
f 5836 5916 5915
f 5837 5838 5917
f 5837 5917 5916
f 5838 5839 5918
f 5838 5918 5917
f 5839 5840 5919
f 5839 5919 5918
f 5840 5841 5920
f 5840 5920 5919
f 5841 5842 5921
f 5841 5921 5920
f 5842 5843 5922
f 5842 5922 5921
f 5843 5844 5923
f 5843 5923 5922
f 5844 5845 5924
f 5844 5924 5923
f 5845 5846 5925
f 5845 5925 5924
f 5846 5847 5926
f 5846 5926 5925
f 5847 5848 5927
f 5847 5927 5926
f 5848 5849 5928
f 5848 5928 5927
f 5849 5850 5929
f 5849 5929 5928
f 5850 5851 5930
f 5850 5930 5929
f 5852 5853 5932
f 5852 5932 5931
f 5853 5854 5933
f 5853 5933 5932
f 5854 5855 5934
f 5854 5934 5933
f 5855 5856 5935
f 5855 5935 5934
f 5856 5857 5936
f 5856 5936 5935
f 5857 5858 5937
f 5857 5937 5936
f 5858 5780 5859
f 5858 5859 5937
f 5859 5860 5939
f 5859 5939 5938
f 5860 5861 5940
f 5860 5940 5939
f 5861 5862 5941
f 5861 5941 5940
f 5862 5863 5942
f 5862 5942 5941
f 5863 5864 5943
f 5863 5943 5942
f 5864 5865 5944
f 5864 5944 5943
f 5865 5866 5945
f 5865 5945 5944
f 5866 5867 5946
f 5866 5946 5945
f 5867 5868 5947
f 5867 5947 5946
f 5868 5869 5948
f 5868 5948 5947
f 5869 5870 5949
f 5869 5949 5948
f 5870 5871 5950
f 5870 5950 5949
f 5871 5872 5951
f 5871 5951 5950
f 5872 5873 5952
f 5872 5952 5951
f 5873 5874 5953
f 5873 5953 5952
f 5874 5875 5954
f 5874 5954 5953
f 5875 5876 5955
f 5875 5955 5954
f 5876 5877 5956
f 5876 5956 5955
f 5877 5878 5957
f 5877 5957 5956
f 5878 5879 5958
f 5878 5958 5957
f 5879 5880 5959
f 5879 5959 5958
f 5880 5881 5960
f 5880 5960 5959
f 5881 5882 5961
f 5881 5961 5960
f 5882 5883 5962
f 5882 5962 5961
f 5883 5884 5963
f 5883 5963 5962
f 5884 5885 5964
f 5884 5964 5963
f 5885 5886 5965
f 5885 5965 5964
f 5886 5887 5966
f 5886 5966 5965
f 5887 5888 5967
f 5887 5967 5966
f 5888 5889 5968
f 5888 5968 5967
f 5889 5890 5969
f 5889 5969 5968
f 5890 5891 5970
f 5890 5970 5969
f 5891 5892 5971
f 5891 5971 5970
f 5892 5893 5972
f 5892 5972 5971
f 5893 5894 5973
f 5893 5973 5972
f 5894 5895 5974
f 5894 5974 5973
f 5895 5896 5975
f 5895 5975 5974
f 5896 5897 5976
f 5896 5976 5975
f 5897 5898 5977
f 5897 5977 5976
f 5898 5899 5978
f 5898 5978 5977
f 5899 5900 5979
f 5899 5979 5978
f 5900 5901 5980
f 5900 5980 5979
f 5901 5902 5981
f 5901 5981 5980
f 5902 5903 5982
f 5902 5982 5981
f 5903 5904 5983
f 5903 5983 5982
f 5904 5905 5984
f 5904 5984 5983
f 5905 5906 5985
f 5905 5985 5984
f 5906 5907 5986
f 5906 5986 5985
f 5907 5908 5987
f 5907 5987 5986
f 5908 5909 5988
f 5908 5988 5987
f 5909 5910 5989
f 5909 5989 5988
f 5910 5911 5990
f 5910 5990 5989
f 5911 5912 5991
f 5911 5991 5990
f 5912 5913 5992
f 5912 5992 5991
f 5913 5914 5993
f 5913 5993 5992
f 5914 5915 5994
f 5914 5994 5993
f 5915 5916 5995
f 5915 5995 5994
f 5916 5917 5996
f 5916 5996 5995
f 5917 5918 5997
f 5917 5997 5996
f 5918 5919 5998
f 5918 5998 5997
f 5919 5920 5999
f 5919 5999 5998
f 5920 5921 6000
f 5920 6000 5999
f 5921 5922 6001
f 5921 6001 6000
f 5922 5923 6002
f 5922 6002 6001
f 5923 5924 6003
f 5923 6003 6002
f 5924 5925 6004
f 5924 6004 6003
f 5925 5926 6005
f 5925 6005 6004
f 5926 5927 6006
f 5926 6006 6005
f 5927 5928 6007
f 5927 6007 6006
f 5928 5929 6008
f 5928 6008 6007
f 5929 5930 6009
f 5929 6009 6008
f 5931 5932 6011
f 5931 6011 6010
f 5932 5933 6012
f 5932 6012 6011
f 5933 5934 6013
f 5933 6013 6012
f 5934 5935 6014
f 5934 6014 6013
f 5935 5936 6015
f 5935 6015 6014
f 5936 5937 6016
f 5936 6016 6015
f 5937 5859 5938
f 5937 5938 6016
f 5938 5939 6018
f 5938 6018 6017
f 5939 5940 6019
f 5939 6019 6018
f 5940 5941 6020
f 5940 6020 6019
f 5941 5942 6021
f 5941 6021 6020
f 5942 5943 6022
f 5942 6022 6021
f 5943 5944 6023
f 5943 6023 6022
f 5944 5945 6024
f 5944 6024 6023
f 5945 5946 6025
f 5945 6025 6024
f 5946 5947 6026
f 5946 6026 6025
f 5947 5948 6027
f 5947 6027 6026
f 5948 5949 6028
f 5948 6028 6027
f 5949 5950 6029
f 5949 6029 6028
f 5950 5951 6030
f 5950 6030 6029
f 5951 5952 6031
f 5951 6031 6030
f 5952 5953 6032
f 5952 6032 6031
f 5953 5954 6033
f 5953 6033 6032
f 5954 5955 6034
f 5954 6034 6033
f 5955 5956 6035
f 5955 6035 6034
f 5956 5957 6036
f 5956 6036 6035
f 5957 5958 6037
f 5957 6037 6036
f 5958 5959 6038
f 5958 6038 6037
f 5959 5960 6039
f 5959 6039 6038
f 5960 5961 6040
f 5960 6040 6039
f 5961 5962 6041
f 5961 6041 6040
f 5962 5963 6042
f 5962 6042 6041
f 5963 5964 6043
f 5963 6043 6042
f 5964 5965 6044
f 5964 6044 6043
f 5965 5966 6045
f 5965 6045 6044
f 5966 5967 6046
f 5966 6046 6045
f 5967 5968 6047
f 5967 6047 6046
f 5968 5969 6048
f 5968 6048 6047
f 5969 5970 6049
f 5969 6049 6048
f 5970 5971 6050
f 5970 6050 6049
f 5971 5972 6051
f 5971 6051 6050
f 5972 5973 6052
f 5972 6052 6051
f 5973 5974 6053
f 5973 6053 6052
f 5974 5975 6054
f 5974 6054 6053
f 5975 5976 6055
f 5975 6055 6054
f 5976 5977 6056
f 5976 6056 6055
f 5977 5978 6057
f 5977 6057 6056
f 5978 5979 6058
f 5978 6058 6057
f 5979 5980 6059
f 5979 6059 6058
f 5980 5981 6060
f 5980 6060 6059
f 5981 5982 6061
f 5981 6061 6060
f 5982 5983 6062
f 5982 6062 6061
f 5983 5984 6063
f 5983 6063 6062
f 5984 5985 6064
f 5984 6064 6063
f 5985 5986 6065
f 5985 6065 6064
f 5986 5987 6066
f 5986 6066 6065
f 5987 5988 6067
f 5987 6067 6066
f 5988 5989 6068
f 5988 6068 6067
f 5989 5990 6069
f 5989 6069 6068
f 5990 5991 6070
f 5990 6070 6069
f 5991 5992 6071
f 5991 6071 6070
f 5992 5993 6072
f 5992 6072 6071
f 5993 5994 6073
f 5993 6073 6072
f 5994 5995 6074
f 5994 6074 6073
f 5995 5996 6075
f 5995 6075 6074
f 5996 5997 6076
f 5996 6076 6075
f 5997 5998 6077
f 5997 6077 6076
f 5998 5999 6078
f 5998 6078 6077
f 5999 6000 6079
f 5999 6079 6078
f 6000 6001 6080
f 6000 6080 6079
f 6001 6002 6081
f 6001 6081 6080
f 6002 6003 6082
f 6002 6082 6081
f 6003 6004 6083
f 6003 6083 6082
f 6004 6005 6084
f 6004 6084 6083
f 6005 6006 6085
f 6005 6085 6084
f 6006 6007 6086
f 6006 6086 6085
f 6007 6008 6087
f 6007 6087 6086
f 6008 6009 6088
f 6008 6088 6087
f 6010 6011 6090
f 6010 6090 6089
f 6011 6012 6091
f 6011 6091 6090
f 6012 6013 6092
f 6012 6092 6091
f 6013 6014 6093
f 6013 6093 6092
f 6014 6015 6094
f 6014 6094 6093
f 6015 6016 6095
f 6015 6095 6094
f 6016 5938 6017
f 6016 6017 6095
f 6017 6018 6097
f 6017 6097 6096
f 6018 6019 6098
f 6018 6098 6097
f 6019 6020 6099
f 6019 6099 6098
f 6020 6021 6100
f 6020 6100 6099
f 6021 6022 6101
f 6021 6101 6100
f 6022 6023 6102
f 6022 6102 6101
f 6023 6024 6103
f 6023 6103 6102
f 6024 6025 6104
f 6024 6104 6103
f 6025 6026 6105
f 6025 6105 6104
f 6026 6027 6106
f 6026 6106 6105
f 6027 6028 6107
f 6027 6107 6106
f 6028 6029 6108
f 6028 6108 6107
f 6029 6030 6109
f 6029 6109 6108
f 6030 6031 6110
f 6030 6110 6109
f 6031 6032 6111
f 6031 6111 6110
f 6032 6033 6112
f 6032 6112 6111
f 6033 6034 6113
f 6033 6113 6112
f 6034 6035 6114
f 6034 6114 6113
f 6035 6036 6115
f 6035 6115 6114
f 6036 6037 6116
f 6036 6116 6115
f 6037 6038 6117
f 6037 6117 6116
f 6038 6039 6118
f 6038 6118 6117
f 6039 6040 6119
f 6039 6119 6118
f 6040 6041 6120
f 6040 6120 6119
f 6041 6042 6121
f 6041 6121 6120
f 6042 6043 6122
f 6042 6122 6121
f 6043 6044 6123
f 6043 6123 6122
f 6044 6045 6124
f 6044 6124 6123
f 6045 6046 6125
f 6045 6125 6124
f 6046 6047 6126
f 6046 6126 6125
f 6047 6048 6127
f 6047 6127 6126
f 6048 6049 6128
f 6048 6128 6127
f 6049 6050 6129
f 6049 6129 6128
f 6050 6051 6130
f 6050 6130 6129
f 6051 6052 6131
f 6051 6131 6130
f 6052 6053 6132
f 6052 6132 6131
f 6053 6054 6133
f 6053 6133 6132
f 6054 6055 6134
f 6054 6134 6133
f 6055 6056 6135
f 6055 6135 6134
f 6056 6057 6136
f 6056 6136 6135
f 6057 6058 6137
f 6057 6137 6136
f 6058 6059 6138
f 6058 6138 6137
f 6059 6060 6139
f 6059 6139 6138
f 6060 6061 6140
f 6060 6140 6139
f 6061 6062 6141
f 6061 6141 6140
f 6062 6063 6142
f 6062 6142 6141
f 6063 6064 6143
f 6063 6143 6142
f 6064 6065 6144
f 6064 6144 6143
f 6065 6066 6145
f 6065 6145 6144
f 6066 6067 6146
f 6066 6146 6145
f 6067 6068 6147
f 6067 6147 6146
f 6068 6069 6148
f 6068 6148 6147
f 6069 6070 6149
f 6069 6149 6148
f 6070 6071 6150
f 6070 6150 6149
f 6071 6072 6151
f 6071 6151 6150
f 6072 6073 6152
f 6072 6152 6151
f 6073 6074 6153
f 6073 6153 6152
f 6074 6075 6154
f 6074 6154 6153
f 6075 6076 6155
f 6075 6155 6154
f 6076 6077 6156
f 6076 6156 6155
f 6077 6078 6157
f 6077 6157 6156
f 6078 6079 6158
f 6078 6158 6157
f 6079 6080 6159
f 6079 6159 6158
f 6080 6081 6160
f 6080 6160 6159
f 6081 6082 6161
f 6081 6161 6160
f 6082 6083 6162
f 6082 6162 6161
f 6083 6084 6163
f 6083 6163 6162
f 6084 6085 6164
f 6084 6164 6163
f 6085 6086 6165
f 6085 6165 6164
f 6086 6087 6166
f 6086 6166 6165
f 6087 6088 6167
f 6087 6167 6166
f 6089 6090 6169
f 6089 6169 6168
f 6090 6091 6170
f 6090 6170 6169
f 6091 6092 6171
f 6091 6171 6170
f 6092 6093 6172
f 6092 6172 6171
f 6093 6094 6173
f 6093 6173 6172
f 6094 6095 6174
f 6094 6174 6173
f 6095 6017 6096
f 6095 6096 6174
f 6096 6097 6176
f 6096 6176 6175
f 6097 6098 6177
f 6097 6177 6176
f 6098 6099 6178
f 6098 6178 6177
f 6099 6100 6179
f 6099 6179 6178
f 6100 6101 6180
f 6100 6180 6179
f 6101 6102 6181
f 6101 6181 6180
f 6102 6103 6182
f 6102 6182 6181
f 6103 6104 6183
f 6103 6183 6182
f 6104 6105 6184
f 6104 6184 6183
f 6105 6106 6185
f 6105 6185 6184
f 6106 6107 6186
f 6106 6186 6185
f 6107 6108 6187
f 6107 6187 6186
f 6108 6109 6188
f 6108 6188 6187
f 6109 6110 6189
f 6109 6189 6188
f 6110 6111 6190
f 6110 6190 6189
f 6111 6112 6191
f 6111 6191 6190
f 6112 6113 6192
f 6112 6192 6191
f 6113 6114 6193
f 6113 6193 6192
f 6114 6115 6194
f 6114 6194 6193
f 6115 6116 6195
f 6115 6195 6194
f 6116 6117 6196
f 6116 6196 6195
f 6117 6118 6197
f 6117 6197 6196
f 6118 6119 6198
f 6118 6198 6197
f 6119 6120 6199
f 6119 6199 6198
f 6120 6121 6200
f 6120 6200 6199
f 6121 6122 6201
f 6121 6201 6200
f 6122 6123 6202
f 6122 6202 6201
f 6123 6124 6203
f 6123 6203 6202
f 6124 6125 6204
f 6124 6204 6203
f 6125 6126 6205
f 6125 6205 6204
f 6126 6127 6206
f 6126 6206 6205
f 6127 6128 6207
f 6127 6207 6206
f 6128 6129 6208
f 6128 6208 6207
f 6129 6130 6209
f 6129 6209 6208
f 6130 6131 6210
f 6130 6210 6209
f 6131 6132 6211
f 6131 6211 6210
f 6132 6133 6212
f 6132 6212 6211
f 6133 6134 6213
f 6133 6213 6212
f 6134 6135 6214
f 6134 6214 6213
f 6135 6136 6215
f 6135 6215 6214
f 6136 6137 6216
f 6136 6216 6215
f 6137 6138 6217
f 6137 6217 6216
f 6138 6139 6218
f 6138 6218 6217
f 6139 6140 6219
f 6139 6219 6218
f 6140 6141 6220
f 6140 6220 6219
f 6141 6142 6221
f 6141 6221 6220
f 6142 6143 6222
f 6142 6222 6221
f 6143 6144 6223
f 6143 6223 6222
f 6144 6145 6224
f 6144 6224 6223
f 6145 6146 6225
f 6145 6225 6224
f 6146 6147 6226
f 6146 6226 6225
f 6147 6148 6227
f 6147 6227 6226
f 6148 6149 6228
f 6148 6228 6227
f 6149 6150 6229
f 6149 6229 6228
f 6150 6151 6230
f 6150 6230 6229
f 6151 6152 6231
f 6151 6231 6230
f 6152 6153 6232
f 6152 6232 6231
f 6153 6154 6233
f 6153 6233 6232
f 6154 6155 6234
f 6154 6234 6233
f 6155 6156 6235
f 6155 6235 6234
f 6156 6157 6236
f 6156 6236 6235
f 6157 6158 6237
f 6157 6237 6236
f 6158 6159 6238
f 6158 6238 6237
f 6159 6160 6239
f 6159 6239 6238
f 6160 6161 6240
f 6160 6240 6239
f 6161 6162 6241
f 6161 6241 6240
f 6162 6163 6242
f 6162 6242 6241
f 6163 6164 6243
f 6163 6243 6242
f 6164 6165 6244
f 6164 6244 6243
f 6165 6166 6245
f 6165 6245 6244
f 6166 6167 6246
f 6166 6246 6245
f 6168 6169 6248
f 6168 6248 6247
f 6169 6170 6249
f 6169 6249 6248
f 6170 6171 6250
f 6170 6250 6249
f 6171 6172 6251
f 6171 6251 6250
f 6172 6173 6252
f 6172 6252 6251
f 6173 6174 6253
f 6173 6253 6252
f 6174 6096 6175
f 6174 6175 6253
f 6175 6176 6255
f 6175 6255 6254
f 6176 6177 6256
f 6176 6256 6255
f 6177 6178 6257
f 6177 6257 6256
f 6178 6179 6258
f 6178 6258 6257
f 6179 6180 6259
f 6179 6259 6258
f 6180 6181 6260
f 6180 6260 6259
f 6181 6182 6261
f 6181 6261 6260
f 6182 6183 6262
f 6182 6262 6261
f 6183 6184 6263
f 6183 6263 6262
f 6184 6185 6264
f 6184 6264 6263
f 6185 6186 6265
f 6185 6265 6264
f 6186 6187 6266
f 6186 6266 6265
f 6187 6188 6267
f 6187 6267 6266
f 6188 6189 6268
f 6188 6268 6267
f 6189 6190 6269
f 6189 6269 6268
f 6190 6191 6270
f 6190 6270 6269
f 6191 6192 6271
f 6191 6271 6270
f 6192 6193 6272
f 6192 6272 6271
f 6193 6194 6273
f 6193 6273 6272
f 6194 6195 6274
f 6194 6274 6273
f 6195 6196 6275
f 6195 6275 6274
f 6196 6197 6276
f 6196 6276 6275
f 6197 6198 6277
f 6197 6277 6276
f 6198 6199 6278
f 6198 6278 6277
f 6199 6200 6279
f 6199 6279 6278
f 6200 6201 6280
f 6200 6280 6279
f 6201 6202 6281
f 6201 6281 6280
f 6202 6203 6282
f 6202 6282 6281
f 6203 6204 6283
f 6203 6283 6282
f 6204 6205 6284
f 6204 6284 6283
f 6205 6206 6285
f 6205 6285 6284
f 6206 6207 6286
f 6206 6286 6285
f 6207 6208 6287
f 6207 6287 6286
f 6208 6209 6288
f 6208 6288 6287
f 6209 6210 6289
f 6209 6289 6288
f 6210 6211 6290
f 6210 6290 6289
f 6211 6212 6291
f 6211 6291 6290
f 6212 6213 6292
f 6212 6292 6291
f 6213 6214 6293
f 6213 6293 6292
f 6214 6215 6294
f 6214 6294 6293
f 6215 6216 6295
f 6215 6295 6294
f 6216 6217 6296
f 6216 6296 6295
f 6217 6218 6297
f 6217 6297 6296
f 6218 6219 6298
f 6218 6298 6297
f 6219 6220 6299
f 6219 6299 6298
f 6220 6221 6300
f 6220 6300 6299
f 6221 6222 6301
f 6221 6301 6300
f 6222 6223 6302
f 6222 6302 6301
f 6223 6224 6303
f 6223 6303 6302
f 6224 6225 6304
f 6224 6304 6303
f 6225 6226 6305
f 6225 6305 6304
f 6226 6227 6306
f 6226 6306 6305
f 6227 6228 6307
f 6227 6307 6306
f 6228 6229 6308
f 6228 6308 6307
f 6229 6230 6309
f 6229 6309 6308
f 6230 6231 6310
f 6230 6310 6309
f 6231 6232 6311
f 6231 6311 6310
f 6232 6233 6312
f 6232 6312 6311
f 6233 6234 6313
f 6233 6313 6312
f 6234 6235 6314
f 6234 6314 6313
f 6235 6236 6315
f 6235 6315 6314
f 6236 6237 6316
f 6236 6316 6315
f 6237 6238 6317
f 6237 6317 6316
f 6238 6239 6318
f 6238 6318 6317
f 6239 6240 6319
f 6239 6319 6318
f 6240 6241 6320
f 6240 6320 6319
f 6241 6242 6321
f 6241 6321 6320
f 6242 6243 6322
f 6242 6322 6321
f 6243 6244 6323
f 6243 6323 6322
f 6244 6245 6324
f 6244 6324 6323
f 6245 6246 6325
f 6245 6325 6324
f 6247 6248 6327
f 6247 6327 6326
f 6248 6249 6328
f 6248 6328 6327
f 6249 6250 6329
f 6249 6329 6328
f 6250 6251 6330
f 6250 6330 6329
f 6251 6252 6331
f 6251 6331 6330
f 6252 6253 6332
f 6252 6332 6331
f 6253 6175 6254
f 6253 6254 6332
f 6254 6255 6334
f 6254 6334 6333
f 6255 6256 6335
f 6255 6335 6334
f 6256 6257 6336
f 6256 6336 6335
f 6257 6258 6337
f 6257 6337 6336
f 6258 6259 6338
f 6258 6338 6337
f 6259 6260 6339
f 6259 6339 6338
f 6260 6261 6340
f 6260 6340 6339
f 6261 6262 6341
f 6261 6341 6340
f 6262 6263 6342
f 6262 6342 6341
f 6263 6264 6343
f 6263 6343 6342
f 6264 6265 6344
f 6264 6344 6343
f 6265 6266 6345
f 6265 6345 6344
f 6266 6267 6346
f 6266 6346 6345
f 6267 6268 6347
f 6267 6347 6346
f 6268 6269 6348
f 6268 6348 6347
f 6269 6270 6349
f 6269 6349 6348
f 6270 6271 6350
f 6270 6350 6349
f 6271 6272 6351
f 6271 6351 6350
f 6272 6273 6352
f 6272 6352 6351
f 6273 6274 6353
f 6273 6353 6352
f 6274 6275 6354
f 6274 6354 6353
f 6275 6276 6355
f 6275 6355 6354
f 6276 6277 6356
f 6276 6356 6355
f 6277 6278 6357
f 6277 6357 6356
f 6278 6279 6358
f 6278 6358 6357
f 6279 6280 6359
f 6279 6359 6358
f 6280 6281 6360
f 6280 6360 6359
f 6281 6282 6361
f 6281 6361 6360
f 6282 6283 6362
f 6282 6362 6361
f 6283 6284 6363
f 6283 6363 6362
f 6284 6285 6364
f 6284 6364 6363
f 6285 6286 6365
f 6285 6365 6364
f 6286 6287 6366
f 6286 6366 6365
f 6287 6288 6367
f 6287 6367 6366
f 6288 6289 6368
f 6288 6368 6367
f 6289 6290 6369
f 6289 6369 6368
f 6290 6291 6370
f 6290 6370 6369
f 6291 6292 6371
f 6291 6371 6370
f 6292 6293 6372
f 6292 6372 6371
f 6293 6294 6373
f 6293 6373 6372
f 6294 6295 6374
f 6294 6374 6373
f 6295 6296 6375
f 6295 6375 6374
f 6296 6297 6376
f 6296 6376 6375
f 6297 6298 6377
f 6297 6377 6376
f 6298 6299 6378
f 6298 6378 6377
f 6299 6300 6379
f 6299 6379 6378
f 6300 6301 6380
f 6300 6380 6379
f 6301 6302 6381
f 6301 6381 6380
f 6302 6303 6382
f 6302 6382 6381
f 6303 6304 6383
f 6303 6383 6382
f 6304 6305 6384
f 6304 6384 6383
f 6305 6306 6385
f 6305 6385 6384
f 6306 6307 6386
f 6306 6386 6385
f 6307 6308 6387
f 6307 6387 6386
f 6308 6309 6388
f 6308 6388 6387
f 6309 6310 6389
f 6309 6389 6388
f 6310 6311 6390
f 6310 6390 6389
f 6311 6312 6391
f 6311 6391 6390
f 6312 6313 6392
f 6312 6392 6391
f 6313 6314 6393
f 6313 6393 6392
f 6314 6315 6394
f 6314 6394 6393
f 6315 6316 6395
f 6315 6395 6394
f 6316 6317 6396
f 6316 6396 6395
f 6317 6318 6397
f 6317 6397 6396
f 6318 6319 6398
f 6318 6398 6397
f 6319 6320 6399
f 6319 6399 6398
f 6320 6321 6400
f 6320 6400 6399
f 6321 6322 6401
f 6321 6401 6400
f 6322 6323 6402
f 6322 6402 6401
f 6323 6324 6403
f 6323 6403 6402
f 6324 6325 6404
f 6324 6404 6403
f 6326 6327 6406
f 6326 6406 6405
f 6327 6328 6407
f 6327 6407 6406
f 6328 6329 6408
f 6328 6408 6407
f 6329 6330 6409
f 6329 6409 6408
f 6330 6331 6410
f 6330 6410 6409
f 6331 6332 6411
f 6331 6411 6410
f 6332 6254 6333
f 6332 6333 6411
f 6333 6334 6413
f 6333 6413 6412
f 6334 6335 6414
f 6334 6414 6413
f 6335 6336 6415
f 6335 6415 6414
f 6336 6337 6416
f 6336 6416 6415
f 6337 6338 6417
f 6337 6417 6416
f 6338 6339 6418
f 6338 6418 6417
f 6339 6340 6419
f 6339 6419 6418
f 6340 6341 6420
f 6340 6420 6419
f 6341 6342 6421
f 6341 6421 6420
f 6342 6343 6422
f 6342 6422 6421
f 6343 6344 6423
f 6343 6423 6422
f 6344 6345 6424
f 6344 6424 6423
f 6345 6346 6425
f 6345 6425 6424
f 6346 6347 6426
f 6346 6426 6425
f 6347 6348 6427
f 6347 6427 6426
f 6348 6349 6428
f 6348 6428 6427
f 6349 6350 6429
f 6349 6429 6428
f 6350 6351 6430
f 6350 6430 6429
f 6351 6352 6431
f 6351 6431 6430
f 6352 6353 6432
f 6352 6432 6431
f 6353 6354 6433
f 6353 6433 6432
f 6354 6355 6434
f 6354 6434 6433
f 6355 6356 6435
f 6355 6435 6434
f 6356 6357 6436
f 6356 6436 6435
f 6357 6358 6437
f 6357 6437 6436
f 6358 6359 6438
f 6358 6438 6437
f 6359 6360 6439
f 6359 6439 6438
f 6360 6361 6440
f 6360 6440 6439
f 6361 6362 6441
f 6361 6441 6440
f 6362 6363 6442
f 6362 6442 6441
f 6363 6364 6443
f 6363 6443 6442
f 6364 6365 6444
f 6364 6444 6443
f 6365 6366 6445
f 6365 6445 6444
f 6366 6367 6446
f 6366 6446 6445
f 6367 6368 6447
f 6367 6447 6446
f 6368 6369 6448
f 6368 6448 6447
f 6369 6370 6449
f 6369 6449 6448
f 6370 6371 6450
f 6370 6450 6449
f 6371 6372 6451
f 6371 6451 6450
f 6372 6373 6452
f 6372 6452 6451
f 6373 6374 6453
f 6373 6453 6452
f 6374 6375 6454
f 6374 6454 6453
f 6375 6376 6455
f 6375 6455 6454
f 6376 6377 6456
f 6376 6456 6455
f 6377 6378 6457
f 6377 6457 6456
f 6378 6379 6458
f 6378 6458 6457
f 6379 6380 6459
f 6379 6459 6458
f 6380 6381 6460
f 6380 6460 6459
f 6381 6382 6461
f 6381 6461 6460
f 6382 6383 6462
f 6382 6462 6461
f 6383 6384 6463
f 6383 6463 6462
f 6384 6385 6464
f 6384 6464 6463
f 6385 6386 6465
f 6385 6465 6464
f 6386 6387 6466
f 6386 6466 6465
f 6387 6388 6467
f 6387 6467 6466
f 6388 6389 6468
f 6388 6468 6467
f 6389 6390 6469
f 6389 6469 6468
f 6390 6391 6470
f 6390 6470 6469
f 6391 6392 6471
f 6391 6471 6470
f 6392 6393 6472
f 6392 6472 6471
f 6393 6394 6473
f 6393 6473 6472
f 6394 6395 6474
f 6394 6474 6473
f 6395 6396 6475
f 6395 6475 6474
f 6396 6397 6476
f 6396 6476 6475
f 6397 6398 6477
f 6397 6477 6476
f 6398 6399 6478
f 6398 6478 6477
f 6399 6400 6479
f 6399 6479 6478
f 6400 6401 6480
f 6400 6480 6479
f 6401 6402 6481
f 6401 6481 6480
f 6402 6403 6482
f 6402 6482 6481
f 6403 6404 6483
f 6403 6483 6482
f 6405 6406 6485
f 6405 6485 6484
f 6406 6407 6486
f 6406 6486 6485
f 6407 6408 6487
f 6407 6487 6486
f 6408 6409 6488
f 6408 6488 6487
f 6409 6410 6489
f 6409 6489 6488
f 6410 6411 6490
f 6410 6490 6489
f 6411 6333 6412
f 6411 6412 6490
f 6412 6413 6492
f 6412 6492 6491
f 6413 6414 6493
f 6413 6493 6492
f 6414 6415 6494
f 6414 6494 6493
f 6415 6416 6495
f 6415 6495 6494
f 6416 6417 6496
f 6416 6496 6495
f 6417 6418 6497
f 6417 6497 6496
f 6418 6419 6498
f 6418 6498 6497
f 6419 6420 6499
f 6419 6499 6498
f 6420 6421 6500
f 6420 6500 6499
f 6421 6422 6501
f 6421 6501 6500
f 6422 6423 6502
f 6422 6502 6501
f 6423 6424 6503
f 6423 6503 6502
f 6424 6425 6504
f 6424 6504 6503
f 6425 6426 6505
f 6425 6505 6504
f 6426 6427 6506
f 6426 6506 6505
f 6427 6428 6507
f 6427 6507 6506
f 6428 6429 6508
f 6428 6508 6507
f 6429 6430 6509
f 6429 6509 6508
f 6430 6431 6510
f 6430 6510 6509
f 6431 6432 6511
f 6431 6511 6510
f 6432 6433 6512
f 6432 6512 6511
f 6433 6434 6513
f 6433 6513 6512
f 6434 6435 6514
f 6434 6514 6513
f 6435 6436 6515
f 6435 6515 6514
f 6436 6437 6516
f 6436 6516 6515
f 6437 6438 6517
f 6437 6517 6516
f 6438 6439 6518
f 6438 6518 6517
f 6439 6440 6519
f 6439 6519 6518
f 6440 6441 6520
f 6440 6520 6519
f 6441 6442 6521
f 6441 6521 6520
f 6442 6443 6522
f 6442 6522 6521
f 6443 6444 6523
f 6443 6523 6522
f 6444 6445 6524
f 6444 6524 6523
f 6445 6446 6525
f 6445 6525 6524
f 6446 6447 6526
f 6446 6526 6525
f 6447 6448 6527
f 6447 6527 6526
f 6448 6449 6528
f 6448 6528 6527
f 6449 6450 6529
f 6449 6529 6528
f 6450 6451 6530
f 6450 6530 6529
f 6451 6452 6531
f 6451 6531 6530
f 6452 6453 6532
f 6452 6532 6531
f 6453 6454 6533
f 6453 6533 6532
f 6454 6455 6534
f 6454 6534 6533
f 6455 6456 6535
f 6455 6535 6534
f 6456 6457 6536
f 6456 6536 6535
f 6457 6458 6537
f 6457 6537 6536
f 6458 6459 6538
f 6458 6538 6537
f 6459 6460 6539
f 6459 6539 6538
f 6460 6461 6540
f 6460 6540 6539
f 6461 6462 6541
f 6461 6541 6540
f 6462 6463 6542
f 6462 6542 6541
f 6463 6464 6543
f 6463 6543 6542
f 6464 6465 6544
f 6464 6544 6543
f 6465 6466 6545
f 6465 6545 6544
f 6466 6467 6546
f 6466 6546 6545
f 6467 6468 6547
f 6467 6547 6546
f 6468 6469 6548
f 6468 6548 6547
f 6469 6470 6549
f 6469 6549 6548
f 6470 6471 6550
f 6470 6550 6549
f 6471 6472 6551
f 6471 6551 6550
f 6472 6473 6552
f 6472 6552 6551
f 6473 6474 6553
f 6473 6553 6552
f 6474 6475 6554
f 6474 6554 6553
f 6475 6476 6555
f 6475 6555 6554
f 6476 6477 6556
f 6476 6556 6555
f 6477 6478 6557
f 6477 6557 6556
f 6478 6479 6558
f 6478 6558 6557
f 6479 6480 6559
f 6479 6559 6558
f 6480 6481 6560
f 6480 6560 6559
f 6481 6482 6561
f 6481 6561 6560
f 6482 6483 6562
f 6482 6562 6561
f 6484 6485 6564
f 6484 6564 6563
f 6485 6486 6565
f 6485 6565 6564
f 6486 6487 6566
f 6486 6566 6565
f 6487 6488 6567
f 6487 6567 6566
f 6488 6489 6568
f 6488 6568 6567
f 6489 6490 6569
f 6489 6569 6568
f 6490 6412 6491
f 6490 6491 6569
f 6491 6492 6571
f 6491 6571 6570
f 6492 6493 6572
f 6492 6572 6571
f 6493 6494 6573
f 6493 6573 6572
f 6494 6495 6574
f 6494 6574 6573
f 6495 6496 6575
f 6495 6575 6574
f 6496 6497 6576
f 6496 6576 6575
f 6497 6498 6577
f 6497 6577 6576
f 6498 6499 6578
f 6498 6578 6577
f 6499 6500 6579
f 6499 6579 6578
f 6500 6501 6580
f 6500 6580 6579
f 6501 6502 6581
f 6501 6581 6580
f 6502 6503 6582
f 6502 6582 6581
f 6503 6504 6583
f 6503 6583 6582
f 6504 6505 6584
f 6504 6584 6583
f 6505 6506 6585
f 6505 6585 6584
f 6506 6507 6586
f 6506 6586 6585
f 6507 6508 6587
f 6507 6587 6586
f 6508 6509 6588
f 6508 6588 6587
f 6509 6510 6589
f 6509 6589 6588
f 6510 6511 6590
f 6510 6590 6589
f 6511 6512 6591
f 6511 6591 6590
f 6512 6513 6592
f 6512 6592 6591
f 6513 6514 6593
f 6513 6593 6592
f 6514 6515 6594
f 6514 6594 6593
f 6515 6516 6595
f 6515 6595 6594
f 6516 6517 6596
f 6516 6596 6595
f 6517 6518 6597
f 6517 6597 6596
f 6518 6519 6598
f 6518 6598 6597
f 6519 6520 6599
f 6519 6599 6598
f 6520 6521 6600
f 6520 6600 6599
f 6521 6522 6601
f 6521 6601 6600
f 6522 6523 6602
f 6522 6602 6601
f 6523 6524 6603
f 6523 6603 6602
f 6524 6525 6604
f 6524 6604 6603
f 6525 6526 6605
f 6525 6605 6604
f 6526 6527 6606
f 6526 6606 6605
f 6527 6528 6607
f 6527 6607 6606
f 6528 6529 6608
f 6528 6608 6607
f 6529 6530 6609
f 6529 6609 6608
f 6530 6531 6610
f 6530 6610 6609
f 6531 6532 6611
f 6531 6611 6610
f 6532 6533 6612
f 6532 6612 6611
f 6533 6534 6613
f 6533 6613 6612
f 6534 6535 6614
f 6534 6614 6613
f 6535 6536 6615
f 6535 6615 6614
f 6536 6537 6616
f 6536 6616 6615
f 6537 6538 6617
f 6537 6617 6616
f 6538 6539 6618
f 6538 6618 6617
f 6539 6540 6619
f 6539 6619 6618
f 6540 6541 6620
f 6540 6620 6619
f 6541 6542 6621
f 6541 6621 6620
f 6542 6543 6622
f 6542 6622 6621
f 6543 6544 6623
f 6543 6623 6622
f 6544 6545 6624
f 6544 6624 6623
f 6545 6546 6625
f 6545 6625 6624
f 6546 6547 6626
f 6546 6626 6625
f 6547 6548 6627
f 6547 6627 6626
f 6548 6549 6628
f 6548 6628 6627
f 6549 6550 6629
f 6549 6629 6628
f 6550 6551 6630
f 6550 6630 6629
f 6551 6552 6631
f 6551 6631 6630
f 6552 6553 6632
f 6552 6632 6631
f 6553 6554 6633
f 6553 6633 6632
f 6554 6555 6634
f 6554 6634 6633
f 6555 6556 6635
f 6555 6635 6634
f 6556 6557 6636
f 6556 6636 6635
f 6557 6558 6637
f 6557 6637 6636
f 6558 6559 6638
f 6558 6638 6637
f 6559 6560 6639
f 6559 6639 6638
f 6560 6561 6640
f 6560 6640 6639
f 6561 6562 6641
f 6561 6641 6640
f 6563 6564 6643
f 6563 6643 6642
f 6564 6565 6644
f 6564 6644 6643
f 6565 6566 6645
f 6565 6645 6644
f 6566 6567 6646
f 6566 6646 6645
f 6567 6568 6647
f 6567 6647 6646
f 6568 6569 6648
f 6568 6648 6647
f 6569 6491 6570
f 6569 6570 6648
f 6570 6571 6650
f 6570 6650 6649
f 6571 6572 6651
f 6571 6651 6650
f 6572 6573 6652
f 6572 6652 6651
f 6573 6574 6653
f 6573 6653 6652
f 6574 6575 6654
f 6574 6654 6653
f 6575 6576 6655
f 6575 6655 6654
f 6576 6577 6656
f 6576 6656 6655
f 6577 6578 6657
f 6577 6657 6656
f 6578 6579 6658
f 6578 6658 6657
f 6579 6580 6659
f 6579 6659 6658
f 6580 6581 6660
f 6580 6660 6659
f 6581 6582 6661
f 6581 6661 6660
f 6582 6583 6662
f 6582 6662 6661
f 6583 6584 6663
f 6583 6663 6662
f 6584 6585 6664
f 6584 6664 6663
f 6585 6586 6665
f 6585 6665 6664
f 6586 6587 6666
f 6586 6666 6665
f 6587 6588 6667
f 6587 6667 6666
f 6588 6589 6668
f 6588 6668 6667
f 6589 6590 6669
f 6589 6669 6668
f 6590 6591 6670
f 6590 6670 6669
f 6591 6592 6671
f 6591 6671 6670
f 6592 6593 6672
f 6592 6672 6671
f 6593 6594 6673
f 6593 6673 6672
f 6594 6595 6674
f 6594 6674 6673
f 6595 6596 6675
f 6595 6675 6674
f 6596 6597 6676
f 6596 6676 6675
f 6597 6598 6677
f 6597 6677 6676
f 6598 6599 6678
f 6598 6678 6677
f 6599 6600 6679
f 6599 6679 6678
f 6600 6601 6680
f 6600 6680 6679
f 6601 6602 6681
f 6601 6681 6680
f 6602 6603 6682
f 6602 6682 6681
f 6603 6604 6683
f 6603 6683 6682
f 6604 6605 6684
f 6604 6684 6683
f 6605 6606 6685
f 6605 6685 6684
f 6606 6607 6686
f 6606 6686 6685
f 6607 6608 6687
f 6607 6687 6686
f 6608 6609 6688
f 6608 6688 6687
f 6609 6610 6689
f 6609 6689 6688
f 6610 6611 6690
f 6610 6690 6689
f 6611 6612 6691
f 6611 6691 6690
f 6612 6613 6692
f 6612 6692 6691
f 6613 6614 6693
f 6613 6693 6692
f 6614 6615 6694
f 6614 6694 6693
f 6615 6616 6695
f 6615 6695 6694
f 6616 6617 6696
f 6616 6696 6695
f 6617 6618 6697
f 6617 6697 6696
f 6618 6619 6698
f 6618 6698 6697
f 6619 6620 6699
f 6619 6699 6698
f 6620 6621 6700
f 6620 6700 6699
f 6621 6622 6701
f 6621 6701 6700
f 6622 6623 6702
f 6622 6702 6701
f 6623 6624 6703
f 6623 6703 6702
f 6624 6625 6704
f 6624 6704 6703
f 6625 6626 6705
f 6625 6705 6704
f 6626 6627 6706
f 6626 6706 6705
f 6627 6628 6707
f 6627 6707 6706
f 6628 6629 6708
f 6628 6708 6707
f 6629 6630 6709
f 6629 6709 6708
f 6630 6631 6710
f 6630 6710 6709
f 6631 6632 6711
f 6631 6711 6710
f 6632 6633 6712
f 6632 6712 6711
f 6633 6634 6713
f 6633 6713 6712
f 6634 6635 6714
f 6634 6714 6713
f 6635 6636 6715
f 6635 6715 6714
f 6636 6637 6716
f 6636 6716 6715
f 6637 6638 6717
f 6637 6717 6716
f 6638 6639 6718
f 6638 6718 6717
f 6639 6640 6719
f 6639 6719 6718
f 6640 6641 6720
f 6640 6720 6719
f 6642 6643 6722
f 6642 6722 6721
f 6643 6644 6723
f 6643 6723 6722
f 6644 6645 6724
f 6644 6724 6723
f 6645 6646 6725
f 6645 6725 6724
f 6646 6647 6726
f 6646 6726 6725
f 6647 6648 6727
f 6647 6727 6726
f 6648 6570 6649
f 6648 6649 6727
f 6649 6650 6729
f 6649 6729 6728
f 6650 6651 6730
f 6650 6730 6729
f 6651 6652 6731
f 6651 6731 6730
f 6652 6653 6732
f 6652 6732 6731
f 6653 6654 6733
f 6653 6733 6732
f 6654 6655 6734
f 6654 6734 6733
f 6655 6656 6735
f 6655 6735 6734
f 6656 6657 6736
f 6656 6736 6735
f 6657 6658 6737
f 6657 6737 6736
f 6658 6659 6738
f 6658 6738 6737
f 6659 6660 6739
f 6659 6739 6738
f 6660 6661 6740
f 6660 6740 6739
f 6661 6662 6741
f 6661 6741 6740
f 6662 6663 6742
f 6662 6742 6741
f 6663 6664 6743
f 6663 6743 6742
f 6664 6665 6744
f 6664 6744 6743
f 6665 6666 6745
f 6665 6745 6744
f 6666 6667 6746
f 6666 6746 6745
f 6667 6668 6747
f 6667 6747 6746
f 6668 6669 6748
f 6668 6748 6747
f 6669 6670 6749
f 6669 6749 6748
f 6670 6671 6750
f 6670 6750 6749
f 6671 6672 6751
f 6671 6751 6750
f 6672 6673 6752
f 6672 6752 6751
f 6673 6674 6753
f 6673 6753 6752
f 6674 6675 6754
f 6674 6754 6753
f 6675 6676 6755
f 6675 6755 6754
f 6676 6677 6756
f 6676 6756 6755
f 6677 6678 6757
f 6677 6757 6756
f 6678 6679 6758
f 6678 6758 6757
f 6679 6680 6759
f 6679 6759 6758
f 6680 6681 6760
f 6680 6760 6759
f 6681 6682 6761
f 6681 6761 6760
f 6682 6683 6762
f 6682 6762 6761
f 6683 6684 6763
f 6683 6763 6762
f 6684 6685 6764
f 6684 6764 6763
f 6685 6686 6765
f 6685 6765 6764
f 6686 6687 6766
f 6686 6766 6765
f 6687 6688 6767
f 6687 6767 6766
f 6688 6689 6768
f 6688 6768 6767
f 6689 6690 6769
f 6689 6769 6768
f 6690 6691 6770
f 6690 6770 6769
f 6691 6692 6771
f 6691 6771 6770
f 6692 6693 6772
f 6692 6772 6771
f 6693 6694 6773
f 6693 6773 6772
f 6694 6695 6774
f 6694 6774 6773
f 6695 6696 6775
f 6695 6775 6774
f 6696 6697 6776
f 6696 6776 6775
f 6697 6698 6777
f 6697 6777 6776
f 6698 6699 6778
f 6698 6778 6777
f 6699 6700 6779
f 6699 6779 6778
f 6700 6701 6780
f 6700 6780 6779
f 6701 6702 6781
f 6701 6781 6780
f 6702 6703 6782
f 6702 6782 6781
f 6703 6704 6783
f 6703 6783 6782
f 6704 6705 6784
f 6704 6784 6783
f 6705 6706 6785
f 6705 6785 6784
f 6706 6707 6786
f 6706 6786 6785
f 6707 6708 6787
f 6707 6787 6786
f 6708 6709 6788
f 6708 6788 6787
f 6709 6710 6789
f 6709 6789 6788
f 6710 6711 6790
f 6710 6790 6789
f 6711 6712 6791
f 6711 6791 6790
f 6712 6713 6792
f 6712 6792 6791
f 6713 6714 6793
f 6713 6793 6792
f 6714 6715 6794
f 6714 6794 6793
f 6715 6716 6795
f 6715 6795 6794
f 6716 6717 6796
f 6716 6796 6795
f 6717 6718 6797
f 6717 6797 6796
f 6718 6719 6798
f 6718 6798 6797
f 6719 6720 6799
f 6719 6799 6798
f 6721 6722 6801
f 6721 6801 6800
f 6722 6723 6802
f 6722 6802 6801
f 6723 6724 6803
f 6723 6803 6802
f 6724 6725 6804
f 6724 6804 6803
f 6725 6726 6805
f 6725 6805 6804
f 6726 6727 6806
f 6726 6806 6805
f 6727 6649 6728
f 6727 6728 6806
f 6728 6729 6808
f 6728 6808 6807
f 6729 6730 6809
f 6729 6809 6808
f 6730 6731 6810
f 6730 6810 6809
f 6731 6732 6811
f 6731 6811 6810
f 6732 6733 6812
f 6732 6812 6811
f 6733 6734 6813
f 6733 6813 6812
f 6734 6735 6814
f 6734 6814 6813
f 6735 6736 6815
f 6735 6815 6814
f 6736 6737 6816
f 6736 6816 6815
f 6737 6738 6817
f 6737 6817 6816
f 6738 6739 6818
f 6738 6818 6817
f 6739 6740 6819
f 6739 6819 6818
f 6740 6741 6820
f 6740 6820 6819
f 6741 6742 6821
f 6741 6821 6820
f 6742 6743 6822
f 6742 6822 6821
f 6743 6744 6823
f 6743 6823 6822
f 6744 6745 6824
f 6744 6824 6823
f 6745 6746 6825
f 6745 6825 6824
f 6746 6747 6826
f 6746 6826 6825
f 6747 6748 6827
f 6747 6827 6826
f 6748 6749 6828
f 6748 6828 6827
f 6749 6750 6829
f 6749 6829 6828
f 6750 6751 6830
f 6750 6830 6829
f 6751 6752 6831
f 6751 6831 6830
f 6752 6753 6832
f 6752 6832 6831
f 6753 6754 6833
f 6753 6833 6832
f 6754 6755 6834
f 6754 6834 6833
f 6755 6756 6835
f 6755 6835 6834
f 6756 6757 6836
f 6756 6836 6835
f 6757 6758 6837
f 6757 6837 6836
f 6758 6759 6838
f 6758 6838 6837
f 6759 6760 6839
f 6759 6839 6838
f 6760 6761 6840
f 6760 6840 6839
f 6761 6762 6841
f 6761 6841 6840
f 6762 6763 6842
f 6762 6842 6841
f 6763 6764 6843
f 6763 6843 6842
f 6764 6765 6844
f 6764 6844 6843
f 6765 6766 6845
f 6765 6845 6844
f 6766 6767 6846
f 6766 6846 6845
f 6767 6768 6847
f 6767 6847 6846
f 6768 6769 6848
f 6768 6848 6847
f 6769 6770 6849
f 6769 6849 6848
f 6770 6771 6850
f 6770 6850 6849
f 6771 6772 6851
f 6771 6851 6850
f 6772 6773 6852
f 6772 6852 6851
f 6773 6774 6853
f 6773 6853 6852
f 6774 6775 6854
f 6774 6854 6853
f 6775 6776 6855
f 6775 6855 6854
f 6776 6777 6856
f 6776 6856 6855
f 6777 6778 6857
f 6777 6857 6856
f 6778 6779 6858
f 6778 6858 6857
f 6779 6780 6859
f 6779 6859 6858
f 6780 6781 6860
f 6780 6860 6859
f 6781 6782 6861
f 6781 6861 6860
f 6782 6783 6862
f 6782 6862 6861
f 6783 6784 6863
f 6783 6863 6862
f 6784 6785 6864
f 6784 6864 6863
f 6785 6786 6865
f 6785 6865 6864
f 6786 6787 6866
f 6786 6866 6865
f 6787 6788 6867
f 6787 6867 6866
f 6788 6789 6868
f 6788 6868 6867
f 6789 6790 6869
f 6789 6869 6868
f 6790 6791 6870
f 6790 6870 6869
f 6791 6792 6871
f 6791 6871 6870
f 6792 6793 6872
f 6792 6872 6871
f 6793 6794 6873
f 6793 6873 6872
f 6794 6795 6874
f 6794 6874 6873
f 6795 6796 6875
f 6795 6875 6874
f 6796 6797 6876
f 6796 6876 6875
f 6797 6798 6877
f 6797 6877 6876
f 6798 6799 6878
f 6798 6878 6877
f 6800 6801 6880
f 6800 6880 6879
f 6801 6802 6881
f 6801 6881 6880
f 6802 6803 6882
f 6802 6882 6881
f 6803 6804 6883
f 6803 6883 6882
f 6804 6805 6884
f 6804 6884 6883
f 6805 6806 6885
f 6805 6885 6884
f 6806 6728 6807
f 6806 6807 6885
f 6807 6808 6887
f 6807 6887 6886
f 6808 6809 6888
f 6808 6888 6887
f 6809 6810 6889
f 6809 6889 6888
f 6810 6811 6890
f 6810 6890 6889
f 6811 6812 6891
f 6811 6891 6890
f 6812 6813 6892
f 6812 6892 6891
f 6813 6814 6893
f 6813 6893 6892
f 6814 6815 6894
f 6814 6894 6893
f 6815 6816 6895
f 6815 6895 6894
f 6816 6817 6896
f 6816 6896 6895
f 6817 6818 6897
f 6817 6897 6896
f 6818 6819 6898
f 6818 6898 6897
f 6819 6820 6899
f 6819 6899 6898
f 6820 6821 6900
f 6820 6900 6899
f 6821 6822 6901
f 6821 6901 6900
f 6822 6823 6902
f 6822 6902 6901
f 6823 6824 6903
f 6823 6903 6902
f 6824 6825 6904
f 6824 6904 6903
f 6825 6826 6905
f 6825 6905 6904
f 6826 6827 6906
f 6826 6906 6905
f 6827 6828 6907
f 6827 6907 6906
f 6828 6829 6908
f 6828 6908 6907
f 6829 6830 6909
f 6829 6909 6908
f 6830 6831 6910
f 6830 6910 6909
f 6831 6832 6911
f 6831 6911 6910
f 6832 6833 6912
f 6832 6912 6911
f 6833 6834 6913
f 6833 6913 6912
f 6834 6835 6914
f 6834 6914 6913
f 6835 6836 6915
f 6835 6915 6914
f 6836 6837 6916
f 6836 6916 6915
f 6837 6838 6917
f 6837 6917 6916
f 6838 6839 6918
f 6838 6918 6917
f 6839 6840 6919
f 6839 6919 6918
f 6840 6841 6920
f 6840 6920 6919
f 6841 6842 6921
f 6841 6921 6920
f 6842 6843 6922
f 6842 6922 6921
f 6843 6844 6923
f 6843 6923 6922
f 6844 6845 6924
f 6844 6924 6923
f 6845 6846 6925
f 6845 6925 6924
f 6846 6847 6926
f 6846 6926 6925
f 6847 6848 6927
f 6847 6927 6926
f 6848 6849 6928
f 6848 6928 6927
f 6849 6850 6929
f 6849 6929 6928
f 6850 6851 6930
f 6850 6930 6929
f 6851 6852 6931
f 6851 6931 6930
f 6852 6853 6932
f 6852 6932 6931
f 6853 6854 6933
f 6853 6933 6932
f 6854 6855 6934
f 6854 6934 6933
f 6855 6856 6935
f 6855 6935 6934
f 6856 6857 6936
f 6856 6936 6935
f 6857 6858 6937
f 6857 6937 6936
f 6858 6859 6938
f 6858 6938 6937
f 6859 6860 6939
f 6859 6939 6938
f 6860 6861 6940
f 6860 6940 6939
f 6861 6862 6941
f 6861 6941 6940
f 6862 6863 6942
f 6862 6942 6941
f 6863 6864 6943
f 6863 6943 6942
f 6864 6865 6944
f 6864 6944 6943
f 6865 6866 6945
f 6865 6945 6944
f 6866 6867 6946
f 6866 6946 6945
f 6867 6868 6947
f 6867 6947 6946
f 6868 6869 6948
f 6868 6948 6947
f 6869 6870 6949
f 6869 6949 6948
f 6870 6871 6950
f 6870 6950 6949
f 6871 6872 6951
f 6871 6951 6950
f 6872 6873 6952
f 6872 6952 6951
f 6873 6874 6953
f 6873 6953 6952
f 6874 6875 6954
f 6874 6954 6953
f 6875 6876 6955
f 6875 6955 6954
f 6876 6877 6956
f 6876 6956 6955
f 6877 6878 6957
f 6877 6957 6956
f 6879 6880 6959
f 6879 6959 6958
f 6880 6881 6960
f 6880 6960 6959
f 6881 6882 6961
f 6881 6961 6960
f 6882 6883 6962
f 6882 6962 6961
f 6883 6884 6963
f 6883 6963 6962
f 6884 6885 6964
f 6884 6964 6963
f 6885 6807 6886
f 6885 6886 6964
f 6886 6887 6966
f 6886 6966 6965
f 6887 6888 6967
f 6887 6967 6966
f 6888 6889 6968
f 6888 6968 6967
f 6889 6890 6969
f 6889 6969 6968
f 6890 6891 6970
f 6890 6970 6969
f 6891 6892 6971
f 6891 6971 6970
f 6892 6893 6972
f 6892 6972 6971
f 6893 6894 6973
f 6893 6973 6972
f 6894 6895 6974
f 6894 6974 6973
f 6895 6896 6975
f 6895 6975 6974
f 6896 6897 6976
f 6896 6976 6975
f 6897 6898 6977
f 6897 6977 6976
f 6898 6899 6978
f 6898 6978 6977
f 6899 6900 6979
f 6899 6979 6978
f 6900 6901 6980
f 6900 6980 6979
f 6901 6902 6981
f 6901 6981 6980
f 6902 6903 6982
f 6902 6982 6981
f 6903 6904 6983
f 6903 6983 6982
f 6904 6905 6984
f 6904 6984 6983
f 6905 6906 6985
f 6905 6985 6984
f 6906 6907 6986
f 6906 6986 6985
f 6907 6908 6987
f 6907 6987 6986
f 6908 6909 6988
f 6908 6988 6987
f 6909 6910 6989
f 6909 6989 6988
f 6910 6911 6990
f 6910 6990 6989
f 6911 6912 6991
f 6911 6991 6990
f 6912 6913 6992
f 6912 6992 6991
f 6913 6914 6993
f 6913 6993 6992
f 6914 6915 6994
f 6914 6994 6993
f 6915 6916 6995
f 6915 6995 6994
f 6916 6917 6996
f 6916 6996 6995
f 6917 6918 6997
f 6917 6997 6996
f 6918 6919 6998
f 6918 6998 6997
f 6919 6920 6999
f 6919 6999 6998
f 6920 6921 7000
f 6920 7000 6999
f 6921 6922 7001
f 6921 7001 7000
f 6922 6923 7002
f 6922 7002 7001
f 6923 6924 7003
f 6923 7003 7002
f 6924 6925 7004
f 6924 7004 7003
f 6925 6926 7005
f 6925 7005 7004
f 6926 6927 7006
f 6926 7006 7005
f 6927 6928 7007
f 6927 7007 7006
f 6928 6929 7008
f 6928 7008 7007
f 6929 6930 7009
f 6929 7009 7008
f 6930 6931 7010
f 6930 7010 7009
f 6931 6932 7011
f 6931 7011 7010
f 6932 6933 7012
f 6932 7012 7011
f 6933 6934 7013
f 6933 7013 7012
f 6934 6935 7014
f 6934 7014 7013
f 6935 6936 7015
f 6935 7015 7014
f 6936 6937 7016
f 6936 7016 7015
f 6937 6938 7017
f 6937 7017 7016
f 6938 6939 7018
f 6938 7018 7017
f 6939 6940 7019
f 6939 7019 7018
f 6940 6941 7020
f 6940 7020 7019
f 6941 6942 7021
f 6941 7021 7020
f 6942 6943 7022
f 6942 7022 7021
f 6943 6944 7023
f 6943 7023 7022
f 6944 6945 7024
f 6944 7024 7023
f 6945 6946 7025
f 6945 7025 7024
f 6946 6947 7026
f 6946 7026 7025
f 6947 6948 7027
f 6947 7027 7026
f 6948 6949 7028
f 6948 7028 7027
f 6949 6950 7029
f 6949 7029 7028
f 6950 6951 7030
f 6950 7030 7029
f 6951 6952 7031
f 6951 7031 7030
f 6952 6953 7032
f 6952 7032 7031
f 6953 6954 7033
f 6953 7033 7032
f 6954 6955 7034
f 6954 7034 7033
f 6955 6956 7035
f 6955 7035 7034
f 6956 6957 7036
f 6956 7036 7035
f 6958 6959 7038
f 6958 7038 7037
f 6959 6960 7039
f 6959 7039 7038
f 6960 6961 7040
f 6960 7040 7039
f 6961 6962 7041
f 6961 7041 7040
f 6962 6963 7042
f 6962 7042 7041
f 6963 6964 7043
f 6963 7043 7042
f 6964 6886 6965
f 6964 6965 7043
f 6965 6966 7045
f 6965 7045 7044
f 6966 6967 7046
f 6966 7046 7045
f 6967 6968 7047
f 6967 7047 7046
f 6968 6969 7048
f 6968 7048 7047
f 6969 6970 7049
f 6969 7049 7048
f 6970 6971 7050
f 6970 7050 7049
f 6971 6972 7051
f 6971 7051 7050
f 6972 6973 7052
f 6972 7052 7051
f 6973 6974 7053
f 6973 7053 7052
f 6974 6975 7054
f 6974 7054 7053
f 6975 6976 7055
f 6975 7055 7054
f 6976 6977 7056
f 6976 7056 7055
f 6977 6978 7057
f 6977 7057 7056
f 6978 6979 7058
f 6978 7058 7057
f 6979 6980 7059
f 6979 7059 7058
f 6980 6981 7060
f 6980 7060 7059
f 6981 6982 7061
f 6981 7061 7060
f 6982 6983 7062
f 6982 7062 7061
f 6983 6984 7063
f 6983 7063 7062
f 6984 6985 7064
f 6984 7064 7063
f 6985 6986 7065
f 6985 7065 7064
f 6986 6987 7066
f 6986 7066 7065
f 6987 6988 7067
f 6987 7067 7066
f 6988 6989 7068
f 6988 7068 7067
f 6989 6990 7069
f 6989 7069 7068
f 6990 6991 7070
f 6990 7070 7069
f 6991 6992 7071
f 6991 7071 7070
f 6992 6993 7072
f 6992 7072 7071
f 6993 6994 7073
f 6993 7073 7072
f 6994 6995 7074
f 6994 7074 7073
f 6995 6996 7075
f 6995 7075 7074
f 6996 6997 7076
f 6996 7076 7075
f 6997 6998 7077
f 6997 7077 7076
f 6998 6999 7078
f 6998 7078 7077
f 6999 7000 7079
f 6999 7079 7078
f 7000 7001 7080
f 7000 7080 7079
f 7001 7002 7081
f 7001 7081 7080
f 7002 7003 7082
f 7002 7082 7081
f 7003 7004 7083
f 7003 7083 7082
f 7004 7005 7084
f 7004 7084 7083
f 7005 7006 7085
f 7005 7085 7084
f 7006 7007 7086
f 7006 7086 7085
f 7007 7008 7087
f 7007 7087 7086
f 7008 7009 7088
f 7008 7088 7087
f 7009 7010 7089
f 7009 7089 7088
f 7010 7011 7090
f 7010 7090 7089
f 7011 7012 7091
f 7011 7091 7090
f 7012 7013 7092
f 7012 7092 7091
f 7013 7014 7093
f 7013 7093 7092
f 7014 7015 7094
f 7014 7094 7093
f 7015 7016 7095
f 7015 7095 7094
f 7016 7017 7096
f 7016 7096 7095
f 7017 7018 7097
f 7017 7097 7096
f 7018 7019 7098
f 7018 7098 7097
f 7019 7020 7099
f 7019 7099 7098
f 7020 7021 7100
f 7020 7100 7099
f 7021 7022 7101
f 7021 7101 7100
f 7022 7023 7102
f 7022 7102 7101
f 7023 7024 7103
f 7023 7103 7102
f 7024 7025 7104
f 7024 7104 7103
f 7025 7026 7105
f 7025 7105 7104
f 7026 7027 7106
f 7026 7106 7105
f 7027 7028 7107
f 7027 7107 7106
f 7028 7029 7108
f 7028 7108 7107
f 7029 7030 7109
f 7029 7109 7108
f 7030 7031 7110
f 7030 7110 7109
f 7031 7032 7111
f 7031 7111 7110
f 7032 7033 7112
f 7032 7112 7111
f 7033 7034 7113
f 7033 7113 7112
f 7034 7035 7114
f 7034 7114 7113
f 7035 7036 7115
f 7035 7115 7114
f 7037 7038 7117
f 7037 7117 7116
f 7038 7039 7118
f 7038 7118 7117
f 7039 7040 7119
f 7039 7119 7118
f 7040 7041 7120
f 7040 7120 7119
f 7041 7042 7121
f 7041 7121 7120
f 7042 7043 7122
f 7042 7122 7121
f 7043 6965 7044
f 7043 7044 7122
f 7044 7045 7124
f 7044 7124 7123
f 7045 7046 7125
f 7045 7125 7124
f 7046 7047 7126
f 7046 7126 7125
f 7047 7048 7127
f 7047 7127 7126
f 7048 7049 7128
f 7048 7128 7127
f 7049 7050 7129
f 7049 7129 7128
f 7050 7051 7130
f 7050 7130 7129
f 7051 7052 7131
f 7051 7131 7130
f 7052 7053 7132
f 7052 7132 7131
f 7053 7054 7133
f 7053 7133 7132
f 7054 7055 7134
f 7054 7134 7133
f 7055 7056 7135
f 7055 7135 7134
f 7056 7057 7136
f 7056 7136 7135
f 7057 7058 7137
f 7057 7137 7136
f 7058 7059 7138
f 7058 7138 7137
f 7059 7060 7139
f 7059 7139 7138
f 7060 7061 7140
f 7060 7140 7139
f 7061 7062 7141
f 7061 7141 7140
f 7062 7063 7142
f 7062 7142 7141
f 7063 7064 7143
f 7063 7143 7142
f 7064 7065 7144
f 7064 7144 7143
f 7065 7066 7145
f 7065 7145 7144
f 7066 7067 7146
f 7066 7146 7145
f 7067 7068 7147
f 7067 7147 7146
f 7068 7069 7148
f 7068 7148 7147
f 7069 7070 7149
f 7069 7149 7148
f 7070 7071 7150
f 7070 7150 7149
f 7071 7072 7151
f 7071 7151 7150
f 7072 7073 7152
f 7072 7152 7151
f 7073 7074 7153
f 7073 7153 7152
f 7074 7075 7154
f 7074 7154 7153
f 7075 7076 7155
f 7075 7155 7154
f 7076 7077 7156
f 7076 7156 7155
f 7077 7078 7157
f 7077 7157 7156
f 7078 7079 7158
f 7078 7158 7157
f 7079 7080 7159
f 7079 7159 7158
f 7080 7081 7160
f 7080 7160 7159
f 7081 7082 7161
f 7081 7161 7160
f 7082 7083 7162
f 7082 7162 7161
f 7083 7084 7163
f 7083 7163 7162
f 7084 7085 7164
f 7084 7164 7163
f 7085 7086 7165
f 7085 7165 7164
f 7086 7087 7166
f 7086 7166 7165
f 7087 7088 7167
f 7087 7167 7166
f 7088 7089 7168
f 7088 7168 7167
f 7089 7090 7169
f 7089 7169 7168
f 7090 7091 7170
f 7090 7170 7169
f 7091 7092 7171
f 7091 7171 7170
f 7092 7093 7172
f 7092 7172 7171
f 7093 7094 7173
f 7093 7173 7172
f 7094 7095 7174
f 7094 7174 7173
f 7095 7096 7175
f 7095 7175 7174
f 7096 7097 7176
f 7096 7176 7175
f 7097 7098 7177
f 7097 7177 7176
f 7098 7099 7178
f 7098 7178 7177
f 7099 7100 7179
f 7099 7179 7178
f 7100 7101 7180
f 7100 7180 7179
f 7101 7102 7181
f 7101 7181 7180
f 7102 7103 7182
f 7102 7182 7181
f 7103 7104 7183
f 7103 7183 7182
f 7104 7105 7184
f 7104 7184 7183
f 7105 7106 7185
f 7105 7185 7184
f 7106 7107 7186
f 7106 7186 7185
f 7107 7108 7187
f 7107 7187 7186
f 7108 7109 7188
f 7108 7188 7187
f 7109 7110 7189
f 7109 7189 7188
f 7110 7111 7190
f 7110 7190 7189
f 7111 7112 7191
f 7111 7191 7190
f 7112 7113 7192
f 7112 7192 7191
f 7113 7114 7193
f 7113 7193 7192
f 7114 7115 7194
f 7114 7194 7193
f 7116 7117 7196
f 7116 7196 7195
f 7117 7118 7197
f 7117 7197 7196
f 7118 7119 7198
f 7118 7198 7197
f 7119 7120 7199
f 7119 7199 7198
f 7120 7121 7200
f 7120 7200 7199
f 7121 7122 7201
f 7121 7201 7200
f 7122 7044 7123
f 7122 7123 7201
f 7123 7124 7203
f 7123 7203 7202
f 7124 7125 7204
f 7124 7204 7203
f 7125 7126 7205
f 7125 7205 7204
f 7126 7127 7206
f 7126 7206 7205
f 7127 7128 7207
f 7127 7207 7206
f 7128 7129 7208
f 7128 7208 7207
f 7129 7130 7209
f 7129 7209 7208
f 7130 7131 7210
f 7130 7210 7209
f 7131 7132 7211
f 7131 7211 7210
f 7132 7133 7212
f 7132 7212 7211
f 7133 7134 7213
f 7133 7213 7212
f 7134 7135 7214
f 7134 7214 7213
f 7135 7136 7215
f 7135 7215 7214
f 7136 7137 7216
f 7136 7216 7215
f 7137 7138 7217
f 7137 7217 7216
f 7138 7139 7218
f 7138 7218 7217
f 7139 7140 7219
f 7139 7219 7218
f 7140 7141 7220
f 7140 7220 7219
f 7141 7142 7221
f 7141 7221 7220
f 7142 7143 7222
f 7142 7222 7221
f 7143 7144 7223
f 7143 7223 7222
f 7144 7145 7224
f 7144 7224 7223
f 7145 7146 7225
f 7145 7225 7224
f 7146 7147 7226
f 7146 7226 7225
f 7147 7148 7227
f 7147 7227 7226
f 7148 7149 7228
f 7148 7228 7227
f 7149 7150 7229
f 7149 7229 7228
f 7150 7151 7230
f 7150 7230 7229
f 7151 7152 7231
f 7151 7231 7230
f 7152 7153 7232
f 7152 7232 7231
f 7153 7154 7233
f 7153 7233 7232
f 7154 7155 7234
f 7154 7234 7233
f 7155 7156 7235
f 7155 7235 7234
f 7156 7157 7236
f 7156 7236 7235
f 7157 7158 7237
f 7157 7237 7236
f 7158 7159 7238
f 7158 7238 7237
f 7159 7160 7239
f 7159 7239 7238
f 7160 7161 7240
f 7160 7240 7239
f 7161 7162 7241
f 7161 7241 7240
f 7162 7163 7242
f 7162 7242 7241
f 7163 7164 7243
f 7163 7243 7242
f 7164 7165 7244
f 7164 7244 7243
f 7165 7166 7245
f 7165 7245 7244
f 7166 7167 7246
f 7166 7246 7245
f 7167 7168 7247
f 7167 7247 7246
f 7168 7169 7248
f 7168 7248 7247
f 7169 7170 7249
f 7169 7249 7248
f 7170 7171 7250
f 7170 7250 7249
f 7171 7172 7251
f 7171 7251 7250
f 7172 7173 7252
f 7172 7252 7251
f 7173 7174 7253
f 7173 7253 7252
f 7174 7175 7254
f 7174 7254 7253
f 7175 7176 7255
f 7175 7255 7254
f 7176 7177 7256
f 7176 7256 7255
f 7177 7178 7257
f 7177 7257 7256
f 7178 7179 7258
f 7178 7258 7257
f 7179 7180 7259
f 7179 7259 7258
f 7180 7181 7260
f 7180 7260 7259
f 7181 7182 7261
f 7181 7261 7260
f 7182 7183 7262
f 7182 7262 7261
f 7183 7184 7263
f 7183 7263 7262
f 7184 7185 7264
f 7184 7264 7263
f 7185 7186 7265
f 7185 7265 7264
f 7186 7187 7266
f 7186 7266 7265
f 7187 7188 7267
f 7187 7267 7266
f 7188 7189 7268
f 7188 7268 7267
f 7189 7190 7269
f 7189 7269 7268
f 7190 7191 7270
f 7190 7270 7269
f 7191 7192 7271
f 7191 7271 7270
f 7192 7193 7272
f 7192 7272 7271
f 7193 7194 7273
f 7193 7273 7272
f 7195 7196 7275
f 7195 7275 7274
f 7196 7197 7276
f 7196 7276 7275
f 7197 7198 7277
f 7197 7277 7276
f 7198 7199 7278
f 7198 7278 7277
f 7199 7200 7279
f 7199 7279 7278
f 7200 7201 7280
f 7200 7280 7279
f 7201 7123 7202
f 7201 7202 7280
f 7202 7203 7282
f 7202 7282 7281
f 7203 7204 7283
f 7203 7283 7282
f 7204 7205 7284
f 7204 7284 7283
f 7205 7206 7285
f 7205 7285 7284
f 7206 7207 7286
f 7206 7286 7285
f 7207 7208 7287
f 7207 7287 7286
f 7208 7209 7288
f 7208 7288 7287
f 7209 7210 7289
f 7209 7289 7288
f 7210 7211 7290
f 7210 7290 7289
f 7211 7212 7291
f 7211 7291 7290
f 7212 7213 7292
f 7212 7292 7291
f 7213 7214 7293
f 7213 7293 7292
f 7214 7215 7294
f 7214 7294 7293
f 7215 7216 7295
f 7215 7295 7294
f 7216 7217 7296
f 7216 7296 7295
f 7217 7218 7297
f 7217 7297 7296
f 7218 7219 7298
f 7218 7298 7297
f 7219 7220 7299
f 7219 7299 7298
f 7220 7221 7300
f 7220 7300 7299
f 7221 7222 7301
f 7221 7301 7300
f 7222 7223 7302
f 7222 7302 7301
f 7223 7224 7303
f 7223 7303 7302
f 7224 7225 7304
f 7224 7304 7303
f 7225 7226 7305
f 7225 7305 7304
f 7226 7227 7306
f 7226 7306 7305
f 7227 7228 7307
f 7227 7307 7306
f 7228 7229 7308
f 7228 7308 7307
f 7229 7230 7309
f 7229 7309 7308
f 7230 7231 7310
f 7230 7310 7309
f 7231 7232 7311
f 7231 7311 7310
f 7232 7233 7312
f 7232 7312 7311
f 7233 7234 7313
f 7233 7313 7312
f 7234 7235 7314
f 7234 7314 7313
f 7235 7236 7315
f 7235 7315 7314
f 7236 7237 7316
f 7236 7316 7315
f 7237 7238 7317
f 7237 7317 7316
f 7238 7239 7318
f 7238 7318 7317
f 7239 7240 7319
f 7239 7319 7318
f 7240 7241 7320
f 7240 7320 7319
f 7241 7242 7321
f 7241 7321 7320
f 7242 7243 7322
f 7242 7322 7321
f 7243 7244 7323
f 7243 7323 7322
f 7244 7245 7324
f 7244 7324 7323
f 7245 7246 7325
f 7245 7325 7324
f 7246 7247 7326
f 7246 7326 7325
f 7247 7248 7327
f 7247 7327 7326
f 7248 7249 7328
f 7248 7328 7327
f 7249 7250 7329
f 7249 7329 7328
f 7250 7251 7330
f 7250 7330 7329
f 7251 7252 7331
f 7251 7331 7330
f 7252 7253 7332
f 7252 7332 7331
f 7253 7254 7333
f 7253 7333 7332
f 7254 7255 7334
f 7254 7334 7333
f 7255 7256 7335
f 7255 7335 7334
f 7256 7257 7336
f 7256 7336 7335
f 7257 7258 7337
f 7257 7337 7336
f 7258 7259 7338
f 7258 7338 7337
f 7259 7260 7339
f 7259 7339 7338
f 7260 7261 7340
f 7260 7340 7339
f 7261 7262 7341
f 7261 7341 7340
f 7262 7263 7342
f 7262 7342 7341
f 7263 7264 7343
f 7263 7343 7342
f 7264 7265 7344
f 7264 7344 7343
f 7265 7266 7345
f 7265 7345 7344
f 7266 7267 7346
f 7266 7346 7345
f 7267 7268 7347
f 7267 7347 7346
f 7268 7269 7348
f 7268 7348 7347
f 7269 7270 7349
f 7269 7349 7348
f 7270 7271 7350
f 7270 7350 7349
f 7271 7272 7351
f 7271 7351 7350
f 7272 7273 7352
f 7272 7352 7351
f 7274 7275 7354
f 7274 7354 7353
f 7275 7276 7355
f 7275 7355 7354
f 7276 7277 7356
f 7276 7356 7355
f 7277 7278 7357
f 7277 7357 7356
f 7278 7279 7358
f 7278 7358 7357
f 7279 7280 7359
f 7279 7359 7358
f 7280 7202 7281
f 7280 7281 7359
f 7281 7282 7361
f 7281 7361 7360
f 7282 7283 7362
f 7282 7362 7361
f 7283 7284 7363
f 7283 7363 7362
f 7284 7285 7364
f 7284 7364 7363
f 7285 7286 7365
f 7285 7365 7364
f 7286 7287 7366
f 7286 7366 7365
f 7287 7288 7367
f 7287 7367 7366
f 7288 7289 7368
f 7288 7368 7367
f 7289 7290 7369
f 7289 7369 7368
f 7290 7291 7370
f 7290 7370 7369
f 7291 7292 7371
f 7291 7371 7370
f 7292 7293 7372
f 7292 7372 7371
f 7293 7294 7373
f 7293 7373 7372
f 7294 7295 7374
f 7294 7374 7373
f 7295 7296 7375
f 7295 7375 7374
f 7296 7297 7376
f 7296 7376 7375
f 7297 7298 7377
f 7297 7377 7376
f 7298 7299 7378
f 7298 7378 7377
f 7299 7300 7379
f 7299 7379 7378
f 7300 7301 7380
f 7300 7380 7379
f 7301 7302 7381
f 7301 7381 7380
f 7302 7303 7382
f 7302 7382 7381
f 7303 7304 7383
f 7303 7383 7382
f 7304 7305 7384
f 7304 7384 7383
f 7305 7306 7385
f 7305 7385 7384
f 7306 7307 7386
f 7306 7386 7385
f 7307 7308 7387
f 7307 7387 7386
f 7308 7309 7388
f 7308 7388 7387
f 7309 7310 7389
f 7309 7389 7388
f 7310 7311 7390
f 7310 7390 7389
f 7311 7312 7391
f 7311 7391 7390
f 7312 7313 7392
f 7312 7392 7391
f 7313 7314 7393
f 7313 7393 7392
f 7314 7315 7394
f 7314 7394 7393
f 7315 7316 7395
f 7315 7395 7394
f 7316 7317 7396
f 7316 7396 7395
f 7317 7318 7397
f 7317 7397 7396
f 7318 7319 7398
f 7318 7398 7397
f 7319 7320 7399
f 7319 7399 7398
f 7320 7321 7400
f 7320 7400 7399
f 7321 7322 7401
f 7321 7401 7400
f 7322 7323 7402
f 7322 7402 7401
f 7323 7324 7403
f 7323 7403 7402
f 7324 7325 7404
f 7324 7404 7403
f 7325 7326 7405
f 7325 7405 7404
f 7326 7327 7406
f 7326 7406 7405
f 7327 7328 7407
f 7327 7407 7406
f 7328 7329 7408
f 7328 7408 7407
f 7329 7330 7409
f 7329 7409 7408
f 7330 7331 7410
f 7330 7410 7409
f 7331 7332 7411
f 7331 7411 7410
f 7332 7333 7412
f 7332 7412 7411
f 7333 7334 7413
f 7333 7413 7412
f 7334 7335 7414
f 7334 7414 7413
f 7335 7336 7415
f 7335 7415 7414
f 7336 7337 7416
f 7336 7416 7415
f 7337 7338 7417
f 7337 7417 7416
f 7338 7339 7418
f 7338 7418 7417
f 7339 7340 7419
f 7339 7419 7418
f 7340 7341 7420
f 7340 7420 7419
f 7341 7342 7421
f 7341 7421 7420
f 7342 7343 7422
f 7342 7422 7421
f 7343 7344 7423
f 7343 7423 7422
f 7344 7345 7424
f 7344 7424 7423
f 7345 7346 7425
f 7345 7425 7424
f 7346 7347 7426
f 7346 7426 7425
f 7347 7348 7427
f 7347 7427 7426
f 7348 7349 7428
f 7348 7428 7427
f 7349 7350 7429
f 7349 7429 7428
f 7350 7351 7430
f 7350 7430 7429
f 7351 7352 7431
f 7351 7431 7430
f 7353 7354 7433
f 7353 7433 7432
f 7354 7355 7434
f 7354 7434 7433
f 7355 7356 7435
f 7355 7435 7434
f 7356 7357 7436
f 7356 7436 7435
f 7357 7358 7437
f 7357 7437 7436
f 7358 7359 7438
f 7358 7438 7437
f 7359 7281 7360
f 7359 7360 7438
f 7360 7361 7440
f 7360 7440 7439
f 7361 7362 7441
f 7361 7441 7440
f 7362 7363 7442
f 7362 7442 7441
f 7363 7364 7443
f 7363 7443 7442
f 7364 7365 7444
f 7364 7444 7443
f 7365 7366 7445
f 7365 7445 7444
f 7366 7367 7446
f 7366 7446 7445
f 7367 7368 7447
f 7367 7447 7446
f 7368 7369 7448
f 7368 7448 7447
f 7369 7370 7449
f 7369 7449 7448
f 7370 7371 7450
f 7370 7450 7449
f 7371 7372 7451
f 7371 7451 7450
f 7372 7373 7452
f 7372 7452 7451
f 7373 7374 7453
f 7373 7453 7452
f 7374 7375 7454
f 7374 7454 7453
f 7375 7376 7455
f 7375 7455 7454
f 7376 7377 7456
f 7376 7456 7455
f 7377 7378 7457
f 7377 7457 7456
f 7378 7379 7458
f 7378 7458 7457
f 7379 7380 7459
f 7379 7459 7458
f 7380 7381 7460
f 7380 7460 7459
f 7381 7382 7461
f 7381 7461 7460
f 7382 7383 7462
f 7382 7462 7461
f 7383 7384 7463
f 7383 7463 7462
f 7384 7385 7464
f 7384 7464 7463
f 7385 7386 7465
f 7385 7465 7464
f 7386 7387 7466
f 7386 7466 7465
f 7387 7388 7467
f 7387 7467 7466
f 7388 7389 7468
f 7388 7468 7467
f 7389 7390 7469
f 7389 7469 7468
f 7390 7391 7470
f 7390 7470 7469
f 7391 7392 7471
f 7391 7471 7470
f 7392 7393 7472
f 7392 7472 7471
f 7393 7394 7473
f 7393 7473 7472
f 7394 7395 7474
f 7394 7474 7473
f 7395 7396 7475
f 7395 7475 7474
f 7396 7397 7476
f 7396 7476 7475
f 7397 7398 7477
f 7397 7477 7476
f 7398 7399 7478
f 7398 7478 7477
f 7399 7400 7479
f 7399 7479 7478
f 7400 7401 7480
f 7400 7480 7479
f 7401 7402 7481
f 7401 7481 7480
f 7402 7403 7482
f 7402 7482 7481
f 7403 7404 7483
f 7403 7483 7482
f 7404 7405 7484
f 7404 7484 7483
f 7405 7406 7485
f 7405 7485 7484
f 7406 7407 7486
f 7406 7486 7485
f 7407 7408 7487
f 7407 7487 7486
f 7408 7409 7488
f 7408 7488 7487
f 7409 7410 7489
f 7409 7489 7488
f 7410 7411 7490
f 7410 7490 7489
f 7411 7412 7491
f 7411 7491 7490
f 7412 7413 7492
f 7412 7492 7491
f 7413 7414 7493
f 7413 7493 7492
f 7414 7415 7494
f 7414 7494 7493
f 7415 7416 7495
f 7415 7495 7494
f 7416 7417 7496
f 7416 7496 7495
f 7417 7418 7497
f 7417 7497 7496
f 7418 7419 7498
f 7418 7498 7497
f 7419 7420 7499
f 7419 7499 7498
f 7420 7421 7500
f 7420 7500 7499
f 7421 7422 7501
f 7421 7501 7500
f 7422 7423 7502
f 7422 7502 7501
f 7423 7424 7503
f 7423 7503 7502
f 7424 7425 7504
f 7424 7504 7503
f 7425 7426 7505
f 7425 7505 7504
f 7426 7427 7506
f 7426 7506 7505
f 7427 7428 7507
f 7427 7507 7506
f 7428 7429 7508
f 7428 7508 7507
f 7429 7430 7509
f 7429 7509 7508
f 7430 7431 7510
f 7430 7510 7509
f 7431 7511 7510
f 7432 7433 7513
f 7432 7513 7512
f 7433 7434 7514
f 7433 7514 7513
f 7434 7435 7515
f 7434 7515 7514
f 7435 7436 7516
f 7435 7516 7515
f 7436 7437 7517
f 7436 7517 7516
f 7437 7438 7518
f 7437 7518 7517
f 7438 7360 7439
f 7438 7439 7518
f 7439 7440 7520
f 7439 7520 7519
f 7440 7441 7521
f 7440 7521 7520
f 7441 7442 7522
f 7441 7522 7521
f 7442 7443 7523
f 7442 7523 7522
f 7443 7444 7524
f 7443 7524 7523
f 7444 7445 7525
f 7444 7525 7524
f 7445 7446 7526
f 7445 7526 7525
f 7446 7447 7527
f 7446 7527 7526
f 7447 7448 7528
f 7447 7528 7527
f 7448 7449 7529
f 7448 7529 7528
f 7449 7450 7530
f 7449 7530 7529
f 7450 7451 7531
f 7450 7531 7530
f 7451 7452 7532
f 7451 7532 7531
f 7452 7453 7533
f 7452 7533 7532
f 7453 7454 7534
f 7453 7534 7533
f 7454 7455 7535
f 7454 7535 7534
f 7455 7456 7536
f 7455 7536 7535
f 7456 7457 7537
f 7456 7537 7536
f 7457 7458 7538
f 7457 7538 7537
f 7458 7459 7539
f 7458 7539 7538
f 7459 7460 7540
f 7459 7540 7539
f 7460 7461 7541
f 7460 7541 7540
f 7461 7462 7542
f 7461 7542 7541
f 7462 7463 7543
f 7462 7543 7542
f 7463 7464 7544
f 7463 7544 7543
f 7464 7465 7545
f 7464 7545 7544
f 7465 7466 7546
f 7465 7546 7545
f 7466 7467 7547
f 7466 7547 7546
f 7467 7468 7548
f 7467 7548 7547
f 7468 7469 7549
f 7468 7549 7548
f 7469 7470 7550
f 7469 7550 7549
f 7470 7471 7551
f 7470 7551 7550
f 7471 7472 7552
f 7471 7552 7551
f 7472 7473 7553
f 7472 7553 7552
f 7473 7474 7554
f 7473 7554 7553
f 7474 7475 7555
f 7474 7555 7554
f 7475 7476 7556
f 7475 7556 7555
f 7476 7477 7557
f 7476 7557 7556
f 7477 7478 7558
f 7477 7558 7557
f 7478 7479 7559
f 7478 7559 7558
f 7479 7480 7560
f 7479 7560 7559
f 7480 7481 7561
f 7480 7561 7560
f 7481 7482 7562
f 7481 7562 7561
f 7482 7483 7563
f 7482 7563 7562
f 7483 7484 7564
f 7483 7564 7563
f 7484 7485 7565
f 7484 7565 7564
f 7485 7486 7566
f 7485 7566 7565
f 7486 7487 7567
f 7486 7567 7566
f 7487 7488 7568
f 7487 7568 7567
f 7488 7489 7569
f 7488 7569 7568
f 7489 7490 7570
f 7489 7570 7569
f 7490 7491 7571
f 7490 7571 7570
f 7491 7492 7572
f 7491 7572 7571
f 7492 7493 7573
f 7492 7573 7572
f 7493 7494 7574
f 7493 7574 7573
f 7494 7495 7575
f 7494 7575 7574
f 7495 7496 7576
f 7495 7576 7575
f 7496 7497 7577
f 7496 7577 7576
f 7497 7498 7578
f 7497 7578 7577
f 7498 7499 7579
f 7498 7579 7578
f 7499 7500 7580
f 7499 7580 7579
f 7500 7501 7581
f 7500 7581 7580
f 7501 7502 7582
f 7501 7582 7581
f 7502 7503 7583
f 7502 7583 7582
f 7503 7504 7584
f 7503 7584 7583
f 7504 7505 7585
f 7504 7585 7584
f 7505 7506 7586
f 7505 7586 7585
f 7506 7507 7587
f 7506 7587 7586
f 7507 7508 7588
f 7507 7588 7587
f 7508 7509 7589
f 7508 7589 7588
f 7509 7510 7590
f 7509 7590 7589
f 7510 7511 7591
f 7510 7591 7590
f 7512 7513 7593
f 7512 7593 7592
f 7513 7514 7594
f 7513 7594 7593
f 7514 7515 7595
f 7514 7595 7594
f 7515 7516 7596
f 7515 7596 7595
f 7516 7517 7597
f 7516 7597 7596
f 7517 7518 7598
f 7517 7598 7597
f 7518 7439 7519
f 7518 7519 7598
f 7519 7520 7600
f 7519 7600 7599
f 7520 7521 7601
f 7520 7601 7600
f 7521 7522 7602
f 7521 7602 7601
f 7522 7523 7603
f 7522 7603 7602
f 7523 7524 7604
f 7523 7604 7603
f 7524 7525 7605
f 7524 7605 7604
f 7525 7526 7606
f 7525 7606 7605
f 7526 7527 7607
f 7526 7607 7606
f 7527 7528 7608
f 7527 7608 7607
f 7528 7529 7609
f 7528 7609 7608
f 7529 7530 7610
f 7529 7610 7609
f 7530 7531 7611
f 7530 7611 7610
f 7531 7532 7612
f 7531 7612 7611
f 7532 7533 7613
f 7532 7613 7612
f 7533 7534 7614
f 7533 7614 7613
f 7534 7535 7615
f 7534 7615 7614
f 7535 7536 7616
f 7535 7616 7615
f 7536 7537 7617
f 7536 7617 7616
f 7537 7538 7618
f 7537 7618 7617
f 7538 7539 7619
f 7538 7619 7618
f 7539 7540 7620
f 7539 7620 7619
f 7540 7541 7621
f 7540 7621 7620
f 7541 7542 7622
f 7541 7622 7621
f 7542 7543 7623
f 7542 7623 7622
f 7543 7544 7624
f 7543 7624 7623
f 7544 7545 7625
f 7544 7625 7624
f 7545 7546 7626
f 7545 7626 7625
f 7546 7547 7627
f 7546 7627 7626
f 7547 7548 7628
f 7547 7628 7627
f 7548 7549 7629
f 7548 7629 7628
f 7549 7550 7630
f 7549 7630 7629
f 7550 7551 7631
f 7550 7631 7630
f 7551 7552 7632
f 7551 7632 7631
f 7552 7553 7633
f 7552 7633 7632
f 7553 7554 7634
f 7553 7634 7633
f 7554 7555 7635
f 7554 7635 7634
f 7555 7556 7636
f 7555 7636 7635
f 7556 7557 7637
f 7556 7637 7636
f 7557 7558 7638
f 7557 7638 7637
f 7558 7559 7639
f 7558 7639 7638
f 7559 7560 7640
f 7559 7640 7639
f 7560 7561 7641
f 7560 7641 7640
f 7561 7562 7642
f 7561 7642 7641
f 7562 7563 7643
f 7562 7643 7642
f 7563 7564 7644
f 7563 7644 7643
f 7564 7565 7645
f 7564 7645 7644
f 7565 7566 7646
f 7565 7646 7645
f 7566 7567 7647
f 7566 7647 7646
f 7567 7568 7648
f 7567 7648 7647
f 7568 7569 7649
f 7568 7649 7648
f 7569 7570 7650
f 7569 7650 7649
f 7570 7571 7651
f 7570 7651 7650
f 7571 7572 7652
f 7571 7652 7651
f 7572 7573 7653
f 7572 7653 7652
f 7573 7574 7654
f 7573 7654 7653
f 7574 7575 7655
f 7574 7655 7654
f 7575 7576 7656
f 7575 7656 7655
f 7576 7577 7657
f 7576 7657 7656
f 7577 7578 7658
f 7577 7658 7657
f 7578 7579 7659
f 7578 7659 7658
f 7579 7580 7660
f 7579 7660 7659
f 7580 7581 7661
f 7580 7661 7660
f 7581 7582 7662
f 7581 7662 7661
f 7582 7583 7663
f 7582 7663 7662
f 7583 7584 7664
f 7583 7664 7663
f 7584 7585 7665
f 7584 7665 7664
f 7585 7586 7666
f 7585 7666 7665
f 7586 7587 7667
f 7586 7667 7666
f 7587 7588 7668
f 7587 7668 7667
f 7588 7589 7669
f 7588 7669 7668
f 7589 7590 7670
f 7589 7670 7669
f 7590 7591 7671
f 7590 7671 7670
f 7592 7593 7673
f 7592 7673 7672
f 7593 7594 7674
f 7593 7674 7673
f 7594 7595 7675
f 7594 7675 7674
f 7595 7596 7676
f 7595 7676 7675
f 7596 7597 7677
f 7596 7677 7676
f 7597 7598 7678
f 7597 7678 7677
f 7598 7519 7599
f 7598 7599 7678
f 7599 7600 7680
f 7599 7680 7679
f 7600 7601 7681
f 7600 7681 7680
f 7601 7602 7682
f 7601 7682 7681
f 7602 7603 7683
f 7602 7683 7682
f 7603 7604 7684
f 7603 7684 7683
f 7604 7605 7685
f 7604 7685 7684
f 7605 7606 7686
f 7605 7686 7685
f 7606 7607 7687
f 7606 7687 7686
f 7607 7608 7688
f 7607 7688 7687
f 7608 7609 7689
f 7608 7689 7688
f 7609 7610 7690
f 7609 7690 7689
f 7610 7611 7691
f 7610 7691 7690
f 7611 7612 7692
f 7611 7692 7691
f 7612 7613 7693
f 7612 7693 7692
f 7613 7614 7694
f 7613 7694 7693
f 7614 7615 7695
f 7614 7695 7694
f 7615 7616 7696
f 7615 7696 7695
f 7616 7617 7697
f 7616 7697 7696
f 7617 7618 7698
f 7617 7698 7697
f 7618 7619 7699
f 7618 7699 7698
f 7619 7620 7700
f 7619 7700 7699
f 7620 7621 7701
f 7620 7701 7700
f 7621 7622 7702
f 7621 7702 7701
f 7622 7623 7703
f 7622 7703 7702
f 7623 7624 7704
f 7623 7704 7703
f 7624 7625 7705
f 7624 7705 7704
f 7625 7626 7706
f 7625 7706 7705
f 7626 7627 7707
f 7626 7707 7706
f 7627 7628 7708
f 7627 7708 7707
f 7628 7629 7709
f 7628 7709 7708
f 7629 7630 7710
f 7629 7710 7709
f 7630 7631 7711
f 7630 7711 7710
f 7631 7632 7712
f 7631 7712 7711
f 7632 7633 7713
f 7632 7713 7712
f 7633 7634 7714
f 7633 7714 7713
f 7634 7635 7715
f 7634 7715 7714
f 7635 7636 7716
f 7635 7716 7715
f 7636 7637 7717
f 7636 7717 7716
f 7637 7638 7718
f 7637 7718 7717
f 7638 7639 7719
f 7638 7719 7718
f 7639 7640 7720
f 7639 7720 7719
f 7640 7641 7721
f 7640 7721 7720
f 7641 7642 7722
f 7641 7722 7721
f 7642 7643 7723
f 7642 7723 7722
f 7643 7644 7724
f 7643 7724 7723
f 7644 7645 7725
f 7644 7725 7724
f 7645 7646 7726
f 7645 7726 7725
f 7646 7647 7727
f 7646 7727 7726
f 7647 7648 7728
f 7647 7728 7727
f 7648 7649 7729
f 7648 7729 7728
f 7649 7650 7730
f 7649 7730 7729
f 7650 7651 7731
f 7650 7731 7730
f 7651 7652 7732
f 7651 7732 7731
f 7652 7653 7733
f 7652 7733 7732
f 7653 7654 7734
f 7653 7734 7733
f 7654 7655 7735
f 7654 7735 7734
f 7655 7656 7736
f 7655 7736 7735
f 7656 7657 7737
f 7656 7737 7736
f 7657 7658 7738
f 7657 7738 7737
f 7658 7659 7739
f 7658 7739 7738
f 7659 7660 7740
f 7659 7740 7739
f 7660 7661 7741
f 7660 7741 7740
f 7661 7662 7742
f 7661 7742 7741
f 7662 7663 7743
f 7662 7743 7742
f 7663 7664 7744
f 7663 7744 7743
f 7664 7665 7745
f 7664 7745 7744
f 7665 7666 7746
f 7665 7746 7745
f 7666 7667 7747
f 7666 7747 7746
f 7667 7668 7748
f 7667 7748 7747
f 7668 7669 7749
f 7668 7749 7748
f 7669 7670 7750
f 7669 7750 7749
f 7670 7671 7751
f 7670 7751 7750
f 7672 7673 7754
f 7672 7754 7753
f 7673 7674 7755
f 7673 7755 7754
f 7674 7675 7756
f 7674 7756 7755
f 7675 7676 7757
f 7675 7757 7756
f 7676 7677 7758
f 7676 7758 7757
f 7677 7678 7759
f 7677 7759 7758
f 7678 7599 7679
f 7678 7679 7759
f 7679 7680 7761
f 7679 7761 7760
f 7680 7681 7762
f 7680 7762 7761
f 7681 7682 7763
f 7681 7763 7762
f 7682 7683 7764
f 7682 7764 7763
f 7683 7684 7765
f 7683 7765 7764
f 7684 7685 7766
f 7684 7766 7765
f 7685 7686 7767
f 7685 7767 7766
f 7686 7687 7768
f 7686 7768 7767
f 7687 7688 7769
f 7687 7769 7768
f 7688 7689 7770
f 7688 7770 7769
f 7689 7690 7771
f 7689 7771 7770
f 7690 7691 7772
f 7690 7772 7771
f 7691 7692 7773
f 7691 7773 7772
f 7692 7693 7774
f 7692 7774 7773
f 7693 7694 7775
f 7693 7775 7774
f 7694 7695 7776
f 7694 7776 7775
f 7695 7696 7777
f 7695 7777 7776
f 7696 7697 7778
f 7696 7778 7777
f 7697 7698 7779
f 7697 7779 7778
f 7698 7699 7780
f 7698 7780 7779
f 7699 7700 7781
f 7699 7781 7780
f 7700 7701 7782
f 7700 7782 7781
f 7701 7702 7783
f 7701 7783 7782
f 7702 7703 7784
f 7702 7784 7783
f 7703 7704 7785
f 7703 7785 7784
f 7704 7705 7786
f 7704 7786 7785
f 7705 7706 7787
f 7705 7787 7786
f 7706 7707 7788
f 7706 7788 7787
f 7707 7708 7789
f 7707 7789 7788
f 7708 7709 7790
f 7708 7790 7789
f 7709 7710 7791
f 7709 7791 7790
f 7710 7711 7792
f 7710 7792 7791
f 7711 7712 7793
f 7711 7793 7792
f 7712 7713 7794
f 7712 7794 7793
f 7713 7714 7795
f 7713 7795 7794
f 7714 7715 7796
f 7714 7796 7795
f 7715 7716 7797
f 7715 7797 7796
f 7716 7717 7798
f 7716 7798 7797
f 7717 7718 7799
f 7717 7799 7798
f 7718 7719 7800
f 7718 7800 7799
f 7719 7720 7801
f 7719 7801 7800
f 7720 7721 7802
f 7720 7802 7801
f 7721 7722 7803
f 7721 7803 7802
f 7722 7723 7804
f 7722 7804 7803
f 7723 7724 7805
f 7723 7805 7804
f 7724 7725 7806
f 7724 7806 7805
f 7725 7726 7807
f 7725 7807 7806
f 7726 7727 7808
f 7726 7808 7807
f 7727 7728 7809
f 7727 7809 7808
f 7728 7729 7810
f 7728 7810 7809
f 7729 7730 7811
f 7729 7811 7810
f 7730 7731 7812
f 7730 7812 7811
f 7731 7732 7813
f 7731 7813 7812
f 7732 7733 7814
f 7732 7814 7813
f 7733 7734 7815
f 7733 7815 7814
f 7734 7735 7816
f 7734 7816 7815
f 7735 7736 7817
f 7735 7817 7816
f 7736 7737 7818
f 7736 7818 7817
f 7737 7738 7819
f 7737 7819 7818
f 7738 7739 7820
f 7738 7820 7819
f 7739 7740 7821
f 7739 7821 7820
f 7740 7741 7822
f 7740 7822 7821
f 7741 7742 7823
f 7741 7823 7822
f 7742 7743 7824
f 7742 7824 7823
f 7743 7744 7825
f 7743 7825 7824
f 7744 7745 7826
f 7744 7826 7825
f 7745 7746 7827
f 7745 7827 7826
f 7746 7747 7828
f 7746 7828 7827
f 7747 7748 7829
f 7747 7829 7828
f 7748 7749 7830
f 7748 7830 7829
f 7749 7750 7831
f 7749 7831 7830
f 7750 7751 7832
f 7750 7832 7831
f 7752 7753 7834
f 7752 7834 7833
f 7753 7754 7835
f 7753 7835 7834
f 7754 7755 7836
f 7754 7836 7835
f 7755 7756 7837
f 7755 7837 7836
f 7756 7757 7838
f 7756 7838 7837
f 7757 7758 7839
f 7757 7839 7838
f 7758 7759 7840
f 7758 7840 7839
f 7759 7679 7760
f 7759 7760 7840
f 7760 7761 7842
f 7760 7842 7841
f 7761 7762 7843
f 7761 7843 7842
f 7762 7763 7844
f 7762 7844 7843
f 7763 7764 7845
f 7763 7845 7844
f 7764 7765 7846
f 7764 7846 7845
f 7765 7766 7847
f 7765 7847 7846
f 7766 7767 7848
f 7766 7848 7847
f 7767 7768 7849
f 7767 7849 7848
f 7768 7769 7850
f 7768 7850 7849
f 7769 7770 7851
f 7769 7851 7850
f 7770 7771 7852
f 7770 7852 7851
f 7771 7772 7853
f 7771 7853 7852
f 7772 7773 7854
f 7772 7854 7853
f 7773 7774 7855
f 7773 7855 7854
f 7774 7775 7856
f 7774 7856 7855
f 7775 7776 7857
f 7775 7857 7856
f 7776 7777 7858
f 7776 7858 7857
f 7777 7778 7859
f 7777 7859 7858
f 7778 7779 7860
f 7778 7860 7859
f 7779 7780 7861
f 7779 7861 7860
f 7780 7781 7862
f 7780 7862 7861
f 7781 7782 7863
f 7781 7863 7862
f 7782 7783 7864
f 7782 7864 7863
f 7783 7784 7865
f 7783 7865 7864
f 7784 7785 7866
f 7784 7866 7865
f 7785 7786 7867
f 7785 7867 7866
f 7786 7787 7868
f 7786 7868 7867
f 7787 7788 7869
f 7787 7869 7868
f 7788 7789 7870
f 7788 7870 7869
f 7789 7790 7871
f 7789 7871 7870
f 7790 7791 7872
f 7790 7872 7871
f 7791 7792 7873
f 7791 7873 7872
f 7792 7793 7874
f 7792 7874 7873
f 7793 7794 7875
f 7793 7875 7874
f 7794 7795 7876
f 7794 7876 7875
f 7795 7796 7877
f 7795 7877 7876
f 7796 7797 7878
f 7796 7878 7877
f 7797 7798 7879
f 7797 7879 7878
f 7798 7799 7880
f 7798 7880 7879
f 7799 7800 7881
f 7799 7881 7880
f 7800 7801 7882
f 7800 7882 7881
f 7801 7802 7883
f 7801 7883 7882
f 7802 7803 7884
f 7802 7884 7883
f 7803 7804 7885
f 7803 7885 7884
f 7804 7805 7886
f 7804 7886 7885
f 7805 7806 7887
f 7805 7887 7886
f 7806 7807 7888
f 7806 7888 7887
f 7807 7808 7889
f 7807 7889 7888
f 7808 7809 7890
f 7808 7890 7889
f 7809 7810 7891
f 7809 7891 7890
f 7810 7811 7892
f 7810 7892 7891
f 7811 7812 7893
f 7811 7893 7892
f 7812 7813 7894
f 7812 7894 7893
f 7813 7814 7895
f 7813 7895 7894
f 7814 7815 7896
f 7814 7896 7895
f 7815 7816 7897
f 7815 7897 7896
f 7816 7817 7898
f 7816 7898 7897
f 7817 7818 7899
f 7817 7899 7898
f 7818 7819 7900
f 7818 7900 7899
f 7819 7820 7901
f 7819 7901 7900
f 7820 7821 7902
f 7820 7902 7901
f 7821 7822 7903
f 7821 7903 7902
f 7822 7823 7904
f 7822 7904 7903
f 7823 7824 7905
f 7823 7905 7904
f 7824 7825 7906
f 7824 7906 7905
f 7825 7826 7907
f 7825 7907 7906
f 7826 7827 7908
f 7826 7908 7907
f 7827 7828 7909
f 7827 7909 7908
f 7828 7829 7910
f 7828 7910 7909
f 7829 7830 7911
f 7829 7911 7910
f 7830 7831 7912
f 7830 7912 7911
f 7831 7832 7913
f 7831 7913 7912
f 7833 7834 7915
f 7833 7915 7914
f 7834 7835 7916
f 7834 7916 7915
f 7835 7836 7917
f 7835 7917 7916
f 7836 7837 7918
f 7836 7918 7917
f 7837 7838 7919
f 7837 7919 7918
f 7838 7839 7920
f 7838 7920 7919
f 7839 7840 7921
f 7839 7921 7920
f 7840 7760 7841
f 7840 7841 7921
f 7841 7842 7923
f 7841 7923 7922
f 7842 7843 7924
f 7842 7924 7923
f 7843 7844 7925
f 7843 7925 7924
f 7844 7845 7926
f 7844 7926 7925
f 7845 7846 7927
f 7845 7927 7926
f 7846 7847 7928
f 7846 7928 7927
f 7847 7848 7929
f 7847 7929 7928
f 7848 7849 7930
f 7848 7930 7929
f 7849 7850 7931
f 7849 7931 7930
f 7850 7851 7932
f 7850 7932 7931
f 7851 7852 7933
f 7851 7933 7932
f 7852 7853 7934
f 7852 7934 7933
f 7853 7854 7935
f 7853 7935 7934
f 7854 7855 7936
f 7854 7936 7935
f 7855 7856 7937
f 7855 7937 7936
f 7856 7857 7938
f 7856 7938 7937
f 7857 7858 7939
f 7857 7939 7938
f 7858 7859 7940
f 7858 7940 7939
f 7859 7860 7941
f 7859 7941 7940
f 7860 7861 7942
f 7860 7942 7941
f 7861 7862 7943
f 7861 7943 7942
f 7862 7863 7944
f 7862 7944 7943
f 7863 7864 7945
f 7863 7945 7944
f 7864 7865 7946
f 7864 7946 7945
f 7865 7866 7947
f 7865 7947 7946
f 7866 7867 7948
f 7866 7948 7947
f 7867 7868 7949
f 7867 7949 7948
f 7868 7869 7950
f 7868 7950 7949
f 7869 7870 7951
f 7869 7951 7950
f 7870 7871 7952
f 7870 7952 7951
f 7871 7872 7953
f 7871 7953 7952
f 7872 7873 7954
f 7872 7954 7953
f 7873 7874 7955
f 7873 7955 7954
f 7874 7875 7956
f 7874 7956 7955
f 7875 7876 7957
f 7875 7957 7956
f 7876 7877 7958
f 7876 7958 7957
f 7877 7878 7959
f 7877 7959 7958
f 7878 7879 7960
f 7878 7960 7959
f 7879 7880 7961
f 7879 7961 7960
f 7880 7881 7962
f 7880 7962 7961
f 7881 7882 7963
f 7881 7963 7962
f 7882 7883 7964
f 7882 7964 7963
f 7883 7884 7965
f 7883 7965 7964
f 7884 7885 7966
f 7884 7966 7965
f 7885 7886 7967
f 7885 7967 7966
f 7886 7887 7968
f 7886 7968 7967
f 7887 7888 7969
f 7887 7969 7968
f 7888 7889 7970
f 7888 7970 7969
f 7889 7890 7971
f 7889 7971 7970
f 7890 7891 7972
f 7890 7972 7971
f 7891 7892 7973
f 7891 7973 7972
f 7892 7893 7974
f 7892 7974 7973
f 7893 7894 7975
f 7893 7975 7974
f 7894 7895 7976
f 7894 7976 7975
f 7895 7896 7977
f 7895 7977 7976
f 7896 7897 7978
f 7896 7978 7977
f 7897 7898 7979
f 7897 7979 7978
f 7898 7899 7980
f 7898 7980 7979
f 7899 7900 7981
f 7899 7981 7980
f 7900 7901 7982
f 7900 7982 7981
f 7901 7902 7983
f 7901 7983 7982
f 7902 7903 7984
f 7902 7984 7983
f 7903 7904 7985
f 7903 7985 7984
f 7904 7905 7986
f 7904 7986 7985
f 7905 7906 7987
f 7905 7987 7986
f 7906 7907 7988
f 7906 7988 7987
f 7907 7908 7989
f 7907 7989 7988
f 7908 7909 7990
f 7908 7990 7989
f 7909 7910 7991
f 7909 7991 7990
f 7910 7911 7992
f 7910 7992 7991
f 7911 7912 7993
f 7911 7993 7992
f 7912 7913 7994
f 7912 7994 7993
f 7914 7915 7996
f 7914 7996 7995
f 7915 7916 7997
f 7915 7997 7996
f 7916 7917 7998
f 7916 7998 7997
f 7917 7918 7999
f 7917 7999 7998
f 7918 7919 8000
f 7918 8000 7999
f 7919 7920 8001
f 7919 8001 8000
f 7920 7921 8002
f 7920 8002 8001
f 7921 7841 7922
f 7921 7922 8002
f 7922 7923 8004
f 7922 8004 8003
f 7923 7924 8005
f 7923 8005 8004
f 7924 7925 8006
f 7924 8006 8005
f 7925 7926 8007
f 7925 8007 8006
f 7926 7927 8008
f 7926 8008 8007
f 7927 7928 8009
f 7927 8009 8008
f 7928 7929 8010
f 7928 8010 8009
f 7929 7930 8011
f 7929 8011 8010
f 7930 7931 8012
f 7930 8012 8011
f 7931 7932 8013
f 7931 8013 8012
f 7932 7933 8014
f 7932 8014 8013
f 7933 7934 8015
f 7933 8015 8014
f 7934 7935 8016
f 7934 8016 8015
f 7935 7936 8017
f 7935 8017 8016
f 7936 7937 8018
f 7936 8018 8017
f 7937 7938 8019
f 7937 8019 8018
f 7938 7939 8020
f 7938 8020 8019
f 7939 7940 8021
f 7939 8021 8020
f 7940 7941 8022
f 7940 8022 8021
f 7941 7942 8023
f 7941 8023 8022
f 7942 7943 8024
f 7942 8024 8023
f 7943 7944 8025
f 7943 8025 8024
f 7944 7945 8026
f 7944 8026 8025
f 7945 7946 8027
f 7945 8027 8026
f 7946 7947 8028
f 7946 8028 8027
f 7947 7948 8029
f 7947 8029 8028
f 7948 7949 8030
f 7948 8030 8029
f 7949 7950 8031
f 7949 8031 8030
f 7950 7951 8032
f 7950 8032 8031
f 7951 7952 8033
f 7951 8033 8032
f 7952 7953 8034
f 7952 8034 8033
f 7953 7954 8035
f 7953 8035 8034
f 7954 7955 8036
f 7954 8036 8035
f 7955 7956 8037
f 7955 8037 8036
f 7956 7957 8038
f 7956 8038 8037
f 7957 7958 8039
f 7957 8039 8038
f 7958 7959 8040
f 7958 8040 8039
f 7959 7960 8041
f 7959 8041 8040
f 7960 7961 8042
f 7960 8042 8041
f 7961 7962 8043
f 7961 8043 8042
f 7962 7963 8044
f 7962 8044 8043
f 7963 7964 8045
f 7963 8045 8044
f 7964 7965 8046
f 7964 8046 8045
f 7965 7966 8047
f 7965 8047 8046
f 7966 7967 8048
f 7966 8048 8047
f 7967 7968 8049
f 7967 8049 8048
f 7968 7969 8050
f 7968 8050 8049
f 7969 7970 8051
f 7969 8051 8050
f 7970 7971 8052
f 7970 8052 8051
f 7971 7972 8053
f 7971 8053 8052
f 7972 7973 8054
f 7972 8054 8053
f 7973 7974 8055
f 7973 8055 8054
f 7974 7975 8056
f 7974 8056 8055
f 7975 7976 8057
f 7975 8057 8056
f 7976 7977 8058
f 7976 8058 8057
f 7977 7978 8059
f 7977 8059 8058
f 7978 7979 8060
f 7978 8060 8059
f 7979 7980 8061
f 7979 8061 8060
f 7980 7981 8062
f 7980 8062 8061
f 7981 7982 8063
f 7981 8063 8062
f 7982 7983 8064
f 7982 8064 8063
f 7983 7984 8065
f 7983 8065 8064
f 7984 7985 8066
f 7984 8066 8065
f 7985 7986 8067
f 7985 8067 8066
f 7986 7987 8068
f 7986 8068 8067
f 7987 7988 8069
f 7987 8069 8068
f 7988 7989 8070
f 7988 8070 8069
f 7989 7990 8071
f 7989 8071 8070
f 7990 7991 8072
f 7990 8072 8071
f 7991 7992 8073
f 7991 8073 8072
f 7992 7993 8074
f 7992 8074 8073
f 7993 7994 8075
f 7993 8075 8074
f 7995 7996 8077
f 7995 8077 8076
f 7996 7997 8078
f 7996 8078 8077
f 7997 7998 8079
f 7997 8079 8078
f 7998 7999 8080
f 7998 8080 8079
f 7999 8000 8081
f 7999 8081 8080
f 8000 8001 8082
f 8000 8082 8081
f 8001 8002 8083
f 8001 8083 8082
f 8002 7922 8003
f 8002 8003 8083
f 8003 8004 8085
f 8003 8085 8084
f 8004 8005 8086
f 8004 8086 8085
f 8005 8006 8087
f 8005 8087 8086
f 8006 8007 8088
f 8006 8088 8087
f 8007 8008 8089
f 8007 8089 8088
f 8008 8009 8090
f 8008 8090 8089
f 8009 8010 8091
f 8009 8091 8090
f 8010 8011 8092
f 8010 8092 8091
f 8011 8012 8093
f 8011 8093 8092
f 8012 8013 8094
f 8012 8094 8093
f 8013 8014 8095
f 8013 8095 8094
f 8014 8015 8096
f 8014 8096 8095
f 8015 8016 8097
f 8015 8097 8096
f 8016 8017 8098
f 8016 8098 8097
f 8017 8018 8099
f 8017 8099 8098
f 8018 8019 8100
f 8018 8100 8099
f 8019 8020 8101
f 8019 8101 8100
f 8020 8021 8102
f 8020 8102 8101
f 8021 8022 8103
f 8021 8103 8102
f 8022 8023 8104
f 8022 8104 8103
f 8023 8024 8105
f 8023 8105 8104
f 8024 8025 8106
f 8024 8106 8105
f 8025 8026 8107
f 8025 8107 8106
f 8026 8027 8108
f 8026 8108 8107
f 8027 8028 8109
f 8027 8109 8108
f 8028 8029 8110
f 8028 8110 8109
f 8029 8030 8111
f 8029 8111 8110
f 8030 8031 8112
f 8030 8112 8111
f 8031 8032 8113
f 8031 8113 8112
f 8032 8033 8114
f 8032 8114 8113
f 8033 8034 8115
f 8033 8115 8114
f 8034 8035 8116
f 8034 8116 8115
f 8035 8036 8117
f 8035 8117 8116
f 8036 8037 8118
f 8036 8118 8117
f 8037 8038 8119
f 8037 8119 8118
f 8038 8039 8120
f 8038 8120 8119
f 8039 8040 8121
f 8039 8121 8120
f 8040 8041 8122
f 8040 8122 8121
f 8041 8042 8123
f 8041 8123 8122
f 8042 8043 8124
f 8042 8124 8123
f 8043 8044 8125
f 8043 8125 8124
f 8044 8045 8126
f 8044 8126 8125
f 8045 8046 8127
f 8045 8127 8126
f 8046 8047 8128
f 8046 8128 8127
f 8047 8048 8129
f 8047 8129 8128
f 8048 8049 8130
f 8048 8130 8129
f 8049 8050 8131
f 8049 8131 8130
f 8050 8051 8132
f 8050 8132 8131
f 8051 8052 8133
f 8051 8133 8132
f 8052 8053 8134
f 8052 8134 8133
f 8053 8054 8135
f 8053 8135 8134
f 8054 8055 8136
f 8054 8136 8135
f 8055 8056 8137
f 8055 8137 8136
f 8056 8057 8138
f 8056 8138 8137
f 8057 8058 8139
f 8057 8139 8138
f 8058 8059 8140
f 8058 8140 8139
f 8059 8060 8141
f 8059 8141 8140
f 8060 8061 8142
f 8060 8142 8141
f 8061 8062 8143
f 8061 8143 8142
f 8062 8063 8144
f 8062 8144 8143
f 8063 8064 8145
f 8063 8145 8144
f 8064 8065 8146
f 8064 8146 8145
f 8065 8066 8147
f 8065 8147 8146
f 8066 8067 8148
f 8066 8148 8147
f 8067 8068 8149
f 8067 8149 8148
f 8068 8069 8150
f 8068 8150 8149
f 8069 8070 8151
f 8069 8151 8150
f 8070 8071 8152
f 8070 8152 8151
f 8071 8072 8153
f 8071 8153 8152
f 8072 8073 8154
f 8072 8154 8153
f 8073 8074 8155
f 8073 8155 8154
f 8074 8075 8156
f 8074 8156 8155
f 8076 8077 8158
f 8076 8158 8157
f 8077 8078 8159
f 8077 8159 8158
f 8078 8079 8160
f 8078 8160 8159
f 8079 8080 8161
f 8079 8161 8160
f 8080 8081 8162
f 8080 8162 8161
f 8081 8082 8163
f 8081 8163 8162
f 8082 8083 8164
f 8082 8164 8163
f 8083 8003 8084
f 8083 8084 8164
f 8084 8085 8166
f 8084 8166 8165
f 8085 8086 8167
f 8085 8167 8166
f 8086 8087 8168
f 8086 8168 8167
f 8087 8088 8169
f 8087 8169 8168
f 8088 8089 8170
f 8088 8170 8169
f 8089 8090 8171
f 8089 8171 8170
f 8090 8091 8172
f 8090 8172 8171
f 8091 8092 8173
f 8091 8173 8172
f 8092 8093 8174
f 8092 8174 8173
f 8093 8094 8175
f 8093 8175 8174
f 8094 8095 8176
f 8094 8176 8175
f 8095 8096 8177
f 8095 8177 8176
f 8096 8097 8178
f 8096 8178 8177
f 8097 8098 8179
f 8097 8179 8178
f 8098 8099 8180
f 8098 8180 8179
f 8099 8100 8181
f 8099 8181 8180
f 8100 8101 8182
f 8100 8182 8181
f 8101 8102 8183
f 8101 8183 8182
f 8102 8103 8184
f 8102 8184 8183
f 8103 8104 8185
f 8103 8185 8184
f 8104 8105 8186
f 8104 8186 8185
f 8105 8106 8187
f 8105 8187 8186
f 8106 8107 8188
f 8106 8188 8187
f 8107 8108 8189
f 8107 8189 8188
f 8108 8109 8190
f 8108 8190 8189
f 8109 8110 8191
f 8109 8191 8190
f 8110 8111 8192
f 8110 8192 8191
f 8111 8112 8193
f 8111 8193 8192
f 8112 8113 8194
f 8112 8194 8193
f 8113 8114 8195
f 8113 8195 8194
f 8114 8115 8196
f 8114 8196 8195
f 8115 8116 8197
f 8115 8197 8196
f 8116 8117 8198
f 8116 8198 8197
f 8117 8118 8199
f 8117 8199 8198
f 8118 8119 8200
f 8118 8200 8199
f 8119 8120 8201
f 8119 8201 8200
f 8120 8121 8202
f 8120 8202 8201
f 8121 8122 8203
f 8121 8203 8202
f 8122 8123 8204
f 8122 8204 8203
f 8123 8124 8205
f 8123 8205 8204
f 8124 8125 8206
f 8124 8206 8205
f 8125 8126 8207
f 8125 8207 8206
f 8126 8127 8208
f 8126 8208 8207
f 8127 8128 8209
f 8127 8209 8208
f 8128 8129 8210
f 8128 8210 8209
f 8129 8130 8211
f 8129 8211 8210
f 8130 8131 8212
f 8130 8212 8211
f 8131 8132 8213
f 8131 8213 8212
f 8132 8133 8214
f 8132 8214 8213
f 8133 8134 8215
f 8133 8215 8214
f 8134 8135 8216
f 8134 8216 8215
f 8135 8136 8217
f 8135 8217 8216
f 8136 8137 8218
f 8136 8218 8217
f 8137 8138 8219
f 8137 8219 8218
f 8138 8139 8220
f 8138 8220 8219
f 8139 8140 8221
f 8139 8221 8220
f 8140 8141 8222
f 8140 8222 8221
f 8141 8142 8223
f 8141 8223 8222
f 8142 8143 8224
f 8142 8224 8223
f 8143 8144 8225
f 8143 8225 8224
f 8144 8145 8226
f 8144 8226 8225
f 8145 8146 8227
f 8145 8227 8226
f 8146 8147 8228
f 8146 8228 8227
f 8147 8148 8229
f 8147 8229 8228
f 8148 8149 8230
f 8148 8230 8229
f 8149 8150 8231
f 8149 8231 8230
f 8150 8151 8232
f 8150 8232 8231
f 8151 8152 8233
f 8151 8233 8232
f 8152 8153 8234
f 8152 8234 8233
f 8153 8154 8235
f 8153 8235 8234
f 8154 8155 8236
f 8154 8236 8235
f 8155 8156 8237
f 8155 8237 8236
f 8157 8158 8239
f 8157 8239 8238
f 8158 8159 8240
f 8158 8240 8239
f 8159 8160 8241
f 8159 8241 8240
f 8160 8161 8242
f 8160 8242 8241
f 8161 8162 8243
f 8161 8243 8242
f 8162 8163 8244
f 8162 8244 8243
f 8163 8164 8245
f 8163 8245 8244
f 8164 8084 8165
f 8164 8165 8245
f 8165 8166 8247
f 8165 8247 8246
f 8166 8167 8248
f 8166 8248 8247
f 8167 8168 8249
f 8167 8249 8248
f 8168 8169 8250
f 8168 8250 8249
f 8169 8170 8251
f 8169 8251 8250
f 8170 8171 8252
f 8170 8252 8251
f 8171 8172 8253
f 8171 8253 8252
f 8172 8173 8254
f 8172 8254 8253
f 8173 8174 8255
f 8173 8255 8254
f 8174 8175 8256
f 8174 8256 8255
f 8175 8176 8257
f 8175 8257 8256
f 8176 8177 8258
f 8176 8258 8257
f 8177 8178 8259
f 8177 8259 8258
f 8178 8179 8260
f 8178 8260 8259
f 8179 8180 8261
f 8179 8261 8260
f 8180 8181 8262
f 8180 8262 8261
f 8181 8182 8263
f 8181 8263 8262
f 8182 8183 8264
f 8182 8264 8263
f 8183 8184 8265
f 8183 8265 8264
f 8184 8185 8266
f 8184 8266 8265
f 8185 8186 8267
f 8185 8267 8266
f 8186 8187 8268
f 8186 8268 8267
f 8187 8188 8269
f 8187 8269 8268
f 8188 8189 8270
f 8188 8270 8269
f 8189 8190 8271
f 8189 8271 8270
f 8190 8191 8272
f 8190 8272 8271
f 8191 8192 8273
f 8191 8273 8272
f 8192 8193 8274
f 8192 8274 8273
f 8193 8194 8275
f 8193 8275 8274
f 8194 8195 8276
f 8194 8276 8275
f 8195 8196 8277
f 8195 8277 8276
f 8196 8197 8278
f 8196 8278 8277
f 8197 8198 8279
f 8197 8279 8278
f 8198 8199 8280
f 8198 8280 8279
f 8199 8200 8281
f 8199 8281 8280
f 8200 8201 8282
f 8200 8282 8281
f 8201 8202 8283
f 8201 8283 8282
f 8202 8203 8284
f 8202 8284 8283
f 8203 8204 8285
f 8203 8285 8284
f 8204 8205 8286
f 8204 8286 8285
f 8205 8206 8287
f 8205 8287 8286
f 8206 8207 8288
f 8206 8288 8287
f 8207 8208 8289
f 8207 8289 8288
f 8208 8209 8290
f 8208 8290 8289
f 8209 8210 8291
f 8209 8291 8290
f 8210 8211 8292
f 8210 8292 8291
f 8211 8212 8293
f 8211 8293 8292
f 8212 8213 8294
f 8212 8294 8293
f 8213 8214 8295
f 8213 8295 8294
f 8214 8215 8296
f 8214 8296 8295
f 8215 8216 8297
f 8215 8297 8296
f 8216 8217 8298
f 8216 8298 8297
f 8217 8218 8299
f 8217 8299 8298
f 8218 8219 8300
f 8218 8300 8299
f 8219 8220 8301
f 8219 8301 8300
f 8220 8221 8302
f 8220 8302 8301
f 8221 8222 8303
f 8221 8303 8302
f 8222 8223 8304
f 8222 8304 8303
f 8223 8224 8305
f 8223 8305 8304
f 8224 8225 8306
f 8224 8306 8305
f 8225 8226 8307
f 8225 8307 8306
f 8226 8227 8308
f 8226 8308 8307
f 8227 8228 8309
f 8227 8309 8308
f 8228 8229 8310
f 8228 8310 8309
f 8229 8230 8311
f 8229 8311 8310
f 8230 8231 8312
f 8230 8312 8311
f 8231 8232 8313
f 8231 8313 8312
f 8232 8233 8314
f 8232 8314 8313
f 8233 8234 8315
f 8233 8315 8314
f 8234 8235 8316
f 8234 8316 8315
f 8235 8236 8317
f 8235 8317 8316
f 8236 8237 8318
f 8236 8318 8317
f 8238 8239 8320
f 8238 8320 8319
f 8239 8240 8321
f 8239 8321 8320
f 8240 8241 8322
f 8240 8322 8321
f 8241 8242 8323
f 8241 8323 8322
f 8242 8243 8324
f 8242 8324 8323
f 8243 8244 8325
f 8243 8325 8324
f 8244 8245 8326
f 8244 8326 8325
f 8245 8165 8246
f 8245 8246 8326
f 8246 8247 8328
f 8246 8328 8327
f 8247 8248 8329
f 8247 8329 8328
f 8248 8249 8330
f 8248 8330 8329
f 8249 8250 8331
f 8249 8331 8330
f 8250 8251 8332
f 8250 8332 8331
f 8251 8252 8333
f 8251 8333 8332
f 8252 8253 8334
f 8252 8334 8333
f 8253 8254 8335
f 8253 8335 8334
f 8254 8255 8336
f 8254 8336 8335
f 8255 8256 8337
f 8255 8337 8336
f 8256 8257 8338
f 8256 8338 8337
f 8257 8258 8339
f 8257 8339 8338
f 8258 8259 8340
f 8258 8340 8339
f 8259 8260 8341
f 8259 8341 8340
f 8260 8261 8342
f 8260 8342 8341
f 8261 8262 8343
f 8261 8343 8342
f 8262 8263 8344
f 8262 8344 8343
f 8263 8264 8345
f 8263 8345 8344
f 8264 8265 8346
f 8264 8346 8345
f 8265 8266 8347
f 8265 8347 8346
f 8266 8267 8348
f 8266 8348 8347
f 8267 8268 8349
f 8267 8349 8348
f 8268 8269 8350
f 8268 8350 8349
f 8269 8270 8351
f 8269 8351 8350
f 8270 8271 8352
f 8270 8352 8351
f 8271 8272 8353
f 8271 8353 8352
f 8272 8273 8354
f 8272 8354 8353
f 8273 8274 8355
f 8273 8355 8354
f 8274 8275 8356
f 8274 8356 8355
f 8275 8276 8357
f 8275 8357 8356
f 8276 8277 8358
f 8276 8358 8357
f 8277 8278 8359
f 8277 8359 8358
f 8278 8279 8360
f 8278 8360 8359
f 8279 8280 8361
f 8279 8361 8360
f 8280 8281 8362
f 8280 8362 8361
f 8281 8282 8363
f 8281 8363 8362
f 8282 8283 8364
f 8282 8364 8363
f 8283 8284 8365
f 8283 8365 8364
f 8284 8285 8366
f 8284 8366 8365
f 8285 8286 8367
f 8285 8367 8366
f 8286 8287 8368
f 8286 8368 8367
f 8287 8288 8369
f 8287 8369 8368
f 8288 8289 8370
f 8288 8370 8369
f 8289 8290 8371
f 8289 8371 8370
f 8290 8291 8372
f 8290 8372 8371
f 8291 8292 8373
f 8291 8373 8372
f 8292 8293 8374
f 8292 8374 8373
f 8293 8294 8375
f 8293 8375 8374
f 8294 8295 8376
f 8294 8376 8375
f 8295 8296 8377
f 8295 8377 8376
f 8296 8297 8378
f 8296 8378 8377
f 8297 8298 8379
f 8297 8379 8378
f 8298 8299 8380
f 8298 8380 8379
f 8299 8300 8381
f 8299 8381 8380
f 8300 8301 8382
f 8300 8382 8381
f 8301 8302 8383
f 8301 8383 8382
f 8302 8303 8384
f 8302 8384 8383
f 8303 8304 8385
f 8303 8385 8384
f 8304 8305 8386
f 8304 8386 8385
f 8305 8306 8387
f 8305 8387 8386
f 8306 8307 8388
f 8306 8388 8387
f 8307 8308 8389
f 8307 8389 8388
f 8308 8309 8390
f 8308 8390 8389
f 8309 8310 8391
f 8309 8391 8390
f 8310 8311 8392
f 8310 8392 8391
f 8311 8312 8393
f 8311 8393 8392
f 8312 8313 8394
f 8312 8394 8393
f 8313 8314 8395
f 8313 8395 8394
f 8314 8315 8396
f 8314 8396 8395
f 8315 8316 8397
f 8315 8397 8396
f 8316 8317 8398
f 8316 8398 8397
f 8317 8318 8399
f 8317 8399 8398
f 8319 8320 8401
f 8319 8401 8400
f 8320 8321 8402
f 8320 8402 8401
f 8321 8322 8403
f 8321 8403 8402
f 8322 8323 8404
f 8322 8404 8403
f 8323 8324 8405
f 8323 8405 8404
f 8324 8325 8406
f 8324 8406 8405
f 8325 8326 8407
f 8325 8407 8406
f 8326 8246 8327
f 8326 8327 8407
f 8327 8328 8409
f 8327 8409 8408
f 8328 8329 8410
f 8328 8410 8409
f 8329 8330 8411
f 8329 8411 8410
f 8330 8331 8412
f 8330 8412 8411
f 8331 8332 8413
f 8331 8413 8412
f 8332 8333 8414
f 8332 8414 8413
f 8333 8334 8415
f 8333 8415 8414
f 8334 8335 8416
f 8334 8416 8415
f 8335 8336 8417
f 8335 8417 8416
f 8336 8337 8418
f 8336 8418 8417
f 8337 8338 8419
f 8337 8419 8418
f 8338 8339 8420
f 8338 8420 8419
f 8339 8340 8421
f 8339 8421 8420
f 8340 8341 8422
f 8340 8422 8421
f 8341 8342 8423
f 8341 8423 8422
f 8342 8343 8424
f 8342 8424 8423
f 8343 8344 8425
f 8343 8425 8424
f 8344 8345 8426
f 8344 8426 8425
f 8345 8346 8427
f 8345 8427 8426
f 8346 8347 8428
f 8346 8428 8427
f 8347 8348 8429
f 8347 8429 8428
f 8348 8349 8430
f 8348 8430 8429
f 8349 8350 8431
f 8349 8431 8430
f 8350 8351 8432
f 8350 8432 8431
f 8351 8352 8433
f 8351 8433 8432
f 8352 8353 8434
f 8352 8434 8433
f 8353 8354 8435
f 8353 8435 8434
f 8354 8355 8436
f 8354 8436 8435
f 8355 8356 8437
f 8355 8437 8436
f 8356 8357 8438
f 8356 8438 8437
f 8357 8358 8439
f 8357 8439 8438
f 8358 8359 8440
f 8358 8440 8439
f 8359 8360 8441
f 8359 8441 8440
f 8360 8361 8442
f 8360 8442 8441
f 8361 8362 8443
f 8361 8443 8442
f 8362 8363 8444
f 8362 8444 8443
f 8363 8364 8445
f 8363 8445 8444
f 8364 8365 8446
f 8364 8446 8445
f 8365 8366 8447
f 8365 8447 8446
f 8366 8367 8448
f 8366 8448 8447
f 8367 8368 8449
f 8367 8449 8448
f 8368 8369 8450
f 8368 8450 8449
f 8369 8370 8451
f 8369 8451 8450
f 8370 8371 8452
f 8370 8452 8451
f 8371 8372 8453
f 8371 8453 8452
f 8372 8373 8454
f 8372 8454 8453
f 8373 8374 8455
f 8373 8455 8454
f 8374 8375 8456
f 8374 8456 8455
f 8375 8376 8457
f 8375 8457 8456
f 8376 8377 8458
f 8376 8458 8457
f 8377 8378 8459
f 8377 8459 8458
f 8378 8379 8460
f 8378 8460 8459
f 8379 8380 8461
f 8379 8461 8460
f 8380 8381 8462
f 8380 8462 8461
f 8381 8382 8463
f 8381 8463 8462
f 8382 8383 8464
f 8382 8464 8463
f 8383 8384 8465
f 8383 8465 8464
f 8384 8385 8466
f 8384 8466 8465
f 8385 8386 8467
f 8385 8467 8466
f 8386 8387 8468
f 8386 8468 8467
f 8387 8388 8469
f 8387 8469 8468
f 8388 8389 8470
f 8388 8470 8469
f 8389 8390 8471
f 8389 8471 8470
f 8390 8391 8472
f 8390 8472 8471
f 8391 8392 8473
f 8391 8473 8472
f 8392 8393 8474
f 8392 8474 8473
f 8393 8394 8475
f 8393 8475 8474
f 8394 8395 8476
f 8394 8476 8475
f 8395 8396 8477
f 8395 8477 8476
f 8396 8397 8478
f 8396 8478 8477
f 8397 8398 8479
f 8397 8479 8478
f 8398 8399 8480
f 8398 8480 8479
f 8400 8401 8482
f 8400 8482 8481
f 8401 8402 8483
f 8401 8483 8482
f 8402 8403 8484
f 8402 8484 8483
f 8403 8404 8485
f 8403 8485 8484
f 8404 8405 8486
f 8404 8486 8485
f 8405 8406 8487
f 8405 8487 8486
f 8406 8407 8488
f 8406 8488 8487
f 8407 8327 8408
f 8407 8408 8488
f 8408 8409 8490
f 8408 8490 8489
f 8409 8410 8491
f 8409 8491 8490
f 8410 8411 8492
f 8410 8492 8491
f 8411 8412 8493
f 8411 8493 8492
f 8412 8413 8494
f 8412 8494 8493
f 8413 8414 8495
f 8413 8495 8494
f 8414 8415 8496
f 8414 8496 8495
f 8415 8416 8497
f 8415 8497 8496
f 8416 8417 8498
f 8416 8498 8497
f 8417 8418 8499
f 8417 8499 8498
f 8418 8419 8500
f 8418 8500 8499
f 8419 8420 8501
f 8419 8501 8500
f 8420 8421 8502
f 8420 8502 8501
f 8421 8422 8503
f 8421 8503 8502
f 8422 8423 8504
f 8422 8504 8503
f 8423 8424 8505
f 8423 8505 8504
f 8424 8425 8506
f 8424 8506 8505
f 8425 8426 8507
f 8425 8507 8506
f 8426 8427 8508
f 8426 8508 8507
f 8427 8428 8509
f 8427 8509 8508
f 8428 8429 8510
f 8428 8510 8509
f 8429 8430 8511
f 8429 8511 8510
f 8430 8431 8512
f 8430 8512 8511
f 8431 8432 8513
f 8431 8513 8512
f 8432 8433 8514
f 8432 8514 8513
f 8433 8434 8515
f 8433 8515 8514
f 8434 8435 8516
f 8434 8516 8515
f 8435 8436 8517
f 8435 8517 8516
f 8436 8437 8518
f 8436 8518 8517
f 8437 8438 8519
f 8437 8519 8518
f 8438 8439 8520
f 8438 8520 8519
f 8439 8440 8521
f 8439 8521 8520
f 8440 8441 8522
f 8440 8522 8521
f 8441 8442 8523
f 8441 8523 8522
f 8442 8443 8524
f 8442 8524 8523
f 8443 8444 8525
f 8443 8525 8524
f 8444 8445 8526
f 8444 8526 8525
f 8445 8446 8527
f 8445 8527 8526
f 8446 8447 8528
f 8446 8528 8527
f 8447 8448 8529
f 8447 8529 8528
f 8448 8449 8530
f 8448 8530 8529
f 8449 8450 8531
f 8449 8531 8530
f 8450 8451 8532
f 8450 8532 8531
f 8451 8452 8533
f 8451 8533 8532
f 8452 8453 8534
f 8452 8534 8533
f 8453 8454 8535
f 8453 8535 8534
f 8454 8455 8536
f 8454 8536 8535
f 8455 8456 8537
f 8455 8537 8536
f 8456 8457 8538
f 8456 8538 8537
f 8457 8458 8539
f 8457 8539 8538
f 8458 8459 8540
f 8458 8540 8539
f 8459 8460 8541
f 8459 8541 8540
f 8460 8461 8542
f 8460 8542 8541
f 8461 8462 8543
f 8461 8543 8542
f 8462 8463 8544
f 8462 8544 8543
f 8463 8464 8545
f 8463 8545 8544
f 8464 8465 8546
f 8464 8546 8545
f 8465 8466 8547
f 8465 8547 8546
f 8466 8467 8548
f 8466 8548 8547
f 8467 8468 8549
f 8467 8549 8548
f 8468 8469 8550
f 8468 8550 8549
f 8469 8470 8551
f 8469 8551 8550
f 8470 8471 8552
f 8470 8552 8551
f 8471 8472 8553
f 8471 8553 8552
f 8472 8473 8554
f 8472 8554 8553
f 8473 8474 8555
f 8473 8555 8554
f 8474 8475 8556
f 8474 8556 8555
f 8475 8476 8557
f 8475 8557 8556
f 8476 8477 8558
f 8476 8558 8557
f 8477 8478 8559
f 8477 8559 8558
f 8478 8479 8560
f 8478 8560 8559
f 8479 8480 8561
f 8479 8561 8560
f 8481 8482 8563
f 8481 8563 8562
f 8482 8483 8564
f 8482 8564 8563
f 8483 8484 8565
f 8483 8565 8564
f 8484 8485 8566
f 8484 8566 8565
f 8485 8486 8567
f 8485 8567 8566
f 8486 8487 8568
f 8486 8568 8567
f 8487 8488 8569
f 8487 8569 8568
f 8488 8408 8489
f 8488 8489 8569
f 8489 8490 8571
f 8489 8571 8570
f 8490 8491 8572
f 8490 8572 8571
f 8491 8492 8573
f 8491 8573 8572
f 8492 8493 8574
f 8492 8574 8573
f 8493 8494 8575
f 8493 8575 8574
f 8494 8495 8576
f 8494 8576 8575
f 8495 8496 8577
f 8495 8577 8576
f 8496 8497 8578
f 8496 8578 8577
f 8497 8498 8579
f 8497 8579 8578
f 8498 8499 8580
f 8498 8580 8579
f 8499 8500 8581
f 8499 8581 8580
f 8500 8501 8582
f 8500 8582 8581
f 8501 8502 8583
f 8501 8583 8582
f 8502 8503 8584
f 8502 8584 8583
f 8503 8504 8585
f 8503 8585 8584
f 8504 8505 8586
f 8504 8586 8585
f 8505 8506 8587
f 8505 8587 8586
f 8506 8507 8588
f 8506 8588 8587
f 8507 8508 8589
f 8507 8589 8588
f 8508 8509 8590
f 8508 8590 8589
f 8509 8510 8591
f 8509 8591 8590
f 8510 8511 8592
f 8510 8592 8591
f 8511 8512 8593
f 8511 8593 8592
f 8512 8513 8594
f 8512 8594 8593
f 8513 8514 8595
f 8513 8595 8594
f 8514 8515 8596
f 8514 8596 8595
f 8515 8516 8597
f 8515 8597 8596
f 8516 8517 8598
f 8516 8598 8597
f 8517 8518 8599
f 8517 8599 8598
f 8518 8519 8600
f 8518 8600 8599
f 8519 8520 8601
f 8519 8601 8600
f 8520 8521 8602
f 8520 8602 8601
f 8521 8522 8603
f 8521 8603 8602
f 8522 8523 8604
f 8522 8604 8603
f 8523 8524 8605
f 8523 8605 8604
f 8524 8525 8606
f 8524 8606 8605
f 8525 8526 8607
f 8525 8607 8606
f 8526 8527 8608
f 8526 8608 8607
f 8527 8528 8609
f 8527 8609 8608
f 8528 8529 8610
f 8528 8610 8609
f 8529 8530 8611
f 8529 8611 8610
f 8530 8531 8612
f 8530 8612 8611
f 8531 8532 8613
f 8531 8613 8612
f 8532 8533 8614
f 8532 8614 8613
f 8533 8534 8615
f 8533 8615 8614
f 8534 8535 8616
f 8534 8616 8615
f 8535 8536 8617
f 8535 8617 8616
f 8536 8537 8618
f 8536 8618 8617
f 8537 8538 8619
f 8537 8619 8618
f 8538 8539 8620
f 8538 8620 8619
f 8539 8540 8621
f 8539 8621 8620
f 8540 8541 8622
f 8540 8622 8621
f 8541 8542 8623
f 8541 8623 8622
f 8542 8543 8624
f 8542 8624 8623
f 8543 8544 8625
f 8543 8625 8624
f 8544 8545 8626
f 8544 8626 8625
f 8545 8546 8627
f 8545 8627 8626
f 8546 8547 8628
f 8546 8628 8627
f 8547 8548 8629
f 8547 8629 8628
f 8548 8549 8630
f 8548 8630 8629
f 8549 8550 8631
f 8549 8631 8630
f 8550 8551 8632
f 8550 8632 8631
f 8551 8552 8633
f 8551 8633 8632
f 8552 8553 8634
f 8552 8634 8633
f 8553 8554 8635
f 8553 8635 8634
f 8554 8555 8636
f 8554 8636 8635
f 8555 8556 8637
f 8555 8637 8636
f 8556 8557 8638
f 8556 8638 8637
f 8557 8558 8639
f 8557 8639 8638
f 8558 8559 8640
f 8558 8640 8639
f 8559 8560 8641
f 8559 8641 8640
f 8560 8561 8642
f 8560 8642 8641
f 8562 8563 8644
f 8562 8644 8643
f 8563 8564 8645
f 8563 8645 8644
f 8564 8565 8646
f 8564 8646 8645
f 8565 8566 8647
f 8565 8647 8646
f 8566 8567 8648
f 8566 8648 8647
f 8567 8568 8649
f 8567 8649 8648
f 8568 8569 8650
f 8568 8650 8649
f 8569 8489 8570
f 8569 8570 8650
f 8570 8571 8652
f 8570 8652 8651
f 8571 8572 8653
f 8571 8653 8652
f 8572 8573 8654
f 8572 8654 8653
f 8573 8574 8655
f 8573 8655 8654
f 8574 8575 8656
f 8574 8656 8655
f 8575 8576 8657
f 8575 8657 8656
f 8576 8577 8658
f 8576 8658 8657
f 8577 8578 8659
f 8577 8659 8658
f 8578 8579 8660
f 8578 8660 8659
f 8579 8580 8661
f 8579 8661 8660
f 8580 8581 8662
f 8580 8662 8661
f 8581 8582 8663
f 8581 8663 8662
f 8582 8583 8664
f 8582 8664 8663
f 8583 8584 8665
f 8583 8665 8664
f 8584 8585 8666
f 8584 8666 8665
f 8585 8586 8667
f 8585 8667 8666
f 8586 8587 8668
f 8586 8668 8667
f 8587 8588 8669
f 8587 8669 8668
f 8588 8589 8670
f 8588 8670 8669
f 8589 8590 8671
f 8589 8671 8670
f 8590 8591 8672
f 8590 8672 8671
f 8591 8592 8673
f 8591 8673 8672
f 8592 8593 8674
f 8592 8674 8673
f 8593 8594 8675
f 8593 8675 8674
f 8594 8595 8676
f 8594 8676 8675
f 8595 8596 8677
f 8595 8677 8676
f 8596 8597 8678
f 8596 8678 8677
f 8597 8598 8679
f 8597 8679 8678
f 8598 8599 8680
f 8598 8680 8679
f 8599 8600 8681
f 8599 8681 8680
f 8600 8601 8682
f 8600 8682 8681
f 8601 8602 8683
f 8601 8683 8682
f 8602 8603 8684
f 8602 8684 8683
f 8603 8604 8685
f 8603 8685 8684
f 8604 8605 8686
f 8604 8686 8685
f 8605 8606 8687
f 8605 8687 8686
f 8606 8607 8688
f 8606 8688 8687
f 8607 8608 8689
f 8607 8689 8688
f 8608 8609 8690
f 8608 8690 8689
f 8609 8610 8691
f 8609 8691 8690
f 8610 8611 8692
f 8610 8692 8691
f 8611 8612 8693
f 8611 8693 8692
f 8612 8613 8694
f 8612 8694 8693
f 8613 8614 8695
f 8613 8695 8694
f 8614 8615 8696
f 8614 8696 8695
f 8615 8616 8697
f 8615 8697 8696
f 8616 8617 8698
f 8616 8698 8697
f 8617 8618 8699
f 8617 8699 8698
f 8618 8619 8700
f 8618 8700 8699
f 8619 8620 8701
f 8619 8701 8700
f 8620 8621 8702
f 8620 8702 8701
f 8621 8622 8703
f 8621 8703 8702
f 8622 8623 8704
f 8622 8704 8703
f 8623 8624 8705
f 8623 8705 8704
f 8624 8625 8706
f 8624 8706 8705
f 8625 8626 8707
f 8625 8707 8706
f 8626 8627 8708
f 8626 8708 8707
f 8627 8628 8709
f 8627 8709 8708
f 8628 8629 8710
f 8628 8710 8709
f 8629 8630 8711
f 8629 8711 8710
f 8630 8631 8712
f 8630 8712 8711
f 8631 8632 8713
f 8631 8713 8712
f 8632 8633 8714
f 8632 8714 8713
f 8633 8634 8715
f 8633 8715 8714
f 8634 8635 8716
f 8634 8716 8715
f 8635 8636 8717
f 8635 8717 8716
f 8636 8637 8718
f 8636 8718 8717
f 8637 8638 8719
f 8637 8719 8718
f 8638 8639 8720
f 8638 8720 8719
f 8639 8640 8721
f 8639 8721 8720
f 8640 8641 8722
f 8640 8722 8721
f 8641 8642 8723
f 8641 8723 8722
f 8642 8724 8723
f 8643 8644 8726
f 8643 8726 8725
f 8644 8645 8727
f 8644 8727 8726
f 8645 8646 8728
f 8645 8728 8727
f 8646 8647 8729
f 8646 8729 8728
f 8647 8648 8730
f 8647 8730 8729
f 8648 8649 8731
f 8648 8731 8730
f 8649 8650 8732
f 8649 8732 8731
f 8650 8570 8651
f 8650 8651 8732
f 8651 8652 8734
f 8651 8734 8733
f 8652 8653 8735
f 8652 8735 8734
f 8653 8654 8736
f 8653 8736 8735
f 8654 8655 8737
f 8654 8737 8736
f 8655 8656 8738
f 8655 8738 8737
f 8656 8657 8739
f 8656 8739 8738
f 8657 8658 8740
f 8657 8740 8739
f 8658 8659 8741
f 8658 8741 8740
f 8659 8660 8742
f 8659 8742 8741
f 8660 8661 8743
f 8660 8743 8742
f 8661 8662 8744
f 8661 8744 8743
f 8662 8663 8745
f 8662 8745 8744
f 8663 8664 8746
f 8663 8746 8745
f 8664 8665 8747
f 8664 8747 8746
f 8665 8666 8748
f 8665 8748 8747
f 8666 8667 8749
f 8666 8749 8748
f 8667 8668 8750
f 8667 8750 8749
f 8668 8669 8751
f 8668 8751 8750
f 8669 8670 8752
f 8669 8752 8751
f 8670 8671 8753
f 8670 8753 8752
f 8671 8672 8754
f 8671 8754 8753
f 8672 8673 8755
f 8672 8755 8754
f 8673 8674 8756
f 8673 8756 8755
f 8674 8675 8757
f 8674 8757 8756
f 8675 8676 8758
f 8675 8758 8757
f 8676 8677 8759
f 8676 8759 8758
f 8677 8678 8760
f 8677 8760 8759
f 8678 8679 8761
f 8678 8761 8760
f 8679 8680 8762
f 8679 8762 8761
f 8680 8681 8763
f 8680 8763 8762
f 8681 8682 8764
f 8681 8764 8763
f 8682 8683 8765
f 8682 8765 8764
f 8683 8684 8766
f 8683 8766 8765
f 8684 8685 8767
f 8684 8767 8766
f 8685 8686 8768
f 8685 8768 8767
f 8686 8687 8769
f 8686 8769 8768
f 8687 8688 8770
f 8687 8770 8769
f 8688 8689 8771
f 8688 8771 8770
f 8689 8690 8772
f 8689 8772 8771
f 8690 8691 8773
f 8690 8773 8772
f 8691 8692 8774
f 8691 8774 8773
f 8692 8693 8775
f 8692 8775 8774
f 8693 8694 8776
f 8693 8776 8775
f 8694 8695 8777
f 8694 8777 8776
f 8695 8696 8778
f 8695 8778 8777
f 8696 8697 8779
f 8696 8779 8778
f 8697 8698 8780
f 8697 8780 8779
f 8698 8699 8781
f 8698 8781 8780
f 8699 8700 8782
f 8699 8782 8781
f 8700 8701 8783
f 8700 8783 8782
f 8701 8702 8784
f 8701 8784 8783
f 8702 8703 8785
f 8702 8785 8784
f 8703 8704 8786
f 8703 8786 8785
f 8704 8705 8787
f 8704 8787 8786
f 8705 8706 8788
f 8705 8788 8787
f 8706 8707 8789
f 8706 8789 8788
f 8707 8708 8790
f 8707 8790 8789
f 8708 8709 8791
f 8708 8791 8790
f 8709 8710 8792
f 8709 8792 8791
f 8710 8711 8793
f 8710 8793 8792
f 8711 8712 8794
f 8711 8794 8793
f 8712 8713 8795
f 8712 8795 8794
f 8713 8714 8796
f 8713 8796 8795
f 8714 8715 8797
f 8714 8797 8796
f 8715 8716 8798
f 8715 8798 8797
f 8716 8717 8799
f 8716 8799 8798
f 8717 8718 8800
f 8717 8800 8799
f 8718 8719 8801
f 8718 8801 8800
f 8719 8720 8802
f 8719 8802 8801
f 8720 8721 8803
f 8720 8803 8802
f 8721 8722 8804
f 8721 8804 8803
f 8722 8723 8805
f 8722 8805 8804
f 8723 8724 8806
f 8723 8806 8805
f 8725 8726 8809
f 8725 8809 8808
f 8726 8727 8810
f 8726 8810 8809
f 8727 8728 8811
f 8727 8811 8810
f 8728 8729 8812
f 8728 8812 8811
f 8729 8730 8813
f 8729 8813 8812
f 8730 8731 8814
f 8730 8814 8813
f 8731 8732 8815
f 8731 8815 8814
f 8732 8651 8733
f 8732 8733 8815
f 8733 8734 8817
f 8733 8817 8816
f 8734 8735 8818
f 8734 8818 8817
f 8735 8736 8819
f 8735 8819 8818
f 8736 8737 8820
f 8736 8820 8819
f 8737 8738 8821
f 8737 8821 8820
f 8738 8739 8822
f 8738 8822 8821
f 8739 8740 8823
f 8739 8823 8822
f 8740 8741 8824
f 8740 8824 8823
f 8741 8742 8825
f 8741 8825 8824
f 8742 8743 8826
f 8742 8826 8825
f 8743 8744 8827
f 8743 8827 8826
f 8744 8745 8828
f 8744 8828 8827
f 8745 8746 8829
f 8745 8829 8828
f 8746 8747 8830
f 8746 8830 8829
f 8747 8748 8831
f 8747 8831 8830
f 8748 8749 8832
f 8748 8832 8831
f 8749 8750 8833
f 8749 8833 8832
f 8750 8751 8834
f 8750 8834 8833
f 8751 8752 8835
f 8751 8835 8834
f 8752 8753 8836
f 8752 8836 8835
f 8753 8754 8837
f 8753 8837 8836
f 8754 8755 8838
f 8754 8838 8837
f 8755 8756 8839
f 8755 8839 8838
f 8756 8757 8840
f 8756 8840 8839
f 8757 8758 8841
f 8757 8841 8840
f 8758 8759 8842
f 8758 8842 8841
f 8759 8760 8843
f 8759 8843 8842
f 8760 8761 8844
f 8760 8844 8843
f 8761 8762 8845
f 8761 8845 8844
f 8762 8763 8846
f 8762 8846 8845
f 8763 8764 8847
f 8763 8847 8846
f 8764 8765 8848
f 8764 8848 8847
f 8765 8766 8849
f 8765 8849 8848
f 8766 8767 8850
f 8766 8850 8849
f 8767 8768 8851
f 8767 8851 8850
f 8768 8769 8852
f 8768 8852 8851
f 8769 8770 8853
f 8769 8853 8852
f 8770 8771 8854
f 8770 8854 8853
f 8771 8772 8855
f 8771 8855 8854
f 8772 8773 8856
f 8772 8856 8855
f 8773 8774 8857
f 8773 8857 8856
f 8774 8775 8858
f 8774 8858 8857
f 8775 8776 8859
f 8775 8859 8858
f 8776 8777 8860
f 8776 8860 8859
f 8777 8778 8861
f 8777 8861 8860
f 8778 8779 8862
f 8778 8862 8861
f 8779 8780 8863
f 8779 8863 8862
f 8780 8781 8864
f 8780 8864 8863
f 8781 8782 8865
f 8781 8865 8864
f 8782 8783 8866
f 8782 8866 8865
f 8783 8784 8867
f 8783 8867 8866
f 8784 8785 8868
f 8784 8868 8867
f 8785 8786 8869
f 8785 8869 8868
f 8786 8787 8870
f 8786 8870 8869
f 8787 8788 8871
f 8787 8871 8870
f 8788 8789 8872
f 8788 8872 8871
f 8789 8790 8873
f 8789 8873 8872
f 8790 8791 8874
f 8790 8874 8873
f 8791 8792 8875
f 8791 8875 8874
f 8792 8793 8876
f 8792 8876 8875
f 8793 8794 8877
f 8793 8877 8876
f 8794 8795 8878
f 8794 8878 8877
f 8795 8796 8879
f 8795 8879 8878
f 8796 8797 8880
f 8796 8880 8879
f 8797 8798 8881
f 8797 8881 8880
f 8798 8799 8882
f 8798 8882 8881
f 8799 8800 8883
f 8799 8883 8882
f 8800 8801 8884
f 8800 8884 8883
f 8801 8802 8885
f 8801 8885 8884
f 8802 8803 8886
f 8802 8886 8885
f 8803 8804 8887
f 8803 8887 8886
f 8804 8805 8888
f 8804 8888 8887
f 8805 8806 8889
f 8805 8889 8888
f 8807 8808 8891
f 8807 8891 8890
f 8808 8809 8892
f 8808 8892 8891
f 8809 8810 8893
f 8809 8893 8892
f 8810 8811 8894
f 8810 8894 8893
f 8811 8812 8895
f 8811 8895 8894
f 8812 8813 8896
f 8812 8896 8895
f 8813 8814 8897
f 8813 8897 8896
f 8814 8815 8898
f 8814 8898 8897
f 8815 8733 8816
f 8815 8816 8898
f 8816 8817 8900
f 8816 8900 8899
f 8817 8818 8901
f 8817 8901 8900
f 8818 8819 8902
f 8818 8902 8901
f 8819 8820 8903
f 8819 8903 8902
f 8820 8821 8904
f 8820 8904 8903
f 8821 8822 8905
f 8821 8905 8904
f 8822 8823 8906
f 8822 8906 8905
f 8823 8824 8907
f 8823 8907 8906
f 8824 8825 8908
f 8824 8908 8907
f 8825 8826 8909
f 8825 8909 8908
f 8826 8827 8910
f 8826 8910 8909
f 8827 8828 8911
f 8827 8911 8910
f 8828 8829 8912
f 8828 8912 8911
f 8829 8830 8913
f 8829 8913 8912
f 8830 8831 8914
f 8830 8914 8913
f 8831 8832 8915
f 8831 8915 8914
f 8832 8833 8916
f 8832 8916 8915
f 8833 8834 8917
f 8833 8917 8916
f 8834 8835 8918
f 8834 8918 8917
f 8835 8836 8919
f 8835 8919 8918
f 8836 8837 8920
f 8836 8920 8919
f 8837 8838 8921
f 8837 8921 8920
f 8838 8839 8922
f 8838 8922 8921
f 8839 8840 8923
f 8839 8923 8922
f 8840 8841 8924
f 8840 8924 8923
f 8841 8842 8925
f 8841 8925 8924
f 8842 8843 8926
f 8842 8926 8925
f 8843 8844 8927
f 8843 8927 8926
f 8844 8845 8928
f 8844 8928 8927
f 8845 8846 8929
f 8845 8929 8928
f 8846 8847 8930
f 8846 8930 8929
f 8847 8848 8931
f 8847 8931 8930
f 8848 8849 8932
f 8848 8932 8931
f 8849 8850 8933
f 8849 8933 8932
f 8850 8851 8934
f 8850 8934 8933
f 8851 8852 8935
f 8851 8935 8934
f 8852 8853 8936
f 8852 8936 8935
f 8853 8854 8937
f 8853 8937 8936
f 8854 8855 8938
f 8854 8938 8937
f 8855 8856 8939
f 8855 8939 8938
f 8856 8857 8940
f 8856 8940 8939
f 8857 8858 8941
f 8857 8941 8940
f 8858 8859 8942
f 8858 8942 8941
f 8859 8860 8943
f 8859 8943 8942
f 8860 8861 8944
f 8860 8944 8943
f 8861 8862 8945
f 8861 8945 8944
f 8862 8863 8946
f 8862 8946 8945
f 8863 8864 8947
f 8863 8947 8946
f 8864 8865 8948
f 8864 8948 8947
f 8865 8866 8949
f 8865 8949 8948
f 8866 8867 8950
f 8866 8950 8949
f 8867 8868 8951
f 8867 8951 8950
f 8868 8869 8952
f 8868 8952 8951
f 8869 8870 8953
f 8869 8953 8952
f 8870 8871 8954
f 8870 8954 8953
f 8871 8872 8955
f 8871 8955 8954
f 8872 8873 8956
f 8872 8956 8955
f 8873 8874 8957
f 8873 8957 8956
f 8874 8875 8958
f 8874 8958 8957
f 8875 8876 8959
f 8875 8959 8958
f 8876 8877 8960
f 8876 8960 8959
f 8877 8878 8961
f 8877 8961 8960
f 8878 8879 8962
f 8878 8962 8961
f 8879 8880 8963
f 8879 8963 8962
f 8880 8881 8964
f 8880 8964 8963
f 8881 8882 8965
f 8881 8965 8964
f 8882 8883 8966
f 8882 8966 8965
f 8883 8884 8967
f 8883 8967 8966
f 8884 8885 8968
f 8884 8968 8967
f 8885 8886 8969
f 8885 8969 8968
f 8886 8887 8970
f 8886 8970 8969
f 8887 8888 8971
f 8887 8971 8970
f 8888 8889 8972
f 8888 8972 8971
f 8890 8891 8974
f 8890 8974 8973
f 8891 8892 8975
f 8891 8975 8974
f 8892 8893 8976
f 8892 8976 8975
f 8893 8894 8977
f 8893 8977 8976
f 8894 8895 8978
f 8894 8978 8977
f 8895 8896 8979
f 8895 8979 8978
f 8896 8897 8980
f 8896 8980 8979
f 8897 8898 8981
f 8897 8981 8980
f 8898 8816 8899
f 8898 8899 8981
f 8899 8900 8983
f 8899 8983 8982
f 8900 8901 8984
f 8900 8984 8983
f 8901 8902 8985
f 8901 8985 8984
f 8902 8903 8986
f 8902 8986 8985
f 8903 8904 8987
f 8903 8987 8986
f 8904 8905 8988
f 8904 8988 8987
f 8905 8906 8989
f 8905 8989 8988
f 8906 8907 8990
f 8906 8990 8989
f 8907 8908 8991
f 8907 8991 8990
f 8908 8909 8992
f 8908 8992 8991
f 8909 8910 8993
f 8909 8993 8992
f 8910 8911 8994
f 8910 8994 8993
f 8911 8912 8995
f 8911 8995 8994
f 8912 8913 8996
f 8912 8996 8995
f 8913 8914 8997
f 8913 8997 8996
f 8914 8915 8998
f 8914 8998 8997
f 8915 8916 8999
f 8915 8999 8998
f 8916 8917 9000
f 8916 9000 8999
f 8917 8918 9001
f 8917 9001 9000
f 8918 8919 9002
f 8918 9002 9001
f 8919 8920 9003
f 8919 9003 9002
f 8920 8921 9004
f 8920 9004 9003
f 8921 8922 9005
f 8921 9005 9004
f 8922 8923 9006
f 8922 9006 9005
f 8923 8924 9007
f 8923 9007 9006
f 8924 8925 9008
f 8924 9008 9007
f 8925 8926 9009
f 8925 9009 9008
f 8926 8927 9010
f 8926 9010 9009
f 8927 8928 9011
f 8927 9011 9010
f 8928 8929 9012
f 8928 9012 9011
f 8929 8930 9013
f 8929 9013 9012
f 8930 8931 9014
f 8930 9014 9013
f 8931 8932 9015
f 8931 9015 9014
f 8932 8933 9016
f 8932 9016 9015
f 8933 8934 9017
f 8933 9017 9016
f 8934 8935 9018
f 8934 9018 9017
f 8935 8936 9019
f 8935 9019 9018
f 8936 8937 9020
f 8936 9020 9019
f 8937 8938 9021
f 8937 9021 9020
f 8938 8939 9022
f 8938 9022 9021
f 8939 8940 9023
f 8939 9023 9022
f 8940 8941 9024
f 8940 9024 9023
f 8941 8942 9025
f 8941 9025 9024
f 8942 8943 9026
f 8942 9026 9025
f 8943 8944 9027
f 8943 9027 9026
f 8944 8945 9028
f 8944 9028 9027
f 8945 8946 9029
f 8945 9029 9028
f 8946 8947 9030
f 8946 9030 9029
f 8947 8948 9031
f 8947 9031 9030
f 8948 8949 9032
f 8948 9032 9031
f 8949 8950 9033
f 8949 9033 9032
f 8950 8951 9034
f 8950 9034 9033
f 8951 8952 9035
f 8951 9035 9034
f 8952 8953 9036
f 8952 9036 9035
f 8953 8954 9037
f 8953 9037 9036
f 8954 8955 9038
f 8954 9038 9037
f 8955 8956 9039
f 8955 9039 9038
f 8956 8957 9040
f 8956 9040 9039
f 8957 8958 9041
f 8957 9041 9040
f 8958 8959 9042
f 8958 9042 9041
f 8959 8960 9043
f 8959 9043 9042
f 8960 8961 9044
f 8960 9044 9043
f 8961 8962 9045
f 8961 9045 9044
f 8962 8963 9046
f 8962 9046 9045
f 8963 8964 9047
f 8963 9047 9046
f 8964 8965 9048
f 8964 9048 9047
f 8965 8966 9049
f 8965 9049 9048
f 8966 8967 9050
f 8966 9050 9049
f 8967 8968 9051
f 8967 9051 9050
f 8968 8969 9052
f 8968 9052 9051
f 8969 8970 9053
f 8969 9053 9052
f 8970 8971 9054
f 8970 9054 9053
f 8971 8972 9055
f 8971 9055 9054
f 8972 9056 9055
f 8973 8974 9058
f 8973 9058 9057
f 8974 8975 9059
f 8974 9059 9058
f 8975 8976 9060
f 8975 9060 9059
f 8976 8977 9061
f 8976 9061 9060
f 8977 8978 9062
f 8977 9062 9061
f 8978 8979 9063
f 8978 9063 9062
f 8979 8980 9064
f 8979 9064 9063
f 8980 8981 9065
f 8980 9065 9064
f 8981 8899 8982
f 8981 8982 9065
f 8982 8983 9067
f 8982 9067 9066
f 8983 8984 9068
f 8983 9068 9067
f 8984 8985 9069
f 8984 9069 9068
f 8985 8986 9070
f 8985 9070 9069
f 8986 8987 9071
f 8986 9071 9070
f 8987 8988 9072
f 8987 9072 9071
f 8988 8989 9073
f 8988 9073 9072
f 8989 8990 9074
f 8989 9074 9073
f 8990 8991 9075
f 8990 9075 9074
f 8991 8992 9076
f 8991 9076 9075
f 8992 8993 9077
f 8992 9077 9076
f 8993 8994 9078
f 8993 9078 9077
f 8994 8995 9079
f 8994 9079 9078
f 8995 8996 9080
f 8995 9080 9079
f 8996 8997 9081
f 8996 9081 9080
f 8997 8998 9082
f 8997 9082 9081
f 8998 8999 9083
f 8998 9083 9082
f 8999 9000 9084
f 8999 9084 9083
f 9000 9001 9085
f 9000 9085 9084
f 9001 9002 9086
f 9001 9086 9085
f 9002 9003 9087
f 9002 9087 9086
f 9003 9004 9088
f 9003 9088 9087
f 9004 9005 9089
f 9004 9089 9088
f 9005 9006 9090
f 9005 9090 9089
f 9006 9007 9091
f 9006 9091 9090
f 9007 9008 9092
f 9007 9092 9091
f 9008 9009 9093
f 9008 9093 9092
f 9009 9010 9094
f 9009 9094 9093
f 9010 9011 9095
f 9010 9095 9094
f 9011 9012 9096
f 9011 9096 9095
f 9012 9013 9097
f 9012 9097 9096
f 9013 9014 9098
f 9013 9098 9097
f 9014 9015 9099
f 9014 9099 9098
f 9015 9016 9100
f 9015 9100 9099
f 9016 9017 9101
f 9016 9101 9100
f 9017 9018 9102
f 9017 9102 9101
f 9018 9019 9103
f 9018 9103 9102
f 9019 9020 9104
f 9019 9104 9103
f 9020 9021 9105
f 9020 9105 9104
f 9021 9022 9106
f 9021 9106 9105
f 9022 9023 9107
f 9022 9107 9106
f 9023 9024 9108
f 9023 9108 9107
f 9024 9025 9109
f 9024 9109 9108
f 9025 9026 9110
f 9025 9110 9109
f 9026 9027 9111
f 9026 9111 9110
f 9027 9028 9112
f 9027 9112 9111
f 9028 9029 9113
f 9028 9113 9112
f 9029 9030 9114
f 9029 9114 9113
f 9030 9031 9115
f 9030 9115 9114
f 9031 9032 9116
f 9031 9116 9115
f 9032 9033 9117
f 9032 9117 9116
f 9033 9034 9118
f 9033 9118 9117
f 9034 9035 9119
f 9034 9119 9118
f 9035 9036 9120
f 9035 9120 9119
f 9036 9037 9121
f 9036 9121 9120
f 9037 9038 9122
f 9037 9122 9121
f 9038 9039 9123
f 9038 9123 9122
f 9039 9040 9124
f 9039 9124 9123
f 9040 9041 9125
f 9040 9125 9124
f 9041 9042 9126
f 9041 9126 9125
f 9042 9043 9127
f 9042 9127 9126
f 9043 9044 9128
f 9043 9128 9127
f 9044 9045 9129
f 9044 9129 9128
f 9045 9046 9130
f 9045 9130 9129
f 9046 9047 9131
f 9046 9131 9130
f 9047 9048 9132
f 9047 9132 9131
f 9048 9049 9133
f 9048 9133 9132
f 9049 9050 9134
f 9049 9134 9133
f 9050 9051 9135
f 9050 9135 9134
f 9051 9052 9136
f 9051 9136 9135
f 9052 9053 9137
f 9052 9137 9136
f 9053 9054 9138
f 9053 9138 9137
f 9054 9055 9139
f 9054 9139 9138
f 9055 9056 9140
f 9055 9140 9139
f 9057 9058 9143
f 9057 9143 9142
f 9058 9059 9144
f 9058 9144 9143
f 9059 9060 9145
f 9059 9145 9144
f 9060 9061 9146
f 9060 9146 9145
f 9061 9062 9147
f 9061 9147 9146
f 9062 9063 9148
f 9062 9148 9147
f 9063 9064 9149
f 9063 9149 9148
f 9064 9065 9150
f 9064 9150 9149
f 9065 8982 9066
f 9065 9066 9150
f 9066 9067 9152
f 9066 9152 9151
f 9067 9068 9153
f 9067 9153 9152
f 9068 9069 9154
f 9068 9154 9153
f 9069 9070 9155
f 9069 9155 9154
f 9070 9071 9156
f 9070 9156 9155
f 9071 9072 9157
f 9071 9157 9156
f 9072 9073 9158
f 9072 9158 9157
f 9073 9074 9159
f 9073 9159 9158
f 9074 9075 9160
f 9074 9160 9159
f 9075 9076 9161
f 9075 9161 9160
f 9076 9077 9162
f 9076 9162 9161
f 9077 9078 9163
f 9077 9163 9162
f 9078 9079 9164
f 9078 9164 9163
f 9079 9080 9165
f 9079 9165 9164
f 9080 9081 9166
f 9080 9166 9165
f 9081 9082 9167
f 9081 9167 9166
f 9082 9083 9168
f 9082 9168 9167
f 9083 9084 9169
f 9083 9169 9168
f 9084 9085 9170
f 9084 9170 9169
f 9085 9086 9171
f 9085 9171 9170
f 9086 9087 9172
f 9086 9172 9171
f 9087 9088 9173
f 9087 9173 9172
f 9088 9089 9174
f 9088 9174 9173
f 9089 9090 9175
f 9089 9175 9174
f 9090 9091 9176
f 9090 9176 9175
f 9091 9092 9177
f 9091 9177 9176
f 9092 9093 9178
f 9092 9178 9177
f 9093 9094 9179
f 9093 9179 9178
f 9094 9095 9180
f 9094 9180 9179
f 9095 9096 9181
f 9095 9181 9180
f 9096 9097 9182
f 9096 9182 9181
f 9097 9098 9183
f 9097 9183 9182
f 9098 9099 9184
f 9098 9184 9183
f 9099 9100 9185
f 9099 9185 9184
f 9100 9101 9186
f 9100 9186 9185
f 9101 9102 9187
f 9101 9187 9186
f 9102 9103 9188
f 9102 9188 9187
f 9103 9104 9189
f 9103 9189 9188
f 9104 9105 9190
f 9104 9190 9189
f 9105 9106 9191
f 9105 9191 9190
f 9106 9107 9192
f 9106 9192 9191
f 9107 9108 9193
f 9107 9193 9192
f 9108 9109 9194
f 9108 9194 9193
f 9109 9110 9195
f 9109 9195 9194
f 9110 9111 9196
f 9110 9196 9195
f 9111 9112 9197
f 9111 9197 9196
f 9112 9113 9198
f 9112 9198 9197
f 9113 9114 9199
f 9113 9199 9198
f 9114 9115 9200
f 9114 9200 9199
f 9115 9116 9201
f 9115 9201 9200
f 9116 9117 9202
f 9116 9202 9201
f 9117 9118 9203
f 9117 9203 9202
f 9118 9119 9204
f 9118 9204 9203
f 9119 9120 9205
f 9119 9205 9204
f 9120 9121 9206
f 9120 9206 9205
f 9121 9122 9207
f 9121 9207 9206
f 9122 9123 9208
f 9122 9208 9207
f 9123 9124 9209
f 9123 9209 9208
f 9124 9125 9210
f 9124 9210 9209
f 9125 9126 9211
f 9125 9211 9210
f 9126 9127 9212
f 9126 9212 9211
f 9127 9128 9213
f 9127 9213 9212
f 9128 9129 9214
f 9128 9214 9213
f 9129 9130 9215
f 9129 9215 9214
f 9130 9131 9216
f 9130 9216 9215
f 9131 9132 9217
f 9131 9217 9216
f 9132 9133 9218
f 9132 9218 9217
f 9133 9134 9219
f 9133 9219 9218
f 9134 9135 9220
f 9134 9220 9219
f 9135 9136 9221
f 9135 9221 9220
f 9136 9137 9222
f 9136 9222 9221
f 9137 9138 9223
f 9137 9223 9222
f 9138 9139 9224
f 9138 9224 9223
f 9139 9140 9225
f 9139 9225 9224
f 9140 9226 9225
f 9141 9142 9228
f 9141 9228 9227
f 9142 9143 9229
f 9142 9229 9228
f 9143 9144 9230
f 9143 9230 9229
f 9144 9145 9231
f 9144 9231 9230
f 9145 9146 9232
f 9145 9232 9231
f 9146 9147 9233
f 9146 9233 9232
f 9147 9148 9234
f 9147 9234 9233
f 9148 9149 9235
f 9148 9235 9234
f 9149 9150 9236
f 9149 9236 9235
f 9150 9066 9151
f 9150 9151 9236
f 9151 9152 9238
f 9151 9238 9237
f 9152 9153 9239
f 9152 9239 9238
f 9153 9154 9240
f 9153 9240 9239
f 9154 9155 9241
f 9154 9241 9240
f 9155 9156 9242
f 9155 9242 9241
f 9156 9157 9243
f 9156 9243 9242
f 9157 9158 9244
f 9157 9244 9243
f 9158 9159 9245
f 9158 9245 9244
f 9159 9160 9246
f 9159 9246 9245
f 9160 9161 9247
f 9160 9247 9246
f 9161 9162 9248
f 9161 9248 9247
f 9162 9163 9249
f 9162 9249 9248
f 9163 9164 9250
f 9163 9250 9249
f 9164 9165 9251
f 9164 9251 9250
f 9165 9166 9252
f 9165 9252 9251
f 9166 9167 9253
f 9166 9253 9252
f 9167 9168 9254
f 9167 9254 9253
f 9168 9169 9255
f 9168 9255 9254
f 9169 9170 9256
f 9169 9256 9255
f 9170 9171 9257
f 9170 9257 9256
f 9171 9172 9258
f 9171 9258 9257
f 9172 9173 9259
f 9172 9259 9258
f 9173 9174 9260
f 9173 9260 9259
f 9174 9175 9261
f 9174 9261 9260
f 9175 9176 9262
f 9175 9262 9261
f 9176 9177 9263
f 9176 9263 9262
f 9177 9178 9264
f 9177 9264 9263
f 9178 9179 9265
f 9178 9265 9264
f 9179 9180 9266
f 9179 9266 9265
f 9180 9181 9267
f 9180 9267 9266
f 9181 9182 9268
f 9181 9268 9267
f 9182 9183 9269
f 9182 9269 9268
f 9183 9184 9270
f 9183 9270 9269
f 9184 9185 9271
f 9184 9271 9270
f 9185 9186 9272
f 9185 9272 9271
f 9186 9187 9273
f 9186 9273 9272
f 9187 9188 9274
f 9187 9274 9273
f 9188 9189 9275
f 9188 9275 9274
f 9189 9190 9276
f 9189 9276 9275
f 9190 9191 9277
f 9190 9277 9276
f 9191 9192 9278
f 9191 9278 9277
f 9192 9193 9279
f 9192 9279 9278
f 9193 9194 9280
f 9193 9280 9279
f 9194 9195 9281
f 9194 9281 9280
f 9195 9196 9282
f 9195 9282 9281
f 9196 9197 9283
f 9196 9283 9282
f 9197 9198 9284
f 9197 9284 9283
f 9198 9199 9285
f 9198 9285 9284
f 9199 9200 9286
f 9199 9286 9285
f 9200 9201 9287
f 9200 9287 9286
f 9201 9202 9288
f 9201 9288 9287
f 9202 9203 9289
f 9202 9289 9288
f 9203 9204 9290
f 9203 9290 9289
f 9204 9205 9291
f 9204 9291 9290
f 9205 9206 9292
f 9205 9292 9291
f 9206 9207 9293
f 9206 9293 9292
f 9207 9208 9294
f 9207 9294 9293
f 9208 9209 9295
f 9208 9295 9294
f 9209 9210 9296
f 9209 9296 9295
f 9210 9211 9297
f 9210 9297 9296
f 9211 9212 9298
f 9211 9298 9297
f 9212 9213 9299
f 9212 9299 9298
f 9213 9214 9300
f 9213 9300 9299
f 9214 9215 9301
f 9214 9301 9300
f 9215 9216 9302
f 9215 9302 9301
f 9216 9217 9303
f 9216 9303 9302
f 9217 9218 9304
f 9217 9304 9303
f 9218 9219 9305
f 9218 9305 9304
f 9219 9220 9306
f 9219 9306 9305
f 9220 9221 9307
f 9220 9307 9306
f 9221 9222 9308
f 9221 9308 9307
f 9222 9223 9309
f 9222 9309 9308
f 9223 9224 9310
f 9223 9310 9309
f 9224 9225 9311
f 9224 9311 9310
f 9225 9226 9312
f 9225 9312 9311
f 9227 9228 9315
f 9227 9315 9314
f 9228 9229 9316
f 9228 9316 9315
f 9229 9230 9317
f 9229 9317 9316
f 9230 9231 9318
f 9230 9318 9317
f 9231 9232 9319
f 9231 9319 9318
f 9232 9233 9320
f 9232 9320 9319
f 9233 9234 9321
f 9233 9321 9320
f 9234 9235 9322
f 9234 9322 9321
f 9235 9236 9323
f 9235 9323 9322
f 9236 9151 9237
f 9236 9237 9323
f 9237 9238 9325
f 9237 9325 9324
f 9238 9239 9326
f 9238 9326 9325
f 9239 9240 9327
f 9239 9327 9326
f 9240 9241 9328
f 9240 9328 9327
f 9241 9242 9329
f 9241 9329 9328
f 9242 9243 9330
f 9242 9330 9329
f 9243 9244 9331
f 9243 9331 9330
f 9244 9245 9332
f 9244 9332 9331
f 9245 9246 9333
f 9245 9333 9332
f 9246 9247 9334
f 9246 9334 9333
f 9247 9248 9335
f 9247 9335 9334
f 9248 9249 9336
f 9248 9336 9335
f 9249 9250 9337
f 9249 9337 9336
f 9250 9251 9338
f 9250 9338 9337
f 9251 9252 9339
f 9251 9339 9338
f 9252 9253 9340
f 9252 9340 9339
f 9253 9254 9341
f 9253 9341 9340
f 9254 9255 9342
f 9254 9342 9341
f 9255 9256 9343
f 9255 9343 9342
f 9256 9257 9344
f 9256 9344 9343
f 9257 9258 9345
f 9257 9345 9344
f 9258 9259 9346
f 9258 9346 9345
f 9259 9260 9347
f 9259 9347 9346
f 9260 9261 9348
f 9260 9348 9347
f 9261 9262 9349
f 9261 9349 9348
f 9262 9263 9350
f 9262 9350 9349
f 9263 9264 9351
f 9263 9351 9350
f 9264 9265 9352
f 9264 9352 9351
f 9265 9266 9353
f 9265 9353 9352
f 9266 9267 9354
f 9266 9354 9353
f 9267 9268 9355
f 9267 9355 9354
f 9268 9269 9356
f 9268 9356 9355
f 9269 9270 9357
f 9269 9357 9356
f 9270 9271 9358
f 9270 9358 9357
f 9271 9272 9359
f 9271 9359 9358
f 9272 9273 9360
f 9272 9360 9359
f 9273 9274 9361
f 9273 9361 9360
f 9274 9275 9362
f 9274 9362 9361
f 9275 9276 9363
f 9275 9363 9362
f 9276 9277 9364
f 9276 9364 9363
f 9277 9278 9365
f 9277 9365 9364
f 9278 9279 9366
f 9278 9366 9365
f 9279 9280 9367
f 9279 9367 9366
f 9280 9281 9368
f 9280 9368 9367
f 9281 9282 9369
f 9281 9369 9368
f 9282 9283 9370
f 9282 9370 9369
f 9283 9284 9371
f 9283 9371 9370
f 9284 9285 9372
f 9284 9372 9371
f 9285 9286 9373
f 9285 9373 9372
f 9286 9287 9374
f 9286 9374 9373
f 9287 9288 9375
f 9287 9375 9374
f 9288 9289 9376
f 9288 9376 9375
f 9289 9290 9377
f 9289 9377 9376
f 9290 9291 9378
f 9290 9378 9377
f 9291 9292 9379
f 9291 9379 9378
f 9292 9293 9380
f 9292 9380 9379
f 9293 9294 9381
f 9293 9381 9380
f 9294 9295 9382
f 9294 9382 9381
f 9295 9296 9383
f 9295 9383 9382
f 9296 9297 9384
f 9296 9384 9383
f 9297 9298 9385
f 9297 9385 9384
f 9298 9299 9386
f 9298 9386 9385
f 9299 9300 9387
f 9299 9387 9386
f 9300 9301 9388
f 9300 9388 9387
f 9301 9302 9389
f 9301 9389 9388
f 9302 9303 9390
f 9302 9390 9389
f 9303 9304 9391
f 9303 9391 9390
f 9304 9305 9392
f 9304 9392 9391
f 9305 9306 9393
f 9305 9393 9392
f 9306 9307 9394
f 9306 9394 9393
f 9307 9308 9395
f 9307 9395 9394
f 9308 9309 9396
f 9308 9396 9395
f 9309 9310 9397
f 9309 9397 9396
f 9310 9311 9398
f 9310 9398 9397
f 9311 9312 9399
f 9311 9399 9398
f 9312 9400 9399
f 9313 9314 9402
f 9313 9402 9401
f 9314 9315 9403
f 9314 9403 9402
f 9315 9316 9404
f 9315 9404 9403
f 9316 9317 9405
f 9316 9405 9404
f 9317 9318 9406
f 9317 9406 9405
f 9318 9319 9407
f 9318 9407 9406
f 9319 9320 9408
f 9319 9408 9407
f 9320 9321 9409
f 9320 9409 9408
f 9321 9322 9410
f 9321 9410 9409
f 9322 9323 9411
f 9322 9411 9410
f 9323 9237 9324
f 9323 9324 9411
f 9324 9325 9413
f 9324 9413 9412
f 9325 9326 9414
f 9325 9414 9413
f 9326 9327 9415
f 9326 9415 9414
f 9327 9328 9416
f 9327 9416 9415
f 9328 9329 9417
f 9328 9417 9416
f 9329 9330 9418
f 9329 9418 9417
f 9330 9331 9419
f 9330 9419 9418
f 9331 9332 9420
f 9331 9420 9419
f 9332 9333 9421
f 9332 9421 9420
f 9333 9334 9422
f 9333 9422 9421
f 9334 9335 9423
f 9334 9423 9422
f 9335 9336 9424
f 9335 9424 9423
f 9336 9337 9425
f 9336 9425 9424
f 9337 9338 9426
f 9337 9426 9425
f 9338 9339 9427
f 9338 9427 9426
f 9339 9340 9428
f 9339 9428 9427
f 9340 9341 9429
f 9340 9429 9428
f 9341 9342 9430
f 9341 9430 9429
f 9342 9343 9431
f 9342 9431 9430
f 9343 9344 9432
f 9343 9432 9431
f 9344 9345 9433
f 9344 9433 9432
f 9345 9346 9434
f 9345 9434 9433
f 9346 9347 9435
f 9346 9435 9434
f 9347 9348 9436
f 9347 9436 9435
f 9348 9349 9437
f 9348 9437 9436
f 9349 9350 9438
f 9349 9438 9437
f 9350 9351 9439
f 9350 9439 9438
f 9351 9352 9440
f 9351 9440 9439
f 9352 9353 9441
f 9352 9441 9440
f 9353 9354 9442
f 9353 9442 9441
f 9354 9355 9443
f 9354 9443 9442
f 9355 9356 9444
f 9355 9444 9443
f 9356 9357 9445
f 9356 9445 9444
f 9357 9358 9446
f 9357 9446 9445
f 9358 9359 9447
f 9358 9447 9446
f 9359 9360 9448
f 9359 9448 9447
f 9360 9361 9449
f 9360 9449 9448
f 9361 9362 9450
f 9361 9450 9449
f 9362 9363 9451
f 9362 9451 9450
f 9363 9364 9452
f 9363 9452 9451
f 9364 9365 9453
f 9364 9453 9452
f 9365 9366 9454
f 9365 9454 9453
f 9366 9367 9455
f 9366 9455 9454
f 9367 9368 9456
f 9367 9456 9455
f 9368 9369 9457
f 9368 9457 9456
f 9369 9370 9458
f 9369 9458 9457
f 9370 9371 9459
f 9370 9459 9458
f 9371 9372 9460
f 9371 9460 9459
f 9372 9373 9461
f 9372 9461 9460
f 9373 9374 9462
f 9373 9462 9461
f 9374 9375 9463
f 9374 9463 9462
f 9375 9376 9464
f 9375 9464 9463
f 9376 9377 9465
f 9376 9465 9464
f 9377 9378 9466
f 9377 9466 9465
f 9378 9379 9467
f 9378 9467 9466
f 9379 9380 9468
f 9379 9468 9467
f 9380 9381 9469
f 9380 9469 9468
f 9381 9382 9470
f 9381 9470 9469
f 9382 9383 9471
f 9382 9471 9470
f 9383 9384 9472
f 9383 9472 9471
f 9384 9385 9473
f 9384 9473 9472
f 9385 9386 9474
f 9385 9474 9473
f 9386 9387 9475
f 9386 9475 9474
f 9387 9388 9476
f 9387 9476 9475
f 9388 9389 9477
f 9388 9477 9476
f 9389 9390 9478
f 9389 9478 9477
f 9390 9391 9479
f 9390 9479 9478
f 9391 9392 9480
f 9391 9480 9479
f 9392 9393 9481
f 9392 9481 9480
f 9393 9394 9482
f 9393 9482 9481
f 9394 9395 9483
f 9394 9483 9482
f 9395 9396 9484
f 9395 9484 9483
f 9396 9397 9485
f 9396 9485 9484
f 9397 9398 9486
f 9397 9486 9485
f 9398 9399 9487
f 9398 9487 9486
f 9399 9400 9488
f 9399 9488 9487
f 9401 9402 9491
f 9401 9491 9490
f 9402 9403 9492
f 9402 9492 9491
f 9403 9404 9493
f 9403 9493 9492
f 9404 9405 9494
f 9404 9494 9493
f 9405 9406 9495
f 9405 9495 9494
f 9406 9407 9496
f 9406 9496 9495
f 9407 9408 9497
f 9407 9497 9496
f 9408 9409 9498
f 9408 9498 9497
f 9409 9410 9499
f 9409 9499 9498
f 9410 9411 9500
f 9410 9500 9499
f 9411 9324 9412
f 9411 9412 9500
f 9412 9413 9502
f 9412 9502 9501
f 9413 9414 9503
f 9413 9503 9502
f 9414 9415 9504
f 9414 9504 9503
f 9415 9416 9505
f 9415 9505 9504
f 9416 9417 9506
f 9416 9506 9505
f 9417 9418 9507
f 9417 9507 9506
f 9418 9419 9508
f 9418 9508 9507
f 9419 9420 9509
f 9419 9509 9508
f 9420 9421 9510
f 9420 9510 9509
f 9421 9422 9511
f 9421 9511 9510
f 9422 9423 9512
f 9422 9512 9511
f 9423 9424 9513
f 9423 9513 9512
f 9424 9425 9514
f 9424 9514 9513
f 9425 9426 9515
f 9425 9515 9514
f 9426 9427 9516
f 9426 9516 9515
f 9427 9428 9517
f 9427 9517 9516
f 9428 9429 9518
f 9428 9518 9517
f 9429 9430 9519
f 9429 9519 9518
f 9430 9431 9520
f 9430 9520 9519
f 9431 9432 9521
f 9431 9521 9520
f 9432 9433 9522
f 9432 9522 9521
f 9433 9434 9523
f 9433 9523 9522
f 9434 9435 9524
f 9434 9524 9523
f 9435 9436 9525
f 9435 9525 9524
f 9436 9437 9526
f 9436 9526 9525
f 9437 9438 9527
f 9437 9527 9526
f 9438 9439 9528
f 9438 9528 9527
f 9439 9440 9529
f 9439 9529 9528
f 9440 9441 9530
f 9440 9530 9529
f 9441 9442 9531
f 9441 9531 9530
f 9442 9443 9532
f 9442 9532 9531
f 9443 9444 9533
f 9443 9533 9532
f 9444 9445 9534
f 9444 9534 9533
f 9445 9446 9535
f 9445 9535 9534
f 9446 9447 9536
f 9446 9536 9535
f 9447 9448 9537
f 9447 9537 9536
f 9448 9449 9538
f 9448 9538 9537
f 9449 9450 9539
f 9449 9539 9538
f 9450 9451 9540
f 9450 9540 9539
f 9451 9452 9541
f 9451 9541 9540
f 9452 9453 9542
f 9452 9542 9541
f 9453 9454 9543
f 9453 9543 9542
f 9454 9455 9544
f 9454 9544 9543
f 9455 9456 9545
f 9455 9545 9544
f 9456 9457 9546
f 9456 9546 9545
f 9457 9458 9547
f 9457 9547 9546
f 9458 9459 9548
f 9458 9548 9547
f 9459 9460 9549
f 9459 9549 9548
f 9460 9461 9550
f 9460 9550 9549
f 9461 9462 9551
f 9461 9551 9550
f 9462 9463 9552
f 9462 9552 9551
f 9463 9464 9553
f 9463 9553 9552
f 9464 9465 9554
f 9464 9554 9553
f 9465 9466 9555
f 9465 9555 9554
f 9466 9467 9556
f 9466 9556 9555
f 9467 9468 9557
f 9467 9557 9556
f 9468 9469 9558
f 9468 9558 9557
f 9469 9470 9559
f 9469 9559 9558
f 9470 9471 9560
f 9470 9560 9559
f 9471 9472 9561
f 9471 9561 9560
f 9472 9473 9562
f 9472 9562 9561
f 9473 9474 9563
f 9473 9563 9562
f 9474 9475 9564
f 9474 9564 9563
f 9475 9476 9565
f 9475 9565 9564
f 9476 9477 9566
f 9476 9566 9565
f 9477 9478 9567
f 9477 9567 9566
f 9478 9479 9568
f 9478 9568 9567
f 9479 9480 9569
f 9479 9569 9568
f 9480 9481 9570
f 9480 9570 9569
f 9481 9482 9571
f 9481 9571 9570
f 9482 9483 9572
f 9482 9572 9571
f 9483 9484 9573
f 9483 9573 9572
f 9484 9485 9574
f 9484 9574 9573
f 9485 9486 9575
f 9485 9575 9574
f 9486 9487 9576
f 9486 9576 9575
f 9487 9488 9577
f 9487 9577 9576
f 9488 9578 9577
f 9489 9490 9581
f 9489 9581 9580
f 9490 9491 9582
f 9490 9582 9581
f 9491 9492 9583
f 9491 9583 9582
f 9492 9493 9584
f 9492 9584 9583
f 9493 9494 9585
f 9493 9585 9584
f 9494 9495 9586
f 9494 9586 9585
f 9495 9496 9587
f 9495 9587 9586
f 9496 9497 9588
f 9496 9588 9587
f 9497 9498 9589
f 9497 9589 9588
f 9498 9499 9590
f 9498 9590 9589
f 9499 9500 9591
f 9499 9591 9590
f 9500 9412 9501
f 9500 9501 9591
f 9501 9502 9593
f 9501 9593 9592
f 9502 9503 9594
f 9502 9594 9593
f 9503 9504 9595
f 9503 9595 9594
f 9504 9505 9596
f 9504 9596 9595
f 9505 9506 9597
f 9505 9597 9596
f 9506 9507 9598
f 9506 9598 9597
f 9507 9508 9599
f 9507 9599 9598
f 9508 9509 9600
f 9508 9600 9599
f 9509 9510 9601
f 9509 9601 9600
f 9510 9511 9602
f 9510 9602 9601
f 9511 9512 9603
f 9511 9603 9602
f 9512 9513 9604
f 9512 9604 9603
f 9513 9514 9605
f 9513 9605 9604
f 9514 9515 9606
f 9514 9606 9605
f 9515 9516 9607
f 9515 9607 9606
f 9516 9517 9608
f 9516 9608 9607
f 9517 9518 9609
f 9517 9609 9608
f 9518 9519 9610
f 9518 9610 9609
f 9519 9520 9611
f 9519 9611 9610
f 9520 9521 9612
f 9520 9612 9611
f 9521 9522 9613
f 9521 9613 9612
f 9522 9523 9614
f 9522 9614 9613
f 9523 9524 9615
f 9523 9615 9614
f 9524 9525 9616
f 9524 9616 9615
f 9525 9526 9617
f 9525 9617 9616
f 9526 9527 9618
f 9526 9618 9617
f 9527 9528 9619
f 9527 9619 9618
f 9528 9529 9620
f 9528 9620 9619
f 9529 9530 9621
f 9529 9621 9620
f 9530 9531 9622
f 9530 9622 9621
f 9531 9532 9623
f 9531 9623 9622
f 9532 9533 9624
f 9532 9624 9623
f 9533 9534 9625
f 9533 9625 9624
f 9534 9535 9626
f 9534 9626 9625
f 9535 9536 9627
f 9535 9627 9626
f 9536 9537 9628
f 9536 9628 9627
f 9537 9538 9629
f 9537 9629 9628
f 9538 9539 9630
f 9538 9630 9629
f 9539 9540 9631
f 9539 9631 9630
f 9540 9541 9632
f 9540 9632 9631
f 9541 9542 9633
f 9541 9633 9632
f 9542 9543 9634
f 9542 9634 9633
f 9543 9544 9635
f 9543 9635 9634
f 9544 9545 9636
f 9544 9636 9635
f 9545 9546 9637
f 9545 9637 9636
f 9546 9547 9638
f 9546 9638 9637
f 9547 9548 9639
f 9547 9639 9638
f 9548 9549 9640
f 9548 9640 9639
f 9549 9550 9641
f 9549 9641 9640
f 9550 9551 9642
f 9550 9642 9641
f 9551 9552 9643
f 9551 9643 9642
f 9552 9553 9644
f 9552 9644 9643
f 9553 9554 9645
f 9553 9645 9644
f 9554 9555 9646
f 9554 9646 9645
f 9555 9556 9647
f 9555 9647 9646
f 9556 9557 9648
f 9556 9648 9647
f 9557 9558 9649
f 9557 9649 9648
f 9558 9559 9650
f 9558 9650 9649
f 9559 9560 9651
f 9559 9651 9650
f 9560 9561 9652
f 9560 9652 9651
f 9561 9562 9653
f 9561 9653 9652
f 9562 9563 9654
f 9562 9654 9653
f 9563 9564 9655
f 9563 9655 9654
f 9564 9565 9656
f 9564 9656 9655
f 9565 9566 9657
f 9565 9657 9656
f 9566 9567 9658
f 9566 9658 9657
f 9567 9568 9659
f 9567 9659 9658
f 9568 9569 9660
f 9568 9660 9659
f 9569 9570 9661
f 9569 9661 9660
f 9570 9571 9662
f 9570 9662 9661
f 9571 9572 9663
f 9571 9663 9662
f 9572 9573 9664
f 9572 9664 9663
f 9573 9574 9665
f 9573 9665 9664
f 9574 9575 9666
f 9574 9666 9665
f 9575 9576 9667
f 9575 9667 9666
f 9576 9577 9668
f 9576 9668 9667
f 9577 9578 9669
f 9577 9669 9668
f 9578 9670 9669
f 9579 9580 9673
f 9579 9673 9672
f 9580 9581 9674
f 9580 9674 9673
f 9581 9582 9675
f 9581 9675 9674
f 9582 9583 9676
f 9582 9676 9675
f 9583 9584 9677
f 9583 9677 9676
f 9584 9585 9678
f 9584 9678 9677
f 9585 9586 9679
f 9585 9679 9678
f 9586 9587 9680
f 9586 9680 9679
f 9587 9588 9681
f 9587 9681 9680
f 9588 9589 9682
f 9588 9682 9681
f 9589 9590 9683
f 9589 9683 9682
f 9590 9591 9684
f 9590 9684 9683
f 9591 9501 9592
f 9591 9592 9684
f 9592 9593 9686
f 9592 9686 9685
f 9593 9594 9687
f 9593 9687 9686
f 9594 9595 9688
f 9594 9688 9687
f 9595 9596 9689
f 9595 9689 9688
f 9596 9597 9690
f 9596 9690 9689
f 9597 9598 9691
f 9597 9691 9690
f 9598 9599 9692
f 9598 9692 9691
f 9599 9600 9693
f 9599 9693 9692
f 9600 9601 9694
f 9600 9694 9693
f 9601 9602 9695
f 9601 9695 9694
f 9602 9603 9696
f 9602 9696 9695
f 9603 9604 9697
f 9603 9697 9696
f 9604 9605 9698
f 9604 9698 9697
f 9605 9606 9699
f 9605 9699 9698
f 9606 9607 9700
f 9606 9700 9699
f 9607 9608 9701
f 9607 9701 9700
f 9608 9609 9702
f 9608 9702 9701
f 9609 9610 9703
f 9609 9703 9702
f 9610 9611 9704
f 9610 9704 9703
f 9611 9612 9705
f 9611 9705 9704
f 9612 9613 9706
f 9612 9706 9705
f 9613 9614 9707
f 9613 9707 9706
f 9614 9615 9708
f 9614 9708 9707
f 9615 9616 9709
f 9615 9709 9708
f 9616 9617 9710
f 9616 9710 9709
f 9617 9618 9711
f 9617 9711 9710
f 9618 9619 9712
f 9618 9712 9711
f 9619 9620 9713
f 9619 9713 9712
f 9620 9621 9714
f 9620 9714 9713
f 9621 9622 9715
f 9621 9715 9714
f 9622 9623 9716
f 9622 9716 9715
f 9623 9624 9717
f 9623 9717 9716
f 9624 9625 9718
f 9624 9718 9717
f 9625 9626 9719
f 9625 9719 9718
f 9626 9627 9720
f 9626 9720 9719
f 9627 9628 9721
f 9627 9721 9720
f 9628 9629 9722
f 9628 9722 9721
f 9629 9630 9723
f 9629 9723 9722
f 9630 9631 9724
f 9630 9724 9723
f 9631 9632 9725
f 9631 9725 9724
f 9632 9633 9726
f 9632 9726 9725
f 9633 9634 9727
f 9633 9727 9726
f 9634 9635 9728
f 9634 9728 9727
f 9635 9636 9729
f 9635 9729 9728
f 9636 9637 9730
f 9636 9730 9729
f 9637 9638 9731
f 9637 9731 9730
f 9638 9639 9732
f 9638 9732 9731
f 9639 9640 9733
f 9639 9733 9732
f 9640 9641 9734
f 9640 9734 9733
f 9641 9642 9735
f 9641 9735 9734
f 9642 9643 9736
f 9642 9736 9735
f 9643 9644 9737
f 9643 9737 9736
f 9644 9645 9738
f 9644 9738 9737
f 9645 9646 9739
f 9645 9739 9738
f 9646 9647 9740
f 9646 9740 9739
f 9647 9648 9741
f 9647 9741 9740
f 9648 9649 9742
f 9648 9742 9741
f 9649 9650 9743
f 9649 9743 9742
f 9650 9651 9744
f 9650 9744 9743
f 9651 9652 9745
f 9651 9745 9744
f 9652 9653 9746
f 9652 9746 9745
f 9653 9654 9747
f 9653 9747 9746
f 9654 9655 9748
f 9654 9748 9747
f 9655 9656 9749
f 9655 9749 9748
f 9656 9657 9750
f 9656 9750 9749
f 9657 9658 9751
f 9657 9751 9750
f 9658 9659 9752
f 9658 9752 9751
f 9659 9660 9753
f 9659 9753 9752
f 9660 9661 9754
f 9660 9754 9753
f 9661 9662 9755
f 9661 9755 9754
f 9662 9663 9756
f 9662 9756 9755
f 9663 9664 9757
f 9663 9757 9756
f 9664 9665 9758
f 9664 9758 9757
f 9665 9666 9759
f 9665 9759 9758
f 9666 9667 9760
f 9666 9760 9759
f 9667 9668 9761
f 9667 9761 9760
f 9668 9669 9762
f 9668 9762 9761
f 9669 9670 9763
f 9669 9763 9762
f 9670 9764 9763
f 9671 9672 9769
f 9671 9769 9768
f 9672 9673 9770
f 9672 9770 9769
f 9673 9674 9771
f 9673 9771 9770
f 9674 9675 9772
f 9674 9772 9771
f 9675 9676 9773
f 9675 9773 9772
f 9676 9677 9774
f 9676 9774 9773
f 9677 9678 9775
f 9677 9775 9774
f 9678 9679 9776
f 9678 9776 9775
f 9679 9680 9777
f 9679 9777 9776
f 9680 9681 9778
f 9680 9778 9777
f 9681 9682 9779
f 9681 9779 9778
f 9682 9683 9780
f 9682 9780 9779
f 9683 9684 9781
f 9683 9781 9780
f 9684 9592 9685
f 9684 9685 9781
f 9685 9686 9783
f 9685 9783 9782
f 9686 9687 9784
f 9686 9784 9783
f 9687 9688 9785
f 9687 9785 9784
f 9688 9689 9786
f 9688 9786 9785
f 9689 9690 9787
f 9689 9787 9786
f 9690 9691 9788
f 9690 9788 9787
f 9691 9692 9789
f 9691 9789 9788
f 9692 9693 9790
f 9692 9790 9789
f 9693 9694 9791
f 9693 9791 9790
f 9694 9695 9792
f 9694 9792 9791
f 9695 9696 9793
f 9695 9793 9792
f 9696 9697 9794
f 9696 9794 9793
f 9697 9698 9795
f 9697 9795 9794
f 9698 9699 9796
f 9698 9796 9795
f 9699 9700 9797
f 9699 9797 9796
f 9700 9701 9798
f 9700 9798 9797
f 9701 9702 9799
f 9701 9799 9798
f 9702 9703 9800
f 9702 9800 9799
f 9703 9704 9801
f 9703 9801 9800
f 9704 9705 9802
f 9704 9802 9801
f 9705 9706 9803
f 9705 9803 9802
f 9706 9707 9804
f 9706 9804 9803
f 9707 9708 9805
f 9707 9805 9804
f 9708 9709 9806
f 9708 9806 9805
f 9709 9710 9807
f 9709 9807 9806
f 9710 9711 9808
f 9710 9808 9807
f 9711 9712 9809
f 9711 9809 9808
f 9712 9713 9810
f 9712 9810 9809
f 9713 9714 9811
f 9713 9811 9810
f 9714 9715 9812
f 9714 9812 9811
f 9715 9716 9813
f 9715 9813 9812
f 9716 9717 9814
f 9716 9814 9813
f 9717 9718 9815
f 9717 9815 9814
f 9718 9719 9816
f 9718 9816 9815
f 9719 9720 9817
f 9719 9817 9816
f 9720 9721 9818
f 9720 9818 9817
f 9721 9722 9819
f 9721 9819 9818
f 9722 9723 9820
f 9722 9820 9819
f 9723 9724 9821
f 9723 9821 9820
f 9724 9725 9822
f 9724 9822 9821
f 9725 9726 9823
f 9725 9823 9822
f 9726 9727 9824
f 9726 9824 9823
f 9727 9728 9825
f 9727 9825 9824
f 9728 9729 9826
f 9728 9826 9825
f 9729 9730 9827
f 9729 9827 9826
f 9730 9731 9828
f 9730 9828 9827
f 9731 9732 9829
f 9731 9829 9828
f 9732 9733 9830
f 9732 9830 9829
f 9733 9734 9831
f 9733 9831 9830
f 9734 9735 9832
f 9734 9832 9831
f 9735 9736 9833
f 9735 9833 9832
f 9736 9737 9834
f 9736 9834 9833
f 9737 9738 9835
f 9737 9835 9834
f 9738 9739 9836
f 9738 9836 9835
f 9739 9740 9837
f 9739 9837 9836
f 9740 9741 9838
f 9740 9838 9837
f 9741 9742 9839
f 9741 9839 9838
f 9742 9743 9840
f 9742 9840 9839
f 9743 9744 9841
f 9743 9841 9840
f 9744 9745 9842
f 9744 9842 9841
f 9745 9746 9843
f 9745 9843 9842
f 9746 9747 9844
f 9746 9844 9843
f 9747 9748 9845
f 9747 9845 9844
f 9748 9749 9846
f 9748 9846 9845
f 9749 9750 9847
f 9749 9847 9846
f 9750 9751 9848
f 9750 9848 9847
f 9751 9752 9849
f 9751 9849 9848
f 9752 9753 9850
f 9752 9850 9849
f 9753 9754 9851
f 9753 9851 9850
f 9754 9755 9852
f 9754 9852 9851
f 9755 9756 9853
f 9755 9853 9852
f 9756 9757 9854
f 9756 9854 9853
f 9757 9758 9855
f 9757 9855 9854
f 9758 9759 9856
f 9758 9856 9855
f 9759 9760 9857
f 9759 9857 9856
f 9760 9761 9858
f 9760 9858 9857
f 9761 9762 9859
f 9761 9859 9858
f 9762 9763 9860
f 9762 9860 9859
f 9763 9764 9861
f 9763 9861 9860
f 9764 9765 9862
f 9764 9862 9861
f 9765 9863 9862
f 9766 9767 9868
f 9766 9868 9867
f 9767 9768 9869
f 9767 9869 9868
f 9768 9769 9870
f 9768 9870 9869
f 9769 9770 9871
f 9769 9871 9870
f 9770 9771 9872
f 9770 9872 9871
f 9771 9772 9873
f 9771 9873 9872
f 9772 9773 9874
f 9772 9874 9873
f 9773 9774 9875
f 9773 9875 9874
f 9774 9775 9876
f 9774 9876 9875
f 9775 9776 9877
f 9775 9877 9876
f 9776 9777 9878
f 9776 9878 9877
f 9777 9778 9879
f 9777 9879 9878
f 9778 9779 9880
f 9778 9880 9879
f 9779 9780 9881
f 9779 9881 9880
f 9780 9781 9882
f 9780 9882 9881
f 9781 9685 9782
f 9781 9782 9882
f 9782 9783 9884
f 9782 9884 9883
f 9783 9784 9885
f 9783 9885 9884
f 9784 9785 9886
f 9784 9886 9885
f 9785 9786 9887
f 9785 9887 9886
f 9786 9787 9888
f 9786 9888 9887
f 9787 9788 9889
f 9787 9889 9888
f 9788 9789 9890
f 9788 9890 9889
f 9789 9790 9891
f 9789 9891 9890
f 9790 9791 9892
f 9790 9892 9891
f 9791 9792 9893
f 9791 9893 9892
f 9792 9793 9894
f 9792 9894 9893
f 9793 9794 9895
f 9793 9895 9894
f 9794 9795 9896
f 9794 9896 9895
f 9795 9796 9897
f 9795 9897 9896
f 9796 9797 9898
f 9796 9898 9897
f 9797 9798 9899
f 9797 9899 9898
f 9798 9799 9900
f 9798 9900 9899
f 9799 9800 9901
f 9799 9901 9900
f 9800 9801 9902
f 9800 9902 9901
f 9801 9802 9903
f 9801 9903 9902
f 9802 9803 9904
f 9802 9904 9903
f 9803 9804 9905
f 9803 9905 9904
f 9804 9805 9906
f 9804 9906 9905
f 9805 9806 9907
f 9805 9907 9906
f 9806 9807 9908
f 9806 9908 9907
f 9807 9808 9909
f 9807 9909 9908
f 9808 9809 9910
f 9808 9910 9909
f 9809 9810 9911
f 9809 9911 9910
f 9810 9811 9912
f 9810 9912 9911
f 9811 9812 9913
f 9811 9913 9912
f 9812 9813 9914
f 9812 9914 9913
f 9813 9814 9915
f 9813 9915 9914
f 9814 9815 9916
f 9814 9916 9915
f 9815 9816 9917
f 9815 9917 9916
f 9816 9817 9918
f 9816 9918 9917
f 9817 9818 9919
f 9817 9919 9918
f 9818 9819 9920
f 9818 9920 9919
f 9819 9820 9921
f 9819 9921 9920
f 9820 9821 9922
f 9820 9922 9921
f 9821 9822 9923
f 9821 9923 9922
f 9822 9823 9924
f 9822 9924 9923
f 9823 9824 9925
f 9823 9925 9924
f 9824 9825 9926
f 9824 9926 9925
f 9825 9826 9927
f 9825 9927 9926
f 9826 9827 9928
f 9826 9928 9927
f 9827 9828 9929
f 9827 9929 9928
f 9828 9829 9930
f 9828 9930 9929
f 9829 9830 9931
f 9829 9931 9930
f 9830 9831 9932
f 9830 9932 9931
f 9831 9832 9933
f 9831 9933 9932
f 9832 9833 9934
f 9832 9934 9933
f 9833 9834 9935
f 9833 9935 9934
f 9834 9835 9936
f 9834 9936 9935
f 9835 9836 9937
f 9835 9937 9936
f 9836 9837 9938
f 9836 9938 9937
f 9837 9838 9939
f 9837 9939 9938
f 9838 9839 9940
f 9838 9940 9939
f 9839 9840 9941
f 9839 9941 9940
f 9840 9841 9942
f 9840 9942 9941
f 9841 9842 9943
f 9841 9943 9942
f 9842 9843 9944
f 9842 9944 9943
f 9843 9844 9945
f 9843 9945 9944
f 9844 9845 9946
f 9844 9946 9945
f 9845 9846 9947
f 9845 9947 9946
f 9846 9847 9948
f 9846 9948 9947
f 9847 9848 9949
f 9847 9949 9948
f 9848 9849 9950
f 9848 9950 9949
f 9849 9850 9951
f 9849 9951 9950
f 9850 9851 9952
f 9850 9952 9951
f 9851 9852 9953
f 9851 9953 9952
f 9852 9853 9954
f 9852 9954 9953
f 9853 9854 9955
f 9853 9955 9954
f 9854 9855 9956
f 9854 9956 9955
f 9855 9856 9957
f 9855 9957 9956
f 9856 9857 9958
f 9856 9958 9957
f 9857 9858 9959
f 9857 9959 9958
f 9858 9859 9960
f 9858 9960 9959
f 9859 9860 9961
f 9859 9961 9960
f 9860 9861 9962
f 9860 9962 9961
f 9861 9862 9963
f 9861 9963 9962
f 9862 9863 9964
f 9862 9964 9963
f 9863 9864 9965
f 9863 9965 9964
f 9864 9966 9965
f 9865 9866 9981
f 9865 9981 9980
f 9866 9867 9982
f 9866 9982 9981
f 9867 9868 9983
f 9867 9983 9982
f 9868 9869 9984
f 9868 9984 9983
f 9869 9870 9985
f 9869 9985 9984
f 9870 9871 9986
f 9870 9986 9985
f 9871 9872 9987
f 9871 9987 9986
f 9872 9873 9988
f 9872 9988 9987
f 9873 9874 9989
f 9873 9989 9988
f 9874 9875 9990
f 9874 9990 9989
f 9875 9876 9991
f 9875 9991 9990
f 9876 9877 9992
f 9876 9992 9991
f 9877 9878 9993
f 9877 9993 9992
f 9878 9879 9994
f 9878 9994 9993
f 9879 9880 9995
f 9879 9995 9994
f 9880 9881 9996
f 9880 9996 9995
f 9881 9882 9997
f 9881 9997 9996
f 9882 9782 9883
f 9882 9883 9997
f 9883 9884 9999
f 9883 9999 9998
f 9884 9885 10000
f 9884 10000 9999
f 9885 9886 10001
f 9885 10001 10000
f 9886 9887 10002
f 9886 10002 10001
f 9887 9888 10003
f 9887 10003 10002
f 9888 9889 10004
f 9888 10004 10003
f 9889 9890 10005
f 9889 10005 10004
f 9890 9891 10006
f 9890 10006 10005
f 9891 9892 10007
f 9891 10007 10006
f 9892 9893 10008
f 9892 10008 10007
f 9893 9894 10009
f 9893 10009 10008
f 9894 9895 10010
f 9894 10010 10009
f 9895 9896 10011
f 9895 10011 10010
f 9896 9897 10012
f 9896 10012 10011
f 9897 9898 10013
f 9897 10013 10012
f 9898 9899 10014
f 9898 10014 10013
f 9899 9900 10015
f 9899 10015 10014
f 9900 9901 10016
f 9900 10016 10015
f 9901 9902 10017
f 9901 10017 10016
f 9902 9903 10018
f 9902 10018 10017
f 9903 9904 10019
f 9903 10019 10018
f 9904 9905 10020
f 9904 10020 10019
f 9905 9906 10021
f 9905 10021 10020
f 9906 9907 10022
f 9906 10022 10021
f 9907 9908 10023
f 9907 10023 10022
f 9908 9909 10024
f 9908 10024 10023
f 9909 9910 10025
f 9909 10025 10024
f 9910 9911 10026
f 9910 10026 10025
f 9911 9912 10027
f 9911 10027 10026
f 9912 9913 10028
f 9912 10028 10027
f 9913 9914 10029
f 9913 10029 10028
f 9914 9915 10030
f 9914 10030 10029
f 9915 9916 10031
f 9915 10031 10030
f 9916 9917 10032
f 9916 10032 10031
f 9917 9918 10033
f 9917 10033 10032
f 9918 9919 10034
f 9918 10034 10033
f 9919 9920 10035
f 9919 10035 10034
f 9920 9921 10036
f 9920 10036 10035
f 9921 9922 10037
f 9921 10037 10036
f 9922 9923 10038
f 9922 10038 10037
f 9923 9924 10039
f 9923 10039 10038
f 9924 9925 10040
f 9924 10040 10039
f 9925 9926 10041
f 9925 10041 10040
f 9926 9927 10042
f 9926 10042 10041
f 9927 9928 10043
f 9927 10043 10042
f 9928 9929 10044
f 9928 10044 10043
f 9929 9930 10045
f 9929 10045 10044
f 9930 9931 10046
f 9930 10046 10045
f 9931 9932 10047
f 9931 10047 10046
f 9932 9933 10048
f 9932 10048 10047
f 9933 9934 10049
f 9933 10049 10048
f 9934 9935 10050
f 9934 10050 10049
f 9935 9936 10051
f 9935 10051 10050
f 9936 9937 10052
f 9936 10052 10051
f 9937 9938 10053
f 9937 10053 10052
f 9938 9939 10054
f 9938 10054 10053
f 9939 9940 10055
f 9939 10055 10054
f 9940 9941 10056
f 9940 10056 10055
f 9941 9942 10057
f 9941 10057 10056
f 9942 9943 10058
f 9942 10058 10057
f 9943 9944 10059
f 9943 10059 10058
f 9944 9945 10060
f 9944 10060 10059
f 9945 9946 10061
f 9945 10061 10060
f 9946 9947 10062
f 9946 10062 10061
f 9947 9948 10063
f 9947 10063 10062
f 9948 9949 10064
f 9948 10064 10063
f 9949 9950 10065
f 9949 10065 10064
f 9950 9951 10066
f 9950 10066 10065
f 9951 9952 10067
f 9951 10067 10066
f 9952 9953 10068
f 9952 10068 10067
f 9953 9954 10069
f 9953 10069 10068
f 9954 9955 10070
f 9954 10070 10069
f 9955 9956 10071
f 9955 10071 10070
f 9956 9957 10072
f 9956 10072 10071
f 9957 9958 10073
f 9957 10073 10072
f 9958 9959 10074
f 9958 10074 10073
f 9959 9960 10075
f 9959 10075 10074
f 9960 9961 10076
f 9960 10076 10075
f 9961 9962 10077
f 9961 10077 10076
f 9962 9963 10078
f 9962 10078 10077
f 9963 9964 10079
f 9963 10079 10078
f 9964 9965 10080
f 9964 10080 10079
f 9965 9966 10081
f 9965 10081 10080
f 9966 9967 10082
f 9966 10082 10081
f 9967 9968 10083
f 9967 10083 10082
f 9968 9969 10084
f 9968 10084 10083
f 9969 9970 10085
f 9969 10085 10084
f 9970 9971 10086
f 9970 10086 10085
f 9971 9972 10087
f 9971 10087 10086
f 9972 10088 10087
f 9973 9974 10102
f 9973 10102 10101
f 9974 9975 10103
f 9974 10103 10102
f 9975 9976 10104
f 9975 10104 10103
f 9976 9977 10105
f 9976 10105 10104
f 9977 9978 10106
f 9977 10106 10105
f 9978 9979 10107
f 9978 10107 10106
f 9979 9980 10108
f 9979 10108 10107
f 9980 9981 10109
f 9980 10109 10108
f 9981 9982 10110
f 9981 10110 10109
f 9982 9983 10111
f 9982 10111 10110
f 9983 9984 10112
f 9983 10112 10111
f 9984 9985 10113
f 9984 10113 10112
f 9985 9986 10114
f 9985 10114 10113
f 9986 9987 10115
f 9986 10115 10114
f 9987 9988 10116
f 9987 10116 10115
f 9988 9989 10117
f 9988 10117 10116
f 9989 9990 10118
f 9989 10118 10117
f 9990 9991 10119
f 9990 10119 10118
f 9991 9992 10120
f 9991 10120 10119
f 9992 9993 10121
f 9992 10121 10120
f 9993 9994 10122
f 9993 10122 10121
f 9994 9995 10123
f 9994 10123 10122
f 9995 9996 10124
f 9995 10124 10123
f 9996 9997 10125
f 9996 10125 10124
f 9997 9883 9998
f 9997 9998 10125
f 10126 9998 9999
f 10126 9999 10000
f 10126 10000 10001
f 10126 10001 10002
f 10126 10002 10003
f 10126 10003 10004
f 10126 10004 10005
f 10126 10005 10006
f 10126 10006 10007
f 10126 10007 10008
f 10126 10008 10009
f 10126 10009 10010
f 10126 10010 10011
f 10126 10011 10012
f 10126 10012 10013
f 10126 10013 10014
f 10126 10014 10015
f 10126 10015 10016
f 10126 10016 10017
f 10126 10017 10018
f 10126 10018 10019
f 10126 10019 10020
f 10126 10020 10021
f 10126 10021 10022
f 10126 10022 10023
f 10126 10023 10024
f 10126 10024 10025
f 10126 10025 10026
f 10126 10026 10027
f 10126 10027 10028
f 10126 10028 10029
f 10126 10029 10030
f 10126 10030 10031
f 10126 10031 10032
f 10126 10032 10033
f 10126 10033 10034
f 10126 10034 10035
f 10126 10035 10036
f 10126 10036 10037
f 10126 10037 10038
f 10126 10038 10039
f 10126 10039 10040
f 10126 10040 10041
f 10126 10041 10042
f 10126 10042 10043
f 10126 10043 10044
f 10126 10044 10045
f 10126 10045 10046
f 10126 10046 10047
f 10126 10047 10048
f 10126 10048 10049
f 10126 10049 10050
f 10126 10050 10051
f 10126 10051 10052
f 10126 10052 10053
f 10126 10053 10054
f 10126 10054 10055
f 10126 10055 10056
f 10126 10056 10057
f 10126 10057 10058
f 10126 10058 10059
f 10126 10059 10060
f 10126 10060 10061
f 10126 10061 10062
f 10126 10062 10063
f 10126 10063 10064
f 10126 10064 10065
f 10126 10065 10066
f 10126 10066 10067
f 10126 10067 10068
f 10126 10068 10069
f 10126 10069 10070
f 10126 10070 10071
f 10126 10071 10072
f 10126 10072 10073
f 10126 10073 10074
f 10126 10074 10075
f 10126 10075 10076
f 10126 10076 10077
f 10126 10077 10078
f 10126 10078 10079
f 10126 10079 10080
f 10126 10080 10081
f 10126 10081 10082
f 10126 10082 10083
f 10126 10083 10084
f 10126 10084 10085
f 10126 10085 10086
f 10126 10086 10087
f 10126 10087 10088
f 10126 10088 10089
f 10126 10089 10090
f 10126 10090 10091
f 10126 10091 10092
f 10126 10092 10093
f 10126 10093 10094
f 10126 10094 10095
f 10126 10095 10096
f 10126 10096 10097
f 10126 10097 10098
f 10126 10098 10099
f 10126 10099 10100
f 10126 10100 10101
f 10126 10101 10102
f 10126 10102 10103
f 10126 10103 10104
f 10126 10104 10105
f 10126 10105 10106
f 10126 10106 10107
f 10126 10107 10108
f 10126 10108 10109
f 10126 10109 10110
f 10126 10110 10111
f 10126 10111 10112
f 10126 10112 10113
f 10126 10113 10114
f 10126 10114 10115
f 10126 10115 10116
f 10126 10116 10117
f 10126 10117 10118
f 10126 10118 10119
f 10126 10119 10120
f 10126 10120 10121
f 10126 10121 10122
f 10126 10122 10123
f 10126 10123 10124
f 10126 10124 10125
f 10126 10125 9998
f 5 10133 10130
f 4 10131 10132
f 16 10137 10134
f 15 10135 10136
f 33 10141 10138
f 32 10139 10140
f 54 10145 10142
f 53 10143 10144
f 78 10149 10146
f 77 10147 10148
f 105 10153 10150
f 104 10151 10152
f 133 10157 10154
f 132 10155 10156
f 161 10161 10158
f 160 10159 10160
f 191 10165 10162
f 190 10163 10164
f 221 10169 10166
f 220 10167 10168
f 253 10173 10170
f 252 10171 10172
f 285 10177 10174
f 284 10175 10176
f 319 10181 10178
f 318 10179 10180
f 353 10185 10182
f 352 10183 10184
f 389 10189 10186
f 388 10187 10188
f 427 10193 10190
f 426 10191 10192
f 467 10199 10194
f 466 10196 10198
f 466 10198 10197
f 467 10200 10199
f 507 10201 10202
f 550 10207 10204
f 549 10205 10206
f 594 10211 10208
f 593 10209 10210
f 642 10215 10212
f 641 10213 10214
f 714 10219 10216
f 713 10217 10218
f 805 10223 10220
f 804 10221 10222
f 896 10227 10224
f 895 10225 10226
f 987 10231 10228
f 986 10229 10230
f 1078 10237 10232
f 1077 10234 10236
f 1077 10236 10235
f 1168 10241 10238
f 1167 10239 10240
f 1258 10245 10242
f 1257 10243 10244
f 1348 10249 10246
f 1347 10247 10248
f 1348 10250 10249
f 1437 10251 10252
f 1527 10257 10254
f 1526 10255 10256
f 1616 10261 10258
f 1615 10259 10260
f 1705 10265 10262
f 1704 10263 10264
f 1794 10269 10266
f 1793 10267 10268
f 1883 10275 10270
f 1882 10272 10274
f 1882 10274 10273
f 1971 10279 10276
f 1970 10277 10278
f 2059 10283 10280
f 2058 10281 10282
f 2059 10284 10283
f 2146 10285 10286
f 2234 10291 10288
f 2233 10289 10290
f 2321 10295 10292
f 2320 10293 10294
f 2408 10299 10296
f 2407 10297 10298
f 2495 10303 10300
f 2494 10301 10302
f 2582 10309 10304
f 2581 10306 10308
f 2581 10308 10307
f 2668 10313 10310
f 2667 10311 10312
f 2754 10317 10314
f 2753 10315 10316
f 2754 10318 10317
f 2839 10319 10320
f 2925 10325 10322
f 2924 10323 10324
f 3010 10329 10326
f 3009 10327 10328
f 3095 10333 10330
f 3094 10331 10332
f 3180 10339 10334
f 3179 10336 10338
f 3179 10338 10337
f 3264 10343 10340
f 3263 10341 10342
f 3264 10344 10343
f 3347 10345 10346
f 3431 10351 10348
f 3430 10349 10350
f 3514 10355 10352
f 3513 10353 10354
f 3597 10359 10356
f 3596 10357 10358
f 3680 10363 10360
f 3679 10361 10362
f 3763 10369 10364
f 3762 10366 10368
f 3762 10368 10367
f 3845 10373 10370
f 3844 10371 10372
f 3927 10377 10374
f 3926 10375 10376
f 4009 10381 10378
f 4008 10379 10380
f 4091 10385 10382
f 4090 10383 10384
f 4091 10386 10385
f 4172 10387 10388
f 4254 10393 10390
f 4253 10391 10392
f 4335 10397 10394
f 4334 10395 10396
f 4416 10401 10398
f 4415 10399 10400
f 4497 10405 10402
f 4496 10403 10404
f 4578 10409 10406
f 4577 10407 10408
f 4659 10413 10410
f 4658 10411 10412
f 4740 10417 10414
f 4739 10415 10416
f 4821 10421 10418
f 4820 10419 10420
f 4902 10425 10422
f 4901 10423 10424
f 4902 10426 10425
f 4982 10428 10430
f 4982 10430 10429
f 5062 10435 10432
f 5061 10433 10434
f 5141 10439 10436
f 5140 10437 10438
f 5220 10443 10440
f 5219 10441 10442
f 5299 10447 10444
f 5298 10445 10446
f 5378 10451 10448
f 5377 10449 10450
f 5457 10455 10452
f 5456 10453 10454
f 5536 10459 10456
f 5535 10457 10458
f 5615 10463 10460
f 5614 10461 10462
f 5694 10467 10464
f 5693 10465 10466
f 5773 10471 10468
f 5772 10469 10470
f 5852 10475 10472
f 5851 10473 10474
f 5931 10479 10476
f 5930 10477 10478
f 6010 10483 10480
f 6009 10481 10482
f 6089 10487 10484
f 6088 10485 10486
f 6168 10491 10488
f 6167 10489 10490
f 6247 10495 10492
f 6246 10493 10494
f 6326 10499 10496
f 6325 10497 10498
f 6405 10503 10500
f 6404 10501 10502
f 6484 10507 10504
f 6483 10505 10506
f 6563 10511 10508
f 6562 10509 10510
f 6642 10515 10512
f 6641 10513 10514
f 6721 10519 10516
f 6720 10517 10518
f 6800 10523 10520
f 6799 10521 10522
f 6879 10527 10524
f 6878 10525 10526
f 6958 10531 10528
f 6957 10529 10530
f 7037 10535 10532
f 7036 10533 10534
f 7116 10539 10536
f 7115 10537 10538
f 7195 10543 10540
f 7194 10541 10542
f 7274 10547 10544
f 7273 10545 10546
f 7353 10551 10548
f 7352 10549 10550
f 7432 10555 10552
f 7511 10554 10557
f 7512 10559 10556
f 7511 10557 10558
f 7592 10563 10560
f 7591 10561 10562
f 7672 10568 10564
f 7671 10565 10566
f 7752 10567 10569
f 7752 10573 10567
f 7751 10571 10572
f 7833 10577 10574
f 7832 10575 10576
f 7914 10581 10578
f 7913 10579 10580
f 7995 10585 10582
f 7994 10583 10584
f 8076 10589 10586
f 8075 10587 10588
f 8157 10593 10590
f 8156 10591 10592
f 8238 10597 10594
f 8237 10595 10596
f 8319 10601 10598
f 8318 10599 10600
f 8400 10605 10602
f 8399 10603 10604
f 8481 10609 10606
f 8480 10607 10608
f 8562 10613 10610
f 8561 10611 10612
f 8643 10617 10614
f 8724 10616 10619
f 8725 10622 10618
f 8724 10619 10620
f 8807 10621 10623
f 8807 10627 10621
f 8806 10625 10626
f 8890 10631 10628
f 8889 10629 10630
f 8973 10635 10632
f 9056 10634 10637
f 9057 10640 10636
f 9056 10637 10638
f 9141 10639 10641
f 9141 10645 10639
f 9226 10644 10647
f 9227 10650 10646
f 9226 10647 10648
f 9313 10649 10651
f 9313 10655 10649
f 9400 10654 10657
f 9401 10660 10656
f 9400 10657 10658
f 9489 10659 10661
f 9489 10666 10659
f 9578 10664 10669
f 9579 10665 10667
f 9579 10672 10665
f 9670 10670 10675
f 9671 10671 10673
f 9671 10682 10671
f 9765 10677 10678
f 9765 10678 10685
f 9766 10679 10680
f 9766 10692 10679
f 9767 10681 10683
f 9864 10687 10688
f 9864 10688 10695
f 9865 10689 10690
f 9865 10722 10689
f 9866 10691 10693
f 9967 10697 10698
f 9968 10699 10700
f 9969 10701 10702
f 9970 10703 10704
f 9971 10705 10706
f 9972 10707 10708
f 9972 10708 10725
f 9973 10709 10710
f 9973 10750 10709
f 9974 10711 10712
f 9975 10713 10714
f 9976 10715 10716
f 9977 10717 10718
f 9978 10719 10720
f 9979 10721 10723
f 10089 10727 10728
f 10090 10729 10730
f 10091 10731 10732
f 10092 10733 10734
f 10093 10735 10736
f 10094 10737 10738
f 10095 10739 10740
f 10096 10741 10742
f 10097 10743 10744
f 10098 10745 10746
f 10099 10747 10748
f 10100 10749 10751
f 10135 15 4
f 10133 5 16
f 10139 32 15
f 10137 16 33
f 10143 53 32
f 10141 33 54
f 10147 77 53
f 10145 54 78
f 10151 104 77
f 10149 78 105
f 10155 132 104
f 10153 105 133
f 10159 160 132
f 10157 133 161
f 10163 190 160
f 10161 161 191
f 10167 220 190
f 10165 191 221
f 10171 252 220
f 10169 221 253
f 10175 284 252
f 10173 253 285
f 10179 318 284
f 10177 285 319
f 10183 352 318
f 10181 319 353
f 10187 388 352
f 10185 353 389
f 10191 426 388
f 10189 389 427
f 10196 466 426
f 10193 427 467
f 10195 465 466
f 10201 507 465
f 10200 467 508
f 10205 549 507
f 10203 508 550
f 10209 593 549
f 10207 550 594
f 10213 641 593
f 10211 594 642
f 10217 713 641
f 10215 642 714
f 10221 804 713
f 10219 714 805
f 10225 895 804
f 10223 805 896
f 10229 986 895
f 10227 896 987
f 10234 1077 986
f 10231 987 1078
f 10233 1076 1077
f 10239 1167 1076
f 10237 1078 1168
f 10243 1257 1167
f 10241 1168 1258
f 10247 1347 1257
f 10245 1258 1348
f 10251 1437 1347
f 10250 1348 1438
f 10255 1526 1437
f 10253 1438 1527
f 10259 1615 1526
f 10257 1527 1616
f 10263 1704 1615
f 10261 1616 1705
f 10267 1793 1704
f 10265 1705 1794
f 10272 1882 1793
f 10269 1794 1883
f 10271 1881 1882
f 10277 1970 1881
f 10275 1883 1971
f 10281 2058 1970
f 10279 1971 2059
f 10285 2146 2058
f 10284 2059 2147
f 10289 2233 2146
f 10287 2147 2234
f 10293 2320 2233
f 10291 2234 2321
f 10297 2407 2320
f 10295 2321 2408
f 10301 2494 2407
f 10299 2408 2495
f 10306 2581 2494
f 10303 2495 2582
f 10305 2580 2581
f 10311 2667 2580
f 10309 2582 2668
f 10315 2753 2667
f 10313 2668 2754
f 10319 2839 2753
f 10318 2754 2840
f 10323 2924 2839
f 10321 2840 2925
f 10327 3009 2924
f 10325 2925 3010
f 10331 3094 3009
f 10329 3010 3095
f 10336 3179 3094
f 10333 3095 3180
f 10335 3178 3179
f 10341 3263 3178
f 10339 3180 3264
f 10345 3347 3263
f 10344 3264 3348
f 10349 3430 3347
f 10347 3348 3431
f 10353 3513 3430
f 10351 3431 3514
f 10357 3596 3513
f 10355 3514 3597
f 10361 3679 3596
f 10359 3597 3680
f 10366 3762 3679
f 10363 3680 3763
f 10365 3761 3762
f 10371 3844 3761
f 10369 3763 3845
f 10375 3926 3844
f 10373 3845 3927
f 10379 4008 3926
f 10377 3927 4009
f 10383 4090 4008
f 10381 4009 4091
f 10387 4172 4090
f 10386 4091 4173
f 10391 4253 4172
f 10389 4173 4254
f 10395 4334 4253
f 10393 4254 4335
f 10399 4415 4334
f 10397 4335 4416
f 10403 4496 4415
f 10401 4416 4497
f 10407 4577 4496
f 10405 4497 4578
f 10411 4658 4577
f 10409 4578 4659
f 10415 4739 4658
f 10413 4659 4740
f 10419 4820 4739
f 10417 4740 4821
f 10423 4901 4820
f 10421 4821 4902
f 10428 4982 4901
f 10426 4902 4983
f 10427 4981 4982
f 10433 5061 4981
f 10431 4983 5062
f 10437 5140 5061
f 10435 5062 5141
f 10441 5219 5140
f 10439 5141 5220
f 10445 5298 5219
f 10443 5220 5299
f 10449 5377 5298
f 10447 5299 5378
f 10453 5456 5377
f 10451 5378 5457
f 10457 5535 5456
f 10455 5457 5536
f 10461 5614 5535
f 10459 5536 5615
f 10465 5693 5614
f 10463 5615 5694
f 10469 5772 5693
f 10467 5694 5773
f 10473 5851 5772
f 10471 5773 5852
f 10477 5930 5851
f 10475 5852 5931
f 10481 6009 5930
f 10479 5931 6010
f 10485 6088 6009
f 10483 6010 6089
f 10489 6167 6088
f 10487 6089 6168
f 10493 6246 6167
f 10491 6168 6247
f 10497 6325 6246
f 10495 6247 6326
f 10501 6404 6325
f 10499 6326 6405
f 10505 6483 6404
f 10503 6405 6484
f 10509 6562 6483
f 10507 6484 6563
f 10513 6641 6562
f 10511 6563 6642
f 10517 6720 6641
f 10515 6642 6721
f 10521 6799 6720
f 10519 6721 6800
f 10525 6878 6799
f 10523 6800 6879
f 10529 6957 6878
f 10527 6879 6958
f 10533 7036 6957
f 10531 6958 7037
f 10537 7115 7036
f 10535 7037 7116
f 10541 7194 7115
f 10539 7116 7195
f 10545 7273 7194
f 10543 7195 7274
f 10549 7352 7273
f 10547 7274 7353
f 10553 7431 7352
f 10551 7353 7432
f 10554 7511 7431
f 10555 7432 7512
f 10561 7591 7511
f 10559 7512 7592
f 10565 7671 7591
f 10563 7592 7672
f 10571 7751 7671
f 10568 7672 7753
f 10570 7753 7752
f 10575 7832 7751
f 10573 7752 7833
f 10579 7913 7832
f 10577 7833 7914
f 10583 7994 7913
f 10581 7914 7995
f 10587 8075 7994
f 10585 7995 8076
f 10591 8156 8075
f 10589 8076 8157
f 10595 8237 8156
f 10593 8157 8238
f 10599 8318 8237
f 10597 8238 8319
f 10603 8399 8318
f 10601 8319 8400
f 10607 8480 8399
f 10605 8400 8481
f 10611 8561 8480
f 10609 8481 8562
f 10615 8642 8561
f 10613 8562 8643
f 10616 8724 8642
f 10617 8643 8725
f 10625 8806 8724
f 10622 8725 8808
f 10624 8808 8807
f 10629 8889 8806
f 10627 8807 8890
f 10633 8972 8889
f 10631 8890 8973
f 10634 9056 8972
f 10635 8973 9057
f 10643 9140 9056
f 10640 9057 9142
f 10642 9142 9141
f 10644 9226 9140
f 10645 9141 9227
f 10653 9312 9226
f 10650 9227 9314
f 10652 9314 9313
f 10654 9400 9312
f 10655 9313 9401
f 10663 9488 9400
f 10660 9401 9490
f 10662 9490 9489
f 10664 9578 9488
f 10666 9489 9580
f 10668 9580 9579
f 10670 9670 9578
f 10672 9579 9672
f 10674 9672 9671
f 10676 9764 9670
f 10677 9765 9764
f 10681 9767 9766
f 10682 9671 9768
f 10684 9768 9767
f 10686 9863 9765
f 10687 9864 9863
f 10691 9866 9865
f 10692 9766 9867
f 10694 9867 9866
f 10696 9966 9864
f 10697 9967 9966
f 10699 9968 9967
f 10701 9969 9968
f 10703 9970 9969
f 10705 9971 9970
f 10707 9972 9971
f 10711 9974 9973
f 10713 9975 9974
f 10715 9976 9975
f 10717 9977 9976
f 10719 9978 9977
f 10721 9979 9978
f 10722 9865 9980
f 10724 9980 9979
f 10726 10088 9972
f 10727 10089 10088
f 10729 10090 10089
f 10731 10091 10090
f 10733 10092 10091
f 10735 10093 10092
f 10737 10094 10093
f 10739 10095 10094
f 10741 10096 10095
f 10743 10097 10096
f 10745 10098 10097
f 10747 10099 10098
f 10749 10100 10099
f 10750 9973 10101
f 10752 10101 10100
f 10129 5 10130
f 10135 4 10132
f 10133 16 10134
f 10139 15 10136
f 10137 33 10138
f 10143 32 10140
f 10141 54 10142
f 10147 53 10144
f 10145 78 10146
f 10151 77 10148
f 10149 105 10150
f 10155 104 10152
f 10153 133 10154
f 10159 132 10156
f 10157 161 10158
f 10163 160 10160
f 10161 191 10162
f 10167 190 10164
f 10165 221 10166
f 10171 220 10168
f 10169 253 10170
f 10175 252 10172
f 10173 285 10174
f 10179 284 10176
f 10177 319 10178
f 10183 318 10180
f 10181 353 10182
f 10187 352 10184
f 10185 389 10186
f 10191 388 10188
f 10189 427 10190
f 10196 426 10192
f 10193 467 10194
f 10195 466 10197
f 10201 465 10195
f 10200 508 10203
f 10205 507 10202
f 10203 550 10204
f 10209 549 10206
f 10207 594 10208
f 10213 593 10210
f 10211 642 10212
f 10217 641 10214
f 10215 714 10216
f 10221 713 10218
f 10219 805 10220
f 10225 804 10222
f 10223 896 10224
f 10229 895 10226
f 10227 987 10228
f 10234 986 10230
f 10231 1078 10232
f 10233 1077 10235
f 10239 1076 10233
f 10237 1168 10238
f 10243 1167 10240
f 10241 1258 10242
f 10247 1257 10244
f 10245 1348 10246
f 10251 1347 10248
f 10250 1438 10253
f 10255 1437 10252
f 10253 1527 10254
f 10259 1526 10256
f 10257 1616 10258
f 10263 1615 10260
f 10261 1705 10262
f 10267 1704 10264
f 10265 1794 10266
f 10272 1793 10268
f 10269 1883 10270
f 10271 1882 10273
f 10277 1881 10271
f 10275 1971 10276
f 10281 1970 10278
f 10279 2059 10280
f 10285 2058 10282
f 10284 2147 10287
f 10289 2146 10286
f 10287 2234 10288
f 10293 2233 10290
f 10291 2321 10292
f 10297 2320 10294
f 10295 2408 10296
f 10301 2407 10298
f 10299 2495 10300
f 10306 2494 10302
f 10303 2582 10304
f 10305 2581 10307
f 10311 2580 10305
f 10309 2668 10310
f 10315 2667 10312
f 10313 2754 10314
f 10319 2753 10316
f 10318 2840 10321
f 10323 2839 10320
f 10321 2925 10322
f 10327 2924 10324
f 10325 3010 10326
f 10331 3009 10328
f 10329 3095 10330
f 10336 3094 10332
f 10333 3180 10334
f 10335 3179 10337
f 10341 3178 10335
f 10339 3264 10340
f 10345 3263 10342
f 10344 3348 10347
f 10349 3347 10346
f 10347 3431 10348
f 10353 3430 10350
f 10351 3514 10352
f 10357 3513 10354
f 10355 3597 10356
f 10361 3596 10358
f 10359 3680 10360
f 10366 3679 10362
f 10363 3763 10364
f 10365 3762 10367
f 10371 3761 10365
f 10369 3845 10370
f 10375 3844 10372
f 10373 3927 10374
f 10379 3926 10376
f 10377 4009 10378
f 10383 4008 10380
f 10381 4091 10382
f 10387 4090 10384
f 10386 4173 10389
f 10391 4172 10388
f 10389 4254 10390
f 10395 4253 10392
f 10393 4335 10394
f 10399 4334 10396
f 10397 4416 10398
f 10403 4415 10400
f 10401 4497 10402
f 10407 4496 10404
f 10405 4578 10406
f 10411 4577 10408
f 10409 4659 10410
f 10415 4658 10412
f 10413 4740 10414
f 10419 4739 10416
f 10417 4821 10418
f 10423 4820 10420
f 10421 4902 10422
f 10428 4901 10424
f 10426 4983 10431
f 10427 4982 10429
f 10433 4981 10427
f 10431 5062 10432
f 10437 5061 10434
f 10435 5141 10436
f 10441 5140 10438
f 10439 5220 10440
f 10445 5219 10442
f 10443 5299 10444
f 10449 5298 10446
f 10447 5378 10448
f 10453 5377 10450
f 10451 5457 10452
f 10457 5456 10454
f 10455 5536 10456
f 10461 5535 10458
f 10459 5615 10460
f 10465 5614 10462
f 10463 5694 10464
f 10469 5693 10466
f 10467 5773 10468
f 10473 5772 10470
f 10471 5852 10472
f 10477 5851 10474
f 10475 5931 10476
f 10481 5930 10478
f 10479 6010 10480
f 10485 6009 10482
f 10483 6089 10484
f 10489 6088 10486
f 10487 6168 10488
f 10493 6167 10490
f 10491 6247 10492
f 10497 6246 10494
f 10495 6326 10496
f 10501 6325 10498
f 10499 6405 10500
f 10505 6404 10502
f 10503 6484 10504
f 10509 6483 10506
f 10507 6563 10508
f 10513 6562 10510
f 10511 6642 10512
f 10517 6641 10514
f 10515 6721 10516
f 10521 6720 10518
f 10519 6800 10520
f 10525 6799 10522
f 10523 6879 10524
f 10529 6878 10526
f 10527 6958 10528
f 10533 6957 10530
f 10531 7037 10532
f 10537 7036 10534
f 10535 7116 10536
f 10541 7115 10538
f 10539 7195 10540
f 10545 7194 10542
f 10543 7274 10544
f 10549 7273 10546
f 10547 7353 10548
f 10553 7352 10550
f 10551 7432 10552
f 10554 7431 10553
f 10555 7512 10556
f 10561 7511 10558
f 10559 7592 10560
f 10565 7591 10562
f 10563 7672 10564
f 10571 7671 10566
f 10568 7753 10570
f 10570 7752 10569
f 10575 7751 10572
f 10573 7833 10574
f 10579 7832 10576
f 10577 7914 10578
f 10583 7913 10580
f 10581 7995 10582
f 10587 7994 10584
f 10585 8076 10586
f 10591 8075 10588
f 10589 8157 10590
f 10595 8156 10592
f 10593 8238 10594
f 10599 8237 10596
f 10597 8319 10598
f 10603 8318 10600
f 10601 8400 10602
f 10607 8399 10604
f 10605 8481 10606
f 10611 8480 10608
f 10609 8562 10610
f 10615 8561 10612
f 10613 8643 10614
f 10616 8642 10615
f 10617 8725 10618
f 10625 8724 10620
f 10622 8808 10624
f 10624 8807 10623
f 10629 8806 10626
f 10627 8890 10628
f 10633 8889 10630
f 10631 8973 10632
f 10634 8972 10633
f 10635 9057 10636
f 10643 9056 10638
f 10640 9142 10642
f 10642 9141 10641
f 10644 9140 10643
f 10645 9227 10646
f 10653 9226 10648
f 10650 9314 10652
f 10652 9313 10651
f 10654 9312 10653
f 10655 9401 10656
f 10663 9400 10658
f 10660 9490 10662
f 10662 9489 10661
f 10664 9488 10663
f 10666 9580 10668
f 10668 9579 10667
f 10670 9578 10669
f 10672 9672 10674
f 10674 9671 10673
f 10676 9670 10675
f 10677 9764 10676
f 10681 9766 10680
f 10682 9768 10684
f 10684 9767 10683
f 10686 9765 10685
f 10687 9863 10686
f 10691 9865 10690
f 10692 9867 10694
f 10694 9866 10693
f 10696 9864 10695
f 10697 9966 10696
f 10699 9967 10698
f 10701 9968 10700
f 10703 9969 10702
f 10705 9970 10704
f 10707 9971 10706
f 10711 9973 10710
f 10713 9974 10712
f 10715 9975 10714
f 10717 9976 10716
f 10719 9977 10718
f 10721 9978 10720
f 10722 9980 10724
f 10724 9979 10723
f 10726 9972 10725
f 10727 10088 10726
f 10729 10089 10728
f 10731 10090 10730
f 10733 10091 10732
f 10735 10092 10734
f 10737 10093 10736
f 10739 10094 10738
f 10741 10095 10740
f 10743 10096 10742
f 10745 10097 10744
f 10747 10098 10746
f 10749 10099 10748
f 10750 10101 10752
f 10752 10100 10751
f 1 10754 10755
f 1 10778 10754
f 2 10756 10757
f 3 10758 10759
f 4 10760 10761
f 6 10766 10768
f 7 10769 10770
f 8 10771 10772
f 8 10772 10781
f 9 10773 10774
f 9 10792 10773
f 10 10775 10776
f 11 10777 10779
f 21 10783 10784
f 22 10785 10786
f 22 10786 10795
f 23 10787 10788
f 23 10802 10787
f 24 10789 10790
f 25 10791 10793
f 41 10797 10798
f 42 10799 10800
f 42 10800 10805
f 43 10801 10803
f 43 10810 10801
f 64 10806 10813
f 65 10807 10808
f 65 10818 10807
f 66 10809 10811
f 90 10815 10816
f 90 10816 10821
f 91 10817 10819
f 91 10824 10817
f 118 10822 10823
f 119 10828 10825
f 118 10823 10826
f 147 10834 10829
f 146 10827 10830
f 175 10832 10837
f 176 10833 10835
f 176 10839 10833
f 175 10837 10838
f 206 10844 10840
f 236 10842 10847
f 237 10843 10845
f 237 10849 10843
f 236 10847 10848
f 269 10854 10850
f 301 10852 10857
f 302 10853 10855
f 302 10859 10853
f 301 10857 10858
f 336 10864 10860
f 370 10862 10867
f 371 10863 10865
f 371 10870 10863
f 407 10868 10873
f 408 10869 10871
f 408 10876 10869
f 446 10874 10879
f 447 10875 10877
f 447 10882 10875
f 487 10880 10885
f 488 10881 10883
f 488 10888 10881
f 528 10886 10891
f 529 10887 10889
f 529 10894 10887
f 571 10892 10897
f 572 10893 10895
f 572 10904 10893
f 617 10899 10900
f 617 10900 10907
f 618 10901 10902
f 618 10954 10901
f 619 10903 10905
f 667 10909 10910
f 668 10911 10912
f 669 10913 10914
f 670 10915 10916
f 671 10917 10918
f 672 10919 10920
f 673 10921 10922
f 674 10923 10924
f 675 10925 10926
f 676 10927 10928
f 677 10929 10930
f 677 10930 10957
f 678 10931 10932
f 678 10994 10931
f 679 10933 10934
f 680 10935 10936
f 681 10937 10938
f 682 10939 10940
f 683 10941 10942
f 684 10943 10944
f 685 10945 10946
f 686 10947 10948
f 687 10949 10950
f 688 10951 10952
f 689 10953 10955
f 751 10959 10960
f 752 10961 10962
f 753 10963 10964
f 754 10965 10966
f 755 10967 10968
f 756 10969 10970
f 757 10971 10972
f 758 10973 10974
f 759 10975 10976
f 760 10977 10978
f 761 10979 10980
f 762 10981 10982
f 763 10983 10984
f 764 10985 10986
f 765 10987 10988
f 766 10989 10990
f 767 10991 10992
f 768 10993 10995
f 10129 10998 10767
f 10127 10762 10753
f 10127 10753 10997
f 10756 2 1
f 10758 3 2
f 10760 4 3
f 10766 6 5
f 10769 7 6
f 10771 8 7
f 10775 10 9
f 10777 11 10
f 10778 1 12
f 10780 12 11
f 10782 20 8
f 10783 21 20
f 10785 22 21
f 10789 24 23
f 10791 25 24
f 10792 9 26
f 10794 26 25
f 10796 40 22
f 10797 41 40
f 10799 42 41
f 10802 23 44
f 10804 44 43
f 10806 64 42
f 10809 66 65
f 10810 43 67
f 10812 67 66
f 10814 89 64
f 10815 90 89
f 10818 65 92
f 10820 92 91
f 10822 118 90
f 10824 91 119
f 10827 146 118
f 10828 119 147
f 10831 174 146
f 10834 147 177
f 10836 177 176
f 10832 175 174
f 10841 205 175
f 10839 176 206
f 10842 236 205
f 10844 206 238
f 10846 238 237
f 10851 268 236
f 10849 237 269
f 10852 301 268
f 10854 269 303
f 10856 303 302
f 10861 335 301
f 10859 302 336
f 10862 370 335
f 10864 336 372
f 10866 372 371
f 10868 407 370
f 10870 371 409
f 10872 409 408
f 10874 446 407
f 10876 408 448
f 10878 448 447
f 10880 487 446
f 10882 447 489
f 10884 489 488
f 10886 528 487
f 10888 488 530
f 10890 530 529
f 10892 571 528
f 10894 529 573
f 10896 573 572
f 10898 616 571
f 10899 617 616
f 10903 619 618
f 10904 572 620
f 10906 620 619
f 10908 666 617
f 10909 667 666
f 10911 668 667
f 10913 669 668
f 10915 670 669
f 10917 671 670
f 10919 672 671
f 10921 673 672
f 10923 674 673
f 10925 675 674
f 10927 676 675
f 10929 677 676
f 10933 679 678
f 10935 680 679
f 10937 681 680
f 10939 682 681
f 10941 683 682
f 10943 684 683
f 10945 685 684
f 10947 686 685
f 10949 687 686
f 10951 688 687
f 10953 689 688
f 10954 618 690
f 10956 690 689
f 10958 750 677
f 10959 751 750
f 10961 752 751
f 10963 753 752
f 10965 754 753
f 10967 755 754
f 10969 756 755
f 10971 757 756
f 10973 758 757
f 10975 759 758
f 10977 760 759
f 10979 761 760
f 10981 762 761
f 10983 763 762
f 10985 764 763
f 10987 765 764
f 10989 766 765
f 10991 767 766
f 10993 768 767
f 10994 678 769
f 10996 769 768
f 10762 10127 10128
f 10764 10131 4
f 10765 5 10129
f 10763 10128 10131
f 10756 1 10755
f 10758 2 10757
f 10760 3 10759
f 10766 5 10765
f 10769 6 10768
f 10771 7 10770
f 10775 9 10774
f 10777 10 10776
f 10778 12 10780
f 10780 11 10779
f 10782 8 10781
f 10783 20 10782
f 10785 21 10784
f 10789 23 10788
f 10791 24 10790
f 10792 26 10794
f 10794 25 10793
f 10796 22 10795
f 10797 40 10796
f 10799 41 10798
f 10802 44 10804
f 10804 43 10803
f 10806 42 10805
f 10809 65 10808
f 10810 67 10812
f 10812 66 10811
f 10814 64 10813
f 10815 89 10814
f 10818 92 10820
f 10820 91 10819
f 10822 90 10821
f 10824 119 10825
f 10827 118 10826
f 10828 147 10829
f 10831 146 10830
f 10834 177 10836
f 10836 176 10835
f 10832 174 10831
f 10841 175 10838
f 10839 206 10840
f 10842 205 10841
f 10844 238 10846
f 10846 237 10845
f 10851 236 10848
f 10849 269 10850
f 10852 268 10851
f 10854 303 10856
f 10856 302 10855
f 10861 301 10858
f 10859 336 10860
f 10862 335 10861
f 10864 372 10866
f 10866 371 10865
f 10868 370 10867
f 10870 409 10872
f 10872 408 10871
f 10874 407 10873
f 10876 448 10878
f 10878 447 10877
f 10880 446 10879
f 10882 489 10884
f 10884 488 10883
f 10886 487 10885
f 10888 530 10890
f 10890 529 10889
f 10892 528 10891
f 10894 573 10896
f 10896 572 10895
f 10898 571 10897
f 10899 616 10898
f 10903 618 10902
f 10904 620 10906
f 10906 619 10905
f 10908 617 10907
f 10909 666 10908
f 10911 667 10910
f 10913 668 10912
f 10915 669 10914
f 10917 670 10916
f 10919 671 10918
f 10921 672 10920
f 10923 673 10922
f 10925 674 10924
f 10927 675 10926
f 10929 676 10928
f 10933 678 10932
f 10935 679 10934
f 10937 680 10936
f 10939 681 10938
f 10941 682 10940
f 10943 683 10942
f 10945 684 10944
f 10947 685 10946
f 10949 686 10948
f 10951 687 10950
f 10953 688 10952
f 10954 690 10956
f 10956 689 10955
f 10958 677 10957
f 10959 750 10958
f 10961 751 10960
f 10963 752 10962
f 10965 753 10964
f 10967 754 10966
f 10969 755 10968
f 10971 756 10970
f 10973 757 10972
f 10975 758 10974
f 10977 759 10976
f 10979 760 10978
f 10981 761 10980
f 10983 762 10982
f 10985 763 10984
f 10987 764 10986
f 10989 765 10988
f 10991 766 10990
f 10993 767 10992
f 10994 769 10996
f 10996 768 10995
f 10762 10128 10763
f 10764 4 10761
f 10765 10129 10767
f 10763 10131 10764

