# https://github.com/mikedh/trimesh
v 74.25241718 2.24696633 116.86825572
v 74.25241718 1.13878520 117.17084181
v 74.25241718 -0.11651169 117.35245464
v 74.25241718 -1.98511449 117.41300252
v 74.25241718 -3.85371729 117.35245464
v 74.25241718 -5.10901418 117.17084181
v 74.25241718 -6.21719532 116.86825572
v 75.68281981 8.08646372 112.23875170
v 75.68281981 7.11723215 113.26110700
v 75.68281981 6.15378670 114.16423714
v 75.68281981 5.18956816 114.94778434
v 75.68281981 4.21557157 115.61141339
v 75.68281981 3.21905227 116.15482305
v 75.68281981 2.18073950 116.57775533
v 75.68281981 1.06763411 116.88000256
v 75.68281981 -0.19293448 117.06141271
v 75.68281981 -2.06694839 117.12189314
v 75.68281981 -3.94096231 117.06141271
v 75.68281981 -5.20153090 116.88000256
v 75.68281981 -6.31463628 116.57775533
v 75.68281981 -7.35294906 116.15482305
v 75.68281981 -8.34946835 115.61141339
v 75.68281981 -9.32346494 114.94778434
v 75.68281981 -10.28768349 114.16423714
v 75.68281981 -11.25112894 113.26110700
v 75.68281981 -12.22036050 112.23875170
v 77.11872865 10.02342730 109.54345300
v 77.11872865 9.02725655 110.80166399
v 77.11872865 8.04468974 111.94153915
v 77.11872865 7.07232951 112.96271450
v 77.11872865 6.10539508 113.86481767
v 77.11872865 5.13733671 114.64748542
v 77.11872865 4.15915849 115.31037788
v 77.11872865 3.15812307 115.85318999
v 77.11872865 2.11496267 116.27566066
v 77.11872865 0.99667148 116.57757984
v 77.11872865 -0.26945062 116.75879384
v 77.11872865 -2.14918059 116.81920899
v 77.11872865 -4.02891057 116.75879384
v 77.11872865 -5.29503266 116.57757984
v 77.11872865 -6.41332386 116.27566066
v 77.11872865 -7.45648425 115.85318999
v 77.11872865 -8.45751968 115.31037788
v 77.11872865 -9.43569790 114.64748542
v 77.11872865 -10.40375626 113.86481767
v 77.11872865 -11.37069070 112.96271450
v 77.11872865 -12.34305093 111.94153915
v 77.11872865 -13.32561774 110.80166399
v 77.11872865 -14.32178849 109.54345300
v 78.56003130 12.03409162 106.37109677
v 78.56003130 11.00328977 107.86321681
v 78.56003130 9.98918000 109.23779502
v 78.56003130 8.99051758 110.49454385
v 78.56003130 8.00506172 111.63312044
v 78.56003130 7.02942395 112.65315311
v 78.56003130 6.05883321 113.55426282
v 78.56003130 5.08674989 114.33608064
v 78.56003130 4.10418779 114.99826183
v 78.56003130 3.09841747 115.54049734
v 78.56003130 2.05017467 115.96252284
v 78.56003130 0.92644698 116.26412579
v 78.56003130 -0.34549604 116.44515074
v 78.56003130 -2.23121855 116.50550300
v 78.56003130 -4.11694105 116.44515074
v 78.56003130 -5.38888407 116.26412579
v 78.56003130 -6.51261176 115.96252284
v 78.56003130 -7.56085456 115.54049734
v 78.56003130 -8.56662488 114.99826183
v 78.56003130 -9.54918699 114.33608064
v 78.56003130 -10.52127030 113.55426282
v 78.56003130 -11.49186104 112.65315311
v 78.56003130 -12.46749882 111.63312044
v 78.56003130 -13.45295468 110.49454385
v 78.56003130 -14.45161709 109.23779502
v 78.56003130 -15.46572687 107.86321681
v 78.56003130 -16.49652871 106.37109677
v 80.00661417 13.05583078 104.45053382
v 80.00661417 12.00667345 106.05804111
v 80.00661417 10.97412422 107.54839789
v 80.00661417 9.95783631 108.92139265
v 80.00661417 8.95657177 110.17672729
v 80.00661417 7.96809797 111.31404977
v 80.00661417 6.98903587 112.33298038
v 80.00661417 6.01462479 113.23313314
v 80.00661417 5.03833590 114.01413314
v 80.00661417 4.05119346 114.67563060
v 80.00661417 3.04047675 115.21731228
v 80.00661417 1.98692576 115.63891047
v 80.00661417 0.85752213 115.94021003
v 80.00661417 -0.42049437 116.12105368
v 80.00661417 -2.31245657 116.18134562
v 80.00661417 -4.20441877 116.12105368
v 80.00661417 -5.48243526 115.94021003
v 80.00661417 -6.61183889 115.63891047
v 80.00661417 -7.66538988 115.21731228
v 80.00661417 -8.67610660 114.67563060
v 80.00661417 -9.66324903 114.01413314
v 80.00661417 -10.63953792 113.23313314
v 80.00661417 -11.61394901 112.33298038
v 80.00661417 -12.59301111 111.31404977
v 80.00661417 -13.58148491 110.17672729
v 80.00661417 -14.58274945 108.92139265
v 80.00661417 -15.59903736 107.54839789
v 80.00661417 -16.63158659 106.05804111
v 80.00661417 -17.68074391 104.45053382
v 81.45836251 14.09901207 102.40332687
v 81.45836251 13.03261117 104.12617576
v 81.45836251 11.98190046 105.73214978
v 81.45836251 10.94735595 107.22114722
v 81.45836251 9.92863875 108.59294130
v 81.45836251 8.92452036 109.84722050
v 81.45836251 7.93277910 110.98362096
v 81.45836251 6.95004841 112.00175265
v 81.45836251 5.97158150 112.90122059
v 81.45836251 4.99086486 113.68164215
v 81.45836251 3.99893936 114.34266097
v 81.45836251 2.98310229 114.88395834
v 81.45836251 1.92411346 115.30526212
v 81.45836251 0.78897888 115.60635381
v 81.45836251 -0.49501402 115.78707369
v 81.45836251 -2.39227619 115.84732453
v 81.45836251 -4.28953836 115.78707369
v 81.45836251 -5.57353125 115.60635381
v 81.45836251 -6.70866583 115.30526212
v 81.45836251 -7.76765466 114.88395834
v 81.45836251 -8.78349173 114.34266097
v 81.45836251 -9.77541723 113.68164215
v 81.45836251 -10.75613388 112.90122059
v 81.45836251 -11.73460079 112.00175265
v 81.45836251 -12.71733148 110.98362096
v 81.45836251 -13.70907273 109.84722050
v 81.45836251 -14.71319113 108.59294130
v 81.45836251 -15.73190832 107.22114722
v 81.45836251 -16.76645284 105.73214978
v 81.45836251 -17.81716354 104.12617576
v 81.45836251 -18.88356445 102.40332687
v 82.91516042 14.08000942 102.06464669
v 82.91516042 13.01209092 103.78654357
v 82.91516042 11.95941528 105.39173169
v 82.91516042 10.92247009 106.88008555
v 82.91516042 9.90092934 108.25135732
v 82.91516042 8.89357882 109.50521687
v 82.91516042 7.89821281 110.64128390
v 82.91516042 6.91148256 111.65915397
v 82.91516042 5.92866150 112.55841949
v 82.91516042 4.94325946 113.33868692
v 82.91516042 3.94634523 113.99959064
v 82.91516042 2.92525132 114.54080421
v 82.91516042 1.86078668 114.96204922
v 82.91516042 0.72003930 115.26310234
v 82.91516042 -0.56950782 115.44380045
v 82.91516042 -2.47004652 115.50404426
v 82.91516042 -4.37058521 115.44380045
v 82.91516042 -5.66013233 115.26310234
v 82.91516042 -6.80087972 114.96204922
v 82.91516042 -7.86534436 114.54080421
v 82.91516042 -8.88643827 113.99959064
v 82.91516042 -9.88335250 113.33868692
v 82.91516042 -10.86875454 112.55841949
v 82.91516042 -11.85157560 111.65915397
v 82.91516042 -12.83830584 110.64128390
v 82.91516042 -13.83367186 109.50521687
v 82.91516042 -14.84102237 108.25135732
v 82.91516042 -15.86256312 106.88008555
v 82.91516042 -16.89950832 105.39173169
v 82.91516042 -17.95218395 103.78654357
v 82.91516042 -19.02010246 102.06464669
v 84.37689086 15.14804859 99.87269141
v 84.37689086 14.06468450 101.71094199
v 84.37689086 12.99485695 103.43261298
v 84.37689086 11.93982551 105.03771789
v 84.37689086 10.90009432 106.52610132
v 84.37689086 9.87535507 107.89748891
v 84.37689086 8.86441255 109.15152703
v 84.37689086 7.86508176 110.28781457
v 84.37689086 6.87403705 111.30592875
v 84.37689086 5.88657819 112.20544595
v 84.37689086 4.89624627 112.98595875
v 84.37689086 3.89414891 113.64708970
v 84.37689086 2.86767062 114.18850244
v 84.37689086 1.79769778 114.60991058
v 84.37689086 0.65145576 114.91108461
v 84.37689086 -0.64323536 115.09185701
v 84.37689086 -2.54512464 115.15212587
v 84.37689086 -4.44701392 115.09185701
v 84.37689086 -5.74170504 114.91108461
v 84.37689086 -6.88794706 114.60991058
v 84.37689086 -7.95791990 114.18850244
v 84.37689086 -8.98439819 113.64708970
v 84.37689086 -9.98649554 112.98595875
v 84.37689086 -10.97682747 112.20544595
v 84.37689086 -11.96428632 111.30592875
v 84.37689086 -12.95533104 110.28781457
v 84.37689086 -13.95466183 109.15152703
v 84.37689086 -14.96560435 107.89748891
v 84.37689086 -15.99034360 106.52610132
v 84.37689086 -17.03007478 105.03771789
v 84.37689086 -18.08510623 103.43261298
v 84.37689086 -19.15493378 101.71094199
v 84.37689086 -20.23829786 99.87269141
v 85.84343574 15.13879023 99.49854690
v 85.84343574 14.05361405 101.33687116
v 85.84343574 12.98150723 103.05879090
v 85.84343574 11.92375006 104.66427943
v 85.84343574 10.88086804 106.15314573
v 85.84343574 9.85257509 107.52508380
v 85.84343574 8.83769954 108.77971186
v 85.84343574 7.83408178 109.91660392
v 85.84343574 6.83842435 110.93531521
v 85.84343574 5.84605943 111.83540290
v 85.84343574 4.85056697 112.61644288
v 85.84343574 3.84310416 113.27804348
v 85.84343574 2.81112365 113.81985646
v 85.84343574 1.73561654 114.24158578
v 85.84343574 0.58399864 114.54299449
v 85.84343574 -0.71543820 114.72390981
v 85.84343574 -2.61685599 114.78422666
v 85.84343574 -4.51827379 114.72390981
v 85.84343574 -5.81771063 114.54299449
v 85.84343574 -6.96932853 114.24158578
v 85.84343574 -8.04483564 113.81985646
v 85.84343574 -9.07681615 113.27804348
v 85.84343574 -10.08427896 112.61644288
v 85.84343574 -11.07977142 111.83540290
v 85.84343574 -12.07213634 110.93531521
v 85.84343574 -13.06779377 109.91660392
v 85.84343574 -14.07141153 108.77971186
v 85.84343574 -15.08628708 107.52508380
v 85.84343574 -16.11458003 106.15314573
v 85.84343574 -17.15746205 104.66427943
v 85.84343574 -18.21521922 103.05879090
v 85.84343574 -19.28732604 101.33687116
v 85.84343574 -20.37250222 99.49854690
v 87.31467586 15.13471936 99.07781529
v 87.31467586 14.04738714 100.91568024
v 87.31467586 12.97265243 102.63737647
v 87.31467586 11.91182100 104.24283113
v 87.31467586 10.86544422 105.73181231
v 87.31467586 9.83326263 107.10397766
v 87.31467586 8.81413243 108.35891320
v 87.31467586 7.80592394 109.49616440
v 87.31467586 6.80537284 110.51526133
v 87.31467586 5.80784954 111.41573914
v 87.31467586 4.80698039 112.19715469
v 87.31467586 3.79398244 112.85910001
v 87.31467586 2.75639213 113.40121327
v 87.31467586 1.67533139 113.82318744
v 87.31467586 0.51845707 114.12477708
v 87.31467586 -0.78533978 114.30580334
v 87.31467586 -2.68457482 114.36615758
v 87.31467586 -4.58380986 114.30580334
v 87.31467586 -5.88760671 114.12477708
v 87.31467586 -7.04448103 113.82318744
v 87.31467586 -8.12554176 113.40121327
v 87.31467586 -9.16313207 112.85910001
v 87.31467586 -10.17613003 112.19715469
v 87.31467586 -11.17699918 111.41573914
v 87.31467586 -12.17452247 110.51526133
v 87.31467586 -13.17507357 109.49616440
v 87.31467586 -14.18328206 108.35891320
v 87.31467586 -15.20241227 107.10397766
v 87.31467586 -16.23459386 105.73181231
v 87.31467586 -17.28097063 104.24283113
v 87.31467586 -18.34180207 102.63737647
v 87.31467586 -19.41653677 100.91568024
v 87.31467586 -20.50386899 99.07781529
v 88.79049099 15.13641679 98.61042627
v 88.79049099 14.04660662 100.44719284
v 88.79049099 12.96891755 102.16809191
v 88.79049099 11.90468528 103.77299896
v 88.79049099 10.85449133 105.26163630
v 88.79049099 9.81810702 106.63362101
v 88.79049099 8.79442058 107.88850309
v 88.79049099 7.78133662 109.02579615
v 88.79049099 6.77562879 110.04500222
v 88.79049099 5.77271140 110.94563189
v 88.79049099 4.76626441 111.72722076
v 88.79049099 3.74757472 112.38934275
v 88.79049099 2.70427756 112.93162087
v 88.79049099 1.61765064 113.35373585
v 88.79049099 0.45563968 113.65543276
v 88.79049099 -0.85214536 113.83652607
v 88.79049099 -2.74760456 113.89690310
v 88.79049099 -4.64306376 113.83652607
v 88.79049099 -5.95084880 113.65543276
v 88.79049099 -7.11285976 113.35373585
v 88.79049099 -8.19948668 112.93162087
v 88.79049099 -9.24278383 112.38934275
v 88.79049099 -10.26147352 111.72722076
v 88.79049099 -11.26792052 110.94563189
v 88.79049099 -12.27083790 110.04500222
v 88.79049099 -13.27654574 109.02579615
v 88.79049099 -14.28962969 107.88850309
v 88.79049099 -15.31331613 106.63362101
v 88.79049099 -16.34970045 105.26163630
v 88.79049099 -17.39989439 103.77299896
v 88.79049099 -18.46412667 102.16809191
v 88.79049099 -19.54181573 100.44719284
v 88.79049099 -20.63162591 98.61042627
v 90.27075991 15.14447803 98.09983945
v 90.27075991 14.05189066 99.93488424
v 90.27075991 12.97094356 101.65442501
v 90.27075991 11.90300651 103.25828053
v 90.27075991 10.84869519 104.74612294
v 90.27075991 9.80781562 106.11752483
v 90.27075991 8.77929207 107.37199677
v 90.27075991 7.76106760 108.50901748
v 90.27075991 6.74995845 109.52805826
v 90.27075991 5.74142834 110.42860286
v 90.27075991 4.72921780 111.21016362
v 90.27075991 3.70469316 111.87229462
v 90.27075991 2.65560273 112.41460234
v 90.27075991 1.56340356 112.83675408
v 90.27075991 0.39637526 113.13848458
v 90.27075991 -0.91504200 113.31960097
v 90.27075991 -2.80525833 113.37998618
v 90.27075991 -4.69547466 113.31960097
v 90.27075991 -6.00689191 113.13848458
v 90.27075991 -7.17392022 112.83675408
v 90.27075991 -8.26611938 112.41460234
v 90.27075991 -9.31520982 111.87229462
v 90.27075991 -10.33973446 111.21016362
v 90.27075991 -11.35194500 110.42860286
v 90.27075991 -12.36047511 109.52805826
v 90.27075991 -13.37158426 108.50901748
v 90.27075991 -14.38980873 107.37199677
v 90.27075991 -15.41833227 106.11752483
v 90.27075991 -16.45921184 104.74612294
v 90.27075991 -17.51352317 103.25828053
v 90.27075991 -18.58146022 101.65442501
v 90.27075991 -19.66240732 99.93488424
v 90.27075991 -20.75499469 98.09983945
v 91.75536039 15.15951456 97.54960288
v 91.75536039 14.06387421 99.38231825
v 91.75536039 12.97938902 101.09995203
v 91.75536039 11.90746668 102.70226182
v 91.75536039 10.84876078 104.18886562
v 91.75536039 9.80311575 105.55928804
v 91.75536039 8.76949566 106.81299712
v 91.75536039 7.74588599 107.94943399
v 91.75536039 6.72915002 108.96803686
v 91.75536039 5.71480613 109.86826050
v 91.75536039 4.69666208 110.64959222
v 91.75536039 3.66617276 111.31156476
v 91.75536039 2.61121303 111.85376674
v 91.75536039 1.51344147 112.27585103
v 91.75536039 0.34151332 112.57754126
v 91.75536039 -0.97319861 112.75863663
v 91.75536039 -2.85683937 112.81901536
v 91.75536039 -4.74048014 112.75863663
v 91.75536039 -6.05519207 112.57754126
v 91.75536039 -7.22712022 112.27585103
v 91.75536039 -8.32489178 111.85376674
v 91.75536039 -9.37985151 111.31156476
v 91.75536039 -10.41034083 110.64959222
v 91.75536039 -11.42848488 109.86826050
v 91.75536039 -12.44282877 108.96803686
v 91.75536039 -13.45956474 107.94943399
v 91.75536039 -14.48317440 106.81299712
v 91.75536039 -15.51679450 105.55928804
v 91.75536039 -16.56243953 104.18886562
v 91.75536039 -17.62114543 102.70226182
v 91.75536039 -18.69306777 101.09995203
v 91.75536039 -19.77755296 99.38231825
v 91.75536039 -20.87319331 97.54960288
v 93.24416923 15.18215517 96.96334877
v 93.24416923 14.08321045 98.79314314
v 93.24416923 12.99493164 100.50833390
v 93.24416923 11.91876787 102.10861354
v 93.24416923 10.85541408 103.59354244
v 93.24416923 9.80475656 104.96259417
v 93.24416923 8.76580270 106.21519152
v 93.24416923 7.73658420 107.35073564
v 93.24416923 6.71401554 108.36862952
v 93.24416923 5.69367477 109.26829716
v 93.24416923 4.66944322 110.04919925
v 93.24416923 3.63287288 110.71084579
v 93.24416923 2.57197784 111.25280648
v 93.24416923 1.46863867 111.67471884
v 93.24416923 0.29192463 111.97629464
v 93.24416923 -1.02576611 112.15732471
v 93.24416923 -2.90164155 112.21768223
v 93.24416923 -4.77751699 112.15732471
v 93.24416923 -6.09520773 111.97629464
v 93.24416923 -7.27192177 111.67471884
v 93.24416923 -8.37526094 111.25280648
v 93.24416923 -9.43615598 110.71084579
v 93.24416923 -10.47272632 110.04919925
v 93.24416923 -11.49695787 109.26829716
v 93.24416923 -12.51729864 108.36862952
v 93.24416923 -13.53986730 107.35073564
v 93.24416923 -14.56908580 106.21519152
v 93.24416923 -15.60803966 104.96259417
v 93.24416923 -16.65869718 103.59354244
v 93.24416923 -17.72205097 102.10861354
v 93.24416923 -18.79821474 100.50833390
v 93.24416923 -19.88649355 98.79314314
v 93.24416923 -20.98543826 96.96334877
v 94.73706233 15.21304729 96.34478899
v 94.73706233 14.11057223 98.17108746
v 94.73706233 13.01826986 99.88331226
v 94.73706233 11.93763390 101.48108739
v 94.73706233 10.86940379 102.96391268
v 94.73706233 9.81351084 104.33120799
v 94.73706233 8.76900903 105.58234859
v 94.73706233 7.73397977 106.71669356
v 94.73706233 6.70539274 107.73360888
v 94.73706233 5.67889030 108.63248623
v 94.73706233 4.64843327 109.41275827
v 94.73706233 3.60567874 110.07391117
v 94.73706233 2.53879166 110.61549468
v 94.73706233 1.42989332 111.03713021
v 94.73706233 0.24850158 111.33851710
v 94.73706233 -1.07187764 111.51943733
v 94.73706233 -2.93894980 111.57975883
v 94.73706233 -4.80602197 111.51943733
v 94.73706233 -6.12640119 111.33851710
v 94.73706233 -7.30779293 111.03713021
v 94.73706233 -8.41669127 110.61549468
v 94.73706233 -9.48357835 110.07391117
v 94.73706233 -10.52633288 109.41275827
v 94.73706233 -11.55678991 108.63248623
v 94.73706233 -12.58329235 107.73360888
v 94.73706233 -13.61187938 106.71669356
v 94.73706233 -14.64690864 105.58234859
v 94.73706233 -15.69141045 104.33120799
v 94.73706233 -16.74730340 102.96391268
v 94.73706233 -17.81553351 101.48108739
v 94.73706233 -18.89616947 99.88331226
v 94.73706233 -19.98847184 98.17108746
v 94.73706233 -21.09094690 96.34478899
v 96.23391466 15.25285828 95.69771050
v 96.23391466 14.14665348 97.51995568
v 96.23391466 13.05012433 99.22870531
v 96.23391466 11.96481195 100.82351217
v 96.23391466 10.89150302 102.30381305
v 96.23391466 9.83017675 103.66897200
v 96.23391466 8.77993668 104.91831481
v 96.23391466 7.73891718 106.05115685
v 96.23391466 6.70414675 107.06682559
v 96.23391466 5.67133642 107.96467906
v 96.23391466 4.63453191 108.74412082
v 96.23391466 3.58550272 109.40461222
v 96.23391466 2.51257522 109.94568230
v 96.23391466 1.39812816 110.36693568
v 96.23391466 0.21215847 110.66805878
v 96.23391466 -1.11064886 110.84882440
v 96.23391466 -2.96804070 110.90909496
v 96.23391466 -4.82543255 110.84882440
v 96.23391466 -6.14823988 110.66805878
v 96.23391466 -7.33420957 110.36693568
v 96.23391466 -8.44865663 109.94568230
v 96.23391466 -9.52158413 109.40461222
v 96.23391466 -10.57061331 108.74412082
v 96.23391466 -11.60741783 107.96467906
v 96.23391466 -12.64022816 107.06682559
v 96.23391466 -13.67499859 106.05115685
v 96.23391466 -14.71601809 104.91831481
v 96.23391466 -15.76625815 103.66897200
v 96.23391466 -16.82758443 102.30381305
v 96.23391466 -17.90089336 100.82351217
v 96.23391466 -18.98620574 99.22870531
v 96.23391466 -20.08273489 97.51995568
v 96.23391466 -21.18893969 95.69771050
v 97.73460031 15.30227664 95.02597059
v 97.73460031 14.19217056 96.84362370
v 97.73460031 13.09123941 98.54840360
v 97.73460031 12.00107406 100.13978969
v 97.73460031 10.92251089 101.61715388
v 97.73460031 9.85557947 102.97980271
v 97.73460031 8.79943560 104.22701105
v 97.73460031 7.75226947 105.35804920
v 97.73460031 6.71117174 106.37220502
v 97.73460031 5.67192599 107.26880188
v 97.73460031 4.62866779 108.04721337
v 97.73460031 3.57328557 108.70687527
v 97.73460031 2.49427642 109.24729528
v 97.73460031 1.37429109 109.66806076
v 97.73460031 0.18383167 109.96884480
v 97.73460031 -1.14117835 110.14941075
v 97.73460031 -2.98818294 110.20961538
v 97.73460031 -4.83518753 110.14941075
v 97.73460031 -6.16019754 109.96884480
v 97.73460031 -7.35065697 109.66806076
v 97.73460031 -8.47064229 109.24729528
v 97.73460031 -9.54965145 108.70687527
v 97.73460031 -10.60503367 108.04721337
v 97.73460031 -11.64829187 107.26880188
v 97.73460031 -12.68753761 106.37220502
v 97.73460031 -13.72863535 105.35804920
v 97.73460031 -14.77580147 104.22701105
v 97.73460031 -15.83194534 102.97980271
v 97.73460031 -16.89887676 101.61715388
v 97.73460031 -17.97743993 100.13978969
v 97.73460031 -19.06760528 98.54840360
v 97.73460031 -20.16853643 96.84362370
v 97.73460031 -21.27864251 95.02597059
v 99.23899254 15.36201316 94.33349195
v 99.23899254 14.24786348 96.14603422
v 99.23899254 13.14238444 97.84636559
v 99.23899254 12.04721859 99.43389065
v 99.23899254 10.96325398 100.90791512
v 99.23899254 9.89057272 102.26768689
v 99.23899254 8.82838512 103.51242886
v 99.23899254 7.77493977 104.64136540
v 99.23899254 6.72739234 105.65374395
v 99.23899254 5.68160247 106.54885252
v 99.23899254 4.63179983 107.32603413
v 99.23899254 3.56999746 107.98469848
v 99.23899254 2.48487109 108.52433150
v 99.23899254 1.35935568 108.94450295
v 99.23899254 0.16447968 109.24487231
v 99.23899254 -1.16254805 109.42519330
v 99.23899254 -2.99863785 109.48531692
v 99.23899254 -4.83472766 109.42519330
v 99.23899254 -6.16175538 109.24487231
v 99.23899254 -7.35663139 108.94450295
v 99.23899254 -8.48214680 108.52433150
v 99.23899254 -9.56727316 107.98469848
v 99.23899254 -10.62907554 107.32603413
v 99.23899254 -11.67887818 106.54885252
v 99.23899254 -12.72466805 105.65374395
v 99.23899254 -13.77221548 104.64136540
v 99.23899254 -14.82566083 103.51242886
v 99.23899254 -15.88784843 102.26768689
v 99.23899254 -16.96052969 100.90791512
v 99.23899254 -18.04449429 99.43389065
v 99.23899254 -19.13966015 97.84636559
v 99.23899254 -20.24513919 96.14603422
v 99.23899254 -21.35928887 94.33349195
v 100.74696377 14.31621237 95.43065548
v 100.74696377 13.20595112 97.12614502
v 100.74696377 12.10553896 98.70944598
v 100.74696377 11.01591715 100.17979717
v 100.74696377 9.93722192 101.53638721
v 100.74696377 8.86871989 102.77838646
v 100.74696377 7.80872000 103.90497284
v 100.74696377 6.75444518 104.91535290
v 100.74696377 5.70183367 105.80877890
v 100.74696377 4.64521233 106.58456294
v 100.74696377 3.57672255 107.24208835
v 100.74696377 2.48522372 107.78081904
v 100.74696377 1.35394196 108.20030695
v 100.74696377 0.15444310 108.50019782
v 100.74696377 -1.17475730 108.68023559
v 100.74696377 -3.00000000 108.74026545
v 100.74696377 -4.82524270 108.68023559
v 100.74696377 -6.15444310 108.50019782
v 100.74696377 -7.35394196 108.20030695
v 100.74696377 -8.48522372 107.78081904
v 100.74696377 -9.57672255 107.24208835
v 100.74696377 -10.64521233 106.58456294
v 100.74696377 -11.70183367 105.80877890
v 100.74696377 -12.75444518 104.91535290
v 100.74696377 -13.80872000 103.90497284
v 100.74696377 -14.86871989 102.77838646
v 100.74696377 -15.93722192 101.53638721
v 100.74696377 -17.01591715 100.17979717
v 100.74696377 -18.10553896 98.70944598
v 100.74696377 -19.20595112 97.12614502
v 100.74696377 -20.31621237 95.43065548
v 102.25838564 14.40766937 94.69832161
v 102.25838564 13.29171588 96.38900554
v 102.25838564 12.18507848 97.96811779
v 102.25838564 11.08875227 99.43482998
v 102.25838564 10.00292836 100.78827113
v 102.25838564 8.92693048 102.02755879
v 102.25838564 7.85912866 103.15182414
v 102.25838564 6.79681359 104.16023257
v 102.25838564 5.73600221 105.05200036
v 102.25838564 4.67111784 105.82640842
v 102.25838564 3.59442806 106.48281352
v 102.25838564 2.49497095 107.02065738
v 102.25838564 1.35625351 107.43947396
v 102.25838564 0.15035608 107.73889513
v 102.25838564 -1.18296129 107.91865501
v 102.25838564 -3.00000000 107.97859290
v 102.25838564 -4.81703871 107.91865501
v 102.25838564 -6.15035608 107.73889513
v 102.25838564 -7.35625351 107.43947396
v 102.25838564 -8.49497095 107.02065738
v 102.25838564 -9.59442806 106.48281352
v 102.25838564 -10.67111784 105.82640842
v 102.25838564 -11.73600221 105.05200036
v 102.25838564 -12.79681359 104.16023257
v 102.25838564 -13.85912866 103.15182414
v 102.25838564 -14.92693048 102.02755879
v 102.25838564 -16.00292836 100.78827113
v 102.25838564 -17.08875227 99.43482998
v 102.25838564 -18.18507848 97.96811779
v 102.25838564 -19.29171588 96.38900554
v 102.25838564 -20.40766937 94.69832161
v 103.77312901 14.52268495 93.95273660
v 103.77312901 13.40009541 95.63872295
v 103.77312901 12.28621130 97.21374633
v 103.77312901 11.18208172 98.67691145
v 103.77312901 10.08795306 100.02728797
v 103.77312901 9.00320663 101.26394074
v 103.77312901 7.92627401 102.38595433
v 103.77312901 6.85451395 103.39245304
v 103.77312901 5.78402180 104.28261718
v 103.77312901 4.70931615 105.05569656
v 103.77312901 3.62278781 105.71102137
v 103.77312901 2.51364728 106.24801114
v 103.77312901 1.36566949 106.66618185
v 103.77312901 0.15142092 106.96515154
v 103.77312901 -1.18817011 107.14464445
v 103.77312901 -3.00000000 107.20449399
v 103.77312901 -4.81182989 107.14464445
v 103.77312901 -6.15142092 106.96515154
v 103.77312901 -7.36566949 106.66618185
v 103.77312901 -8.51364728 106.24801114
v 103.77312901 -9.62278781 105.71102137
v 103.77312901 -10.70931615 105.05569656
v 103.77312901 -11.78402180 104.28261718
v 103.77312901 -12.85451395 103.39245304
v 103.77312901 -13.92627401 102.38595433
v 103.77312901 -15.00320663 101.26394074
v 103.77312901 -16.08795306 100.02728797
v 103.77312901 -17.18208172 98.67691145
v 103.77312901 -18.28621130 97.21374633
v 103.77312901 -19.40009541 95.63872295
v 103.77312901 -20.52268495 93.95273660
v 105.29106402 14.65985122 93.19822628
v 105.29106402 13.52977869 94.87962372
v 105.29106402 12.40772413 96.45065595
v 105.29106402 11.29479040 97.91036170
v 105.29106402 10.19127918 99.25775199
v 105.29106402 9.09662960 100.49183967
v 105.29106402 8.00933510 101.61166323
v 105.29106402 6.92682262 102.61630635
v 105.29106402 5.84526567 103.50491380
v 105.29106402 4.75927693 104.27670456
v 105.29106402 3.66136744 104.93098255
v 105.29106402 2.54091386 105.46714533
v 105.29106402 1.38194587 105.88469109
v 105.29106402 0.15748707 106.18322412
v 105.29106402 -1.19044466 106.36245893
v 105.29106402 -3.00000000 106.42222308
v 105.29106402 -4.80955534 106.36245893
v 105.29106402 -6.15748707 106.18322412
v 105.29106402 -7.38194587 105.88469109
v 105.29106402 -8.54091386 105.46714533
v 105.29106402 -9.66136744 104.93098255
v 105.29106402 -10.75927693 104.27670456
v 105.29106402 -11.84526567 103.50491380
v 105.29106402 -12.92682262 102.61630635
v 105.29106402 -14.00933510 101.61166323
v 105.29106402 -15.09662960 100.49183967
v 105.29106402 -16.19127918 99.25775199
v 105.29106402 -17.29479040 97.91036170
v 105.29106402 -18.40772413 96.45065595
v 105.29106402 -19.52977869 94.87962372
v 105.29106402 -20.65985122 93.19822628
v 106.81206009 14.81777748 92.43917080
v 106.81206009 13.67947635 94.11608940
v 106.81206009 12.54842970 95.68322666
v 106.81206009 11.42579336 97.13955685
v 106.81206009 10.31192392 98.48403378
v 106.81206009 9.20631822 99.71561944
v 106.81206009 8.10753156 100.83330728
v 106.81206009 7.01305904 101.83614122
v 106.81206009 5.91915192 102.72323126
v 106.81206009 4.82051560 103.49376621
v 106.81206009 3.70977825 104.14702426
v 106.81206009 2.57647600 104.68238144
v 106.81206009 1.40487950 105.09931851
v 106.81206009 0.16843885 105.39742631
v 106.81206009 -1.18982139 105.57640978
v 106.81206009 -3.00000000 105.63609079
v 106.81206009 -4.81017861 105.57640978
v 106.81206009 -6.16843885 105.39742631
v 106.81206009 -7.40487950 105.09931851
v 106.81206009 -8.57647600 104.68238144
v 106.81206009 -9.70977825 104.14702426
v 106.81206009 -10.82051560 103.49376621
v 106.81206009 -11.91915192 102.72323126
v 106.81206009 -13.01305904 101.83614122
v 106.81206009 -14.10753156 100.83330728
v 106.81206009 -15.20631822 99.71561944
v 106.81206009 -16.31192392 98.48403378
v 106.81206009 -17.42579336 97.13955685
v 106.81206009 -18.54842970 95.68322666
v 106.81206009 -19.67947635 94.11608940
v 106.81206009 -20.81777748 92.43917080
v 108.33598597 14.99508630 91.68000126
v 108.33598597 13.84791692 93.35255323
v 108.33598597 12.70716320 94.91589067
v 108.33598597 11.57403258 96.36892572
v 108.33598597 10.44893566 97.71055688
v 108.33598597 9.33142642 98.93969704
v 108.33598597 8.22012170 100.05529610
v 108.33598597 7.11258439 101.05635958
v 108.33598597 6.00514277 101.94196381
v 108.33598597 4.89259328 102.71126844
v 108.33598597 3.76767764 103.36352675
v 108.33598597 2.62008413 103.89809394
v 108.33598597 1.43430936 104.31443390
v 108.33598597 0.18419697 104.61212444
v 108.33598597 -1.18631096 104.79086124
v 108.33598597 -3.00000000 104.85046064
v 108.33598597 -4.81368904 104.79086124
v 108.33598597 -6.18419697 104.61212444
v 108.33598597 -7.43430936 104.31443390
v 108.33598597 -8.62008413 103.89809394
v 108.33598597 -9.76767764 103.36352675
v 108.33598597 -10.89259328 102.71126844
v 108.33598597 -12.00514277 101.94196381
v 108.33598597 -13.11258439 101.05635958
v 108.33598597 -14.22012170 100.05529610
v 108.33598597 -15.33142642 98.93969704
v 108.33598597 -16.44893566 97.71055688
v 108.33598597 -17.57403258 96.36892572
v 108.33598597 -18.70716320 94.91589067
v 108.33598597 -19.84791692 93.35255323
v 108.33598597 -20.99508630 91.68000126
v 109.86270975 15.19040990 90.92519631
v 109.86270975 14.03384326 92.59349665
v 109.86270975 12.88277891 94.15312900
v 109.86270975 11.73847384 95.60294624
v 109.86270975 10.60139115 96.94179423
v 109.86270975 9.47114090 98.16853902
v 109.86270975 8.34640064 99.28208901
v 109.86270975 7.22480022 100.28141307
v 109.86270975 6.10274373 101.16555542
v 109.86270975 4.97511645 101.93364788
v 109.86270975 3.83476935 102.58491993
v 109.86270975 2.67153450 103.11870690
v 109.86270975 1.47011772 103.53445657
v 109.86270975 0.20471983 103.83173430
v 109.86270975 -1.17989706 104.01022694
v 109.86270975 -3.00000000 104.06974554
v 109.86270975 -4.82010294 104.01022694
v 109.86270975 -6.20471983 103.83173430
v 109.86270975 -7.47011772 103.53445657
v 109.86270975 -8.67153450 103.11870690
v 109.86270975 -9.83476935 102.58491993
v 109.86270975 -10.97511645 101.93364788
v 109.86270975 -12.10274373 101.16555542
v 109.86270975 -13.22480022 100.28141307
v 109.86270975 -14.34640064 99.28208901
v 109.86270975 -15.47114090 98.16853902
v 109.86270975 -16.60139115 96.94179423
v 109.86270975 -17.73847384 95.60294624
v 109.86270975 -18.88277891 94.15312900
v 109.86270975 -20.03384326 92.59349665
v 109.86270975 -21.19040990 90.92519631
v 111.39209892 15.40238671 90.14511680
v 111.39209892 14.23600914 91.81170432
v 111.39209892 13.07414682 93.36998932
v 111.39209892 11.91810352 94.81876741
v 111.39209892 10.76839262 96.15683327
v 111.39209892 9.62467853 97.38300733
v 111.39209892 8.48569809 98.49615737
v 111.39209892 7.34914669 99.49521631
v 111.39209892 6.21150235 100.37919677
v 111.39209892 5.06773622 101.14720314
v 111.39209892 3.91080324 101.79844141
v 111.39209892 2.73066946 102.33222724
v 111.39209892 1.51223081 102.74799243
v 111.39209892 0.23000449 103.04529001
v 111.39209892 -1.17053540 103.22379806
v 111.39209892 -3.00000000 103.28332238
v 111.39209892 -4.82946460 103.22379806
v 111.39209892 -6.23000449 103.04529001
v 111.39209892 -7.51223081 102.74799243
v 111.39209892 -8.73066946 102.33222724
v 111.39209892 -9.91080324 101.79844141
v 111.39209892 -11.06773622 101.14720314
v 111.39209892 -12.21150235 100.37919677
v 111.39209892 -13.34914669 99.49521631
v 111.39209892 -14.48569809 98.49615737
v 111.39209892 -15.62467853 97.38300733
v 111.39209892 -16.76839262 96.15683327
v 111.39209892 -17.91810352 94.81876741
v 111.39209892 -19.07414682 93.36998932
v 111.39209892 -20.23600914 91.81170432
v 111.39209892 -21.40238671 90.14511680
v 112.92402035 15.62965795 89.34396557
v 112.92402035 14.45317571 91.00848779
v 112.92402035 13.28014915 92.56507712
v 112.92402035 12.11192519 94.01247651
v 112.92402035 10.94906450 95.34943365
v 112.92402035 9.79128339 96.57472703
v 112.92402035 8.63737577 97.68718712
v 112.92402035 7.48510038 98.68571385
v 112.92402035 6.33100649 99.56929083
v 112.92402035 5.17014713 100.33699727
v 112.92402035 3.99557462 100.98801760
v 112.92402035 2.79737728 101.52164942
v 112.92402035 1.56061905 101.93730989
v 112.92402035 0.26008724 102.23454071
v 112.92402035 -1.15815290 102.41301191
v 112.92402035 -3.00000000 102.47252448
v 112.92402035 -4.84184710 102.41301191
v 112.92402035 -6.26008724 102.23454071
v 112.92402035 -7.56061905 101.93730989
v 112.92402035 -8.79737728 101.52164942
v 112.92402035 -9.99557462 100.98801760
v 112.92402035 -11.17014713 100.33699727
v 112.92402035 -12.33100649 99.56929083
v 112.92402035 -13.48510038 98.68571385
v 112.92402035 -14.63737577 97.68718712
v 112.92402035 -15.79128339 96.57472703
v 112.92402035 -16.94906450 95.34943365
v 112.92402035 -18.11192519 94.01247651
v 112.92402035 -19.28014915 92.56507712
v 112.92402035 -20.45317571 91.00848779
v 112.92402035 -21.62965795 89.34396557
v 114.45834038 15.87086404 88.52725332
v 114.45834038 14.68410774 90.18881484
v 114.45834038 13.49967647 91.74284872
v 114.45834038 12.31895575 93.18805115
v 114.45834038 11.14254969 94.52312814
v 114.45834038 9.97022313 95.74682102
v 114.45834038 8.80082402 96.85792731
v 114.45834038 7.63217132 97.85531774
v 114.45834038 6.46088178 98.73795038
v 114.45834038 5.28208507 99.50488218
v 114.45834038 4.08892266 100.15527860
v 114.45834038 2.87159112 100.68842134
v 114.45834038 1.61529666 101.10371465
v 114.45834038 0.29504382 101.40069030
v 114.45834038 -1.14264719 101.57901122
v 114.45834038 -3.00000000 101.63847417
v 114.45834038 -4.85735281 101.57901122
v 114.45834038 -6.29504382 101.40069030
v 114.45834038 -7.61529666 101.10371465
v 114.45834038 -8.87159112 100.68842134
v 114.45834038 -10.08892266 100.15527860
v 114.45834038 -11.28208507 99.50488218
v 114.45834038 -12.46088178 98.73795038
v 114.45834038 -13.63217132 97.85531774
v 114.45834038 -14.80082402 96.85792731
v 114.45834038 -15.97022313 95.74682102
v 114.45834038 -17.14254969 94.52312814
v 114.45834038 -18.31895575 93.18805115
v 114.45834038 -19.49967647 91.74284872
v 114.45834038 -20.68410774 90.18881484
v 114.45834038 -21.87086404 88.52725332
v 115.99492479 14.92756927 89.35471808
v 115.99492479 13.73162317 90.90524639
v 115.99492479 12.53822080 92.34734629
v 115.99492479 11.34800491 93.67968828
v 115.99492479 10.16078455 94.90098216
v 115.99492479 8.97545762 96.00999748
v 115.99492479 7.78989904 97.00558029
v 115.99492479 6.60078807 97.88666703
v 115.99492479 5.40332425 98.65229593
v 115.99492479 4.19072796 99.30161643
v 115.99492479 2.95328726 99.83389685
v 115.99492479 1.67632050 100.24853061
v 115.99492479 0.33498888 100.54504109
v 115.99492479 -1.12388636 100.72308527
v 115.99492479 -3.00000000 100.78245637
v 115.99492479 -4.87611364 100.72308527
v 115.99492479 -6.33498888 100.54504109
v 115.99492479 -7.67632050 100.24853061
v 115.99492479 -8.95328726 99.83389685
v 115.99492479 -10.19072796 99.30161643
v 115.99492479 -11.40332425 98.65229593
v 115.99492479 -12.60078807 97.88666703
v 115.99492479 -13.78989904 97.00558029
v 115.99492479 -14.97545762 96.00999748
v 115.99492479 -16.16078455 94.90098216
v 115.99492479 -17.34800491 93.67968828
v 115.99492479 -18.53822080 92.34734629
v 115.99492479 -19.73162317 90.90524639
v 115.99492479 -20.92756927 89.35471808
v 117.53363887 15.18231857 88.50823761
v 117.53363887 13.97488210 90.05422133
v 117.53363887 12.76874913 91.49222722
v 117.53363887 11.56459513 92.82089731
v 117.53363887 10.36226796 94.03891621
v 117.53363887 9.16071026 95.14503121
v 117.53363887 7.95784742 96.13806883
v 117.53363887 6.75041468 97.01694839
v 117.53363887 5.53367292 97.78069336
v 117.53363887 4.30090893 98.42844057
v 117.53363887 3.04248216 98.95944784
v 117.53363887 1.74378805 99.37310009
v 117.53363887 0.38007495 99.66891413
v 117.53363887 -1.10170902 99.84654231
v 117.53363887 -3.00000000 99.90577505
v 117.53363887 -4.89829098 99.84654231
v 117.53363887 -6.38007495 99.66891413
v 117.53363887 -7.74378805 99.37310009
v 117.53363887 -9.04248216 98.95944784
v 117.53363887 -10.30090893 98.42844057
v 117.53363887 -11.53367292 97.78069336
v 117.53363887 -12.75041468 97.01694839
v 117.53363887 -13.95784742 96.13806883
v 117.53363887 -15.16071026 95.14503121
v 117.53363887 -16.36226796 94.03891621
v 117.53363887 -17.56459513 92.82089731
v 117.53363887 -18.76874913 91.49222722
v 117.53363887 -19.97488210 90.05422133
v 117.53363887 -21.18231857 88.50823761
v 119.07434745 15.44710207 87.65141121
v 119.07434745 14.22833813 89.19172490
v 119.07434745 13.00956591 90.62456175
v 119.07434745 11.79148659 91.94854319
v 119.07434745 10.57398025 93.16233577
v 119.07434745 9.35602774 94.26467094
v 119.07434745 8.13559798 95.25436136
v 119.07434745 6.90947410 96.13031436
v 119.07434745 5.67296766 96.89154304
v 119.07434745 4.41941669 97.53717549
v 119.07434745 3.13922830 98.06646222
v 119.07434745 1.81783424 98.47878228
v 119.07434745 0.43049051 98.77364795
v 119.07434745 -1.07592474 98.95070839
v 119.07434745 -3.00000000 99.00975209
v 119.07434745 -4.92407526 98.95070839
v 119.07434745 -6.43049051 98.77364795
v 119.07434745 -7.81783424 98.47878228
v 119.07434745 -9.13922830 98.06646222
v 119.07434745 -10.41941669 97.53717549
v 119.07434745 -11.67296766 96.89154304
v 119.07434745 -12.90947410 96.13031436
v 119.07434745 -14.13559798 95.25436136
v 119.07434745 -15.35602774 94.26467094
v 119.07434745 -16.57398025 93.16233577
v 119.07434745 -17.79148659 91.94854319
v 119.07434745 -19.00956591 90.62456175
v 119.07434745 -20.22833813 89.19172490
v 119.07434745 -21.44710207 87.65141121
v 120.61691489 15.72034200 86.78567112
v 120.61691489 14.49051206 88.31917815
v 120.61691489 13.25929615 89.74576010
v 120.61691489 12.02741374 91.06402579
v 120.61691489 10.79477001 92.27263092
v 120.61691489 9.56037691 93.37029758
v 120.61691489 8.32223923 94.35583039
v 120.61691489 7.07717899 95.22812980
v 120.61691489 5.82054689 95.98620311
v 120.61691489 4.54571583 96.62917350
v 120.61691489 3.24311533 97.15628748
v 120.61691489 1.89817072 97.56692086
v 120.61691489 0.48606313 97.86058349
v 120.61691489 -1.04660197 98.03692279
v 120.61691489 -3.00000000 98.09572622
v 120.61691489 -4.95339803 98.03692279
v 120.61691489 -6.48606313 97.86058349
v 120.61691489 -7.89817072 97.56692086
v 120.61691489 -9.24311533 97.15628748
v 120.61691489 -10.54571583 96.62917350
v 120.61691489 -11.82054689 95.98620311
v 120.61691489 -13.07717899 95.22812980
v 120.61691489 -14.32223923 94.35583039
v 120.61691489 -15.56037691 93.37029758
v 120.61691489 -16.79477001 92.27263092
v 120.61691489 -18.02741374 91.06402579
v 120.61691489 -19.25929615 89.74576010
v 120.61691489 -20.49051206 88.31917815
v 120.61691489 -21.72034200 86.78567112
v 122.16120517 15.99769721 85.90735957
v 122.16120517 14.75678780 87.43353043
v 122.16120517 13.51308223 88.85335796
v 122.16120517 12.26731688 90.16544056
v 122.16120517 11.01942096 91.36842502
v 122.16120517 9.76843670 92.46102588
v 122.16120517 8.51240408 93.44204135
v 122.16120517 7.24818326 94.31036642
v 122.16120517 5.97116302 95.06500383
v 122.16120517 4.67474924 95.70507296
v 122.16120517 3.34939039 96.22981722
v 122.16120517 1.98049841 96.63860996
v 122.16120517 0.54316461 96.93095916
v 122.16120517 -1.01631761 97.10651091
v 122.16120517 -3.00000000 97.16505192
v 122.16120517 -4.98368239 97.10651091
v 122.16120517 -6.54316461 96.93095916
v 122.16120517 -7.98049841 96.63860996
v 122.16120517 -9.34939039 96.22981722
v 122.16120517 -10.67474924 95.70507296
v 122.16120517 -11.97116302 95.06500383
v 122.16120517 -13.24818326 94.31036642
v 122.16120517 -14.51240408 93.44204135
v 122.16120517 -15.76843670 92.46102588
v 122.16120517 -17.01942096 91.36842502
v 122.16120517 -18.26731688 90.16544056
v 122.16120517 -19.51308223 88.85335796
v 122.16120517 -20.75678780 87.43353043
v 122.16120517 -21.99769721 85.90735957
v 123.70708187 16.27650762 85.01664094
v 123.70708187 15.02449836 86.53509107
v 123.70708187 13.76826482 87.94780498
v 123.70708187 12.50856048 89.25337133
v 123.70708187 11.24533913 90.45042869
v 123.70708187 9.97767410 91.53768465
v 123.70708187 8.70364172 92.51393154
v 123.70708187 7.42014178 93.37805943
v 123.70708187 6.12260298 94.12906690
v 123.70708187 4.80446639 94.76606993
v 123.70708187 3.45620209 95.28830915
v 123.70708187 2.06321198 95.69515573
v 123.70708187 0.60050213 95.98611597
v 123.70708187 -0.98593821 96.16083482
v 123.70708187 -3.00000000 96.21909826
v 123.70708187 -5.01406179 96.16083482
v 123.70708187 -6.60050213 95.98611597
v 123.70708187 -8.06321198 95.69515573
v 123.70708187 -9.45620209 95.28830915
v 123.70708187 -10.80446639 94.76606993
v 123.70708187 -12.12260298 94.12906690
v 123.70708187 -13.42014178 93.37805943
v 123.70708187 -14.70364172 92.51393154
v 123.70708187 -15.97767410 91.53768465
v 123.70708187 -17.24533913 90.45042869
v 123.70708187 -18.50856048 89.25337133
v 123.70708187 -19.76826482 87.94780498
v 123.70708187 -21.02449836 86.53509107
v 123.70708187 -22.27650762 85.01664094
v 125.25440821 15.29165306 85.62532766
v 125.25440821 14.02294974 87.03055654
v 125.25440821 12.74935531 88.32926216
v 125.25440821 11.47084861 89.52007555
v 125.25440821 10.18653485 90.60169797
v 125.25440821 8.89452783 91.57291646
v 125.25440821 7.59176847 92.43261667
v 125.25440821 6.27372725 93.17979350
v 125.25440821 4.93388287 93.81355993
v 125.25440821 3.56273014 94.33315415
v 125.25440821 2.14566527 94.73794541
v 125.25440821 0.65761577 95.02743857
v 125.25440821 -0.95571986 95.20127756
v 125.25440821 -3.00000000 95.25924779
v 125.25440821 -5.04428014 95.20127756
v 125.25440821 -6.65761577 95.02743857
v 125.25440821 -8.14566527 94.73794541
v 125.25440821 -9.56273014 94.33315415
v 125.25440821 -10.93388287 93.81355993
v 125.25440821 -12.27372725 93.17979350
v 125.25440821 -13.59176847 92.43261667
v 125.25440821 -14.89452783 91.57291646
v 125.25440821 -16.18653485 90.60169797
v 125.25440821 -17.47084861 89.52007555
v 125.25440821 -18.74935531 88.32926216
v 125.25440821 -20.02294974 87.03055654
v 125.25440821 -21.29165306 85.62532766
v 126.80304712 15.55619705 84.70571968
v 126.80304712 14.27518041 86.10308002
v 126.80304712 12.98785212 87.39456915
v 126.80304712 11.69421647 88.57881130
v 126.80304712 10.39341132 89.65450206
v 126.80304712 9.08358898 90.62042376
v 126.80304712 7.76173292 91.47545819
v 126.80304712 6.42335732 92.21859705
v 126.80304712 5.06198109 92.84895074
v 126.80304712 3.66812729 93.36575535
v 126.80304712 2.22719166 93.76837852
v 126.80304712 0.71403193 94.05632388
v 126.80304712 -0.92592532 94.22923452
v 126.80304712 -3.00000000 94.28689535
v 126.80304712 -5.07407468 94.22923452
v 126.80304712 -6.71403193 94.05632388
v 126.80304712 -8.22719166 93.76837852
v 126.80304712 -9.66812729 93.36575535
v 126.80304712 -11.06198109 92.84895074
v 126.80304712 -12.42335732 92.21859705
v 126.80304712 -13.76173292 91.47545819
v 126.80304712 -15.08358898 90.62042376
v 126.80304712 -16.39341132 89.65450206
v 126.80304712 -17.69421647 88.57881130
v 126.80304712 -18.98785212 87.39456915
v 126.80304712 -20.27518041 86.10308002
v 126.80304712 -21.55619705 84.70571968
v 128.35286119 15.81601468 83.77775726
v 128.35286119 14.52294105 85.16685348
v 128.35286119 13.22214469 86.45075916
v 128.35286119 11.91365574 87.62809246
v 128.35286119 10.59664531 88.69754399
v 128.35286119 9.26930520 89.65789203
v 128.35286119 7.92866277 90.50801502
v 128.35286119 6.57027782 91.24690200
v 128.35286119 5.18771208 91.87366119
v 128.35286119 3.77152079 92.38752698
v 128.35286119 2.30710528 92.78786568
v 128.35286119 0.76926427 93.07417996
v 128.35286119 -0.89682354 93.24611221
v 128.35286119 -3.00000000 93.30344696
v 128.35286119 -5.10317646 93.24611221
v 128.35286119 -6.76926427 93.07417996
v 128.35286119 -8.30710528 92.78786568
v 128.35286119 -9.77152079 92.38752698
v 128.35286119 -11.18771208 91.87366119
v 128.35286119 -12.57027782 91.24690200
v 128.35286119 -13.92866277 90.50801502
v 128.35286119 -15.26930520 89.65789203
v 128.35286119 -16.59664531 88.69754399
v 128.35286119 -17.91365574 87.62809246
v 128.35286119 -19.22214469 86.45075916
v 128.35286119 -20.52294105 85.16685348
v 128.35286119 -21.81601468 83.77775726
v 129.90371280 16.06893394 82.84293983
v 129.90371280 14.76416102 84.22336441
v 129.90371280 13.45027405 85.49930857
v 129.90371280 12.12732933 86.66938515
v 129.90371280 10.79453176 87.73228054
v 129.90371280 9.45011344 88.68676957
v 129.90371280 8.09114687 89.53172797
v 129.90371280 6.71323929 90.26614261
v 129.90371280 5.30999799 90.88911998
v 129.90371280 3.87201453 91.39989317
v 129.90371280 2.38470271 91.79782747
v 129.90371280 0.82281485 92.08242481
v 129.90371280 -0.86868897 92.25332710
v 129.90371280 -3.00000000 92.31031855
v 129.90371280 -5.13131103 92.25332710
v 129.90371280 -6.82281485 92.08242481
v 129.90371280 -8.38470271 91.79782747
v 129.90371280 -9.87201453 91.39989317
v 129.90371280 -11.30999799 90.88911998
v 129.90371280 -12.71323929 90.26614261
v 129.90371280 -14.09114687 89.53172797
v 129.90371280 -15.45011344 88.68676957
v 129.90371280 -16.79453176 87.73228054
v 129.90371280 -18.12732933 86.66938515
v 129.90371280 -19.45027405 85.49930857
v 129.90371280 -20.76416102 84.22336441
v 129.90371280 -22.06893394 82.84293983
v 131.45546407 16.32505254 81.90173685
v 131.45546407 15.00867065 83.27322174
v 131.45546407 13.68181111 84.54095515
v 131.45546407 12.34455657 85.70354529
v 131.45546407 10.99614592 86.75967487
v 131.45546407 9.63485174 87.70811585
v 131.45546407 8.25779197 88.54774172
v 131.45546407 6.86062178 89.27753759
v 131.45546407 5.43699494 89.89660862
v 131.45546407 3.97754112 90.40418690
v 131.45546407 2.46769003 90.79963695
v 131.45546407 0.88215495 91.08246019
v 131.45546407 -0.83430393 91.25229814
v 131.45546407 -2.99311004 91.30893485
v 131.45546407 -5.15191614 91.25229814
v 131.45546407 -6.86837502 91.08246019
v 131.45546407 -8.45391011 90.79963695
v 131.45546407 -9.96376119 90.40418690
v 131.45546407 -11.42321501 89.89660862
v 131.45546407 -12.84684186 89.27753759
v 131.45546407 -14.24401205 88.54774172
v 131.45546407 -15.62107182 87.70811585
v 131.45546407 -16.98236599 86.75967487
v 131.45546407 -18.33077665 85.70354529
v 131.45546407 -19.66803118 84.54095515
v 131.45546407 -20.99489072 83.27322174
v 131.45546407 -22.31127261 81.90173685
v 133.00797693 16.59757225 80.95427409
v 133.00797693 15.26927142 82.31674186
v 133.00797693 13.92916289 83.57619145
v 133.00797693 12.57735584 84.73122691
v 133.00797693 11.21312292 85.78052771
v 133.00797693 9.83477666 86.72286330
v 133.00797693 8.43947949 87.55710527
v 133.00797693 7.02293329 88.28223726
v 133.00797693 5.57883691 88.89736337
v 133.00797693 4.09785662 89.40171487
v 133.00797693 2.56543677 89.79465573
v 133.00797693 0.95625113 90.07568693
v 133.00797693 -0.78513711 90.24444977
v 133.00797693 -2.97135225 90.30072812
v 133.00797693 -5.15756738 90.24444977
v 133.00797693 -6.89895563 90.07568693
v 133.00797693 -8.50814126 89.79465573
v 133.00797693 -10.04056112 89.40171487
v 133.00797693 -11.52154140 88.89736337
v 133.00797693 -12.96563779 88.28223726
v 133.00797693 -14.38218398 87.55710527
v 133.00797693 -15.77748115 86.72286330
v 133.00797693 -17.15582742 85.78052771
v 133.00797693 -18.52006033 84.73122691
v 133.00797693 -19.87186738 83.57619145
v 133.00797693 -21.21197592 82.31674186
v 133.00797693 -22.54027674 80.95427409
v 134.56111313 16.88396401 80.00195339
v 134.56111313 15.54348246 81.35533205
v 134.56111313 14.18990566 82.60642976
v 134.56111313 12.82336949 83.75384688
v 134.56111313 11.44318004 84.79626005
v 134.56111313 10.04768900 85.73243663
v 134.56111313 8.63410220 86.56124658
v 134.56111313 7.19816685 87.28167243
v 134.56111313 5.73362523 87.89281742
v 134.56111313 4.23117870 88.39391225
v 134.56111313 2.67628518 88.78432047
v 134.56111313 1.04357948 89.06354280
v 134.56111313 -0.72256646 89.23122038
v 134.56111313 -2.93592573 89.28713698
v 134.56111313 -5.14928500 89.23122038
v 134.56111313 -6.91543094 89.06354280
v 134.56111313 -8.54813664 88.78432047
v 134.56111313 -10.10303016 88.39391225
v 134.56111313 -11.60547668 87.89281742
v 134.56111313 -13.07001830 87.28167243
v 134.56111313 -14.50595366 86.56124658
v 134.56111313 -15.91954045 85.73243663
v 134.56111313 -17.31503149 84.79626005
v 134.56111313 -18.69522094 83.75384688
v 134.56111313 -20.06175711 82.60642976
v 134.56111313 -21.41533391 81.35533205
v 134.56111313 -22.75581546 80.00195339
v 136.11473431 15.82871979 80.38536499
v 136.11473431 14.46151576 81.62795763
v 136.11473431 13.08014357 82.76761464
v 136.11473431 11.68394228 83.80301036
v 136.11473431 10.27130183 84.73291051
v 136.11473431 8.83947011 85.55618389
v 136.11473431 7.38423796 86.27181223
v 136.11473431 5.89938940 86.87889827
v 136.11473431 4.37565922 87.37667236
v 136.11473431 2.79851805 87.76449790
v 136.11473431 1.14256318 88.04187551
v 136.11473431 -0.64801592 88.20844626
v 136.11473431 -2.88806840 88.26399392
v 136.11473431 -5.12812088 88.20844626
v 136.11473431 -6.91869998 88.04187551
v 136.11473431 -8.57465486 87.76449790
v 136.11473431 -10.15179602 87.37667236
v 136.11473431 -11.67552620 86.87889827
v 136.11473431 -13.16037476 86.27181223
v 136.11473431 -14.61560691 85.55618389
v 136.11473431 -16.04743863 84.73291051
v 136.11473431 -17.46007908 83.80301036
v 136.11473431 -18.85628037 82.76761464
v 136.11473431 -20.23765257 81.62795763
v 136.11473431 -21.60485659 80.38536499
v 137.66870197 16.12235107 79.39493029
v 137.66870197 14.74142264 80.62863164
v 137.66870197 13.34517916 81.76017303
v 137.66870197 11.93299208 82.78822729
v 137.66870197 10.50328844 83.71155916
v 137.66870197 9.05335660 84.52903695
v 137.66870197 7.57902915 85.23964215
v 137.66870197 6.07412981 85.84247746
v 137.66870197 4.52942508 86.33677336
v 137.66870197 2.93039763 86.72189339
v 137.66870197 1.25160945 86.99733834
v 137.66870197 -0.56292075 87.16274943
v 137.66870197 -2.82902496 87.21791052
v 137.66870197 -5.09512916 87.16274943
v 137.66870197 -6.90965936 86.99733834
v 137.66870197 -8.58844754 86.72189339
v 137.66870197 -10.18747499 86.33677336
v 137.66870197 -11.73217972 85.84247746
v 137.66870197 -13.23707907 85.23964215
v 137.66870197 -14.71140651 84.52903695
v 137.66870197 -16.16133835 83.71155916
v 137.66870197 -17.59104199 82.78822729
v 137.66870197 -19.00322907 81.76017303
v 137.66870197 -20.39947255 80.62863164
v 137.66870197 -21.78040098 79.39493029
v 139.22287755 16.42169813 78.38555190
v 139.22287755 15.02701133 79.60998095
v 139.22287755 13.61593482 80.73305593
v 139.22287755 12.18787165 81.75344892
v 139.22287755 10.74128461 82.66992445
v 139.22287755 9.27350066 83.48135094
v 139.22287755 7.78039197 84.18671022
v 139.22287755 6.25581963 84.78510548
v 139.22287755 4.69058000 85.27576769
v 139.22287755 3.07016722 85.65806091
v 139.22287755 1.36911102 85.93148636
v 139.22287755 -0.46872613 86.09568561
v 139.22287755 -2.76004574 86.15044274
v 139.22287755 -5.05136535 86.09568561
v 139.22287755 -6.88920250 85.93148636
v 139.22287755 -8.59025870 85.65806091
v 139.22287755 -10.21067148 85.27576769
v 139.22287755 -11.77591111 84.78510548
v 139.22287755 -13.30048344 84.18671022
v 139.22287755 -14.79359214 83.48135094
v 139.22287755 -16.26137609 82.66992445
v 139.22287755 -17.70796313 81.75344892
v 139.22287755 -19.13602630 80.73305593
v 139.22287755 -20.54710281 79.60998095
v 139.22287755 -21.94178960 78.38555190
v 140.77712245 16.72534920 77.35955494
v 140.77712245 15.31690064 78.57435027
v 140.77712245 13.89105677 79.68862595
v 140.77712245 12.44725149 80.70105414
v 140.77712245 10.98398198 81.61039982
v 140.77712245 9.49861202 82.41553217
v 140.77712245 7.98705120 83.11543394
v 140.77712245 6.44319586 83.70920926
v 140.77712245 4.85787036 84.19609005
v 140.77712245 3.21657975 84.57544120
v 140.77712245 1.49382441 84.84676464
v 140.77712245 -0.36667574 85.00970247
v 140.77712245 -2.68238564 85.06403908
v 140.77712245 -4.99809554 85.00970247
v 140.77712245 -6.85859569 84.84676464
v 140.77712245 -8.58135104 84.57544120
v 140.77712245 -10.22264164 84.19609005
v 140.77712245 -11.80796714 83.70920926
v 140.77712245 -13.35182248 83.11543394
v 140.77712245 -14.86338330 82.41553217
v 140.77712245 -16.34875326 81.61039982
v 140.77712245 -17.81202277 80.70105414
v 140.77712245 -19.25582805 79.68862595
v 140.77712245 -20.68167192 78.57435027
v 140.77712245 -22.09012048 77.35955494
v 142.33129803 17.03872193 76.31926993
v 142.33129803 15.61636135 77.52408999
v 142.33129803 14.17559320 78.62925171
v 142.33129803 12.71588237 79.63342805
v 142.33129803 11.23576059 80.53538519
v 142.33129803 9.73262860 81.33399365
v 142.33129803 8.20243355 82.02823766
v 142.33129803 6.63910699 82.61722280
v 142.33129803 5.03350103 83.10018231
v 142.33129803 3.37113088 83.47648226
v 142.33129803 1.62646567 83.74562556
v 142.33129803 -0.25692250 83.90725501
v 142.33129803 -2.59730299 83.96115544
v 142.33129803 -4.93768347 83.90725501
v 142.33129803 -6.82107165 83.74562556
v 142.33129803 -8.56573686 83.47648226
v 142.33129803 -10.22810700 83.10018231
v 142.33129803 -11.83371296 82.61722280
v 142.33129803 -13.39703952 82.02823766
v 142.33129803 -14.92723458 81.33399365
v 142.33129803 -16.43036656 80.53538519
v 142.33129803 -17.91048834 79.63342805
v 142.33129803 -19.37019918 78.62925171
v 142.33129803 -20.81096733 77.52408999
v 142.33129803 -22.23332790 76.31926993
v 143.88526569 17.36116564 75.26703079
v 143.88526569 15.92475303 76.46155420
v 143.88526569 14.46890229 77.55730574
v 143.88526569 12.99310958 78.55295995
v 143.88526569 11.49594164 79.44728484
v 143.88526569 9.97483665 80.23915295
v 143.88526569 8.42577982 80.92755050
v 143.88526569 6.84273834 81.51158496
v 143.88526569 5.21659224 81.99049135
v 143.88526569 3.53286634 82.36363722
v 143.88526569 1.76599629 82.63052670
v 143.88526569 -0.14060101 82.79080349
v 143.88526569 -2.50605841 82.84425298
v 143.88526569 -4.87151582 82.79080349
v 143.88526569 -6.77811311 82.63052670
v 143.88526569 -8.54498316 82.36363722
v 143.88526569 -10.22870906 81.99049135
v 143.88526569 -11.85485517 81.51158496
v 143.88526569 -13.43789664 80.92755050
v 143.88526569 -14.98695347 80.23915295
v 143.88526569 -16.50805846 79.44728484
v 143.88526569 -18.00522640 78.55295995
v 143.88526569 -19.48101911 77.55730574
v 143.88526569 -20.93686986 76.46155420
v 143.88526569 -22.37328247 75.26703079
v 145.43888687 17.69074204 74.20517283
v 145.43888687 16.24018111 75.38909864
v 145.43888687 14.76913524 76.47516249
v 145.43888687 13.27713212 77.46204124
v 145.43888687 11.76277386 78.34850542
v 145.43888687 10.22353658 79.13343017
v 145.43888687 8.65544409 79.81580423
v 145.43888687 7.05249969 80.39473746
v 145.43888687 5.40561157 80.86946699
v 145.43888687 3.70031389 81.23936221
v 145.43888687 1.91100717 81.50392872
v 145.43888687 -0.01905296 81.66281129
v 145.43888687 -2.40991375 81.71579596
v 145.43888687 -4.80077453 81.66281129
v 145.43888687 -6.73083467 81.50392872
v 145.43888687 -8.52014139 81.23936221
v 145.43888687 -10.22543907 80.86946699
v 145.43888687 -11.87232719 80.39473746
v 145.43888687 -13.47527159 79.81580423
v 145.43888687 -15.04336408 79.13343017
v 145.43888687 -16.58260136 78.34850542
v 145.43888687 -18.09695962 77.46204124
v 145.43888687 -19.58896274 76.47516249
v 145.43888687 -21.06000861 75.38909864
v 145.43888687 -22.51056954 74.20517283
v 146.99202307 16.56073905 74.30907867
v 146.99202307 15.07443193 75.38519626
v 146.99202307 13.56613841 76.36306340
v 146.99202307 12.03449633 77.24145382
v 146.99202307 10.47702020 78.01924583
v 146.99202307 8.88977295 78.69543122
v 146.99202307 7.26679452 79.26912267
v 146.99202307 5.59902162 79.73955984
v 146.99202307 3.87199769 80.10611425
v 146.99202307 2.06008692 80.36829322
v 146.99202307 0.10637893 80.52574275
v 146.99202307 -2.31013091 80.57824967
v 146.99202307 -4.72664075 80.52574275
v 146.99202307 -6.68034874 80.36829322
v 146.99202307 -8.49225951 80.10611425
v 146.99202307 -10.21928344 79.73955984
v 146.99202307 -11.88705634 79.26912267
v 146.99202307 -13.51003476 78.69543122
v 146.99202307 -15.09728201 78.01924583
v 146.99202307 -16.65475814 77.24145382
v 146.99202307 -18.18640023 76.36306340
v 146.99202307 -19.69469375 75.38519626
v 146.99202307 -21.18100086 74.30907867
v 148.54453593 16.88450999 73.22384732
v 148.54453593 15.38292250 74.28977919
v 148.54453593 13.85830787 75.25841594
v 148.54453593 12.30933994 76.12853512
v 148.54453593 10.73357210 76.89901879
v 148.54453593 9.12710687 77.56886230
v 148.54453593 7.48402138 78.13718161
v 148.54453593 5.79528129 78.60321924
v 148.54453593 4.04643945 78.96634917
v 148.54453593 2.21182303 79.22608064
v 148.54453593 0.23435211 79.38206111
v 148.54453593 -2.20797076 79.43407824
v 148.54453593 -4.65029363 79.38206111
v 148.54453593 -6.62776455 79.22608064
v 148.54453593 -8.46238097 78.96634917
v 148.54453593 -10.21122281 78.60321924
v 148.54453593 -11.89996290 78.13718161
v 148.54453593 -13.54304839 77.56886230
v 148.54453593 -15.14951362 76.89901879
v 148.54453593 -16.72528146 76.12853512
v 148.54453593 -18.27424939 75.25841594
v 148.54453593 -19.79886402 74.28977919
v 148.54453593 -21.30045151 73.22384732
v 150.09628720 17.20956849 72.13575321
v 150.09628720 15.69272904 73.19127922
v 150.09628720 14.15181252 74.15048433
v 150.09628720 12.58552905 75.01215053
v 150.09628720 10.99147123 75.77516420
v 150.09628720 9.36578172 76.43852473
v 150.09628720 7.70257531 77.00135177
v 150.09628720 5.99284714 77.46289110
v 150.09628720 4.22215979 77.82251941
v 150.09628720 2.36480311 78.07974814
v 150.09628720 0.36352531 78.23422633
v 150.09628720 -2.10469201 78.28574258
v 150.09628720 -4.57290934 78.23422633
v 150.09628720 -6.57418713 78.07974814
v 150.09628720 -8.43154381 77.82251941
v 150.09628720 -10.20223116 77.46289110
v 150.09628720 -11.91195934 77.00135177
v 150.09628720 -13.57516575 76.43852473
v 150.09628720 -15.20085526 75.77516420
v 150.09628720 -16.79491308 75.01215053
v 150.09628720 -18.36119654 74.15048433
v 150.09628720 -19.90211307 73.19127922
v 150.09628720 -21.41895252 72.13575321
v 151.64713881 17.53398234 71.04713861
v 151.64713881 16.00196735 72.09205809
v 151.64713881 14.44481872 73.04164800
v 151.64713881 12.86128305 73.89469536
v 151.64713881 11.24899248 74.65009141
v 151.64713881 9.60413020 75.30684008
v 151.64713881 7.92084924 75.86406509
v 151.64713881 6.19017474 76.32101582
v 151.64713881 4.39767947 76.67707200
v 151.64713881 2.51761610 76.93174747
v 151.64713881 0.49255975 77.08469299
v 151.64713881 -2.00155012 77.13569824
v 151.64713881 -4.49566000 77.08469299
v 151.64713881 -6.52071635 76.93174747
v 151.64713881 -8.40077972 76.67707200
v 151.64713881 -10.19327498 76.32101582
v 151.64713881 -11.92394949 75.86406509
v 151.64713881 -13.60723045 75.30684008
v 151.64713881 -15.25209272 74.65009141
v 151.64713881 -16.86438329 73.89469536
v 151.64713881 -18.44791896 73.04164800
v 151.64713881 -20.00506760 72.09205809
v 151.64713881 -21.53708259 71.04713861
v 153.19695288 17.85581447 69.96033744
v 153.19695288 16.30874880 70.99446936
v 153.19695288 14.73548894 71.93427830
v 153.19695288 13.13481811 72.77855697
v 153.19695288 11.50440826 73.52620195
v 153.19695288 9.84048349 74.17622215
v 153.19695288 8.13723553 74.72774581
v 153.19695288 6.38572011 75.18002623
v 153.19695288 4.57152080 75.53244643
v 153.19695288 2.66885356 75.78452287
v 153.19695288 0.62012025 75.93590822
v 153.19695288 -1.89979617 75.98639328
v 153.19695288 -4.41971259 75.93590822
v 153.19695288 -6.46844590 75.78452287
v 153.19695288 -8.37111313 75.53244643
v 153.19695288 -10.18531245 75.18002623
v 153.19695288 -11.93682787 74.72774581
v 153.19695288 -13.64007582 74.17622215
v 153.19695288 -15.30400059 73.52620195
v 153.19695288 -16.93441045 72.77855697
v 153.19695288 -18.53508128 71.93427830
v 153.19695288 -20.10834114 70.99446936
v 153.19695288 -21.65540681 69.96033744
v 154.74559179 18.17312494 68.87767333
v 154.74559179 16.61118223 69.90085635
v 154.74559179 15.02198362 70.83073653
v 154.74559179 13.40434900 71.66611274
v 154.74559179 11.75599027 72.40588744
v 154.74559179 10.07317281 73.04907498
v 154.74559179 8.35012748 73.59480848
v 154.74559179 6.57794116 74.04234548
v 154.74559179 4.74220892 74.39107257
v 154.74559179 2.81711087 74.64050903
v 154.74559179 0.74487646 74.79030956
v 154.74559179 -1.80067576 74.84026622
v 154.74559179 -4.34622797 74.79030956
v 154.74559179 -6.41846239 74.64050903
v 154.74559179 -8.34356044 74.39107257
v 154.74559179 -10.17929268 74.04234548
v 154.74559179 -11.95147899 73.59480848
v 154.74559179 -13.67452433 73.04907498
v 154.74559179 -15.35734178 72.40588744
v 154.74559179 -17.00570051 71.66611274
v 154.74559179 -18.62333514 70.83073653
v 154.74559179 -20.21253374 69.90085635
v 154.74559179 -21.77447646 68.87767333
v 156.29291813 18.48397300 67.80145762
v 156.29291813 16.90737595 68.81355026
v 156.29291813 15.30246307 69.73337186
v 156.29291813 13.66809083 70.55972804
v 156.29291813 12.00201124 71.29152761
v 156.29291813 10.30053112 71.92779075
v 156.29291813 8.55792089 72.46765584
v 156.29291813 6.76529914 72.91038499
v 156.29291813 4.90827322 73.25536859
v 156.29291813 2.96098855 73.50212895
v 156.29291813 0.86550397 73.65032293
v 156.29291813 -1.70542794 73.69974393
v 156.29291813 -4.27635985 73.65032293
v 156.29291813 -6.37184443 73.50212895
v 156.29291813 -8.31912911 73.25536859
v 156.29291813 -10.17615503 72.91038499
v 156.29291813 -11.96877677 72.46765584
v 156.29291813 -13.71138701 71.92779075
v 156.29291813 -15.41286712 71.29152761
v 156.29291813 -17.07894672 70.55972804
v 156.29291813 -18.71331896 69.73337186
v 156.29291813 -20.31823184 68.81355026
v 156.29291813 -21.89482888 67.80145762
v 157.83879483 18.78641919 66.73398747
v 157.83879483 17.19543983 67.73486815
v 157.83879483 15.57508947 68.64451947
v 157.83879483 13.92426106 69.46175430
v 157.83879483 12.24074668 70.18548825
v 157.83879483 10.52089481 70.81474778
v 157.83879483 8.75901568 71.34867684
v 157.83879483 6.94626014 71.78654239
v 157.83879483 5.06824870 72.12773892
v 157.83879483 3.09909350 72.37179189
v 157.83879483 0.98068554 72.51836052
v 157.83879483 -1.61528413 72.56723957
v 157.83879483 -4.21125380 72.51836052
v 157.83879483 -6.32966176 72.37179189
v 157.83879483 -8.29881696 72.12773892
v 157.83879483 -10.17682840 71.78654239
v 157.83879483 -11.98958393 71.34867684
v 157.83879483 -13.75146307 70.81474778
v 157.83879483 -15.47131494 70.18548825
v 157.83879483 -17.15482932 69.46175430
v 157.83879483 -18.80565773 68.64451947
v 157.83879483 -20.42600809 67.73486815
v 157.83879483 -22.01698745 66.73398747
v 159.38308511 19.07852759 65.67754393
v 159.38308511 17.47348736 66.66711103
v 159.38308511 15.83802888 67.56649851
v 159.38308511 14.17108134 68.37452696
v 159.38308511 12.47047681 69.09011926
v 159.38308511 10.73260542 69.71230850
v 159.38308511 8.95181749 70.24024456
v 159.38308511 7.11929662 70.67319954
v 159.38308511 5.22067737 71.01057220
v 159.38308511 3.23004031 71.25189139
v 159.38308511 1.08911224 71.39681877
v 159.38308511 -1.53146701 71.44515057
v 159.38308511 -4.15204625 71.39681877
v 159.38308511 -6.29297433 71.25189139
v 159.38308511 -8.28361138 71.01057220
v 159.38308511 -10.18223064 70.67319954
v 159.38308511 -12.01475150 70.24024456
v 159.38308511 -13.79553944 69.71230850
v 159.38308511 -15.53341082 69.09011926
v 159.38308511 -17.23401536 68.37452696
v 159.38308511 -18.90096290 67.56649851
v 159.38308511 -20.53642138 66.66711103
v 159.38308511 -22.14146160 65.67754393
v 160.92565255 19.36108373 64.62684620
v 160.92565255 17.74217743 65.60494582
v 160.92565255 16.09181333 66.49392836
v 160.92565255 14.40895643 67.29262273
v 160.92565255 12.69147833 67.99995955
v 160.92565255 10.93581038 68.61497898
v 160.92565255 9.13634250 69.13683718
v 160.92565255 7.28429053 69.56481173
v 160.92565255 5.36530244 69.89830591
v 160.92565255 3.35342638 70.13685218
v 160.92565255 1.19022304 70.28011476
v 160.92565255 -1.45473884 70.32789146
v 160.92565255 -4.09970073 70.28011476
v 160.92565255 -6.26290407 70.13685218
v 160.92565255 -8.27478013 69.89830591
v 160.92565255 -10.19376821 69.56481173
v 160.92565255 -12.04582018 69.13683718
v 160.92565255 -13.84528807 68.61497898
v 160.92565255 -15.60095602 67.99995955
v 160.92565255 -17.31843412 67.29262273
v 160.92565255 -19.00129102 66.49392836
v 160.92565255 -20.65165512 65.60494582
v 160.92565255 -22.27056141 64.62684620
v 162.46636113 18.01050782 64.52089792
v 162.46636113 16.34481398 65.39910167
v 162.46636113 14.64562016 66.18812511
v 162.46636113 12.91083610 66.88690739
v 162.46636113 11.13693238 67.49449641
v 162.46636113 9.31833571 68.01005525
v 162.46636113 7.44629003 68.43286744
v 162.46636113 5.50645036 68.76234122
v 162.46636113 3.47282117 68.99801295
v 162.46636113 1.28677220 69.13954967
v 162.46636113 -1.38334794 69.18675089
v 162.46636113 -4.05346809 69.13954967
v 162.46636113 -6.23951706 68.99801295
v 162.46636113 -8.27314625 68.76234122
v 162.46636113 -10.21298592 68.43286744
v 162.46636113 -12.08503160 68.01005525
v 162.46636113 -13.90362827 67.49449641
v 162.46636113 -15.67753199 66.88690739
v 162.46636113 -17.41231605 66.18812511
v 162.46636113 -19.11150987 65.39910167
v 162.46636113 -20.77720371 64.52089792
v 164.00507521 18.27871756 63.41735543
v 164.00507521 16.59737663 64.28443857
v 164.00507521 14.88152844 65.06348305
v 164.00507521 13.12911949 65.75343723
v 164.00507521 11.33665770 66.35335745
v 164.00507521 9.49860392 66.86241424
v 164.00507521 7.60622646 67.27989756
v 164.00507521 5.64518164 67.60522103
v 164.00507521 3.58942040 67.83792521
v 164.00507521 1.38009984 67.97768018
v 164.00507521 -1.31578178 68.02428729
v 164.00507521 -4.01166339 67.97768018
v 164.00507521 -6.22098395 67.83792521
v 164.00507521 -8.27674519 67.60522103
v 164.00507521 -10.23779002 67.27989756
v 164.00507521 -12.13016748 66.86241424
v 164.00507521 -13.96822125 66.35335745
v 164.00507521 -15.76068305 65.75343723
v 164.00507521 -17.51309200 65.06348305
v 164.00507521 -19.22894019 64.28443857
v 164.00507521 -20.91028112 63.41735543
v 165.54165962 18.54591648 62.30014359
v 165.54165962 16.84880226 63.15582665
v 165.54165962 15.11617867 63.92464010
v 165.54165962 13.34602770 64.60554224
v 165.54165962 11.53489298 65.19759837
v 165.54165962 9.67726734 65.69998700
v 165.54165962 7.76444043 66.11200498
v 165.54165962 5.78206549 66.43307161
v 165.54165962 3.70403262 66.66273196
v 165.54165962 1.47127062 66.80065932
v 165.54165962 -1.25066799 66.84665701
v 165.54165962 -3.97260660 66.80065932
v 165.54165962 -6.20536859 66.66273196
v 165.54165962 -8.28340146 66.43307161
v 165.54165962 -10.26577641 66.11200498
v 165.54165962 -12.17860332 65.69998700
v 165.54165962 -14.03622896 65.19759837
v 165.54165962 -15.84736368 64.60554224
v 165.54165962 -17.61751464 63.92464010
v 165.54165962 -19.35013824 63.15582665
v 165.54165962 -21.04725245 62.30014359
v 167.07597965 18.81118675 61.17504424
v 167.07597965 17.09836490 62.01910992
v 167.07597965 15.34904236 62.77749617
v 167.07597965 13.56123548 63.44917179
v 167.07597965 11.73152213 64.03321157
v 167.07597965 9.85442532 64.52880247
v 167.07597965 7.92125381 64.93524855
v 167.07597965 5.91765462 65.25197516
v 167.07597965 3.81745220 65.47853207
v 167.07597965 1.56133726 65.61459601
v 167.07597965 -1.18664471 65.65997232
v 167.07597965 -3.93462669 65.61459601
v 167.07597965 -6.19074162 65.47853207
v 167.07597965 -8.29094404 65.25197516
v 167.07597965 -10.29454323 64.93524855
v 167.07597965 -12.22771474 64.52880247
v 167.07597965 -14.10481155 64.03321157
v 167.07597965 -15.93452490 63.44917179
v 167.07597965 -17.72233178 62.77749617
v 167.07597965 -19.47165432 62.01910992
v 167.07597965 -21.18447617 61.17504424
v 168.60790108 19.07358595 60.04779112
v 168.60790108 17.34531440 60.88008408
v 168.60790108 15.57956758 61.62790263
v 168.60790108 13.77439509 62.29022657
v 168.60790108 11.92640779 62.86614065
v 168.60790108 10.03015749 63.35484061
v 168.60790108 8.07697040 63.75563811
v 168.60790108 6.05248548 64.06796476
v 168.60790108 3.93045909 64.29137530
v 168.60790108 1.65133981 64.42554998
v 168.60790108 -1.12236173 64.47029630
v 168.60790108 -3.89606326 64.42554998
v 168.60790108 -6.17518254 64.29137530
v 168.60790108 -8.29720893 64.06796476
v 168.60790108 -10.32169386 63.75563811
v 168.60790108 -12.27488094 63.35484061
v 168.60790108 -14.17113125 62.86614065
v 168.60790108 -16.01911855 62.29022657
v 168.60790108 -17.82429104 61.62790263
v 168.60790108 -19.59003785 60.88008408
v 168.60790108 -21.31830941 60.04779112
v 74.19602860 2.29032307 116.86249623
v 74.19153927 2.24979277 116.88014997
v 74.11106498 1.25528996 117.16843962
v 74.10226936 1.14624651 117.20021425
v 74.04573505 0.07585481 117.36654141
v 74.03621171 -0.10501269 117.39478116
v 74.00622816 -1.64914442 117.45073684
v 74.00000000 -1.97078982 117.46243051
v 74.03059932 -3.55021549 117.40531711
v 74.03621171 -3.84067699 117.39478116
v 74.09501435 -4.96084188 117.22172018
v 74.10226936 -5.09943373 117.20021425
v 74.18749786 -6.16255954 116.89474258
v 74.19153927 -6.21311211 116.88014997
v 75.54280546 8.18636385 112.15485271
v 75.49937292 8.09203123 112.27536269
v 75.25035633 7.42339165 113.03831919
v 75.14306021 7.13473723 113.36928638
v 74.99484533 6.63948271 113.86774741
v 74.85834743 6.18243813 114.33008862
v 74.77497350 5.83308606 114.63310654
v 74.63109630 5.22880082 115.16001630
v 74.58832040 5.00167167 115.32448906
v 74.44995573 4.26498632 115.86085331
v 74.43175690 4.14077507 115.93266652
v 74.25241718 2.79790590 116.64258987
v 74.30580107 3.27837515 116.43402285
v 74.30182240 3.24268387 116.44943737
v 74.25241718 -6.76813489 116.64258987
v 74.30580107 -7.25471236 116.43402285
v 74.31182525 -7.29652997 116.41023229
v 74.44995573 -8.25781782 115.86085331
v 74.47875524 -8.41407795 115.75001788
v 74.63109630 -9.24235857 115.16001630
v 74.70290556 -9.55156554 114.89875667
v 74.85834743 -10.22199813 114.33008862
v 75.00929134 -10.74381517 113.82184809
v 75.14306021 -11.20687430 113.36928638
v 75.43874854 -12.03496809 112.46211448
v 75.49937292 -12.20493788 112.27536269
v 76.70729755 10.32332704 109.23298990
v 76.50568933 10.03906738 109.66912854
v 76.27414707 9.63473759 110.23474445
v 75.68281981 8.48988744 111.76887067
v 75.94558519 9.05913179 111.04339363
v 75.88299954 8.92385287 111.21519933
v 75.68281981 -12.62378423 111.76887067
v 75.94558519 -13.22312488 111.04339363
v 76.11418299 -13.53711550 110.63067282
v 76.50568933 -14.26721301 109.66912854
v 78.31741235 12.21539869 106.15070374
v 78.11900743 12.04341996 106.46356880
v 77.73167092 11.61324398 107.17933725
v 77.11872865 10.90123565 108.34975404
v 77.21286438 11.03335003 108.14738353
v 77.18168880 10.98974651 108.21400504
v 77.11872865 -15.19959684 108.34975404
v 77.21286438 -15.34242750 108.14738353
v 77.37297904 -15.53891872 107.85039476
v 78.11900743 -16.45565150 106.46356880
v 79.68002906 13.30203237 104.13093594
v 78.56003130 12.42386003 105.77242325
v 79.31109983 13.06838284 104.60011041
v 78.96986585 12.77730208 105.12892223
v 78.56003130 -16.88629712 105.77242325
v 79.31109983 -17.61517779 104.60011041
v 81.28631294 14.22965018 102.22329531
v 80.00661417 13.50529124 103.72291655
v 80.97542936 14.10636858 102.51065291
v 80.45373955 13.78587362 103.15721406
v 80.00661417 -18.13020437 103.72291655
v 80.97542936 -18.83781597 102.51065291
v 81.45836251 14.29441187 102.07072417
v 82.23266261 14.59528487 101.36138537
v 81.45836251 -19.07896424 102.07072417
v 82.00543505 -19.34113206 101.58567116
v 84.23694740 15.25411133 99.71928139
v 82.91516042 14.84390156 100.76645851
v 83.77490779 15.15376408 100.01819160
v 83.19651914 14.95072605 100.51182156
v 82.91516042 -19.78399460 100.76645851
v 83.77490779 -20.18217465 100.01819160
v 84.37689086 15.28969629 99.61976980
v 85.51024555 15.38965570 99.13936876
v 84.37689086 -20.37994556 99.61976980
v 84.66985744 -20.48410283 99.40742045
v 85.84343574 15.50122853 98.85221919
v 86.86145757 15.47367738 98.60520286
v 85.84343574 -20.73494051 98.85221919
v 86.51126359 -20.93050028 98.42052213
v 87.31467586 15.60498834 98.24078291
v 88.20069120 15.57451323 98.01623936
v 87.31467586 -20.97413798 98.24078291
v 87.91806175 -21.00579043 98.08835408
v 88.79049099 15.55503376 97.86721997
v 89.75423321 15.52546107 97.59661862
v 88.79049099 -21.05024287 97.86721997
v 89.32792976 -21.07657275 97.71685669
v 90.27075991 15.51048648 97.45208100
v 91.31388494 15.48278917 97.13318469
v 90.27075991 -21.12100314 97.45208100
v 90.74080429 -21.14217410 97.30894256
v 91.75536039 15.47195066 96.99872038
v 92.87944014 15.44723343 96.62980817
v 91.75536039 -21.18562941 96.99872038
v 92.15662009 -21.20192275 96.86758022
v 93.24416923 15.44004868 96.51058229
v 94.45069524 15.41955328 96.09048904
v 93.24416923 -21.24333178 96.51058229
v 93.57530866 -21.25514941 96.39579410
v 94.73706233 15.41542163 95.99119902
v 96.02745197 15.40053204 95.51935190
v 94.73706233 -21.29332124 95.99119902
v 94.99679703 -21.30118822 95.89666466
v 96.23391466 15.39872966 95.44418906
v 97.60952003 15.39097726 94.92064074
v 96.23391466 -21.33481107 95.44418906
v 96.42100652 -21.33937786 95.37332843
v 97.73460031 15.39065242 94.87325515
v 99.19671983 15.39172118 94.29871350
v 97.73460031 -21.36701829 94.87325515
v 97.84785149 -21.36906271 94.82897791
v 99.23899254 15.39188935 94.28218207
v 99.97890981 15.39764271 93.98519253
v 100.70563165 -21.40202435 93.69278468
v 99.23899254 -21.38916505 94.28218207
v 99.97890981 -21.39625514 93.98519253
v 99.27718715 -21.38967036 94.26693282
v 100.74696377 15.40219124 93.67605461
v 100.79400207 15.40266626 93.65709425
v 100.74696377 -21.40219124 93.67605461
v 102.12214452 -21.42167054 93.12521611
v 102.25838564 15.42300863 93.07027610
v 102.41675476 15.42574887 93.00721164
v 102.25838564 -21.42300863 93.07027610
v 103.52777386 -21.45059442 92.56831122
v 103.77312901 15.45475383 92.47055407
v 104.06447977 15.46171140 92.35653646
v 103.77312901 -21.45475383 92.47055407
v 104.92342768 -21.48767485 92.02383799
v 105.29106402 15.49629842 91.87986831
v 105.73648393 15.50959104 91.70952359
v 105.29106402 -21.49629842 91.87986831
v 106.31000343 -21.53179691 91.49343379
v 106.81206009 15.54653128 91.30127074
v 107.43193815 15.56835395 91.07100829
v 106.81206009 -21.54653128 91.30127074
v 107.68833825 -21.58193449 90.97869571
v 108.33598597 15.60437087 90.73788361
v 109.14987589 15.63691269 90.44618896
v 108.33598597 -21.60437087 90.73788361
v 109.05921407 -21.63715091 90.48119272
v 109.86270975 15.66877682 90.19289812
v 110.89632939 15.70972076 89.82232213
v 109.86270975 -21.66877682 90.19289812
v 110.41986558 -21.69344292 89.99484839
v 111.39209892 15.73136488 89.64589345
v 112.66664267 15.78785159 89.18056464
v 111.39209892 -21.73136488 89.64589345
v 111.77107562 -21.74999514 89.50874546
v 112.92402035 15.80033279 89.08730875
v 114.45007375 15.87591051 88.52211058
v 112.92402035 -21.80033279 89.08730875
v 113.11882061 -21.81098084 89.01582997
v 114.45834038 15.87635638 88.51907328
v 114.50791263 15.87905121 88.50047164
v 115.80144622 -21.94325628 88.01084800
v 114.45834038 -21.87635638 88.51907328
v 114.50791263 -21.87905121 88.50047164
v 114.46455503 -21.87672781 88.51676393
v 115.99492479 15.95160473 87.93671190
v 116.25691536 15.96419521 87.83521334
v 115.99492479 -21.95160473 87.93671190
v 117.13755385 -22.01326427 87.49894407
v 117.53363887 16.03194595 87.34523919
v 118.07265239 16.05987791 87.13404658
v 117.53363887 -22.03194595 87.34523919
v 118.47350202 -22.08641416 86.98122466
v 119.07434745 16.11698606 86.74539082
v 119.89494637 16.16218695 86.42030266
v 119.07434745 -22.11698606 86.74539082
v 119.80957047 -22.16213609 86.45758602
v 120.61691489 16.20581677 86.13716094
v 121.72186175 16.26785795 85.69094209
v 120.61691489 -22.20581677 86.13716094
v 121.14588744 -22.23893374 85.92611550
v 122.16120517 16.29492336 85.51532454
v 123.55112299 16.37313909 84.94194730
v 122.16120517 -22.29492336 85.51532454
v 122.48297008 -22.31513804 85.38419656
v 123.70708187 16.38277897 84.87826912
v 124.56493256 16.43073674 84.51676134
v 125.15935735 -22.46069590 84.26366010
v 123.70708187 -22.38277897 84.87826912
v 124.56493256 -22.43073674 84.51676134
v 123.82148642 -22.38993161 84.83064290
v 125.25440821 16.46473709 84.22256593
v 125.38525243 16.47033160 84.16490598
v 125.25440821 -22.46473709 84.22256593
v 126.49728212 -22.52635835 83.68200277
v 126.80304712 16.53910447 83.54698354
v 127.22124417 16.55647238 83.35876005
v 126.80304712 -22.53910447 83.54698354
v 127.83972177 -22.58922522 83.08643143
v 128.35286119 16.60999944 82.85501745
v 129.04855089 16.63778723 82.53523218
v 128.35286119 -22.60999944 82.85501745
v 129.18751403 -22.64900072 82.47626317
v 129.90371280 16.67688514 82.14642438
v 130.86699253 16.71896567 81.69609546
v 129.90371280 -22.67688514 82.14642438
v 130.53992178 -22.70335946 81.85280760
v 131.45546407 16.74809745 81.42399846
v 132.68230642 16.81416870 80.84386688
v 131.45546407 -22.73431753 81.42399846
v 131.89513335 -22.74871148 81.21880513
v 133.00797693 16.83363318 80.69158622
v 134.49555416 16.92740900 79.98035369
v 133.00797693 -22.77633767 80.69158622
v 133.25173011 -22.78228934 80.57658838
v 134.56111313 16.93193478 79.94936478
v 134.96023373 16.96042400 79.75514889
v 135.96812702 -22.81218181 79.25960859
v 134.56111313 -22.80378624 79.94936478
v 134.96023373 -22.80768665 79.75514889
v 134.61036034 -22.80461688 79.92572176
v 136.11473431 17.03552871 79.18635937
v 136.30987806 17.04857581 79.08565520
v 136.11473431 -22.81166551 79.18635937
v 137.32922763 -22.80919044 78.56836157
v 137.66870197 17.14770322 78.39283308
v 138.11637922 17.18069370 78.15411207
v 137.66870197 -22.80575314 78.39283308
v 138.69567450 -22.79765614 77.85282503
v 139.22287755 17.26910525 77.57116861
v 139.91103670 17.32406343 77.19328615
v 139.22287755 -22.78919673 77.57116861
v 140.06767610 -22.77837891 77.11371355
v 140.77712245 17.39869808 76.72343790
v 141.69692015 17.47850678 76.20758349
v 140.77712245 -22.76346936 76.72343790
v 141.44335465 -22.75323013 76.35502259
v 142.33129803 17.53761166 75.85613928
v 143.47820087 17.64439860 75.20132474
v 142.33129803 -22.73221764 75.85613928
v 142.82106935 -22.72393935 75.58045981
v 143.88526569 17.68493625 74.97177974
v 145.25421426 17.81996145 74.17782991
v 143.88526569 -22.69705307 74.97177974
v 144.20073911 -22.69148077 74.79142252
v 145.43888687 17.83938319 74.07206054
v 146.76392682 17.97633716 73.29304680
v 146.96669515 -22.61990232 73.17277288
v 145.43888687 -22.65921069 74.07206054
v 146.76392682 -22.62590753 73.29304680
v 145.58268445 -22.65667457 73.98873439
v 146.99202307 17.99869008 73.15750164
v 147.02429150 18.00178526 73.13785599
v 146.99202307 -22.61895190 73.15750164
v 148.35086116 -22.58001891 72.34226592
v 148.54453593 18.15700354 72.22414837
v 148.78949583 18.18132235 72.07358940
v 148.54453593 -22.57294506 72.22414837
v 149.73888794 -22.54089871 71.50081916
v 150.09628720 18.31913299 71.28078074
v 150.54464101 18.36482710 71.00311952
v 150.09628720 -22.52851702 71.28078074
v 151.13115147 -22.50353266 70.64933184
v 151.64713881 18.48398730 70.32926299
v 152.28857242 18.55060012 69.92977641
v 151.64713881 -22.48708755 70.32926299
v 152.52804018 -22.46896539 69.78874513
v 153.19695288 18.65051305 69.37148859
v 154.02019378 18.73703141 68.85683393
v 153.19695288 -22.45010538 69.37148859
v 153.92995655 -22.43829768 68.92004591
v 154.74559179 18.81769315 68.40937889
v 155.73856198 18.92253473 67.78749401
v 154.74559179 -22.41904466 68.40937889
v 155.33727544 -22.41264209 68.04433185
v 156.29291813 18.98442017 67.44497038
v 157.44656588 19.10258294 66.72495337
v 156.29291813 -22.39527605 67.44497038
v 156.74913778 -22.39180689 67.16449941
v 157.83879483 19.14509858 66.48347413
v 159.14778583 19.27199094 65.67230458
v 157.83879483 -22.37566684 66.48347413
v 158.16324261 -22.37399829 66.28545169
v 159.38308511 19.29618139 65.52848825
v 160.84395001 19.42952824 64.62537499
v 159.38308511 -22.35911540 65.52848825
v 159.57834289 -22.35876152 65.40961879
v 160.92565255 19.43746015 64.57556534
v 161.72703157 19.50808376 64.06917108
v 162.40313881 -22.33822847 63.63880777
v 160.92565255 -22.34693783 64.57556534
v 161.72703157 -22.34329540 64.06917108
v 160.99337371 -22.34707116 64.53343587
v 162.46636113 19.57065587 63.59789091
v 162.54214325 19.57647596 63.54791275
v 162.46636113 -22.33735176 63.59789091
v 163.80842561 -22.33048265 62.72633826
v 164.00507521 19.69664548 62.59646664
v 164.24125262 19.71431516 62.43829483
v 164.00507521 -22.32820904 62.59646664
v 165.21167490 -22.32334215 61.80082583
v 165.54165962 19.81854810 61.57951655
v 165.93787293 19.84763280 61.31129774
v 165.54165962 -22.31988408 61.57951655
v 166.61400675 -22.31538173 60.86478794
v 167.07597965 19.93720303 60.55161123
v 167.62930759 19.97737696 60.17468129
v 167.07597965 -22.31049245 60.55161123
v 168.01651157 -22.30525222 59.92079258
v 168.60790108 20.05352856 59.51737701
v 169.31294216 20.10459933 59.03621949
v 168.60790108 -22.29825202 59.51737701
v 169.42025879 -22.29166294 58.97148783
v 170.00000000 19.30893960 59.02493993
v 170.00000000 17.72215856 59.77171840
v 170.00000000 17.56701503 59.84643170
v 170.00000000 15.94525665 60.51742355
v 170.00000000 15.78674904 60.58455374
v 170.00000000 14.12826726 61.17884073
v 170.00000000 13.96622049 61.23829624
v 170.00000000 12.26795944 61.75505468
v 170.00000000 12.10206927 61.80675335
v 170.00000000 10.35909505 62.24525949
v 170.00000000 10.18887240 62.28912912
v 170.00000000 8.39330488 62.64876355
v 170.00000000 8.21797113 62.68474235
v 170.00000000 6.35673040 62.96499361
v 170.00000000 6.17499639 62.99303056
v 170.00000000 4.22413265 63.19349802
v 170.00000000 4.03364253 63.21355314
v 170.00000000 1.93873120 63.33394911
v 170.00000000 1.73413916 63.34599371
v 170.00000000 -0.81340582 63.38614498
v 170.00000000 -1.06239554 63.39016177
v 170.00000000 -3.60994052 63.35001050
v 170.00000000 -3.85893024 63.34599371
v 170.00000000 -5.95384156 63.22559774
v 170.00000000 -6.15843360 63.21355314
v 170.00000000 -8.10929734 63.01308568
v 170.00000000 -8.29978746 62.99303056
v 170.00000000 -10.16102819 62.71277929
v 170.00000000 -10.34276220 62.68474235
v 170.00000000 -12.13832972 62.32510792
v 170.00000000 -12.31366347 62.28912912
v 170.00000000 -14.05663770 61.85062298
v 170.00000000 -14.22686034 61.80675335
v 170.00000000 -15.92512139 61.28999491
v 170.00000000 -16.09101157 61.23829624
v 170.00000000 -17.74949335 60.64400926
v 170.00000000 -17.91154012 60.58455374
v 170.00000000 -19.53329850 59.91356190
v 170.00000000 -19.69180611 59.84643170
v 170.00000000 -21.27858715 59.09965323
v 170.00000000 -21.43373068 59.02493993
v 170.00000000 -22.19501669 58.62209705
v 170.00000000 19.39690712 58.97732570
v 170.00000000 19.46079717 58.94274389
v 170.00000000 20.15787044 58.57387989
v 170.00000000 -22.28342850 58.57531297
f 1 2 15
f 1 15 14
f 2 3 16
f 2 16 15
f 3 4 17
f 3 17 16
f 4 5 18
f 4 18 17
f 5 6 19
f 5 19 18
f 6 7 20
f 6 20 19
f 7 21 20
f 8 9 30
f 8 30 29
f 9 10 31
f 9 31 30
f 10 11 32
f 10 32 31
f 11 12 33
f 11 33 32
f 12 13 34
f 12 34 33
f 13 14 35
f 13 35 34
f 14 15 36
f 14 36 35
f 15 16 37
f 15 37 36
f 16 17 38
f 16 38 37
f 17 18 39
f 17 39 38
f 18 19 40
f 18 40 39
f 19 20 41
f 19 41 40
f 20 21 42
f 20 42 41
f 21 22 43
f 21 43 42
f 22 23 44
f 22 44 43
f 23 24 45
f 23 45 44
f 24 25 46
f 24 46 45
f 25 26 47
f 25 47 46
f 26 48 47
f 27 28 53
f 27 53 52
f 28 29 54
f 28 54 53
f 29 30 55
f 29 55 54
f 30 31 56
f 30 56 55
f 31 32 57
f 31 57 56
f 32 33 58
f 32 58 57
f 33 34 59
f 33 59 58
f 34 35 60
f 34 60 59
f 35 36 61
f 35 61 60
f 36 37 62
f 36 62 61
f 37 38 63
f 37 63 62
f 38 39 64
f 38 64 63
f 39 40 65
f 39 65 64
f 40 41 66
f 40 66 65
f 41 42 67
f 41 67 66
f 42 43 68
f 42 68 67
f 43 44 69
f 43 69 68
f 44 45 70
f 44 70 69
f 45 46 71
f 45 71 70
f 46 47 72
f 46 72 71
f 47 48 73
f 47 73 72
f 48 49 74
f 48 74 73
f 49 75 74
f 50 51 79
f 50 79 78
f 51 52 80
f 51 80 79
f 52 53 81
f 52 81 80
f 53 54 82
f 53 82 81
f 54 55 83
f 54 83 82
f 55 56 84
f 55 84 83
f 56 57 85
f 56 85 84
f 57 58 86
f 57 86 85
f 58 59 87
f 58 87 86
f 59 60 88
f 59 88 87
f 60 61 89
f 60 89 88
f 61 62 90
f 61 90 89
f 62 63 91
f 62 91 90
f 63 64 92
f 63 92 91
f 64 65 93
f 64 93 92
f 65 66 94
f 65 94 93
f 66 67 95
f 66 95 94
f 67 68 96
f 67 96 95
f 68 69 97
f 68 97 96
f 69 70 98
f 69 98 97
f 70 71 99
f 70 99 98
f 71 72 100
f 71 100 99
f 72 73 101
f 72 101 100
f 73 74 102
f 73 102 101
f 74 75 103
f 74 103 102
f 75 76 104
f 75 104 103
f 76 105 104
f 77 78 108
f 77 108 107
f 78 79 109
f 78 109 108
f 79 80 110
f 79 110 109
f 80 81 111
f 80 111 110
f 81 82 112
f 81 112 111
f 82 83 113
f 82 113 112
f 83 84 114
f 83 114 113
f 84 85 115
f 84 115 114
f 85 86 116
f 85 116 115
f 86 87 117
f 86 117 116
f 87 88 118
f 87 118 117
f 88 89 119
f 88 119 118
f 89 90 120
f 89 120 119
f 90 91 121
f 90 121 120
f 91 92 122
f 91 122 121
f 92 93 123
f 92 123 122
f 93 94 124
f 93 124 123
f 94 95 125
f 94 125 124
f 95 96 126
f 95 126 125
f 96 97 127
f 96 127 126
f 97 98 128
f 97 128 127
f 98 99 129
f 98 129 128
f 99 100 130
f 99 130 129
f 100 101 131
f 100 131 130
f 101 102 132
f 101 132 131
f 102 103 133
f 102 133 132
f 103 104 134
f 103 134 133
f 104 105 135
f 104 135 134
f 105 136 135
f 106 107 138
f 106 138 137
f 107 108 139
f 107 139 138
f 108 109 140
f 108 140 139
f 109 110 141
f 109 141 140
f 110 111 142
f 110 142 141
f 111 112 143
f 111 143 142
f 112 113 144
f 112 144 143
f 113 114 145
f 113 145 144
f 114 115 146
f 114 146 145
f 115 116 147
f 115 147 146
f 116 117 148
f 116 148 147
f 117 118 149
f 117 149 148
f 118 119 150
f 118 150 149
f 119 120 151
f 119 151 150
f 120 121 152
f 120 152 151
f 121 122 153
f 121 153 152
f 122 123 154
f 122 154 153
f 123 124 155
f 123 155 154
f 124 125 156
f 124 156 155
f 125 126 157
f 125 157 156
f 126 127 158
f 126 158 157
f 127 128 159
f 127 159 158
f 128 129 160
f 128 160 159
f 129 130 161
f 129 161 160
f 130 131 162
f 130 162 161
f 131 132 163
f 131 163 162
f 132 133 164
f 132 164 163
f 133 134 165
f 133 165 164
f 134 135 166
f 134 166 165
f 135 136 167
f 135 167 166
f 137 138 170
f 137 170 169
f 138 139 171
f 138 171 170
f 139 140 172
f 139 172 171
f 140 141 173
f 140 173 172
f 141 142 174
f 141 174 173
f 142 143 175
f 142 175 174
f 143 144 176
f 143 176 175
f 144 145 177
f 144 177 176
f 145 146 178
f 145 178 177
f 146 147 179
f 146 179 178
f 147 148 180
f 147 180 179
f 148 149 181
f 148 181 180
f 149 150 182
f 149 182 181
f 150 151 183
f 150 183 182
f 151 152 184
f 151 184 183
f 152 153 185
f 152 185 184
f 153 154 186
f 153 186 185
f 154 155 187
f 154 187 186
f 155 156 188
f 155 188 187
f 156 157 189
f 156 189 188
f 157 158 190
f 157 190 189
f 158 159 191
f 158 191 190
f 159 160 192
f 159 192 191
f 160 161 193
f 160 193 192
f 161 162 194
f 161 194 193
f 162 163 195
f 162 195 194
f 163 164 196
f 163 196 195
f 164 165 197
f 164 197 196
f 165 166 198
f 165 198 197
f 166 167 199
f 166 199 198
f 167 200 199
f 168 169 202
f 168 202 201
f 169 170 203
f 169 203 202
f 170 171 204
f 170 204 203
f 171 172 205
f 171 205 204
f 172 173 206
f 172 206 205
f 173 174 207
f 173 207 206
f 174 175 208
f 174 208 207
f 175 176 209
f 175 209 208
f 176 177 210
f 176 210 209
f 177 178 211
f 177 211 210
f 178 179 212
f 178 212 211
f 179 180 213
f 179 213 212
f 180 181 214
f 180 214 213
f 181 182 215
f 181 215 214
f 182 183 216
f 182 216 215
f 183 184 217
f 183 217 216
f 184 185 218
f 184 218 217
f 185 186 219
f 185 219 218
f 186 187 220
f 186 220 219
f 187 188 221
f 187 221 220
f 188 189 222
f 188 222 221
f 189 190 223
f 189 223 222
f 190 191 224
f 190 224 223
f 191 192 225
f 191 225 224
f 192 193 226
f 192 226 225
f 193 194 227
f 193 227 226
f 194 195 228
f 194 228 227
f 195 196 229
f 195 229 228
f 196 197 230
f 196 230 229
f 197 198 231
f 197 231 230
f 198 199 232
f 198 232 231
f 199 200 233
f 199 233 232
f 201 202 235
f 201 235 234
f 202 203 236
f 202 236 235
f 203 204 237
f 203 237 236
f 204 205 238
f 204 238 237
f 205 206 239
f 205 239 238
f 206 207 240
f 206 240 239
f 207 208 241
f 207 241 240
f 208 209 242
f 208 242 241
f 209 210 243
f 209 243 242
f 210 211 244
f 210 244 243
f 211 212 245
f 211 245 244
f 212 213 246
f 212 246 245
f 213 214 247
f 213 247 246
f 214 215 248
f 214 248 247
f 215 216 249
f 215 249 248
f 216 217 250
f 216 250 249
f 217 218 251
f 217 251 250
f 218 219 252
f 218 252 251
f 219 220 253
f 219 253 252
f 220 221 254
f 220 254 253
f 221 222 255
f 221 255 254
f 222 223 256
f 222 256 255
f 223 224 257
f 223 257 256
f 224 225 258
f 224 258 257
f 225 226 259
f 225 259 258
f 226 227 260
f 226 260 259
f 227 228 261
f 227 261 260
f 228 229 262
f 228 262 261
f 229 230 263
f 229 263 262
f 230 231 264
f 230 264 263
f 231 232 265
f 231 265 264
f 232 233 266
f 232 266 265
f 234 235 268
f 234 268 267
f 235 236 269
f 235 269 268
f 236 237 270
f 236 270 269
f 237 238 271
f 237 271 270
f 238 239 272
f 238 272 271
f 239 240 273
f 239 273 272
f 240 241 274
f 240 274 273
f 241 242 275
f 241 275 274
f 242 243 276
f 242 276 275
f 243 244 277
f 243 277 276
f 244 245 278
f 244 278 277
f 245 246 279
f 245 279 278
f 246 247 280
f 246 280 279
f 247 248 281
f 247 281 280
f 248 249 282
f 248 282 281
f 249 250 283
f 249 283 282
f 250 251 284
f 250 284 283
f 251 252 285
f 251 285 284
f 252 253 286
f 252 286 285
f 253 254 287
f 253 287 286
f 254 255 288
f 254 288 287
f 255 256 289
f 255 289 288
f 256 257 290
f 256 290 289
f 257 258 291
f 257 291 290
f 258 259 292
f 258 292 291
f 259 260 293
f 259 293 292
f 260 261 294
f 260 294 293
f 261 262 295
f 261 295 294
f 262 263 296
f 262 296 295
f 263 264 297
f 263 297 296
f 264 265 298
f 264 298 297
f 265 266 299
f 265 299 298
f 267 268 301
f 267 301 300
f 268 269 302
f 268 302 301
f 269 270 303
f 269 303 302
f 270 271 304
f 270 304 303
f 271 272 305
f 271 305 304
f 272 273 306
f 272 306 305
f 273 274 307
f 273 307 306
f 274 275 308
f 274 308 307
f 275 276 309
f 275 309 308
f 276 277 310
f 276 310 309
f 277 278 311
f 277 311 310
f 278 279 312
f 278 312 311
f 279 280 313
f 279 313 312
f 280 281 314
f 280 314 313
f 281 282 315
f 281 315 314
f 282 283 316
f 282 316 315
f 283 284 317
f 283 317 316
f 284 285 318
f 284 318 317
f 285 286 319
f 285 319 318
f 286 287 320
f 286 320 319
f 287 288 321
f 287 321 320
f 288 289 322
f 288 322 321
f 289 290 323
f 289 323 322
f 290 291 324
f 290 324 323
f 291 292 325
f 291 325 324
f 292 293 326
f 292 326 325
f 293 294 327
f 293 327 326
f 294 295 328
f 294 328 327
f 295 296 329
f 295 329 328
f 296 297 330
f 296 330 329
f 297 298 331
f 297 331 330
f 298 299 332
f 298 332 331
f 300 301 334
f 300 334 333
f 301 302 335
f 301 335 334
f 302 303 336
f 302 336 335
f 303 304 337
f 303 337 336
f 304 305 338
f 304 338 337
f 305 306 339
f 305 339 338
f 306 307 340
f 306 340 339
f 307 308 341
f 307 341 340
f 308 309 342
f 308 342 341
f 309 310 343
f 309 343 342
f 310 311 344
f 310 344 343
f 311 312 345
f 311 345 344
f 312 313 346
f 312 346 345
f 313 314 347
f 313 347 346
f 314 315 348
f 314 348 347
f 315 316 349
f 315 349 348
f 316 317 350
f 316 350 349
f 317 318 351
f 317 351 350
f 318 319 352
f 318 352 351
f 319 320 353
f 319 353 352
f 320 321 354
f 320 354 353
f 321 322 355
f 321 355 354
f 322 323 356
f 322 356 355
f 323 324 357
f 323 357 356
f 324 325 358
f 324 358 357
f 325 326 359
f 325 359 358
f 326 327 360
f 326 360 359
f 327 328 361
f 327 361 360
f 328 329 362
f 328 362 361
f 329 330 363
f 329 363 362
f 330 331 364
f 330 364 363
f 331 332 365
f 331 365 364
f 333 334 367
f 333 367 366
f 334 335 368
f 334 368 367
f 335 336 369
f 335 369 368
f 336 337 370
f 336 370 369
f 337 338 371
f 337 371 370
f 338 339 372
f 338 372 371
f 339 340 373
f 339 373 372
f 340 341 374
f 340 374 373
f 341 342 375
f 341 375 374
f 342 343 376
f 342 376 375
f 343 344 377
f 343 377 376
f 344 345 378
f 344 378 377
f 345 346 379
f 345 379 378
f 346 347 380
f 346 380 379
f 347 348 381
f 347 381 380
f 348 349 382
f 348 382 381
f 349 350 383
f 349 383 382
f 350 351 384
f 350 384 383
f 351 352 385
f 351 385 384
f 352 353 386
f 352 386 385
f 353 354 387
f 353 387 386
f 354 355 388
f 354 388 387
f 355 356 389
f 355 389 388
f 356 357 390
f 356 390 389
f 357 358 391
f 357 391 390
f 358 359 392
f 358 392 391
f 359 360 393
f 359 393 392
f 360 361 394
f 360 394 393
f 361 362 395
f 361 395 394
f 362 363 396
f 362 396 395
f 363 364 397
f 363 397 396
f 364 365 398
f 364 398 397
f 366 367 400
f 366 400 399
f 367 368 401
f 367 401 400
f 368 369 402
f 368 402 401
f 369 370 403
f 369 403 402
f 370 371 404
f 370 404 403
f 371 372 405
f 371 405 404
f 372 373 406
f 372 406 405
f 373 374 407
f 373 407 406
f 374 375 408
f 374 408 407
f 375 376 409
f 375 409 408
f 376 377 410
f 376 410 409
f 377 378 411
f 377 411 410
f 378 379 412
f 378 412 411
f 379 380 413
f 379 413 412
f 380 381 414
f 380 414 413
f 381 382 415
f 381 415 414
f 382 383 416
f 382 416 415
f 383 384 417
f 383 417 416
f 384 385 418
f 384 418 417
f 385 386 419
f 385 419 418
f 386 387 420
f 386 420 419
f 387 388 421
f 387 421 420
f 388 389 422
f 388 422 421
f 389 390 423
f 389 423 422
f 390 391 424
f 390 424 423
f 391 392 425
f 391 425 424
f 392 393 426
f 392 426 425
f 393 394 427
f 393 427 426
f 394 395 428
f 394 428 427
f 395 396 429
f 395 429 428
f 396 397 430
f 396 430 429
f 397 398 431
f 397 431 430
f 399 400 433
f 399 433 432
f 400 401 434
f 400 434 433
f 401 402 435
f 401 435 434
f 402 403 436
f 402 436 435
f 403 404 437
f 403 437 436
f 404 405 438
f 404 438 437
f 405 406 439
f 405 439 438
f 406 407 440
f 406 440 439
f 407 408 441
f 407 441 440
f 408 409 442
f 408 442 441
f 409 410 443
f 409 443 442
f 410 411 444
f 410 444 443
f 411 412 445
f 411 445 444
f 412 413 446
f 412 446 445
f 413 414 447
f 413 447 446
f 414 415 448
f 414 448 447
f 415 416 449
f 415 449 448
f 416 417 450
f 416 450 449
f 417 418 451
f 417 451 450
f 418 419 452
f 418 452 451
f 419 420 453
f 419 453 452
f 420 421 454
f 420 454 453
f 421 422 455
f 421 455 454
f 422 423 456
f 422 456 455
f 423 424 457
f 423 457 456
f 424 425 458
f 424 458 457
f 425 426 459
f 425 459 458
f 426 427 460
f 426 460 459
f 427 428 461
f 427 461 460
f 428 429 462
f 428 462 461
f 429 430 463
f 429 463 462
f 430 431 464
f 430 464 463
f 432 433 466
f 432 466 465
f 433 434 467
f 433 467 466
f 434 435 468
f 434 468 467
f 435 436 469
f 435 469 468
f 436 437 470
f 436 470 469
f 437 438 471
f 437 471 470
f 438 439 472
f 438 472 471
f 439 440 473
f 439 473 472
f 440 441 474
f 440 474 473
f 441 442 475
f 441 475 474
f 442 443 476
f 442 476 475
f 443 444 477
f 443 477 476
f 444 445 478
f 444 478 477
f 445 446 479
f 445 479 478
f 446 447 480
f 446 480 479
f 447 448 481
f 447 481 480
f 448 449 482
f 448 482 481
f 449 450 483
f 449 483 482
f 450 451 484
f 450 484 483
f 451 452 485
f 451 485 484
f 452 453 486
f 452 486 485
f 453 454 487
f 453 487 486
f 454 455 488
f 454 488 487
f 455 456 489
f 455 489 488
f 456 457 490
f 456 490 489
f 457 458 491
f 457 491 490
f 458 459 492
f 458 492 491
f 459 460 493
f 459 493 492
f 460 461 494
f 460 494 493
f 461 462 495
f 461 495 494
f 462 463 496
f 462 496 495
f 463 464 497
f 463 497 496
f 465 466 499
f 465 499 498
f 466 467 500
f 466 500 499
f 467 468 501
f 467 501 500
f 468 469 502
f 468 502 501
f 469 470 503
f 469 503 502
f 470 471 504
f 470 504 503
f 471 472 505
f 471 505 504
f 472 473 506
f 472 506 505
f 473 474 507
f 473 507 506
f 474 475 508
f 474 508 507
f 475 476 509
f 475 509 508
f 476 477 510
f 476 510 509
f 477 478 511
f 477 511 510
f 478 479 512
f 478 512 511
f 479 480 513
f 479 513 512
f 480 481 514
f 480 514 513
f 481 482 515
f 481 515 514
f 482 483 516
f 482 516 515
f 483 484 517
f 483 517 516
f 484 485 518
f 484 518 517
f 485 486 519
f 485 519 518
f 486 487 520
f 486 520 519
f 487 488 521
f 487 521 520
f 488 489 522
f 488 522 521
f 489 490 523
f 489 523 522
f 490 491 524
f 490 524 523
f 491 492 525
f 491 525 524
f 492 493 526
f 492 526 525
f 493 494 527
f 493 527 526
f 494 495 528
f 494 528 527
f 495 496 529
f 495 529 528
f 496 497 530
f 496 530 529
f 498 499 531
f 499 500 532
f 499 532 531
f 500 501 533
f 500 533 532
f 501 502 534
f 501 534 533
f 502 503 535
f 502 535 534
f 503 504 536
f 503 536 535
f 504 505 537
f 504 537 536
f 505 506 538
f 505 538 537
f 506 507 539
f 506 539 538
f 507 508 540
f 507 540 539
f 508 509 541
f 508 541 540
f 509 510 542
f 509 542 541
f 510 511 543
f 510 543 542
f 511 512 544
f 511 544 543
f 512 513 545
f 512 545 544
f 513 514 546
f 513 546 545
f 514 515 547
f 514 547 546
f 515 516 548
f 515 548 547
f 516 517 549
f 516 549 548
f 517 518 550
f 517 550 549
f 518 519 551
f 518 551 550
f 519 520 552
f 519 552 551
f 520 521 553
f 520 553 552
f 521 522 554
f 521 554 553
f 522 523 555
f 522 555 554
f 523 524 556
f 523 556 555
f 524 525 557
f 524 557 556
f 525 526 558
f 525 558 557
f 526 527 559
f 526 559 558
f 527 528 560
f 527 560 559
f 528 529 561
f 528 561 560
f 531 532 563
f 531 563 562
f 532 533 564
f 532 564 563
f 533 534 565
f 533 565 564
f 534 535 566
f 534 566 565
f 535 536 567
f 535 567 566
f 536 537 568
f 536 568 567
f 537 538 569
f 537 569 568
f 538 539 570
f 538 570 569
f 539 540 571
f 539 571 570
f 540 541 572
f 540 572 571
f 541 542 573
f 541 573 572
f 542 543 574
f 542 574 573
f 543 544 575
f 543 575 574
f 544 545 576
f 544 576 575
f 545 546 577
f 545 577 576
f 546 547 578
f 546 578 577
f 547 548 579
f 547 579 578
f 548 549 580
f 548 580 579
f 549 550 581
f 549 581 580
f 550 551 582
f 550 582 581
f 551 552 583
f 551 583 582
f 552 553 584
f 552 584 583
f 553 554 585
f 553 585 584
f 554 555 586
f 554 586 585
f 555 556 587
f 555 587 586
f 556 557 588
f 556 588 587
f 557 558 589
f 557 589 588
f 558 559 590
f 558 590 589
f 559 560 591
f 559 591 590
f 560 561 592
f 560 592 591
f 562 563 594
f 562 594 593
f 563 564 595
f 563 595 594
f 564 565 596
f 564 596 595
f 565 566 597
f 565 597 596
f 566 567 598
f 566 598 597
f 567 568 599
f 567 599 598
f 568 569 600
f 568 600 599
f 569 570 601
f 569 601 600
f 570 571 602
f 570 602 601
f 571 572 603
f 571 603 602
f 572 573 604
f 572 604 603
f 573 574 605
f 573 605 604
f 574 575 606
f 574 606 605
f 575 576 607
f 575 607 606
f 576 577 608
f 576 608 607
f 577 578 609
f 577 609 608
f 578 579 610
f 578 610 609
f 579 580 611
f 579 611 610
f 580 581 612
f 580 612 611
f 581 582 613
f 581 613 612
f 582 583 614
f 582 614 613
f 583 584 615
f 583 615 614
f 584 585 616
f 584 616 615
f 585 586 617
f 585 617 616
f 586 587 618
f 586 618 617
f 587 588 619
f 587 619 618
f 588 589 620
f 588 620 619
f 589 590 621
f 589 621 620
f 590 591 622
f 590 622 621
f 591 592 623
f 591 623 622
f 593 594 625
f 593 625 624
f 594 595 626
f 594 626 625
f 595 596 627
f 595 627 626
f 596 597 628
f 596 628 627
f 597 598 629
f 597 629 628
f 598 599 630
f 598 630 629
f 599 600 631
f 599 631 630
f 600 601 632
f 600 632 631
f 601 602 633
f 601 633 632
f 602 603 634
f 602 634 633
f 603 604 635
f 603 635 634
f 604 605 636
f 604 636 635
f 605 606 637
f 605 637 636
f 606 607 638
f 606 638 637
f 607 608 639
f 607 639 638
f 608 609 640
f 608 640 639
f 609 610 641
f 609 641 640
f 610 611 642
f 610 642 641
f 611 612 643
f 611 643 642
f 612 613 644
f 612 644 643
f 613 614 645
f 613 645 644
f 614 615 646
f 614 646 645
f 615 616 647
f 615 647 646
f 616 617 648
f 616 648 647
f 617 618 649
f 617 649 648
f 618 619 650
f 618 650 649
f 619 620 651
f 619 651 650
f 620 621 652
f 620 652 651
f 621 622 653
f 621 653 652
f 622 623 654
f 622 654 653
f 624 625 656
f 624 656 655
f 625 626 657
f 625 657 656
f 626 627 658
f 626 658 657
f 627 628 659
f 627 659 658
f 628 629 660
f 628 660 659
f 629 630 661
f 629 661 660
f 630 631 662
f 630 662 661
f 631 632 663
f 631 663 662
f 632 633 664
f 632 664 663
f 633 634 665
f 633 665 664
f 634 635 666
f 634 666 665
f 635 636 667
f 635 667 666
f 636 637 668
f 636 668 667
f 637 638 669
f 637 669 668
f 638 639 670
f 638 670 669
f 639 640 671
f 639 671 670
f 640 641 672
f 640 672 671
f 641 642 673
f 641 673 672
f 642 643 674
f 642 674 673
f 643 644 675
f 643 675 674
f 644 645 676
f 644 676 675
f 645 646 677
f 645 677 676
f 646 647 678
f 646 678 677
f 647 648 679
f 647 679 678
f 648 649 680
f 648 680 679
f 649 650 681
f 649 681 680
f 650 651 682
f 650 682 681
f 651 652 683
f 651 683 682
f 652 653 684
f 652 684 683
f 653 654 685
f 653 685 684
f 655 656 687
f 655 687 686
f 656 657 688
f 656 688 687
f 657 658 689
f 657 689 688
f 658 659 690
f 658 690 689
f 659 660 691
f 659 691 690
f 660 661 692
f 660 692 691
f 661 662 693
f 661 693 692
f 662 663 694
f 662 694 693
f 663 664 695
f 663 695 694
f 664 665 696
f 664 696 695
f 665 666 697
f 665 697 696
f 666 667 698
f 666 698 697
f 667 668 699
f 667 699 698
f 668 669 700
f 668 700 699
f 669 670 701
f 669 701 700
f 670 671 702
f 670 702 701
f 671 672 703
f 671 703 702
f 672 673 704
f 672 704 703
f 673 674 705
f 673 705 704
f 674 675 706
f 674 706 705
f 675 676 707
f 675 707 706
f 676 677 708
f 676 708 707
f 677 678 709
f 677 709 708
f 678 679 710
f 678 710 709
f 679 680 711
f 679 711 710
f 680 681 712
f 680 712 711
f 681 682 713
f 681 713 712
f 682 683 714
f 682 714 713
f 683 684 715
f 683 715 714
f 684 685 716
f 684 716 715
f 686 687 718
f 686 718 717
f 687 688 719
f 687 719 718
f 688 689 720
f 688 720 719
f 689 690 721
f 689 721 720
f 690 691 722
f 690 722 721
f 691 692 723
f 691 723 722
f 692 693 724
f 692 724 723
f 693 694 725
f 693 725 724
f 694 695 726
f 694 726 725
f 695 696 727
f 695 727 726
f 696 697 728
f 696 728 727
f 697 698 729
f 697 729 728
f 698 699 730
f 698 730 729
f 699 700 731
f 699 731 730
f 700 701 732
f 700 732 731
f 701 702 733
f 701 733 732
f 702 703 734
f 702 734 733
f 703 704 735
f 703 735 734
f 704 705 736
f 704 736 735
f 705 706 737
f 705 737 736
f 706 707 738
f 706 738 737
f 707 708 739
f 707 739 738
f 708 709 740
f 708 740 739
f 709 710 741
f 709 741 740
f 710 711 742
f 710 742 741
f 711 712 743
f 711 743 742
f 712 713 744
f 712 744 743
f 713 714 745
f 713 745 744
f 714 715 746
f 714 746 745
f 715 716 747
f 715 747 746
f 717 718 749
f 717 749 748
f 718 719 750
f 718 750 749
f 719 720 751
f 719 751 750
f 720 721 752
f 720 752 751
f 721 722 753
f 721 753 752
f 722 723 754
f 722 754 753
f 723 724 755
f 723 755 754
f 724 725 756
f 724 756 755
f 725 726 757
f 725 757 756
f 726 727 758
f 726 758 757
f 727 728 759
f 727 759 758
f 728 729 760
f 728 760 759
f 729 730 761
f 729 761 760
f 730 731 762
f 730 762 761
f 731 732 763
f 731 763 762
f 732 733 764
f 732 764 763
f 733 734 765
f 733 765 764
f 734 735 766
f 734 766 765
f 735 736 767
f 735 767 766
f 736 737 768
f 736 768 767
f 737 738 769
f 737 769 768
f 738 739 770
f 738 770 769
f 739 740 771
f 739 771 770
f 740 741 772
f 740 772 771
f 741 742 773
f 741 773 772
f 742 743 774
f 742 774 773
f 743 744 775
f 743 775 774
f 744 745 776
f 744 776 775
f 745 746 777
f 745 777 776
f 746 747 778
f 746 778 777
f 748 749 780
f 748 780 779
f 749 750 781
f 749 781 780
f 750 751 782
f 750 782 781
f 751 752 783
f 751 783 782
f 752 753 784
f 752 784 783
f 753 754 785
f 753 785 784
f 754 755 786
f 754 786 785
f 755 756 787
f 755 787 786
f 756 757 788
f 756 788 787
f 757 758 789
f 757 789 788
f 758 759 790
f 758 790 789
f 759 760 791
f 759 791 790
f 760 761 792
f 760 792 791
f 761 762 793
f 761 793 792
f 762 763 794
f 762 794 793
f 763 764 795
f 763 795 794
f 764 765 796
f 764 796 795
f 765 766 797
f 765 797 796
f 766 767 798
f 766 798 797
f 767 768 799
f 767 799 798
f 768 769 800
f 768 800 799
f 769 770 801
f 769 801 800
f 770 771 802
f 770 802 801
f 771 772 803
f 771 803 802
f 772 773 804
f 772 804 803
f 773 774 805
f 773 805 804
f 774 775 806
f 774 806 805
f 775 776 807
f 775 807 806
f 776 777 808
f 776 808 807
f 777 778 809
f 777 809 808
f 779 780 811
f 779 811 810
f 780 781 812
f 780 812 811
f 781 782 813
f 781 813 812
f 782 783 814
f 782 814 813
f 783 784 815
f 783 815 814
f 784 785 816
f 784 816 815
f 785 786 817
f 785 817 816
f 786 787 818
f 786 818 817
f 787 788 819
f 787 819 818
f 788 789 820
f 788 820 819
f 789 790 821
f 789 821 820
f 790 791 822
f 790 822 821
f 791 792 823
f 791 823 822
f 792 793 824
f 792 824 823
f 793 794 825
f 793 825 824
f 794 795 826
f 794 826 825
f 795 796 827
f 795 827 826
f 796 797 828
f 796 828 827
f 797 798 829
f 797 829 828
f 798 799 830
f 798 830 829
f 799 800 831
f 799 831 830
f 800 801 832
f 800 832 831
f 801 802 833
f 801 833 832
f 802 803 834
f 802 834 833
f 803 804 835
f 803 835 834
f 804 805 836
f 804 836 835
f 805 806 837
f 805 837 836
f 806 807 838
f 806 838 837
f 807 808 839
f 807 839 838
f 808 809 840
f 808 840 839
f 810 811 841
f 811 812 842
f 811 842 841
f 812 813 843
f 812 843 842
f 813 814 844
f 813 844 843
f 814 815 845
f 814 845 844
f 815 816 846
f 815 846 845
f 816 817 847
f 816 847 846
f 817 818 848
f 817 848 847
f 818 819 849
f 818 849 848
f 819 820 850
f 819 850 849
f 820 821 851
f 820 851 850
f 821 822 852
f 821 852 851
f 822 823 853
f 822 853 852
f 823 824 854
f 823 854 853
f 824 825 855
f 824 855 854
f 825 826 856
f 825 856 855
f 826 827 857
f 826 857 856
f 827 828 858
f 827 858 857
f 828 829 859
f 828 859 858
f 829 830 860
f 829 860 859
f 830 831 861
f 830 861 860
f 831 832 862
f 831 862 861
f 832 833 863
f 832 863 862
f 833 834 864
f 833 864 863
f 834 835 865
f 834 865 864
f 835 836 866
f 835 866 865
f 836 837 867
f 836 867 866
f 837 838 868
f 837 868 867
f 838 839 869
f 838 869 868
f 841 842 871
f 841 871 870
f 842 843 872
f 842 872 871
f 843 844 873
f 843 873 872
f 844 845 874
f 844 874 873
f 845 846 875
f 845 875 874
f 846 847 876
f 846 876 875
f 847 848 877
f 847 877 876
f 848 849 878
f 848 878 877
f 849 850 879
f 849 879 878
f 850 851 880
f 850 880 879
f 851 852 881
f 851 881 880
f 852 853 882
f 852 882 881
f 853 854 883
f 853 883 882
f 854 855 884
f 854 884 883
f 855 856 885
f 855 885 884
f 856 857 886
f 856 886 885
f 857 858 887
f 857 887 886
f 858 859 888
f 858 888 887
f 859 860 889
f 859 889 888
f 860 861 890
f 860 890 889
f 861 862 891
f 861 891 890
f 862 863 892
f 862 892 891
f 863 864 893
f 863 893 892
f 864 865 894
f 864 894 893
f 865 866 895
f 865 895 894
f 866 867 896
f 866 896 895
f 867 868 897
f 867 897 896
f 868 869 898
f 868 898 897
f 870 871 900
f 870 900 899
f 871 872 901
f 871 901 900
f 872 873 902
f 872 902 901
f 873 874 903
f 873 903 902
f 874 875 904
f 874 904 903
f 875 876 905
f 875 905 904
f 876 877 906
f 876 906 905
f 877 878 907
f 877 907 906
f 878 879 908
f 878 908 907
f 879 880 909
f 879 909 908
f 880 881 910
f 880 910 909
f 881 882 911
f 881 911 910
f 882 883 912
f 882 912 911
f 883 884 913
f 883 913 912
f 884 885 914
f 884 914 913
f 885 886 915
f 885 915 914
f 886 887 916
f 886 916 915
f 887 888 917
f 887 917 916
f 888 889 918
f 888 918 917
f 889 890 919
f 889 919 918
f 890 891 920
f 890 920 919
f 891 892 921
f 891 921 920
f 892 893 922
f 892 922 921
f 893 894 923
f 893 923 922
f 894 895 924
f 894 924 923
f 895 896 925
f 895 925 924
f 896 897 926
f 896 926 925
f 897 898 927
f 897 927 926
f 899 900 929
f 899 929 928
f 900 901 930
f 900 930 929
f 901 902 931
f 901 931 930
f 902 903 932
f 902 932 931
f 903 904 933
f 903 933 932
f 904 905 934
f 904 934 933
f 905 906 935
f 905 935 934
f 906 907 936
f 906 936 935
f 907 908 937
f 907 937 936
f 908 909 938
f 908 938 937
f 909 910 939
f 909 939 938
f 910 911 940
f 910 940 939
f 911 912 941
f 911 941 940
f 912 913 942
f 912 942 941
f 913 914 943
f 913 943 942
f 914 915 944
f 914 944 943
f 915 916 945
f 915 945 944
f 916 917 946
f 916 946 945
f 917 918 947
f 917 947 946
f 918 919 948
f 918 948 947
f 919 920 949
f 919 949 948
f 920 921 950
f 920 950 949
f 921 922 951
f 921 951 950
f 922 923 952
f 922 952 951
f 923 924 953
f 923 953 952
f 924 925 954
f 924 954 953
f 925 926 955
f 925 955 954
f 926 927 956
f 926 956 955
f 928 929 958
f 928 958 957
f 929 930 959
f 929 959 958
f 930 931 960
f 930 960 959
f 931 932 961
f 931 961 960
f 932 933 962
f 932 962 961
f 933 934 963
f 933 963 962
f 934 935 964
f 934 964 963
f 935 936 965
f 935 965 964
f 936 937 966
f 936 966 965
f 937 938 967
f 937 967 966
f 938 939 968
f 938 968 967
f 939 940 969
f 939 969 968
f 940 941 970
f 940 970 969
f 941 942 971
f 941 971 970
f 942 943 972
f 942 972 971
f 943 944 973
f 943 973 972
f 944 945 974
f 944 974 973
f 945 946 975
f 945 975 974
f 946 947 976
f 946 976 975
f 947 948 977
f 947 977 976
f 948 949 978
f 948 978 977
f 949 950 979
f 949 979 978
f 950 951 980
f 950 980 979
f 951 952 981
f 951 981 980
f 952 953 982
f 952 982 981
f 953 954 983
f 953 983 982
f 954 955 984
f 954 984 983
f 955 956 985
f 955 985 984
f 957 958 987
f 957 987 986
f 958 959 988
f 958 988 987
f 959 960 989
f 959 989 988
f 960 961 990
f 960 990 989
f 961 962 991
f 961 991 990
f 962 963 992
f 962 992 991
f 963 964 993
f 963 993 992
f 964 965 994
f 964 994 993
f 965 966 995
f 965 995 994
f 966 967 996
f 966 996 995
f 967 968 997
f 967 997 996
f 968 969 998
f 968 998 997
f 969 970 999
f 969 999 998
f 970 971 1000
f 970 1000 999
f 971 972 1001
f 971 1001 1000
f 972 973 1002
f 972 1002 1001
f 973 974 1003
f 973 1003 1002
f 974 975 1004
f 974 1004 1003
f 975 976 1005
f 975 1005 1004
f 976 977 1006
f 976 1006 1005
f 977 978 1007
f 977 1007 1006
f 978 979 1008
f 978 1008 1007
f 979 980 1009
f 979 1009 1008
f 980 981 1010
f 980 1010 1009
f 981 982 1011
f 981 1011 1010
f 982 983 1012
f 982 1012 1011
f 983 984 1013
f 983 1013 1012
f 984 985 1014
f 984 1014 1013
f 986 987 1015
f 987 988 1016
f 987 1016 1015
f 988 989 1017
f 988 1017 1016
f 989 990 1018
f 989 1018 1017
f 990 991 1019
f 990 1019 1018
f 991 992 1020
f 991 1020 1019
f 992 993 1021
f 992 1021 1020
f 993 994 1022
f 993 1022 1021
f 994 995 1023
f 994 1023 1022
f 995 996 1024
f 995 1024 1023
f 996 997 1025
f 996 1025 1024
f 997 998 1026
f 997 1026 1025
f 998 999 1027
f 998 1027 1026
f 999 1000 1028
f 999 1028 1027
f 1000 1001 1029
f 1000 1029 1028
f 1001 1002 1030
f 1001 1030 1029
f 1002 1003 1031
f 1002 1031 1030
f 1003 1004 1032
f 1003 1032 1031
f 1004 1005 1033
f 1004 1033 1032
f 1005 1006 1034
f 1005 1034 1033
f 1006 1007 1035
f 1006 1035 1034
f 1007 1008 1036
f 1007 1036 1035
f 1008 1009 1037
f 1008 1037 1036
f 1009 1010 1038
f 1009 1038 1037
f 1010 1011 1039
f 1010 1039 1038
f 1011 1012 1040
f 1011 1040 1039
f 1012 1013 1041
f 1012 1041 1040
f 1015 1016 1043
f 1015 1043 1042
f 1016 1017 1044
f 1016 1044 1043
f 1017 1018 1045
f 1017 1045 1044
f 1018 1019 1046
f 1018 1046 1045
f 1019 1020 1047
f 1019 1047 1046
f 1020 1021 1048
f 1020 1048 1047
f 1021 1022 1049
f 1021 1049 1048
f 1022 1023 1050
f 1022 1050 1049
f 1023 1024 1051
f 1023 1051 1050
f 1024 1025 1052
f 1024 1052 1051
f 1025 1026 1053
f 1025 1053 1052
f 1026 1027 1054
f 1026 1054 1053
f 1027 1028 1055
f 1027 1055 1054
f 1028 1029 1056
f 1028 1056 1055
f 1029 1030 1057
f 1029 1057 1056
f 1030 1031 1058
f 1030 1058 1057
f 1031 1032 1059
f 1031 1059 1058
f 1032 1033 1060
f 1032 1060 1059
f 1033 1034 1061
f 1033 1061 1060
f 1034 1035 1062
f 1034 1062 1061
f 1035 1036 1063
f 1035 1063 1062
f 1036 1037 1064
f 1036 1064 1063
f 1037 1038 1065
f 1037 1065 1064
f 1038 1039 1066
f 1038 1066 1065
f 1039 1040 1067
f 1039 1067 1066
f 1040 1041 1068
f 1040 1068 1067
f 1042 1043 1070
f 1042 1070 1069
f 1043 1044 1071
f 1043 1071 1070
f 1044 1045 1072
f 1044 1072 1071
f 1045 1046 1073
f 1045 1073 1072
f 1046 1047 1074
f 1046 1074 1073
f 1047 1048 1075
f 1047 1075 1074
f 1048 1049 1076
f 1048 1076 1075
f 1049 1050 1077
f 1049 1077 1076
f 1050 1051 1078
f 1050 1078 1077
f 1051 1052 1079
f 1051 1079 1078
f 1052 1053 1080
f 1052 1080 1079
f 1053 1054 1081
f 1053 1081 1080
f 1054 1055 1082
f 1054 1082 1081
f 1055 1056 1083
f 1055 1083 1082
f 1056 1057 1084
f 1056 1084 1083
f 1057 1058 1085
f 1057 1085 1084
f 1058 1059 1086
f 1058 1086 1085
f 1059 1060 1087
f 1059 1087 1086
f 1060 1061 1088
f 1060 1088 1087
f 1061 1062 1089
f 1061 1089 1088
f 1062 1063 1090
f 1062 1090 1089
f 1063 1064 1091
f 1063 1091 1090
f 1064 1065 1092
f 1064 1092 1091
f 1065 1066 1093
f 1065 1093 1092
f 1066 1067 1094
f 1066 1094 1093
f 1067 1068 1095
f 1067 1095 1094
f 1069 1070 1097
f 1069 1097 1096
f 1070 1071 1098
f 1070 1098 1097
f 1071 1072 1099
f 1071 1099 1098
f 1072 1073 1100
f 1072 1100 1099
f 1073 1074 1101
f 1073 1101 1100
f 1074 1075 1102
f 1074 1102 1101
f 1075 1076 1103
f 1075 1103 1102
f 1076 1077 1104
f 1076 1104 1103
f 1077 1078 1105
f 1077 1105 1104
f 1078 1079 1106
f 1078 1106 1105
f 1079 1080 1107
f 1079 1107 1106
f 1080 1081 1108
f 1080 1108 1107
f 1081 1082 1109
f 1081 1109 1108
f 1082 1083 1110
f 1082 1110 1109
f 1083 1084 1111
f 1083 1111 1110
f 1084 1085 1112
f 1084 1112 1111
f 1085 1086 1113
f 1085 1113 1112
f 1086 1087 1114
f 1086 1114 1113
f 1087 1088 1115
f 1087 1115 1114
f 1088 1089 1116
f 1088 1116 1115
f 1089 1090 1117
f 1089 1117 1116
f 1090 1091 1118
f 1090 1118 1117
f 1091 1092 1119
f 1091 1119 1118
f 1092 1093 1120
f 1092 1120 1119
f 1093 1094 1121
f 1093 1121 1120
f 1094 1095 1122
f 1094 1122 1121
f 1096 1097 1124
f 1096 1124 1123
f 1097 1098 1125
f 1097 1125 1124
f 1098 1099 1126
f 1098 1126 1125
f 1099 1100 1127
f 1099 1127 1126
f 1100 1101 1128
f 1100 1128 1127
f 1101 1102 1129
f 1101 1129 1128
f 1102 1103 1130
f 1102 1130 1129
f 1103 1104 1131
f 1103 1131 1130
f 1104 1105 1132
f 1104 1132 1131
f 1105 1106 1133
f 1105 1133 1132
f 1106 1107 1134
f 1106 1134 1133
f 1107 1108 1135
f 1107 1135 1134
f 1108 1109 1136
f 1108 1136 1135
f 1109 1110 1137
f 1109 1137 1136
f 1110 1111 1138
f 1110 1138 1137
f 1111 1112 1139
f 1111 1139 1138
f 1112 1113 1140
f 1112 1140 1139
f 1113 1114 1141
f 1113 1141 1140
f 1114 1115 1142
f 1114 1142 1141
f 1115 1116 1143
f 1115 1143 1142
f 1116 1117 1144
f 1116 1144 1143
f 1117 1118 1145
f 1117 1145 1144
f 1118 1119 1146
f 1118 1146 1145
f 1119 1120 1147
f 1119 1147 1146
f 1120 1121 1148
f 1120 1148 1147
f 1121 1122 1149
f 1121 1149 1148
f 1123 1124 1151
f 1123 1151 1150
f 1124 1125 1152
f 1124 1152 1151
f 1125 1126 1153
f 1125 1153 1152
f 1126 1127 1154
f 1126 1154 1153
f 1127 1128 1155
f 1127 1155 1154
f 1128 1129 1156
f 1128 1156 1155
f 1129 1130 1157
f 1129 1157 1156
f 1130 1131 1158
f 1130 1158 1157
f 1131 1132 1159
f 1131 1159 1158
f 1132 1133 1160
f 1132 1160 1159
f 1133 1134 1161
f 1133 1161 1160
f 1134 1135 1162
f 1134 1162 1161
f 1135 1136 1163
f 1135 1163 1162
f 1136 1137 1164
f 1136 1164 1163
f 1137 1138 1165
f 1137 1165 1164
f 1138 1139 1166
f 1138 1166 1165
f 1139 1140 1167
f 1139 1167 1166
f 1140 1141 1168
f 1140 1168 1167
f 1141 1142 1169
f 1141 1169 1168
f 1142 1143 1170
f 1142 1170 1169
f 1143 1144 1171
f 1143 1171 1170
f 1144 1145 1172
f 1144 1172 1171
f 1145 1146 1173
f 1145 1173 1172
f 1146 1147 1174
f 1146 1174 1173
f 1147 1148 1175
f 1147 1175 1174
f 1148 1149 1176
f 1148 1176 1175
f 1150 1151 1178
f 1150 1178 1177
f 1151 1152 1179
f 1151 1179 1178
f 1152 1153 1180
f 1152 1180 1179
f 1153 1154 1181
f 1153 1181 1180
f 1154 1155 1182
f 1154 1182 1181
f 1155 1156 1183
f 1155 1183 1182
f 1156 1157 1184
f 1156 1184 1183
f 1157 1158 1185
f 1157 1185 1184
f 1158 1159 1186
f 1158 1186 1185
f 1159 1160 1187
f 1159 1187 1186
f 1160 1161 1188
f 1160 1188 1187
f 1161 1162 1189
f 1161 1189 1188
f 1162 1163 1190
f 1162 1190 1189
f 1163 1164 1191
f 1163 1191 1190
f 1164 1165 1192
f 1164 1192 1191
f 1165 1166 1193
f 1165 1193 1192
f 1166 1167 1194
f 1166 1194 1193
f 1167 1168 1195
f 1167 1195 1194
f 1168 1169 1196
f 1168 1196 1195
f 1169 1170 1197
f 1169 1197 1196
f 1170 1171 1198
f 1170 1198 1197
f 1171 1172 1199
f 1171 1199 1198
f 1172 1173 1200
f 1172 1200 1199
f 1173 1174 1201
f 1173 1201 1200
f 1174 1175 1202
f 1174 1202 1201
f 1175 1176 1203
f 1175 1203 1202
f 1177 1178 1204
f 1178 1179 1205
f 1178 1205 1204
f 1179 1180 1206
f 1179 1206 1205
f 1180 1181 1207
f 1180 1207 1206
f 1181 1182 1208
f 1181 1208 1207
f 1182 1183 1209
f 1182 1209 1208
f 1183 1184 1210
f 1183 1210 1209
f 1184 1185 1211
f 1184 1211 1210
f 1185 1186 1212
f 1185 1212 1211
f 1186 1187 1213
f 1186 1213 1212
f 1187 1188 1214
f 1187 1214 1213
f 1188 1189 1215
f 1188 1215 1214
f 1189 1190 1216
f 1189 1216 1215
f 1190 1191 1217
f 1190 1217 1216
f 1191 1192 1218
f 1191 1218 1217
f 1192 1193 1219
f 1192 1219 1218
f 1193 1194 1220
f 1193 1220 1219
f 1194 1195 1221
f 1194 1221 1220
f 1195 1196 1222
f 1195 1222 1221
f 1196 1197 1223
f 1196 1223 1222
f 1197 1198 1224
f 1197 1224 1223
f 1198 1199 1225
f 1198 1225 1224
f 1199 1200 1226
f 1199 1226 1225
f 1200 1201 1227
f 1200 1227 1226
f 1201 1202 1228
f 1201 1228 1227
f 1204 1205 1230
f 1204 1230 1229
f 1205 1206 1231
f 1205 1231 1230
f 1206 1207 1232
f 1206 1232 1231
f 1207 1208 1233
f 1207 1233 1232
f 1208 1209 1234
f 1208 1234 1233
f 1209 1210 1235
f 1209 1235 1234
f 1210 1211 1236
f 1210 1236 1235
f 1211 1212 1237
f 1211 1237 1236
f 1212 1213 1238
f 1212 1238 1237
f 1213 1214 1239
f 1213 1239 1238
f 1214 1215 1240
f 1214 1240 1239
f 1215 1216 1241
f 1215 1241 1240
f 1216 1217 1242
f 1216 1242 1241
f 1217 1218 1243
f 1217 1243 1242
f 1218 1219 1244
f 1218 1244 1243
f 1219 1220 1245
f 1219 1245 1244
f 1220 1221 1246
f 1220 1246 1245
f 1221 1222 1247
f 1221 1247 1246
f 1222 1223 1248
f 1222 1248 1247
f 1223 1224 1249
f 1223 1249 1248
f 1224 1225 1250
f 1224 1250 1249
f 1225 1226 1251
f 1225 1251 1250
f 1226 1227 1252
f 1226 1252 1251
f 1227 1228 1253
f 1227 1253 1252
f 1229 1230 1255
f 1229 1255 1254
f 1230 1231 1256
f 1230 1256 1255
f 1231 1232 1257
f 1231 1257 1256
f 1232 1233 1258
f 1232 1258 1257
f 1233 1234 1259
f 1233 1259 1258
f 1234 1235 1260
f 1234 1260 1259
f 1235 1236 1261
f 1235 1261 1260
f 1236 1237 1262
f 1236 1262 1261
f 1237 1238 1263
f 1237 1263 1262
f 1238 1239 1264
f 1238 1264 1263
f 1239 1240 1265
f 1239 1265 1264
f 1240 1241 1266
f 1240 1266 1265
f 1241 1242 1267
f 1241 1267 1266
f 1242 1243 1268
f 1242 1268 1267
f 1243 1244 1269
f 1243 1269 1268
f 1244 1245 1270
f 1244 1270 1269
f 1245 1246 1271
f 1245 1271 1270
f 1246 1247 1272
f 1246 1272 1271
f 1247 1248 1273
f 1247 1273 1272
f 1248 1249 1274
f 1248 1274 1273
f 1249 1250 1275
f 1249 1275 1274
f 1250 1251 1276
f 1250 1276 1275
f 1251 1252 1277
f 1251 1277 1276
f 1252 1253 1278
f 1252 1278 1277
f 1254 1255 1280
f 1254 1280 1279
f 1255 1256 1281
f 1255 1281 1280
f 1256 1257 1282
f 1256 1282 1281
f 1257 1258 1283
f 1257 1283 1282
f 1258 1259 1284
f 1258 1284 1283
f 1259 1260 1285
f 1259 1285 1284
f 1260 1261 1286
f 1260 1286 1285
f 1261 1262 1287
f 1261 1287 1286
f 1262 1263 1288
f 1262 1288 1287
f 1263 1264 1289
f 1263 1289 1288
f 1264 1265 1290
f 1264 1290 1289
f 1265 1266 1291
f 1265 1291 1290
f 1266 1267 1292
f 1266 1292 1291
f 1267 1268 1293
f 1267 1293 1292
f 1268 1269 1294
f 1268 1294 1293
f 1269 1270 1295
f 1269 1295 1294
f 1270 1271 1296
f 1270 1296 1295
f 1271 1272 1297
f 1271 1297 1296
f 1272 1273 1298
f 1272 1298 1297
f 1273 1274 1299
f 1273 1299 1298
f 1274 1275 1300
f 1274 1300 1299
f 1275 1276 1301
f 1275 1301 1300
f 1276 1277 1302
f 1276 1302 1301
f 1277 1278 1303
f 1277 1303 1302
f 1279 1280 1305
f 1279 1305 1304
f 1280 1281 1306
f 1280 1306 1305
f 1281 1282 1307
f 1281 1307 1306
f 1282 1283 1308
f 1282 1308 1307
f 1283 1284 1309
f 1283 1309 1308
f 1284 1285 1310
f 1284 1310 1309
f 1285 1286 1311
f 1285 1311 1310
f 1286 1287 1312
f 1286 1312 1311
f 1287 1288 1313
f 1287 1313 1312
f 1288 1289 1314
f 1288 1314 1313
f 1289 1290 1315
f 1289 1315 1314
f 1290 1291 1316
f 1290 1316 1315
f 1291 1292 1317
f 1291 1317 1316
f 1292 1293 1318
f 1292 1318 1317
f 1293 1294 1319
f 1293 1319 1318
f 1294 1295 1320
f 1294 1320 1319
f 1295 1296 1321
f 1295 1321 1320
f 1296 1297 1322
f 1296 1322 1321
f 1297 1298 1323
f 1297 1323 1322
f 1298 1299 1324
f 1298 1324 1323
f 1299 1300 1325
f 1299 1325 1324
f 1300 1301 1326
f 1300 1326 1325
f 1301 1302 1327
f 1301 1327 1326
f 1302 1303 1328
f 1302 1328 1327
f 1304 1305 1330
f 1304 1330 1329
f 1305 1306 1331
f 1305 1331 1330
f 1306 1307 1332
f 1306 1332 1331
f 1307 1308 1333
f 1307 1333 1332
f 1308 1309 1334
f 1308 1334 1333
f 1309 1310 1335
f 1309 1335 1334
f 1310 1311 1336
f 1310 1336 1335
f 1311 1312 1337
f 1311 1337 1336
f 1312 1313 1338
f 1312 1338 1337
f 1313 1314 1339
f 1313 1339 1338
f 1314 1315 1340
f 1314 1340 1339
f 1315 1316 1341
f 1315 1341 1340
f 1316 1317 1342
f 1316 1342 1341
f 1317 1318 1343
f 1317 1343 1342
f 1318 1319 1344
f 1318 1344 1343
f 1319 1320 1345
f 1319 1345 1344
f 1320 1321 1346
f 1320 1346 1345
f 1321 1322 1347
f 1321 1347 1346
f 1322 1323 1348
f 1322 1348 1347
f 1323 1324 1349
f 1323 1349 1348
f 1324 1325 1350
f 1324 1350 1349
f 1325 1326 1351
f 1325 1351 1350
f 1326 1327 1352
f 1326 1352 1351
f 1327 1328 1353
f 1327 1353 1352
f 1329 1330 1355
f 1329 1355 1354
f 1330 1331 1356
f 1330 1356 1355
f 1331 1332 1357
f 1331 1357 1356
f 1332 1333 1358
f 1332 1358 1357
f 1333 1334 1359
f 1333 1359 1358
f 1334 1335 1360
f 1334 1360 1359
f 1335 1336 1361
f 1335 1361 1360
f 1336 1337 1362
f 1336 1362 1361
f 1337 1338 1363
f 1337 1363 1362
f 1338 1339 1364
f 1338 1364 1363
f 1339 1340 1365
f 1339 1365 1364
f 1340 1341 1366
f 1340 1366 1365
f 1341 1342 1367
f 1341 1367 1366
f 1342 1343 1368
f 1342 1368 1367
f 1343 1344 1369
f 1343 1369 1368
f 1344 1345 1370
f 1344 1370 1369
f 1345 1346 1371
f 1345 1371 1370
f 1346 1347 1372
f 1346 1372 1371
f 1347 1348 1373
f 1347 1373 1372
f 1348 1349 1374
f 1348 1374 1373
f 1349 1350 1375
f 1349 1375 1374
f 1350 1351 1376
f 1350 1376 1375
f 1351 1352 1377
f 1351 1377 1376
f 1352 1353 1378
f 1352 1378 1377
f 1354 1355 1379
f 1355 1356 1380
f 1355 1380 1379
f 1356 1357 1381
f 1356 1381 1380
f 1357 1358 1382
f 1357 1382 1381
f 1358 1359 1383
f 1358 1383 1382
f 1359 1360 1384
f 1359 1384 1383
f 1360 1361 1385
f 1360 1385 1384
f 1361 1362 1386
f 1361 1386 1385
f 1362 1363 1387
f 1362 1387 1386
f 1363 1364 1388
f 1363 1388 1387
f 1364 1365 1389
f 1364 1389 1388
f 1365 1366 1390
f 1365 1390 1389
f 1366 1367 1391
f 1366 1391 1390
f 1367 1368 1392
f 1367 1392 1391
f 1368 1369 1393
f 1368 1393 1392
f 1369 1370 1394
f 1369 1394 1393
f 1370 1371 1395
f 1370 1395 1394
f 1371 1372 1396
f 1371 1396 1395
f 1372 1373 1397
f 1372 1397 1396
f 1373 1374 1398
f 1373 1398 1397
f 1374 1375 1399
f 1374 1399 1398
f 1375 1376 1400
f 1375 1400 1399
f 1376 1377 1401
f 1376 1401 1400
f 1379 1380 1403
f 1379 1403 1402
f 1380 1381 1404
f 1380 1404 1403
f 1381 1382 1405
f 1381 1405 1404
f 1382 1383 1406
f 1382 1406 1405
f 1383 1384 1407
f 1383 1407 1406
f 1384 1385 1408
f 1384 1408 1407
f 1385 1386 1409
f 1385 1409 1408
f 1386 1387 1410
f 1386 1410 1409
f 1387 1388 1411
f 1387 1411 1410
f 1388 1389 1412
f 1388 1412 1411
f 1389 1390 1413
f 1389 1413 1412
f 1390 1391 1414
f 1390 1414 1413
f 1391 1392 1415
f 1391 1415 1414
f 1392 1393 1416
f 1392 1416 1415
f 1393 1394 1417
f 1393 1417 1416
f 1394 1395 1418
f 1394 1418 1417
f 1395 1396 1419
f 1395 1419 1418
f 1396 1397 1420
f 1396 1420 1419
f 1397 1398 1421
f 1397 1421 1420
f 1398 1399 1422
f 1398 1422 1421
f 1399 1400 1423
f 1399 1423 1422
f 1400 1401 1424
f 1400 1424 1423
f 1402 1403 1426
f 1402 1426 1425
f 1403 1404 1427
f 1403 1427 1426
f 1404 1405 1428
f 1404 1428 1427
f 1405 1406 1429
f 1405 1429 1428
f 1406 1407 1430
f 1406 1430 1429
f 1407 1408 1431
f 1407 1431 1430
f 1408 1409 1432
f 1408 1432 1431
f 1409 1410 1433
f 1409 1433 1432
f 1410 1411 1434
f 1410 1434 1433
f 1411 1412 1435
f 1411 1435 1434
f 1412 1413 1436
f 1412 1436 1435
f 1413 1414 1437
f 1413 1437 1436
f 1414 1415 1438
f 1414 1438 1437
f 1415 1416 1439
f 1415 1439 1438
f 1416 1417 1440
f 1416 1440 1439
f 1417 1418 1441
f 1417 1441 1440
f 1418 1419 1442
f 1418 1442 1441
f 1419 1420 1443
f 1419 1443 1442
f 1420 1421 1444
f 1420 1444 1443
f 1421 1422 1445
f 1421 1445 1444
f 1422 1423 1446
f 1422 1446 1445
f 1423 1424 1447
f 1423 1447 1446
f 1425 1426 1449
f 1425 1449 1448
f 1426 1427 1450
f 1426 1450 1449
f 1427 1428 1451
f 1427 1451 1450
f 1428 1429 1452
f 1428 1452 1451
f 1429 1430 1453
f 1429 1453 1452
f 1430 1431 1454
f 1430 1454 1453
f 1431 1432 1455
f 1431 1455 1454
f 1432 1433 1456
f 1432 1456 1455
f 1433 1434 1457
f 1433 1457 1456
f 1434 1435 1458
f 1434 1458 1457
f 1435 1436 1459
f 1435 1459 1458
f 1436 1437 1460
f 1436 1460 1459
f 1437 1438 1461
f 1437 1461 1460
f 1438 1439 1462
f 1438 1462 1461
f 1439 1440 1463
f 1439 1463 1462
f 1440 1441 1464
f 1440 1464 1463
f 1441 1442 1465
f 1441 1465 1464
f 1442 1443 1466
f 1442 1466 1465
f 1443 1444 1467
f 1443 1467 1466
f 1444 1445 1468
f 1444 1468 1467
f 1445 1446 1469
f 1445 1469 1468
f 1446 1447 1470
f 1446 1470 1469
f 1448 1449 1472
f 1448 1472 1471
f 1449 1450 1473
f 1449 1473 1472
f 1450 1451 1474
f 1450 1474 1473
f 1451 1452 1475
f 1451 1475 1474
f 1452 1453 1476
f 1452 1476 1475
f 1453 1454 1477
f 1453 1477 1476
f 1454 1455 1478
f 1454 1478 1477
f 1455 1456 1479
f 1455 1479 1478
f 1456 1457 1480
f 1456 1480 1479
f 1457 1458 1481
f 1457 1481 1480
f 1458 1459 1482
f 1458 1482 1481
f 1459 1460 1483
f 1459 1483 1482
f 1460 1461 1484
f 1460 1484 1483
f 1461 1462 1485
f 1461 1485 1484
f 1462 1463 1486
f 1462 1486 1485
f 1463 1464 1487
f 1463 1487 1486
f 1464 1465 1488
f 1464 1488 1487
f 1465 1466 1489
f 1465 1489 1488
f 1466 1467 1490
f 1466 1490 1489
f 1467 1468 1491
f 1467 1491 1490
f 1468 1469 1492
f 1468 1492 1491
f 1469 1470 1493
f 1469 1493 1492
f 1471 1472 1495
f 1471 1495 1494
f 1472 1473 1496
f 1472 1496 1495
f 1473 1474 1497
f 1473 1497 1496
f 1474 1475 1498
f 1474 1498 1497
f 1475 1476 1499
f 1475 1499 1498
f 1476 1477 1500
f 1476 1500 1499
f 1477 1478 1501
f 1477 1501 1500
f 1478 1479 1502
f 1478 1502 1501
f 1479 1480 1503
f 1479 1503 1502
f 1480 1481 1504
f 1480 1504 1503
f 1481 1482 1505
f 1481 1505 1504
f 1482 1483 1506
f 1482 1506 1505
f 1483 1484 1507
f 1483 1507 1506
f 1484 1485 1508
f 1484 1508 1507
f 1485 1486 1509
f 1485 1509 1508
f 1486 1487 1510
f 1486 1510 1509
f 1487 1488 1511
f 1487 1511 1510
f 1488 1489 1512
f 1488 1512 1511
f 1489 1490 1513
f 1489 1513 1512
f 1490 1491 1514
f 1490 1514 1513
f 1491 1492 1515
f 1491 1515 1514
f 1492 1493 1516
f 1492 1516 1515
f 1494 1495 1518
f 1494 1518 1517
f 1495 1496 1519
f 1495 1519 1518
f 1496 1497 1520
f 1496 1520 1519
f 1497 1498 1521
f 1497 1521 1520
f 1498 1499 1522
f 1498 1522 1521
f 1499 1500 1523
f 1499 1523 1522
f 1500 1501 1524
f 1500 1524 1523
f 1501 1502 1525
f 1501 1525 1524
f 1502 1503 1526
f 1502 1526 1525
f 1503 1504 1527
f 1503 1527 1526
f 1504 1505 1528
f 1504 1528 1527
f 1505 1506 1529
f 1505 1529 1528
f 1506 1507 1530
f 1506 1530 1529
f 1507 1508 1531
f 1507 1531 1530
f 1508 1509 1532
f 1508 1532 1531
f 1509 1510 1533
f 1509 1533 1532
f 1510 1511 1534
f 1510 1534 1533
f 1511 1512 1535
f 1511 1535 1534
f 1512 1513 1536
f 1512 1536 1535
f 1513 1514 1537
f 1513 1537 1536
f 1514 1515 1538
f 1514 1538 1537
f 1515 1516 1539
f 1515 1539 1538
f 1517 1518 1541
f 1517 1541 1540
f 1518 1519 1542
f 1518 1542 1541
f 1519 1520 1543
f 1519 1543 1542
f 1520 1521 1544
f 1520 1544 1543
f 1521 1522 1545
f 1521 1545 1544
f 1522 1523 1546
f 1522 1546 1545
f 1523 1524 1547
f 1523 1547 1546
f 1524 1525 1548
f 1524 1548 1547
f 1525 1526 1549
f 1525 1549 1548
f 1526 1527 1550
f 1526 1550 1549
f 1527 1528 1551
f 1527 1551 1550
f 1528 1529 1552
f 1528 1552 1551
f 1529 1530 1553
f 1529 1553 1552
f 1530 1531 1554
f 1530 1554 1553
f 1531 1532 1555
f 1531 1555 1554
f 1532 1533 1556
f 1532 1556 1555
f 1533 1534 1557
f 1533 1557 1556
f 1534 1535 1558
f 1534 1558 1557
f 1535 1536 1559
f 1535 1559 1558
f 1536 1537 1560
f 1536 1560 1559
f 1537 1538 1561
f 1537 1561 1560
f 1538 1539 1562
f 1538 1562 1561
f 1540 1541 1564
f 1540 1564 1563
f 1541 1542 1565
f 1541 1565 1564
f 1542 1543 1566
f 1542 1566 1565
f 1543 1544 1567
f 1543 1567 1566
f 1544 1545 1568
f 1544 1568 1567
f 1545 1546 1569
f 1545 1569 1568
f 1546 1547 1570
f 1546 1570 1569
f 1547 1548 1571
f 1547 1571 1570
f 1548 1549 1572
f 1548 1572 1571
f 1549 1550 1573
f 1549 1573 1572
f 1550 1551 1574
f 1550 1574 1573
f 1551 1552 1575
f 1551 1575 1574
f 1552 1553 1576
f 1552 1576 1575
f 1553 1554 1577
f 1553 1577 1576
f 1554 1555 1578
f 1554 1578 1577
f 1555 1556 1579
f 1555 1579 1578
f 1556 1557 1580
f 1556 1580 1579
f 1557 1558 1581
f 1557 1581 1580
f 1558 1559 1582
f 1558 1582 1581
f 1559 1560 1583
f 1559 1583 1582
f 1560 1561 1584
f 1560 1584 1583
f 1561 1562 1585
f 1561 1585 1584
f 1563 1564 1587
f 1563 1587 1586
f 1564 1565 1588
f 1564 1588 1587
f 1565 1566 1589
f 1565 1589 1588
f 1566 1567 1590
f 1566 1590 1589
f 1567 1568 1591
f 1567 1591 1590
f 1568 1569 1592
f 1568 1592 1591
f 1569 1570 1593
f 1569 1593 1592
f 1570 1571 1594
f 1570 1594 1593
f 1571 1572 1595
f 1571 1595 1594
f 1572 1573 1596
f 1572 1596 1595
f 1573 1574 1597
f 1573 1597 1596
f 1574 1575 1598
f 1574 1598 1597
f 1575 1576 1599
f 1575 1599 1598
f 1576 1577 1600
f 1576 1600 1599
f 1577 1578 1601
f 1577 1601 1600
f 1578 1579 1602
f 1578 1602 1601
f 1579 1580 1603
f 1579 1603 1602
f 1580 1581 1604
f 1580 1604 1603
f 1581 1582 1605
f 1581 1605 1604
f 1582 1583 1606
f 1582 1606 1605
f 1583 1584 1607
f 1583 1607 1606
f 1584 1585 1608
f 1584 1608 1607
f 1586 1587 1609
f 1587 1588 1610
f 1587 1610 1609
f 1588 1589 1611
f 1588 1611 1610
f 1589 1590 1612
f 1589 1612 1611
f 1590 1591 1613
f 1590 1613 1612
f 1591 1592 1614
f 1591 1614 1613
f 1592 1593 1615
f 1592 1615 1614
f 1593 1594 1616
f 1593 1616 1615
f 1594 1595 1617
f 1594 1617 1616
f 1595 1596 1618
f 1595 1618 1617
f 1596 1597 1619
f 1596 1619 1618
f 1597 1598 1620
f 1597 1620 1619
f 1598 1599 1621
f 1598 1621 1620
f 1599 1600 1622
f 1599 1622 1621
f 1600 1601 1623
f 1600 1623 1622
f 1601 1602 1624
f 1601 1624 1623
f 1602 1603 1625
f 1602 1625 1624
f 1603 1604 1626
f 1603 1626 1625
f 1604 1605 1627
f 1604 1627 1626
f 1605 1606 1628
f 1605 1628 1627
f 1606 1607 1629
f 1606 1629 1628
f 1609 1610 1631
f 1609 1631 1630
f 1610 1611 1632
f 1610 1632 1631
f 1611 1612 1633
f 1611 1633 1632
f 1612 1613 1634
f 1612 1634 1633
f 1613 1614 1635
f 1613 1635 1634
f 1614 1615 1636
f 1614 1636 1635
f 1615 1616 1637
f 1615 1637 1636
f 1616 1617 1638
f 1616 1638 1637
f 1617 1618 1639
f 1617 1639 1638
f 1618 1619 1640
f 1618 1640 1639
f 1619 1620 1641
f 1619 1641 1640
f 1620 1621 1642
f 1620 1642 1641
f 1621 1622 1643
f 1621 1643 1642
f 1622 1623 1644
f 1622 1644 1643
f 1623 1624 1645
f 1623 1645 1644
f 1624 1625 1646
f 1624 1646 1645
f 1625 1626 1647
f 1625 1647 1646
f 1626 1627 1648
f 1626 1648 1647
f 1627 1628 1649
f 1627 1649 1648
f 1628 1629 1650
f 1628 1650 1649
f 1630 1631 1652
f 1630 1652 1651
f 1631 1632 1653
f 1631 1653 1652
f 1632 1633 1654
f 1632 1654 1653
f 1633 1634 1655
f 1633 1655 1654
f 1634 1635 1656
f 1634 1656 1655
f 1635 1636 1657
f 1635 1657 1656
f 1636 1637 1658
f 1636 1658 1657
f 1637 1638 1659
f 1637 1659 1658
f 1638 1639 1660
f 1638 1660 1659
f 1639 1640 1661
f 1639 1661 1660
f 1640 1641 1662
f 1640 1662 1661
f 1641 1642 1663
f 1641 1663 1662
f 1642 1643 1664
f 1642 1664 1663
f 1643 1644 1665
f 1643 1665 1664
f 1644 1645 1666
f 1644 1666 1665
f 1645 1646 1667
f 1645 1667 1666
f 1646 1647 1668
f 1646 1668 1667
f 1647 1648 1669
f 1647 1669 1668
f 1648 1649 1670
f 1648 1670 1669
f 1649 1650 1671
f 1649 1671 1670
f 1651 1652 1673
f 1651 1673 1672
f 1652 1653 1674
f 1652 1674 1673
f 1653 1654 1675
f 1653 1675 1674
f 1654 1655 1676
f 1654 1676 1675
f 1655 1656 1677
f 1655 1677 1676
f 1656 1657 1678
f 1656 1678 1677
f 1657 1658 1679
f 1657 1679 1678
f 1658 1659 1680
f 1658 1680 1679
f 1659 1660 1681
f 1659 1681 1680
f 1660 1661 1682
f 1660 1682 1681
f 1661 1662 1683
f 1661 1683 1682
f 1662 1663 1684
f 1662 1684 1683
f 1663 1664 1685
f 1663 1685 1684
f 1664 1665 1686
f 1664 1686 1685
f 1665 1666 1687
f 1665 1687 1686
f 1666 1667 1688
f 1666 1688 1687
f 1667 1668 1689
f 1667 1689 1688
f 1668 1669 1690
f 1668 1690 1689
f 1669 1670 1691
f 1669 1691 1690
f 1670 1671 1692
f 1670 1692 1691
f 1672 1673 1694
f 1672 1694 1693
f 1673 1674 1695
f 1673 1695 1694
f 1674 1675 1696
f 1674 1696 1695
f 1675 1676 1697
f 1675 1697 1696
f 1676 1677 1698
f 1676 1698 1697
f 1677 1678 1699
f 1677 1699 1698
f 1678 1679 1700
f 1678 1700 1699
f 1679 1680 1701
f 1679 1701 1700
f 1680 1681 1702
f 1680 1702 1701
f 1681 1682 1703
f 1681 1703 1702
f 1682 1683 1704
f 1682 1704 1703
f 1683 1684 1705
f 1683 1705 1704
f 1684 1685 1706
f 1684 1706 1705
f 1685 1686 1707
f 1685 1707 1706
f 1686 1687 1708
f 1686 1708 1707
f 1687 1688 1709
f 1687 1709 1708
f 1688 1689 1710
f 1688 1710 1709
f 1689 1690 1711
f 1689 1711 1710
f 1690 1691 1712
f 1690 1712 1711
f 1691 1692 1713
f 1691 1713 1712
f 1 1714 1715
f 1 1739 1714
f 2 1716 1717
f 3 1718 1719
f 4 1720 1721
f 5 1722 1723
f 6 1724 1725
f 7 1726 1727
f 7 1727 1742
f 8 1728 1729
f 8 1757 1728
f 9 1730 1731
f 10 1732 1733
f 11 1734 1735
f 12 1736 1737
f 13 1738 1740
f 22 1744 1745
f 23 1746 1747
f 24 1748 1749
f 25 1750 1751
f 26 1752 1753
f 26 1753 1760
f 27 1754 1755
f 27 1767 1754
f 28 1756 1758
f 49 1762 1763
f 49 1763 1770
f 50 1764 1765
f 50 1775 1764
f 51 1766 1768
f 76 1772 1773
f 76 1773 1778
f 77 1774 1776
f 77 1781 1774
f 105 1779 1784
f 106 1780 1782
f 106 1786 1780
f 136 1785 1788
f 137 1791 1787
f 136 1788 1789
f 168 1790 1792
f 168 1796 1790
f 200 1795 1798
f 201 1800 1797
f 200 1798 1799
f 234 1804 1801
f 233 1802 1803
f 267 1808 1805
f 266 1806 1807
f 300 1812 1809
f 299 1810 1811
f 333 1816 1813
f 332 1814 1815
f 366 1820 1817
f 365 1818 1819
f 399 1824 1821
f 398 1822 1823
f 432 1828 1825
f 431 1826 1827
f 465 1832 1829
f 464 1830 1831
f 498 1836 1833
f 497 1834 1835
f 498 1837 1836
f 530 1839 1841
f 530 1841 1840
f 562 1846 1843
f 561 1844 1845
f 593 1850 1847
f 592 1848 1849
f 624 1854 1851
f 623 1852 1853
f 655 1858 1855
f 654 1856 1857
f 686 1862 1859
f 685 1860 1861
f 717 1866 1863
f 716 1864 1865
f 748 1870 1867
f 747 1868 1869
f 779 1874 1871
f 778 1872 1873
f 810 1878 1875
f 809 1876 1877
f 810 1879 1878
f 840 1881 1883
f 840 1883 1882
f 870 1888 1885
f 869 1886 1887
f 899 1892 1889
f 898 1890 1891
f 928 1896 1893
f 927 1894 1895
f 957 1900 1897
f 956 1898 1899
f 986 1904 1901
f 985 1902 1903
f 986 1905 1904
f 1014 1907 1909
f 1014 1909 1908
f 1042 1914 1911
f 1041 1912 1913
f 1069 1918 1915
f 1068 1916 1917
f 1096 1922 1919
f 1095 1920 1921
f 1123 1926 1923
f 1122 1924 1925
f 1150 1930 1927
f 1149 1928 1929
f 1177 1934 1931
f 1176 1932 1933
f 1177 1935 1934
f 1203 1937 1939
f 1203 1939 1938
f 1229 1944 1941
f 1228 1942 1943
f 1254 1948 1945
f 1253 1946 1947
f 1279 1952 1949
f 1278 1950 1951
f 1304 1956 1953
f 1303 1954 1955
f 1329 1960 1957
f 1328 1958 1959
f 1354 1964 1961
f 1353 1962 1963
f 1354 1965 1964
f 1378 1967 1969
f 1378 1969 1968
f 1402 1974 1971
f 1401 1972 1973
f 1425 1978 1975
f 1424 1976 1977
f 1448 1982 1979
f 1447 1980 1981
f 1471 1986 1983
f 1470 1984 1985
f 1494 1990 1987
f 1493 1988 1989
f 1517 1994 1991
f 1516 1992 1993
f 1540 1998 1995
f 1539 1996 1997
f 1563 2002 1999
f 1562 2000 2001
f 1586 2006 2003
f 1585 2004 2005
f 1586 2007 2006
f 1608 2009 2011
f 1608 2011 2010
f 1630 2016 2013
f 1629 2014 2015
f 1651 2020 2017
f 1650 2018 2019
f 1672 2024 2021
f 1671 2022 2023
f 1693 2028 2025
f 1692 2026 2027
f 1713 2030 2031
f 1716 2 1
f 1718 3 2
f 1720 4 3
f 1722 5 4
f 1724 6 5
f 1726 7 6
f 1730 9 8
f 1732 10 9
f 1734 11 10
f 1736 12 11
f 1738 13 12
f 1739 1 14
f 1741 14 13
f 1743 21 7
f 1744 22 21
f 1746 23 22
f 1748 24 23
f 1750 25 24
f 1752 26 25
f 1756 28 27
f 1757 8 29
f 1759 29 28
f 1761 48 26
f 1762 49 48
f 1766 51 50
f 1767 27 52
f 1769 52 51
f 1771 75 49
f 1772 76 75
f 1775 50 78
f 1777 78 77
f 1779 105 76
f 1781 77 107
f 1783 107 106
f 1785 136 105
f 1786 106 137
f 1794 167 136
f 1791 137 169
f 1793 169 168
f 1795 200 167
f 1796 168 201
f 1802 233 200
f 1800 201 234
f 1806 266 233
f 1804 234 267
f 1810 299 266
f 1808 267 300
f 1814 332 299
f 1812 300 333
f 1818 365 332
f 1816 333 366
f 1822 398 365
f 1820 366 399
f 1826 431 398
f 1824 399 432
f 1830 464 431
f 1828 432 465
f 1834 497 464
f 1832 465 498
f 1839 530 497
f 1837 498 531
f 1838 529 530
f 1844 561 529
f 1842 531 562
f 1848 592 561
f 1846 562 593
f 1852 623 592
f 1850 593 624
f 1856 654 623
f 1854 624 655
f 1860 685 654
f 1858 655 686
f 1864 716 685
f 1862 686 717
f 1868 747 716
f 1866 717 748
f 1872 778 747
f 1870 748 779
f 1876 809 778
f 1874 779 810
f 1881 840 809
f 1879 810 841
f 1880 839 840
f 1886 869 839
f 1884 841 870
f 1890 898 869
f 1888 870 899
f 1894 927 898
f 1892 899 928
f 1898 956 927
f 1896 928 957
f 1902 985 956
f 1900 957 986
f 1907 1014 985
f 1905 986 1015
f 1906 1013 1014
f 1912 1041 1013
f 1910 1015 1042
f 1916 1068 1041
f 1914 1042 1069
f 1920 1095 1068
f 1918 1069 1096
f 1924 1122 1095
f 1922 1096 1123
f 1928 1149 1122
f 1926 1123 1150
f 1932 1176 1149
f 1930 1150 1177
f 1937 1203 1176
f 1935 1177 1204
f 1936 1202 1203
f 1942 1228 1202
f 1940 1204 1229
f 1946 1253 1228
f 1944 1229 1254
f 1950 1278 1253
f 1948 1254 1279
f 1954 1303 1278
f 1952 1279 1304
f 1958 1328 1303
f 1956 1304 1329
f 1962 1353 1328
f 1960 1329 1354
f 1967 1378 1353
f 1965 1354 1379
f 1966 1377 1378
f 1972 1401 1377
f 1970 1379 1402
f 1976 1424 1401
f 1974 1402 1425
f 1980 1447 1424
f 1978 1425 1448
f 1984 1470 1447
f 1982 1448 1471
f 1988 1493 1470
f 1986 1471 1494
f 1992 1516 1493
f 1990 1494 1517
f 1996 1539 1516
f 1994 1517 1540
f 2000 1562 1539
f 1998 1540 1563
f 2004 1585 1562
f 2002 1563 1586
f 2009 1608 1585
f 2007 1586 1609
f 2008 1607 1608
f 2014 1629 1607
f 2012 1609 1630
f 2018 1650 1629
f 2016 1630 1651
f 2022 1671 1650
f 2020 1651 1672
f 2026 1692 1671
f 2024 1672 1693
f 2030 1713 1692
f 1716 1 1715
f 1718 2 1717
f 1720 3 1719
f 1722 4 1721
f 1724 5 1723
f 1726 6 1725
f 1730 8 1729
f 1732 9 1731
f 1734 10 1733
f 1736 11 1735
f 1738 12 1737
f 1739 14 1741
f 1741 13 1740
f 1743 7 1742
f 1744 21 1743
f 1746 22 1745
f 1748 23 1747
f 1750 24 1749
f 1752 25 1751
f 1756 27 1755
f 1757 29 1759
f 1759 28 1758
f 1761 26 1760
f 1762 48 1761
f 1766 50 1765
f 1767 52 1769
f 1769 51 1768
f 1771 49 1770
f 1772 75 1771
f 1775 78 1777
f 1777 77 1776
f 1779 76 1778
f 1781 107 1783
f 1783 106 1782
f 1785 105 1784
f 1786 137 1787
f 1794 136 1789
f 1791 169 1793
f 1793 168 1792
f 1795 167 1794
f 1796 201 1797
f 1802 200 1799
f 1800 234 1801
f 1806 233 1803
f 1804 267 1805
f 1810 266 1807
f 1808 300 1809
f 1814 299 1811
f 1812 333 1813
f 1818 332 1815
f 1816 366 1817
f 1822 365 1819
f 1820 399 1821
f 1826 398 1823
f 1824 432 1825
f 1830 431 1827
f 1828 465 1829
f 1834 464 1831
f 1832 498 1833
f 1839 497 1835
f 1837 531 1842
f 1838 530 1840
f 1844 529 1838
f 1842 562 1843
f 1848 561 1845
f 1846 593 1847
f 1852 592 1849
f 1850 624 1851
f 1856 623 1853
f 1854 655 1855
f 1860 654 1857
f 1858 686 1859
f 1864 685 1861
f 1862 717 1863
f 1868 716 1865
f 1866 748 1867
f 1872 747 1869
f 1870 779 1871
f 1876 778 1873
f 1874 810 1875
f 1881 809 1877
f 1879 841 1884
f 1880 840 1882
f 1886 839 1880
f 1884 870 1885
f 1890 869 1887
f 1888 899 1889
f 1894 898 1891
f 1892 928 1893
f 1898 927 1895
f 1896 957 1897
f 1902 956 1899
f 1900 986 1901
f 1907 985 1903
f 1905 1015 1910
f 1906 1014 1908
f 1912 1013 1906
f 1910 1042 1911
f 1916 1041 1913
f 1914 1069 1915
f 1920 1068 1917
f 1918 1096 1919
f 1924 1095 1921
f 1922 1123 1923
f 1928 1122 1925
f 1926 1150 1927
f 1932 1149 1929
f 1930 1177 1931
f 1937 1176 1933
f 1935 1204 1940
f 1936 1203 1938
f 1942 1202 1936
f 1940 1229 1941
f 1946 1228 1943
f 1944 1254 1945
f 1950 1253 1947
f 1948 1279 1949
f 1954 1278 1951
f 1952 1304 1953
f 1958 1303 1955
f 1956 1329 1957
f 1962 1328 1959
f 1960 1354 1961
f 1967 1353 1963
f 1965 1379 1970
f 1966 1378 1968
f 1972 1377 1966
f 1970 1402 1971
f 1976 1401 1973
f 1974 1425 1975
f 1980 1424 1977
f 1978 1448 1979
f 1984 1447 1981
f 1982 1471 1983
f 1988 1470 1985
f 1986 1494 1987
f 1992 1493 1989
f 1990 1517 1991
f 1996 1516 1993
f 1994 1540 1995
f 2000 1539 1997
f 1998 1563 1999
f 2004 1562 2001
f 2002 1586 2003
f 2009 1585 2005
f 2007 1609 2012
f 2008 1608 2010
f 2014 1607 2008
f 2012 1630 2013
f 2018 1629 2015
f 2016 1651 2017
f 2022 1650 2019
f 2020 1672 2021
f 2026 1671 2023
f 2024 1693 2025
f 2030 1692 2027
f 1693 2033 2032
f 1694 2035 2034
f 1695 2037 2036
f 1696 2039 2038
f 1697 2041 2040
f 1698 2043 2042
f 1699 2045 2044
f 1700 2047 2046
f 1701 2049 2048
f 1702 2051 2050
f 1703 2053 2052
f 1704 2055 2054
f 1705 2057 2056
f 1706 2059 2058
f 1707 2061 2060
f 1708 2063 2062
f 1709 2065 2064
f 1710 2067 2066
f 1711 2069 2068
f 1712 2071 2070
f 2029 2075 2076
f 1713 2073 2072
f 2033 1693 1694
f 2035 1694 1695
f 2037 1695 1696
f 2039 1696 1697
f 2041 1697 1698
f 2043 1698 1699
f 2045 1699 1700
f 2047 1700 1701
f 2049 1701 1702
f 2051 1702 1703
f 2053 1703 1704
f 2055 1704 1705
f 2057 1705 1706
f 2059 1706 1707
f 2061 1707 1708
f 2063 1708 1709
f 2065 1709 1710
f 2067 1710 1711
f 2069 1711 1712
f 2071 1712 1713
f 2074 2028 1693
f 2075 2029 2028
f 2073 1713 2031
f 2033 1694 2034
f 2035 1695 2036
f 2037 1696 2038
f 2039 1697 2040
f 2041 1698 2042
f 2043 1699 2044
f 2045 1700 2046
f 2047 1701 2048
f 2049 1702 2050
f 2051 1703 2052
f 2053 1704 2054
f 2055 1705 2056
f 2057 1706 2058
f 2059 1707 2060
f 2061 1708 2062
f 2063 1709 2064
f 2065 1710 2066
f 2067 1711 2068
f 2069 1712 2070
f 2071 1713 2072
f 2074 1693 2032
f 2075 2028 2074
f 2073 2031 2077

