# https://github.com/mikedh/trimesh
v 123.70708187 -35.27593845 19.82580459
v 123.70708187 29.27593845 19.82580459
v 125.25440821 -37.24557535 21.62120989
v 125.25440821 -36.72045311 20.82122685
v 125.25440821 -36.14297193 20.07226058
v 125.25440821 -35.51230624 19.37078765
v 125.25440821 29.51230624 19.37078765
v 125.25440821 30.14297193 20.07226058
v 125.25440821 30.72045311 20.82122685
v 125.25440821 31.24557535 21.62120989
v 126.80304712 -38.76681588 23.89663399
v 126.80304712 -38.39245312 22.91669851
v 126.80304712 -37.96709243 22.00591842
v 126.80304712 -37.49026103 21.15626611
v 126.80304712 -36.96138677 20.36179542
v 126.80304712 -36.37977947 19.61798996
v 126.80304712 -35.74460766 18.92135058
v 126.80304712 29.74460766 18.92135058
v 126.80304712 30.37977947 19.61798996
v 126.80304712 30.96138677 20.36179542
v 126.80304712 31.49026103 21.15626611
v 126.80304712 31.96709243 22.00591842
v 126.80304712 32.39245312 22.91669851
v 126.80304712 32.76681588 23.89663399
v 128.35286119 -39.33973467 24.47164639
v 128.35286119 -39.01374637 23.41897903
v 128.35286119 -38.63679906 22.44608494
v 128.35286119 -38.20850172 21.54184932
v 128.35286119 -37.72837832 20.69830223
v 128.35286119 -37.19585277 19.90954026
v 128.35286119 -36.61023011 19.17107946
v 128.35286119 -35.97067314 18.47944583
v 128.35286119 29.97067314 18.47944583
v 128.35286119 30.61023011 19.17107946
v 128.35286119 31.19585277 19.90954026
v 128.35286119 31.72837832 20.69830223
v 128.35286119 32.20850172 21.54184932
v 128.35286119 32.63679906 22.44608494
v 128.35286119 33.01374637 23.41897903
v 128.35286119 33.33973467 24.47164639
v 129.90371280 -40.08323877 26.39442671
v 129.90371280 -39.85679266 25.13434521
v 129.90371280 -39.57962766 23.99432811
v 129.90371280 -39.25148739 22.94954921
v 129.90371280 -38.87205169 21.98394577
v 129.90371280 -38.44092699 21.08648628
v 129.90371280 -37.95763411 20.24926055
v 129.90371280 -37.42159314 19.46640938
v 129.90371280 -36.83210456 18.73348244
v 129.90371280 -36.18832561 18.04703176
v 129.90371280 30.18832561 18.04703176
v 129.90371280 30.83210456 18.73348244
v 129.90371280 31.42159314 19.46640938
v 129.90371280 31.95763411 20.24926055
v 129.90371280 32.44092699 21.08648628
v 129.90371280 32.87205169 21.98394577
v 129.90371280 33.25148739 22.94954921
v 129.90371280 33.57962766 23.99432811
v 129.90371280 33.85679266 25.13434521
v 129.90371280 34.08323877 26.39442671
v 131.45546407 -40.49527269 27.31207035
v 131.45546407 -40.31819784 25.90100739
v 131.45546407 -40.09027489 24.65063639
v 131.45546407 -39.81130228 23.51940455
v 131.45546407 -39.48102194 22.48267698
v 131.45546407 -39.09911165 21.52451472
v 131.45546407 -38.66517524 20.63397128
v 131.45546407 -38.17873043 19.80319742
v 131.45546407 -37.63919352 19.02637910
v 131.45546407 -37.04586042 18.29910028
v 131.45546407 -36.39788288 17.61793955
v 131.45546407 30.41166280 17.61793955
v 131.45546407 31.05964034 18.29910028
v 131.45546407 31.65297344 19.02637910
v 131.45546407 32.19251035 19.80319742
v 131.45546407 32.67895517 20.63397128
v 131.45546407 33.11289157 21.52451472
v 131.45546407 33.49480187 22.48267698
v 131.45546407 33.82508220 23.51940455
v 131.45546407 34.10405481 24.65063639
v 131.45546407 34.33197776 25.90100739
v 131.45546407 34.50905262 27.31207035
v 133.00797693 -40.85419387 28.44154088
v 133.00797693 -40.72696200 26.80198212
v 133.00797693 -40.54869044 25.40190214
v 133.00797693 -40.31922714 24.16126337
v 133.00797693 -40.03836918 23.03883646
v 133.00797693 -39.70585674 22.01017824
v 133.00797693 -39.32136542 21.05947382
v 133.00797693 -38.88449639 20.17586191
v 133.00797693 -38.39476408 19.35155436
v 133.00797693 -37.85158087 18.58078240
v 133.00797693 -37.25423791 17.85916434
v 133.00797693 -36.60188121 17.18330542
v 133.00797693 30.65917672 17.18330542
v 133.00797693 31.31153342 17.85916434
v 133.00797693 31.90887638 18.58078240
v 133.00797693 32.45205959 19.35155436
v 133.00797693 32.94179189 20.17586191
v 133.00797693 33.37866093 21.05947382
v 133.00797693 33.76315225 22.01017824
v 133.00797693 34.09566469 23.03883646
v 133.00797693 34.37652265 24.16126337
v 133.00797693 34.60598595 25.40190214
v 133.00797693 34.78425751 26.80198212
v 133.00797693 34.91148937 28.44154088
v 134.56111313 -41.15937018 29.98031296
v 134.56111313 -41.08254120 27.91402104
v 134.56111313 -40.95442343 26.28734544
v 134.56111313 -40.77491058 24.89826688
v 134.56111313 -40.54384956 23.66737669
v 134.56111313 -40.26103601 22.55376947
v 134.56111313 -39.92620833 21.53319414
v 134.56111313 -39.53903984 20.58996008
v 134.56111313 -39.09912894 19.71329133
v 134.56111313 -38.60598668 18.89546095
v 134.56111313 -38.05902135 18.13074549
v 134.56111313 -37.45751916 17.41479769
v 134.56111313 -36.80062018 16.74424947
v 134.56111313 30.92876872 16.74424947
v 134.56111313 31.58566770 17.41479769
v 134.56111313 32.18716990 18.13074549
v 134.56111313 32.73413523 18.89546095
v 134.56111313 33.22727748 19.71329133
v 134.56111313 33.66718839 20.58996008
v 134.56111313 34.05435688 21.53319414
v 134.56111313 34.38918456 22.55376947
v 134.56111313 34.67199810 23.66737669
v 134.56111313 34.90305913 24.89826688
v 134.56111313 35.08257197 26.28734544
v 134.56111313 35.21068974 27.91402104
v 134.56111313 35.28751872 29.98031296
v 136.11473431 -41.38424297 29.43167411
v 136.11473431 -41.30686580 27.38191425
v 136.11473431 -41.17783390 25.76825342
v 136.11473431 -40.99704020 24.39028865
v 136.11473431 -40.76433052 23.16924661
v 136.11473431 -40.47949906 22.06454919
v 136.11473431 -40.14228233 21.05213931
v 136.11473431 -39.75235133 20.11645191
v 136.11473431 -39.30930160 19.24679725
v 136.11473431 -38.81264070 18.43551019
v 136.11473431 -38.26177268 17.67691309
v 136.11473431 -37.65597868 16.96669347
v 136.11473431 31.21825582 16.30151020
v 136.11473431 31.87984188 16.96669347
v 136.11473431 32.48563588 17.67691309
v 136.11473431 33.03650389 18.43551019
v 136.11473431 33.53316479 19.24679725
v 136.11473431 33.97621453 20.11645191
v 136.11473431 34.36614552 21.05213931
v 136.11473431 34.70336225 22.06454919
v 136.11473431 34.98819372 23.16924661
v 136.11473431 35.22090339 24.39028865
v 136.11473431 35.40169709 25.76825342
v 136.11473431 35.53072900 27.38191425
v 136.11473431 35.60810617 29.43167411
v 137.66870197 35.97320613 33.21225195
v 137.66870197 -41.63125604 33.21225195
v 137.66870197 -41.60528299 28.87587893
v 137.66870197 -41.52734285 26.84320106
v 137.66870197 -41.39737216 25.24298792
v 137.66870197 -41.21526307 23.87650663
v 137.66870197 -40.98086029 22.66564034
v 137.66870197 -40.69395650 21.57014908
v 137.66870197 -40.35428631 20.56617628
v 137.66870197 -39.96151833 19.63828658
v 137.66870197 -39.51524513 18.77587931
v 137.66870197 -39.01497072 17.97135325
v 137.66870197 -38.46009480 17.21907803
v 137.66870197 -37.84989327 16.51477714
v 137.66870197 31.52544385 15.85513727
v 137.66870197 32.19184336 16.51477714
v 137.66870197 32.80204489 17.21907803
v 137.66870197 33.35692080 17.97135325
v 137.66870197 33.85719522 18.77587931
v 137.66870197 34.30346841 19.63828658
v 137.66870197 34.69623640 20.56617628
v 137.66870197 35.03590659 21.57014908
v 137.66870197 35.32281038 22.66564034
v 137.66870197 35.55721316 23.87650663
v 137.66870197 35.73932225 25.24298792
v 137.66870197 35.86929294 26.84320106
v 137.66870197 35.94723307 28.87587893
v 139.22287755 36.32873826 32.61295180
v 139.22287755 -41.84882974 32.61295180
v 139.22287755 -41.82266487 28.31417020
v 139.22287755 -41.74414915 26.29911334
v 139.22287755 -41.61321863 24.71277223
v 139.22287755 -41.42976468 23.35813678
v 139.22287755 -41.19363084 22.15776731
v 139.22287755 -40.90460828 21.07177272
v 139.22287755 -40.56242964 20.07650322
v 139.22287755 -40.16676108 19.15665726
v 139.22287755 -39.71719217 18.30172609
v 139.22287755 -39.21322325 17.50417435
v 139.22287755 -38.65424960 16.75842050
v 139.22287755 -38.03954175 16.06022510
v 139.22287755 31.84812944 15.40630356
v 139.22287755 32.51945027 16.06022510
v 139.22287755 33.13415812 16.75842050
v 139.22287755 33.69313177 17.50417435
v 139.22287755 34.19710069 18.30172609
v 139.22287755 34.64666960 19.15665726
v 139.22287755 35.04233816 20.07650322
v 139.22287755 35.38451680 21.07177272
v 139.22287755 35.67353936 22.15776731
v 139.22287755 35.90967320 23.35813678
v 139.22287755 36.09312715 24.71277223
v 139.22287755 36.22405767 26.29911334
v 139.22287755 36.30257339 28.31417020
v 140.77712245 36.69815361 32.00812287
v 140.77712245 36.45782098 36.09799834
v 140.77712245 -41.82259226 36.09799834
v 140.77712245 -42.06292489 32.00812287
v 140.77712245 -42.03656473 27.74800921
v 140.77712245 -41.95746298 25.75107797
v 140.77712245 -41.82555520 24.17900615
v 140.77712245 -41.64073197 22.83655577
v 140.77712245 -41.40283565 21.64698374
v 140.77712245 -41.11165585 20.57075777
v 140.77712245 -40.76692321 19.58444082
v 140.77712245 -40.36830142 18.67286896
v 140.77712245 -39.91537697 17.82562797
v 140.77712245 -39.40764647 17.03525028
v 140.77712245 -38.84450069 16.29620456
v 140.77712245 -38.22520472 15.60428949
v 140.77712245 32.86043343 15.60428949
v 140.77712245 33.47972940 16.29620456
v 140.77712245 34.04287519 17.03525028
v 140.77712245 34.55060569 17.82562797
v 140.77712245 35.00353014 18.67286896
v 140.77712245 35.40215193 19.58444082
v 140.77712245 35.74688456 20.57075777
v 140.77712245 36.03806436 21.64698374
v 140.77712245 36.27596068 22.83655577
v 140.77712245 36.46078392 24.17900615
v 140.77712245 36.59269170 25.75107797
v 140.77712245 36.67179345 27.74800921
v 142.33129803 37.07911222 31.39930220
v 142.33129803 36.84208854 35.43764055
v 142.33129803 36.44285931 38.67727879
v 142.33129803 -41.63746528 38.67727879
v 142.33129803 -42.03669452 35.43764055
v 142.33129803 -42.27371819 31.39930220
v 142.33129803 -42.24715998 27.17885922
v 142.33129803 -42.16746392 25.20052364
v 142.33129803 -42.03456509 23.64309114
v 142.33129803 -41.84835322 22.31314182
v 142.33129803 -41.60866953 21.13464723
v 142.33129803 -41.31530202 20.06844320
v 142.33129803 -40.96797933 19.09131094
v 142.33129803 -40.56636258 18.18822775
v 142.33129803 -40.11003520 17.34887637
v 142.33129803 -39.59848999 16.56585877
v 142.33129803 -39.03111315 15.83369513
v 142.33129803 -38.40716425 15.14822326
v 142.33129803 33.21255828 15.14822326
v 142.33129803 33.83650718 15.83369513
v 142.33129803 34.40388402 16.56585877
v 142.33129803 34.91542923 17.34887637
v 142.33129803 35.37175661 18.18822775
v 142.33129803 35.77337335 19.09131094
v 142.33129803 36.12069605 20.06844320
v 142.33129803 36.41406356 21.13464723
v 142.33129803 36.65374725 22.31314182
v 142.33129803 36.83995911 23.64309114
v 142.33129803 36.97285795 25.20052364
v 142.33129803 37.05255401 27.17885922
v 143.88526569 37.46927062 30.78802785
v 143.88526569 37.23555031 34.77454428
v 143.88526569 36.83989860 37.97797033
v 143.88526569 36.32491464 40.92877302
v 143.88526569 -41.33703146 40.92877302
v 143.88526569 -41.85201542 37.97797033
v 143.88526569 -42.24766713 34.77454428
v 143.88526569 -42.48138744 30.78802785
v 143.88526569 -42.45462915 26.60818418
v 143.88526569 -42.37433267 24.64887956
v 143.88526569 -42.24043261 23.10642905
v 143.88526569 -42.05281786 21.78927341
v 143.88526569 -41.81132844 20.62211556
v 143.88526569 -41.51575076 19.56616807
v 143.88526569 -41.16581141 18.59843551
v 143.88526569 -40.76116897 17.70403969
v 143.88526569 -40.30140371 16.87276260
v 143.88526569 -39.78600463 16.09727738
v 143.88526569 -39.21435329 15.37215692
v 143.88526569 -38.58570369 14.69327906
v 143.88526569 33.57358687 14.69327906
v 143.88526569 34.20223647 15.37215692
v 143.88526569 34.77388781 16.09727738
v 143.88526569 35.28928689 16.87276260
v 143.88526569 35.74905215 17.70403969
v 143.88526569 36.15369459 18.59843551
v 143.88526569 36.50363394 19.56616807
v 143.88526569 36.79921162 20.62211556
v 143.88526569 37.04070104 21.78927341
v 143.88526569 37.22831578 23.10642905
v 143.88526569 37.36221585 24.64887956
v 143.88526569 37.44251233 26.60818418
v 145.43888687 37.86628391 30.17583760
v 145.43888687 37.63586108 34.11032279
v 145.43888687 37.24380761 37.27710470
v 145.43888687 36.73210211 40.19576553
v 145.43888687 36.11576246 42.95320930
v 145.43888687 -40.93558996 42.95320930
v 145.43888687 -41.55192961 40.19576553
v 145.43888687 -42.06363511 37.27710470
v 145.43888687 -42.45568857 34.11032279
v 145.43888687 -42.68611141 30.17583760
v 145.43888687 -42.65915172 26.03744746
v 145.43888687 -42.57825090 24.09757420
v 145.43888687 -42.44334306 22.57042092
v 145.43888687 -42.25431626 21.26632816
v 145.43888687 -42.01100930 20.11074557
v 145.43888687 -41.71320700 19.06527043
v 145.43888687 -41.36063388 18.10713534
v 145.43888687 -40.95294596 17.22160967
v 145.43888687 -40.48972034 16.39857676
v 145.43888687 -39.97044218 15.63078240
v 145.43888687 -39.39448839 14.91285331
v 145.43888687 -38.76110735 14.24070821
v 145.43888687 33.94127985 14.24070821
v 145.43888687 34.57466089 14.91285331
v 145.43888687 35.15061468 15.63078240
v 145.43888687 35.66989284 16.39857676
v 145.43888687 36.13311846 17.22160967
v 145.43888687 36.54080638 18.10713534
v 145.43888687 36.89337950 19.06527043
v 145.43888687 37.19118180 20.11074557
v 145.43888687 37.43448876 21.26632816
v 145.43888687 37.62351556 22.57042092
v 145.43888687 37.75842340 24.09757420
v 145.43888687 37.83932422 26.03744746
v 146.99202307 38.26780781 29.56426756
v 146.99202307 38.04067573 33.44658613
v 146.99202307 37.65224153 36.57635164
v 146.99202307 37.14385248 39.46245014
v 146.99202307 36.53032661 42.19007603
v 146.99202307 35.82166306 44.79478033
v 146.99202307 -40.44192487 44.79478033
v 146.99202307 -41.15058842 42.19007603
v 146.99202307 -41.76411430 39.46245014
v 146.99202307 -42.27250335 36.57635164
v 146.99202307 -42.66093755 33.44658613
v 146.99202307 -42.88806963 29.56426756
v 146.99202307 -42.86090796 25.46811057
v 146.99202307 -42.77940105 23.54803414
v 146.99202307 -42.64348250 22.03646578
v 146.99202307 -42.45303956 20.74568156
v 146.99202307 -42.20790979 19.60189194
v 146.99202307 -41.90787642 18.56708609
v 146.99202307 -41.55266189 17.61872898
v 146.99202307 -41.14191965 16.74224029
v 146.99202307 -40.67522364 15.92760661
v 146.99202307 -40.15205516 15.16764775
v 146.99202307 -39.57178644 14.45704528
v 146.99202307 -38.93366024 13.79175957
v 146.99202307 34.31339842 13.79175957
v 146.99202307 34.95152462 14.45704528
v 146.99202307 35.53179334 15.16764775
v 146.99202307 36.05496183 15.92760661
v 146.99202307 36.52165783 16.74224029
v 146.99202307 36.93240007 17.61872898
v 146.99202307 37.28761460 18.56708609
v 146.99202307 37.58764797 19.60189194
v 146.99202307 37.83277774 20.74568156
v 146.99202307 38.02322069 22.03646578
v 146.99202307 38.15913923 23.54803414
v 146.99202307 38.24064614 25.46811057
v 148.54453593 38.67150073 28.95485089
v 148.54453593 38.44765128 32.78493986
v 148.54453593 38.06285690 35.87737584
v 148.54453593 37.55782349 38.73054570
v 148.54453593 36.94716465 41.42796119
v 148.54453593 36.24075137 44.00445850
v 148.54453593 35.44660928 46.47784135
v 148.54453593 34.57183872 48.85801679
v 148.54453593 -38.98778024 48.85801679
v 148.54453593 -39.86255080 46.47784135
v 148.54453593 -40.65669288 44.00445850
v 148.54453593 -41.36310617 41.42796119
v 148.54453593 -41.97376501 38.73054570
v 148.54453593 -42.47879842 35.87737584
v 148.54453593 -42.86359280 32.78493986
v 148.54453593 -43.08744225 28.95485089
v 148.54453593 -43.06007875 24.90163193
v 148.54453593 -42.97796616 23.00168272
v 148.54453593 -42.84103761 21.50595940
v 148.54453593 -42.64917949 20.22870584
v 148.54453593 -42.40222818 19.09690601
v 148.54453593 -42.09996527 18.07294753
v 148.54453593 -41.74211116 17.13453158
v 148.54453593 -41.32831672 16.26723070
v 148.54453593 -40.85815271 15.46113642
v 148.54453593 -40.33109659 14.70914385
v 148.54453593 -39.74651592 14.00599028
v 148.54453593 -39.10364783 13.34767843
v 148.54453593 34.68770631 13.34767843
v 148.54453593 35.33057440 14.00599028
v 148.54453593 35.91515507 14.70914385
v 148.54453593 36.44221120 15.46113642
v 148.54453593 36.91237520 16.26723070
v 148.54453593 37.32616964 17.13453158
v 148.54453593 37.68402375 18.07294753
v 148.54453593 37.98628666 19.09690601
v 148.54453593 38.23323797 20.22870584
v 148.54453593 38.42509610 21.50595940
v 148.54453593 38.56202465 23.00168272
v 148.54453593 38.64413723 24.90163193
v 150.09628720 39.07502585 28.34911646
v 150.09628720 38.85444898 32.12698373
v 150.09628720 38.47331364 35.18183551
v 150.09628720 37.97167533 38.00176429
v 150.09628720 37.36393892 40.66862760
v 150.09628720 36.65984418 43.21655909
v 150.09628720 35.86731730 45.66298757
v 150.09628720 34.99337653 48.01759564
v 150.09628720 34.04449568 50.28588851
v 150.09628720 -38.25387971 50.28588851
v 150.09628720 -39.20276056 48.01759564
v 150.09628720 -40.07670133 45.66298757
v 150.09628720 -40.86922821 43.21655909
v 150.09628720 -41.57332295 40.66862760
v 150.09628720 -42.18105936 38.00176429
v 150.09628720 -42.68269767 35.18183551
v 150.09628720 -43.06383301 32.12698373
v 150.09628720 -43.28440987 28.34911646
v 150.09628720 -43.25684540 24.33946555
v 150.09628720 -43.17412972 22.45993889
v 150.09628720 -43.03619548 20.98029310
v 150.09628720 -42.84292822 19.71676874
v 150.09628720 -42.59416313 18.59713463
v 150.09628720 -42.28968020 17.58418268
v 150.09628720 -41.92919777 16.65585377
v 150.09628720 -41.51236414 15.79787550
v 150.09628720 -41.03874693 15.00044593
v 150.09628720 -40.50781975 14.25653652
v 150.09628720 -39.91894553 13.56094115
v 150.09628720 35.06197176 12.90970550
v 150.09628720 35.70956150 13.56094115
v 150.09628720 36.29843572 14.25653652
v 150.09628720 36.82936291 15.00044593
v 150.09628720 37.30298011 15.79787550
v 150.09628720 37.71981374 16.65585377
v 150.09628720 38.08029617 17.58418268
v 150.09628720 38.38477910 18.59713463
v 150.09628720 38.63354419 19.71676874
v 150.09628720 38.82681145 20.98029310
v 150.09628720 38.96474569 22.45993889
v 150.09628720 39.04746137 24.33946555
v 151.64713881 39.47605311 27.74858751
v 151.64713881 39.25873634 31.47431030
v 151.64713881 38.88127719 34.49138111
v 151.64713881 38.38307277 37.27780984
v 151.64713881 37.77831528 39.91382966
v 151.64713881 37.07661051 42.43288467
v 151.64713881 36.28578276 44.85203613
v 151.64713881 35.41276615 47.18074707
v 151.64713881 34.46396205 49.42438264
v 151.64713881 33.44539505 51.58587977
v 151.64713881 32.36277833 53.66664382
v 151.64713881 -36.36587858 53.66664382
v 151.64713881 -37.44849530 51.58587977
v 151.64713881 -38.46706230 49.42438264
v 151.64713881 -39.41586640 47.18074707
v 151.64713881 -40.28888301 44.85203613
v 151.64713881 -41.07971075 42.43288467
v 151.64713881 -41.78141553 39.91382966
v 151.64713881 -42.38617302 37.27780984
v 151.64713881 -42.88437744 34.49138111
v 151.64713881 -43.26183658 31.47431030
v 151.64713881 -43.47915336 27.74858751
v 151.64713881 -43.45138948 23.78305982
v 151.64713881 -43.36807546 21.92421596
v 151.64713881 -43.22914343 20.46085257
v 151.64713881 -43.03447812 19.21123235
v 151.64713881 -42.78391351 18.10391898
v 151.64713881 -42.47722802 17.10211381
v 151.64713881 -42.11413793 16.18400046
v 151.64713881 -41.69428902 15.33546361
v 151.64713881 -41.21724577 14.54680916
v 151.64713881 -40.68247797 13.81108592
v 151.64713881 -40.08934395 13.12314506
v 151.64713881 35.43396943 12.47907577
v 151.64713881 36.08624370 13.12314506
v 151.64713881 36.67937772 13.81108592
v 151.64713881 37.21414552 14.54680916
v 151.64713881 37.69118877 15.33546361
v 151.64713881 38.11103769 16.18400046
v 151.64713881 38.47412777 17.10211381
v 151.64713881 38.78081327 18.10391898
v 151.64713881 39.03137787 19.21123235
v 151.64713881 39.22604318 20.46085257
v 151.64713881 39.36497521 21.92421596
v 151.64713881 39.44828924 23.78305982
v 153.19695288 39.87226132 27.15478035
v 153.19695288 39.65818923 30.82850368
v 153.19695288 39.28442057 33.80765396
v 153.19695288 38.78968724 36.56037671
v 153.19695288 38.18796531 39.16531200
v 153.19695288 37.48872395 41.65522787
v 153.19695288 36.69968350 44.04682571
v 153.19695288 35.82769190 46.34935407
v 153.19695288 34.87907630 48.56804174
v 153.19695288 33.85979619 50.70573559
v 153.19695288 32.77550757 52.76378029
v 153.19695288 31.63158247 54.74253289
v 153.19695288 30.43310460 56.64168394
v 153.19695288 -34.23269693 56.64168394
v 153.19695288 -35.43117480 54.74253289
v 153.19695288 -36.57509990 52.76378029
v 153.19695288 -37.65938852 50.70573559
v 153.19695288 -38.67866863 48.56804174
v 153.19695288 -39.62728424 46.34935407
v 153.19695288 -40.49927584 44.04682571
v 153.19695288 -41.28831629 41.65522787
v 153.19695288 -41.98755764 39.16531200
v 153.19695288 -42.58927958 36.56037671
v 153.19695288 -43.08401291 33.80765396
v 153.19695288 -43.45778157 30.82850368
v 153.19695288 -43.67185365 27.15478035
v 153.19695288 -43.64389268 23.23385624
v 153.19695288 -43.55998720 21.39592034
v 153.19695288 -43.42006888 19.94901661
v 153.19695288 -43.22402162 18.71345191
v 153.19695288 -42.97167822 17.61859341
v 153.19695288 -42.66281553 16.62805638
v 153.19695288 -42.29714783 15.72026981
v 153.19695288 -41.87431836 14.88127716
v 153.19695288 -41.39388852 14.10149336
v 153.19695288 -40.85532435 13.37404541
v 153.19695288 -40.25797960 12.69384239
v 153.19695288 36.45838727 12.69384239
v 153.19695288 37.05573201 13.37404541
v 153.19695288 37.59429619 14.10149336
v 153.19695288 38.07472602 14.88127716
v 153.19695288 38.49755550 15.72026981
v 153.19695288 38.86322320 16.62805638
v 153.19695288 39.17208589 17.61859341
v 153.19695288 39.42442928 18.71345191
v 153.19695288 39.62047654 19.94901661
v 153.19695288 39.76039487 21.39592034
v 153.19695288 39.84430035 23.23385624
v 154.74559179 40.26134013 26.56920307
v 154.74559179 40.05049395 30.19113820
v 154.74559179 39.68042647 33.13228491
v 154.74559179 39.18919900 35.85114838
v 154.74559179 38.59056839 38.42480804
v 154.74559179 37.89386495 40.88536989
v 154.74559179 37.10670308 43.24918344
v 154.74559179 36.23584279 45.52528801
v 154.74559179 35.28753528 47.71877980
v 154.74559179 34.26767336 49.83241855
v 154.74559179 33.18185429 51.86749067
v 154.74559179 32.03539869 53.82431418
v 154.74559179 30.83334601 55.70255382
v 154.74559179 29.58043667 57.50142832
v 154.74559179 28.28108670 59.21985228
v 154.74559179 26.93935786 60.85653710
v 154.74559179 25.55892505 62.41006473
v 154.74559179 -29.16027656 62.41006473
v 154.74559179 -30.54070937 60.85653710
v 154.74559179 -31.88243821 59.21985228
v 154.74559179 -33.18178819 57.50142832
v 154.74559179 -34.43469753 55.70255382
v 154.74559179 -35.63675020 53.82431418
v 154.74559179 -36.78320580 51.86749067
v 154.74559179 -37.86902488 49.83241855
v 154.74559179 -38.88888679 47.71877980
v 154.74559179 -39.83719431 45.52528801
v 154.74559179 -40.70805460 43.24918344
v 154.74559179 -41.49521647 40.88536989
v 154.74559179 -42.19191990 38.42480804
v 154.74559179 -42.79055052 35.85114838
v 154.74559179 -43.28177799 33.13228491
v 154.74559179 -43.65184546 30.19113820
v 154.74559179 -43.86269165 26.56920307
v 154.74559179 -43.83453659 22.69328819
v 154.74559179 -43.75004868 20.87645039
v 154.74559179 -43.60915912 19.44615602
v 154.74559179 -43.41175101 18.22477466
v 154.74559179 -43.15765599 17.14248430
v 154.74559179 -42.84664935 16.16331788
v 154.74559179 -42.47844338 15.26595201
v 154.74559179 -42.05267886 14.43659035
v 154.74559179 -41.56891415 13.66575788
v 154.74559179 -41.02661156 12.94666048
v 154.74559179 -40.42512038 12.27426567
v 154.74559179 36.82376887 12.27426567
v 154.74559179 37.42526005 12.94666048
v 154.74559179 37.96756263 13.66575788
v 154.74559179 38.45132735 14.43659035
v 154.74559179 38.87709187 15.26595201
v 154.74559179 39.24529783 16.16331788
v 154.74559179 39.55630448 17.14248430
v 154.74559179 39.81039949 18.22477466
v 154.74559179 40.00780761 19.44615602
v 154.74559179 40.14869717 20.87645039
v 154.74559179 40.23318507 22.69328819
v 156.29291813 40.64099209 25.99335420
v 156.29291813 40.43334919 29.56377717
v 156.29291813 40.06698936 32.46689306
v 156.29291813 39.57929924 35.15179611
v 156.29291813 38.98381393 37.69403862
v 156.29291813 38.28972295 40.12507913
v 156.29291813 37.50453306 42.46092350
v 156.29291813 36.63491474 44.71040716
v 156.29291813 35.68704175 46.87849762
v 156.29291813 34.66673874 48.96787048
v 156.29291813 33.57954281 50.97975629
v 156.29291813 32.43072181 52.91443603
v 156.29291813 31.22526958 54.77155044
v 156.29291813 29.96788808 56.55030336
v 156.29291813 28.66296206 58.24960118
v 156.29291813 27.31452929 59.86815185
v 156.29291813 25.92624805 61.40453735
v 156.29291813 24.50136241 62.85726817
v 156.29291813 23.04266517 64.22482508
v 156.29291813 21.55245752 65.50569193
v 156.29291813 20.03250307 66.69838172
v 156.29291813 18.48397300 67.80145762
v 156.29291813 16.90737595 68.81355026
v 156.29291813 15.30246307 69.73337186
v 156.29291813 13.66809083 70.55972804
v 156.29291813 12.00201124 71.29152761
v 156.29291813 10.30053112 71.92779075
v 156.29291813 8.55792089 72.46765584
v 156.29291813 6.76529914 72.91038499
v 156.29291813 4.90827322 73.25536859
v 156.29291813 2.96098855 73.50212895
v 156.29291813 0.86550397 73.65032293
v 156.29291813 -1.70542794 73.69974393
v 156.29291813 -4.27635985 73.65032293
v 156.29291813 -6.37184443 73.50212895
v 156.29291813 -8.31912911 73.25536859
v 156.29291813 -10.17615503 72.91038499
v 156.29291813 -11.96877677 72.46765584
v 156.29291813 -13.71138701 71.92779075
v 156.29291813 -15.41286712 71.29152761
v 156.29291813 -17.07894672 70.55972804
v 156.29291813 -18.71331896 69.73337186
v 156.29291813 -20.31823184 68.81355026
v 156.29291813 -21.89482888 67.80145762
v 156.29291813 -23.44335896 66.69838172
v 156.29291813 -24.96331340 65.50569193
v 156.29291813 -26.45352106 64.22482508
v 156.29291813 -27.91221829 62.85726817
v 156.29291813 -29.33710393 61.40453735
v 156.29291813 -30.72538517 59.86815185
v 156.29291813 -32.07381794 58.24960118
v 156.29291813 -33.37874396 56.55030336
v 156.29291813 -34.63612547 54.77155044
v 156.29291813 -35.84157769 52.91443603
v 156.29291813 -36.99039869 50.97975629
v 156.29291813 -38.07759463 48.96787048
v 156.29291813 -39.09789763 46.87849762
v 156.29291813 -40.04577062 44.71040716
v 156.29291813 -40.91538894 42.46092350
v 156.29291813 -41.70057884 40.12507913
v 156.29291813 -42.39466981 37.69403862
v 156.29291813 -42.99015512 35.15179611
v 156.29291813 -43.47784524 32.46689306
v 156.29291813 -43.84420508 29.56377717
v 156.29291813 -44.05184798 25.99335420
v 156.29291813 -44.02350255 22.16277965
v 156.29291813 -43.93844337 20.36719517
v 156.29291813 -43.79660118 18.95363234
v 156.29291813 -43.59785828 17.74653866
v 156.29291813 -43.34204519 16.67690891
v 156.29291813 -43.02893566 15.70919674
v 156.29291813 -42.65824006 14.82232823
v 156.29291813 -42.22959671 14.00266842
v 156.29291813 -41.74256100 13.24085312
v 156.29291813 -41.19659161 12.53016770
v 156.29291813 -40.59103342 11.86563855
v 156.29291813 37.18017754 11.86563855
v 156.29291813 37.78573573 12.53016770
v 156.29291813 38.33170512 13.24085312
v 156.29291813 38.81874083 14.00266842
v 156.29291813 39.24738417 14.82232823
v 156.29291813 39.61807978 15.70919674
v 156.29291813 39.93118931 16.67690891
v 156.29291813 40.18700240 17.74653866
v 156.29291813 40.38574530 18.95363234
v 156.29291813 40.52758749 20.36719517
v 156.29291813 40.61264666 22.16277965
v 157.83879483 41.00893461 25.42872148
v 157.83879483 40.80446817 28.94797155
v 157.83879483 40.44181750 31.81308447
v 157.83879483 39.95769215 34.46397755
v 157.83879483 39.36540347 36.97471064
v 157.83879483 38.67399860 39.37610979
v 157.83879483 37.89087518 41.68384562
v 157.83879483 37.02261287 43.90655525
v 157.83879483 36.07530665 46.04908137
v 157.83879483 35.05471171 48.11401849
v 157.83879483 33.96630371 50.10254371
v 157.83879483 32.81529649 52.01490300
v 157.83879483 31.60663708 53.85071480
v 157.83879483 30.34498779 55.60916960
v 157.83879483 29.03470100 57.28916690
v 157.83879483 27.67978944 58.88941241
v 157.83879483 26.28389378 60.40848924
v 157.83879483 24.85024799 61.84491144
v 157.83879483 23.38164229 63.19716508
v 157.83879483 21.88038268 64.46374044
v 157.83879483 20.34824490 65.64315765
v 157.83879483 18.78641919 66.73398747
v 157.83879483 17.19543983 67.73486815
v 157.83879483 15.57508947 68.64451947
v 157.83879483 13.92426106 69.46175430
v 157.83879483 12.24074668 70.18548825
v 157.83879483 10.52089481 70.81474778
v 157.83879483 8.75901568 71.34867684
v 157.83879483 6.94626014 71.78654239
v 157.83879483 5.06824870 72.12773892
v 157.83879483 3.09909350 72.37179189
v 157.83879483 0.98068554 72.51836052
v 157.83879483 -1.61528413 72.56723957
v 157.83879483 -4.21125380 72.51836052
v 157.83879483 -6.32966176 72.37179189
v 157.83879483 -8.29881696 72.12773892
v 157.83879483 -10.17682840 71.78654239
v 157.83879483 -11.98958393 71.34867684
v 157.83879483 -13.75146307 70.81474778
v 157.83879483 -15.47131494 70.18548825
v 157.83879483 -17.15482932 69.46175430
v 157.83879483 -18.80565773 68.64451947
v 157.83879483 -20.42600809 67.73486815
v 157.83879483 -22.01698745 66.73398747
v 157.83879483 -23.57881316 65.64315765
v 157.83879483 -25.11095094 64.46374044
v 157.83879483 -26.61221054 63.19716508
v 157.83879483 -28.08081624 61.84491144
v 157.83879483 -29.51446204 60.40848924
v 157.83879483 -30.91035769 58.88941241
v 157.83879483 -32.26526926 57.28916690
v 157.83879483 -33.57555605 55.60916960
v 157.83879483 -34.83720533 53.85071480
v 157.83879483 -36.04586475 52.01490300
v 157.83879483 -37.19687196 50.10254371
v 157.83879483 -38.28527997 48.11401849
v 157.83879483 -39.30587490 46.04908137
v 157.83879483 -40.25318113 43.90655525
v 157.83879483 -41.12144344 41.68384562
v 157.83879483 -41.90456686 39.37610979
v 157.83879483 -42.59597173 36.97471064
v 157.83879483 -43.18826041 34.46397755
v 157.83879483 -43.67238576 31.81308447
v 157.83879483 -44.03503643 28.94797155
v 157.83879483 -44.23950287 25.42872148
v 157.83879483 -44.21097149 21.64374406
v 157.83879483 -44.12535431 19.86953326
v 157.83879483 -43.98258161 18.47279674
v 157.83879483 -43.78253494 17.28007167
v 157.83879483 -43.52504367 16.22317422
v 157.83879483 -43.20988010 15.26698118
v 157.83879483 -42.83675268 14.39066949
v 157.83879483 -42.40529737 13.58076648
v 157.83879483 -41.91506663 12.82801943
v 157.83879483 -41.36551560 12.12579363
v 157.83879483 -40.75598487 11.46917468
v 157.83879483 37.52541661 11.46917468
v 157.83879483 38.13494735 12.12579363
v 157.83879483 38.68449838 12.82801943
v 157.83879483 39.17472911 13.58076648
v 157.83879483 39.60618442 14.39066949
v 157.83879483 39.97931184 15.26698118
v 157.83879483 40.29447541 16.22317422
v 157.83879483 40.55196668 17.28007167
v 157.83879483 40.75201336 18.47279674
v 157.83879483 40.89478606 19.86953326
v 157.83879483 40.98040323 21.64374406
v 159.38308511 41.36290195 24.87678053
v 159.38308511 41.16158055 28.34525875
v 159.38308511 40.80263505 31.17245086
v 159.38308511 40.32209710 33.78933555
v 159.38308511 39.73305289 36.26851576
v 159.38308511 39.04440594 38.64020048
v 159.38308511 38.26344371 40.91973376
v 159.38308511 37.39665384 43.11555997
v 159.38308511 36.45005147 45.23240106
v 159.38308511 35.42932123 47.27277343
v 159.38308511 34.33987622 49.23780316
v 159.38308511 33.18687517 51.12770324
v 159.38308511 31.97521721 52.94207149
v 159.38308511 30.70952398 54.68008657
v 159.38308511 29.39411440 56.34064238
v 159.38308511 28.03297521 57.92244355
v 159.38308511 26.62972855 59.42407541
v 159.38308511 25.18759742 60.84405653
v 159.38308511 23.70936864 62.18087912
v 159.38308511 22.19735234 63.43304071
v 159.38308511 20.65333573 64.59906933
v 159.38308511 19.07852759 65.67754393
v 159.38308511 17.47348736 66.66711103
v 159.38308511 15.83802888 67.56649851
v 159.38308511 14.17108134 68.37452696
v 159.38308511 12.47047681 69.09011926
v 159.38308511 10.73260542 69.71230850
v 159.38308511 8.95181749 70.24024456
v 159.38308511 7.11929662 70.67319954
v 159.38308511 5.22067737 71.01057220
v 159.38308511 3.23004031 71.25189139
v 159.38308511 1.08911224 71.39681877
v 159.38308511 -1.53146701 71.44515057
v 159.38308511 -4.15204625 71.39681877
v 159.38308511 -6.29297433 71.25189139
v 159.38308511 -8.28361138 71.01057220
v 159.38308511 -10.18223064 70.67319954
v 159.38308511 -12.01475150 70.24024456
v 159.38308511 -13.79553944 69.71230850
v 159.38308511 -15.53341082 69.09011926
v 159.38308511 -17.23401536 68.37452696
v 159.38308511 -18.90096290 67.56649851
v 159.38308511 -20.53642138 66.66711103
v 159.38308511 -22.14146160 65.67754393
v 159.38308511 -23.71626975 64.59906933
v 159.38308511 -25.26028636 63.43304071
v 159.38308511 -26.77230265 62.18087912
v 159.38308511 -28.25053143 60.84405653
v 159.38308511 -29.69266257 59.42407541
v 159.38308511 -31.09590923 57.92244355
v 159.38308511 -32.45704842 56.34064238
v 159.38308511 -33.77245799 54.68008657
v 159.38308511 -35.03815123 52.94207149
v 159.38308511 -36.24980919 51.12770324
v 159.38308511 -37.40281023 49.23780316
v 159.38308511 -38.49225524 47.27277343
v 159.38308511 -39.51298548 45.23240106
v 159.38308511 -40.45958786 43.11555997
v 159.38308511 -41.32637772 40.91973376
v 159.38308511 -42.10733996 38.64020048
v 159.38308511 -42.79598690 36.26851576
v 159.38308511 -43.38503111 33.78933555
v 159.38308511 -43.86556907 31.17245086
v 159.38308511 -44.22451457 28.34525875
v 159.38308511 -44.42583597 24.87678053
v 159.38308511 -44.39712375 21.13758303
v 159.38308511 -44.31096394 19.38483160
v 159.38308511 -44.16728636 18.00498883
v 159.38308511 -43.96597179 16.82668996
v 159.38308511 -43.70684856 15.78257586
v 159.38308511 -43.38968750 14.83794814
v 159.38308511 -43.01419521 13.97223558
v 159.38308511 -42.58000536 13.17212847
v 159.38308511 -42.08666757 12.42848602
v 159.38308511 -41.53363351 11.73475376
v 159.38308511 -40.92023960 11.08607672
v 159.38308511 37.85730558 11.08607672
v 159.38308511 38.47069949 11.73475376
v 159.38308511 39.02373355 12.42848602
v 159.38308511 39.51707135 13.17212847
v 159.38308511 39.95126120 13.97223558
v 159.38308511 40.32675348 14.83794814
v 159.38308511 40.64391455 15.78257586
v 159.38308511 40.90303778 16.82668996
v 159.38308511 41.10435234 18.00498883
v 159.38308511 41.24802993 19.38483160
v 159.38308511 41.33418974 21.13758303
v 160.92565255 41.70579433 24.33442707
v 160.92565255 41.50756006 27.75234222
v 160.92565255 41.15227100 30.54154312
v 160.92565255 40.67528567 33.12428067
v 160.92565255 40.08946575 35.57173211
v 160.92565255 39.40357129 37.91350291
v 160.92565255 38.62477948 40.16461832
v 160.92565255 37.75948585 42.33333507
v 160.92565255 36.81362541 44.42425804
v 160.92565255 35.79281198 46.43982840
v 160.92565255 34.70239574 48.38112360
v 160.92565255 33.54747995 50.24832557
v 160.92565255 32.33291539 52.04101327
v 160.92565255 31.06328257 53.75835501
v 160.92565255 29.74286656 55.39924047
v 160.92565255 28.37562757 56.96237445
v 160.92565255 26.96516874 58.44634562
v 160.92565255 25.51470161 59.84967809
v 160.92565255 24.02700914 61.17087120
v 160.92565255 22.50440509 62.40843057
v 160.92565255 20.94868767 63.56089293
v 160.92565255 19.36108373 64.62684620
v 160.92565255 17.74217743 65.60494582
v 160.92565255 16.09181333 66.49392836
v 160.92565255 14.40895643 67.29262273
v 160.92565255 12.69147833 67.99995955
v 160.92565255 10.93581038 68.61497898
v 160.92565255 9.13634250 69.13683718
v 160.92565255 7.28429053 69.56481173
v 160.92565255 5.36530244 69.89830591
v 160.92565255 3.35342638 70.13685218
v 160.92565255 1.19022304 70.28011476
v 160.92565255 -1.45473884 70.32789146
v 160.92565255 -4.09970073 70.28011476
v 160.92565255 -6.26290407 70.13685218
v 160.92565255 -8.27478013 69.89830591
v 160.92565255 -10.19376821 69.56481173
v 160.92565255 -12.04582018 69.13683718
v 160.92565255 -13.84528807 68.61497898
v 160.92565255 -15.60095602 67.99995955
v 160.92565255 -17.31843412 67.29262273
v 160.92565255 -19.00129102 66.49392836
v 160.92565255 -20.65165512 65.60494582
v 160.92565255 -22.27056141 64.62684620
v 160.92565255 -23.85816536 63.56089293
v 160.92565255 -25.41388278 62.40843057
v 160.92565255 -26.93648683 61.17087120
v 160.92565255 -28.42417930 59.84967809
v 160.92565255 -29.87464643 58.44634562
v 160.92565255 -31.28510526 56.96237445
v 160.92565255 -32.65234425 55.39924047
v 160.92565255 -33.97276026 53.75835501
v 160.92565255 -35.24239308 52.04101327
v 160.92565255 -36.45695763 50.24832557
v 160.92565255 -37.61187343 48.38112360
v 160.92565255 -38.70228966 46.43982840
v 160.92565255 -39.72310310 44.42425804
v 160.92565255 -40.66896353 42.33333507
v 160.92565255 -41.53425716 40.16461832
v 160.92565255 -42.31304898 37.91350291
v 160.92565255 -42.99894344 35.57173211
v 160.92565255 -43.58476335 33.12428067
v 160.92565255 -44.06174868 30.54154312
v 160.92565255 -44.41703774 27.75234222
v 160.92565255 -44.61527202 24.33442707
v 160.92565255 -44.58638164 20.64139150
v 160.92565255 -44.49968720 18.91027850
v 160.92565255 -44.35511808 17.54747046
v 160.92565255 -44.15255434 16.38371817
v 160.92565255 -43.89182322 15.35249409
v 160.92565255 -43.57269413 14.41952818
v 160.92565255 -43.19487188 13.56450320
v 160.92565255 -42.75798783 12.77427375
v 160.92565255 -42.26158882 12.03981186
v 160.92565255 -41.70512313 11.35464401
v 160.92565255 -41.08792304 10.71397516
v 160.92565255 38.17844536 10.71397516
v 160.92565255 38.79564544 11.35464401
v 160.92565255 39.35211114 12.03981186
v 160.92565255 39.84851015 12.77427375
v 160.92565255 40.28539419 13.56450320
v 160.92565255 40.66321645 14.41952818
v 160.92565255 40.98234553 15.35249409
v 160.92565255 41.24307665 16.38371817
v 160.92565255 41.44564039 17.54747046
v 160.92565255 41.59020951 18.91027850
v 160.92565255 41.67690396 20.64139150
v 162.46636113 42.05601844 23.78500475
v 162.46636113 41.86073005 27.15166459
v 162.46636113 41.50890080 29.90207174
v 162.46636113 41.03523653 32.44984609
v 162.46636113 40.45238072 34.86475128
v 162.46636113 39.76895397 37.17579501
v 162.46636113 38.99202633 39.39768742
v 162.46636113 38.12790388 41.53850051
v 162.46636113 37.18244387 43.60272456
v 162.46636113 36.16119141 45.59272776
v 162.46636113 35.06943579 47.50954091
v 162.46636113 33.91222656 49.35331686
v 162.46636113 32.69436788 51.12361751
v 162.46636113 31.42040060 52.81960256
v 162.46636113 30.09457727 54.44015911
v 162.46636113 28.72083281 55.98399372
v 162.46636113 27.30275235 57.44969986
v 162.46636113 25.84353683 58.83580865
v 162.46636113 24.34596599 60.14082785
v 162.46636113 22.81235768 61.36327248
v 162.46636113 21.24452132 62.50168915
v 162.46636113 19.64370183 63.55467582
v 162.46636113 18.01050782 64.52089792
v 162.46636113 16.34481398 65.39910167
v 162.46636113 14.64562016 66.18812511
v 162.46636113 12.91083610 66.88690739
v 162.46636113 11.13693238 67.49449641
v 162.46636113 9.31833571 68.01005525
v 162.46636113 7.44629003 68.43286744
v 162.46636113 5.50645036 68.76234122
v 162.46636113 3.47282117 68.99801295
v 162.46636113 1.28677220 69.13954967
v 162.46636113 -1.38334794 69.18675089
v 162.46636113 -4.05346809 69.13954967
v 162.46636113 -6.23951706 68.99801295
v 162.46636113 -8.27314625 68.76234122
v 162.46636113 -10.21298592 68.43286744
v 162.46636113 -12.08503160 68.01005525
v 162.46636113 -13.90362827 67.49449641
v 162.46636113 -15.67753199 66.88690739
v 162.46636113 -17.41231605 66.18812511
v 162.46636113 -19.11150987 65.39910167
v 162.46636113 -20.77720371 64.52089792
v 162.46636113 -22.41039772 63.55467582
v 162.46636113 -24.01121721 62.50168915
v 162.46636113 -25.57905357 61.36327248
v 162.46636113 -27.11266188 60.14082785
v 162.46636113 -28.61023272 58.83580865
v 162.46636113 -30.06944824 57.44969986
v 162.46636113 -31.48752870 55.98399372
v 162.46636113 -32.86127316 54.44015911
v 162.46636113 -34.18709649 52.81960256
v 162.46636113 -35.46106377 51.12361751
v 162.46636113 -36.67892245 49.35331686
v 162.46636113 -37.83613168 47.50954091
v 162.46636113 -38.92788730 45.59272776
v 162.46636113 -39.94913976 43.60272456
v 162.46636113 -40.89459977 41.53850051
v 162.46636113 -41.75872222 39.39768742
v 162.46636113 -42.53564986 37.17579501
v 162.46636113 -43.21907661 34.86475128
v 162.46636113 -43.80193242 32.44984609
v 162.46636113 -44.27559669 29.90207174
v 162.46636113 -44.62742594 27.15166459
v 162.46636113 -44.82271433 23.78500475
v 162.46636113 -44.79363732 20.13948108
v 162.46636113 -44.70638280 18.43063932
v 162.46636113 -44.56087970 17.08536416
v 162.46636113 -44.35700732 15.93658386
v 162.46636113 -44.09459178 14.91862675
v 162.46636113 -43.77340101 13.99766370
v 162.46636113 -43.39313788 13.15363885
v 162.46636113 -42.95343140 12.37357590
v 162.46636113 -42.45382547 11.64856307
v 162.46636113 -41.89376479 10.97221009
v 162.46636113 38.50588147 10.33978361
v 162.46636113 39.12706890 10.97221009
v 162.46636113 39.68712958 11.64856307
v 162.46636113 40.18673551 12.37357590
v 162.46636113 40.62644199 13.15363885
v 162.46636113 41.00670512 13.99766370
v 162.46636113 41.32789589 14.91862675
v 162.46636113 41.59031143 15.93658386
v 162.46636113 41.79418381 17.08536416
v 162.46636113 41.93968691 18.43063932
v 162.46636113 42.02694143 20.13948108
v 164.00507521 42.41248703 23.22941286
v 164.00507521 42.22001104 26.54424571
v 164.00507521 41.87145914 29.25515706
v 164.00507521 41.40090431 31.76724543
v 164.00507521 40.82077794 34.14887546
v 164.00507521 40.13956504 36.42846372
v 164.00507521 39.36423150 38.62040950
v 164.00507521 38.50099646 40.73260324
v 164.00507521 37.55564168 42.76942325
v 164.00507521 36.53364558 44.73316705
v 164.00507521 35.44023839 46.62482089
v 164.00507521 34.28041766 48.44451045
v 164.00507521 33.05894241 50.19178237
v 164.00507521 31.78031527 51.86578947
v 164.00507521 30.44875747 53.46541787
v 164.00507521 29.06817970 54.98937739
v 164.00507521 27.64214999 56.43626779
v 164.00507521 26.17385940 57.80462852
v 164.00507521 24.66608496 59.09297711
v 164.00507521 23.12114895 60.29983915
v 164.00507521 21.54087216 61.42377228
v 164.00507521 19.92651747 62.46338559
v 164.00507521 18.27871756 63.41735543
v 164.00507521 16.59737663 64.28443857
v 164.00507521 14.88152844 65.06348305
v 164.00507521 13.12911949 65.75343723
v 164.00507521 11.33665770 66.35335745
v 164.00507521 9.49860392 66.86241424
v 164.00507521 7.60622646 67.27989756
v 164.00507521 5.64518164 67.60522103
v 164.00507521 3.58942040 67.83792521
v 164.00507521 1.38009984 67.97768018
v 164.00507521 -1.31578178 68.02428729
v 164.00507521 -4.01166339 67.97768018
v 164.00507521 -6.22098395 67.83792521
v 164.00507521 -8.27674519 67.60522103
v 164.00507521 -10.23779002 67.27989756
v 164.00507521 -12.13016748 66.86241424
v 164.00507521 -13.96822125 66.35335745
v 164.00507521 -15.76068305 65.75343723
v 164.00507521 -17.51309200 65.06348305
v 164.00507521 -19.22894019 64.28443857
v 164.00507521 -20.91028112 63.41735543
v 164.00507521 -22.55808102 62.46338559
v 164.00507521 -24.17243572 61.42377228
v 164.00507521 -25.75271251 60.29983915
v 164.00507521 -27.29764852 59.09297711
v 164.00507521 -28.80542296 57.80462852
v 164.00507521 -30.27371355 56.43626779
v 164.00507521 -31.69974326 54.98937739
v 164.00507521 -33.08032103 53.46541787
v 164.00507521 -34.41187882 51.86578947
v 164.00507521 -35.69050597 50.19178237
v 164.00507521 -36.91198121 48.44451045
v 164.00507521 -38.07180195 46.62482089
v 164.00507521 -39.16520914 44.73316705
v 164.00507521 -40.18720524 42.76942325
v 164.00507521 -41.13256002 40.73260324
v 164.00507521 -41.99579506 38.62040950
v 164.00507521 -42.77112860 36.42846372
v 164.00507521 -43.45234150 34.14887546
v 164.00507521 -44.03246787 31.76724543
v 164.00507521 -44.50302270 29.25515706
v 164.00507521 -44.85157460 26.54424571
v 164.00507521 -45.04405059 23.22941286
v 164.00507521 -45.01478019 19.63261782
v 164.00507521 -44.92694537 17.94661765
v 164.00507521 -44.78047458 16.61932439
v 164.00507521 -44.57524630 15.48589949
v 164.00507521 -44.31108551 14.48154911
v 164.00507521 -43.98775859 13.57289631
v 164.00507521 -43.60496644 12.74015328
v 164.00507521 -43.16233561 11.97051721
v 164.00507521 -42.65940694 11.25519541
v 164.00507521 -42.09562147 10.58788304
v 164.00507521 38.83873915 9.96391002
v 164.00507521 39.46405791 10.58788304
v 164.00507521 40.02784338 11.25519541
v 164.00507521 40.53077205 11.97051721
v 164.00507521 40.97340289 12.74015328
v 164.00507521 41.35619503 13.57289631
v 164.00507521 41.67952195 14.48154911
v 164.00507521 41.94368274 15.48589949
v 164.00507521 42.14891102 16.61932439
v 164.00507521 42.29538181 17.94661765
v 164.00507521 42.38321663 19.63261782
v 165.54165962 42.77182106 22.67059745
v 165.54165962 42.58203980 25.93326465
v 165.54165962 42.23661222 28.60417150
v 165.54165962 41.76899617 31.08003086
v 165.54165962 41.19141633 33.42782744
v 165.54165962 40.51222549 35.67539530
v 165.54165962 39.73828795 37.83682809
v 165.54165962 38.87573805 39.91983842
v 165.54165962 37.93028390 41.92869556
v 165.54165962 36.90733893 43.86562877
v 165.54165962 35.81207578 45.73158193
v 165.54165962 34.64944135 47.52665548
v 165.54165962 33.42415074 49.25038257
v 165.54165962 32.14066939 50.90191074
v 165.54165962 30.80318814 52.48012670
v 165.54165962 29.41559418 53.98374496
v 165.54165962 27.98143907 55.41137288
v 165.54165962 26.50390443 56.76155955
v 165.54165962 24.98576489 58.03283341
v 165.54165962 23.42934727 59.22373176
v 165.54165962 21.83648364 60.33282430
v 165.54165962 20.20845460 61.35873218
v 165.54165962 18.54591648 62.30014359
v 165.54165962 16.84880226 63.15582665
v 165.54165962 15.11617867 63.92464010
v 165.54165962 13.34602770 64.60554224
v 165.54165962 11.53489298 65.19759837
v 165.54165962 9.67726734 65.69998700
v 165.54165962 7.76444043 66.11200498
v 165.54165962 5.78206549 66.43307161
v 165.54165962 3.70403262 66.66273196
v 165.54165962 1.47127062 66.80065932
v 165.54165962 -1.25066799 66.84665701
v 165.54165962 -3.97260660 66.80065932
v 165.54165962 -6.20536859 66.66273196
v 165.54165962 -8.28340146 66.43307161
v 165.54165962 -10.26577641 66.11200498
v 165.54165962 -12.17860332 65.69998700
v 165.54165962 -14.03622896 65.19759837
v 165.54165962 -15.84736368 64.60554224
v 165.54165962 -17.61751464 63.92464010
v 165.54165962 -19.35013824 63.15582665
v 165.54165962 -21.04725245 62.30014359
v 165.54165962 -22.70979058 61.35873218
v 165.54165962 -24.33781962 60.33282430
v 165.54165962 -25.93068324 59.22373176
v 165.54165962 -27.48710086 58.03283341
v 165.54165962 -29.00524040 56.76155955
v 165.54165962 -30.48277505 55.41137288
v 165.54165962 -31.91693015 53.98374496
v 165.54165962 -33.30452411 52.48012670
v 165.54165962 -34.64200536 50.90191074
v 165.54165962 -35.92548672 49.25038257
v 165.54165962 -37.15077732 47.52665548
v 165.54165962 -38.31341176 45.73158193
v 165.54165962 -39.40867490 43.86562877
v 165.54165962 -40.43161988 41.92869556
v 165.54165962 -41.37707402 39.91983842
v 165.54165962 -42.23962393 37.83682809
v 165.54165962 -43.01356146 35.67539530
v 165.54165962 -43.69275231 33.42782744
v 165.54165962 -44.27033215 31.08003086
v 165.54165962 -44.73794820 28.60417150
v 165.54165962 -45.08337578 25.93326465
v 165.54165962 -45.27315703 22.67059745
v 165.54165962 -45.24368969 19.12349002
v 165.54165962 -45.15526388 17.46078094
v 165.54165962 -45.00780758 16.15182346
v 165.54165962 -44.80119845 15.03405617
v 165.54165962 -44.53526029 14.04358030
v 165.54165962 -44.20975790 13.14747999
v 165.54165962 -43.82439018 12.32624082
v 165.54165962 -43.37878116 11.56723682
v 165.54165962 -42.87246860 10.86179677
v 165.54165962 -42.30488977 10.20370293
v 165.54165962 39.80355380 10.20370293
v 165.54165962 40.37113263 10.86179677
v 165.54165962 40.87744518 11.56723682
v 165.54165962 41.32305421 12.32624082
v 165.54165962 41.70842192 13.14747999
v 165.54165962 42.03392431 14.04358030
v 165.54165962 42.29986247 15.03405617
v 165.54165962 42.50647160 16.15182346
v 165.54165962 42.65392790 17.46078094
v 165.54165962 42.74235371 19.12349002
v 167.07597965 43.13066800 22.11148193
v 167.07597965 42.94347764 25.32187345
v 167.07597965 42.60104787 27.95245797
v 167.07597965 42.13623758 30.39172306
v 167.07597965 41.56106957 32.70529694
v 167.07597965 40.88376734 34.92044160
v 167.07597965 40.11109584 37.05095117
v 167.07597965 39.24910640 39.10436463
v 167.07597965 38.30343509 41.08484541
v 167.07597965 37.27943166 42.99455710
v 167.07597965 36.18221239 44.83440339
v 167.07597965 35.01667456 46.60446141
v 167.07597965 33.78749027 48.30425253
v 167.07597965 32.49908850 49.93292061
v 167.07597965 31.15563035 51.48935434
v 167.07597965 29.76098001 52.97227428
v 167.07597965 28.31867290 54.38029664
v 167.07597965 26.83188140 55.71198127
v 167.07597965 25.30337779 56.96586861
v 167.07597965 23.73549335 58.14050866
v 167.07597965 22.13007119 59.23448411
v 167.07597965 20.48840920 60.24642903
v 167.07597965 18.81118675 61.17504424
v 167.07597965 17.09836490 62.01910992
v 167.07597965 15.34904236 62.77749617
v 167.07597965 13.56123548 63.44917179
v 167.07597965 11.73152213 64.03321157
v 167.07597965 9.85442532 64.52880247
v 167.07597965 7.92125381 64.93524855
v 167.07597965 5.91765462 65.25197516
v 167.07597965 3.81745220 65.47853207
v 167.07597965 1.56133726 65.61459601
v 167.07597965 -1.18664471 65.65997232
v 167.07597965 -3.93462669 65.61459601
v 167.07597965 -6.19074162 65.47853207
v 167.07597965 -8.29094404 65.25197516
v 167.07597965 -10.29454323 64.93524855
v 167.07597965 -12.22771474 64.52880247
v 167.07597965 -14.10481155 64.03321157
v 167.07597965 -15.93452490 63.44917179
v 167.07597965 -17.72233178 62.77749617
v 167.07597965 -19.47165432 62.01910992
v 167.07597965 -21.18447617 61.17504424
v 167.07597965 -22.86169862 60.24642903
v 167.07597965 -24.50336061 59.23448411
v 167.07597965 -26.10878277 58.14050866
v 167.07597965 -27.67666722 56.96586861
v 167.07597965 -29.20517082 55.71198127
v 167.07597965 -30.69196232 54.38029664
v 167.07597965 -32.13426943 52.97227428
v 167.07597965 -33.52891977 51.48935434
v 167.07597965 -34.87237792 49.93292061
v 167.07597965 -36.16077969 48.30425253
v 167.07597965 -37.38996398 46.60446141
v 167.07597965 -38.55550181 44.83440339
v 167.07597965 -39.65272108 42.99455710
v 167.07597965 -40.67672451 41.08484541
v 167.07597965 -41.62239582 39.10436463
v 167.07597965 -42.48438526 37.05095117
v 167.07597965 -43.25705676 34.92044160
v 167.07597965 -43.93435899 32.70529694
v 167.07597965 -44.50952701 30.39172306
v 167.07597965 -44.97433729 27.95245797
v 167.07597965 -45.31676706 25.32187345
v 167.07597965 -45.50395742 22.11148193
v 167.07597965 -45.47429273 18.61476503
v 167.07597965 -45.38527473 16.97567655
v 167.07597965 -45.23683089 15.68531424
v 167.07597965 -45.02883808 14.58342605
v 167.07597965 -44.76111890 13.60702098
v 167.07597965 -44.43343659 12.72365076
v 167.07597965 -44.04548802 11.91407818
v 167.07597965 -43.59689470 11.16585666
v 167.07597965 -43.08719131 10.47043816
v 167.07597965 -42.51581134 9.82169326
v 167.07597965 40.14252192 9.82169326
v 167.07597965 40.71390189 10.47043816
v 167.07597965 41.22360528 11.16585666
v 167.07597965 41.67219860 11.91407818
v 167.07597965 42.06014716 12.72365076
v 167.07597965 42.38782948 13.60702098
v 167.07597965 42.65554866 14.58342605
v 167.07597965 42.86354147 15.68531424
v 167.07597965 43.01198531 16.97567655
v 167.07597965 43.10100331 18.61476503
v 168.60790108 43.48570473 21.55496464
v 168.60790108 43.30101329 24.71319473
v 168.60790108 42.96147868 27.30332742
v 168.60790108 42.49937570 29.70580874
v 168.60790108 41.92652963 31.98493803
v 168.60790108 41.25103737 34.16741733
v 168.60790108 40.47956643 36.26674826
v 168.60790108 39.61808673 38.29030085
v 168.60790108 38.67216355 40.24213609
v 168.60790108 37.64708413 42.12435464
v 168.60790108 36.54790930 43.93782222
v 168.60790108 35.37948753 45.68259453
v 168.60790108 34.14644854 47.35818284
v 168.60790108 32.85318541 48.96372881
v 168.60790108 31.50382984 50.49812446
v 168.60790108 30.10222327 51.96009763
v 168.60790108 28.65188508 53.34827449
v 168.60790108 27.15597838 54.66122670
v 168.60790108 25.61727295 55.89750766
v 168.60790108 24.03810420 57.05568095
v 168.60790108 22.42032586 58.13434306
v 168.60790108 20.76525254 59.13214175
v 168.60790108 19.07358595 60.04779112
v 168.60790108 17.34531440 60.88008408
v 168.60790108 15.57956758 61.62790263
v 168.60790108 13.77439509 62.29022657
v 168.60790108 11.92640779 62.86614065
v 168.60790108 10.03015749 63.35484061
v 168.60790108 8.07697040 63.75563811
v 168.60790108 6.05248548 64.06796476
v 168.60790108 3.93045909 64.29137530
v 168.60790108 1.65133981 64.42554998
v 168.60790108 -1.12236173 64.47029630
v 168.60790108 -3.89606326 64.42554998
v 168.60790108 -6.17518254 64.29137530
v 168.60790108 -8.29720893 64.06796476
v 168.60790108 -10.32169386 63.75563811
v 168.60790108 -12.27488094 63.35484061
v 168.60790108 -14.17113125 62.86614065
v 168.60790108 -16.01911855 62.29022657
v 168.60790108 -17.82429104 61.62790263
v 168.60790108 -19.59003785 60.88008408
v 168.60790108 -21.31830941 60.04779112
v 168.60790108 -23.00997599 59.13214175
v 168.60790108 -24.66504932 58.13434306
v 168.60790108 -26.28282766 57.05568095
v 168.60790108 -27.86199641 55.89750766
v 168.60790108 -29.40070184 54.66122670
v 168.60790108 -30.89660854 53.34827449
v 168.60790108 -32.34694672 51.96009763
v 168.60790108 -33.74855329 50.49812446
v 168.60790108 -35.09790886 48.96372881
v 168.60790108 -36.39117200 47.35818284
v 168.60790108 -37.62421099 45.68259453
v 168.60790108 -38.79263276 43.93782222
v 168.60790108 -39.89180759 42.12435464
v 168.60790108 -40.91688701 40.24213609
v 168.60790108 -41.86281019 38.29030085
v 168.60790108 -42.72428988 36.26674826
v 168.60790108 -43.49576082 34.16741733
v 168.60790108 -44.17125309 31.98493803
v 168.60790108 -44.74409916 29.70580874
v 168.60790108 -45.20620214 27.30332742
v 168.60790108 -45.54573675 24.71319473
v 168.60790108 -45.73042818 21.55496464
v 168.60790108 -45.70056887 18.10908710
v 168.60790108 -45.61096684 16.49382960
v 168.60790108 -45.46154911 15.22222808
v 168.60790108 -45.25219171 14.13636043
v 168.60790108 -44.98271610 13.17415146
v 168.60790108 -44.65288395 12.30362471
v 168.60790108 -44.26239016 11.50582265
v 168.60790108 -43.81085374 10.76847965
v 168.60790108 -43.29780633 10.08317195
v 168.60790108 -42.72267769 9.44385925
v 168.60790108 40.47795423 9.44385925
v 168.60790108 41.05308287 10.08317195
v 168.60790108 41.56613029 10.76847965
v 168.60790108 42.01766670 11.50582265
v 168.60790108 42.40816050 12.30362471
v 168.60790108 42.73799264 13.17415146
v 168.60790108 43.00746826 14.13636043
v 168.60790108 43.21682565 15.22222808
v 168.60790108 43.36624338 16.49382960
v 168.60790108 43.45584542 18.10908710
v 170.13729025 43.83364021 21.00391646
v 170.13729025 43.65136593 24.11031939
v 170.13729025 43.31464517 26.66005649
v 170.13729025 42.85518271 29.02573823
v 170.13729025 42.28461039 31.27036657
v 170.13729025 41.61090090 33.42009742
v 170.13729025 40.84062609 35.48814769
v 170.13729025 39.97967581 37.48172355
v 170.13729025 39.03354569 39.40478725
v 170.13729025 38.00746132 41.25937928
v 170.13729025 36.90642885 43.04632965
v 170.13729025 35.73524850 44.76567451
v 170.13729025 34.49850807 46.41691664
v 170.13729025 33.20056500 47.99919688
v 170.13729025 31.84552176 49.51141184
v 170.13729025 30.43719706 50.95229774
v 170.13729025 28.97909413 52.32049173
v 170.13729025 27.47436655 53.61457820
v 170.13729025 25.92578123 54.83312435
v 170.13729025 24.33567723 55.97470812
v 170.13729025 22.70591825 57.03794048
v 170.13729025 21.03783491 58.02148354
v 170.13729025 19.33215043 58.92406528
v 170.13729025 17.58887938 59.74449182
v 170.13729025 15.80718150 60.48165759
v 170.13729025 13.98513851 61.13455378
v 170.13729025 12.11939319 61.70227547
v 170.13729025 10.20452503 62.18402754
v 170.13729025 8.23187676 62.57912949
v 170.13729025 6.18707854 62.88701943
v 170.13729025 4.04381858 63.10725720
v 170.13729025 1.74230492 63.23952674
v 170.13729025 -1.05648161 63.28363777
v 170.13729025 -3.85526814 63.23952674
v 170.13729025 -6.15678180 63.10725720
v 170.13729025 -8.30004176 62.88701943
v 170.13729025 -10.34483998 62.57912949
v 170.13729025 -12.31748825 62.18402754
v 170.13729025 -14.23235641 61.70227547
v 170.13729025 -16.09810173 61.13455378
v 170.13729025 -17.92014471 60.48165759
v 170.13729025 -19.70184260 59.74449182
v 170.13729025 -21.44511365 58.92406528
v 170.13729025 -23.15079813 58.02148354
v 170.13729025 -24.81888147 57.03794048
v 170.13729025 -26.44864045 55.97470812
v 170.13729025 -28.03874445 54.83312435
v 170.13729025 -29.58732977 53.61457820
v 170.13729025 -31.09205735 52.32049173
v 170.13729025 -32.55016028 50.95229774
v 170.13729025 -33.95848498 49.51141184
v 170.13729025 -35.31352822 47.99919688
v 170.13729025 -36.61147129 46.41691664
v 170.13729025 -37.84821172 44.76567451
v 170.13729025 -39.01939207 43.04632965
v 170.13729025 -40.12042454 41.25937928
v 170.13729025 -41.14650891 39.40478725
v 170.13729025 -42.09263903 37.48172355
v 170.13729025 -42.95358931 35.48814769
v 170.13729025 -43.72386412 33.42009742
v 170.13729025 -44.39757361 31.27036657
v 170.13729025 -44.96814593 29.02573823
v 170.13729025 -45.42760839 26.66005649
v 170.13729025 -45.76432915 24.11031939
v 170.13729025 -45.94660343 21.00391646
v 170.13729025 -45.91655532 17.60907511
v 170.13729025 -45.82638674 16.01774087
v 170.13729025 -45.67602424 14.76497278
v 170.13729025 -45.46534308 13.69518770
v 170.13729025 -45.19416359 12.74722982
v 170.13729025 -44.86224592 11.88959626
v 170.13729025 -44.46928305 11.10361029
v 170.13729025 -44.01489158 10.37718792
v 170.13729025 -43.49860018 9.70203018
v 170.13729025 -42.91983503 9.07218622
v 170.13729025 40.80687181 9.07218622
v 170.13729025 41.38563697 9.70203018
v 170.13729025 41.90192836 10.37718792
v 170.13729025 42.35631983 11.10361029
v 170.13729025 42.74928270 11.88959626
v 170.13729025 43.08120037 12.74722982
v 170.13729025 43.35237987 13.69518770
v 170.13729025 43.56306102 14.76497278
v 170.13729025 43.71342352 16.01774087
v 170.13729025 43.80359210 17.60907511
v 171.66401403 44.17121829 20.46117839
v 171.66401403 43.99128803 23.51630432
v 171.66401403 43.65731890 26.02588518
v 171.66401403 43.20045919 28.35492302
v 171.66401403 42.63215119 30.56515772
v 171.66401403 41.96024566 32.68221441
v 171.66401403 41.19122037 34.71903387
v 171.66401403 40.33088634 36.68266392
v 171.66401403 39.38467048 38.57697192
v 171.66401403 38.35773751 40.40394110
v 171.66401403 37.25503944 42.16436802
v 171.66401403 36.08132867 43.85827111
v 171.66401403 34.84115131 45.48514619
v 171.66401403 33.53882927 47.04413458
v 171.66401403 32.17843577 48.53413866
v 171.66401403 30.76376658 49.95390398
v 171.66401403 29.29830846 51.30207959
v 171.66401403 27.78520506 52.57726342
v 171.66401403 26.22721982 53.77803717
v 171.66401403 24.62669475 54.90299378
v 171.66401403 22.98550275 55.95075933
v 171.66401403 21.30498954 56.92001078
v 171.66401403 19.58589887 57.80949048
v 171.66401403 17.82827057 58.61801822
v 171.66401403 16.03129329 59.34450120
v 171.66401403 14.19307990 59.98794237
v 171.66401403 12.31030405 60.54744746
v 171.66401403 10.37757220 61.02223070
v 171.66401403 8.38624318 61.41161967
v 171.66401403 6.32193878 61.71505916
v 171.66401403 4.15828129 61.93211426
v 171.66401403 1.83524527 62.06247268
v 171.66401403 -0.98768082 62.10594642
v 171.66401403 -3.81060692 62.06247268
v 171.66401403 -6.13364294 61.93211426
v 171.66401403 -8.29730043 61.71505916
v 171.66401403 -10.36160483 61.41161967
v 171.66401403 -12.35293385 61.02223070
v 171.66401403 -14.28566570 60.54744746
v 171.66401403 -16.16844155 59.98794237
v 171.66401403 -18.00665494 59.34450120
v 171.66401403 -19.80363222 58.61801822
v 171.66401403 -21.56126052 57.80949048
v 171.66401403 -23.28035119 56.92001078
v 171.66401403 -24.96086440 55.95075933
v 171.66401403 -26.60205640 54.90299378
v 171.66401403 -28.20258147 53.77803717
v 171.66401403 -29.76056671 52.57726342
v 171.66401403 -31.27367011 51.30207959
v 171.66401403 -32.73912822 49.95390398
v 171.66401403 -34.15379742 48.53413866
v 171.66401403 -35.51419092 47.04413458
v 171.66401403 -36.81651296 45.48514619
v 171.66401403 -38.05669032 43.85827111
v 171.66401403 -39.23040109 42.16436802
v 171.66401403 -40.33309916 40.40394110
v 171.66401403 -41.36003213 38.57697192
v 171.66401403 -42.30624799 36.68266392
v 171.66401403 -43.16658202 34.71903387
v 171.66401403 -43.93560731 32.68221441
v 171.66401403 -44.60751284 30.56515772
v 171.66401403 -45.17582084 28.35492302
v 171.66401403 -45.63268055 26.02588518
v 171.66401403 -45.96664968 23.51630432
v 171.66401403 -46.14657994 20.46117839
v 171.66401403 -46.11635192 17.11732049
v 171.66401403 -46.02564346 15.54988477
v 171.66401403 -45.87438068 14.31593065
v 171.66401403 -45.66243808 13.26221150
v 171.66401403 -45.38963491 12.32848998
v 171.66401403 -45.05572990 11.48373629
v 171.66401403 -44.66041418 10.70955419
v 171.66401403 -44.20330207 9.99404117
v 171.66401403 -43.68391940 9.32902289
v 171.66401403 -43.10168892 8.70863787
v 171.66401403 41.12632727 8.70863787
v 171.66401403 41.70855776 9.32902289
v 171.66401403 42.22794042 9.99404117
v 171.66401403 42.68505253 10.70955419
v 171.66401403 43.08036825 11.48373629
v 171.66401403 43.41427326 12.32848998
v 171.66401403 43.68707643 13.26221150
v 171.66401403 43.89901903 14.31593065
v 171.66401403 44.05028181 15.54988477
v 171.66401403 44.14099027 17.11732049
v 173.18793991 44.49522036 19.92955929
v 173.18793991 44.31756823 22.93417022
v 173.18793991 43.98630557 25.40401462
v 173.18793991 43.53203749 27.69673347
v 173.18793991 42.96602052 29.87284352
v 173.18793991 42.29598567 31.95745591
v 173.18793991 41.52831814 33.96324461
v 173.18793991 40.66875126 35.89710501
v 173.18793991 39.72264408 37.76281361
v 173.18793991 38.69510106 39.56229935
v 173.18793991 37.59102051 41.29632759
v 173.18793991 36.41510728 42.96490085
v 173.18793991 35.17186587 44.56750943
v 173.18793991 33.86558263 46.10329639
v 173.18793991 32.50030129 47.57117083
v 173.18793991 31.07979434 48.96988859
v 173.18793991 29.60753161 50.29811138
v 173.18793991 28.08664613 51.55445129
v 173.18793991 26.51989713 52.73750517
v 173.18793991 24.90962874 53.84588149
v 173.18793991 23.25772205 54.87822191
v 173.18793991 21.56553683 55.83321864
v 173.18793991 19.83383625 56.70962881
v 173.18793991 18.06268423 57.50628619
v 173.18793991 16.25129725 58.22211106
v 173.18793991 14.39781819 58.85611840
v 173.18793991 12.49895079 59.40742479
v 173.18793991 10.54932793 59.87525404
v 173.18793991 8.54032477 60.25894195
v 173.18793991 6.45755622 60.55794013
v 173.18793991 4.27458304 60.77181901
v 173.18793991 1.93115892 60.90027015
v 173.18793991 -0.91465085 60.94310787
v 173.18793991 -3.76046061 60.90027015
v 173.18793991 -6.10388474 60.77181901
v 173.18793991 -8.28685791 60.55794013
v 173.18793991 -10.36962646 60.25894195
v 173.18793991 -12.37862963 59.87525404
v 173.18793991 -14.32825249 59.40742479
v 173.18793991 -16.22711988 58.85611840
v 173.18793991 -18.08059894 58.22211106
v 173.18793991 -19.89198593 57.50628619
v 173.18793991 -21.66313795 56.70962881
v 173.18793991 -23.39483853 55.83321864
v 173.18793991 -25.08702375 54.87822191
v 173.18793991 -26.73893043 53.84588149
v 173.18793991 -28.34919883 52.73750517
v 173.18793991 -29.91594782 51.55445129
v 173.18793991 -31.43683330 50.29811138
v 173.18793991 -32.90909604 48.96988859
v 173.18793991 -34.32960298 47.57117083
v 173.18793991 -35.69488432 46.10329639
v 173.18793991 -37.00116756 44.56750943
v 173.18793991 -38.24440897 42.96490085
v 173.18793991 -39.42032221 41.29632759
v 173.18793991 -40.52440275 39.56229935
v 173.18793991 -41.55194578 37.76281361
v 173.18793991 -42.49805296 35.89710501
v 173.18793991 -43.35761984 33.96324461
v 173.18793991 -44.12528736 31.95745591
v 173.18793991 -44.79532221 29.87284352
v 173.18793991 -45.36133918 27.69673347
v 173.18793991 -45.81560726 25.40401462
v 173.18793991 -46.14686992 22.93417022
v 173.18793991 -46.32452205 19.92955929
v 173.18793991 -46.29412604 16.63638502
v 173.18793991 -46.20291346 15.09270728
v 173.18793991 -46.05081003 13.87745649
v 173.18793991 -45.83768955 12.83970882
v 173.18793991 -45.56337027 11.92013992
v 173.18793991 -45.22760957 11.08819036
v 173.18793991 -44.83009688 10.32574272
v 173.18793991 -44.37044435 9.62107490
v 173.18793991 -43.84817520 8.96613645
v 173.18793991 41.43340725 8.35515475
v 173.18793991 42.01887350 8.96613645
v 173.18793991 42.54114266 9.62107490
v 173.18793991 43.00079518 10.32574272
v 173.18793991 43.39830788 11.08819036
v 173.18793991 43.73406858 11.92013992
v 173.18793991 44.00838786 12.83970882
v 173.18793991 44.22150834 13.87745649
v 173.18793991 44.37361177 15.09270728
v 173.18793991 44.46482435 16.63638502
v 174.70893598 44.80246796 19.41183353
v 174.70893598 44.62703413 22.36689935
v 174.70893598 44.29844809 24.79760481
v 174.70893598 43.84678505 27.05449654
v 174.70893598 43.28311958 29.19691051
v 174.70893598 42.61506512 31.24946213
v 174.70893598 41.84891580 33.22456860
v 174.70893598 40.99032829 35.12897909
v 174.70893598 40.04459456 36.96638351
v 174.70893598 39.01675936 38.73865950
v 174.70893598 37.91166766 40.44654350
v 174.70893598 36.73397688 42.09002385
v 174.70893598 35.48814992 43.66858673
v 174.70893598 34.17843735 45.18137801
v 174.70893598 32.80885306 46.62731449
v 174.70893598 31.38314576 48.00516303
v 174.70893598 29.90476765 49.31359862
v 174.70893598 28.37684039 50.55124813
v 174.70893598 26.80211807 51.71672399
v 174.70893598 25.18294585 52.80865063
v 174.70893598 23.52121190 53.82568562
v 174.70893598 21.81828882 54.76653679
v 174.70893598 20.07495793 55.62997626
v 174.70893598 18.29130597 56.41485204
v 174.70893598 16.46657601 57.12009771
v 174.70893598 14.59893996 57.74474046
v 174.70893598 12.68513083 58.28790785
v 174.70893598 10.71980768 58.74883341
v 174.70893598 8.69436270 59.12686128
v 174.70893598 6.59440654 59.42144996
v 174.70893598 4.39344502 59.63217529
v 174.70893598 2.03102879 59.75873275
v 174.70893598 -0.83609923 59.80093898
v 174.70893598 -3.70322725 59.75873275
v 174.70893598 -6.06564348 59.63217529
v 174.70893598 -8.26660500 59.42144996
v 174.70893598 -10.36656116 59.12686128
v 174.70893598 -12.39200615 58.74883341
v 174.70893598 -14.35732929 58.28790785
v 174.70893598 -16.27113842 57.74474046
v 174.70893598 -18.13877448 57.12009771
v 174.70893598 -19.96350443 56.41485204
v 174.70893598 -21.74715639 55.62997626
v 174.70893598 -23.49048729 54.76653679
v 174.70893598 -25.19341037 53.82568562
v 174.70893598 -26.85514431 52.80865063
v 174.70893598 -28.47431654 51.71672399
v 174.70893598 -30.04903886 50.55124813
v 174.70893598 -31.57696612 49.31359862
v 174.70893598 -33.05534423 48.00516303
v 174.70893598 -34.48105152 46.62731449
v 174.70893598 -35.85063581 45.18137801
v 174.70893598 -37.16034838 43.66858673
v 174.70893598 -38.40617534 42.09002385
v 174.70893598 -39.58386613 40.44654350
v 174.70893598 -40.68895782 38.73865950
v 174.70893598 -41.71679302 36.96638351
v 174.70893598 -42.66252675 35.12897909
v 174.70893598 -43.52111427 33.22456860
v 174.70893598 -44.28726359 31.24946213
v 174.70893598 -44.95531804 29.19691051
v 174.70893598 -45.51898352 27.05449654
v 174.70893598 -45.97064655 24.79760481
v 174.70893598 -46.29923259 22.36689935
v 174.70893598 -46.47466643 19.41183353
v 174.70893598 -46.44411733 16.16879879
v 174.70893598 -46.35244538 14.64862400
v 174.70893598 -46.19957592 13.45187575
v 174.70893598 -45.98538211 12.42992808
v 174.70893598 -45.70968128 11.52435989
v 174.70893598 -45.37222961 10.70507701
v 174.70893598 -44.97271493 9.95423785
v 174.70893598 -44.51074748 9.26029880
v 174.70893598 -43.98584804 8.61533198
v 174.70893598 42.31364958 8.61533198
v 174.70893598 42.83854901 9.26029880
v 174.70893598 43.30051647 9.95423785
v 174.70893598 43.70003115 10.70507701
v 174.70893598 44.03748282 11.52435989
v 174.70893598 44.31318365 12.42992808
v 174.70893598 44.52737746 13.45187575
v 174.70893598 44.68024692 14.64862400
v 174.70893598 44.77191887 16.16879879
v 176.22687099 45.08982541 18.91073883
v 176.22687099 44.91655511 21.81743350
v 176.22687099 44.59062962 24.20977250
v 176.22687099 44.14160775 26.43149351
v 176.22687099 43.58038598 28.54079739
v 176.22687099 42.91446239 30.56182347
v 176.22687099 42.15004149 32.50674282
v 176.22687099 41.29270436 34.38216500
v 176.22687099 40.34767664 36.19169770
v 176.22687099 39.31994385 37.93717037
v 176.22687099 38.21429789 39.61929274
v 176.22687099 37.03534880 41.23804069
v 176.22687099 35.78751775 42.79289756
v 176.22687099 34.47501925 44.28301306
v 176.22687099 33.10183684 45.70731246
v 176.22687099 31.67169482 47.06457431
v 176.22687099 30.18802694 48.35348742
v 176.22687099 28.65394252 49.57269383
v 176.22687099 27.07218942 50.72082193
v 176.22687099 25.44511263 51.79651238
v 176.22687099 23.77460611 52.79843892
v 176.22687099 22.06205386 53.72532518
v 176.22687099 20.30825396 54.57595845
v 176.22687099 18.51331460 55.34920114
v 176.22687099 16.67650416 56.04400021
v 176.22687099 14.79602244 56.65939517
v 176.22687099 12.86863107 57.19452465
v 176.22687099 10.88901529 57.64863196
v 176.22687099 8.84858556 58.02106961
v 176.22687099 6.73295186 58.31130306
v 176.22687099 4.51557380 58.51891360
v 176.22687099 2.13582217 58.64360061
v 176.22687099 -0.75075068 58.68518309
v 176.22687099 -3.63732352 58.64360061
v 176.22687099 -6.01707516 58.51891360
v 176.22687099 -8.23445322 58.31130306
v 176.22687099 -10.35008692 58.02106961
v 176.22687099 -12.39051665 57.64863196
v 176.22687099 -14.37013243 57.19452465
v 176.22687099 -16.29752380 56.65939517
v 176.22687099 -18.17800552 56.04400021
v 176.22687099 -20.01481596 55.34920114
v 176.22687099 -21.80975532 54.57595845
v 176.22687099 -23.56355522 53.72532518
v 176.22687099 -25.27610747 52.79843892
v 176.22687099 -26.94661399 51.79651238
v 176.22687099 -28.57369078 50.72082193
v 176.22687099 -30.15544388 49.57269383
v 176.22687099 -31.68952830 48.35348742
v 176.22687099 -33.17319618 47.06457431
v 176.22687099 -34.60333820 45.70731246
v 176.22687099 -35.97652061 44.28301306
v 176.22687099 -37.28901911 42.79289756
v 176.22687099 -38.53685015 41.23804069
v 176.22687099 -39.71579925 39.61929274
v 176.22687099 -40.82144521 37.93717037
v 176.22687099 -41.84917800 36.19169770
v 176.22687099 -42.79420572 34.38216500
v 176.22687099 -43.65154285 32.50674282
v 176.22687099 -44.41596375 30.56182347
v 176.22687099 -45.08188734 28.54079739
v 176.22687099 -45.64310911 26.43149351
v 176.22687099 -46.09213098 24.20977250
v 176.22687099 -46.41805647 21.81743350
v 176.22687099 -46.59132676 18.91073883
v 176.22687099 -46.56064245 15.71705818
v 176.22687099 -46.46856474 14.22001815
v 176.22687099 -46.31501863 13.04148260
v 176.22687099 -46.09987674 12.03508744
v 176.22687099 -45.82295558 11.14330063
v 176.22687099 -45.48401026 10.33648599
v 176.22687099 -45.08272722 9.59707346
v 176.22687099 -44.61871497 8.91369512
v 176.22687099 -44.09149218 8.27854372
v 176.22687099 42.58999082 8.27854372
v 176.22687099 43.11721361 8.91369512
v 176.22687099 43.58122586 9.59707346
v 176.22687099 43.98250890 10.33648599
v 176.22687099 44.32145422 11.14330063
v 176.22687099 44.59837538 12.03508744
v 176.22687099 44.81351727 13.04148260
v 176.22687099 44.96706338 14.22001815
v 176.22687099 45.05914109 15.71705818
v 177.74161436 45.35420227 18.42897399
v 177.74161436 45.18304502 21.28867180
v 177.74161436 44.85977656 23.64358909
v 177.74161436 44.41345320 25.83095788
v 177.74161436 43.85479732 27.90789286
v 177.74161436 43.19119391 29.89807817
v 177.74161436 42.42875938 31.81345013
v 177.74161436 41.57300028 33.66048559
v 177.74161436 40.62907663 35.44271453
v 177.74161436 39.60191518 37.16192133
v 177.74161436 38.49625496 38.81879128
v 177.74161436 37.31665867 40.41328939
v 177.74161436 36.06750553 41.94489738
v 177.74161436 34.75297354 43.41276974
v 177.74161436 33.37701534 44.81584088
v 177.74161436 31.94333001 46.15290155
v 177.74161436 30.45533194 47.42265479
v 177.74161436 28.91611699 48.62375812
v 177.74161436 27.32842554 49.75485610
v 177.74161436 25.69460104 50.81460580
v 177.74161436 24.01654172 51.80169725
v 177.74161436 22.29564153 52.71486996
v 177.74161436 20.53271370 53.55292648
v 177.74161436 18.72788636 54.31474363
v 177.74161436 16.88045182 54.99928181
v 177.74161436 14.98863668 55.60559282
v 177.74161436 13.04923057 56.13282640
v 177.74161436 11.05694513 56.58023563
v 177.74161436 9.00321083 56.94718141
v 177.74161436 6.87364157 57.23313611
v 177.74161436 4.64166163 57.43768649
v 177.74161436 2.24649025 57.56053583
v 177.74161436 -0.65734806 57.60150549
v 177.74161436 -3.56118637 57.56053583
v 177.74161436 -5.95635775 57.43768649
v 177.74161436 -8.18833769 57.23313611
v 177.74161436 -10.31790695 56.94718141
v 177.74161436 -12.37164125 56.58023563
v 177.74161436 -14.36392669 56.13282640
v 177.74161436 -16.30333280 55.60559282
v 177.74161436 -18.19514794 54.99928181
v 177.74161436 -20.04258248 54.31474363
v 177.74161436 -21.84740982 53.55292648
v 177.74161436 -23.61033766 52.71486996
v 177.74161436 -25.33123785 51.80169725
v 177.74161436 -27.00929716 50.81460580
v 177.74161436 -28.64312167 49.75485610
v 177.74161436 -30.23081312 48.62375812
v 177.74161436 -31.77002807 47.42265479
v 177.74161436 -33.25802614 46.15290155
v 177.74161436 -34.69171146 44.81584088
v 177.74161436 -36.06766966 43.41276974
v 177.74161436 -37.38220165 41.94489738
v 177.74161436 -38.63135479 40.41328939
v 177.74161436 -39.81095109 38.81879128
v 177.74161436 -40.91661131 37.16192133
v 177.74161436 -41.94377276 35.44271453
v 177.74161436 -42.88769641 33.66048559
v 177.74161436 -43.74345551 31.81345013
v 177.74161436 -44.50589003 29.89807817
v 177.74161436 -45.16949344 27.90789286
v 177.74161436 -45.72814932 25.83095788
v 177.74161436 -46.17447269 23.64358909
v 177.74161436 -46.49774115 21.28867180
v 177.74161436 -46.66889839 18.42897399
v 177.74161436 -46.63809963 15.28362380
v 177.74161436 -46.54567849 13.80923871
v 177.74161436 -46.39155969 12.64853812
v 177.74161436 -46.17561537 11.65737288
v 177.74161436 -45.89766137 10.77908162
v 177.74161436 -45.55745186 9.98447663
v 177.74161436 -45.15467213 9.25625375
v 177.74161436 -44.68892923 8.58321708
v 177.74161436 -44.15974003 7.95767752
v 177.74161436 42.84504390 7.95767752
v 177.74161436 43.37423310 8.58321708
v 177.74161436 43.83997601 9.25625375
v 177.74161436 44.24275574 9.98447663
v 177.74161436 44.58296525 10.77908162
v 177.74161436 44.86091925 11.65737288
v 177.74161436 45.07686357 12.64853812
v 177.74161436 45.23098236 13.80923871
v 177.74161436 45.32340350 15.28362380
v 179.25303623 45.59255586 17.96919682
v 179.25303623 45.42346487 20.78346883
v 179.25303623 45.10286153 23.10207854
v 179.25303623 44.65931402 25.25607322
v 179.25303623 44.10337481 27.30153332
v 179.25303623 43.44231818 29.26171006
v 179.25303623 42.68217399 31.14831691
v 179.25303623 41.82837532 32.96770521
v 179.25303623 40.88601731 34.72333193
v 179.25303623 39.85996839 36.41693957
v 179.25303623 38.75491490 38.04919116
v 179.25303623 37.57537213 39.62004242
v 179.25303623 36.32567708 41.12897458
v 179.25303623 35.00997077 42.57514768
v 179.25303623 33.63217423 43.95750588
v 179.25303623 32.19596045 45.27485252
v 179.25303623 30.70472334 46.52590514
v 179.25303623 29.16154409 47.70933693
v 179.25303623 27.56915418 48.82380870
v 179.25303623 25.92989401 49.86799399
v 179.25303623 24.24566447 50.84059912
v 179.25303623 22.51786772 51.74037948
v 179.25303623 20.74733047 52.56615281
v 179.25303623 18.93419915 53.31681029
v 179.25303623 17.07778853 53.99132570
v 179.25303623 15.17635090 54.58876308
v 179.25303623 13.22670329 55.10828319
v 179.25303623 11.22358422 55.54914882
v 179.25303623 9.15844639 55.91072919
v 179.25303623 7.01691325 56.19250359
v 179.25303623 4.77238661 56.39406414
v 179.25303623 2.36396774 56.51511802
v 179.25303623 -0.55465344 56.55548894
v 179.25303623 -3.47327463 56.51511802
v 179.25303623 -5.88169350 56.39406414
v 179.25303623 -8.12622013 56.19250359
v 179.25303623 -10.26775328 55.91072919
v 179.25303623 -12.33289111 55.54914882
v 179.25303623 -14.33601018 55.10828319
v 179.25303623 -16.28565779 54.58876308
v 179.25303623 -18.18709542 53.99132570
v 179.25303623 -20.04350604 53.31681029
v 179.25303623 -21.85663736 52.56615281
v 179.25303623 -23.62717461 51.74037948
v 179.25303623 -25.35497136 50.84059912
v 179.25303623 -27.03920090 49.86799399
v 179.25303623 -28.67846107 48.82380870
v 179.25303623 -30.27085098 47.70933693
v 179.25303623 -31.81403023 46.52590514
v 179.25303623 -33.30526734 45.27485252
v 179.25303623 -34.74148112 43.95750588
v 179.25303623 -36.11927766 42.57514768
v 179.25303623 -37.43498396 41.12897458
v 179.25303623 -38.68467901 39.62004242
v 179.25303623 -39.86422179 38.04919116
v 179.25303623 -40.96927528 36.41693957
v 179.25303623 -41.99532420 34.72333193
v 179.25303623 -42.93768220 32.96770521
v 179.25303623 -43.79148087 31.14831691
v 179.25303623 -44.55162507 29.26171006
v 179.25303623 -45.21268170 27.30153332
v 179.25303623 -45.76862091 25.25607322
v 179.25303623 -46.21216842 23.10207854
v 179.25303623 -46.53277175 20.78346883
v 179.25303623 -46.70186275 17.96919682
v 179.25303623 -46.67097318 14.87091859
v 179.25303623 -46.57827955 13.41859852
v 179.25303623 -46.42370636 12.27526848
v 179.25303623 -46.20712535 11.29893660
v 179.25303623 -45.92835184 10.43378947
v 179.25303623 -45.58713926 9.65107620
v 179.25303623 -45.18317200 8.93375159
v 179.25303623 -44.71605591 8.27078730
v 179.25303623 -44.18530646 7.65460930
v 179.25303623 43.07599958 7.65460930
v 179.25303623 43.60674902 8.27078730
v 179.25303623 44.07386511 8.93375159
v 179.25303623 44.47783238 9.65107620
v 179.25303623 44.81904495 10.43378947
v 179.25303623 45.09781847 11.29893660
v 179.25303623 45.31439947 12.27526848
v 179.25303623 45.46897266 13.41859852
v 179.25303623 45.56166629 14.87091859
v 180.76100746 45.81103011 17.53402200
v 180.76100746 45.64394338 20.30463252
v 180.76100746 45.32598908 22.58821546
v 180.76100746 44.88526521 24.70997114
v 180.76100746 44.33215989 26.72500085
v 180.76100746 43.67383991 28.65614631
v 180.76100746 42.91625089 30.51491068
v 180.76100746 42.06475416 32.30752732
v 180.76100746 41.12438127 34.03738499
v 180.76100746 40.09994330 35.70618749
v 180.76100746 38.99607457 37.31457780
v 180.76100746 37.81724335 38.86250385
v 180.76100746 36.56774457 40.34944743
v 180.76100746 35.25168216 41.77457481
v 180.76100746 33.87294517 43.13684038
v 180.76100746 32.43517989 44.43506033
v 180.76100746 30.94175897 45.66796685
v 180.76100746 29.39574786 46.83424884
v 180.76100746 27.79986794 47.93258336
v 180.76100746 26.15645510 48.96166034
v 180.76100746 24.46741134 49.92020230
v 180.76100746 22.73414533 50.80698034
v 180.76100746 20.95749553 51.62082727
v 180.76100746 19.13762492 52.36064847
v 180.76100746 17.27386912 53.02543093
v 180.76100746 15.36450471 53.61425081
v 180.76100746 13.40637535 54.12627973
v 180.76100746 11.39424649 54.56079008
v 180.76100746 9.31959484 54.91715928
v 180.76100746 7.16805837 55.19487342
v 180.76100746 4.91302851 55.39352996
v 180.76100746 2.49352048 55.51283990
v 180.76100746 -0.43742509 55.55262924
v 180.76100746 -3.36837065 55.51283990
v 180.76100746 -5.78787869 55.39352996
v 180.76100746 -8.04290855 55.19487342
v 180.76100746 -10.19444501 54.91715928
v 180.76100746 -12.26909667 54.56079008
v 180.76100746 -14.28122552 54.12627973
v 180.76100746 -16.23935489 53.61425081
v 180.76100746 -18.14871929 53.02543093
v 180.76100746 -20.01247510 52.36064847
v 180.76100746 -21.83234571 51.62082727
v 180.76100746 -23.60899551 50.80698034
v 180.76100746 -25.34226152 49.92020230
v 180.76100746 -27.03130528 48.96166034
v 180.76100746 -28.67471812 47.93258336
v 180.76100746 -30.27059804 46.83424884
v 180.76100746 -31.81660915 45.66796685
v 180.76100746 -33.31003006 44.43506033
v 180.76100746 -34.74779534 43.13684038
v 180.76100746 -36.12653234 41.77457481
v 180.76100746 -37.44259475 40.34944743
v 180.76100746 -38.69209353 38.86250385
v 180.76100746 -39.87092475 37.31457780
v 180.76100746 -40.97479348 35.70618749
v 180.76100746 -41.99923145 34.03738499
v 180.76100746 -42.93960433 32.30752732
v 180.76100746 -43.79110106 30.51491068
v 180.76100746 -44.54869008 28.65614631
v 180.76100746 -45.20701007 26.72500085
v 180.76100746 -45.76011539 24.70997114
v 180.76100746 -46.20083925 22.58821546
v 180.76100746 -46.51879356 20.30463252
v 180.76100746 -46.68588028 17.53402200
v 180.76100746 -46.65492294 14.48132591
v 180.76100746 -46.56202595 13.05037250
v 180.76100746 -46.40711362 11.92386323
v 180.76100746 -46.19005745 10.96189523
v 180.76100746 -45.91067231 10.10947622
v 180.76100746 -45.56871112 9.33827829
v 180.76100746 -45.16385756 8.63150703
v 180.76100746 -44.69571663 7.97829632
v 180.76100746 -44.16380273 7.37118359
v 180.76100746 43.28895256 7.37118359
v 180.76100746 43.82086645 7.97829632
v 180.76100746 44.28900738 8.63150703
v 180.76100746 44.69386095 9.33827829
v 180.76100746 45.03582213 10.10947622
v 180.76100746 45.31520727 10.96189523
v 180.76100746 45.53226345 11.92386323
v 180.76100746 45.68717577 13.05037250
v 180.76100746 45.78007277 14.48132591
v 182.26539969 46.05879992 17.12601908
v 182.26539969 45.89354767 19.85492234
v 182.26539969 45.57802472 22.10492312
v 182.26539969 45.13989603 24.19572932
v 182.26539969 44.58939791 26.18152110
v 182.26539969 43.93359779 28.08475531
v 182.26539969 43.17836333 29.91673793
v 182.26539969 42.32898944 31.68359212
v 182.26539969 41.39044871 33.38864339
v 182.26539969 40.36749903 35.03356009
v 182.26539969 39.26472642 36.61896727
v 182.26539969 38.08655548 38.14480657
v 182.26539969 36.83724202 39.61056122
v 182.26539969 35.52085540 41.01540437
v 182.26539969 34.14125487 42.35830093
v 182.26539969 32.70206177 43.63808016
v 182.26539969 31.20662879 44.85348888
v 182.26539969 29.65800654 46.00323164
v 182.26539969 28.05890674 47.08600162
v 182.26539969 26.41166079 48.10050494
v 182.26539969 24.71817134 49.04548006
v 182.26539969 22.97985275 49.91971360
v 182.26539969 21.19755387 50.72205317
v 182.26539969 19.37145254 51.45141810
v 182.26539969 17.50090306 52.10680837
v 182.26539969 15.58420383 52.68731198
v 182.26539969 13.61822220 53.19211125
v 182.26539969 11.59774740 53.62048795
v 182.26539969 9.51427665 53.97182756
v 182.26539969 7.35345877 54.24562281
v 182.26539969 5.08867091 54.44147639
v 182.26539969 2.65883799 54.55910305
v 182.26539969 -0.28366780 54.59833105
v 182.26539969 -3.22617359 54.55910305
v 182.26539969 -5.65600651 54.44147639
v 182.26539969 -7.92079437 54.24562281
v 182.26539969 -10.08161225 53.97182756
v 182.26539969 -12.16508300 53.62048795
v 182.26539969 -14.18555780 53.19211125
v 182.26539969 -16.15153943 52.68731198
v 182.26539969 -18.06823866 52.10680837
v 182.26539969 -19.93878814 51.45141810
v 182.26539969 -21.76488947 50.72205317
v 182.26539969 -23.54718835 49.91971360
v 182.26539969 -25.28550694 49.04548006
v 182.26539969 -26.97899639 48.10050494
v 182.26539969 -28.62624234 47.08600162
v 182.26539969 -30.22534214 46.00323164
v 182.26539969 -31.77396439 44.85348888
v 182.26539969 -33.26939737 43.63808016
v 182.26539969 -34.70859047 42.35830093
v 182.26539969 -36.08819100 41.01540437
v 182.26539969 -37.40457762 39.61056122
v 182.26539969 -38.65389108 38.14480657
v 182.26539969 -39.83206202 36.61896727
v 182.26539969 -40.93483463 35.03356009
v 182.26539969 -41.95778431 33.38864339
v 182.26539969 -42.89632504 31.68359212
v 182.26539969 -43.74569893 29.91673793
v 182.26539969 -44.50093339 28.08475531
v 182.26539969 -45.15673351 26.18152110
v 182.26539969 -45.70723163 24.19572932
v 182.26539969 -46.14536032 22.10492312
v 182.26539969 -46.46088327 19.85492234
v 182.26539969 -46.62613552 17.12601908
v 182.26539969 -46.59511525 14.11718766
v 182.26539969 -46.50202942 12.70679584
v 182.26539969 -46.34680219 11.59647356
v 182.26539969 -46.12930479 10.64832822
v 182.26539969 -45.84935173 9.80815775
v 182.26539969 -45.50669541 9.04804129
v 182.26539969 -45.10101887 8.35142573
v 182.26539969 -44.63192632 7.70760111
v 182.26539969 -44.09893117 7.10921208
v 182.26539969 43.53159557 7.10921208
v 182.26539969 44.06459072 7.70760111
v 182.26539969 44.53368327 8.35142573
v 182.26539969 44.93935981 9.04804129
v 182.26539969 45.28201613 9.80815775
v 182.26539969 45.56196919 10.64832822
v 182.26539969 45.77946659 11.59647356
v 182.26539969 45.93469382 12.70679584
v 182.26539969 46.02777965 14.11718766
v 183.76608534 46.33762986 16.74771050
v 183.76608534 46.17402172 19.43704740
v 183.76608534 45.86067533 21.65507159
v 183.76608534 45.42486381 23.71636959
v 183.76608534 44.87668583 25.67426130
v 183.76608534 44.22311865 27.55084458
v 183.76608534 43.46995913 29.35724190
v 183.76608534 42.62244179 31.09947431
v 183.76608534 41.68548570 32.78080912
v 183.76608534 40.66380034 34.40288249
v 183.76608534 39.56192784 35.96630374
v 183.76608534 38.38425306 37.47100951
v 183.76608534 37.13499616 38.91648541
v 183.76608534 35.81819508 40.30191191
v 183.76608534 34.43768189 41.62626471
v 183.76608534 32.99705516 42.88838613
v 183.76608534 31.49964937 44.08703756
v 183.76608534 29.94850152 45.22093900
v 183.76608534 28.34631442 46.28879947
v 183.76608534 26.69541525 47.28934096
v 183.76608534 24.99770706 48.22131760
v 183.76608534 23.25460911 49.08353110
v 183.76608534 21.46697940 49.87484355
v 183.76608534 19.63500882 50.59418791
v 183.76608534 17.75806811 51.24057678
v 183.76608534 15.83447469 51.81310973
v 183.76608534 13.86111635 52.31097948
v 183.76608534 11.83280227 52.73347691
v 183.76608534 9.74104584 53.07999538
v 183.76608534 7.57150159 53.35003406
v 183.76608534 5.29752604 53.54320073
v 183.76608534 2.85794416 53.65921378
v 183.76608534 -0.09558961 53.69790366
v 183.76608534 -3.04912338 53.65921378
v 183.76608534 -5.48870525 53.54320073
v 183.76608534 -7.76268080 53.35003406
v 183.76608534 -9.93222505 53.07999538
v 183.76608534 -12.02398149 52.73347691
v 183.76608534 -14.05229556 52.31097948
v 183.76608534 -16.02565390 51.81310973
v 183.76608534 -17.94924732 51.24057678
v 183.76608534 -19.82618804 50.59418791
v 183.76608534 -21.65815861 49.87484355
v 183.76608534 -23.44578832 49.08353110
v 183.76608534 -25.18888628 48.22131760
v 183.76608534 -26.88659446 47.28934096
v 183.76608534 -28.53749363 46.28879947
v 183.76608534 -30.13968073 45.22093900
v 183.76608534 -31.69082858 44.08703756
v 183.76608534 -33.18823437 42.88838613
v 183.76608534 -34.62886110 41.62626471
v 183.76608534 -36.00937430 40.30191191
v 183.76608534 -37.32617538 38.91648541
v 183.76608534 -38.57543227 37.47100951
v 183.76608534 -39.75310705 35.96630374
v 183.76608534 -40.85497955 34.40288249
v 183.76608534 -41.87666491 32.78080912
v 183.76608534 -42.81362100 31.09947431
v 183.76608534 -43.66113834 29.35724190
v 183.76608534 -44.41429786 27.55084458
v 183.76608534 -45.06786504 25.67426130
v 183.76608534 -45.61604302 23.71636959
v 183.76608534 -46.05185454 21.65507159
v 183.76608534 -46.36520094 19.43704740
v 183.76608534 -46.52880907 16.74771050
v 183.76608534 -46.49772806 13.78080249
v 183.76608534 -46.40445993 12.39006230
v 183.76608534 -46.24892873 11.29521065
v 183.76608534 -46.03100541 10.36027626
v 183.76608534 -45.75050411 9.53181226
v 183.76608534 -45.40717678 8.78228685
v 183.76608534 -45.00070581 8.09537755
v 183.76608534 -44.53069464 7.46052364
v 183.76608534 43.80547652 6.87047223
v 183.76608534 44.33951543 7.46052364
v 183.76608534 44.80952660 8.09537755
v 183.76608534 45.21599757 8.78228685
v 183.76608534 45.55932490 9.53181226
v 183.76608534 45.83982619 10.36027626
v 183.76608534 46.05774952 11.29521065
v 183.76608534 46.21328072 12.39006230
v 183.76608534 46.30654885 13.78080249
v 185.26293767 46.64041728 16.40109374
v 185.26293767 46.47825970 19.05317685
v 185.26293767 46.16683097 21.24097836
v 185.26293767 45.73305488 23.27434933
v 185.26293767 45.18690705 25.20581298
v 185.26293767 44.53528404 27.05713508
v 185.26293767 43.78391933 28.83926880
v 185.26293767 42.93799336 30.55814144
v 185.26293767 42.00237720 32.21696726
v 185.26293767 40.98173694 33.81735354
v 185.26293767 39.88057533 35.35989595
v 185.26293767 38.70324157 36.84452750
v 185.26293767 37.45392383 38.27073691
v 185.26293767 36.13663178 39.63771239
v 185.26293767 34.75517307 40.94444054
v 185.26293767 33.31312576 42.18977667
v 185.26293767 31.81380791 43.37249654
v 185.26293767 30.26024419 44.49133527
v 185.26293767 28.65512926 45.54501735
v 185.26293767 27.00078635 46.53228024
v 185.26293767 25.29911863 47.45189325
v 185.26293767 23.55154945 48.30267280
v 185.26293767 21.75894468 49.08349498
v 185.26293767 19.92150639 49.79330593
v 185.26293767 18.03861944 50.43113048
v 185.26293767 16.10861740 50.99607939
v 185.26293767 14.12840519 51.48735541
v 185.26293767 12.09280809 51.90425828
v 185.26293767 9.99335124 52.24618890
v 185.26293767 7.81568990 52.51265270
v 185.26293767 5.53315386 52.70326236
v 185.26293767 3.08445940 52.81773979
v 185.26293767 0.12049969 52.85591756
v 185.26293767 -2.84346001 52.81773979
v 185.26293767 -5.29215447 52.70326236
v 185.26293767 -7.57469052 52.51265270
v 185.26293767 -9.75235186 52.24618890
v 185.26293767 -11.85180870 51.90425828
v 185.26293767 -13.88740580 51.48735541
v 185.26293767 -15.86761802 50.99607939
v 185.26293767 -17.79762005 50.43113048
v 185.26293767 -19.68050701 49.79330593
v 185.26293767 -21.51794529 49.08349498
v 185.26293767 -23.31055007 48.30267280
v 185.26293767 -25.05811925 47.45189325
v 185.26293767 -26.75978696 46.53228024
v 185.26293767 -28.41412988 45.54501735
v 185.26293767 -30.01924481 44.49133527
v 185.26293767 -31.57280853 43.37249654
v 185.26293767 -33.07212638 42.18977667
v 185.26293767 -34.51417368 40.94444054
v 185.26293767 -35.89563240 39.63771239
v 185.26293767 -37.21292444 38.27073691
v 185.26293767 -38.46224218 36.84452750
v 185.26293767 -39.63957594 35.35989595
v 185.26293767 -40.74073755 33.81735354
v 185.26293767 -41.76137781 32.21696726
v 185.26293767 -42.69699398 30.55814144
v 185.26293767 -43.54291994 28.83926880
v 185.26293767 -44.29428465 27.05713508
v 185.26293767 -44.94590766 25.20581298
v 185.26293767 -45.49205550 23.27434933
v 185.26293767 -45.92583159 21.24097836
v 185.26293767 -46.23726032 19.05317685
v 185.26293767 -46.39941789 16.40109374
v 185.26293767 -46.36827884 13.47396132
v 185.26293767 -46.27483657 12.10186595
v 185.26293767 -46.11901497 11.02169233
v 185.26293767 -45.90068475 10.09929205
v 185.26293767 -45.61965972 9.28193478
v 185.26293767 -45.27569134 8.54245781
v 185.26293767 -44.86846142 7.86475750
v 185.26293767 -44.39757267 7.23841469
v 185.26293767 44.10353601 6.65627375
v 185.26293767 44.63857205 7.23841469
v 185.26293767 45.10946081 7.86475750
v 185.26293767 45.51669072 8.54245781
v 185.26293767 45.86065910 9.28193478
v 185.26293767 46.14168413 10.09929205
v 185.26293767 46.36001435 11.02169233
v 185.26293767 46.51583596 12.10186595
v 185.26293767 46.60927823 13.47396132
v 186.75583077 46.96015680 16.06895277
v 186.75583077 46.79925293 18.68568563
v 186.75583077 46.48947881 20.84468716
v 186.75583077 46.05745259 22.85140638
v 186.75583077 45.51304187 24.75762459
v 186.75583077 44.86307234 26.58479872
v 186.75583077 44.11322173 28.34372497
v 186.75583077 43.26862290 30.04024415
v 186.75583077 42.33410463 31.67752210
v 186.75583077 41.31429483 33.25714019
v 186.75583077 40.21366152 34.77968238
v 186.75583077 39.03652243 36.24507933
v 186.75583077 37.78703751 37.65282369
v 186.75583077 36.46919146 39.00211190
v 186.75583077 35.08677031 40.29194166
v 186.75583077 33.64333399 41.52118137
v 186.75583077 32.14218592 42.68862110
v 186.75583077 30.58633979 43.79301093
v 186.75583077 28.97848290 44.83309063
v 186.75583077 27.32093476 45.80761287
v 186.75583077 25.61559840 46.71536188
v 186.75583077 23.86390044 47.55516847
v 186.75583077 22.06671321 48.32592245
v 186.75583077 20.22424815 49.02658285
v 186.75583077 18.33590176 49.65618647
v 186.75583077 16.40002090 50.21385500
v 186.75583077 14.41352418 50.69880097
v 186.75583077 12.37124910 51.11033275
v 186.75583077 10.26472821 51.44785863
v 186.75583077 8.07961249 51.71089014
v 186.75583077 5.78919928 51.89904472
v 186.75583077 3.33208830 52.01204772
v 186.75583077 0.35837391 52.04973379
v 186.75583077 -2.61534047 52.01204772
v 186.75583077 -5.07245145 51.89904472
v 186.75583077 -7.36286467 51.71089014
v 186.75583077 -9.54798039 51.44785863
v 186.75583077 -11.65450128 51.11033275
v 186.75583077 -13.69677635 50.69880097
v 186.75583077 -15.68327308 50.21385500
v 186.75583077 -17.61915393 49.65618647
v 186.75583077 -19.50750033 49.02658285
v 186.75583077 -21.34996539 48.32592245
v 186.75583077 -23.14715262 47.55516847
v 186.75583077 -24.89885058 46.71536188
v 186.75583077 -26.60418694 45.80761287
v 186.75583077 -28.26173508 44.83309063
v 186.75583077 -29.86959197 43.79301093
v 186.75583077 -31.42543810 42.68862110
v 186.75583077 -32.92658617 41.52118137
v 186.75583077 -34.37002249 40.29194166
v 186.75583077 -35.75244364 39.00211190
v 186.75583077 -37.07028968 37.65282369
v 186.75583077 -38.31977460 36.24507933
v 186.75583077 -39.49691369 34.77968238
v 186.75583077 -40.59754701 33.25714019
v 186.75583077 -41.61735681 31.67752210
v 186.75583077 -42.55187507 30.04024415
v 186.75583077 -43.39647390 28.34372497
v 186.75583077 -44.14632451 26.58479872
v 186.75583077 -44.79629405 24.75762459
v 186.75583077 -45.34070476 22.85140638
v 186.75583077 -45.77273099 20.84468716
v 186.75583077 -46.08250510 18.68568563
v 186.75583077 -46.24340897 16.06895277
v 186.75583077 -46.21221513 13.17988351
v 186.75583077 -46.11860842 11.82563029
v 186.75583077 -45.96251260 10.75950277
v 186.75583077 -45.74379816 9.84909699
v 186.75583077 -45.46227859 9.04236828
v 186.75583077 -45.11770490 8.31250715
v 186.75583077 -44.70975834 7.64361936
v 186.75583077 -44.23804092 7.02542125
v 186.75583077 44.41881115 6.45085022
v 186.75583077 44.95478875 7.02542125
v 186.75583077 45.42650617 7.64361936
v 186.75583077 45.83445272 8.31250715
v 186.75583077 46.17902641 9.04236828
v 186.75583077 46.46054599 9.84909699
v 186.75583077 46.67926042 10.75950277
v 186.75583077 46.83535624 11.82563029
v 186.75583077 46.92896295 13.17988351
v 188.24463961 47.28994550 15.74401781
v 188.24463961 47.13009509 18.32686419
v 188.24463961 46.82170833 20.45813117
v 188.24463961 46.39114256 22.43914359
v 188.24463961 45.84817290 24.32098623
v 188.24463961 45.19956421 26.12482655
v 188.24463961 44.45094638 27.86131413
v 188.24463961 43.60741136 29.53620952
v 188.24463961 42.67375159 31.15263407
v 188.24463961 41.65456208 32.71214591
v 188.24463961 40.55428095 34.21531910
v 188.24463961 39.37719881 35.66208319
v 188.24463961 38.12745123 37.05193558
v 188.24463961 36.80900137 38.38408153
v 188.24463961 35.42561652 39.65753023
v 188.24463961 33.98084088 40.87116339
v 188.24463961 32.47796513 42.02378547
v 188.24463961 30.91999331 43.11416161
v 188.24463961 29.30960620 44.14104679
v 188.24463961 27.64911983 45.10320885
v 188.24463961 25.94043678 45.99944683
v 188.24463961 24.18498610 46.82860583
v 188.24463961 22.38364519 47.58958925
v 188.24463961 20.53663288 48.28136889
v 188.24463961 18.64335489 48.90299338
v 188.24463961 16.70216836 49.45359520
v 188.24463961 14.71000214 49.93239657
v 188.24463961 12.66170206 50.33871438
v 188.24463961 10.54880366 50.67196419
v 188.24463961 8.35694883 50.93166357
v 188.24463961 6.05939699 51.11743467
v 188.24463961 3.59462438 51.22900622
v 188.24463961 0.61189507 51.26621491
v 188.24463961 -2.37083423 51.22900622
v 188.24463961 -4.83560684 51.11743467
v 188.24463961 -7.13315868 50.93166357
v 188.24463961 -9.32501351 50.67196419
v 188.24463961 -11.43791191 50.33871438
v 188.24463961 -13.48621199 49.93239657
v 188.24463961 -15.47837821 49.45359520
v 188.24463961 -17.41956474 48.90299338
v 188.24463961 -19.31284273 48.28136889
v 188.24463961 -21.15985504 47.58958925
v 188.24463961 -22.96119595 46.82860583
v 188.24463961 -24.71664663 45.99944683
v 188.24463961 -26.42532968 45.10320885
v 188.24463961 -28.08581605 44.14104679
v 188.24463961 -29.69620316 43.11416161
v 188.24463961 -31.25417498 42.02378547
v 188.24463961 -32.75705073 40.87116339
v 188.24463961 -34.20182637 39.65753023
v 188.24463961 -35.58521122 38.38408153
v 188.24463961 -36.90366108 37.05193558
v 188.24463961 -38.15340866 35.66208319
v 188.24463961 -39.33049080 34.21531910
v 188.24463961 -40.43077193 32.71214591
v 188.24463961 -41.44996144 31.15263407
v 188.24463961 -42.38362121 29.53620952
v 188.24463961 -43.22715623 27.86131413
v 188.24463961 -43.97577406 26.12482655
v 188.24463961 -44.62438275 24.32098623
v 188.24463961 -45.16735241 22.43914359
v 188.24463961 -45.59791818 20.45813117
v 188.24463961 -45.90630494 18.32686419
v 188.24463961 -46.06615535 15.74401781
v 188.24463961 -46.03491046 12.89177045
v 188.24463961 -45.94115055 11.55477752
v 188.24463961 -45.78479927 10.50223806
v 188.24463961 -45.56572689 9.60343562
v 188.24463961 -45.28374659 8.80698887
v 188.24463961 -44.93860897 8.08643000
v 188.24463961 -44.52999478 7.42606735
v 188.24463961 -44.05750536 6.81574832
v 188.24463961 44.74444074 6.24850034
v 188.24463961 45.28129551 6.81574832
v 188.24463961 45.75378493 7.42606735
v 188.24463961 46.16239912 8.08643000
v 188.24463961 46.50753674 8.80698887
v 188.24463961 46.78951704 9.60343562
v 188.24463961 47.00858942 10.50223806
v 188.24463961 47.16494070 11.55477752
v 188.24463961 47.25870061 12.89177045
v 189.72924009 47.62298791 15.42951972
v 189.72924009 47.46398725 17.97972268
v 189.72924009 47.15671641 20.08414353
v 189.72924009 46.72731789 22.04023117
v 189.72924009 46.18549023 23.89841433
v 189.72924009 45.53794787 25.67958829
v 189.72924009 44.79028093 27.39426530
v 189.72924009 43.94754735 29.04813125
v 189.72924009 43.01450930 30.64426664
v 189.72924009 41.99573437 32.18420879
v 189.72924009 40.89563572 33.66852359
v 189.72924009 39.71848131 35.09714064
v 189.72924009 38.46838632 36.46956301
v 189.72924009 37.14929581 37.78500531
v 189.72924009 35.76496137 39.04248871
v 189.72924009 34.31891389 40.24090848
v 189.72924009 32.81443328 41.37908369
v 189.72924009 31.25451532 42.45579462
v 189.72924009 29.64183505 43.46981156
v 189.72924009 27.97870531 44.41991753
v 189.72924009 26.26702793 45.30492635
v 189.72924009 24.50823349 46.12369738
v 189.72924009 22.70320302 46.87514759
v 189.72924009 20.85216076 47.55826146
v 189.72924009 18.95451911 48.17209940
v 189.72924009 17.00864249 48.71580462
v 189.72924009 15.01146648 49.18860896
v 189.72924009 12.95784125 49.58983777
v 189.72924009 10.83930101 49.91891385
v 189.72924009 8.64147384 50.17536074
v 189.72924009 6.33757610 50.35880527
v 189.72924009 3.86595461 50.46897953
v 189.72924009 0.87501784 50.50572223
v 189.72924009 -2.11591892 50.46897953
v 189.72924009 -4.58754041 50.35880527
v 189.72924009 -6.89143815 50.17536074
v 189.72924009 -9.08926532 49.91891385
v 189.72924009 -11.20780556 49.58983777
v 189.72924009 -13.26143079 49.18860896
v 189.72924009 -15.25860680 48.71580462
v 189.72924009 -17.20448342 48.17209940
v 189.72924009 -19.10212507 47.55826146
v 189.72924009 -20.95316733 46.87514759
v 189.72924009 -22.75819780 46.12369738
v 189.72924009 -24.51699224 45.30492635
v 189.72924009 -26.22866962 44.41991753
v 189.72924009 -27.89179936 43.46981156
v 189.72924009 -29.50447963 42.45579462
v 189.72924009 -31.06439759 41.37908369
v 189.72924009 -32.56887820 40.24090848
v 189.72924009 -34.01492568 39.04248871
v 189.72924009 -35.39926012 37.78500531
v 189.72924009 -36.71835063 36.46956301
v 189.72924009 -37.96844562 35.09714064
v 189.72924009 -39.14560003 33.66852359
v 189.72924009 -40.24569868 32.18420879
v 189.72924009 -41.26447361 30.64426664
v 189.72924009 -42.19751166 29.04813125
v 189.72924009 -43.04024524 27.39426530
v 189.72924009 -43.78791218 25.67958829
v 189.72924009 -44.43545454 23.89841433
v 189.72924009 -44.97728220 22.04023117
v 189.72924009 -45.40668072 20.08414353
v 189.72924009 -45.71395156 17.97972268
v 189.72924009 -45.87295222 15.42951972
v 189.72924009 -45.84166052 12.61308340
v 189.72924009 -45.74776017 11.29287692
v 189.72924009 -45.59117468 10.25355249
v 189.72924009 -45.37177415 9.36603486
v 189.72924009 -45.08937147 8.57958780
v 189.72924009 -44.74371687 7.86807582
v 189.72924009 -44.33449061 7.21600427
v 189.72924009 -43.86129344 6.61334803
v 189.72924009 45.61132913 6.61334803
v 189.72924009 46.08452630 7.21600427
v 189.72924009 46.49375256 7.86807582
v 189.72924009 46.83940716 8.57958780
v 189.72924009 47.12180984 9.36603486
v 189.72924009 47.34121037 10.25355249
v 189.72924009 47.49779586 11.29287692
v 189.72924009 47.59169621 12.61308340
v 191.20950901 47.95260081 15.12863092
v 191.20950901 47.79431020 17.64721564
v 191.20950901 47.48797796 19.72550423
v 191.20950901 47.05956299 21.65728851
v 191.20950901 46.51869788 23.49237673
v 191.20950901 45.87205346 25.25140722
v 191.20950901 45.12518536 26.94476314
v 191.20950901 44.28312196 28.57806073
v 191.20950901 43.35059904 30.15434293
v 191.20950901 42.33216022 31.67512852
v 191.20950901 41.23219676 33.14097677
v 191.20950901 40.05495671 34.55181855
v 191.20950901 38.80453724 35.90716340
v 191.20950901 37.48486738 37.20623599
v 191.20950901 36.09968469 38.44806986
v 191.20950901 34.65250811 39.63157424
v 191.20950901 33.14660773 40.75558308
v 191.20950901 31.58497166 41.81889198
v 191.20950901 29.97026941 42.82028669
v 191.20950901 28.30481045 43.75856547
v 191.20950901 26.59049524 44.63255705
v 191.20950901 24.82875494 45.44113509
v 191.20950901 23.02047285 46.18323009
v 191.20950901 21.16587682 46.85783929
v 191.20950901 19.26438382 47.46403486
v 191.20950901 17.31436300 48.00097072
v 191.20950901 15.31275373 48.46788835
v 191.20950901 13.25440725 48.86412152
v 191.20950901 11.13085265 49.18910028
v 191.20950901 8.92769983 49.44235412
v 191.20950901 6.61811671 49.62351454
v 191.20950901 4.14031240 49.73231699
v 191.20950901 1.14179385 49.76860220
v 191.20950901 -1.85672469 49.73231699
v 191.20950901 -4.33452900 49.62351454
v 191.20950901 -6.64411212 49.44235412
v 191.20950901 -8.84726495 49.18910028
v 191.20950901 -10.97081954 48.86412152
v 191.20950901 -13.02916602 48.46788835
v 191.20950901 -15.03077529 48.00097072
v 191.20950901 -16.98079611 47.46403486
v 191.20950901 -18.88228912 46.85783929
v 191.20950901 -20.73688514 46.18323009
v 191.20950901 -22.54516723 45.44113509
v 191.20950901 -24.30690753 44.63255705
v 191.20950901 -26.02122274 43.75856547
v 191.20950901 -27.68668170 42.82028669
v 191.20950901 -29.30138395 41.81889198
v 191.20950901 -30.86302003 40.75558308
v 191.20950901 -32.36892040 39.63157424
v 191.20950901 -33.81609698 38.44806986
v 191.20950901 -35.20127967 37.20623599
v 191.20950901 -36.52094953 35.90716340
v 191.20950901 -37.77136900 34.55181855
v 191.20950901 -38.94860905 33.14097677
v 191.20950901 -40.04857251 31.67512852
v 191.20950901 -41.06701133 30.15434293
v 191.20950901 -41.99953425 28.57806073
v 191.20950901 -42.84159765 26.94476314
v 191.20950901 -43.58846575 25.25140722
v 191.20950901 -44.23511017 23.49237673
v 191.20950901 -44.77597528 21.65728851
v 191.20950901 -45.20439025 19.72550423
v 191.20950901 -45.51072250 17.64721564
v 191.20950901 -45.66901311 15.12863092
v 191.20950901 -45.63767935 12.34722170
v 191.20950901 -45.54365278 11.04343419
v 191.20950901 -45.38685682 10.01703550
v 191.20950901 -45.16716138 9.14055563
v 191.20950901 -44.88437910 8.36388936
v 191.20950901 -44.53825988 7.66122622
v 191.20950901 -44.12848356 7.01726427
v 191.20950901 -43.65465033 6.42210307
v 191.20950901 45.93823804 6.42210307
v 191.20950901 46.41207126 7.01726427
v 191.20950901 46.82184759 7.66122622
v 191.20950901 47.16796681 8.36388936
v 191.20950901 47.45074909 9.14055563
v 191.20950901 47.67044453 10.01703550
v 191.20950901 47.82724049 11.04343419
v 191.20950901 47.92126705 12.34722170
v 192.68532414 48.27221805 14.84446316
v 192.68532414 48.11462846 17.33223383
v 192.68532414 47.80924863 19.38492954
v 192.68532414 47.38185466 21.29287224
v 192.68532414 46.84201282 23.10527993
v 192.68532414 46.19634987 24.84254703
v 192.68532414 45.45038644 26.51493469
v 192.68532414 44.60912075 28.12799386
v 192.68532414 43.67726154 29.68473281
v 192.68532414 42.65932774 31.18665380
v 192.68532414 41.55968799 32.63431099
v 192.68532414 40.38256959 34.02763756
v 192.68532414 39.13205086 35.36615040
v 192.68532414 37.81204389 36.64908483
v 192.68532414 36.42627131 37.87548733
v 192.68532414 34.97823916 39.04428147
v 192.68532414 33.47120670 40.15431638
v 192.68532414 31.90815335 41.20440327
v 192.68532414 30.29174209 42.19334353
v 192.68532414 28.62427792 43.11995088
v 192.68532414 26.90765888 43.98306905
v 192.68532414 25.14331555 44.78158610
v 192.68532414 23.33213231 45.51444623
v 192.68532414 21.47433943 46.18065944
v 192.68532414 19.56935707 46.77930974
v 192.68532414 17.61555767 47.30956184
v 192.68532414 15.60988275 47.77066686
v 192.68532414 13.54718258 48.16196707
v 192.68532414 11.41897860 48.48289974
v 192.68532414 9.21085890 48.73300036
v 192.68532414 6.89593694 48.91190512
v 192.68532414 4.41227075 49.01935282
v 192.68532414 1.40637588 49.05518623
v 192.68532414 -1.59951898 49.01935282
v 192.68532414 -4.08318518 48.91190512
v 192.68532414 -6.39810714 48.73300036
v 192.68532414 -8.60622684 48.48289974
v 192.68532414 -10.73443081 48.16196707
v 192.68532414 -12.79713098 47.77066686
v 192.68532414 -14.80280590 47.30956184
v 192.68532414 -16.75660530 46.77930974
v 192.68532414 -18.66158767 46.18065944
v 192.68532414 -20.51938054 45.51444623
v 192.68532414 -22.33056378 44.78158610
v 192.68532414 -24.09490711 43.98306905
v 192.68532414 -25.81152616 43.11995088
v 192.68532414 -27.47899033 42.19334353
v 192.68532414 -29.09540158 41.20440327
v 192.68532414 -30.65845493 40.15431638
v 192.68532414 -32.16548739 39.04428147
v 192.68532414 -33.61351955 37.87548733
v 192.68532414 -34.99929212 36.64908483
v 192.68532414 -36.31929909 35.36615040
v 192.68532414 -37.56981782 34.02763756
v 192.68532414 -38.74693623 32.63431099
v 192.68532414 -39.84657598 31.18665380
v 192.68532414 -40.86450977 29.68473281
v 192.68532414 -41.79636899 28.12799386
v 192.68532414 -42.63763468 26.51493469
v 192.68532414 -43.38359810 24.84254703
v 192.68532414 -44.02926106 23.10527993
v 192.68532414 -44.56910290 21.29287224
v 192.68532414 -44.99649687 19.38492954
v 192.68532414 -45.30187669 17.33223383
v 192.68532414 -45.45946628 14.84446316
v 192.68532414 -45.42809568 12.09752034
v 192.68532414 -45.33395857 10.80988898
v 192.68532414 -45.17697827 9.79620911
v 192.68532414 -44.95702453 8.93059032
v 192.68532414 -44.67390978 8.16354826
v 192.68532414 -44.32738364 7.46959231
v 192.68532414 -43.91712554 6.83361015
v 192.68532414 -43.44273523 6.24582401
v 192.68532414 46.25548700 6.24582401
v 192.68532414 46.72987731 6.83361015
v 192.68532414 47.14013540 7.46959231
v 192.68532414 47.48666155 8.16354826
v 192.68532414 47.76977630 8.93059032
v 192.68532414 47.98973003 9.79620911
v 192.68532414 48.14671034 10.80988898
v 192.68532414 48.24084745 12.09752034
v 194.15656426 48.57539497 14.58006536
v 194.15656426 48.41850280 17.03760632
v 194.15656426 48.11409758 19.06507594
v 194.15656426 47.68777238 20.94948121
v 194.15656426 47.14902653 22.73947481
v 194.15656426 46.50444208 24.45521798
v 194.15656426 45.75950398 26.10685578
v 194.15656426 44.91917954 27.69987755
v 194.15656426 43.98814970 29.23725940
v 194.15656426 42.97090791 30.72048883
v 194.15656426 41.87179928 32.15011620
v 194.15656426 40.69502949 33.52607807
v 194.15656426 39.44465707 34.84789944
v 194.15656426 38.12457620 36.11482698
v 194.15656426 36.73849358 37.32592059
v 194.15656426 35.28990130 38.48011865
v 194.15656426 33.78204680 39.57628587
v 194.15656426 32.21789974 40.61324934
v 194.15656426 30.60011549 41.58982639
v 194.15656426 28.93099350 42.50484642
v 194.15656426 27.21242828 43.35716837
v 194.15656426 25.44584871 44.14569491
v 194.15656426 23.63213911 44.86938403
v 194.15656426 21.77153094 45.52725868
v 194.15656426 19.86344629 46.11841480
v 194.15656426 17.90625951 46.64202799
v 194.15656426 15.89691272 47.09735912
v 194.15656426 13.83025341 47.48375899
v 194.15656426 11.69779308 47.80067220
v 194.15656426 9.48509474 48.04764026
v 194.15656426 7.16521204 48.22430409
v 194.15656426 4.67604007 48.33040587
v 194.15656426 1.66302191 48.36579041
v 194.15656426 -1.34999626 48.33040587
v 194.15656426 -3.83916823 48.22430409
v 194.15656426 -6.15905093 48.04764026
v 194.15656426 -8.37174927 47.80067220
v 194.15656426 -10.50420960 47.48375899
v 194.15656426 -12.57086891 47.09735912
v 194.15656426 -14.58021570 46.64202799
v 194.15656426 -16.53740248 46.11841480
v 194.15656426 -18.44548713 45.52725868
v 194.15656426 -20.30609530 44.86938403
v 194.15656426 -22.11980490 44.14569491
v 194.15656426 -23.88638447 43.35716837
v 194.15656426 -25.60494969 42.50484642
v 194.15656426 -27.27407168 41.58982639
v 194.15656426 -28.89185593 40.61324934
v 194.15656426 -30.45600298 39.57628587
v 194.15656426 -31.96385749 38.48011865
v 194.15656426 -33.41244977 37.32592059
v 194.15656426 -34.79853239 36.11482698
v 194.15656426 -36.11861326 34.84789944
v 194.15656426 -37.36898568 33.52607807
v 194.15656426 -38.54575547 32.15011620
v 194.15656426 -39.64486410 30.72048883
v 194.15656426 -40.66210589 29.23725940
v 194.15656426 -41.59313573 27.69987755
v 194.15656426 -42.43346017 26.10685578
v 194.15656426 -43.17839827 24.45521798
v 194.15656426 -43.82298272 22.73947481
v 194.15656426 -44.36172857 20.94948121
v 194.15656426 -44.78805377 19.06507594
v 194.15656426 -45.09245899 17.03760632
v 194.15656426 -45.24935116 14.58006536
v 194.15656426 -45.21794941 11.86724766
v 194.15656426 -45.12371883 10.59561248
v 194.15656426 -44.96658267 9.59452551
v 194.15656426 -44.74641056 8.73966025
v 194.15656426 -44.46301472 7.98214712
v 194.15656426 -44.11614452 7.29681215
v 194.15656426 -43.70547910 6.66873076
v 194.15656426 -43.23061779 6.08824665
v 194.15656426 46.55666160 6.08824665
v 194.15656426 47.03152291 6.66873076
v 194.15656426 47.44218833 7.29681215
v 194.15656426 47.78905853 7.98214712
v 194.15656426 48.07245437 8.73966025
v 194.15656426 48.29262648 9.59452551
v 194.15656426 48.44976264 10.59561248
v 194.15656426 48.54399322 11.86724766
v 195.62310914 48.85581286 14.33842154
v 195.62310914 48.69961652 16.76610147
v 195.62310914 48.39621139 18.76854239
v 195.62310914 47.97100726 20.62955966
v 195.62310914 47.43343583 22.39726032
v 195.62310914 46.79003377 24.09158096
v 195.62310914 46.04624966 25.72255530
v 195.62310914 45.20701921 27.29561411
v 195.62310914 44.27699476 28.81370342
v 195.62310914 43.26064347 30.27829751
v 195.62310914 42.16228608 31.68994416
v 195.62310914 40.98610570 33.04858423
v 195.62310914 39.73614016 34.35375162
v 195.62310914 38.41626476 35.60470499
v 195.62310914 37.03016925 36.80051826
v 195.62310914 35.58133078 37.94014507
v 195.62310914 34.07298390 39.02246611
v 195.62310914 32.50808748 40.04632479
v 195.62310914 30.88928820 41.01055468
v 195.62310914 29.21887888 41.91400115
v 195.62310914 27.49874939 42.75553865
v 195.62310914 25.73032582 43.53408466
v 195.62310914 23.91449126 44.24861120
v 195.62310914 22.05147719 44.89815437
v 195.62310914 20.14070642 45.48182221
v 195.62310914 18.18055386 45.99880134
v 195.62310914 16.16796079 46.44836251
v 195.62310914 14.09777025 46.82986520
v 195.62310914 11.96148168 47.14276140
v 195.62310914 9.74463020 47.38659873
v 195.62310914 7.42020498 47.56102288
v 195.62310914 4.92592803 47.66577948
v 195.62310914 1.90609899 47.70071539
v 195.62310914 -1.11373005 47.66577948
v 195.62310914 -3.60800700 47.56102288
v 195.62310914 -5.93243222 47.38659873
v 195.62310914 -8.14928369 47.14276140
v 195.62310914 -10.28557227 46.82986520
v 195.62310914 -12.35576281 46.44836251
v 195.62310914 -14.36835588 45.99880134
v 195.62310914 -16.32850844 45.48182221
v 195.62310914 -18.23927921 44.89815437
v 195.62310914 -20.10229328 44.24861120
v 195.62310914 -21.91812784 43.53408466
v 195.62310914 -23.68655141 42.75553865
v 195.62310914 -25.40668090 41.91400115
v 195.62310914 -27.07709022 41.01055468
v 195.62310914 -28.69588950 40.04632479
v 195.62310914 -30.26078592 39.02246611
v 195.62310914 -31.76913280 37.94014507
v 195.62310914 -33.21797127 36.80051826
v 195.62310914 -34.60406678 35.60470499
v 195.62310914 -35.92394218 34.35375162
v 195.62310914 -37.17390772 33.04858423
v 195.62310914 -38.35008810 31.68994416
v 195.62310914 -39.44844549 30.27829751
v 195.62310914 -40.46479678 28.81370342
v 195.62310914 -41.39482123 27.29561411
v 195.62310914 -42.23405168 25.72255530
v 195.62310914 -42.97783579 24.09158096
v 195.62310914 -43.62123785 22.39726032
v 195.62310914 -44.15880928 20.62955966
v 195.62310914 -44.58401341 18.76854239
v 195.62310914 -44.88741854 16.76610147
v 195.62310914 -45.04361488 14.33842154
v 195.62310914 -45.01218814 11.65960316
v 195.62310914 -44.91788255 10.40390518
v 195.62310914 -44.76062132 9.41536468
v 195.62310914 -44.54027395 8.57121332
v 195.62310914 -44.25665254 7.82319398
v 195.62310914 -43.90950624 7.14644820
v 195.62310914 -43.49851394 6.52623846
v 195.62310914 -43.02327466 5.95302947
v 195.62310914 46.83547264 5.95302947
v 195.62310914 47.31071192 6.52623846
v 195.62310914 47.72170422 7.14644820
v 195.62310914 48.06885052 7.82319398
v 195.62310914 48.35247193 8.57121332
v 195.62310914 48.57281930 9.41536468
v 195.62310914 48.73008053 10.40390518
v 195.62310914 48.82438612 11.65960316
v 197.08483958 49.10728315 14.12244885
v 197.08483958 48.95178296 16.52042492
v 197.08483958 48.64940658 18.49786830
v 197.08483958 48.22538010 20.33549525
v 197.08483958 47.68906695 22.08088158
v 197.08483958 47.04695774 23.75374564
v 197.08483958 46.30446400 25.36401344
v 197.08483958 45.46648909 26.91705953
v 197.08483958 44.53765601 28.41580159
v 197.08483958 43.52240479 29.86170201
v 197.08483958 42.42503093 31.25530700
v 197.08483958 41.24969411 32.59656262
v 197.08483958 40.00041048 33.88501243
v 197.08483958 38.68103552 35.11992773
v 197.08483958 37.29524101 36.30039703
v 197.08483958 35.84648817 37.42538976
v 197.08483958 34.33799758 38.49380310
v 197.08483958 32.77271630 39.50449716
v 197.08483958 31.15328123 40.45632219
v 197.08483958 29.48197750 41.34813988
v 197.08483958 27.76068924 42.17884049
v 197.08483958 25.99083863 42.94735665
v 197.08483958 24.17330644 43.65267469
v 197.08483958 22.30832300 44.29384407
v 197.08483958 20.39531064 44.86998517
v 197.08483958 18.43264360 45.38029586
v 197.08483958 16.41726093 45.82405692
v 197.08483958 14.34399969 46.20063665
v 197.08483958 12.20434542 46.50949457
v 197.08483958 9.98380286 46.75018452
v 197.08483958 7.65529280 46.92235705
v 197.08483958 5.15635570 47.02576128
v 197.08483958 2.13008706 47.06024616
v 197.08483958 -0.89618159 47.02576128
v 197.08483958 -3.39511869 46.92235705
v 197.08483958 -5.72362875 46.75018452
v 197.08483958 -7.94417130 46.50949457
v 197.08483958 -10.08382557 46.20063665
v 197.08483958 -12.15708681 45.82405692
v 197.08483958 -14.17246948 45.38029586
v 197.08483958 -16.13513652 44.86998517
v 197.08483958 -18.04814888 44.29384407
v 197.08483958 -19.91313232 43.65267469
v 197.08483958 -21.73066451 42.94735665
v 197.08483958 -23.50051512 42.17884049
v 197.08483958 -25.22180338 41.34813988
v 197.08483958 -26.89310711 40.45632219
v 197.08483958 -28.51254219 39.50449716
v 197.08483958 -30.07782347 38.49380310
v 197.08483958 -31.58631405 37.42538976
v 197.08483958 -33.03506690 36.30039703
v 197.08483958 -34.42086140 35.11992773
v 197.08483958 -35.74023637 33.88501243
v 197.08483958 -36.98952000 32.59656262
v 197.08483958 -38.16485681 31.25530700
v 197.08483958 -39.26223067 29.86170201
v 197.08483958 -40.27748190 28.41580159
v 197.08483958 -41.20631497 26.91705953
v 197.08483958 -42.04428988 25.36401344
v 197.08483958 -42.78678362 23.75374564
v 197.08483958 -43.42889283 22.08088158
v 197.08483958 -43.96520598 20.33549525
v 197.08483958 -44.38923246 18.49786830
v 197.08483958 -44.69160884 16.52042492
v 197.08483958 -44.84710903 14.12244885
v 197.08483958 -44.81566390 11.47771533
v 197.08483958 -44.72130311 10.23799465
v 197.08483958 -44.56394982 9.26203218
v 197.08483958 -44.34347347 8.42862166
v 197.08483958 -44.05968604 7.69012000
v 197.08483958 -43.71233654 7.02198503
v 197.08483958 -43.30110367 6.40966674
v 197.08483958 -42.82558620 5.84375117
v 197.08483958 47.08576032 5.84375117
v 197.08483958 47.56127778 6.40966674
v 197.08483958 47.97251066 7.02198503
v 197.08483958 48.31986016 7.69012000
v 197.08483958 48.60364759 8.42862166
v 197.08483958 48.82412394 9.26203218
v 197.08483958 48.98147723 10.23799465
v 197.08483958 49.07583801 11.47771533
v 198.54163749 49.32375146 13.93403982
v 198.54163749 49.16894954 16.30233135
v 198.54163749 48.86763358 18.25470284
v 198.54163749 48.44484547 20.06884165
v 198.54163749 47.90987966 21.79180322
v 198.54163749 47.26918003 23.44309246
v 198.54163749 46.52812039 25.03253045
v 198.54163749 45.69157104 26.56543746
v 198.54163749 44.76412484 28.04470420
v 198.54163749 43.75019388 29.47178229
v 198.54163749 42.65404759 30.84721733
v 198.54163749 41.47982131 32.17096136
v 198.54163749 40.23150856 33.44256834
v 198.54163749 38.91294403 34.66132282
v 198.54163749 37.52778058 35.82632850
v 198.54163749 36.07946242 36.93657114
v 198.54163749 34.57119518 37.99096488
v 198.54163749 33.00591302 38.98838700
v 198.54163749 31.38624201 39.92770483
v 198.54163749 29.71445852 40.80779679
v 198.54163749 27.99243987 41.62756933
v 198.54163749 26.22160323 42.38597052
v 198.54163749 24.40282593 43.08200133
v 198.54163749 22.53633605 43.71472485
v 198.54163749 20.62155429 44.28327407
v 198.54163749 18.65685301 44.78685829
v 198.54163749 16.63916778 45.22476857
v 198.54163749 14.56332828 45.59638216
v 198.54163749 12.42080453 45.90116629
v 198.54163749 10.19706880 46.13868110
v 198.54163749 7.86497031 46.30858213
v 198.54163749 5.36186122 46.41062202
v 198.54163749 2.32958249 46.44465189
v 198.54163749 -0.70269623 46.41062202
v 198.54163749 -3.20580532 46.30858213
v 198.54163749 -5.53790381 46.13868110
v 198.54163749 -7.76163954 45.90116629
v 198.54163749 -9.90416329 45.59638216
v 198.54163749 -11.98000279 45.22476857
v 198.54163749 -13.99768802 44.78685829
v 198.54163749 -15.96238930 44.28327407
v 198.54163749 -17.87717106 43.71472485
v 198.54163749 -19.74366094 43.08200133
v 198.54163749 -21.56243824 42.38597052
v 198.54163749 -23.33327488 41.62756933
v 198.54163749 -25.05529353 40.80779679
v 198.54163749 -26.72707702 39.92770483
v 198.54163749 -28.34674803 38.98838700
v 198.54163749 -29.91203019 37.99096488
v 198.54163749 -31.42029743 36.93657114
v 198.54163749 -32.86861559 35.82632850
v 198.54163749 -34.25377905 34.66132282
v 198.54163749 -35.57234358 33.44256834
v 198.54163749 -36.82065632 32.17096136
v 198.54163749 -37.99488261 30.84721733
v 198.54163749 -39.09102889 29.47178229
v 198.54163749 -40.10495985 28.04470420
v 198.54163749 -41.03240605 26.56543746
v 198.54163749 -41.86895540 25.03253045
v 198.54163749 -42.61001505 23.44309246
v 198.54163749 -43.25071467 21.79180322
v 198.54163749 -43.78568048 20.06884165
v 198.54163749 -44.20846859 18.25470284
v 198.54163749 -44.50978456 16.30233135
v 198.54163749 -44.66458647 13.93403982
v 198.54163749 -44.63312998 11.32360705
v 198.54163749 -44.53873510 10.09996488
v 198.54163749 -44.38132496 9.13666010
v 198.54163749 -44.16076895 8.31405847
v 198.54163749 -43.87687898 7.58513477
v 198.54163749 -43.52940399 6.92566515
v 198.54163749 -43.11802253 6.32128829
v 198.54163749 -42.64233326 5.76271233
v 198.54163749 47.30149825 5.76271233
v 198.54163749 47.77718752 6.32128829
v 198.54163749 48.18856898 6.92566515
v 198.54163749 48.53604397 7.58513477
v 198.54163749 48.81993394 8.31405847
v 198.54163749 49.04048994 9.13666010
v 198.54163749 49.19790009 10.09996488
v 198.54163749 49.29229496 11.32360705
v 199.99338583 49.49930148 13.76472157
v 199.99338583 49.34520169 16.10396468
v 199.99338583 49.04498068 18.03170613
v 199.99338583 48.62349558 19.82274124
v 199.99338583 48.08997112 21.52362717
v 199.99338583 47.45080382 23.15366486
v 199.99338583 46.71132906 24.72257563
v 199.99338583 45.87638334 26.23562855
v 199.99338583 44.95052867 27.69568942
v 199.99338583 43.93814838 29.10420048
v 199.99338583 42.84348495 30.46170772
v 199.99338583 41.67064849 31.76816990
v 199.99338583 40.42360900 33.02315186
v 199.99338583 39.10617938 34.22595185
v 199.99338583 37.72199256 35.37568902
v 199.99338583 36.27447478 36.47136571
v 199.99338583 34.76681567 37.51191315
v 199.99338583 33.20193543 38.49622594
v 199.99338583 31.58244827 39.42318856
v 199.99338583 29.91062072 40.29169624
v 199.99338583 28.18832221 41.10067164
v 199.99338583 26.41696384 41.84907832
v 199.99338583 24.59741841 42.53593188
v 199.99338583 22.72991068 43.16030908
v 199.99338583 20.81385858 43.72135549
v 199.99338583 18.84763148 44.21829187
v 199.99338583 16.82816032 44.65041951
v 199.99338583 14.75026613 45.01712466
v 199.99338583 12.60540202 45.31788220
v 199.99338583 10.37900610 45.55225861
v 199.99338583 8.04385357 45.71991436
v 199.99338583 5.53710326 45.82060567
v 199.99338583 2.49930160 45.85418577
v 199.99338583 -0.53850007 45.82060567
v 199.99338583 -3.04525037 45.71991436
v 199.99338583 -5.38040290 45.55225861
v 199.99338583 -7.60679882 45.31788220
v 199.99338583 -9.75166293 45.01712466
v 199.99338583 -11.82955712 44.65041951
v 199.99338583 -13.84902829 44.21829187
v 199.99338583 -15.81525538 43.72135549
v 199.99338583 -17.73130748 43.16030908
v 199.99338583 -19.59881522 42.53593188
v 199.99338583 -21.41836064 41.84907832
v 199.99338583 -23.18971901 41.10067164
v 199.99338583 -24.91201752 40.29169624
v 199.99338583 -26.58384507 39.42318856
v 199.99338583 -28.20333223 38.49622594
v 199.99338583 -29.76821247 37.51191315
v 199.99338583 -31.27587158 36.47136571
v 199.99338583 -32.72338937 35.37568902
v 199.99338583 -34.10757618 34.22595185
v 199.99338583 -35.42500580 33.02315186
v 199.99338583 -36.67204529 31.76816990
v 199.99338583 -37.84488176 30.46170772
v 199.99338583 -38.93954518 29.10420048
v 199.99338583 -39.95192547 27.69568942
v 199.99338583 -40.87778014 26.23562855
v 199.99338583 -41.71272586 24.72257563
v 199.99338583 -42.45220063 23.15366486
v 199.99338583 -43.09136792 21.52362717
v 199.99338583 -43.62489238 19.82274124
v 199.99338583 -44.04637749 18.03170613
v 199.99338583 -44.34659849 16.10396468
v 199.99338583 -44.50069828 13.76472157
v 199.99338583 -44.46923788 11.18810478
v 199.99338583 -44.37483129 9.98031386
v 199.99338583 -44.21740162 9.02948790
v 199.99338583 -43.99681824 8.21754238
v 199.99338583 -43.71289305 7.49806128
v 199.99338583 -43.36537494 6.84713454
v 199.99338583 -42.95394245 6.25058688
v 199.99338583 -42.47819415 5.69924681
v 199.99338583 47.47679735 5.69924681
v 199.99338583 47.95254564 6.25058688
v 199.99338583 48.36397814 6.84713454
v 199.99338583 48.71149625 7.49806128
v 199.99338583 48.99542144 8.21754238
v 199.99338583 49.21600481 9.02948790
v 199.99338583 49.37343449 9.98031386
v 199.99338583 49.46784108 11.18810478
v 201.43996870 49.62721670 13.61116430
v 201.43996870 49.47387476 15.92223800
v 201.43996870 49.17488391 17.82599849
v 201.43996870 48.75490770 19.59450911
v 201.43996870 48.22309747 21.27385490
v 201.43996870 47.58579964 22.88314399
v 201.43996870 46.84830873 24.43200379
v 201.43996870 46.01542520 25.92565572
v 201.43996870 45.09167791 27.36694287
v 201.43996870 44.08141924 28.75729961
v 201.43996870 42.98886250 30.09727324
v 201.43996870 41.81809033 31.38682992
v 201.43996870 40.57304698 32.62554580
v 201.43996870 39.25752140 33.81273309
v 201.43996870 37.87512443 34.94752656
v 201.43996870 36.42926217 36.02894516
v 201.43996870 34.92310621 37.05593728
v 201.43996870 33.35956082 38.02741478
v 201.43996870 31.74122643 38.94227923
v 201.43996870 30.07035794 39.79944257
v 201.43996870 28.34881524 40.59784358
v 201.43996870 26.57800182 41.33646122
v 201.43996870 24.75878464 42.01432560
v 201.43996870 22.89138395 42.63052702
v 201.43996870 20.97521411 43.18422354
v 201.43996870 19.00864096 43.67464727
v 201.43996870 16.98859070 44.10110964
v 201.43996870 14.90987636 44.46300581
v 201.43996870 12.76393578 44.75981824
v 201.43996870 10.53617640 44.99111970
v 201.43996870 8.19930661 45.15657553
v 201.43996870 5.69030927 45.25594548
v 201.43996870 2.64852473 45.28908489
v 201.43996870 -0.39325981 45.25594548
v 201.43996870 -2.90225715 45.15657553
v 201.43996870 -5.23912694 44.99111970
v 201.43996870 -7.46688633 44.75981824
v 201.43996870 -9.61282691 44.46300581
v 201.43996870 -11.69154125 44.10110964
v 201.43996870 -13.71159150 43.67464727
v 201.43996870 -15.67816466 43.18422354
v 201.43996870 -17.59433449 42.63052702
v 201.43996870 -19.46173518 42.01432560
v 201.43996870 -21.28095236 41.33646122
v 201.43996870 -23.05176578 40.59784358
v 201.43996870 -24.77330848 39.79944257
v 201.43996870 -26.44417698 38.94227923
v 201.43996870 -28.06251136 38.02741478
v 201.43996870 -29.62605675 37.05593728
v 201.43996870 -31.13221271 36.02894516
v 201.43996870 -32.57807497 34.94752656
v 201.43996870 -33.96047194 33.81273309
v 201.43996870 -35.27599752 32.62554580
v 201.43996870 -36.52104087 31.38682992
v 201.43996870 -37.69181304 30.09727324
v 201.43996870 -38.78436978 28.75729961
v 201.43996870 -39.79462846 27.36694287
v 201.43996870 -40.71837574 25.92565572
v 201.43996870 -41.55125927 24.43200379
v 201.43996870 -42.28875018 22.88314399
v 201.43996870 -42.92604802 21.27385490
v 201.43996870 -43.45785824 19.59450911
v 201.43996870 -43.87783445 17.82599849
v 201.43996870 -44.17682531 15.92223800
v 201.43996870 -44.33016724 13.61116430
v 201.43996870 -44.29872111 11.06759231
v 201.43996870 -44.20435732 9.87529117
v 201.43996870 -44.04699902 8.93665944
v 201.43996870 -43.82651565 8.13512703
v 201.43996870 -43.54271918 7.42487319
v 201.43996870 -43.19535862 6.78229451
v 201.43996870 -42.78411265 6.19339750
v 201.43996870 -42.30858004 5.64912830
v 201.43996870 47.60562950 5.64912830
v 201.43996870 48.08116211 6.19339750
v 201.43996870 48.49240808 6.78229451
v 201.43996870 48.83976864 7.42487319
v 201.43996870 49.12356510 8.13512703
v 201.43996870 49.34404847 8.93665944
v 201.43996870 49.50140677 9.87529117
v 201.43996870 49.59577056 11.06759231
v 202.88127135 49.70726843 13.47252939
v 202.88127135 49.55478322 15.75637424
v 202.88127135 49.25724167 17.63685997
v 202.88127135 48.83909833 19.38348049
v 202.88127135 48.30942501 21.04187538
v 202.88127135 47.67451354 22.63097118
v 202.88127135 46.93961380 24.16030742
v 202.88127135 46.10948663 25.63506132
v 202.88127135 45.18862431 27.05805553
v 202.88127135 44.18134486 28.43071788
v 202.88127135 43.09182909 29.75359800
v 202.88127135 41.92412885 31.02666994
v 202.88127135 40.68215940 32.24952160
v 202.88127135 39.36968249 33.42147932
v 202.88127135 37.99028374 34.54169357
v 202.88127135 36.54734612 35.60919995
v 202.88127135 35.04402025 36.62296391
v 202.88127135 33.48319169 37.58191450
v 202.88127135 31.86744452 38.48497026
v 202.88127135 30.19901960 39.33105969
v 202.88127135 28.47976513 40.11913754
v 202.88127135 26.71107514 40.84819800
v 202.88127135 24.89380916 41.51728551
v 202.88127135 23.02818183 42.12550379
v 202.88127135 21.11360325 42.67202323
v 202.88127135 19.14843573 43.15608713
v 202.88127135 17.12960169 43.57701697
v 202.88127135 15.05190830 43.93421666
v 202.88127135 12.90678245 44.22717618
v 202.88127135 10.67960884 44.45547446
v 202.88127135 8.34304471 44.61878170
v 202.88127135 5.83393377 44.71686110
v 202.88127135 2.79061087 44.74957010
v 202.88127135 -0.25271203 44.71686110
v 202.88127135 -2.76182297 44.61878170
v 202.88127135 -5.09838710 44.45547446
v 202.88127135 -7.32556071 44.22717618
v 202.88127135 -9.47068656 43.93421666
v 202.88127135 -11.54837995 43.57701697
v 202.88127135 -13.56721399 43.15608713
v 202.88127135 -15.53238151 42.67202323
v 202.88127135 -17.44696009 42.12550379
v 202.88127135 -19.31258742 41.51728551
v 202.88127135 -21.12985340 40.84819800
v 202.88127135 -22.89854339 40.11913754
v 202.88127135 -24.61779786 39.33105969
v 202.88127135 -26.28622278 38.48497026
v 202.88127135 -27.90196995 37.58191450
v 202.88127135 -29.46279851 36.62296391
v 202.88127135 -30.96612438 35.60919995
v 202.88127135 -32.40906200 34.54169357
v 202.88127135 -33.78846075 33.42147932
v 202.88127135 -35.10093766 32.24952160
v 202.88127135 -36.34290711 31.02666994
v 202.88127135 -37.51060735 29.75359800
v 202.88127135 -38.60012312 28.43071788
v 202.88127135 -39.60740257 27.05805553
v 202.88127135 -40.52826488 25.63506132
v 202.88127135 -41.35839206 24.16030742
v 202.88127135 -42.09329180 22.63097118
v 202.88127135 -42.72820327 21.04187538
v 202.88127135 -43.25787659 19.38348049
v 202.88127135 -43.67601993 17.63685997
v 202.88127135 -43.97356148 15.75637424
v 202.88127135 -44.12604669 13.47252939
v 202.88127135 -44.09464207 10.96114597
v 202.88127135 -44.00040289 9.78393325
v 202.88127135 -43.84325238 8.85717978
v 202.88127135 -43.62306015 8.06579065
v 202.88127135 -43.33963843 7.36452498
v 202.88127135 -42.99273655 6.73007804
v 202.88127135 -42.58203362 6.14863345
v 202.88127135 -42.10712895 5.61125191
v 202.88127135 47.68835069 5.61125191
v 202.88127135 48.16325536 6.14863345
v 202.88127135 48.57395829 6.73007804
v 202.88127135 48.92086017 7.36452498
v 202.88127135 49.20428189 8.06579065
v 202.88127135 49.42447412 8.85717978
v 202.88127135 49.58162463 9.78393325
v 202.88127135 49.67586381 10.96114597
v 204.31718019 49.74340041 13.34798922
v 204.31718019 49.59185839 15.60560654
v 204.31718019 49.29596087 17.46357971
v 204.31718019 48.87994028 19.18899850
v 204.31718019 48.35278358 20.82708416
v 204.31718019 47.72072424 22.39659311
v 204.31718019 46.98896417 23.90698301
v 204.31718019 46.16222148 25.36339046
v 204.31718019 45.24494890 26.76861980
v 204.31718019 44.24142711 28.12409373
v 204.31718019 43.15580147 29.43036503
v 204.31718019 41.99209015 30.68741625
v 204.31718019 40.75417649 31.89484727
v 204.31718019 39.44579224 33.05199872
v 204.31718019 38.07049502 34.15803682
v 204.31718019 36.63164194 35.21201373
v 204.31718019 35.13236005 36.21291188
v 204.31718019 33.57551374 37.15967731
v 204.31718019 31.96366838 38.05124538
v 204.31718019 30.29904864 38.88656094
v 204.31718019 28.58348906 39.66459449
v 204.31718019 26.81837248 40.38435523
v 204.31718019 25.00454956 41.04490177
v 204.31718019 23.14222827 41.64535100
v 204.31718019 21.23081381 42.18488546
v 204.31718019 19.26866491 42.66275949
v 204.31718019 17.25270094 43.07830442
v 204.31718019 15.17772522 43.43093280
v 204.31718019 13.03515748 43.72014198
v 204.31718019 10.81036693 43.94551699
v 204.31718019 8.47597391 44.10673275
v 204.31718019 5.96871657 44.20355590
v 204.31718019 2.92610774 44.23584593
v 204.31718019 -0.11650109 44.20355590
v 204.31718019 -2.62375843 44.10673275
v 204.31718019 -4.95815145 43.94551699
v 204.31718019 -7.18294200 43.72014198
v 204.31718019 -9.32550974 43.43093280
v 204.31718019 -11.40048546 43.07830442
v 204.31718019 -13.41644943 42.66275949
v 204.31718019 -15.37859833 42.18488546
v 204.31718019 -17.29001279 41.64535100
v 204.31718019 -19.15233408 41.04490177
v 204.31718019 -20.96615700 40.38435523
v 204.31718019 -22.73127358 39.66459449
v 204.31718019 -24.44683316 38.88656094
v 204.31718019 -26.11145290 38.05124538
v 204.31718019 -27.72329826 37.15967731
v 204.31718019 -29.28014457 36.21291188
v 204.31718019 -30.77942646 35.21201373
v 204.31718019 -32.21827954 34.15803682
v 204.31718019 -33.59357676 33.05199872
v 204.31718019 -34.90196101 31.89484727
v 204.31718019 -36.13987467 30.68741625
v 204.31718019 -37.30358599 29.43036503
v 204.31718019 -38.38921163 28.12409373
v 204.31718019 -39.39273342 26.76861980
v 204.31718019 -40.31000600 25.36339046
v 204.31718019 -41.13674869 23.90698301
v 204.31718019 -41.86850876 22.39659311
v 204.31718019 -42.50056810 20.82708416
v 204.31718019 -43.02772480 19.18899850
v 204.31718019 -43.44374539 17.46357971
v 204.31718019 -43.73964291 15.60560654
v 204.31718019 -43.89118493 13.34798922
v 204.31718019 -43.85984683 10.86785525
v 204.31718019 -43.76580723 9.70529072
v 204.31718019 -43.60898955 8.79006896
v 204.31718019 -43.38926367 8.00852719
v 204.31718019 -43.10644221 7.31598745
v 204.31718019 -42.76027504 6.68943501
v 204.31718019 -42.35044194 6.11522540
v 204.31718019 -41.87654306 5.58453056
v 204.31718019 48.20265742 6.11522540
v 204.31718019 48.61249052 6.68943501
v 204.31718019 48.95865769 7.31598745
v 204.31718019 49.24147915 8.00852719
v 204.31718019 49.46120503 8.79006896
v 204.31718019 49.61802271 9.70529072
v 204.31718019 49.71206231 10.86785525
v 205.74758282 49.73949137 13.23660491
v 205.74758282 49.58896704 15.46903507
v 205.74758282 49.29488470 17.30529547
v 205.74758282 48.88124365 19.01023762
v 205.74758282 48.35694160 20.62869167
v 205.74758282 47.72815041 22.17925546
v 205.74758282 47.00002121 23.67131080
v 205.74758282 46.17722674 25.10995716
v 205.74758282 45.26417757 26.49798268
v 205.74758282 44.26511450 27.83680631
v 205.74758282 43.18414490 29.12698477
v 205.74758282 42.02525072 30.36850959
v 205.74758282 40.79228088 31.56099289
v 205.74758282 39.48893461 32.70378968
v 205.74758282 38.11873911 33.79608188
v 205.74758282 36.68502324 34.83693812
v 205.74758282 35.19088818 35.82535764
v 205.74758282 33.63917492 36.76030327
v 205.74758282 32.03242804 37.64072694
v 205.74758282 30.37285408 38.46558963
v 205.74758282 28.66227215 39.23387733
v 205.74758282 26.90205230 39.94461400
v 205.74758282 25.09303505 40.59687217
v 205.74758282 23.23542063 41.18978167
v 205.74758282 21.32860875 41.72253696
v 205.74758282 19.37095449 42.19440323
v 205.74758282 17.35937477 42.60472147
v 205.74758282 15.28867075 42.95291270
v 205.74758282 13.15025846 43.23848153
v 205.74758282 10.92949812 43.46101890
v 205.74758282 8.59898602 43.62020445
v 205.74758282 6.09538537 43.71580812
v 205.74758282 3.05555361 43.74769143
v 205.74758282 0.01572186 43.71580812
v 205.74758282 -2.48787879 43.62020445
v 205.74758282 -4.81839089 43.46101890
v 205.74758282 -7.03915123 43.23848153
v 205.74758282 -9.17756352 42.95291270
v 205.74758282 -11.24826754 42.60472147
v 205.74758282 -13.25984726 42.19440323
v 205.74758282 -15.21750152 41.72253696
v 205.74758282 -17.12431340 41.18978167
v 205.74758282 -18.98192782 40.59687217
v 205.74758282 -20.79094507 39.94461400
v 205.74758282 -22.55116492 39.23387733
v 205.74758282 -24.26174685 38.46558963
v 205.74758282 -25.92132081 37.64072694
v 205.74758282 -27.52806769 36.76030327
v 205.74758282 -29.07978095 35.82535764
v 205.74758282 -30.57391601 34.83693812
v 205.74758282 -32.00763188 33.79608188
v 205.74758282 -33.37782738 32.70378968
v 205.74758282 -34.68117365 31.56099289
v 205.74758282 -35.91414349 30.36850959
v 205.74758282 -37.07303768 29.12698477
v 205.74758282 -38.15400727 27.83680631
v 205.74758282 -39.15307034 26.49798268
v 205.74758282 -40.06611951 25.10995716
v 205.74758282 -40.88891398 23.67131080
v 205.74758282 -41.61704318 22.17925546
v 205.74758282 -42.24583437 20.62869167
v 205.74758282 -42.77013642 19.01023762
v 205.74758282 -43.18377747 17.30529547
v 205.74758282 -43.47785981 15.46903507
v 205.74758282 -43.62838414 13.23660491
v 205.74758282 -43.59713530 10.78672362
v 205.74758282 -43.50336357 9.63834006
v 205.74758282 -43.34699257 8.73428217
v 205.74758282 -43.12789256 7.96227365
v 205.74758282 -42.84587669 7.27818151
v 205.74758282 -42.50069554 6.65927176
v 205.74758282 -42.09202982 6.09206637
v 205.74758282 48.20313705 6.09206637
v 205.74758282 48.61180277 6.65927176
v 205.74758282 48.95698392 7.27818151
v 205.74758282 49.23899979 7.96227365
v 205.74758282 49.45809980 8.73428217
v 205.74758282 49.61447080 9.63834006
v 205.74758282 49.70824253 10.78672362
v 207.17236807 49.69935270 13.13666040
v 207.17236807 49.54990909 15.34484706
v 207.17236807 49.25779031 17.16011997
v 207.17236807 48.84675359 18.84524304
v 207.17236807 48.32560377 20.44468006
v 207.17236807 47.70044840 21.97688071
v 207.17236807 46.97638551 23.45115640
v 207.17236807 46.15804023 24.87257263
v 207.17236807 45.24977882 26.24390331
v 207.17236807 44.25580003 27.56656481
v 207.17236807 43.18017105 28.84111853
v 207.17236807 42.02683545 30.06756543
v 207.17236807 40.79960558 31.24553009
v 207.17236807 39.50214601 32.37438197
v 207.17236807 38.13795137 33.45331867
v 207.17236807 36.71032022 34.48142520
v 207.17236807 35.22232582 35.45771741
v 207.17236807 33.67678386 36.38117479
v 207.17236807 32.07621626 37.25076559
v 207.17236807 30.42280971 38.06546670
v 207.17236807 28.71836626 38.82427939
v 207.17236807 26.96424179 39.52624216
v 207.17236807 25.16126545 40.17044119
v 207.17236807 23.30962881 40.75601908
v 207.17236807 21.40872549 41.28218201
v 207.17236807 19.45690675 41.74820580
v 207.17236807 17.45108761 42.15344094
v 207.17236807 15.38606853 42.49731679
v 207.17236807 13.25326488 42.77934506
v 207.17236807 11.03803364 42.99912255
v 207.17236807 8.71295866 43.15633346
v 207.17236807 6.21465577 43.25075104
v 207.17236807 3.17947730 43.28223876
v 207.17236807 0.14429884 43.25075104
v 207.17236807 -2.35400405 43.15633346
v 207.17236807 -4.67907904 42.99912255
v 207.17236807 -6.89431027 42.77934506
v 207.17236807 -9.02711393 42.49731679
v 207.17236807 -11.09213300 42.15344094
v 207.17236807 -13.09795214 41.74820580
v 207.17236807 -15.04977088 41.28218201
v 207.17236807 -16.95067421 40.75601908
v 207.17236807 -18.80231085 40.17044119
v 207.17236807 -20.60528718 39.52624216
v 207.17236807 -22.35941165 38.82427939
v 207.17236807 -24.06385510 38.06546670
v 207.17236807 -25.71726166 37.25076559
v 207.17236807 -27.31782926 36.38117479
v 207.17236807 -28.86337122 35.45771741
v 207.17236807 -30.35136561 34.48142520
v 207.17236807 -31.77899677 33.45331867
v 207.17236807 -33.14319141 32.37438197
v 207.17236807 -34.44065097 31.24553009
v 207.17236807 -35.66788085 30.06756543
v 207.17236807 -36.82121645 28.84111853
v 207.17236807 -37.89684542 27.56656481
v 207.17236807 -38.89082421 26.24390331
v 207.17236807 -39.79908563 24.87257263
v 207.17236807 -40.61743090 23.45115640
v 207.17236807 -41.34149380 21.97688071
v 207.17236807 -41.96664916 20.44468006
v 207.17236807 -42.48779899 18.84524304
v 207.17236807 -42.89883570 17.16011997
v 207.17236807 -43.19095449 15.34484706
v 207.17236807 -43.34039809 13.13666040
v 207.17236807 -43.30925907 10.71612751
v 207.17236807 -43.21581688 9.58150104
v 207.17236807 -43.05999542 8.68827333
v 207.17236807 -42.84166540 7.92551310
v 207.17236807 -42.56064062 7.24961606
v 207.17236807 -42.21667255 6.63812055
v 207.17236807 -41.80944301 6.07771000
v 207.17236807 48.16839762 6.07771000
v 207.17236807 48.57562716 6.63812055
v 207.17236807 48.91959523 7.24961606
v 207.17236807 49.20062000 7.92551310
v 207.17236807 49.41895003 8.68827333
v 207.17236807 49.57477149 9.58150104
v 207.17236807 49.66821368 10.71612751
v 208.59142603 49.62672633 13.04667360
v 208.59142603 49.47841549 15.23150000
v 208.59142603 49.18838665 17.02646582
v 208.59142603 48.78014808 18.69238727
v 208.59142603 48.26240881 20.27338476
v 208.59142603 47.64121000 21.78776946
v 208.59142603 46.92159464 23.24478743
v 208.59142603 46.10813847 24.64947314
v 208.59142603 45.20516163 26.00458804
v 208.59142603 44.21681902 27.31154700
v 208.59142603 43.14713589 28.57091684
v 208.59142603 42.00001557 29.78270826
v 208.59142603 40.77923201 30.94655854
v 208.59142603 39.48841334 32.06185163
v 208.59142603 38.13101979 33.12780077
v 208.59142603 36.71031783 34.14350723
v 208.59142603 35.22935111 35.10800337
v 208.59142603 33.69090828 36.02028509
v 208.59142603 32.09748701 36.87933680
v 208.59142603 30.45125260 37.68415106
v 208.59142603 28.75398865 38.43374420
v 208.59142603 27.00703560 39.12716902
v 208.59142603 25.21121012 39.76352518
v 208.59142603 23.36669426 40.34196780
v 208.59142603 21.47287495 40.86171459
v 208.59142603 19.52809950 41.32205184
v 208.59142603 17.52928140 41.72233938
v 208.59142603 15.47122168 42.06201476
v 208.59142603 13.34533764 42.34059665
v 208.59142603 11.13698816 42.55768762
v 208.59142603 8.81875492 42.71297636
v 208.59142603 6.32723101 42.80623934
v 208.59142603 3.29839785 42.83734198
v 208.59142603 0.26956468 42.80623934
v 208.59142603 -2.22195923 42.71297636
v 208.59142603 -4.54019247 42.55768762
v 208.59142603 -6.74854194 42.34059665
v 208.59142603 -8.87442598 42.06201476
v 208.59142603 -10.93248571 41.72233938
v 208.59142603 -12.93130380 41.32205184
v 208.59142603 -14.87607926 40.86171459
v 208.59142603 -16.76989857 40.34196780
v 208.59142603 -18.61441443 39.76352518
v 208.59142603 -20.41023991 39.12716902
v 208.59142603 -22.15719296 38.43374420
v 208.59142603 -23.85445691 37.68415106
v 208.59142603 -25.50069132 36.87933680
v 208.59142603 -27.09411259 36.02028509
v 208.59142603 -28.63255542 35.10800337
v 208.59142603 -30.11352214 34.14350723
v 208.59142603 -31.53422410 33.12780077
v 208.59142603 -32.89161764 32.06185163
v 208.59142603 -34.18243632 30.94655854
v 208.59142603 -35.40321988 29.78270826
v 208.59142603 -36.55034020 28.57091684
v 208.59142603 -37.62002333 27.31154700
v 208.59142603 -38.60836594 26.00458804
v 208.59142603 -39.51134278 24.64947314
v 208.59142603 -40.32479895 23.24478743
v 208.59142603 -41.04441431 21.78776946
v 208.59142603 -41.66561312 20.27338476
v 208.59142603 -42.18335239 18.69238727
v 208.59142603 -42.59159096 17.02646582
v 208.59142603 -42.88161980 15.23150000
v 208.59142603 -43.02993064 13.04667360
v 208.59142603 -42.99891983 10.65463813
v 208.59142603 -42.90586240 9.53336985
v 208.59142603 -42.75068253 8.65065829
v 208.59142603 -42.53325149 7.89687818
v 208.59142603 -42.25338384 7.22893862
v 208.59142603 -41.91083207 6.62464237
v 208.59142603 -41.50527931 6.07082965
v 208.59142603 48.10207500 6.07082965
v 208.59142603 48.50762777 6.62464237
v 208.59142603 48.85017953 7.22893862
v 208.59142603 49.13004718 7.89687818
v 208.59142603 49.34747823 8.65065829
v 208.59142603 49.50265809 9.53336985
v 208.59142603 49.59571553 10.65463813
v 210.00464803 49.52528271 12.96526898
v 210.00464803 49.37814611 15.12757247
v 210.00464803 49.09031242 16.90287837
v 210.00464803 48.68503583 18.55018633
v 210.00464803 48.17092745 20.11329486
v 210.00464803 47.55396038 21.61038566
v 210.00464803 46.83912112 23.05064415
v 210.00464803 46.03093459 24.43907651
v 210.00464803 45.13367339 25.77843336
v 210.00464803 44.15144715 27.07012913
v 210.00464803 43.08823768 28.31473658
v 210.00464803 41.94790664 29.51227660
v 210.00464803 40.73418807 30.66239925
v 210.00464803 39.45067213 31.76450305
v 210.00464803 38.10078318 32.81781683
v 210.00464803 36.68775410 33.82145798
v 210.00464803 35.21459743 34.77447521
v 210.00464803 33.68407338 35.67588066
v 210.00464803 32.09865396 36.52467468
v 210.00464803 30.46048176 37.31986528
v 210.00464803 28.77132072 38.06048363
v 210.00464803 27.03249467 38.74559661
v 210.00464803 25.24480684 39.37431715
v 210.00464803 23.40842895 39.94581268
v 210.00464803 21.52274073 40.45931226
v 210.00464803 19.58608528 40.91411246
v 210.00464803 17.59537489 41.30958229
v 210.00464803 15.54541216 41.64516735
v 210.00464803 13.42761859 41.92039316
v 210.00464803 11.22735940 42.13486794
v 210.00464803 8.91722311 42.28828481
v 210.00464803 6.43380179 42.38042339
v 210.00464803 3.41282423 42.41115102
v 210.00464803 0.39184668 42.38042339
v 210.00464803 -2.09157465 42.28828481
v 210.00464803 -4.40171094 42.13486794
v 210.00464803 -6.60197013 41.92039316
v 210.00464803 -8.71976369 41.64516735
v 210.00464803 -10.76972642 41.30958229
v 210.00464803 -12.76043682 40.91411246
v 210.00464803 -14.69709226 40.45931226
v 210.00464803 -16.58278049 39.94581268
v 210.00464803 -18.41915837 39.37431715
v 210.00464803 -20.20684620 38.74559661
v 210.00464803 -21.94567225 38.06048363
v 210.00464803 -23.63483330 37.31986528
v 210.00464803 -25.27300550 36.52467468
v 210.00464803 -26.85842491 35.67588066
v 210.00464803 -28.38894897 34.77447521
v 210.00464803 -29.86210563 33.82145798
v 210.00464803 -31.27513471 32.81781683
v 210.00464803 -32.62502366 31.76450305
v 210.00464803 -33.90853961 30.66239925
v 210.00464803 -35.12225817 29.51227660
v 210.00464803 -36.26258921 28.31473658
v 210.00464803 -37.32579868 27.07012913
v 210.00464803 -38.30802492 25.77843336
v 210.00464803 -39.20528612 24.43907651
v 210.00464803 -40.01347266 23.05064415
v 210.00464803 -40.72831191 21.61038566
v 210.00464803 -41.34527899 20.11329486
v 210.00464803 -41.85938736 18.55018633
v 210.00464803 -42.26466395 16.90287837
v 210.00464803 -42.55249765 15.12757247
v 210.00464803 -42.69963425 12.96526898
v 210.00464803 -42.66876794 10.60091806
v 210.00464803 -42.57614411 9.49262692
v 210.00464803 -42.42168732 8.62013155
v 210.00464803 -42.20526941 7.87507542
v 210.00464803 -41.92670583 7.21486634
v 210.00464803 -41.58575020 6.61756400
v 210.00464803 -41.18208714 6.07016090
v 210.00464803 48.00773560 6.07016090
v 210.00464803 48.41139867 6.61756400
v 210.00464803 48.75235429 7.21486634
v 210.00464803 49.03091788 7.87507542
v 210.00464803 49.24733579 8.62013155
v 210.00464803 49.40179258 9.49262692
v 210.00464803 49.49441641 10.60091806
v 211.41192671 49.39861887 12.89110014
v 211.41192671 49.25268784 15.03167335
v 211.41192671 48.96713404 16.78793397
v 211.41192671 48.56495432 18.41718777
v 211.41192671 48.05466037 19.96293145
v 211.41192671 47.44215606 21.44322566
v 211.41192671 46.73237036 22.86719962
v 211.41192671 45.92977631 24.23983370
v 211.41192671 45.03859790 25.56386924
v 211.41192671 44.06289840 26.84072112
v 211.41192671 43.00661506 28.07096866
v 211.41192671 41.87356670 29.25464318
v 211.41192671 40.66744628 30.39140770
v 211.41192671 39.39180476 31.48067530
v 211.41192671 38.05002944 32.52169033
v 211.41192671 36.64531838 33.51358621
v 211.41192671 35.18065181 34.45542780
v 211.41192671 33.65876029 35.34624329
v 211.41192671 32.08208901 36.18504877
v 211.41192671 30.45275672 36.97086749
v 211.41192671 28.77250662 37.70274521
v 211.41192671 27.04264497 38.37976272
v 211.41192671 25.26396068 39.00104596
v 211.41192671 23.43661441 39.56577450
v 211.41192671 21.55997815 40.07318855
v 211.41192671 19.63239058 40.52259479
v 211.41192671 17.65076295 40.91337126
v 211.41192671 15.60990026 41.24497145
v 211.41192671 13.50123009 41.51692763
v 211.41192671 11.31012775 41.72885356
v 211.41192671 9.00919640 41.88044671
v 211.41192671 6.53504594 41.97148981
v 211.41192671 3.52325513 42.00185208
v 211.41192671 0.51146432 41.97148981
v 211.41192671 -1.96268615 41.88044671
v 211.41192671 -4.26361749 41.72885356
v 211.41192671 -6.45471983 41.51692763
v 211.41192671 -8.56339000 41.24497145
v 211.41192671 -10.60425269 40.91337126
v 211.41192671 -12.58588033 40.52259479
v 211.41192671 -14.51346789 40.07318855
v 211.41192671 -16.39010415 39.56577450
v 211.41192671 -18.21745042 39.00104596
v 211.41192671 -19.99613471 38.37976272
v 211.41192671 -21.72599636 37.70274521
v 211.41192671 -23.40624646 36.97086749
v 211.41192671 -25.03557875 36.18504877
v 211.41192671 -26.61225003 35.34624329
v 211.41192671 -28.13414155 34.45542780
v 211.41192671 -29.59880812 33.51358621
v 211.41192671 -31.00351918 32.52169033
v 211.41192671 -32.34529450 31.48067530
v 211.41192671 -33.62093602 30.39140770
v 211.41192671 -34.82705644 29.25464318
v 211.41192671 -35.96010481 28.07096866
v 211.41192671 -37.01638814 26.84072112
v 211.41192671 -37.99208764 25.56386924
v 211.41192671 -38.88326605 24.23983370
v 211.41192671 -39.68586010 22.86719962
v 211.41192671 -40.39564580 21.44322566
v 211.41192671 -41.00815011 19.96293145
v 211.41192671 -41.51844407 18.41718777
v 211.41192671 -41.92062379 16.78793397
v 211.41192671 -42.20617758 15.03167335
v 211.41192671 -42.35210861 12.89110014
v 211.41192671 -42.32140101 10.55365843
v 211.41192671 -42.22925342 9.45798100
v 211.41192671 -42.07559079 8.59541569
v 211.41192671 -41.86028563 7.85883921
v 211.41192671 -41.58315433 7.20614412
v 211.41192671 -41.24395178 6.61563980
v 211.41192671 -40.84236422 6.07446682
v 211.41192671 47.88887447 6.07446682
v 211.41192671 48.29046204 6.61563980
v 211.41192671 48.62966458 7.20614412
v 211.41192671 48.90679589 7.85883921
v 211.41192671 49.12210105 8.59541569
v 211.41192671 49.27576368 9.45798100
v 211.41192671 49.36791127 10.55365843
v 212.81315602 49.25025655 12.82285052
v 212.81315602 49.10555268 14.94244243
v 212.81315602 48.82234386 16.68024057
v 212.81315602 48.42336792 18.29197132
v 212.81315602 47.91703631 19.82084828
v 212.81315602 47.30918302 21.28481894
v 212.81315602 46.60467878 22.69296036
v 212.81315602 45.80794405 24.05022948
v 212.81315602 44.92315350 25.35935975
v 212.81315602 43.95432325 26.62176736
v 212.81315602 42.90534518 27.83803868
v 212.81315602 41.77999442 29.00821571
v 212.81315602 40.58192195 30.13197455
v 212.81315602 39.31463867 31.20874285
v 212.81315602 37.98149382 32.23778039
v 212.81315602 36.58564972 33.21823647
v 212.81315602 35.13005331 34.14919196
v 212.81315602 33.61740454 35.02969089
v 212.81315602 32.05012082 35.85876489
v 212.81315602 30.43029614 36.63545221
v 212.81315602 28.75965203 37.35881303
v 212.81315602 27.03947636 38.02794177
v 212.81315602 25.27054292 38.64197722
v 212.81315602 23.45300068 39.20011088
v 212.81315602 21.58621337 39.70159392
v 212.81315602 19.66851501 40.14574296
v 212.81315602 17.69681585 40.53194492
v 212.81315602 15.66592393 40.85966104
v 212.81315602 13.56727441 41.12843022
v 212.81315602 11.38625583 41.33787168
v 212.81315602 9.09549253 41.48768715
v 212.81315602 6.63162824 41.57766242
v 212.81315602 3.63017862 41.60766853
v 212.81315602 0.62872899 41.57766242
v 212.81315602 -1.83513530 41.48768715
v 212.81315602 -4.12589859 41.33787168
v 212.81315602 -6.30691718 41.12843022
v 212.81315602 -8.40556670 40.85966104
v 212.81315602 -10.43645862 40.53194492
v 212.81315602 -12.40815778 40.14574296
v 212.81315602 -14.32585614 39.70159392
v 212.81315602 -16.19264345 39.20011088
v 212.81315602 -18.01018569 38.64197722
v 212.81315602 -19.77911913 38.02794177
v 212.81315602 -21.49929480 37.35881303
v 212.81315602 -23.16993890 36.63545221
v 212.81315602 -24.78976358 35.85876489
v 212.81315602 -26.35704730 35.02969089
v 212.81315602 -27.86969608 34.14919196
v 212.81315602 -29.32529249 33.21823647
v 212.81315602 -30.72113658 32.23778039
v 212.81315602 -32.05428144 31.20874285
v 212.81315602 -33.32156472 30.13197455
v 212.81315602 -34.51963718 29.00821571
v 212.81315602 -35.64498795 27.83803868
v 212.81315602 -36.69396602 26.62176736
v 212.81315602 -37.66279627 25.35935975
v 212.81315602 -38.54758682 24.05022948
v 212.81315602 -39.34432154 22.69296036
v 212.81315602 -40.04882579 21.28481894
v 212.81315602 -40.65667908 19.82084828
v 212.81315602 -41.16301068 18.29197132
v 212.81315602 -41.56198662 16.68024057
v 212.81315602 -41.84519545 14.94244243
v 212.81315602 -41.98989931 12.82285052
v 212.81315602 -41.95936259 10.51157960
v 212.81315602 -41.86772778 9.42816975
v 212.81315602 -41.71492025 8.57526202
v 212.81315602 -41.50081322 7.84693250
v 212.81315602 -41.22522408 7.20154520
v 212.81315602 -40.88790912 6.61765238
v 212.81315602 -40.48855630 6.08253856
v 212.81315602 47.74891353 6.08253856
v 212.81315602 48.14826635 6.61765238
v 212.81315602 48.48558132 7.20154520
v 212.81315602 48.76117045 7.84693250
v 212.81315602 48.97527749 8.57526202
v 212.81315602 49.12808502 9.42816975
v 212.81315602 49.21971983 10.51157960
v 214.20823127 49.08364051 12.75923399
v 214.20823127 48.94017605 14.85855105
v 214.20823127 48.65935829 16.57843836
v 214.20823127 48.26366604 18.17314947
v 214.20823127 47.76141030 19.68563237
v 214.20823127 47.15835488 21.13372866
v 214.20823127 46.45931198 22.52646703
v 214.20823127 45.66864913 23.86878313
v 214.20823127 44.79049124 25.16340382
v 214.20823127 43.82880682 26.41174737
v 214.20823127 42.78744190 27.61440764
v 214.20823127 41.67012732 28.77143757
v 214.20823127 40.48047152 29.88252641
v 214.20823127 39.22194465 30.94711634
v 214.20823127 37.89785728 31.96448249
v 214.20823127 36.51133524 32.93378991
v 214.20823127 35.06529148 33.85413528
v 214.20823127 33.56239457 34.72457831
v 214.20823127 32.00503342 35.54416594
v 214.20823127 30.39527647 36.31195121
v 214.20823127 28.73482287 37.02700850
v 214.20823127 27.02494136 37.68844566
v 214.20823127 25.26638995 38.29541412
v 214.20823127 23.45930533 38.84711711
v 214.20823127 21.60304250 39.34281658
v 214.20823127 19.69593050 39.78183892
v 214.20823127 17.73487858 40.16357979
v 214.20823127 15.71469824 40.48750804
v 214.20823127 13.62683333 40.75316909
v 214.20823127 11.45668812 40.96018753
v 214.20823127 9.17691348 41.10826925
v 214.20823127 6.72420012 41.19720307
v 214.20823127 3.73407196 41.22686183
v 214.20823127 0.74394379 41.19720307
v 214.20823127 -1.70876956 41.10826925
v 214.20823127 -3.98854420 40.96018753
v 214.20823127 -6.15868942 40.75316909
v 214.20823127 -8.24655432 40.48750804
v 214.20823127 -10.26673467 40.16357979
v 214.20823127 -12.22778658 39.78183892
v 214.20823127 -14.13489858 39.34281658
v 214.20823127 -15.99116141 38.84711711
v 214.20823127 -17.79824603 38.29541412
v 214.20823127 -19.55679744 37.68844566
v 214.20823127 -21.26667896 37.02700850
v 214.20823127 -22.92713256 36.31195121
v 214.20823127 -24.53688951 35.54416594
v 214.20823127 -26.09425066 34.72457831
v 214.20823127 -27.59714757 33.85413528
v 214.20823127 -29.04319133 32.93378991
v 214.20823127 -30.42971336 31.96448249
v 214.20823127 -31.75380074 30.94711634
v 214.20823127 -33.01232760 29.88252641
v 214.20823127 -34.20198340 28.77143757
v 214.20823127 -35.31929798 27.61440764
v 214.20823127 -36.36066291 26.41174737
v 214.20823127 -37.32234732 25.16340382
v 214.20823127 -38.20050521 23.86878313
v 214.20823127 -38.99116806 22.52646703
v 214.20823127 -39.69021097 21.13372866
v 214.20823127 -40.29326639 19.68563237
v 214.20823127 -40.79552213 18.17314947
v 214.20823127 -41.19121438 16.57843836
v 214.20823127 -41.47203214 14.85855105
v 214.20823127 -41.61549660 12.75923399
v 214.20823127 -41.58514095 10.47343178
v 214.20823127 -41.49404950 9.40196041
v 214.20823127 -41.34214806 8.55845117
v 214.20823127 -41.12931059 7.83814738
v 214.20823127 -40.85535559 7.19987183
v 214.20823127 -40.52004078 6.62241313
v 214.20823127 -40.12305596 6.09319592
v 214.20823127 47.59119988 6.09319592
v 214.20823127 47.98818469 6.62241313
v 214.20823127 48.32349951 7.19987183
v 214.20823127 48.59745451 7.83814738
v 214.20823127 48.81029197 8.55845117
v 214.20823127 48.96219341 9.40196041
v 214.20823127 49.05328486 10.47343178
v 215.59704911 48.90213689 12.69992637
v 215.59704911 48.75991509 14.77956481
v 215.59704911 48.48151622 16.48200616
v 215.59704911 48.08916152 18.06012181
v 215.59704911 47.59106191 19.55660885
v 215.59704911 46.99291117 20.98920916
v 215.59704911 46.29946301 22.36690628
v 215.59704911 45.51503198 23.69461640
v 215.59704911 44.64369312 24.97506087
v 215.59704911 43.68936718 26.20966070
v 215.59704911 42.65585406 27.39901759
v 215.59704911 41.54684008 28.54319562
v 215.59704911 40.36589079 29.64189727
v 215.59704911 39.11643524 30.69457923
v 215.59704911 37.80174486 31.70053190
v 215.59704911 36.42490859 32.65893597
v 215.59704911 34.98880484 33.56890379
v 215.59704911 33.49607030 34.42951057
v 215.59704911 31.94906480 35.23981836
v 215.59704911 30.34983065 35.99889486
v 215.59704911 28.70004405 36.70582842
v 215.59704911 27.00095399 37.35974018
v 215.59704911 25.25330217 37.95979401
v 215.59704911 23.45721244 38.50520471
v 215.59704911 21.61203063 38.99524487
v 215.59704911 19.71608048 39.42925051
v 215.59704911 17.76627012 39.80662587
v 215.59704911 15.75741469 40.12684734
v 215.59704911 13.68096755 40.38946673
v 215.59704911 11.52235052 40.59411392
v 215.59704911 9.25424511 40.74049894
v 215.59704911 6.81339943 40.82841354
v 215.59704911 3.83540136 40.85773237
v 215.59704911 0.85740329 40.82841354
v 215.59704911 -1.58344239 40.74049894
v 215.59704911 -3.85154780 40.59411392
v 215.59704911 -6.01016483 40.38946673
v 215.59704911 -8.08661197 40.12684734
v 215.59704911 -10.09546740 39.80662587
v 215.59704911 -12.04527777 39.42925051
v 215.59704911 -13.94122792 38.99524487
v 215.59704911 -15.78640972 38.50520471
v 215.59704911 -17.58249945 37.95979401
v 215.59704911 -19.33015127 37.35974018
v 215.59704911 -21.02924133 36.70582842
v 215.59704911 -22.67902794 35.99889486
v 215.59704911 -24.27826208 35.23981836
v 215.59704911 -25.82526759 34.42951057
v 215.59704911 -27.31800213 33.56890379
v 215.59704911 -28.75410587 32.65893597
v 215.59704911 -30.13094215 31.70053190
v 215.59704911 -31.44563253 30.69457923
v 215.59704911 -32.69508808 29.64189727
v 215.59704911 -33.87603736 28.54319562
v 215.59704911 -34.98505134 27.39901759
v 215.59704911 -36.01856446 26.20966070
v 215.59704911 -36.97289041 24.97506087
v 215.59704911 -37.84422926 23.69461640
v 215.59704911 -38.62866029 22.36690628
v 215.59704911 -39.32210846 20.98920916
v 215.59704911 -39.92025919 19.55660885
v 215.59704911 -40.41835881 18.06012181
v 215.59704911 -40.81071351 16.48200616
v 215.59704911 -41.08911238 14.77956481
v 215.59704911 -41.23133417 12.69992637
v 215.59704911 -41.20116784 10.43900124
v 215.59704911 -41.11064451 9.37919102
v 215.59704911 -40.95969043 8.54486195
v 215.59704911 -40.74818038 7.83239744
v 215.59704911 -40.47593396 7.20106844
v 215.59704911 -40.14271042 6.62989440
v 215.59704911 -39.74820149 6.10643682
v 215.59704911 47.41900420 6.10643682
v 215.59704911 47.81351313 6.62989440
v 215.59704911 48.14673668 7.20106844
v 215.59704911 48.41898309 7.83239744
v 215.59704911 48.63049315 8.54486195
v 215.59704911 48.78144722 9.37919102
v 215.59704911 48.87197056 10.43900124
v 216.97950759 48.70903164 12.65120627
v 216.97950759 48.56804714 14.71116662
v 216.97950759 48.29207740 16.39614302
v 216.97950759 47.90308899 17.95764009
v 216.97950759 47.40919366 19.43810610
v 216.97950759 46.81601573 20.85518410
v 216.97950759 46.12825075 22.21781297
v 216.97950759 45.35016056 23.53088979
v 216.97950759 44.48577051 24.79713063
v 216.97950759 43.53895367 26.01795944
v 216.97950759 42.51346389 27.19398594
v 216.97950759 41.41294294 28.32528548
v 216.97950759 40.24091341 29.41157388
v 216.97950759 39.00076312 30.45232246
v 216.97950759 37.69572420 31.44683700
v 216.97950759 36.32884843 32.39431391
v 216.97950759 34.90297943 33.29388128
v 216.97950759 33.42072168 34.14462992
v 216.97950759 31.88440553 34.94563709
v 216.97950759 30.29604680 35.69598516
v 216.97950759 28.65729823 36.39477655
v 216.97950759 26.96938865 37.04114572
v 216.97950759 25.23304294 37.63426905
v 216.97950759 23.44837165 38.17337297
v 216.97950759 21.61471102 38.65774073
v 216.97950759 19.73037912 39.08671802
v 216.97950759 17.79228273 39.45971771
v 216.97950759 15.79524065 39.77622375
v 216.97950759 13.73071618 40.03579438
v 216.97950759 11.58414991 40.23806478
v 216.97950759 9.32825689 40.38274911
v 216.97950759 6.89985016 40.46964212
v 216.97950759 3.93462176 40.49862022
v 216.97950759 0.96939336 40.46964212
v 216.97950759 -1.45901337 40.38274911
v 216.97950759 -3.71490639 40.23806478
v 216.97950759 -5.86147266 40.03579438
v 216.97950759 -7.92599713 39.77622375
v 216.97950759 -9.92303921 39.45971771
v 216.97950759 -11.86113560 39.08671802
v 216.97950759 -13.74546750 38.65774073
v 216.97950759 -15.57912813 38.17337297
v 216.97950759 -17.36379942 37.63426905
v 216.97950759 -19.10014513 37.04114572
v 216.97950759 -20.78805471 36.39477655
v 216.97950759 -22.42680328 35.69598516
v 216.97950759 -24.01516201 34.94563709
v 216.97950759 -25.55147816 34.14462992
v 216.97950759 -27.03373591 33.29388128
v 216.97950759 -28.45960491 32.39431391
v 216.97950759 -29.82648068 31.44683700
v 216.97950759 -31.13151960 30.45232246
v 216.97950759 -32.37166989 29.41157388
v 216.97950759 -33.54369942 28.32528548
v 216.97950759 -34.64422037 27.19398594
v 216.97950759 -35.66971015 26.01795944
v 216.97950759 -36.61652699 24.79713063
v 216.97950759 -37.48091704 23.53088979
v 216.97950759 -38.25900723 22.21781297
v 216.97950759 -38.94677221 20.85518410
v 216.97950759 -39.53995014 19.43810610
v 216.97950759 -40.03384547 17.95764009
v 216.97950759 -40.42283388 16.39614302
v 216.97950759 -40.69880362 14.71116662
v 216.97950759 -40.83978812 12.65120627
v 216.97950759 -40.80981747 10.41520402
v 216.97950759 -40.71988131 9.36707640
v 216.97950759 -40.56990640 8.54194439
v 216.97950759 -40.35976831 7.83733360
v 216.97950759 -40.08928782 7.21296393
v 216.97950759 -39.75822573 6.64808611
v 216.97950759 -39.36627579 6.13039877
v 216.97950759 47.23551931 6.13039877
v 216.97950759 47.62746925 6.64808611
v 216.97950759 47.95853134 7.21296393
v 216.97950759 48.22901183 7.83733360
v 216.97950759 48.43914992 8.54194439
v 216.97950759 48.58912483 9.36707640
v 216.97950759 48.67906099 10.41520402
v 218.35550617 48.50752915 12.61354941
v 218.35550617 48.36776827 14.65366617
v 218.35550617 48.09422096 16.32102736
v 218.35550617 47.70860337 17.86576253
v 218.35550617 47.21892952 19.33006925
v 218.35550617 46.63075516 20.73149102
v 218.35550617 45.94871836 22.07892169
v 218.35550617 45.17702878 23.37723904
v 218.35550617 44.31966254 24.62915385
v 218.35550617 43.38044539 25.83609304
v 218.35550617 42.36308543 26.99867440
v 218.35550617 41.27118013 28.11698464
v 218.35550617 40.10820930 29.19075304
v 218.35550617 38.87751961 30.21946566
v 218.35550617 37.58230396 31.20244379
v 218.35550617 36.22557697 32.13889968
v 218.35550617 34.81014740 33.02797733
v 218.35550617 33.33858734 33.86878323
v 218.35550617 31.81319751 34.66040997
v 218.35550617 30.23596695 35.40195475
v 218.35550617 28.60852467 36.09253416
v 218.35550617 26.93207895 36.73129609
v 218.35550617 25.20733750 37.31742953
v 218.35550617 23.43439715 37.85017264
v 218.35550617 21.61258414 38.32881941
v 218.35550617 19.74021046 38.75272529
v 218.35550617 17.81418124 39.12131185
v 218.35550617 15.82931874 39.43407065
v 218.35550617 13.77709625 39.69056642
v 218.35550617 11.64297375 39.89043968
v 218.35550617 9.39970149 40.03340878
v 218.35550617 6.98416224 40.11927144
v 218.35550617 4.03217664 40.14790588
v 218.35550617 1.08019104 40.11927144
v 218.35550617 -1.33534821 40.03340878
v 218.35550617 -3.57862047 39.89043968
v 218.35550617 -5.71274298 39.69056642
v 218.35550617 -7.76496546 39.43407065
v 218.35550617 -9.74982796 39.12131185
v 218.35550617 -11.67585718 38.75272529
v 218.35550617 -13.54823086 38.32881941
v 218.35550617 -15.37004387 37.85017264
v 218.35550617 -17.14298422 37.31742953
v 218.35550617 -18.86772568 36.73129609
v 218.35550617 -20.54417139 36.09253416
v 218.35550617 -22.17161367 35.40195475
v 218.35550617 -23.74884424 34.66040997
v 218.35550617 -25.27423407 33.86878323
v 218.35550617 -26.74579412 33.02797733
v 218.35550617 -28.16122370 32.13889968
v 218.35550617 -29.51795069 31.20244379
v 218.35550617 -30.81316633 30.21946566
v 218.35550617 -32.04385602 29.19075304
v 218.35550617 -33.20682686 28.11698464
v 218.35550617 -34.29873215 26.99867440
v 218.35550617 -35.31609211 25.83609304
v 218.35550617 -36.25530926 24.62915385
v 218.35550617 -37.11267551 23.37723904
v 218.35550617 -37.88436508 22.07892169
v 218.35550617 -38.56640188 20.73149102
v 218.35550617 -39.15457625 19.33006925
v 218.35550617 -39.64425009 17.86576253
v 218.35550617 -40.02986768 16.32102736
v 218.35550617 -40.30341499 14.65366617
v 218.35550617 -40.44317587 12.61354941
v 218.35550617 -40.41340540 10.40268403
v 218.35550617 -40.32406994 9.36633935
v 218.35550617 -40.17509675 8.55048338
v 218.35550617 -39.96636221 7.85379374
v 218.35550617 -39.69768832 7.23644316
v 218.35550617 -39.36883746 6.67791564
v 218.35550617 -38.97950543 6.16604807
v 218.35550617 47.04385870 6.16604807
v 218.35550617 47.43319073 6.67791564
v 218.35550617 47.76204159 7.23644316
v 218.35550617 48.03071549 7.85379374
v 218.35550617 48.23945002 8.55048338
v 218.35550617 48.38842322 9.36633935
v 218.35550617 48.47775867 10.40268403
v 219.72494574 48.30075087 12.58582965
v 219.72494574 48.16219196 14.60589267
v 219.72494574 47.89104410 16.25545640
v 219.72494574 47.50877855 17.78325822
v 219.72494574 47.02331352 19.23124168
v 219.72494574 46.44013742 20.61684929
v 219.72494574 45.76383184 21.94892920
v 219.72494574 44.99855506 23.23233957
v 219.72494574 44.14823465 24.46978570
v 219.72494574 43.21664970 25.66269737
v 219.72494574 42.20746308 26.81170050
v 219.72494574 41.12422844 27.91689319
v 219.72494574 39.97038319 28.97801824
v 219.72494574 38.74923324 29.99457657
v 219.72494574 37.46393251 30.96590510
v 219.72494574 36.11745864 31.89123200
v 219.72494574 34.71258563 32.76971732
v 219.72494574 33.25185329 33.60048337
v 219.72494574 31.73753264 34.38263819
v 219.72494574 30.17158584 35.11529391
v 219.72494574 28.55561801 35.79758141
v 219.72494574 26.89081666 36.42866214
v 219.72494574 25.17787198 37.00773779
v 219.72494574 23.41686676 37.53405834
v 219.72494574 21.60711683 38.00692862
v 219.72494574 19.74692768 38.42571393
v 219.72494574 17.83320235 38.78984460
v 219.72494574 15.86076617 39.09881987
v 219.72494574 13.82110217 39.35221101
v 219.72494574 11.69968962 39.54966392
v 219.72494574 9.46931449 39.69090118
v 219.72494574 7.06693122 39.77572353
v 219.72494574 4.12849782 39.80401100
v 219.72494574 1.19006442 39.77572353
v 219.72494574 -1.21231885 39.69090118
v 219.72494574 -3.44269398 39.54966392
v 219.72494574 -5.56410654 39.35221101
v 219.72494574 -7.60377054 39.09881987
v 219.72494574 -9.57620671 38.78984460
v 219.72494574 -11.48993204 38.42571393
v 219.72494574 -13.35012119 38.00692862
v 219.72494574 -15.15987113 37.53405834
v 219.72494574 -16.92087634 37.00773779
v 219.72494574 -18.63382102 36.42866214
v 219.72494574 -20.29862237 35.79758141
v 219.72494574 -21.91459020 35.11529391
v 219.72494574 -23.48053700 34.38263819
v 219.72494574 -24.99485766 33.60048337
v 219.72494574 -26.45559000 32.76971732
v 219.72494574 -27.86046300 31.89123200
v 219.72494574 -29.20693688 30.96590510
v 219.72494574 -30.49223761 29.99457657
v 219.72494574 -31.71338755 28.97801824
v 219.72494574 -32.86723280 27.91689319
v 219.72494574 -33.95046744 26.81170050
v 219.72494574 -34.95965407 25.66269737
v 219.72494574 -35.89123902 24.46978570
v 219.72494574 -36.74155943 23.23233957
v 219.72494574 -37.50683621 21.94892920
v 219.72494574 -38.18314179 20.61684929
v 219.72494574 -38.76631789 19.23124168
v 219.72494574 -39.25178292 17.78325822
v 219.72494574 -39.63404847 16.25545640
v 219.72494574 -39.90519633 14.60589267
v 219.72494574 -40.04375523 12.58582965
v 219.72494574 -40.01418764 10.40035150
v 219.72494574 -39.92546101 9.37590709
v 219.72494574 -39.77750306 8.56941953
v 219.72494574 -39.57019105 7.88072993
v 219.72494574 -39.30334817 7.27046835
v 219.72494574 -38.97673843 6.71835436
v 219.72494574 -38.59005970 6.21236454
v 219.72494574 46.84705533 6.21236454
v 219.72494574 47.23373406 6.71835436
v 219.72494574 47.56034381 7.27046835
v 219.72494574 47.82718669 7.88072993
v 219.72494574 48.03449870 8.56941953
v 219.72494574 48.18245664 9.37590709
v 219.72494574 48.27118328 10.40035150
v 221.08772863 48.09173411 12.56694670
v 221.08772863 47.95434787 14.56670242
v 221.08772863 47.68556081 16.19825554
v 221.08772863 47.30660605 17.70892537
v 221.08772863 46.82530840 19.14039670
v 221.08772863 46.24709051 20.51000906
v 221.08772863 45.57647871 21.82656390
v 221.08772863 44.81758096 23.09489916
v 221.08772863 43.97427726 24.31771438
v 221.08772863 43.05030086 25.49644209
v 221.08772863 42.04927019 26.63171621
v 221.08772863 40.97469578 27.72364628
v 221.08772863 39.82997328 28.77198866
v 221.08772863 38.61836839 29.77625921
v 221.08772863 37.34299649 30.73581054
v 221.08772863 36.00679866 31.64988692
v 221.08772863 34.61251447 32.51766450
v 221.08772863 33.16265163 33.33828154
v 221.08772863 31.65945160 34.11086167
v 221.08772863 30.10484973 34.83453206
v 221.08772863 28.50042719 35.50843800
v 221.08772863 26.84735058 36.13175459
v 221.08772863 25.14629237 36.70369636
v 221.08772863 23.39732098 37.22352518
v 221.08772863 21.59974143 37.69055683
v 221.08772863 19.75185227 38.10416653
v 221.08772863 17.85055392 38.46379346
v 221.08772863 15.89067419 38.76894459
v 221.08772863 13.86370519 39.01919780
v 221.08772863 11.75514480 39.21420442
v 221.08772863 9.53781402 39.35369128
v 221.08772863 7.14873808 39.43746217
v 221.08772863 4.22400530 39.46539895
v 221.08772863 1.29927252 39.43746217
v 221.08772863 -1.08980342 39.35369128
v 221.08772863 -3.30713420 39.21420442
v 221.08772863 -5.41569459 39.01919780
v 221.08772863 -7.44266360 38.76894459
v 221.08772863 -9.40254332 38.46379346
v 221.08772863 -11.30384167 38.10416653
v 221.08772863 -13.15173083 37.69055683
v 221.08772863 -14.94931038 37.22352518
v 221.08772863 -16.69828177 36.70369636
v 221.08772863 -18.39933998 36.13175459
v 221.08772863 -20.05241659 35.50843800
v 221.08772863 -21.65683913 34.83453206
v 221.08772863 -23.21144100 34.11086167
v 221.08772863 -24.71464103 33.33828154
v 221.08772863 -26.16450387 32.51766450
v 221.08772863 -27.55878806 31.64988692
v 221.08772863 -28.89498589 30.73581054
v 221.08772863 -30.17035779 29.77625921
v 221.08772863 -31.38196268 28.77198866
v 221.08772863 -32.52668518 27.72364628
v 221.08772863 -33.60125959 26.63171621
v 221.08772863 -34.60229026 25.49644209
v 221.08772863 -35.52626666 24.31771438
v 221.08772863 -36.36957036 23.09489916
v 221.08772863 -37.12846811 21.82656390
v 221.08772863 -37.79907991 20.51000906
v 221.08772863 -38.37729780 19.14039670
v 221.08772863 -38.85859545 17.70892537
v 221.08772863 -39.23755021 16.19825554
v 221.08772863 -39.50633727 14.56670242
v 221.08772863 -39.64372351 12.56694670
v 221.08772863 -39.61435976 10.40714112
v 221.08772863 -39.52624481 9.39473075
v 221.08772863 -39.37930689 8.59771692
v 221.08772863 -39.17342409 7.91711728
v 221.08772863 -38.90842083 7.31402438
v 221.08772863 -38.58406274 6.76839602
v 221.08772863 -38.20004978 6.26835000
v 221.08772863 46.64806038 6.26835000
v 221.08772863 47.03207334 6.76839602
v 221.08772863 47.35643143 7.31402438
v 221.08772863 47.62143469 7.91711728
v 221.08772863 47.82731749 8.59771692
v 221.08772863 47.97425541 9.39473075
v 221.08772863 48.06237036 10.40714112
v 222.44375867 47.88343094 12.55582644
v 222.44375867 47.74718066 14.53497928
v 222.44375867 47.48070068 16.14827873
v 222.44375867 47.10499387 17.64159170
v 222.44375867 46.62779445 19.05633806
v 222.44375867 46.05446120 20.40975177
v 222.44375867 45.38946671 21.71058622
v 222.44375867 44.63686994 22.96365843
v 222.44375867 43.80050444 24.17166171
v 222.44375867 42.88405873 25.33603110
v 222.44375867 41.89110780 26.45740845
v 222.44375867 40.82511996 27.53591465
v 222.44375867 39.68944994 28.57131968
v 222.44375867 38.48732396 29.56315437
v 222.44375867 37.22181959 30.51078711
v 222.44375867 35.89584188 31.41347835
v 222.44375867 34.51209647 32.27042047
v 222.44375867 33.07305935 33.08076779
v 222.44375867 31.58094273 33.84365962
v 222.44375867 30.03765531 34.55823833
v 222.44375867 28.44475438 35.22366370
v 222.44375867 26.80338559 35.83912462
v 222.44375867 25.11420356 36.40384853
v 222.44375867 23.37726207 36.91710933
v 222.44375867 21.59185495 37.37823383
v 222.44375867 19.75627333 37.78660725
v 222.44375867 17.86741432 38.14167770
v 222.44375867 15.92010746 38.44295994
v 222.44375867 13.90585290 38.69003853
v 222.44375867 11.81016588 38.88257028
v 222.44375867 9.60590046 39.02028629
v 222.44375867 7.23014898 39.10299345
v 222.44375867 4.31910711 39.13057544
v 222.44375867 1.40806524 39.10299345
v 222.44375867 -0.96768623 39.02028629
v 222.44375867 -3.17195166 38.88257028
v 222.44375867 -5.26763868 38.69003853
v 222.44375867 -7.28189323 38.44295994
v 222.44375867 -9.22920010 38.14167770
v 222.44375867 -11.11805910 37.78660725
v 222.44375867 -12.95364073 37.37823383
v 222.44375867 -14.73904784 36.91710933
v 222.44375867 -16.47598933 36.40384853
v 222.44375867 -18.16517137 35.83912462
v 222.44375867 -19.80654016 35.22366370
v 222.44375867 -21.39944109 34.55823833
v 222.44375867 -22.94272851 33.84365962
v 222.44375867 -24.43484512 33.08076779
v 222.44375867 -25.87388224 32.27042047
v 222.44375867 -27.25762766 31.41347835
v 222.44375867 -28.58360537 30.51078711
v 222.44375867 -29.84910974 29.56315437
v 222.44375867 -31.05123571 28.57131968
v 222.44375867 -32.18690573 27.53591465
v 222.44375867 -33.25289358 26.45740845
v 222.44375867 -34.24584451 25.33603110
v 222.44375867 -35.16229022 24.17166171
v 222.44375867 -35.99865571 22.96365843
v 222.44375867 -36.75125249 21.71058622
v 222.44375867 -37.41624698 20.40975177
v 222.44375867 -37.98958023 19.05633806
v 222.44375867 -38.46677965 17.64159170
v 222.44375867 -38.84248646 16.14827873
v 222.44375867 -39.10896644 14.53497928
v 222.44375867 -39.24521672 12.55582644
v 222.44375867 -39.21605606 10.42201255
v 222.44375867 -39.12855054 9.42178580
v 222.44375867 47.76676476 9.42178580
v 222.44375867 47.85427028 10.42201255
v 223.79294118 47.27930789 16.10440897
v 223.79294118 46.90676540 17.58011492
v 223.79294118 46.43356839 18.97790038
v 223.79294118 45.86501398 20.31489056
v 223.79294118 45.20552275 21.59978914
v 223.79294118 44.45910616 22.83739126
v 223.79294118 43.62955275 24.03038350
v 223.79294118 42.72050758 25.18020306
v 223.79294118 41.73550339 26.28749953
v 223.79294118 40.67796739 27.35240511
v 223.79294118 39.55121444 28.37470335
v 223.79294118 38.35843223 29.35394011
v 223.79294118 37.10266132 30.28949962
v 223.79294118 35.78677154 31.18065857
v 223.79294118 34.41343522 32.02662570
v 223.79294118 32.98509720 32.82657148
v 223.79294118 31.50394085 33.57965105
v 223.79294118 29.97184854 34.28502203
v 223.79294118 28.39035387 34.94185888
v 223.79294118 26.76058160 35.54936433
v 223.79294118 25.08316839 36.10677889
v 223.79294118 23.35815319 36.61338854
v 223.79294118 21.58481827 37.06853126
v 223.79294118 19.76144674 37.47160232
v 223.79294118 17.88493172 37.82205885
v 223.79294118 15.95010343 38.11942350
v 223.79294118 13.94846874 38.36328753
v 223.79294118 11.86555828 38.55331329
v 223.79294118 9.67425604 38.68923621
v 223.79294118 7.31171499 38.77086627
v 223.79294118 4.41419916 38.79808902
v 223.79294118 1.51668333 38.77086627
v 223.79294118 -0.84585772 38.68923621
v 223.79294118 -3.03715996 38.55331329
v 223.79294118 -5.12007042 38.36328753
v 223.79294118 -7.12170510 38.11942350
v 223.79294118 -9.05653340 37.82205885
v 223.79294118 -10.93304842 37.47160232
v 223.79294118 -12.75641995 37.06853126
v 223.79294118 -14.52975487 36.61338854
v 223.79294118 -16.25477007 36.10677889
v 223.79294118 -17.93218328 35.54936433
v 223.79294118 -19.56195555 34.94185888
v 223.79294118 -21.14345022 34.28502203
v 223.79294118 -22.67554253 33.57965105
v 223.79294118 -24.15669887 32.82657148
v 223.79294118 -25.58503689 32.02662570
v 223.79294118 -26.95837321 31.18065857
v 223.79294118 -28.27426299 30.28949962
v 223.79294118 -29.53003390 29.35394011
v 223.79294118 -30.72281612 28.37470335
v 223.79294118 -31.84956907 27.35240511
v 223.79294118 -32.90710507 26.28749953
v 223.79294118 -33.89210926 25.18020306
v 223.79294118 -34.80115443 24.03038350
v 223.79294118 -35.63070783 22.83739126
v 223.79294118 -36.37712442 21.59978914
v 223.79294118 -37.03661566 20.31489056
v 223.79294118 -37.60517007 18.97790038
v 223.79294118 -38.07836707 17.58011492
v 223.79294118 -38.45090957 16.10440897
v 225.13518299 45.02712278 21.49301281
v 225.13518299 44.28672747 22.71492042
v 225.13518299 43.46381754 23.89268600
v 225.13518299 42.56199602 25.02774855
v 225.13518299 41.58475481 26.12076518
v 225.13518299 40.53548131 27.17187926
v 225.13518299 39.41745169 28.18088788
v 225.13518299 38.23381623 29.14735191
v 225.13518299 36.98757953 30.07067151
v 225.13518299 35.68157709 30.95013967
v 225.13518299 34.31844873 31.78498157
v 225.13518299 32.90060882 32.57438396
v 225.13518299 31.43021246 33.31751787
v 225.13518299 29.90911609 34.01355635
v 225.13518299 28.33882992 34.66168859
v 225.13518299 26.72045796 35.26113133
v 225.13518299 25.05461889 35.81113820
v 225.13518299 23.34133664 36.31100742
v 225.13518299 21.57988153 36.76008818
v 225.13518299 19.76852810 37.15778593
v 225.13518299 17.90416460 37.50356689
v 225.13518299 15.98162077 37.79696166
v 225.13518299 13.99240852 38.03756826
v 225.13518299 11.92207132 38.22505464
v 225.13518299 9.74351889 38.35916058
v 225.13518299 7.39395573 38.43969919
v 225.13518299 4.50966064 38.46655792
v 225.13518299 1.62536555 38.43969919
v 225.13518299 -0.72419761 38.35916058
v 225.13518299 -2.90275004 38.22505464
v 225.13518299 -4.97308724 38.03756826
v 225.13518299 -6.96229949 37.79696166
v 225.13518299 -8.88484332 37.50356689
v 225.13518299 -10.74920682 37.15778593
v 225.13518299 -12.56056025 36.76008818
v 225.13518299 -14.32201536 36.31100742
v 225.13518299 -16.03529761 35.81113820
v 225.13518299 -17.70113668 35.26113133
v 225.13518299 -19.31950864 34.66168859
v 225.13518299 -20.88979481 34.01355635
v 225.13518299 -22.41089118 33.31751787
v 225.13518299 -23.88128754 32.57438396
v 225.13518299 -25.29912745 31.78498157
v 225.13518299 -26.66225581 30.95013967
v 225.13518299 -27.96825825 30.07067151
v 225.13518299 -29.21449495 29.14735191
v 225.13518299 -30.39813041 28.18088788
v 225.13518299 -31.51616002 27.17187926
v 225.13518299 -32.56543353 26.12076518
v 225.13518299 -33.54267474 25.02774855
v 225.13518299 -34.44449626 23.89268600
v 225.13518299 -35.26740619 22.71492042
v 225.13518299 -36.00780149 21.49301281
v 226.47039247 40.38233997 26.99545088
v 226.47039247 39.27330594 27.99106501
v 226.47039247 38.09911349 28.94465636
v 226.47039247 36.86273102 29.85564093
v 226.47039247 35.56695943 30.72332808
v 226.47039247 34.21440577 31.54695940
v 226.47039247 32.80745361 32.32573795
v 226.47039247 31.34822946 33.05885071
v 226.47039247 29.83856352 33.74548616
v 226.47039247 28.27994226 34.38484828
v 226.47039247 26.67344864 34.97616784
v 226.47039247 25.01968315 35.51871167
v 226.47039247 23.31865451 36.01179024
v 226.47039247 21.56962108 36.45476399
v 226.47039247 19.77084899 36.84704861
v 226.47039247 17.91922219 37.18811941
v 226.47039247 16.00957094 37.47751496
v 226.47039247 14.03341421 37.71484011
v 226.47039247 11.97631201 37.89976839
v 226.47039247 9.81120719 38.03204399
v 226.47039247 7.47537367 38.11148312
v 226.47039247 4.60520791 38.13797515
v 226.47039247 1.73504215 38.11148312
v 226.47039247 -0.60079138 38.03204399
v 226.47039247 -2.76589620 37.89976839
v 226.47039247 -4.82299839 37.71484011
v 226.47039247 -6.79915513 37.47751496
v 226.47039247 -8.70880637 37.18811941
v 226.47039247 -10.56043318 36.84704861
v 226.47039247 -12.35920526 36.45476399
v 226.47039247 -14.10823869 36.01179024
v 226.47039247 -15.80926734 35.51871167
v 226.47039247 -17.46303283 34.97616784
v 226.47039247 -19.06952644 34.38484828
v 226.47039247 -20.62814770 33.74548616
v 226.47039247 -22.13781365 33.05885071
v 226.47039247 -23.59703780 32.32573795
v 226.47039247 -25.00398995 31.54695940
v 226.47039247 -26.35654362 30.72332808
v 226.47039247 -27.65231520 29.85564093
v 226.47039247 -28.88869767 28.94465636
v 226.47039247 -30.06289013 27.99106501
v 226.47039247 -31.17192416 26.99545088
v 227.79847955 32.69729665 32.08221636
v 227.79847955 31.25005558 32.80529084
v 227.79847955 29.75266710 33.48250745
v 227.79847955 28.20659327 34.11308493
v 227.79847955 26.61289544 34.69626805
v 227.79847955 24.97215551 35.23133680
v 227.79847955 23.28436691 35.71761389
v 227.79847955 21.54877627 36.15447099
v 227.79847955 19.76364208 36.54133400
v 227.79847955 17.92584539 36.87768732
v 227.79847955 16.03021967 37.16307749
v 227.79847955 14.06829537 37.39711615
v 227.79847955 12.02565704 37.57948244
v 227.79847955 9.87529594 37.70992489
v 227.79847955 7.55459168 37.78826289
v 227.79847955 4.70026841 37.81438766
v 227.79847955 1.84594513 37.78826289
v 227.79847955 -0.47475913 37.70992489
v 227.79847955 -2.62512022 37.57948244
v 227.79847955 -4.66775855 37.39711615
v 227.79847955 -6.62968285 37.16307749
v 227.79847955 -8.52530858 36.87768732
v 227.79847955 -10.36310527 36.54133400
v 227.79847955 -12.14823946 36.15447099
v 227.79847955 -13.88383009 35.71761389
v 227.79847955 -15.57161870 35.23133680
v 227.79847955 -17.21235862 34.69626805
v 227.79847955 -18.80605645 34.11308493
v 227.79847955 -20.35213029 33.48250745
v 227.79847955 -21.84951877 32.80529084
v 227.79847955 -23.29675983 32.08221636
v 229.11935575 9.93570841 37.39295577
v 229.11935575 7.63142818 37.47019314
v 229.11935575 4.79454136 37.49595083
v 229.11935575 1.95765455 37.47019314
v 229.11935575 -0.34662568 37.39295577
v 123.51121175 -34.65202411 19.30656337
v 123.70708187 -34.69111787 19.25710774
v 124.91099684 -34.92699554 18.96077917
v 123.70708187 28.69105106 19.25704277
v 123.95031841 28.74010234 19.19708184
v 125.25440821 -34.99646714 18.87610801
v 126.30159587 -35.20298797 18.62584333
v 125.25440821 28.99640773 18.87605103
v 125.68831088 29.08443022 18.77212102
v 126.80304712 -35.30505172 18.50569940
v 127.68346504 -35.47849938 18.30245851
v 126.80304712 29.30499926 18.50564979
v 127.44710204 29.43544913 18.35652660
v 128.35286119 -35.61455384 18.14740581
v 129.06388074 -35.74995062 17.98654310
v 128.35286119 29.61450780 18.14736288
v 129.20505765 29.77740288 17.95011752
v 129.90371280 -35.91537331 17.79609898
v 130.45404094 -36.01309783 17.66868150
v 129.90371280 29.90733471 17.78870886
v 130.90298552 30.08324779 17.54189167
v 131.45546407 -36.19850408 17.43723600
v 131.85820185 -36.26703602 17.34104343
v 131.45546407 30.17706694 17.40531762
v 132.54329468 30.37448582 17.12251509
v 133.00797693 -36.47240169 17.06764890
v 133.26720812 -36.51599140 17.00523841
v 133.00797693 30.45557948 17.00144387
v 134.17843818 30.68780281 16.69652004
v 136.07708908 -37.00561447 16.32848587
v 134.56111313 -36.74489377 16.69520494
v 135.68692664 -36.94103513 16.42342361
v 134.67173992 -36.76326212 16.66837857
v 134.56111313 30.76103275 16.59662589
v 135.82527479 31.03141777 16.26703104
v 136.11473431 -37.01210265 16.31931652
v 137.49017255 -37.23777576 15.98283973
v 136.11473431 31.09126321 16.19142435
v 137.48686247 31.40543082 15.83449513
v 137.66870197 -37.26834514 15.93912795
v 138.89767768 -37.46900733 15.63824355
v 137.66870197 31.44574356 15.78711827
v 139.16702227 31.81052538 15.40023876
v 139.22287755 -37.52452573 15.55855727
v 140.29949126 -37.69965935 15.29550991
v 139.22287755 31.82371136 15.38579642
v 139.82402714 31.97807660 15.23223222
v 140.77712245 -37.78104512 15.17870982
v 141.69557512 -37.93004866 14.95537548
v 140.77712245 32.21641530 14.98721170
v 140.85904100 32.23831050 14.96636869
v 142.33129803 -38.03826508 14.80065861
v 143.08588803 -38.16048144 14.61855553
v 142.33129803 32.62294602 14.59271002
v 142.56453095 32.68760397 14.53429410
v 143.88526569 -38.29654680 14.42548322
v 144.47037890 -38.39125483 14.28574891
v 143.88526569 33.04570545 14.20439412
v 144.28928114 33.16119275 14.10510594
v 145.43888687 -38.55624842 14.05426776
v 145.84898921 -38.62265566 13.95763637
v 145.43888687 33.48272970 13.82338543
v 146.03395562 33.65716290 13.68037041
v 146.99202307 -38.81772233 13.68809881
v 147.22165536 -38.85495922 13.63487902
v 146.99202307 33.93203148 13.45077718
v 147.79914667 34.17340213 13.26172888
v 149.96645358 -39.31111200 13.00143065
v 148.54453593 -39.08131234 13.32806323
v 148.90187866 -39.14226820 13.24682048
v 148.58831071 -39.08842793 13.31811690
v 148.54453593 34.39160163 13.08763711
v 149.58536128 34.70757861 12.85090202
v 150.09628720 -39.33255547 12.97124973
v 151.34539470 -39.53082668 12.68957077
v 150.09628720 34.85940973 12.73500927
v 151.39299999 35.25711568 12.44969217
v 151.64713881 -39.58074522 12.62094401
v 152.72003152 -39.75132892 12.38509491
v 151.64713881 35.33340332 12.39391466
v 153.05863784 35.76868328 12.09468459
v 153.19695288 -39.83041664 12.27934895
v 154.09033967 -39.97281147 12.08863716
v 153.19695288 35.80957836 12.06486594
v 153.21941254 35.81630848 12.06016819
v 154.74559179 -40.08180854 11.94753647
v 155.45629847 -40.19545291 11.80081634
v 154.74559179 36.26631934 11.74374207
v 155.03418418 36.35214809 11.68594884
v 156.29291813 -40.33514142 11.62657193
v 156.81789255 -40.41941679 11.52223554
v 156.29291813 36.72036179 11.43605655
v 156.86467090 36.88823058 11.32695968
v 157.83879483 -40.59061484 11.31751202
v 158.17678254 -40.64429928 11.25241134
v 157.83879483 37.16938960 11.14265841
v 158.70233940 37.41552346 10.98396339
v 159.38308511 -40.84475924 11.01812083
v 159.53968692 -40.86835702 10.98740783
v 159.38308511 37.60600742 10.85982992
v 160.49716033 37.90186287 10.64863945
v 162.34340523 -41.30709658 10.42077432
v 160.92565255 -41.08656673 10.71277656
v 160.95609436 -41.09157150 10.70658176
v 160.92848583 -41.08700638 10.71219821
v 160.92565255 38.01307963 10.56783917
v 162.23443434 38.35441922 10.30582040
v 162.46636113 -41.32689860 10.39508767
v 163.74612238 -41.54156787 10.13359856
v 162.46636113 38.41328441 10.25952555
v 163.97692645 38.82015308 9.95995452
v 164.00507521 -41.58683110 10.08018763
v 165.13104679 -41.78766677 9.85544941
v 164.00507521 38.82752725 9.95438540
v 164.19464082 38.88010308 9.91757783
v 165.54165962 -41.86394314 9.77268362
v 166.49861255 -42.04117725 9.58710154
v 165.54165962 39.23818980 9.65106735
v 165.72229966 39.28805135 9.61582195
v 167.07597965 -42.15257334 9.47400560
v 167.84963268 -42.29813016 9.32898139
v 167.07597965 39.65406160 9.35414409
v 167.48622705 39.76832395 9.27634824
v 168.60790108 -42.44689519 9.18541667
v 169.18501756 -42.55484102 9.08137174
v 168.60790108 40.07427457 9.06556107
v 169.27068455 40.25903898 8.94405937
v 170.13729025 -42.74089043 8.90801454
v 170.50576734 -42.80786650 8.84443685
v 170.13729025 40.49555906 8.78657415
v 171.07390286 40.75473006 8.62151997
v 173.11867691 -43.28185312 8.39941742
v 171.66401403 -43.02830539 8.64271835
v 172.65744073 -43.20665570 8.47820700
v 171.81298867 -43.05394963 8.61823364
v 171.66401403 40.91453993 8.51839193
v 172.89344129 41.24926769 8.31136232
v 173.18793991 -43.29349672 8.38728431
v 174.43669303 -43.47811149 8.18413765
v 173.18793991 41.32770654 8.26216110
v 174.62671501 41.70945935 8.03211335
v 174.70893598 -43.51971638 8.13869241
v 175.74993061 -43.65297942 7.97801373
v 174.70893598 41.72998508 8.01851005
v 174.72346553 41.73351214 8.01618817
v 176.22687099 -43.71632117 7.90241839
v 177.06069733 -43.80250682 7.78068315
v 176.22687099 42.09331326 7.78060277
v 176.51376839 42.15922043 7.73747368
v 177.74161436 -43.87593136 7.67849407
v 178.37184336 -43.92231039 7.59161671
v 177.74161436 42.43725069 7.55653008
v 178.29817920 42.55531541 7.47740817
v 179.25303623 -43.99066423 7.46655904
v 179.68723202 -44.00742625 7.40992564
v 179.25303623 42.75491942 7.34440321
v 180.03968293 42.90248854 7.23179645
v 180.76100746 -44.05256879 7.26552968
v 181.01094588 -44.05375853 7.23491641
v 180.76100746 43.03580433 7.13073451
v 181.70632211 43.21982717 6.99608995
v 183.70046760 -44.02443305 6.90707584
v 182.26539969 -44.06391027 7.07649248
v 183.02840680 -44.04693035 6.98782743
v 182.34467019 -44.06190575 7.06752484
v 182.26539969 43.32737852 6.91841462
v 183.34621861 43.56168146 6.78108489
v 183.76608534 -44.02232039 6.89882872
v 185.07972600 -43.94431780 6.75471230
v 183.76608534 43.65181885 6.72918874
v 184.97695574 43.93221274 6.59203111
v 185.26293767 -43.93373586 6.73374141
v 186.46429988 -43.83788180 6.60464514
v 185.26293767 43.99772355 6.56046568
v 186.59065090 44.31756589 6.41349161
v 186.75583077 -43.81524568 6.57218234
v 187.84939951 -43.71109910 6.45475267
v 186.75583077 44.35681226 6.39554052
v 188.20737601 44.72125217 6.24014916
v 188.24463961 -43.67439118 6.41094472
v 189.23377260 -43.56855505 6.30770600
v 188.24463961 44.73047780 6.23622275
v 188.61658598 44.82692468 6.19957604
v 189.72924009 -43.51672915 6.25438551
v 190.61693110 -43.41451532 6.16694166
v 189.72924009 45.10534672 6.08622224
v 189.82528387 45.12976565 6.07715604
v 191.20950901 -43.34774620 6.10677462
v 191.99823507 -43.25332783 6.03592930
v 191.20950901 45.47949642 5.95076928
v 191.45242247 45.54068990 5.93097633
v 192.68532414 -43.17284506 5.97228332
v 193.37702931 -43.08933807 5.91808360
v 192.68532414 45.84943215 5.83427690
v 193.09282478 45.94918603 5.80718768
v 194.15656426 -42.99734176 5.85498412
v 194.75264443 -42.92686709 5.81674724
v 194.15656426 46.20800350 5.73960873
v 194.74327321 46.34450694 5.71047374
v 195.62310914 -42.82646348 5.75885070
v 196.12437172 -42.77020225 5.73518473
v 195.62310914 46.54782067 5.66922493
v 196.39808440 46.71447442 5.64479103
v 197.08483958 -42.66536572 5.68777634
v 197.49111825 -42.62374521 5.67636587
v 197.08483958 46.86091922 5.62486809
v 198.04335556 47.04290528 5.61052567
v 198.54163749 -42.51946537 5.64469424
v 198.85309861 -42.49114616 5.63915824
v 198.54163749 47.13638926 5.60412046
v 199.66685594 47.31580064 5.59675197
v 199.99338583 -42.39080020 5.61640015
v 200.21630791 -42.36879266 5.61356921
v 199.99338583 47.36696920 5.59513324
v 201.26505796 47.52469155 5.59322866
v 201.43996870 -42.25070311 5.59494191
v 201.58852040 -42.23220173 5.59374652
v 201.43996870 47.54591111 5.59321787
v 202.83283308 47.66741222 5.59552427
v 202.88127135 -42.07319006 5.57983777
v 202.96880214 -42.06024932 5.57955569
v 202.88127135 47.67152726 5.59567999
v 203.55956413 47.70743850 5.59862931
v 205.74384425 -41.62139128 5.56927561
v 204.31718019 -41.86226643 5.57145272
v 205.59198935 -41.64744300 5.56965994
v 204.35415978 -41.85601651 5.57150314
v 204.31718019 47.74247868 5.59989504
v 204.36067434 47.74318293 5.59996317
v 205.74758282 -41.62074928 5.56925213
v 207.14031348 -41.35550625 5.57174405
v 205.74758282 47.76549613 5.60657018
v 205.85715223 47.76425664 5.60705480
v 207.17236807 -41.34938678 5.57168299
v 208.53568214 -41.06669955 5.57936266
v 207.17236807 47.74962393 5.61709067
v 207.33469789 47.74378864 5.61823015
v 208.59142603 -41.05509996 5.57947294
v 209.92865855 -40.75779906 5.59148058
v 208.59142603 47.69920458 5.63110915
v 208.79609250 47.68737756 5.63301565
v 210.00464803 -40.74082952 5.59188752
v 211.31805341 -40.43163692 5.60738137
v 210.00464803 47.61843466 5.64820268
v 210.24364727 47.60005595 5.65089315
v 211.41192671 -40.40942332 5.60815092
v 212.70279567 -40.09101145 5.62629255
v 211.41192671 47.51137409 5.66786530
v 211.67930961 47.48641283 5.67128627
v 212.81315602 -40.06363175 5.62744887
v 214.08244697 -39.73835714 5.64722282
v 212.81315602 47.38194087 5.68951473
v 213.10468205 47.35067341 5.69355137
v 214.20823127 -39.70592473 5.64874017
v 215.46060926 -39.37366446 5.66887536
v 214.20823127 47.23384520 5.71243243
v 214.52061374 47.19667723 5.71707655
v 215.59704911 -39.33727286 5.67063723
v 216.83813506 -38.99845902 5.69842014
v 215.59704911 47.07006405 5.73637748
v 215.92612720 47.02773669 5.74351207
v 216.97950759 -38.95968602 5.70116967
v 218.20848672 -38.61873827 5.73970813
v 216.97950759 46.89365037 5.76949422
v 217.32202998 46.84740820 5.77991719
v 218.35550617 -38.57776914 5.74389078
v 219.56881754 -38.23831116 5.79275481
v 218.35550617 46.70925180 5.81443248
v 218.71248169 46.65971743 5.82836262
v 219.72494574 -38.19443724 5.79858578
v 220.91818570 -37.85977120 5.85672934
v 219.72494574 46.52054694 5.87087170
v 220.09924883 46.46808195 5.88854040
v 221.08772863 -37.81201512 5.86449045
v 221.08772863 46.33077961 5.93812983
v 221.48324815 46.27568942 5.95986150
v 123.61861757 -35.29786656 19.89271867
v 123.59450281 -35.25858605 19.85920609
v 123.30472355 -34.71100914 19.45613554
v 123.33769221 -34.77392571 19.50259435
v 123.59450281 29.25858605 19.85920609
v 125.05014646 -37.27475443 21.79694440
v 124.97911256 -37.20127956 21.70482864
v 124.66878289 -36.82497044 21.30187974
v 124.48055065 -36.59784674 21.05361808
v 124.30270639 -36.34737555 20.81871964
v 123.70708187 -35.44243742 20.01359425
v 124.01965156 -35.95069312 20.43908499
v 123.95193600 -35.84034965 20.34819865
v 123.70708187 29.44243742 20.01359425
v 123.55869372 29.19100661 19.80864479
v 123.55655338 29.18702401 19.80567858
v 124.01965156 29.95069312 20.43908499
v 124.15253879 30.13763658 20.61522506
v 124.48055065 30.59784674 21.05361808
v 124.84852953 31.04352518 21.53325291
v 124.97911256 31.20127956 21.70482864
v 126.77562650 -38.76801484 23.92410704
v 126.76283757 -38.76022761 23.90919968
v 126.31194642 -38.43070409 23.38092479
v 126.10789009 -38.27974493 23.13088658
v 125.87222914 -38.07184112 22.84014649
v 125.25440821 -37.48727491 22.05797422
v 125.51974889 -37.76152750 22.39608481
v 125.45090488 -37.68999772 22.30920891
v 125.25440821 31.48727491 22.05797422
v 125.51974889 31.76152750 22.39608481
v 125.68284458 31.90533048 22.59846866
v 126.10789009 32.27974493 23.13088658
v 126.73387614 32.73887979 23.87417712
v 126.76283757 32.76022761 23.90919968
v 127.80513016 -39.34832049 25.05203230
v 126.80304712 -38.78454890 23.95470936
v 127.50993425 -39.20421619 24.73558146
v 127.27784610 -39.06703373 24.48575851
v 126.80304712 32.78454890 23.95470936
v 127.50993425 33.20421619 24.73558146
v 129.56386587 -40.06824508 26.81696372
v 129.32103287 -39.99186622 26.58057146
v 128.94800067 -39.84647071 26.21618507
v 128.35286119 -39.61491376 25.61956923
v 128.35338536 -39.61516369 25.62010679
v 128.35319768 -39.61507430 25.61991824
v 128.35286119 33.61491376 25.61956923
v 128.35338536 33.61516369 25.62010679
v 128.35425902 33.61550396 25.62096879
v 129.32103287 33.99186622 26.58057146
v 130.90320022 -40.45592915 28.08423583
v 129.90371280 -40.17562215 27.14116131
v 130.43375244 -40.33981435 27.64416523
v 130.21206820 -40.27089669 27.43582237
v 129.90371280 34.17562215 27.14116131
v 130.43375244 34.34452123 27.64416523
v 132.40001354 -40.79280756 29.46829311
v 131.45546407 -40.59349766 28.59638585
v 131.74700296 -40.66531867 28.86628848
v 131.61403376 -40.63240672 28.74361761
v 131.45546407 34.60727759 28.59638585
v 131.74700296 34.68727018 28.86628848
v 134.19875597 -41.11190326 31.14378558
v 133.00797693 -40.91237008 30.02954467
v 133.39582930 -40.98764763 30.38837769
v 133.19801452 -40.94909598 30.20482347
v 133.00797693 34.96966559 30.02954467
v 133.39582930 35.06263670 30.38837769
v 134.56111313 35.29631992 31.49563375
v 134.56111313 -41.16817138 31.49563375
v 135.25917198 -41.27450713 32.16128700
v 135.58275557 35.51528934 32.49504450
v 136.11473431 35.62919770 33.00847223
v 136.69201326 35.75994259 33.58448035
v 137.32787425 -41.52753924 34.27253278
v 136.11473431 -41.40533450 33.00847223
v 136.69201326 -41.49221163 33.58448035
v 136.30695077 -41.43418024 33.19484924
v 137.66870197 35.88795122 34.65634585
v 138.92259807 36.06342775 36.06970731
v 137.66870197 -41.54600114 34.65634585
v 138.32477028 -41.58009603 35.38156383
v 139.22287755 36.10555372 36.40532548
v 139.44593563 36.13853447 36.65985589
v 140.20750841 -41.59394882 37.55168886
v 139.22287755 -41.62564520 36.40532548
v 139.44593563 -41.63633511 36.65985589
v 139.30628576 -41.62969296 36.49931604
v 140.77712245 36.19609592 38.22627677
v 141.47925310 36.23024189 39.05888921
v 141.93712444 -41.45001384 39.61813754
v 140.77712245 -41.56086720 38.22627677
v 141.47925310 -41.51813751 39.05888921
v 141.08627016 -41.54251316 38.59048653
v 142.33129803 36.19457198 40.10620851
v 143.23970788 36.15862731 41.23243883
v 143.56710843 -41.16513003 41.65491420
v 142.33129803 -41.38917795 40.10620851
v 143.23970788 -41.24655478 41.23243883
v 142.76282318 -41.32272527 40.63734626
v 143.88526569 36.07103522 42.07158028
v 144.79784606 35.94661221 43.26777627
v 145.10413718 -40.73507062 43.69057732
v 143.88526569 -41.08315205 42.07158028
v 144.79784606 -40.84578035 43.26777627
v 144.34615540 -40.96533896 42.67141682
v 145.43888687 35.79012742 44.15914014
v 146.18564187 35.60528820 45.20542919
v 146.54683951 -40.15118285 45.74557006
v 145.43888687 -40.60995492 44.15914014
v 146.18564187 -40.32916360 45.20542919
v 145.83758736 -40.46241168 44.71403053
v 146.99202307 35.30460950 46.41932760
v 147.42123122 35.14227049 47.06890629
v 148.46332905 34.59559360 48.77624734
v 148.52106826 34.56546935 48.87074593
v 148.53035662 -38.97713298 48.88686532
v 148.52106826 -38.98449936 48.87074593
v 147.89059171 -39.40265884 47.83511762
v 146.99202307 -39.92487132 46.41932760
v 147.42123122 -39.70604586 47.06890629
v 147.23350451 -39.80341344 46.78296939
v 148.54453593 34.54970017 48.91150781
v 149.52010360 33.88798338 50.60697865
v 149.73465875 -37.96682748 51.00202049
v 148.54453593 -38.96564169 48.91150781
v 149.52010360 -38.17406465 50.60697865
v 149.14068935 -38.48604883 49.94697990
v 150.09628720 33.40122562 51.66694812
v 150.42995828 33.11683286 52.28048178
v 150.80924675 32.72151490 53.02060682
v 151.25676784 32.25785585 53.89505985
v 151.38422586 -36.13718885 54.16323538
v 151.25676784 -36.31288061 53.89505985
v 150.85497413 -36.78795515 53.11223601
v 150.09628720 -37.61060964 51.66694812
v 150.42995828 -37.28183422 52.28048178
v 150.30762893 -37.40388925 52.05573360
v 151.64713881 31.76742342 54.71021095
v 152.00434291 31.31604261 55.45398314
v 152.27682594 30.90119621 56.06305589
v 152.67544595 30.29638053 56.95974075
v 152.82004107 -33.88097362 57.31866213
v 152.67544595 -34.16445255 56.95974075
v 152.36505496 -34.67900244 56.26930353
v 151.64713881 -35.77052366 54.71021095
v 152.00434291 -35.27223796 55.45398314
v 151.88868628 -35.43511196 55.21457797
v 153.19695288 29.34283952 58.23026998
v 153.27263497 29.20418386 58.41360015
v 153.31177368 29.11784372 58.51677153
v 153.79733517 28.04239536 59.81867211
v 154.04844378 27.36787824 60.55999948
v 154.25066403 26.81698258 61.17481243
v 154.59930730 25.65315064 62.35739025
v 154.63456167 25.53204920 62.48268025
v 154.65224572 -29.06484163 62.56061487
v 154.63456167 -29.14761364 62.48268025
v 154.34599925 -30.13894546 61.51873115
v 154.25066403 -30.48168965 61.17481243
v 154.00942010 -31.15683687 60.47129118
v 153.79733517 -31.76513293 59.81867211
v 153.64432664 -32.12156351 59.41887473
v 153.19695288 -33.14243186 58.23026998
v 153.27263497 -32.99408815 58.41360015
v 153.25152735 -33.03555127 58.36327883
v 154.74559179 25.06237047 62.92520476
v 154.95267089 24.19099573 63.74221205
v 154.99628638 23.96476086 63.93498216
v 155.20419263 22.79769154 64.95435195
v 155.27482947 22.30388434 65.34511960
v 155.39406180 21.35677497 66.11620875
v 155.46449879 20.66591954 66.62250534
v 155.53248923 19.87307242 67.22133072
v 155.59228689 19.03825575 67.78380951
v 155.63327092 18.35145406 68.26026367
v 155.68152301 17.40751140 68.83888721
v 155.70843661 16.79549280 69.22426537
v 155.74819243 15.76318874 69.79233364
v 155.76762002 15.20724378 70.10591356
v 155.80137687 14.09818379 70.64581967
v 155.81630842 13.58685269 70.90051826
v 155.84587349 12.40716661 71.39975059
v 155.85778405 11.93282602 71.60490425
v 155.88388842 10.68527610 72.05417376
v 155.89347675 10.24183871 72.21724961
v 155.91628391 8.92674788 72.60917889
v 155.92391900 8.50836729 72.73645392
v 155.94325106 7.12344097 73.06505201
v 155.94920092 6.72368015 73.16183440
v 155.96473441 5.26240526 73.42228425
v 155.96879616 4.87348736 73.49326709
v 155.98015598 3.32102786 73.68181174
v 155.98290543 2.93216211 73.73020771
v 155.98990277 1.24769023 73.84423264
v 155.99150306 0.84200605 73.87238931
v 155.99385466 -1.23183908 73.91052579
v 155.99438145 -1.72380478 73.91979301
v 155.99203298 -3.79495102 73.88171320
v 155.99150306 -4.28996998 73.87238931
v 155.98453351 -5.96813583 73.75886540
v 155.98290543 -6.38118452 73.73020771
v 155.97161948 -7.92446016 73.54298972
v 155.96879616 -8.32424679 73.49326709
v 155.95340137 -9.77404427 73.23527976
v 155.94920092 -10.17685201 73.16183440
v 155.93009815 -11.54917520 72.83689201
v 155.92391900 -11.96465168 72.73645392
v 155.90141957 -13.26610185 72.34957317
v 155.89347675 -13.70187093 72.21724961
v 155.86775575 -14.93521872 71.77445289
v 155.85778405 -15.39725247 71.60490425
v 155.82867433 -16.56241417 71.11363062
v 155.81630842 -17.05638531 70.90051826
v 155.78308182 -18.15066720 70.37020033
v 155.76762002 -18.68277057 70.10591356
v 155.72848386 -19.69996680 69.54938020
v 155.70843661 -20.27830582 69.22426537
v 155.66087418 -21.20765357 68.65900928
v 155.63327092 -21.84352093 68.26026367
v 155.57400114 -22.66796469 67.71092168
v 155.53248923 -23.37754681 67.22133072
v 155.46114465 -24.07426710 66.71884151
v 155.39406180 -24.87829154 66.11620875
v 155.31643402 -25.42071872 65.69639517
v 155.20419263 -26.34258344 64.95435195
v 155.13527666 -26.70292529 64.65611975
v 154.74559179 -28.66372198 62.92520476
v 154.95267089 -27.76685316 63.74221205
v 154.91569417 -27.91948471 63.60692398
v 123.24633396 -34.60085130 19.37338044
v 123.24638563 28.60178430 19.37326327
v 222.31561630 -39.03399961 8.70621678
v 222.29759192 -39.02538690 8.63041332
v 222.16924951 -38.89986173 8.09065551
v 222.13622940 -38.86780833 7.95178590
v 222.03633481 -38.71282553 7.53166847
v 221.99285196 -38.64581995 7.34879666
v 221.91402711 -38.47240820 7.01729030
v 221.86281826 -38.36047046 6.80192595
v 221.80043675 -38.17803057 6.53957382
v 221.74338173 -38.01219587 6.29962278
v 221.69426403 -37.82902779 6.09305303
v 221.70073995 -37.85317758 6.12028822
v 221.74338173 46.55217169 6.29962278
v 221.80634774 46.74506057 6.56443311
v 221.86281826 46.91719904 6.80192595
v 221.94466048 47.10862709 7.14612220
v 221.99285196 47.22078772 7.34879666
v 222.09953925 47.40116564 7.79748152
v 222.13622940 47.46288694 7.95178590
v 222.27763858 47.62091559 8.54649741
v 222.29759192 47.64309903 8.63041332
v 223.23035727 47.76407314 12.55325823
v 223.64438795 47.58097208 14.29450878
v 223.69597331 47.55818433 14.51145657
v 223.71736577 -38.72228348 14.60142482
v 223.69597331 -38.74345484 14.51145657
v 223.37575876 -38.93028866 13.16475984
v 223.23035727 -39.01497804 12.55325823
v 223.01744540 -39.06498360 11.65783448
v 222.72468055 -39.13387156 10.42658044
v 222.68288633 -39.13069593 10.25081036
v 222.44375867 -39.09581408 9.24513331
v 222.48601807 -39.11620630 9.42285974
v 222.48089692 -39.11371315 9.40132221
v 221.69981028 46.38447665 6.11637838
v 221.68084810 46.31149623 6.03663092
v 222.44375867 47.73402830 9.24513331
v 222.48601807 47.76037751 9.42285974
v 222.49499215 47.76232117 9.46060121
v 222.89169912 47.79598177 11.12899500
v 222.72468055 47.81168522 10.42658044
v 223.79294118 47.47567658 14.91926536
v 224.07281632 47.23857588 16.09631033
v 224.16936467 47.12090610 16.50235477
v 224.41933804 46.81703094 17.55364468
v 224.61946858 46.49936639 18.39531517
v 224.74551739 46.29986277 18.92542699
v 225.03145366 45.73939737 20.12796270
v 225.05563358 45.69214883 20.22965394
v 225.07019290 -36.64814671 20.29088472
v 225.05563358 -36.68414280 20.22965394
v 224.81935365 -37.18132104 19.23595330
v 224.74551739 -37.33596825 18.92542699
v 224.56027825 -37.65661656 18.14638385
v 224.41933804 -37.89953277 17.55364468
v 224.29179019 -38.07326596 17.01722848
v 223.79294118 -38.64727826 14.91926536
v 224.07281632 -38.37036760 16.09631033
v 224.01206075 -38.43063656 15.84079623
v 225.13518299 45.50599942 20.56420754
v 225.35208926 44.99624876 21.47643018
v 225.41007767 44.83683183 21.72030666
v 225.63605807 44.21774898 22.67069151
v 225.76343549 43.81621363 23.20639096
v 225.90827534 43.36129813 23.81553051
v 226.09538104 42.69329133 24.60242362
v 226.16923572 42.43061945 24.91302744
v 226.40731068 41.47690977 25.91427725
v 226.41924399 41.42929539 25.96446410
v 226.42711672 -32.19011182 25.99757368
v 226.41924399 -32.22619992 25.96446410
v 226.21724397 -33.06505502 25.11493129
v 226.16923572 -33.26330505 24.91302744
v 226.00096379 -33.88871583 24.20534176
v 225.90827534 -34.23133225 23.81553051
v 225.77824375 -34.66023012 23.26866867
v 225.63605807 -35.12674270 22.67069151
v 225.54900435 -35.37874841 22.30457776
v 225.13518299 -36.48667814 20.56420754
v 225.35208926 -35.94588396 21.47643018
v 225.31311318 -36.04344974 21.31251207
v 226.47039247 41.20100893 26.17957450
v 226.65862127 40.35765079 26.97119096
v 226.69734393 40.16468880 27.13404328
v 226.88734486 39.22162071 27.93311260
v 226.96856240 38.77488294 28.27468171
v 227.10541443 38.02520651 28.85022762
v 227.22224809 37.31761987 29.34158413
v 227.31282867 36.77135201 29.72253050
v 227.45880431 35.79928972 30.33644671
v 227.50955835 35.46279192 30.54989828
v 227.67858268 34.22569032 31.26074830
v 227.69555516 34.10202787 31.33212786
v 227.70770529 -24.61720663 31.38322657
v 227.69555516 -24.71622509 31.33212786
v 227.54544668 -25.83718593 30.70083054
v 227.50955835 -26.10361534 30.54989828
v 227.37607292 -27.01229582 29.98851097
v 227.31282867 -27.44033807 29.72253050
v 227.19973507 -28.14200380 29.24690322
v 227.10541443 -28.72388475 28.85022762
v 227.01656889 -29.22569373 28.47657816
v 226.88734486 -29.95151649 27.93311260
v 226.82669380 -30.26268303 27.67803806
v 226.47039247 -31.99059311 26.17957450
v 226.65862127 -31.12028926 26.97119096
v 226.63021195 -31.25223776 26.85171250
v 227.79847955 33.27353097 31.76498746
v 227.87080561 32.69039052 32.06916248
v 227.88095654 32.59984824 32.11185332
v 228.03525160 31.22972754 32.76075776
v 228.06603919 30.92641329 32.89023828
v 228.18875224 29.72301601 33.40632122
v 228.23549915 29.21235472 33.60292037
v 228.33123375 28.17150277 34.00554250
v 228.38962507 27.46051430 34.25111349
v 228.46262289 26.57600610 34.55811365
v 228.52870788 25.67295724 34.83604119
v 228.58284863 24.93684031 35.06373592
v 228.65304246 23.85088711 35.35894364
v 228.69184339 23.25371003 35.52212509
v 228.76292836 21.99451337 35.82108061
v 228.78954400 21.52555515 35.93301552
v 228.85866987 20.10283677 36.22373179
v 228.87589248 19.75031265 36.29616333
v 228.94057560 18.17328744 36.56819516
v 228.95083660 17.92453058 36.61134890
v 229.00895786 16.20108146 36.85578411
v 229.01433038 16.04270158 36.87837880
v 229.06413172 14.17798936 37.08782369
v 229.06633439 14.09601214 37.09708728
v 229.10641403 12.08970705 37.26564647
v 229.10681608 12.06970716 37.26733734
v 229.10708866 -2.46241408 37.26848374
v 229.10681608 -2.48241439 37.26733734
v 229.06793262 -4.43478255 37.10380878
v 229.06633439 -4.51449784 37.09708728
v 229.01836093 -6.31806689 36.89532973
v 229.01433038 -6.46861050 36.87837880
v 228.95866211 -8.12776097 36.64425990
v 228.95083660 -8.35950279 36.61134890
v 228.88911753 -9.87359004 36.35178270
v 228.87589248 -10.19598262 36.29616333
v 228.81000093 -11.56206535 36.01904933
v 228.78954400 -11.98355076 35.93301552
v 228.72157788 -13.19771909 35.64717669
v 228.69184339 -13.72565172 35.52212509
v 228.62410534 -14.78377277 35.23724548
v 228.58284863 -15.42434025 35.06373592
v 228.51783129 -16.32253053 34.79029852
v 228.46262289 -17.08066743 34.55811365
v 228.40299431 -17.81562607 34.30733924
v 228.33123375 -18.69491899 34.00554250
v 228.27982327 -19.26418627 33.78933020
v 228.18875224 -20.26677047 33.40632122
v 228.14853703 -20.66894447 33.23719180
v 228.03525160 -21.79539316 32.76075776
v 228.00934412 -22.03032215 32.65180106
v 227.79847955 -23.87299416 31.76498746
v 227.87080561 -23.27952966 32.06916248
v 227.86244248 -23.34848962 32.03399043
v 229.11935575 11.14525371 37.32007426
v 229.13575987 9.93641606 37.38906355
v 229.13597671 9.90749180 37.38997551
v 229.15313804 7.63333854 37.46214935
v 229.15328564 7.56055826 37.46277008
v 229.15893199 4.79734918 37.48651643
v 229.15876059 4.71280317 37.48579559
v 229.15313804 1.96053769 37.46214935
v 229.15270307 1.90244988 37.46032000
v 229.11935575 -1.55617098 37.32007426
v 229.13575987 -0.34500569 37.38906355
v 229.13541108 -0.37092004 37.38759670
v 221.64746408 -37.65554991 5.89623080
v 221.66509809 46.25057934 5.97039255
f 2 8 7
f 3 4 15
f 3 15 14
f 4 5 16
f 4 16 15
f 5 6 17
f 5 17 16
f 7 8 19
f 7 19 18
f 8 9 20
f 8 20 19
f 9 10 21
f 9 21 20
f 10 22 21
f 11 12 27
f 11 27 26
f 12 13 28
f 12 28 27
f 13 14 29
f 13 29 28
f 14 15 30
f 14 30 29
f 15 16 31
f 15 31 30
f 16 17 32
f 16 32 31
f 18 19 34
f 18 34 33
f 19 20 35
f 19 35 34
f 20 21 36
f 20 36 35
f 21 22 37
f 21 37 36
f 22 23 38
f 22 38 37
f 23 24 39
f 23 39 38
f 24 40 39
f 25 26 44
f 25 44 43
f 26 27 45
f 26 45 44
f 27 28 46
f 27 46 45
f 28 29 47
f 28 47 46
f 29 30 48
f 29 48 47
f 30 31 49
f 30 49 48
f 31 32 50
f 31 50 49
f 33 34 52
f 33 52 51
f 34 35 53
f 34 53 52
f 35 36 54
f 35 54 53
f 36 37 55
f 36 55 54
f 37 38 56
f 37 56 55
f 38 39 57
f 38 57 56
f 39 40 58
f 39 58 57
f 40 59 58
f 41 42 63
f 41 63 62
f 42 43 64
f 42 64 63
f 43 44 65
f 43 65 64
f 44 45 66
f 44 66 65
f 45 46 67
f 45 67 66
f 46 47 68
f 46 68 67
f 47 48 69
f 47 69 68
f 48 49 70
f 48 70 69
f 49 50 71
f 49 71 70
f 51 52 73
f 51 73 72
f 52 53 74
f 52 74 73
f 53 54 75
f 53 75 74
f 54 55 76
f 54 76 75
f 55 56 77
f 55 77 76
f 56 57 78
f 56 78 77
f 57 58 79
f 57 79 78
f 58 59 80
f 58 80 79
f 59 60 81
f 59 81 80
f 60 82 81
f 61 62 85
f 61 85 84
f 62 63 86
f 62 86 85
f 63 64 87
f 63 87 86
f 64 65 88
f 64 88 87
f 65 66 89
f 65 89 88
f 66 67 90
f 66 90 89
f 67 68 91
f 67 91 90
f 68 69 92
f 68 92 91
f 69 70 93
f 69 93 92
f 70 71 94
f 70 94 93
f 72 73 96
f 72 96 95
f 73 74 97
f 73 97 96
f 74 75 98
f 74 98 97
f 75 76 99
f 75 99 98
f 76 77 100
f 76 100 99
f 77 78 101
f 77 101 100
f 78 79 102
f 78 102 101
f 79 80 103
f 79 103 102
f 80 81 104
f 80 104 103
f 81 82 105
f 81 105 104
f 82 106 105
f 83 84 109
f 83 109 108
f 84 85 110
f 84 110 109
f 85 86 111
f 85 111 110
f 86 87 112
f 86 112 111
f 87 88 113
f 87 113 112
f 88 89 114
f 88 114 113
f 89 90 115
f 89 115 114
f 90 91 116
f 90 116 115
f 91 92 117
f 91 117 116
f 92 93 118
f 92 118 117
f 93 94 119
f 93 119 118
f 95 96 121
f 95 121 120
f 96 97 122
f 96 122 121
f 97 98 123
f 97 123 122
f 98 99 124
f 98 124 123
f 99 100 125
f 99 125 124
f 100 101 126
f 100 126 125
f 101 102 127
f 101 127 126
f 102 103 128
f 102 128 127
f 103 104 129
f 103 129 128
f 104 105 130
f 104 130 129
f 105 106 131
f 105 131 130
f 106 132 131
f 107 108 134
f 107 134 133
f 108 109 135
f 108 135 134
f 109 110 136
f 109 136 135
f 110 111 137
f 110 137 136
f 111 112 138
f 111 138 137
f 112 113 139
f 112 139 138
f 113 114 140
f 113 140 139
f 114 115 141
f 114 141 140
f 115 116 142
f 115 142 141
f 116 117 143
f 116 143 142
f 117 118 144
f 117 144 143
f 120 121 146
f 120 146 145
f 121 122 147
f 121 147 146
f 122 123 148
f 122 148 147
f 123 124 149
f 123 149 148
f 124 125 150
f 124 150 149
f 125 126 151
f 125 151 150
f 126 127 152
f 126 152 151
f 127 128 153
f 127 153 152
f 128 129 154
f 128 154 153
f 129 130 155
f 129 155 154
f 130 131 156
f 130 156 155
f 131 132 157
f 131 157 156
f 133 134 161
f 133 161 160
f 134 135 162
f 134 162 161
f 135 136 163
f 135 163 162
f 136 137 164
f 136 164 163
f 137 138 165
f 137 165 164
f 138 139 166
f 138 166 165
f 139 140 167
f 139 167 166
f 140 141 168
f 140 168 167
f 141 142 169
f 141 169 168
f 142 143 170
f 142 170 169
f 143 144 171
f 143 171 170
f 145 146 173
f 145 173 172
f 146 147 174
f 146 174 173
f 147 148 175
f 147 175 174
f 148 149 176
f 148 176 175
f 149 150 177
f 149 177 176
f 150 151 178
f 150 178 177
f 151 152 179
f 151 179 178
f 152 153 180
f 152 180 179
f 153 154 181
f 153 181 180
f 154 155 182
f 154 182 181
f 155 156 183
f 155 183 182
f 156 157 184
f 156 184 183
f 157 158 184
f 159 160 187
f 159 187 186
f 160 161 188
f 160 188 187
f 161 162 189
f 161 189 188
f 162 163 190
f 162 190 189
f 163 164 191
f 163 191 190
f 164 165 192
f 164 192 191
f 165 166 193
f 165 193 192
f 166 167 194
f 166 194 193
f 167 168 195
f 167 195 194
f 168 169 196
f 168 196 195
f 169 170 197
f 169 197 196
f 170 171 198
f 170 198 197
f 172 173 200
f 172 200 199
f 173 174 201
f 173 201 200
f 174 175 202
f 174 202 201
f 175 176 203
f 175 203 202
f 176 177 204
f 176 204 203
f 177 178 205
f 177 205 204
f 178 179 206
f 178 206 205
f 179 180 207
f 179 207 206
f 180 181 208
f 180 208 207
f 181 182 209
f 181 209 208
f 182 183 210
f 182 210 209
f 183 184 211
f 183 211 210
f 184 158 185
f 184 185 211
f 185 213 212
f 186 187 216
f 186 216 215
f 187 188 217
f 187 217 216
f 188 189 218
f 188 218 217
f 189 190 219
f 189 219 218
f 190 191 220
f 190 220 219
f 191 192 221
f 191 221 220
f 192 193 222
f 192 222 221
f 193 194 223
f 193 223 222
f 194 195 224
f 194 224 223
f 195 196 225
f 195 225 224
f 196 197 226
f 196 226 225
f 197 198 227
f 197 227 226
f 199 200 228
f 200 201 229
f 200 229 228
f 201 202 230
f 201 230 229
f 202 203 231
f 202 231 230
f 203 204 232
f 203 232 231
f 204 205 233
f 204 233 232
f 205 206 234
f 205 234 233
f 206 207 235
f 206 235 234
f 207 208 236
f 207 236 235
f 208 209 237
f 208 237 236
f 209 210 238
f 209 238 237
f 210 211 239
f 210 239 238
f 211 185 212
f 211 212 239
f 212 213 241
f 212 241 240
f 213 242 241
f 214 215 245
f 214 245 244
f 215 216 246
f 215 246 245
f 216 217 247
f 216 247 246
f 217 218 248
f 217 248 247
f 218 219 249
f 218 249 248
f 219 220 250
f 219 250 249
f 220 221 251
f 220 251 250
f 221 222 252
f 221 252 251
f 222 223 253
f 222 253 252
f 223 224 254
f 223 254 253
f 224 225 255
f 224 255 254
f 225 226 256
f 225 256 255
f 226 227 257
f 226 257 256
f 228 229 259
f 228 259 258
f 229 230 260
f 229 260 259
f 230 231 261
f 230 261 260
f 231 232 262
f 231 262 261
f 232 233 263
f 232 263 262
f 233 234 264
f 233 264 263
f 234 235 265
f 234 265 264
f 235 236 266
f 235 266 265
f 236 237 267
f 236 267 266
f 237 238 268
f 237 268 267
f 238 239 269
f 238 269 268
f 239 212 240
f 239 240 269
f 240 241 271
f 240 271 270
f 241 242 272
f 241 272 271
f 242 273 272
f 243 244 276
f 243 276 275
f 244 245 277
f 244 277 276
f 245 246 278
f 245 278 277
f 246 247 279
f 246 279 278
f 247 248 280
f 247 280 279
f 248 249 281
f 248 281 280
f 249 250 282
f 249 282 281
f 250 251 283
f 250 283 282
f 251 252 284
f 251 284 283
f 252 253 285
f 252 285 284
f 253 254 286
f 253 286 285
f 254 255 287
f 254 287 286
f 255 256 288
f 255 288 287
f 256 257 289
f 256 289 288
f 258 259 291
f 258 291 290
f 259 260 292
f 259 292 291
f 260 261 293
f 260 293 292
f 261 262 294
f 261 294 293
f 262 263 295
f 262 295 294
f 263 264 296
f 263 296 295
f 264 265 297
f 264 297 296
f 265 266 298
f 265 298 297
f 266 267 299
f 266 299 298
f 267 268 300
f 267 300 299
f 268 269 301
f 268 301 300
f 269 240 270
f 269 270 301
f 270 271 303
f 270 303 302
f 271 272 304
f 271 304 303
f 272 273 305
f 272 305 304
f 273 306 305
f 274 275 309
f 274 309 308
f 275 276 310
f 275 310 309
f 276 277 311
f 276 311 310
f 277 278 312
f 277 312 311
f 278 279 313
f 278 313 312
f 279 280 314
f 279 314 313
f 280 281 315
f 280 315 314
f 281 282 316
f 281 316 315
f 282 283 317
f 282 317 316
f 283 284 318
f 283 318 317
f 284 285 319
f 284 319 318
f 285 286 320
f 285 320 319
f 286 287 321
f 286 321 320
f 287 288 322
f 287 322 321
f 288 289 323
f 288 323 322
f 290 291 325
f 290 325 324
f 291 292 326
f 291 326 325
f 292 293 327
f 292 327 326
f 293 294 328
f 293 328 327
f 294 295 329
f 294 329 328
f 295 296 330
f 295 330 329
f 296 297 331
f 296 331 330
f 297 298 332
f 297 332 331
f 298 299 333
f 298 333 332
f 299 300 334
f 299 334 333
f 300 301 335
f 300 335 334
f 301 270 302
f 301 302 335
f 302 303 337
f 302 337 336
f 303 304 338
f 303 338 337
f 304 305 339
f 304 339 338
f 305 306 340
f 305 340 339
f 306 341 340
f 307 308 344
f 307 344 343
f 308 309 345
f 308 345 344
f 309 310 346
f 309 346 345
f 310 311 347
f 310 347 346
f 311 312 348
f 311 348 347
f 312 313 349
f 312 349 348
f 313 314 350
f 313 350 349
f 314 315 351
f 314 351 350
f 315 316 352
f 315 352 351
f 316 317 353
f 316 353 352
f 317 318 354
f 317 354 353
f 318 319 355
f 318 355 354
f 319 320 356
f 319 356 355
f 320 321 357
f 320 357 356
f 321 322 358
f 321 358 357
f 322 323 359
f 322 359 358
f 324 325 361
f 324 361 360
f 325 326 362
f 325 362 361
f 326 327 363
f 326 363 362
f 327 328 364
f 327 364 363
f 328 329 365
f 328 365 364
f 329 330 366
f 329 366 365
f 330 331 367
f 330 367 366
f 331 332 368
f 331 368 367
f 332 333 369
f 332 369 368
f 333 334 370
f 333 370 369
f 334 335 371
f 334 371 370
f 335 302 336
f 335 336 371
f 336 337 373
f 336 373 372
f 337 338 374
f 337 374 373
f 338 339 375
f 338 375 374
f 339 340 376
f 339 376 375
f 340 341 377
f 340 377 376
f 341 378 377
f 342 343 383
f 342 383 382
f 343 344 384
f 343 384 383
f 344 345 385
f 344 385 384
f 345 346 386
f 345 386 385
f 346 347 387
f 346 387 386
f 347 348 388
f 347 388 387
f 348 349 389
f 348 389 388
f 349 350 390
f 349 390 389
f 350 351 391
f 350 391 390
f 351 352 392
f 351 392 391
f 352 353 393
f 352 393 392
f 353 354 394
f 353 394 393
f 354 355 395
f 354 395 394
f 355 356 396
f 355 396 395
f 356 357 397
f 356 397 396
f 357 358 398
f 357 398 397
f 358 359 399
f 358 399 398
f 360 361 401
f 360 401 400
f 361 362 402
f 361 402 401
f 362 363 403
f 362 403 402
f 363 364 404
f 363 404 403
f 364 365 405
f 364 405 404
f 365 366 406
f 365 406 405
f 366 367 407
f 366 407 406
f 367 368 408
f 367 408 407
f 368 369 409
f 368 409 408
f 369 370 410
f 369 410 409
f 370 371 411
f 370 411 410
f 371 336 372
f 371 372 411
f 372 373 413
f 372 413 412
f 373 374 414
f 373 414 413
f 374 375 415
f 374 415 414
f 375 376 416
f 375 416 415
f 376 377 417
f 376 417 416
f 377 378 418
f 377 418 417
f 378 379 419
f 378 419 418
f 379 420 419
f 380 381 423
f 380 423 422
f 381 382 424
f 381 424 423
f 382 383 425
f 382 425 424
f 383 384 426
f 383 426 425
f 384 385 427
f 384 427 426
f 385 386 428
f 385 428 427
f 386 387 429
f 386 429 428
f 387 388 430
f 387 430 429
f 388 389 431
f 388 431 430
f 389 390 432
f 389 432 431
f 390 391 433
f 390 433 432
f 391 392 434
f 391 434 433
f 392 393 435
f 392 435 434
f 393 394 436
f 393 436 435
f 394 395 437
f 394 437 436
f 395 396 438
f 395 438 437
f 396 397 439
f 396 439 438
f 397 398 440
f 397 440 439
f 400 401 442
f 400 442 441
f 401 402 443
f 401 443 442
f 402 403 444
f 402 444 443
f 403 404 445
f 403 445 444
f 404 405 446
f 404 446 445
f 405 406 447
f 405 447 446
f 406 407 448
f 406 448 447
f 407 408 449
f 407 449 448
f 408 409 450
f 408 450 449
f 409 410 451
f 409 451 450
f 410 411 452
f 410 452 451
f 411 372 412
f 411 412 452
f 412 413 454
f 412 454 453
f 413 414 455
f 413 455 454
f 414 415 456
f 414 456 455
f 415 416 457
f 415 457 456
f 416 417 458
f 416 458 457
f 417 418 459
f 417 459 458
f 418 419 460
f 418 460 459
f 419 420 461
f 419 461 460
f 420 462 461
f 421 422 467
f 421 467 466
f 422 423 468
f 422 468 467
f 423 424 469
f 423 469 468
f 424 425 470
f 424 470 469
f 425 426 471
f 425 471 470
f 426 427 472
f 426 472 471
f 427 428 473
f 427 473 472
f 428 429 474
f 428 474 473
f 429 430 475
f 429 475 474
f 430 431 476
f 430 476 475
f 431 432 477
f 431 477 476
f 432 433 478
f 432 478 477
f 433 434 479
f 433 479 478
f 434 435 480
f 434 480 479
f 435 436 481
f 435 481 480
f 436 437 482
f 436 482 481
f 437 438 483
f 437 483 482
f 438 439 484
f 438 484 483
f 439 440 485
f 439 485 484
f 441 442 487
f 441 487 486
f 442 443 488
f 442 488 487
f 443 444 489
f 443 489 488
f 444 445 490
f 444 490 489
f 445 446 491
f 445 491 490
f 446 447 492
f 446 492 491
f 447 448 493
f 447 493 492
f 448 449 494
f 448 494 493
f 449 450 495
f 449 495 494
f 450 451 496
f 450 496 495
f 451 452 497
f 451 497 496
f 452 412 453
f 452 453 497
f 453 454 499
f 453 499 498
f 454 455 500
f 454 500 499
f 455 456 501
f 455 501 500
f 456 457 502
f 456 502 501
f 457 458 503
f 457 503 502
f 458 459 504
f 458 504 503
f 459 460 505
f 459 505 504
f 460 461 506
f 460 506 505
f 461 462 507
f 461 507 506
f 462 463 508
f 462 508 507
f 463 509 508
f 464 465 514
f 464 514 513
f 465 466 515
f 465 515 514
f 466 467 516
f 466 516 515
f 467 468 517
f 467 517 516
f 468 469 518
f 468 518 517
f 469 470 519
f 469 519 518
f 470 471 520
f 470 520 519
f 471 472 521
f 471 521 520
f 472 473 522
f 472 522 521
f 473 474 523
f 473 523 522
f 474 475 524
f 474 524 523
f 475 476 525
f 475 525 524
f 476 477 526
f 476 526 525
f 477 478 527
f 477 527 526
f 478 479 528
f 478 528 527
f 479 480 529
f 479 529 528
f 480 481 530
f 480 530 529
f 481 482 531
f 481 531 530
f 482 483 532
f 482 532 531
f 483 484 533
f 483 533 532
f 484 485 534
f 484 534 533
f 486 487 535
f 487 488 536
f 487 536 535
f 488 489 537
f 488 537 536
f 489 490 538
f 489 538 537
f 490 491 539
f 490 539 538
f 491 492 540
f 491 540 539
f 492 493 541
f 492 541 540
f 493 494 542
f 493 542 541
f 494 495 543
f 494 543 542
f 495 496 544
f 495 544 543
f 496 497 545
f 496 545 544
f 497 453 498
f 497 498 545
f 498 499 547
f 498 547 546
f 499 500 548
f 499 548 547
f 500 501 549
f 500 549 548
f 501 502 550
f 501 550 549
f 502 503 551
f 502 551 550
f 503 504 552
f 503 552 551
f 504 505 553
f 504 553 552
f 505 506 554
f 505 554 553
f 506 507 555
f 506 555 554
f 507 508 556
f 507 556 555
f 508 509 557
f 508 557 556
f 509 510 558
f 509 558 557
f 510 559 558
f 511 512 568
f 511 568 567
f 512 513 569
f 512 569 568
f 513 514 570
f 513 570 569
f 514 515 571
f 514 571 570
f 515 516 572
f 515 572 571
f 516 517 573
f 516 573 572
f 517 518 574
f 517 574 573
f 518 519 575
f 518 575 574
f 519 520 576
f 519 576 575
f 520 521 577
f 520 577 576
f 521 522 578
f 521 578 577
f 522 523 579
f 522 579 578
f 523 524 580
f 523 580 579
f 524 525 581
f 524 581 580
f 525 526 582
f 525 582 581
f 526 527 583
f 526 583 582
f 527 528 584
f 527 584 583
f 528 529 585
f 528 585 584
f 529 530 586
f 529 586 585
f 530 531 587
f 530 587 586
f 531 532 588
f 531 588 587
f 532 533 589
f 532 589 588
f 533 534 590
f 533 590 589
f 535 536 592
f 535 592 591
f 536 537 593
f 536 593 592
f 537 538 594
f 537 594 593
f 538 539 595
f 538 595 594
f 539 540 596
f 539 596 595
f 540 541 597
f 540 597 596
f 541 542 598
f 541 598 597
f 542 543 599
f 542 599 598
f 543 544 600
f 543 600 599
f 544 545 601
f 544 601 600
f 545 498 546
f 545 546 601
f 546 547 603
f 546 603 602
f 547 548 604
f 547 604 603
f 548 549 605
f 548 605 604
f 549 550 606
f 549 606 605
f 550 551 607
f 550 607 606
f 551 552 608
f 551 608 607
f 552 553 609
f 552 609 608
f 553 554 610
f 553 610 609
f 554 555 611
f 554 611 610
f 555 556 612
f 555 612 611
f 556 557 613
f 556 613 612
f 557 558 614
f 557 614 613
f 558 559 615
f 558 615 614
f 559 560 616
f 559 616 615
f 560 561 617
f 560 617 616
f 561 562 618
f 561 618 617
f 562 619 618
f 563 564 651
f 563 651 650
f 564 565 652
f 564 652 651
f 565 566 653
f 565 653 652
f 566 567 654
f 566 654 653
f 567 568 655
f 567 655 654
f 568 569 656
f 568 656 655
f 569 570 657
f 569 657 656
f 570 571 658
f 570 658 657
f 571 572 659
f 571 659 658
f 572 573 660
f 572 660 659
f 573 574 661
f 573 661 660
f 574 575 662
f 574 662 661
f 575 576 663
f 575 663 662
f 576 577 664
f 576 664 663
f 577 578 665
f 577 665 664
f 578 579 666
f 578 666 665
f 579 580 667
f 579 667 666
f 580 581 668
f 580 668 667
f 581 582 669
f 581 669 668
f 582 583 670
f 582 670 669
f 583 584 671
f 583 671 670
f 584 585 672
f 584 672 671
f 585 586 673
f 585 673 672
f 586 587 674
f 586 674 673
f 587 588 675
f 587 675 674
f 588 589 676
f 588 676 675
f 589 590 677
f 589 677 676
f 591 592 679
f 591 679 678
f 592 593 680
f 592 680 679
f 593 594 681
f 593 681 680
f 594 595 682
f 594 682 681
f 595 596 683
f 595 683 682
f 596 597 684
f 596 684 683
f 597 598 685
f 597 685 684
f 598 599 686
f 598 686 685
f 599 600 687
f 599 687 686
f 600 601 688
f 600 688 687
f 601 546 602
f 601 602 688
f 602 603 690
f 602 690 689
f 603 604 691
f 603 691 690
f 604 605 692
f 604 692 691
f 605 606 693
f 605 693 692
f 606 607 694
f 606 694 693
f 607 608 695
f 607 695 694
f 608 609 696
f 608 696 695
f 609 610 697
f 609 697 696
f 610 611 698
f 610 698 697
f 611 612 699
f 611 699 698
f 612 613 700
f 612 700 699
f 613 614 701
f 613 701 700
f 614 615 702
f 614 702 701
f 615 616 703
f 615 703 702
f 616 617 704
f 616 704 703
f 617 618 705
f 617 705 704
f 618 619 706
f 618 706 705
f 619 620 707
f 619 707 706
f 620 621 708
f 620 708 707
f 621 622 709
f 621 709 708
f 622 623 710
f 622 710 709
f 623 624 711
f 623 711 710
f 624 625 712
f 624 712 711
f 625 626 713
f 625 713 712
f 626 627 714
f 626 714 713
f 627 628 715
f 627 715 714
f 628 629 716
f 628 716 715
f 629 630 717
f 629 717 716
f 630 631 718
f 630 718 717
f 631 632 719
f 631 719 718
f 632 633 720
f 632 720 719
f 633 634 721
f 633 721 720
f 634 635 722
f 634 722 721
f 635 636 723
f 635 723 722
f 636 637 724
f 636 724 723
f 637 638 725
f 637 725 724
f 638 639 726
f 638 726 725
f 639 640 727
f 639 727 726
f 640 641 728
f 640 728 727
f 641 642 729
f 641 729 728
f 642 643 730
f 642 730 729
f 643 644 731
f 643 731 730
f 644 645 732
f 644 732 731
f 645 646 733
f 645 733 732
f 646 647 734
f 646 734 733
f 647 648 735
f 647 735 734
f 648 649 736
f 648 736 735
f 649 650 737
f 649 737 736
f 650 651 738
f 650 738 737
f 651 652 739
f 651 739 738
f 652 653 740
f 652 740 739
f 653 654 741
f 653 741 740
f 654 655 742
f 654 742 741
f 655 656 743
f 655 743 742
f 656 657 744
f 656 744 743
f 657 658 745
f 657 745 744
f 658 659 746
f 658 746 745
f 659 660 747
f 659 747 746
f 660 661 748
f 660 748 747
f 661 662 749
f 661 749 748
f 662 663 750
f 662 750 749
f 663 664 751
f 663 751 750
f 664 665 752
f 664 752 751
f 665 666 753
f 665 753 752
f 666 667 754
f 666 754 753
f 667 668 755
f 667 755 754
f 668 669 756
f 668 756 755
f 669 670 757
f 669 757 756
f 670 671 758
f 670 758 757
f 671 672 759
f 671 759 758
f 672 673 760
f 672 760 759
f 673 674 761
f 673 761 760
f 674 675 762
f 674 762 761
f 675 676 763
f 675 763 762
f 676 677 764
f 676 764 763
f 678 679 766
f 678 766 765
f 679 680 767
f 679 767 766
f 680 681 768
f 680 768 767
f 681 682 769
f 681 769 768
f 682 683 770
f 682 770 769
f 683 684 771
f 683 771 770
f 684 685 772
f 684 772 771
f 685 686 773
f 685 773 772
f 686 687 774
f 686 774 773
f 687 688 775
f 687 775 774
f 688 602 689
f 688 689 775
f 689 690 777
f 689 777 776
f 690 691 778
f 690 778 777
f 691 692 779
f 691 779 778
f 692 693 780
f 692 780 779
f 693 694 781
f 693 781 780
f 694 695 782
f 694 782 781
f 695 696 783
f 695 783 782
f 696 697 784
f 696 784 783
f 697 698 785
f 697 785 784
f 698 699 786
f 698 786 785
f 699 700 787
f 699 787 786
f 700 701 788
f 700 788 787
f 701 702 789
f 701 789 788
f 702 703 790
f 702 790 789
f 703 704 791
f 703 791 790
f 704 705 792
f 704 792 791
f 705 706 793
f 705 793 792
f 706 707 794
f 706 794 793
f 707 708 795
f 707 795 794
f 708 709 796
f 708 796 795
f 709 710 797
f 709 797 796
f 710 711 798
f 710 798 797
f 711 712 799
f 711 799 798
f 712 713 800
f 712 800 799
f 713 714 801
f 713 801 800
f 714 715 802
f 714 802 801
f 715 716 803
f 715 803 802
f 716 717 804
f 716 804 803
f 717 718 805
f 717 805 804
f 718 719 806
f 718 806 805
f 719 720 807
f 719 807 806
f 720 721 808
f 720 808 807
f 721 722 809
f 721 809 808
f 722 723 810
f 722 810 809
f 723 724 811
f 723 811 810
f 724 725 812
f 724 812 811
f 725 726 813
f 725 813 812
f 726 727 814
f 726 814 813
f 727 728 815
f 727 815 814
f 728 729 816
f 728 816 815
f 729 730 817
f 729 817 816
f 730 731 818
f 730 818 817
f 731 732 819
f 731 819 818
f 732 733 820
f 732 820 819
f 733 734 821
f 733 821 820
f 734 735 822
f 734 822 821
f 735 736 823
f 735 823 822
f 736 737 824
f 736 824 823
f 737 738 825
f 737 825 824
f 738 739 826
f 738 826 825
f 739 740 827
f 739 827 826
f 740 741 828
f 740 828 827
f 741 742 829
f 741 829 828
f 742 743 830
f 742 830 829
f 743 744 831
f 743 831 830
f 744 745 832
f 744 832 831
f 745 746 833
f 745 833 832
f 746 747 834
f 746 834 833
f 747 748 835
f 747 835 834
f 748 749 836
f 748 836 835
f 749 750 837
f 749 837 836
f 750 751 838
f 750 838 837
f 751 752 839
f 751 839 838
f 752 753 840
f 752 840 839
f 753 754 841
f 753 841 840
f 754 755 842
f 754 842 841
f 755 756 843
f 755 843 842
f 756 757 844
f 756 844 843
f 757 758 845
f 757 845 844
f 758 759 846
f 758 846 845
f 759 760 847
f 759 847 846
f 760 761 848
f 760 848 847
f 761 762 849
f 761 849 848
f 762 763 850
f 762 850 849
f 763 764 851
f 763 851 850
f 765 766 853
f 765 853 852
f 766 767 854
f 766 854 853
f 767 768 855
f 767 855 854
f 768 769 856
f 768 856 855
f 769 770 857
f 769 857 856
f 770 771 858
f 770 858 857
f 771 772 859
f 771 859 858
f 772 773 860
f 772 860 859
f 773 774 861
f 773 861 860
f 774 775 862
f 774 862 861
f 775 689 776
f 775 776 862
f 776 777 864
f 776 864 863
f 777 778 865
f 777 865 864
f 778 779 866
f 778 866 865
f 779 780 867
f 779 867 866
f 780 781 868
f 780 868 867
f 781 782 869
f 781 869 868
f 782 783 870
f 782 870 869
f 783 784 871
f 783 871 870
f 784 785 872
f 784 872 871
f 785 786 873
f 785 873 872
f 786 787 874
f 786 874 873
f 787 788 875
f 787 875 874
f 788 789 876
f 788 876 875
f 789 790 877
f 789 877 876
f 790 791 878
f 790 878 877
f 791 792 879
f 791 879 878
f 792 793 880
f 792 880 879
f 793 794 881
f 793 881 880
f 794 795 882
f 794 882 881
f 795 796 883
f 795 883 882
f 796 797 884
f 796 884 883
f 797 798 885
f 797 885 884
f 798 799 886
f 798 886 885
f 799 800 887
f 799 887 886
f 800 801 888
f 800 888 887
f 801 802 889
f 801 889 888
f 802 803 890
f 802 890 889
f 803 804 891
f 803 891 890
f 804 805 892
f 804 892 891
f 805 806 893
f 805 893 892
f 806 807 894
f 806 894 893
f 807 808 895
f 807 895 894
f 808 809 896
f 808 896 895
f 809 810 897
f 809 897 896
f 810 811 898
f 810 898 897
f 811 812 899
f 811 899 898
f 812 813 900
f 812 900 899
f 813 814 901
f 813 901 900
f 814 815 902
f 814 902 901
f 815 816 903
f 815 903 902
f 816 817 904
f 816 904 903
f 817 818 905
f 817 905 904
f 818 819 906
f 818 906 905
f 819 820 907
f 819 907 906
f 820 821 908
f 820 908 907
f 821 822 909
f 821 909 908
f 822 823 910
f 822 910 909
f 823 824 911
f 823 911 910
f 824 825 912
f 824 912 911
f 825 826 913
f 825 913 912
f 826 827 914
f 826 914 913
f 827 828 915
f 827 915 914
f 828 829 916
f 828 916 915
f 829 830 917
f 829 917 916
f 830 831 918
f 830 918 917
f 831 832 919
f 831 919 918
f 832 833 920
f 832 920 919
f 833 834 921
f 833 921 920
f 834 835 922
f 834 922 921
f 835 836 923
f 835 923 922
f 836 837 924
f 836 924 923
f 837 838 925
f 837 925 924
f 838 839 926
f 838 926 925
f 839 840 927
f 839 927 926
f 840 841 928
f 840 928 927
f 841 842 929
f 841 929 928
f 842 843 930
f 842 930 929
f 843 844 931
f 843 931 930
f 844 845 932
f 844 932 931
f 845 846 933
f 845 933 932
f 846 847 934
f 846 934 933
f 847 848 935
f 847 935 934
f 848 849 936
f 848 936 935
f 849 850 937
f 849 937 936
f 850 851 938
f 850 938 937
f 852 853 940
f 852 940 939
f 853 854 941
f 853 941 940
f 854 855 942
f 854 942 941
f 855 856 943
f 855 943 942
f 856 857 944
f 856 944 943
f 857 858 945
f 857 945 944
f 858 859 946
f 858 946 945
f 859 860 947
f 859 947 946
f 860 861 948
f 860 948 947
f 861 862 949
f 861 949 948
f 862 776 863
f 862 863 949
f 863 864 951
f 863 951 950
f 864 865 952
f 864 952 951
f 865 866 953
f 865 953 952
f 866 867 954
f 866 954 953
f 867 868 955
f 867 955 954
f 868 869 956
f 868 956 955
f 869 870 957
f 869 957 956
f 870 871 958
f 870 958 957
f 871 872 959
f 871 959 958
f 872 873 960
f 872 960 959
f 873 874 961
f 873 961 960
f 874 875 962
f 874 962 961
f 875 876 963
f 875 963 962
f 876 877 964
f 876 964 963
f 877 878 965
f 877 965 964
f 878 879 966
f 878 966 965
f 879 880 967
f 879 967 966
f 880 881 968
f 880 968 967
f 881 882 969
f 881 969 968
f 882 883 970
f 882 970 969
f 883 884 971
f 883 971 970
f 884 885 972
f 884 972 971
f 885 886 973
f 885 973 972
f 886 887 974
f 886 974 973
f 887 888 975
f 887 975 974
f 888 889 976
f 888 976 975
f 889 890 977
f 889 977 976
f 890 891 978
f 890 978 977
f 891 892 979
f 891 979 978
f 892 893 980
f 892 980 979
f 893 894 981
f 893 981 980
f 894 895 982
f 894 982 981
f 895 896 983
f 895 983 982
f 896 897 984
f 896 984 983
f 897 898 985
f 897 985 984
f 898 899 986
f 898 986 985
f 899 900 987
f 899 987 986
f 900 901 988
f 900 988 987
f 901 902 989
f 901 989 988
f 902 903 990
f 902 990 989
f 903 904 991
f 903 991 990
f 904 905 992
f 904 992 991
f 905 906 993
f 905 993 992
f 906 907 994
f 906 994 993
f 907 908 995
f 907 995 994
f 908 909 996
f 908 996 995
f 909 910 997
f 909 997 996
f 910 911 998
f 910 998 997
f 911 912 999
f 911 999 998
f 912 913 1000
f 912 1000 999
f 913 914 1001
f 913 1001 1000
f 914 915 1002
f 914 1002 1001
f 915 916 1003
f 915 1003 1002
f 916 917 1004
f 916 1004 1003
f 917 918 1005
f 917 1005 1004
f 918 919 1006
f 918 1006 1005
f 919 920 1007
f 919 1007 1006
f 920 921 1008
f 920 1008 1007
f 921 922 1009
f 921 1009 1008
f 922 923 1010
f 922 1010 1009
f 923 924 1011
f 923 1011 1010
f 924 925 1012
f 924 1012 1011
f 925 926 1013
f 925 1013 1012
f 926 927 1014
f 926 1014 1013
f 927 928 1015
f 927 1015 1014
f 928 929 1016
f 928 1016 1015
f 929 930 1017
f 929 1017 1016
f 930 931 1018
f 930 1018 1017
f 931 932 1019
f 931 1019 1018
f 932 933 1020
f 932 1020 1019
f 933 934 1021
f 933 1021 1020
f 934 935 1022
f 934 1022 1021
f 935 936 1023
f 935 1023 1022
f 936 937 1024
f 936 1024 1023
f 939 940 1026
f 939 1026 1025
f 940 941 1027
f 940 1027 1026
f 941 942 1028
f 941 1028 1027
f 942 943 1029
f 942 1029 1028
f 943 944 1030
f 943 1030 1029
f 944 945 1031
f 944 1031 1030
f 945 946 1032
f 945 1032 1031
f 946 947 1033
f 946 1033 1032
f 947 948 1034
f 947 1034 1033
f 948 949 1035
f 948 1035 1034
f 949 863 950
f 949 950 1035
f 950 951 1037
f 950 1037 1036
f 951 952 1038
f 951 1038 1037
f 952 953 1039
f 952 1039 1038
f 953 954 1040
f 953 1040 1039
f 954 955 1041
f 954 1041 1040
f 955 956 1042
f 955 1042 1041
f 956 957 1043
f 956 1043 1042
f 957 958 1044
f 957 1044 1043
f 958 959 1045
f 958 1045 1044
f 959 960 1046
f 959 1046 1045
f 960 961 1047
f 960 1047 1046
f 961 962 1048
f 961 1048 1047
f 962 963 1049
f 962 1049 1048
f 963 964 1050
f 963 1050 1049
f 964 965 1051
f 964 1051 1050
f 965 966 1052
f 965 1052 1051
f 966 967 1053
f 966 1053 1052
f 967 968 1054
f 967 1054 1053
f 968 969 1055
f 968 1055 1054
f 969 970 1056
f 969 1056 1055
f 970 971 1057
f 970 1057 1056
f 971 972 1058
f 971 1058 1057
f 972 973 1059
f 972 1059 1058
f 973 974 1060
f 973 1060 1059
f 974 975 1061
f 974 1061 1060
f 975 976 1062
f 975 1062 1061
f 976 977 1063
f 976 1063 1062
f 977 978 1064
f 977 1064 1063
f 978 979 1065
f 978 1065 1064
f 979 980 1066
f 979 1066 1065
f 980 981 1067
f 980 1067 1066
f 981 982 1068
f 981 1068 1067
f 982 983 1069
f 982 1069 1068
f 983 984 1070
f 983 1070 1069
f 984 985 1071
f 984 1071 1070
f 985 986 1072
f 985 1072 1071
f 986 987 1073
f 986 1073 1072
f 987 988 1074
f 987 1074 1073
f 988 989 1075
f 988 1075 1074
f 989 990 1076
f 989 1076 1075
f 990 991 1077
f 990 1077 1076
f 991 992 1078
f 991 1078 1077
f 992 993 1079
f 992 1079 1078
f 993 994 1080
f 993 1080 1079
f 994 995 1081
f 994 1081 1080
f 995 996 1082
f 995 1082 1081
f 996 997 1083
f 996 1083 1082
f 997 998 1084
f 997 1084 1083
f 998 999 1085
f 998 1085 1084
f 999 1000 1086
f 999 1086 1085
f 1000 1001 1087
f 1000 1087 1086
f 1001 1002 1088
f 1001 1088 1087
f 1002 1003 1089
f 1002 1089 1088
f 1003 1004 1090
f 1003 1090 1089
f 1004 1005 1091
f 1004 1091 1090
f 1005 1006 1092
f 1005 1092 1091
f 1006 1007 1093
f 1006 1093 1092
f 1007 1008 1094
f 1007 1094 1093
f 1008 1009 1095
f 1008 1095 1094
f 1009 1010 1096
f 1009 1096 1095
f 1010 1011 1097
f 1010 1097 1096
f 1011 1012 1098
f 1011 1098 1097
f 1012 1013 1099
f 1012 1099 1098
f 1013 1014 1100
f 1013 1100 1099
f 1014 1015 1101
f 1014 1101 1100
f 1015 1016 1102
f 1015 1102 1101
f 1016 1017 1103
f 1016 1103 1102
f 1017 1018 1104
f 1017 1104 1103
f 1018 1019 1105
f 1018 1105 1104
f 1019 1020 1106
f 1019 1106 1105
f 1020 1021 1107
f 1020 1107 1106
f 1021 1022 1108
f 1021 1108 1107
f 1022 1023 1109
f 1022 1109 1108
f 1023 1024 1110
f 1023 1110 1109
f 1025 1026 1112
f 1025 1112 1111
f 1026 1027 1113
f 1026 1113 1112
f 1027 1028 1114
f 1027 1114 1113
f 1028 1029 1115
f 1028 1115 1114
f 1029 1030 1116
f 1029 1116 1115
f 1030 1031 1117
f 1030 1117 1116
f 1031 1032 1118
f 1031 1118 1117
f 1032 1033 1119
f 1032 1119 1118
f 1033 1034 1120
f 1033 1120 1119
f 1034 1035 1121
f 1034 1121 1120
f 1035 950 1036
f 1035 1036 1121
f 1036 1037 1123
f 1036 1123 1122
f 1037 1038 1124
f 1037 1124 1123
f 1038 1039 1125
f 1038 1125 1124
f 1039 1040 1126
f 1039 1126 1125
f 1040 1041 1127
f 1040 1127 1126
f 1041 1042 1128
f 1041 1128 1127
f 1042 1043 1129
f 1042 1129 1128
f 1043 1044 1130
f 1043 1130 1129
f 1044 1045 1131
f 1044 1131 1130
f 1045 1046 1132
f 1045 1132 1131
f 1046 1047 1133
f 1046 1133 1132
f 1047 1048 1134
f 1047 1134 1133
f 1048 1049 1135
f 1048 1135 1134
f 1049 1050 1136
f 1049 1136 1135
f 1050 1051 1137
f 1050 1137 1136
f 1051 1052 1138
f 1051 1138 1137
f 1052 1053 1139
f 1052 1139 1138
f 1053 1054 1140
f 1053 1140 1139
f 1054 1055 1141
f 1054 1141 1140
f 1055 1056 1142
f 1055 1142 1141
f 1056 1057 1143
f 1056 1143 1142
f 1057 1058 1144
f 1057 1144 1143
f 1058 1059 1145
f 1058 1145 1144
f 1059 1060 1146
f 1059 1146 1145
f 1060 1061 1147
f 1060 1147 1146
f 1061 1062 1148
f 1061 1148 1147
f 1062 1063 1149
f 1062 1149 1148
f 1063 1064 1150
f 1063 1150 1149
f 1064 1065 1151
f 1064 1151 1150
f 1065 1066 1152
f 1065 1152 1151
f 1066 1067 1153
f 1066 1153 1152
f 1067 1068 1154
f 1067 1154 1153
f 1068 1069 1155
f 1068 1155 1154
f 1069 1070 1156
f 1069 1156 1155
f 1070 1071 1157
f 1070 1157 1156
f 1071 1072 1158
f 1071 1158 1157
f 1072 1073 1159
f 1072 1159 1158
f 1073 1074 1160
f 1073 1160 1159
f 1074 1075 1161
f 1074 1161 1160
f 1075 1076 1162
f 1075 1162 1161
f 1076 1077 1163
f 1076 1163 1162
f 1077 1078 1164
f 1077 1164 1163
f 1078 1079 1165
f 1078 1165 1164
f 1079 1080 1166
f 1079 1166 1165
f 1080 1081 1167
f 1080 1167 1166
f 1081 1082 1168
f 1081 1168 1167
f 1082 1083 1169
f 1082 1169 1168
f 1083 1084 1170
f 1083 1170 1169
f 1084 1085 1171
f 1084 1171 1170
f 1085 1086 1172
f 1085 1172 1171
f 1086 1087 1173
f 1086 1173 1172
f 1087 1088 1174
f 1087 1174 1173
f 1088 1089 1175
f 1088 1175 1174
f 1089 1090 1176
f 1089 1176 1175
f 1090 1091 1177
f 1090 1177 1176
f 1091 1092 1178
f 1091 1178 1177
f 1092 1093 1179
f 1092 1179 1178
f 1093 1094 1180
f 1093 1180 1179
f 1094 1095 1181
f 1094 1181 1180
f 1095 1096 1182
f 1095 1182 1181
f 1096 1097 1183
f 1096 1183 1182
f 1097 1098 1184
f 1097 1184 1183
f 1098 1099 1185
f 1098 1185 1184
f 1099 1100 1186
f 1099 1186 1185
f 1100 1101 1187
f 1100 1187 1186
f 1101 1102 1188
f 1101 1188 1187
f 1102 1103 1189
f 1102 1189 1188
f 1103 1104 1190
f 1103 1190 1189
f 1104 1105 1191
f 1104 1191 1190
f 1105 1106 1192
f 1105 1192 1191
f 1106 1107 1193
f 1106 1193 1192
f 1107 1108 1194
f 1107 1194 1193
f 1108 1109 1195
f 1108 1195 1194
f 1109 1110 1196
f 1109 1196 1195
f 1111 1112 1197
f 1112 1113 1198
f 1112 1198 1197
f 1113 1114 1199
f 1113 1199 1198
f 1114 1115 1200
f 1114 1200 1199
f 1115 1116 1201
f 1115 1201 1200
f 1116 1117 1202
f 1116 1202 1201
f 1117 1118 1203
f 1117 1203 1202
f 1118 1119 1204
f 1118 1204 1203
f 1119 1120 1205
f 1119 1205 1204
f 1120 1121 1206
f 1120 1206 1205
f 1121 1036 1122
f 1121 1122 1206
f 1122 1123 1208
f 1122 1208 1207
f 1123 1124 1209
f 1123 1209 1208
f 1124 1125 1210
f 1124 1210 1209
f 1125 1126 1211
f 1125 1211 1210
f 1126 1127 1212
f 1126 1212 1211
f 1127 1128 1213
f 1127 1213 1212
f 1128 1129 1214
f 1128 1214 1213
f 1129 1130 1215
f 1129 1215 1214
f 1130 1131 1216
f 1130 1216 1215
f 1131 1132 1217
f 1131 1217 1216
f 1132 1133 1218
f 1132 1218 1217
f 1133 1134 1219
f 1133 1219 1218
f 1134 1135 1220
f 1134 1220 1219
f 1135 1136 1221
f 1135 1221 1220
f 1136 1137 1222
f 1136 1222 1221
f 1137 1138 1223
f 1137 1223 1222
f 1138 1139 1224
f 1138 1224 1223
f 1139 1140 1225
f 1139 1225 1224
f 1140 1141 1226
f 1140 1226 1225
f 1141 1142 1227
f 1141 1227 1226
f 1142 1143 1228
f 1142 1228 1227
f 1143 1144 1229
f 1143 1229 1228
f 1144 1145 1230
f 1144 1230 1229
f 1145 1146 1231
f 1145 1231 1230
f 1146 1147 1232
f 1146 1232 1231
f 1147 1148 1233
f 1147 1233 1232
f 1148 1149 1234
f 1148 1234 1233
f 1149 1150 1235
f 1149 1235 1234
f 1150 1151 1236
f 1150 1236 1235
f 1151 1152 1237
f 1151 1237 1236
f 1152 1153 1238
f 1152 1238 1237
f 1153 1154 1239
f 1153 1239 1238
f 1154 1155 1240
f 1154 1240 1239
f 1155 1156 1241
f 1155 1241 1240
f 1156 1157 1242
f 1156 1242 1241
f 1157 1158 1243
f 1157 1243 1242
f 1158 1159 1244
f 1158 1244 1243
f 1159 1160 1245
f 1159 1245 1244
f 1160 1161 1246
f 1160 1246 1245
f 1161 1162 1247
f 1161 1247 1246
f 1162 1163 1248
f 1162 1248 1247
f 1163 1164 1249
f 1163 1249 1248
f 1164 1165 1250
f 1164 1250 1249
f 1165 1166 1251
f 1165 1251 1250
f 1166 1167 1252
f 1166 1252 1251
f 1167 1168 1253
f 1167 1253 1252
f 1168 1169 1254
f 1168 1254 1253
f 1169 1170 1255
f 1169 1255 1254
f 1170 1171 1256
f 1170 1256 1255
f 1171 1172 1257
f 1171 1257 1256
f 1172 1173 1258
f 1172 1258 1257
f 1173 1174 1259
f 1173 1259 1258
f 1174 1175 1260
f 1174 1260 1259
f 1175 1176 1261
f 1175 1261 1260
f 1176 1177 1262
f 1176 1262 1261
f 1177 1178 1263
f 1177 1263 1262
f 1178 1179 1264
f 1178 1264 1263
f 1179 1180 1265
f 1179 1265 1264
f 1180 1181 1266
f 1180 1266 1265
f 1181 1182 1267
f 1181 1267 1266
f 1182 1183 1268
f 1182 1268 1267
f 1183 1184 1269
f 1183 1269 1268
f 1184 1185 1270
f 1184 1270 1269
f 1185 1186 1271
f 1185 1271 1270
f 1186 1187 1272
f 1186 1272 1271
f 1187 1188 1273
f 1187 1273 1272
f 1188 1189 1274
f 1188 1274 1273
f 1189 1190 1275
f 1189 1275 1274
f 1190 1191 1276
f 1190 1276 1275
f 1191 1192 1277
f 1191 1277 1276
f 1192 1193 1278
f 1192 1278 1277
f 1193 1194 1279
f 1193 1279 1278
f 1194 1195 1280
f 1194 1280 1279
f 1195 1196 1281
f 1195 1281 1280
f 1197 1198 1283
f 1197 1283 1282
f 1198 1199 1284
f 1198 1284 1283
f 1199 1200 1285
f 1199 1285 1284
f 1200 1201 1286
f 1200 1286 1285
f 1201 1202 1287
f 1201 1287 1286
f 1202 1203 1288
f 1202 1288 1287
f 1203 1204 1289
f 1203 1289 1288
f 1204 1205 1290
f 1204 1290 1289
f 1205 1206 1291
f 1205 1291 1290
f 1206 1122 1207
f 1206 1207 1291
f 1207 1208 1293
f 1207 1293 1292
f 1208 1209 1294
f 1208 1294 1293
f 1209 1210 1295
f 1209 1295 1294
f 1210 1211 1296
f 1210 1296 1295
f 1211 1212 1297
f 1211 1297 1296
f 1212 1213 1298
f 1212 1298 1297
f 1213 1214 1299
f 1213 1299 1298
f 1214 1215 1300
f 1214 1300 1299
f 1215 1216 1301
f 1215 1301 1300
f 1216 1217 1302
f 1216 1302 1301
f 1217 1218 1303
f 1217 1303 1302
f 1218 1219 1304
f 1218 1304 1303
f 1219 1220 1305
f 1219 1305 1304
f 1220 1221 1306
f 1220 1306 1305
f 1221 1222 1307
f 1221 1307 1306
f 1222 1223 1308
f 1222 1308 1307
f 1223 1224 1309
f 1223 1309 1308
f 1224 1225 1310
f 1224 1310 1309
f 1225 1226 1311
f 1225 1311 1310
f 1226 1227 1312
f 1226 1312 1311
f 1227 1228 1313
f 1227 1313 1312
f 1228 1229 1314
f 1228 1314 1313
f 1229 1230 1315
f 1229 1315 1314
f 1230 1231 1316
f 1230 1316 1315
f 1231 1232 1317
f 1231 1317 1316
f 1232 1233 1318
f 1232 1318 1317
f 1233 1234 1319
f 1233 1319 1318
f 1234 1235 1320
f 1234 1320 1319
f 1235 1236 1321
f 1235 1321 1320
f 1236 1237 1322
f 1236 1322 1321
f 1237 1238 1323
f 1237 1323 1322
f 1238 1239 1324
f 1238 1324 1323
f 1239 1240 1325
f 1239 1325 1324
f 1240 1241 1326
f 1240 1326 1325
f 1241 1242 1327
f 1241 1327 1326
f 1242 1243 1328
f 1242 1328 1327
f 1243 1244 1329
f 1243 1329 1328
f 1244 1245 1330
f 1244 1330 1329
f 1245 1246 1331
f 1245 1331 1330
f 1246 1247 1332
f 1246 1332 1331
f 1247 1248 1333
f 1247 1333 1332
f 1248 1249 1334
f 1248 1334 1333
f 1249 1250 1335
f 1249 1335 1334
f 1250 1251 1336
f 1250 1336 1335
f 1251 1252 1337
f 1251 1337 1336
f 1252 1253 1338
f 1252 1338 1337
f 1253 1254 1339
f 1253 1339 1338
f 1254 1255 1340
f 1254 1340 1339
f 1255 1256 1341
f 1255 1341 1340
f 1256 1257 1342
f 1256 1342 1341
f 1257 1258 1343
f 1257 1343 1342
f 1258 1259 1344
f 1258 1344 1343
f 1259 1260 1345
f 1259 1345 1344
f 1260 1261 1346
f 1260 1346 1345
f 1261 1262 1347
f 1261 1347 1346
f 1262 1263 1348
f 1262 1348 1347
f 1263 1264 1349
f 1263 1349 1348
f 1264 1265 1350
f 1264 1350 1349
f 1265 1266 1351
f 1265 1351 1350
f 1266 1267 1352
f 1266 1352 1351
f 1267 1268 1353
f 1267 1353 1352
f 1268 1269 1354
f 1268 1354 1353
f 1269 1270 1355
f 1269 1355 1354
f 1270 1271 1356
f 1270 1356 1355
f 1271 1272 1357
f 1271 1357 1356
f 1272 1273 1358
f 1272 1358 1357
f 1273 1274 1359
f 1273 1359 1358
f 1274 1275 1360
f 1274 1360 1359
f 1275 1276 1361
f 1275 1361 1360
f 1276 1277 1362
f 1276 1362 1361
f 1277 1278 1363
f 1277 1363 1362
f 1278 1279 1364
f 1278 1364 1363
f 1279 1280 1365
f 1279 1365 1364
f 1280 1281 1366
f 1280 1366 1365
f 1282 1283 1368
f 1282 1368 1367
f 1283 1284 1369
f 1283 1369 1368
f 1284 1285 1370
f 1284 1370 1369
f 1285 1286 1371
f 1285 1371 1370
f 1286 1287 1372
f 1286 1372 1371
f 1287 1288 1373
f 1287 1373 1372
f 1288 1289 1374
f 1288 1374 1373
f 1289 1290 1375
f 1289 1375 1374
f 1290 1291 1376
f 1290 1376 1375
f 1291 1207 1292
f 1291 1292 1376
f 1292 1293 1378
f 1292 1378 1377
f 1293 1294 1379
f 1293 1379 1378
f 1294 1295 1380
f 1294 1380 1379
f 1295 1296 1381
f 1295 1381 1380
f 1296 1297 1382
f 1296 1382 1381
f 1297 1298 1383
f 1297 1383 1382
f 1298 1299 1384
f 1298 1384 1383
f 1299 1300 1385
f 1299 1385 1384
f 1300 1301 1386
f 1300 1386 1385
f 1301 1302 1387
f 1301 1387 1386
f 1302 1303 1388
f 1302 1388 1387
f 1303 1304 1389
f 1303 1389 1388
f 1304 1305 1390
f 1304 1390 1389
f 1305 1306 1391
f 1305 1391 1390
f 1306 1307 1392
f 1306 1392 1391
f 1307 1308 1393
f 1307 1393 1392
f 1308 1309 1394
f 1308 1394 1393
f 1309 1310 1395
f 1309 1395 1394
f 1310 1311 1396
f 1310 1396 1395
f 1311 1312 1397
f 1311 1397 1396
f 1312 1313 1398
f 1312 1398 1397
f 1313 1314 1399
f 1313 1399 1398
f 1314 1315 1400
f 1314 1400 1399
f 1315 1316 1401
f 1315 1401 1400
f 1316 1317 1402
f 1316 1402 1401
f 1317 1318 1403
f 1317 1403 1402
f 1318 1319 1404
f 1318 1404 1403
f 1319 1320 1405
f 1319 1405 1404
f 1320 1321 1406
f 1320 1406 1405
f 1321 1322 1407
f 1321 1407 1406
f 1322 1323 1408
f 1322 1408 1407
f 1323 1324 1409
f 1323 1409 1408
f 1324 1325 1410
f 1324 1410 1409
f 1325 1326 1411
f 1325 1411 1410
f 1326 1327 1412
f 1326 1412 1411
f 1327 1328 1413
f 1327 1413 1412
f 1328 1329 1414
f 1328 1414 1413
f 1329 1330 1415
f 1329 1415 1414
f 1330 1331 1416
f 1330 1416 1415
f 1331 1332 1417
f 1331 1417 1416
f 1332 1333 1418
f 1332 1418 1417
f 1333 1334 1419
f 1333 1419 1418
f 1334 1335 1420
f 1334 1420 1419
f 1335 1336 1421
f 1335 1421 1420
f 1336 1337 1422
f 1336 1422 1421
f 1337 1338 1423
f 1337 1423 1422
f 1338 1339 1424
f 1338 1424 1423
f 1339 1340 1425
f 1339 1425 1424
f 1340 1341 1426
f 1340 1426 1425
f 1341 1342 1427
f 1341 1427 1426
f 1342 1343 1428
f 1342 1428 1427
f 1343 1344 1429
f 1343 1429 1428
f 1344 1345 1430
f 1344 1430 1429
f 1345 1346 1431
f 1345 1431 1430
f 1346 1347 1432
f 1346 1432 1431
f 1347 1348 1433
f 1347 1433 1432
f 1348 1349 1434
f 1348 1434 1433
f 1349 1350 1435
f 1349 1435 1434
f 1350 1351 1436
f 1350 1436 1435
f 1351 1352 1437
f 1351 1437 1436
f 1352 1353 1438
f 1352 1438 1437
f 1353 1354 1439
f 1353 1439 1438
f 1354 1355 1440
f 1354 1440 1439
f 1355 1356 1441
f 1355 1441 1440
f 1356 1357 1442
f 1356 1442 1441
f 1357 1358 1443
f 1357 1443 1442
f 1358 1359 1444
f 1358 1444 1443
f 1359 1360 1445
f 1359 1445 1444
f 1360 1361 1446
f 1360 1446 1445
f 1361 1362 1447
f 1361 1447 1446
f 1362 1363 1448
f 1362 1448 1447
f 1363 1364 1449
f 1363 1449 1448
f 1364 1365 1450
f 1364 1450 1449
f 1365 1366 1451
f 1365 1451 1450
f 1367 1368 1453
f 1367 1453 1452
f 1368 1369 1454
f 1368 1454 1453
f 1369 1370 1455
f 1369 1455 1454
f 1370 1371 1456
f 1370 1456 1455
f 1371 1372 1457
f 1371 1457 1456
f 1372 1373 1458
f 1372 1458 1457
f 1373 1374 1459
f 1373 1459 1458
f 1374 1375 1460
f 1374 1460 1459
f 1375 1376 1461
f 1375 1461 1460
f 1376 1292 1377
f 1376 1377 1461
f 1377 1378 1463
f 1377 1463 1462
f 1378 1379 1464
f 1378 1464 1463
f 1379 1380 1465
f 1379 1465 1464
f 1380 1381 1466
f 1380 1466 1465
f 1381 1382 1467
f 1381 1467 1466
f 1382 1383 1468
f 1382 1468 1467
f 1383 1384 1469
f 1383 1469 1468
f 1384 1385 1470
f 1384 1470 1469
f 1385 1386 1471
f 1385 1471 1470
f 1386 1387 1472
f 1386 1472 1471
f 1387 1388 1473
f 1387 1473 1472
f 1388 1389 1474
f 1388 1474 1473
f 1389 1390 1475
f 1389 1475 1474
f 1390 1391 1476
f 1390 1476 1475
f 1391 1392 1477
f 1391 1477 1476
f 1392 1393 1478
f 1392 1478 1477
f 1393 1394 1479
f 1393 1479 1478
f 1394 1395 1480
f 1394 1480 1479
f 1395 1396 1481
f 1395 1481 1480
f 1396 1397 1482
f 1396 1482 1481
f 1397 1398 1483
f 1397 1483 1482
f 1398 1399 1484
f 1398 1484 1483
f 1399 1400 1485
f 1399 1485 1484
f 1400 1401 1486
f 1400 1486 1485
f 1401 1402 1487
f 1401 1487 1486
f 1402 1403 1488
f 1402 1488 1487
f 1403 1404 1489
f 1403 1489 1488
f 1404 1405 1490
f 1404 1490 1489
f 1405 1406 1491
f 1405 1491 1490
f 1406 1407 1492
f 1406 1492 1491
f 1407 1408 1493
f 1407 1493 1492
f 1408 1409 1494
f 1408 1494 1493
f 1409 1410 1495
f 1409 1495 1494
f 1410 1411 1496
f 1410 1496 1495
f 1411 1412 1497
f 1411 1497 1496
f 1412 1413 1498
f 1412 1498 1497
f 1413 1414 1499
f 1413 1499 1498
f 1414 1415 1500
f 1414 1500 1499
f 1415 1416 1501
f 1415 1501 1500
f 1416 1417 1502
f 1416 1502 1501
f 1417 1418 1503
f 1417 1503 1502
f 1418 1419 1504
f 1418 1504 1503
f 1419 1420 1505
f 1419 1505 1504
f 1420 1421 1506
f 1420 1506 1505
f 1421 1422 1507
f 1421 1507 1506
f 1422 1423 1508
f 1422 1508 1507
f 1423 1424 1509
f 1423 1509 1508
f 1424 1425 1510
f 1424 1510 1509
f 1425 1426 1511
f 1425 1511 1510
f 1426 1427 1512
f 1426 1512 1511
f 1427 1428 1513
f 1427 1513 1512
f 1428 1429 1514
f 1428 1514 1513
f 1429 1430 1515
f 1429 1515 1514
f 1430 1431 1516
f 1430 1516 1515
f 1431 1432 1517
f 1431 1517 1516
f 1432 1433 1518
f 1432 1518 1517
f 1433 1434 1519
f 1433 1519 1518
f 1434 1435 1520
f 1434 1520 1519
f 1435 1436 1521
f 1435 1521 1520
f 1436 1437 1522
f 1436 1522 1521
f 1437 1438 1523
f 1437 1523 1522
f 1438 1439 1524
f 1438 1524 1523
f 1439 1440 1525
f 1439 1525 1524
f 1440 1441 1526
f 1440 1526 1525
f 1441 1442 1527
f 1441 1527 1526
f 1442 1443 1528
f 1442 1528 1527
f 1443 1444 1529
f 1443 1529 1528
f 1444 1445 1530
f 1444 1530 1529
f 1445 1446 1531
f 1445 1531 1530
f 1446 1447 1532
f 1446 1532 1531
f 1447 1448 1533
f 1447 1533 1532
f 1448 1449 1534
f 1448 1534 1533
f 1449 1450 1535
f 1449 1535 1534
f 1450 1451 1536
f 1450 1536 1535
f 1452 1453 1538
f 1452 1538 1537
f 1453 1454 1539
f 1453 1539 1538
f 1454 1455 1540
f 1454 1540 1539
f 1455 1456 1541
f 1455 1541 1540
f 1456 1457 1542
f 1456 1542 1541
f 1457 1458 1543
f 1457 1543 1542
f 1458 1459 1544
f 1458 1544 1543
f 1459 1460 1545
f 1459 1545 1544
f 1460 1461 1546
f 1460 1546 1545
f 1461 1377 1462
f 1461 1462 1546
f 1462 1463 1548
f 1462 1548 1547
f 1463 1464 1549
f 1463 1549 1548
f 1464 1465 1550
f 1464 1550 1549
f 1465 1466 1551
f 1465 1551 1550
f 1466 1467 1552
f 1466 1552 1551
f 1467 1468 1553
f 1467 1553 1552
f 1468 1469 1554
f 1468 1554 1553
f 1469 1470 1555
f 1469 1555 1554
f 1470 1471 1556
f 1470 1556 1555
f 1471 1472 1557
f 1471 1557 1556
f 1472 1473 1558
f 1472 1558 1557
f 1473 1474 1559
f 1473 1559 1558
f 1474 1475 1560
f 1474 1560 1559
f 1475 1476 1561
f 1475 1561 1560
f 1476 1477 1562
f 1476 1562 1561
f 1477 1478 1563
f 1477 1563 1562
f 1478 1479 1564
f 1478 1564 1563
f 1479 1480 1565
f 1479 1565 1564
f 1480 1481 1566
f 1480 1566 1565
f 1481 1482 1567
f 1481 1567 1566
f 1482 1483 1568
f 1482 1568 1567
f 1483 1484 1569
f 1483 1569 1568
f 1484 1485 1570
f 1484 1570 1569
f 1485 1486 1571
f 1485 1571 1570
f 1486 1487 1572
f 1486 1572 1571
f 1487 1488 1573
f 1487 1573 1572
f 1488 1489 1574
f 1488 1574 1573
f 1489 1490 1575
f 1489 1575 1574
f 1490 1491 1576
f 1490 1576 1575
f 1491 1492 1577
f 1491 1577 1576
f 1492 1493 1578
f 1492 1578 1577
f 1493 1494 1579
f 1493 1579 1578
f 1494 1495 1580
f 1494 1580 1579
f 1495 1496 1581
f 1495 1581 1580
f 1496 1497 1582
f 1496 1582 1581
f 1497 1498 1583
f 1497 1583 1582
f 1498 1499 1584
f 1498 1584 1583
f 1499 1500 1585
f 1499 1585 1584
f 1500 1501 1586
f 1500 1586 1585
f 1501 1502 1587
f 1501 1587 1586
f 1502 1503 1588
f 1502 1588 1587
f 1503 1504 1589
f 1503 1589 1588
f 1504 1505 1590
f 1504 1590 1589
f 1505 1506 1591
f 1505 1591 1590
f 1506 1507 1592
f 1506 1592 1591
f 1507 1508 1593
f 1507 1593 1592
f 1508 1509 1594
f 1508 1594 1593
f 1509 1510 1595
f 1509 1595 1594
f 1510 1511 1596
f 1510 1596 1595
f 1511 1512 1597
f 1511 1597 1596
f 1512 1513 1598
f 1512 1598 1597
f 1513 1514 1599
f 1513 1599 1598
f 1514 1515 1600
f 1514 1600 1599
f 1515 1516 1601
f 1515 1601 1600
f 1516 1517 1602
f 1516 1602 1601
f 1517 1518 1603
f 1517 1603 1602
f 1518 1519 1604
f 1518 1604 1603
f 1519 1520 1605
f 1519 1605 1604
f 1520 1521 1606
f 1520 1606 1605
f 1521 1522 1607
f 1521 1607 1606
f 1522 1523 1608
f 1522 1608 1607
f 1523 1524 1609
f 1523 1609 1608
f 1524 1525 1610
f 1524 1610 1609
f 1525 1526 1611
f 1525 1611 1610
f 1526 1527 1612
f 1526 1612 1611
f 1527 1528 1613
f 1527 1613 1612
f 1528 1529 1614
f 1528 1614 1613
f 1529 1530 1615
f 1529 1615 1614
f 1530 1531 1616
f 1530 1616 1615
f 1531 1532 1617
f 1531 1617 1616
f 1532 1533 1618
f 1532 1618 1617
f 1533 1534 1619
f 1533 1619 1618
f 1534 1535 1620
f 1534 1620 1619
f 1537 1538 1622
f 1537 1622 1621
f 1538 1539 1623
f 1538 1623 1622
f 1539 1540 1624
f 1539 1624 1623
f 1540 1541 1625
f 1540 1625 1624
f 1541 1542 1626
f 1541 1626 1625
f 1542 1543 1627
f 1542 1627 1626
f 1543 1544 1628
f 1543 1628 1627
f 1544 1545 1629
f 1544 1629 1628
f 1545 1546 1630
f 1545 1630 1629
f 1546 1462 1547
f 1546 1547 1630
f 1547 1548 1632
f 1547 1632 1631
f 1548 1549 1633
f 1548 1633 1632
f 1549 1550 1634
f 1549 1634 1633
f 1550 1551 1635
f 1550 1635 1634
f 1551 1552 1636
f 1551 1636 1635
f 1552 1553 1637
f 1552 1637 1636
f 1553 1554 1638
f 1553 1638 1637
f 1554 1555 1639
f 1554 1639 1638
f 1555 1556 1640
f 1555 1640 1639
f 1556 1557 1641
f 1556 1641 1640
f 1557 1558 1642
f 1557 1642 1641
f 1558 1559 1643
f 1558 1643 1642
f 1559 1560 1644
f 1559 1644 1643
f 1560 1561 1645
f 1560 1645 1644
f 1561 1562 1646
f 1561 1646 1645
f 1562 1563 1647
f 1562 1647 1646
f 1563 1564 1648
f 1563 1648 1647
f 1564 1565 1649
f 1564 1649 1648
f 1565 1566 1650
f 1565 1650 1649
f 1566 1567 1651
f 1566 1651 1650
f 1567 1568 1652
f 1567 1652 1651
f 1568 1569 1653
f 1568 1653 1652
f 1569 1570 1654
f 1569 1654 1653
f 1570 1571 1655
f 1570 1655 1654
f 1571 1572 1656
f 1571 1656 1655
f 1572 1573 1657
f 1572 1657 1656
f 1573 1574 1658
f 1573 1658 1657
f 1574 1575 1659
f 1574 1659 1658
f 1575 1576 1660
f 1575 1660 1659
f 1576 1577 1661
f 1576 1661 1660
f 1577 1578 1662
f 1577 1662 1661
f 1578 1579 1663
f 1578 1663 1662
f 1579 1580 1664
f 1579 1664 1663
f 1580 1581 1665
f 1580 1665 1664
f 1581 1582 1666
f 1581 1666 1665
f 1582 1583 1667
f 1582 1667 1666
f 1583 1584 1668
f 1583 1668 1667
f 1584 1585 1669
f 1584 1669 1668
f 1585 1586 1670
f 1585 1670 1669
f 1586 1587 1671
f 1586 1671 1670
f 1587 1588 1672
f 1587 1672 1671
f 1588 1589 1673
f 1588 1673 1672
f 1589 1590 1674
f 1589 1674 1673
f 1590 1591 1675
f 1590 1675 1674
f 1591 1592 1676
f 1591 1676 1675
f 1592 1593 1677
f 1592 1677 1676
f 1593 1594 1678
f 1593 1678 1677
f 1594 1595 1679
f 1594 1679 1678
f 1595 1596 1680
f 1595 1680 1679
f 1596 1597 1681
f 1596 1681 1680
f 1597 1598 1682
f 1597 1682 1681
f 1598 1599 1683
f 1598 1683 1682
f 1599 1600 1684
f 1599 1684 1683
f 1600 1601 1685
f 1600 1685 1684
f 1601 1602 1686
f 1601 1686 1685
f 1602 1603 1687
f 1602 1687 1686
f 1603 1604 1688
f 1603 1688 1687
f 1604 1605 1689
f 1604 1689 1688
f 1605 1606 1690
f 1605 1690 1689
f 1606 1607 1691
f 1606 1691 1690
f 1607 1608 1692
f 1607 1692 1691
f 1608 1609 1693
f 1608 1693 1692
f 1609 1610 1694
f 1609 1694 1693
f 1610 1611 1695
f 1610 1695 1694
f 1611 1612 1696
f 1611 1696 1695
f 1612 1613 1697
f 1612 1697 1696
f 1613 1614 1698
f 1613 1698 1697
f 1614 1615 1699
f 1614 1699 1698
f 1615 1616 1700
f 1615 1700 1699
f 1616 1617 1701
f 1616 1701 1700
f 1617 1618 1702
f 1617 1702 1701
f 1618 1619 1703
f 1618 1703 1702
f 1619 1620 1704
f 1619 1704 1703
f 1621 1622 1705
f 1622 1623 1706
f 1622 1706 1705
f 1623 1624 1707
f 1623 1707 1706
f 1624 1625 1708
f 1624 1708 1707
f 1625 1626 1709
f 1625 1709 1708
f 1626 1627 1710
f 1626 1710 1709
f 1627 1628 1711
f 1627 1711 1710
f 1628 1629 1712
f 1628 1712 1711
f 1629 1630 1713
f 1629 1713 1712
f 1630 1547 1631
f 1630 1631 1713
f 1631 1632 1715
f 1631 1715 1714
f 1632 1633 1716
f 1632 1716 1715
f 1633 1634 1717
f 1633 1717 1716
f 1634 1635 1718
f 1634 1718 1717
f 1635 1636 1719
f 1635 1719 1718
f 1636 1637 1720
f 1636 1720 1719
f 1637 1638 1721
f 1637 1721 1720
f 1638 1639 1722
f 1638 1722 1721
f 1639 1640 1723
f 1639 1723 1722
f 1640 1641 1724
f 1640 1724 1723
f 1641 1642 1725
f 1641 1725 1724
f 1642 1643 1726
f 1642 1726 1725
f 1643 1644 1727
f 1643 1727 1726
f 1644 1645 1728
f 1644 1728 1727
f 1645 1646 1729
f 1645 1729 1728
f 1646 1647 1730
f 1646 1730 1729
f 1647 1648 1731
f 1647 1731 1730
f 1648 1649 1732
f 1648 1732 1731
f 1649 1650 1733
f 1649 1733 1732
f 1650 1651 1734
f 1650 1734 1733
f 1651 1652 1735
f 1651 1735 1734
f 1652 1653 1736
f 1652 1736 1735
f 1653 1654 1737
f 1653 1737 1736
f 1654 1655 1738
f 1654 1738 1737
f 1655 1656 1739
f 1655 1739 1738
f 1656 1657 1740
f 1656 1740 1739
f 1657 1658 1741
f 1657 1741 1740
f 1658 1659 1742
f 1658 1742 1741
f 1659 1660 1743
f 1659 1743 1742
f 1660 1661 1744
f 1660 1744 1743
f 1661 1662 1745
f 1661 1745 1744
f 1662 1663 1746
f 1662 1746 1745
f 1663 1664 1747
f 1663 1747 1746
f 1664 1665 1748
f 1664 1748 1747
f 1665 1666 1749
f 1665 1749 1748
f 1666 1667 1750
f 1666 1750 1749
f 1667 1668 1751
f 1667 1751 1750
f 1668 1669 1752
f 1668 1752 1751
f 1669 1670 1753
f 1669 1753 1752
f 1670 1671 1754
f 1670 1754 1753
f 1671 1672 1755
f 1671 1755 1754
f 1672 1673 1756
f 1672 1756 1755
f 1673 1674 1757
f 1673 1757 1756
f 1674 1675 1758
f 1674 1758 1757
f 1675 1676 1759
f 1675 1759 1758
f 1676 1677 1760
f 1676 1760 1759
f 1677 1678 1761
f 1677 1761 1760
f 1678 1679 1762
f 1678 1762 1761
f 1679 1680 1763
f 1679 1763 1762
f 1680 1681 1764
f 1680 1764 1763
f 1681 1682 1765
f 1681 1765 1764
f 1682 1683 1766
f 1682 1766 1765
f 1683 1684 1767
f 1683 1767 1766
f 1684 1685 1768
f 1684 1768 1767
f 1685 1686 1769
f 1685 1769 1768
f 1686 1687 1770
f 1686 1770 1769
f 1687 1688 1771
f 1687 1771 1770
f 1688 1689 1772
f 1688 1772 1771
f 1689 1690 1773
f 1689 1773 1772
f 1690 1691 1774
f 1690 1774 1773
f 1691 1692 1775
f 1691 1775 1774
f 1692 1693 1776
f 1692 1776 1775
f 1693 1694 1777
f 1693 1777 1776
f 1694 1695 1778
f 1694 1778 1777
f 1695 1696 1779
f 1695 1779 1778
f 1696 1697 1780
f 1696 1780 1779
f 1697 1698 1781
f 1697 1781 1780
f 1698 1699 1782
f 1698 1782 1781
f 1699 1700 1783
f 1699 1783 1782
f 1700 1701 1784
f 1700 1784 1783
f 1701 1702 1785
f 1701 1785 1784
f 1702 1703 1786
f 1702 1786 1785
f 1703 1704 1787
f 1703 1787 1786
f 1705 1706 1789
f 1705 1789 1788
f 1706 1707 1790
f 1706 1790 1789
f 1707 1708 1791
f 1707 1791 1790
f 1708 1709 1792
f 1708 1792 1791
f 1709 1710 1793
f 1709 1793 1792
f 1710 1711 1794
f 1710 1794 1793
f 1711 1712 1795
f 1711 1795 1794
f 1712 1713 1796
f 1712 1796 1795
f 1713 1631 1714
f 1713 1714 1796
f 1714 1715 1798
f 1714 1798 1797
f 1715 1716 1799
f 1715 1799 1798
f 1716 1717 1800
f 1716 1800 1799
f 1717 1718 1801
f 1717 1801 1800
f 1718 1719 1802
f 1718 1802 1801
f 1719 1720 1803
f 1719 1803 1802
f 1720 1721 1804
f 1720 1804 1803
f 1721 1722 1805
f 1721 1805 1804
f 1722 1723 1806
f 1722 1806 1805
f 1723 1724 1807
f 1723 1807 1806
f 1724 1725 1808
f 1724 1808 1807
f 1725 1726 1809
f 1725 1809 1808
f 1726 1727 1810
f 1726 1810 1809
f 1727 1728 1811
f 1727 1811 1810
f 1728 1729 1812
f 1728 1812 1811
f 1729 1730 1813
f 1729 1813 1812
f 1730 1731 1814
f 1730 1814 1813
f 1731 1732 1815
f 1731 1815 1814
f 1732 1733 1816
f 1732 1816 1815
f 1733 1734 1817
f 1733 1817 1816
f 1734 1735 1818
f 1734 1818 1817
f 1735 1736 1819
f 1735 1819 1818
f 1736 1737 1820
f 1736 1820 1819
f 1737 1738 1821
f 1737 1821 1820
f 1738 1739 1822
f 1738 1822 1821
f 1739 1740 1823
f 1739 1823 1822
f 1740 1741 1824
f 1740 1824 1823
f 1741 1742 1825
f 1741 1825 1824
f 1742 1743 1826
f 1742 1826 1825
f 1743 1744 1827
f 1743 1827 1826
f 1744 1745 1828
f 1744 1828 1827
f 1745 1746 1829
f 1745 1829 1828
f 1746 1747 1830
f 1746 1830 1829
f 1747 1748 1831
f 1747 1831 1830
f 1748 1749 1832
f 1748 1832 1831
f 1749 1750 1833
f 1749 1833 1832
f 1750 1751 1834
f 1750 1834 1833
f 1751 1752 1835
f 1751 1835 1834
f 1752 1753 1836
f 1752 1836 1835
f 1753 1754 1837
f 1753 1837 1836
f 1754 1755 1838
f 1754 1838 1837
f 1755 1756 1839
f 1755 1839 1838
f 1756 1757 1840
f 1756 1840 1839
f 1757 1758 1841
f 1757 1841 1840
f 1758 1759 1842
f 1758 1842 1841
f 1759 1760 1843
f 1759 1843 1842
f 1760 1761 1844
f 1760 1844 1843
f 1761 1762 1845
f 1761 1845 1844
f 1762 1763 1846
f 1762 1846 1845
f 1763 1764 1847
f 1763 1847 1846
f 1764 1765 1848
f 1764 1848 1847
f 1765 1766 1849
f 1765 1849 1848
f 1766 1767 1850
f 1766 1850 1849
f 1767 1768 1851
f 1767 1851 1850
f 1768 1769 1852
f 1768 1852 1851
f 1769 1770 1853
f 1769 1853 1852
f 1770 1771 1854
f 1770 1854 1853
f 1771 1772 1855
f 1771 1855 1854
f 1772 1773 1856
f 1772 1856 1855
f 1773 1774 1857
f 1773 1857 1856
f 1774 1775 1858
f 1774 1858 1857
f 1775 1776 1859
f 1775 1859 1858
f 1776 1777 1860
f 1776 1860 1859
f 1777 1778 1861
f 1777 1861 1860
f 1778 1779 1862
f 1778 1862 1861
f 1779 1780 1863
f 1779 1863 1862
f 1780 1781 1864
f 1780 1864 1863
f 1781 1782 1865
f 1781 1865 1864
f 1782 1783 1866
f 1782 1866 1865
f 1783 1784 1867
f 1783 1867 1866
f 1784 1785 1868
f 1784 1868 1867
f 1785 1786 1869
f 1785 1869 1868
f 1786 1787 1870
f 1786 1870 1869
f 1788 1789 1872
f 1788 1872 1871
f 1789 1790 1873
f 1789 1873 1872
f 1790 1791 1874
f 1790 1874 1873
f 1791 1792 1875
f 1791 1875 1874
f 1792 1793 1876
f 1792 1876 1875
f 1793 1794 1877
f 1793 1877 1876
f 1794 1795 1878
f 1794 1878 1877
f 1795 1796 1879
f 1795 1879 1878
f 1796 1714 1797
f 1796 1797 1879
f 1797 1798 1881
f 1797 1881 1880
f 1798 1799 1882
f 1798 1882 1881
f 1799 1800 1883
f 1799 1883 1882
f 1800 1801 1884
f 1800 1884 1883
f 1801 1802 1885
f 1801 1885 1884
f 1802 1803 1886
f 1802 1886 1885
f 1803 1804 1887
f 1803 1887 1886
f 1804 1805 1888
f 1804 1888 1887
f 1805 1806 1889
f 1805 1889 1888
f 1806 1807 1890
f 1806 1890 1889
f 1807 1808 1891
f 1807 1891 1890
f 1808 1809 1892
f 1808 1892 1891
f 1809 1810 1893
f 1809 1893 1892
f 1810 1811 1894
f 1810 1894 1893
f 1811 1812 1895
f 1811 1895 1894
f 1812 1813 1896
f 1812 1896 1895
f 1813 1814 1897
f 1813 1897 1896
f 1814 1815 1898
f 1814 1898 1897
f 1815 1816 1899
f 1815 1899 1898
f 1816 1817 1900
f 1816 1900 1899
f 1817 1818 1901
f 1817 1901 1900
f 1818 1819 1902
f 1818 1902 1901
f 1819 1820 1903
f 1819 1903 1902
f 1820 1821 1904
f 1820 1904 1903
f 1821 1822 1905
f 1821 1905 1904
f 1822 1823 1906
f 1822 1906 1905
f 1823 1824 1907
f 1823 1907 1906
f 1824 1825 1908
f 1824 1908 1907
f 1825 1826 1909
f 1825 1909 1908
f 1826 1827 1910
f 1826 1910 1909
f 1827 1828 1911
f 1827 1911 1910
f 1828 1829 1912
f 1828 1912 1911
f 1829 1830 1913
f 1829 1913 1912
f 1830 1831 1914
f 1830 1914 1913
f 1831 1832 1915
f 1831 1915 1914
f 1832 1833 1916
f 1832 1916 1915
f 1833 1834 1917
f 1833 1917 1916
f 1834 1835 1918
f 1834 1918 1917
f 1835 1836 1919
f 1835 1919 1918
f 1836 1837 1920
f 1836 1920 1919
f 1837 1838 1921
f 1837 1921 1920
f 1838 1839 1922
f 1838 1922 1921
f 1839 1840 1923
f 1839 1923 1922
f 1840 1841 1924
f 1840 1924 1923
f 1841 1842 1925
f 1841 1925 1924
f 1842 1843 1926
f 1842 1926 1925
f 1843 1844 1927
f 1843 1927 1926
f 1844 1845 1928
f 1844 1928 1927
f 1845 1846 1929
f 1845 1929 1928
f 1846 1847 1930
f 1846 1930 1929
f 1847 1848 1931
f 1847 1931 1930
f 1848 1849 1932
f 1848 1932 1931
f 1849 1850 1933
f 1849 1933 1932
f 1850 1851 1934
f 1850 1934 1933
f 1851 1852 1935
f 1851 1935 1934
f 1852 1853 1936
f 1852 1936 1935
f 1853 1854 1937
f 1853 1937 1936
f 1854 1855 1938
f 1854 1938 1937
f 1855 1856 1939
f 1855 1939 1938
f 1856 1857 1940
f 1856 1940 1939
f 1857 1858 1941
f 1857 1941 1940
f 1858 1859 1942
f 1858 1942 1941
f 1859 1860 1943
f 1859 1943 1942
f 1860 1861 1944
f 1860 1944 1943
f 1861 1862 1945
f 1861 1945 1944
f 1862 1863 1946
f 1862 1946 1945
f 1863 1864 1947
f 1863 1947 1946
f 1864 1865 1948
f 1864 1948 1947
f 1865 1866 1949
f 1865 1949 1948
f 1866 1867 1950
f 1866 1950 1949
f 1867 1868 1951
f 1867 1951 1950
f 1868 1869 1952
f 1868 1952 1951
f 1869 1870 1953
f 1869 1953 1952
f 1871 1872 1955
f 1871 1955 1954
f 1872 1873 1956
f 1872 1956 1955
f 1873 1874 1957
f 1873 1957 1956
f 1874 1875 1958
f 1874 1958 1957
f 1875 1876 1959
f 1875 1959 1958
f 1876 1877 1960
f 1876 1960 1959
f 1877 1878 1961
f 1877 1961 1960
f 1878 1879 1962
f 1878 1962 1961
f 1879 1797 1880
f 1879 1880 1962
f 1880 1881 1964
f 1880 1964 1963
f 1881 1882 1965
f 1881 1965 1964
f 1882 1883 1966
f 1882 1966 1965
f 1883 1884 1967
f 1883 1967 1966
f 1884 1885 1968
f 1884 1968 1967
f 1885 1886 1969
f 1885 1969 1968
f 1886 1887 1970
f 1886 1970 1969
f 1887 1888 1971
f 1887 1971 1970
f 1888 1889 1972
f 1888 1972 1971
f 1889 1890 1973
f 1889 1973 1972
f 1890 1891 1974
f 1890 1974 1973
f 1891 1892 1975
f 1891 1975 1974
f 1892 1893 1976
f 1892 1976 1975
f 1893 1894 1977
f 1893 1977 1976
f 1894 1895 1978
f 1894 1978 1977
f 1895 1896 1979
f 1895 1979 1978
f 1896 1897 1980
f 1896 1980 1979
f 1897 1898 1981
f 1897 1981 1980
f 1898 1899 1982
f 1898 1982 1981
f 1899 1900 1983
f 1899 1983 1982
f 1900 1901 1984
f 1900 1984 1983
f 1901 1902 1985
f 1901 1985 1984
f 1902 1903 1986
f 1902 1986 1985
f 1903 1904 1987
f 1903 1987 1986
f 1904 1905 1988
f 1904 1988 1987
f 1905 1906 1989
f 1905 1989 1988
f 1906 1907 1990
f 1906 1990 1989
f 1907 1908 1991
f 1907 1991 1990
f 1908 1909 1992
f 1908 1992 1991
f 1909 1910 1993
f 1909 1993 1992
f 1910 1911 1994
f 1910 1994 1993
f 1911 1912 1995
f 1911 1995 1994
f 1912 1913 1996
f 1912 1996 1995
f 1913 1914 1997
f 1913 1997 1996
f 1914 1915 1998
f 1914 1998 1997
f 1915 1916 1999
f 1915 1999 1998
f 1916 1917 2000
f 1916 2000 1999
f 1917 1918 2001
f 1917 2001 2000
f 1918 1919 2002
f 1918 2002 2001
f 1919 1920 2003
f 1919 2003 2002
f 1920 1921 2004
f 1920 2004 2003
f 1921 1922 2005
f 1921 2005 2004
f 1922 1923 2006
f 1922 2006 2005
f 1923 1924 2007
f 1923 2007 2006
f 1924 1925 2008
f 1924 2008 2007
f 1925 1926 2009
f 1925 2009 2008
f 1926 1927 2010
f 1926 2010 2009
f 1927 1928 2011
f 1927 2011 2010
f 1928 1929 2012
f 1928 2012 2011
f 1929 1930 2013
f 1929 2013 2012
f 1930 1931 2014
f 1930 2014 2013
f 1931 1932 2015
f 1931 2015 2014
f 1932 1933 2016
f 1932 2016 2015
f 1933 1934 2017
f 1933 2017 2016
f 1934 1935 2018
f 1934 2018 2017
f 1935 1936 2019
f 1935 2019 2018
f 1936 1937 2020
f 1936 2020 2019
f 1937 1938 2021
f 1937 2021 2020
f 1938 1939 2022
f 1938 2022 2021
f 1939 1940 2023
f 1939 2023 2022
f 1940 1941 2024
f 1940 2024 2023
f 1941 1942 2025
f 1941 2025 2024
f 1942 1943 2026
f 1942 2026 2025
f 1943 1944 2027
f 1943 2027 2026
f 1944 1945 2028
f 1944 2028 2027
f 1945 1946 2029
f 1945 2029 2028
f 1946 1947 2030
f 1946 2030 2029
f 1947 1948 2031
f 1947 2031 2030
f 1948 1949 2032
f 1948 2032 2031
f 1949 1950 2033
f 1949 2033 2032
f 1950 1951 2034
f 1950 2034 2033
f 1951 1952 2035
f 1951 2035 2034
f 1952 1953 2036
f 1952 2036 2035
f 1954 1955 2038
f 1954 2038 2037
f 1955 1956 2039
f 1955 2039 2038
f 1956 1957 2040
f 1956 2040 2039
f 1957 1958 2041
f 1957 2041 2040
f 1958 1959 2042
f 1958 2042 2041
f 1959 1960 2043
f 1959 2043 2042
f 1960 1961 2044
f 1960 2044 2043
f 1961 1962 2045
f 1961 2045 2044
f 1962 1880 1963
f 1962 1963 2045
f 1963 1964 2047
f 1963 2047 2046
f 1964 1965 2048
f 1964 2048 2047
f 1965 1966 2049
f 1965 2049 2048
f 1966 1967 2050
f 1966 2050 2049
f 1967 1968 2051
f 1967 2051 2050
f 1968 1969 2052
f 1968 2052 2051
f 1969 1970 2053
f 1969 2053 2052
f 1970 1971 2054
f 1970 2054 2053
f 1971 1972 2055
f 1971 2055 2054
f 1972 1973 2056
f 1972 2056 2055
f 1973 1974 2057
f 1973 2057 2056
f 1974 1975 2058
f 1974 2058 2057
f 1975 1976 2059
f 1975 2059 2058
f 1976 1977 2060
f 1976 2060 2059
f 1977 1978 2061
f 1977 2061 2060
f 1978 1979 2062
f 1978 2062 2061
f 1979 1980 2063
f 1979 2063 2062
f 1980 1981 2064
f 1980 2064 2063
f 1981 1982 2065
f 1981 2065 2064
f 1982 1983 2066
f 1982 2066 2065
f 1983 1984 2067
f 1983 2067 2066
f 1984 1985 2068
f 1984 2068 2067
f 1985 1986 2069
f 1985 2069 2068
f 1986 1987 2070
f 1986 2070 2069
f 1987 1988 2071
f 1987 2071 2070
f 1988 1989 2072
f 1988 2072 2071
f 1989 1990 2073
f 1989 2073 2072
f 1990 1991 2074
f 1990 2074 2073
f 1991 1992 2075
f 1991 2075 2074
f 1992 1993 2076
f 1992 2076 2075
f 1993 1994 2077
f 1993 2077 2076
f 1994 1995 2078
f 1994 2078 2077
f 1995 1996 2079
f 1995 2079 2078
f 1996 1997 2080
f 1996 2080 2079
f 1997 1998 2081
f 1997 2081 2080
f 1998 1999 2082
f 1998 2082 2081
f 1999 2000 2083
f 1999 2083 2082
f 2000 2001 2084
f 2000 2084 2083
f 2001 2002 2085
f 2001 2085 2084
f 2002 2003 2086
f 2002 2086 2085
f 2003 2004 2087
f 2003 2087 2086
f 2004 2005 2088
f 2004 2088 2087
f 2005 2006 2089
f 2005 2089 2088
f 2006 2007 2090
f 2006 2090 2089
f 2007 2008 2091
f 2007 2091 2090
f 2008 2009 2092
f 2008 2092 2091
f 2009 2010 2093
f 2009 2093 2092
f 2010 2011 2094
f 2010 2094 2093
f 2011 2012 2095
f 2011 2095 2094
f 2012 2013 2096
f 2012 2096 2095
f 2013 2014 2097
f 2013 2097 2096
f 2014 2015 2098
f 2014 2098 2097
f 2015 2016 2099
f 2015 2099 2098
f 2016 2017 2100
f 2016 2100 2099
f 2017 2018 2101
f 2017 2101 2100
f 2018 2019 2102
f 2018 2102 2101
f 2019 2020 2103
f 2019 2103 2102
f 2020 2021 2104
f 2020 2104 2103
f 2021 2022 2105
f 2021 2105 2104
f 2022 2023 2106
f 2022 2106 2105
f 2023 2024 2107
f 2023 2107 2106
f 2024 2025 2108
f 2024 2108 2107
f 2025 2026 2109
f 2025 2109 2108
f 2026 2027 2110
f 2026 2110 2109
f 2027 2028 2111
f 2027 2111 2110
f 2028 2029 2112
f 2028 2112 2111
f 2029 2030 2113
f 2029 2113 2112
f 2030 2031 2114
f 2030 2114 2113
f 2031 2032 2115
f 2031 2115 2114
f 2032 2033 2116
f 2032 2116 2115
f 2033 2034 2117
f 2033 2117 2116
f 2034 2035 2118
f 2034 2118 2117
f 2035 2036 2119
f 2035 2119 2118
f 2037 2038 2121
f 2037 2121 2120
f 2038 2039 2122
f 2038 2122 2121
f 2039 2040 2123
f 2039 2123 2122
f 2040 2041 2124
f 2040 2124 2123
f 2041 2042 2125
f 2041 2125 2124
f 2042 2043 2126
f 2042 2126 2125
f 2043 2044 2127
f 2043 2127 2126
f 2044 2045 2128
f 2044 2128 2127
f 2045 1963 2046
f 2045 2046 2128
f 2046 2047 2130
f 2046 2130 2129
f 2047 2048 2131
f 2047 2131 2130
f 2048 2049 2132
f 2048 2132 2131
f 2049 2050 2133
f 2049 2133 2132
f 2050 2051 2134
f 2050 2134 2133
f 2051 2052 2135
f 2051 2135 2134
f 2052 2053 2136
f 2052 2136 2135
f 2053 2054 2137
f 2053 2137 2136
f 2054 2055 2138
f 2054 2138 2137
f 2055 2056 2139
f 2055 2139 2138
f 2056 2057 2140
f 2056 2140 2139
f 2057 2058 2141
f 2057 2141 2140
f 2058 2059 2142
f 2058 2142 2141
f 2059 2060 2143
f 2059 2143 2142
f 2060 2061 2144
f 2060 2144 2143
f 2061 2062 2145
f 2061 2145 2144
f 2062 2063 2146
f 2062 2146 2145
f 2063 2064 2147
f 2063 2147 2146
f 2064 2065 2148
f 2064 2148 2147
f 2065 2066 2149
f 2065 2149 2148
f 2066 2067 2150
f 2066 2150 2149
f 2067 2068 2151
f 2067 2151 2150
f 2068 2069 2152
f 2068 2152 2151
f 2069 2070 2153
f 2069 2153 2152
f 2070 2071 2154
f 2070 2154 2153
f 2071 2072 2155
f 2071 2155 2154
f 2072 2073 2156
f 2072 2156 2155
f 2073 2074 2157
f 2073 2157 2156
f 2074 2075 2158
f 2074 2158 2157
f 2075 2076 2159
f 2075 2159 2158
f 2076 2077 2160
f 2076 2160 2159
f 2077 2078 2161
f 2077 2161 2160
f 2078 2079 2162
f 2078 2162 2161
f 2079 2080 2163
f 2079 2163 2162
f 2080 2081 2164
f 2080 2164 2163
f 2081 2082 2165
f 2081 2165 2164
f 2082 2083 2166
f 2082 2166 2165
f 2083 2084 2167
f 2083 2167 2166
f 2084 2085 2168
f 2084 2168 2167
f 2085 2086 2169
f 2085 2169 2168
f 2086 2087 2170
f 2086 2170 2169
f 2087 2088 2171
f 2087 2171 2170
f 2088 2089 2172
f 2088 2172 2171
f 2089 2090 2173
f 2089 2173 2172
f 2090 2091 2174
f 2090 2174 2173
f 2091 2092 2175
f 2091 2175 2174
f 2092 2093 2176
f 2092 2176 2175
f 2093 2094 2177
f 2093 2177 2176
f 2094 2095 2178
f 2094 2178 2177
f 2095 2096 2179
f 2095 2179 2178
f 2096 2097 2180
f 2096 2180 2179
f 2097 2098 2181
f 2097 2181 2180
f 2098 2099 2182
f 2098 2182 2181
f 2099 2100 2183
f 2099 2183 2182
f 2100 2101 2184
f 2100 2184 2183
f 2101 2102 2185
f 2101 2185 2184
f 2102 2103 2186
f 2102 2186 2185
f 2103 2104 2187
f 2103 2187 2186
f 2104 2105 2188
f 2104 2188 2187
f 2105 2106 2189
f 2105 2189 2188
f 2106 2107 2190
f 2106 2190 2189
f 2107 2108 2191
f 2107 2191 2190
f 2108 2109 2192
f 2108 2192 2191
f 2109 2110 2193
f 2109 2193 2192
f 2110 2111 2194
f 2110 2194 2193
f 2111 2112 2195
f 2111 2195 2194
f 2112 2113 2196
f 2112 2196 2195
f 2113 2114 2197
f 2113 2197 2196
f 2114 2115 2198
f 2114 2198 2197
f 2115 2116 2199
f 2115 2199 2198
f 2116 2117 2200
f 2116 2200 2199
f 2117 2118 2201
f 2117 2201 2200
f 2120 2121 2203
f 2120 2203 2202
f 2121 2122 2204
f 2121 2204 2203
f 2122 2123 2205
f 2122 2205 2204
f 2123 2124 2206
f 2123 2206 2205
f 2124 2125 2207
f 2124 2207 2206
f 2125 2126 2208
f 2125 2208 2207
f 2126 2127 2209
f 2126 2209 2208
f 2127 2128 2210
f 2127 2210 2209
f 2128 2046 2129
f 2128 2129 2210
f 2129 2130 2212
f 2129 2212 2211
f 2130 2131 2213
f 2130 2213 2212
f 2131 2132 2214
f 2131 2214 2213
f 2132 2133 2215
f 2132 2215 2214
f 2133 2134 2216
f 2133 2216 2215
f 2134 2135 2217
f 2134 2217 2216
f 2135 2136 2218
f 2135 2218 2217
f 2136 2137 2219
f 2136 2219 2218
f 2137 2138 2220
f 2137 2220 2219
f 2138 2139 2221
f 2138 2221 2220
f 2139 2140 2222
f 2139 2222 2221
f 2140 2141 2223
f 2140 2223 2222
f 2141 2142 2224
f 2141 2224 2223
f 2142 2143 2225
f 2142 2225 2224
f 2143 2144 2226
f 2143 2226 2225
f 2144 2145 2227
f 2144 2227 2226
f 2145 2146 2228
f 2145 2228 2227
f 2146 2147 2229
f 2146 2229 2228
f 2147 2148 2230
f 2147 2230 2229
f 2148 2149 2231
f 2148 2231 2230
f 2149 2150 2232
f 2149 2232 2231
f 2150 2151 2233
f 2150 2233 2232
f 2151 2152 2234
f 2151 2234 2233
f 2152 2153 2235
f 2152 2235 2234
f 2153 2154 2236
f 2153 2236 2235
f 2154 2155 2237
f 2154 2237 2236
f 2155 2156 2238
f 2155 2238 2237
f 2156 2157 2239
f 2156 2239 2238
f 2157 2158 2240
f 2157 2240 2239
f 2158 2159 2241
f 2158 2241 2240
f 2159 2160 2242
f 2159 2242 2241
f 2160 2161 2243
f 2160 2243 2242
f 2161 2162 2244
f 2161 2244 2243
f 2162 2163 2245
f 2162 2245 2244
f 2163 2164 2246
f 2163 2246 2245
f 2164 2165 2247
f 2164 2247 2246
f 2165 2166 2248
f 2165 2248 2247
f 2166 2167 2249
f 2166 2249 2248
f 2167 2168 2250
f 2167 2250 2249
f 2168 2169 2251
f 2168 2251 2250
f 2169 2170 2252
f 2169 2252 2251
f 2170 2171 2253
f 2170 2253 2252
f 2171 2172 2254
f 2171 2254 2253
f 2172 2173 2255
f 2172 2255 2254
f 2173 2174 2256
f 2173 2256 2255
f 2174 2175 2257
f 2174 2257 2256
f 2175 2176 2258
f 2175 2258 2257
f 2176 2177 2259
f 2176 2259 2258
f 2177 2178 2260
f 2177 2260 2259
f 2178 2179 2261
f 2178 2261 2260
f 2179 2180 2262
f 2179 2262 2261
f 2180 2181 2263
f 2180 2263 2262
f 2181 2182 2264
f 2181 2264 2263
f 2182 2183 2265
f 2182 2265 2264
f 2183 2184 2266
f 2183 2266 2265
f 2184 2185 2267
f 2184 2267 2266
f 2185 2186 2268
f 2185 2268 2267
f 2186 2187 2269
f 2186 2269 2268
f 2187 2188 2270
f 2187 2270 2269
f 2188 2189 2271
f 2188 2271 2270
f 2189 2190 2272
f 2189 2272 2271
f 2190 2191 2273
f 2190 2273 2272
f 2191 2192 2274
f 2191 2274 2273
f 2192 2193 2275
f 2192 2275 2274
f 2193 2194 2276
f 2193 2276 2275
f 2194 2195 2277
f 2194 2277 2276
f 2195 2196 2278
f 2195 2278 2277
f 2196 2197 2279
f 2196 2279 2278
f 2197 2198 2280
f 2197 2280 2279
f 2198 2199 2281
f 2198 2281 2280
f 2199 2200 2282
f 2199 2282 2281
f 2200 2201 2283
f 2200 2283 2282
f 2202 2203 2285
f 2202 2285 2284
f 2203 2204 2286
f 2203 2286 2285
f 2204 2205 2287
f 2204 2287 2286
f 2205 2206 2288
f 2205 2288 2287
f 2206 2207 2289
f 2206 2289 2288
f 2207 2208 2290
f 2207 2290 2289
f 2208 2209 2291
f 2208 2291 2290
f 2209 2210 2292
f 2209 2292 2291
f 2210 2129 2211
f 2210 2211 2292
f 2211 2212 2294
f 2211 2294 2293
f 2212 2213 2295
f 2212 2295 2294
f 2213 2214 2296
f 2213 2296 2295
f 2214 2215 2297
f 2214 2297 2296
f 2215 2216 2298
f 2215 2298 2297
f 2216 2217 2299
f 2216 2299 2298
f 2217 2218 2300
f 2217 2300 2299
f 2218 2219 2301
f 2218 2301 2300
f 2219 2220 2302
f 2219 2302 2301
f 2220 2221 2303
f 2220 2303 2302
f 2221 2222 2304
f 2221 2304 2303
f 2222 2223 2305
f 2222 2305 2304
f 2223 2224 2306
f 2223 2306 2305
f 2224 2225 2307
f 2224 2307 2306
f 2225 2226 2308
f 2225 2308 2307
f 2226 2227 2309
f 2226 2309 2308
f 2227 2228 2310
f 2227 2310 2309
f 2228 2229 2311
f 2228 2311 2310
f 2229 2230 2312
f 2229 2312 2311
f 2230 2231 2313
f 2230 2313 2312
f 2231 2232 2314
f 2231 2314 2313
f 2232 2233 2315
f 2232 2315 2314
f 2233 2234 2316
f 2233 2316 2315
f 2234 2235 2317
f 2234 2317 2316
f 2235 2236 2318
f 2235 2318 2317
f 2236 2237 2319
f 2236 2319 2318
f 2237 2238 2320
f 2237 2320 2319
f 2238 2239 2321
f 2238 2321 2320
f 2239 2240 2322
f 2239 2322 2321
f 2240 2241 2323
f 2240 2323 2322
f 2241 2242 2324
f 2241 2324 2323
f 2242 2243 2325
f 2242 2325 2324
f 2243 2244 2326
f 2243 2326 2325
f 2244 2245 2327
f 2244 2327 2326
f 2245 2246 2328
f 2245 2328 2327
f 2246 2247 2329
f 2246 2329 2328
f 2247 2248 2330
f 2247 2330 2329
f 2248 2249 2331
f 2248 2331 2330
f 2249 2250 2332
f 2249 2332 2331
f 2250 2251 2333
f 2250 2333 2332
f 2251 2252 2334
f 2251 2334 2333
f 2252 2253 2335
f 2252 2335 2334
f 2253 2254 2336
f 2253 2336 2335
f 2254 2255 2337
f 2254 2337 2336
f 2255 2256 2338
f 2255 2338 2337
f 2256 2257 2339
f 2256 2339 2338
f 2257 2258 2340
f 2257 2340 2339
f 2258 2259 2341
f 2258 2341 2340
f 2259 2260 2342
f 2259 2342 2341
f 2260 2261 2343
f 2260 2343 2342
f 2261 2262 2344
f 2261 2344 2343
f 2262 2263 2345
f 2262 2345 2344
f 2263 2264 2346
f 2263 2346 2345
f 2264 2265 2347
f 2264 2347 2346
f 2265 2266 2348
f 2265 2348 2347
f 2266 2267 2349
f 2266 2349 2348
f 2267 2268 2350
f 2267 2350 2349
f 2268 2269 2351
f 2268 2351 2350
f 2269 2270 2352
f 2269 2352 2351
f 2270 2271 2353
f 2270 2353 2352
f 2271 2272 2354
f 2271 2354 2353
f 2272 2273 2355
f 2272 2355 2354
f 2273 2274 2356
f 2273 2356 2355
f 2274 2275 2357
f 2274 2357 2356
f 2275 2276 2358
f 2275 2358 2357
f 2276 2277 2359
f 2276 2359 2358
f 2277 2278 2360
f 2277 2360 2359
f 2278 2279 2361
f 2278 2361 2360
f 2279 2280 2362
f 2279 2362 2361
f 2280 2281 2363
f 2280 2363 2362
f 2281 2282 2364
f 2281 2364 2363
f 2282 2283 2365
f 2282 2365 2364
f 2284 2285 2367
f 2284 2367 2366
f 2285 2286 2368
f 2285 2368 2367
f 2286 2287 2369
f 2286 2369 2368
f 2287 2288 2370
f 2287 2370 2369
f 2288 2289 2371
f 2288 2371 2370
f 2289 2290 2372
f 2289 2372 2371
f 2290 2291 2373
f 2290 2373 2372
f 2291 2292 2374
f 2291 2374 2373
f 2292 2211 2293
f 2292 2293 2374
f 2293 2294 2376
f 2293 2376 2375
f 2294 2295 2377
f 2294 2377 2376
f 2295 2296 2378
f 2295 2378 2377
f 2296 2297 2379
f 2296 2379 2378
f 2297 2298 2380
f 2297 2380 2379
f 2298 2299 2381
f 2298 2381 2380
f 2299 2300 2382
f 2299 2382 2381
f 2300 2301 2383
f 2300 2383 2382
f 2301 2302 2384
f 2301 2384 2383
f 2302 2303 2385
f 2302 2385 2384
f 2303 2304 2386
f 2303 2386 2385
f 2304 2305 2387
f 2304 2387 2386
f 2305 2306 2388
f 2305 2388 2387
f 2306 2307 2389
f 2306 2389 2388
f 2307 2308 2390
f 2307 2390 2389
f 2308 2309 2391
f 2308 2391 2390
f 2309 2310 2392
f 2309 2392 2391
f 2310 2311 2393
f 2310 2393 2392
f 2311 2312 2394
f 2311 2394 2393
f 2312 2313 2395
f 2312 2395 2394
f 2313 2314 2396
f 2313 2396 2395
f 2314 2315 2397
f 2314 2397 2396
f 2315 2316 2398
f 2315 2398 2397
f 2316 2317 2399
f 2316 2399 2398
f 2317 2318 2400
f 2317 2400 2399
f 2318 2319 2401
f 2318 2401 2400
f 2319 2320 2402
f 2319 2402 2401
f 2320 2321 2403
f 2320 2403 2402
f 2321 2322 2404
f 2321 2404 2403
f 2322 2323 2405
f 2322 2405 2404
f 2323 2324 2406
f 2323 2406 2405
f 2324 2325 2407
f 2324 2407 2406
f 2325 2326 2408
f 2325 2408 2407
f 2326 2327 2409
f 2326 2409 2408
f 2327 2328 2410
f 2327 2410 2409
f 2328 2329 2411
f 2328 2411 2410
f 2329 2330 2412
f 2329 2412 2411
f 2330 2331 2413
f 2330 2413 2412
f 2331 2332 2414
f 2331 2414 2413
f 2332 2333 2415
f 2332 2415 2414
f 2333 2334 2416
f 2333 2416 2415
f 2334 2335 2417
f 2334 2417 2416
f 2335 2336 2418
f 2335 2418 2417
f 2336 2337 2419
f 2336 2419 2418
f 2337 2338 2420
f 2337 2420 2419
f 2338 2339 2421
f 2338 2421 2420
f 2339 2340 2422
f 2339 2422 2421
f 2340 2341 2423
f 2340 2423 2422
f 2341 2342 2424
f 2341 2424 2423
f 2342 2343 2425
f 2342 2425 2424
f 2343 2344 2426
f 2343 2426 2425
f 2344 2345 2427
f 2344 2427 2426
f 2345 2346 2428
f 2345 2428 2427
f 2346 2347 2429
f 2346 2429 2428
f 2347 2348 2430
f 2347 2430 2429
f 2348 2349 2431
f 2348 2431 2430
f 2349 2350 2432
f 2349 2432 2431
f 2350 2351 2433
f 2350 2433 2432
f 2351 2352 2434
f 2351 2434 2433
f 2352 2353 2435
f 2352 2435 2434
f 2353 2354 2436
f 2353 2436 2435
f 2354 2355 2437
f 2354 2437 2436
f 2355 2356 2438
f 2355 2438 2437
f 2356 2357 2439
f 2356 2439 2438
f 2357 2358 2440
f 2357 2440 2439
f 2358 2359 2441
f 2358 2441 2440
f 2359 2360 2442
f 2359 2442 2441
f 2360 2361 2443
f 2360 2443 2442
f 2361 2362 2444
f 2361 2444 2443
f 2362 2363 2445
f 2362 2445 2444
f 2363 2364 2446
f 2363 2446 2445
f 2364 2365 2447
f 2364 2447 2446
f 2366 2367 2449
f 2366 2449 2448
f 2367 2368 2450
f 2367 2450 2449
f 2368 2369 2451
f 2368 2451 2450
f 2369 2370 2452
f 2369 2452 2451
f 2370 2371 2453
f 2370 2453 2452
f 2371 2372 2454
f 2371 2454 2453
f 2372 2373 2455
f 2372 2455 2454
f 2373 2374 2456
f 2373 2456 2455
f 2374 2293 2375
f 2374 2375 2456
f 2375 2376 2458
f 2375 2458 2457
f 2376 2377 2459
f 2376 2459 2458
f 2377 2378 2460
f 2377 2460 2459
f 2378 2379 2461
f 2378 2461 2460
f 2379 2380 2462
f 2379 2462 2461
f 2380 2381 2463
f 2380 2463 2462
f 2381 2382 2464
f 2381 2464 2463
f 2382 2383 2465
f 2382 2465 2464
f 2383 2384 2466
f 2383 2466 2465
f 2384 2385 2467
f 2384 2467 2466
f 2385 2386 2468
f 2385 2468 2467
f 2386 2387 2469
f 2386 2469 2468
f 2387 2388 2470
f 2387 2470 2469
f 2388 2389 2471
f 2388 2471 2470
f 2389 2390 2472
f 2389 2472 2471
f 2390 2391 2473
f 2390 2473 2472
f 2391 2392 2474
f 2391 2474 2473
f 2392 2393 2475
f 2392 2475 2474
f 2393 2394 2476
f 2393 2476 2475
f 2394 2395 2477
f 2394 2477 2476
f 2395 2396 2478
f 2395 2478 2477
f 2396 2397 2479
f 2396 2479 2478
f 2397 2398 2480
f 2397 2480 2479
f 2398 2399 2481
f 2398 2481 2480
f 2399 2400 2482
f 2399 2482 2481
f 2400 2401 2483
f 2400 2483 2482
f 2401 2402 2484
f 2401 2484 2483
f 2402 2403 2485
f 2402 2485 2484
f 2403 2404 2486
f 2403 2486 2485
f 2404 2405 2487
f 2404 2487 2486
f 2405 2406 2488
f 2405 2488 2487
f 2406 2407 2489
f 2406 2489 2488
f 2407 2408 2490
f 2407 2490 2489
f 2408 2409 2491
f 2408 2491 2490
f 2409 2410 2492
f 2409 2492 2491
f 2410 2411 2493
f 2410 2493 2492
f 2411 2412 2494
f 2411 2494 2493
f 2412 2413 2495
f 2412 2495 2494
f 2413 2414 2496
f 2413 2496 2495
f 2414 2415 2497
f 2414 2497 2496
f 2415 2416 2498
f 2415 2498 2497
f 2416 2417 2499
f 2416 2499 2498
f 2417 2418 2500
f 2417 2500 2499
f 2418 2419 2501
f 2418 2501 2500
f 2419 2420 2502
f 2419 2502 2501
f 2420 2421 2503
f 2420 2503 2502
f 2421 2422 2504
f 2421 2504 2503
f 2422 2423 2505
f 2422 2505 2504
f 2423 2424 2506
f 2423 2506 2505
f 2424 2425 2507
f 2424 2507 2506
f 2425 2426 2508
f 2425 2508 2507
f 2426 2427 2509
f 2426 2509 2508
f 2427 2428 2510
f 2427 2510 2509
f 2428 2429 2511
f 2428 2511 2510
f 2429 2430 2512
f 2429 2512 2511
f 2430 2431 2513
f 2430 2513 2512
f 2431 2432 2514
f 2431 2514 2513
f 2432 2433 2515
f 2432 2515 2514
f 2433 2434 2516
f 2433 2516 2515
f 2434 2435 2517
f 2434 2517 2516
f 2435 2436 2518
f 2435 2518 2517
f 2436 2437 2519
f 2436 2519 2518
f 2437 2438 2520
f 2437 2520 2519
f 2438 2439 2521
f 2438 2521 2520
f 2439 2440 2522
f 2439 2522 2521
f 2440 2441 2523
f 2440 2523 2522
f 2441 2442 2524
f 2441 2524 2523
f 2442 2443 2525
f 2442 2525 2524
f 2443 2444 2526
f 2443 2526 2525
f 2444 2445 2527
f 2444 2527 2526
f 2445 2446 2528
f 2445 2528 2527
f 2446 2447 2529
f 2446 2529 2528
f 2448 2449 2530
f 2449 2450 2531
f 2449 2531 2530
f 2450 2451 2532
f 2450 2532 2531
f 2451 2452 2533
f 2451 2533 2532
f 2452 2453 2534
f 2452 2534 2533
f 2453 2454 2535
f 2453 2535 2534
f 2454 2455 2536
f 2454 2536 2535
f 2455 2456 2537
f 2455 2537 2536
f 2456 2375 2457
f 2456 2457 2537
f 2457 2458 2539
f 2457 2539 2538
f 2458 2459 2540
f 2458 2540 2539
f 2459 2460 2541
f 2459 2541 2540
f 2460 2461 2542
f 2460 2542 2541
f 2461 2462 2543
f 2461 2543 2542
f 2462 2463 2544
f 2462 2544 2543
f 2463 2464 2545
f 2463 2545 2544
f 2464 2465 2546
f 2464 2546 2545
f 2465 2466 2547
f 2465 2547 2546
f 2466 2467 2548
f 2466 2548 2547
f 2467 2468 2549
f 2467 2549 2548
f 2468 2469 2550
f 2468 2550 2549
f 2469 2470 2551
f 2469 2551 2550
f 2470 2471 2552
f 2470 2552 2551
f 2471 2472 2553
f 2471 2553 2552
f 2472 2473 2554
f 2472 2554 2553
f 2473 2474 2555
f 2473 2555 2554
f 2474 2475 2556
f 2474 2556 2555
f 2475 2476 2557
f 2475 2557 2556
f 2476 2477 2558
f 2476 2558 2557
f 2477 2478 2559
f 2477 2559 2558
f 2478 2479 2560
f 2478 2560 2559
f 2479 2480 2561
f 2479 2561 2560
f 2480 2481 2562
f 2480 2562 2561
f 2481 2482 2563
f 2481 2563 2562
f 2482 2483 2564
f 2482 2564 2563
f 2483 2484 2565
f 2483 2565 2564
f 2484 2485 2566
f 2484 2566 2565
f 2485 2486 2567
f 2485 2567 2566
f 2486 2487 2568
f 2486 2568 2567
f 2487 2488 2569
f 2487 2569 2568
f 2488 2489 2570
f 2488 2570 2569
f 2489 2490 2571
f 2489 2571 2570
f 2490 2491 2572
f 2490 2572 2571
f 2491 2492 2573
f 2491 2573 2572
f 2492 2493 2574
f 2492 2574 2573
f 2493 2494 2575
f 2493 2575 2574
f 2494 2495 2576
f 2494 2576 2575
f 2495 2496 2577
f 2495 2577 2576
f 2496 2497 2578
f 2496 2578 2577
f 2497 2498 2579
f 2497 2579 2578
f 2498 2499 2580
f 2498 2580 2579
f 2499 2500 2581
f 2499 2581 2580
f 2500 2501 2582
f 2500 2582 2581
f 2501 2502 2583
f 2501 2583 2582
f 2502 2503 2584
f 2502 2584 2583
f 2503 2504 2585
f 2503 2585 2584
f 2504 2505 2586
f 2504 2586 2585
f 2505 2506 2587
f 2505 2587 2586
f 2506 2507 2588
f 2506 2588 2587
f 2507 2508 2589
f 2507 2589 2588
f 2508 2509 2590
f 2508 2590 2589
f 2509 2510 2591
f 2509 2591 2590
f 2510 2511 2592
f 2510 2592 2591
f 2511 2512 2593
f 2511 2593 2592
f 2512 2513 2594
f 2512 2594 2593
f 2513 2514 2595
f 2513 2595 2594
f 2514 2515 2596
f 2514 2596 2595
f 2515 2516 2597
f 2515 2597 2596
f 2516 2517 2598
f 2516 2598 2597
f 2517 2518 2599
f 2517 2599 2598
f 2518 2519 2600
f 2518 2600 2599
f 2519 2520 2601
f 2519 2601 2600
f 2520 2521 2602
f 2520 2602 2601
f 2521 2522 2603
f 2521 2603 2602
f 2522 2523 2604
f 2522 2604 2603
f 2523 2524 2605
f 2523 2605 2604
f 2524 2525 2606
f 2524 2606 2605
f 2525 2526 2607
f 2525 2607 2606
f 2526 2527 2608
f 2526 2608 2607
f 2527 2528 2609
f 2527 2609 2608
f 2528 2529 2610
f 2528 2610 2609
f 2530 2531 2612
f 2530 2612 2611
f 2531 2532 2613
f 2531 2613 2612
f 2532 2533 2614
f 2532 2614 2613
f 2533 2534 2615
f 2533 2615 2614
f 2534 2535 2616
f 2534 2616 2615
f 2535 2536 2617
f 2535 2617 2616
f 2536 2537 2618
f 2536 2618 2617
f 2537 2457 2538
f 2537 2538 2618
f 2538 2539 2620
f 2538 2620 2619
f 2539 2540 2621
f 2539 2621 2620
f 2540 2541 2622
f 2540 2622 2621
f 2541 2542 2623
f 2541 2623 2622
f 2542 2543 2624
f 2542 2624 2623
f 2543 2544 2625
f 2543 2625 2624
f 2544 2545 2626
f 2544 2626 2625
f 2545 2546 2627
f 2545 2627 2626
f 2546 2547 2628
f 2546 2628 2627
f 2547 2548 2629
f 2547 2629 2628
f 2548 2549 2630
f 2548 2630 2629
f 2549 2550 2631
f 2549 2631 2630
f 2550 2551 2632
f 2550 2632 2631
f 2551 2552 2633
f 2551 2633 2632
f 2552 2553 2634
f 2552 2634 2633
f 2553 2554 2635
f 2553 2635 2634
f 2554 2555 2636
f 2554 2636 2635
f 2555 2556 2637
f 2555 2637 2636
f 2556 2557 2638
f 2556 2638 2637
f 2557 2558 2639
f 2557 2639 2638
f 2558 2559 2640
f 2558 2640 2639
f 2559 2560 2641
f 2559 2641 2640
f 2560 2561 2642
f 2560 2642 2641
f 2561 2562 2643
f 2561 2643 2642
f 2562 2563 2644
f 2562 2644 2643
f 2563 2564 2645
f 2563 2645 2644
f 2564 2565 2646
f 2564 2646 2645
f 2565 2566 2647
f 2565 2647 2646
f 2566 2567 2648
f 2566 2648 2647
f 2567 2568 2649
f 2567 2649 2648
f 2568 2569 2650
f 2568 2650 2649
f 2569 2570 2651
f 2569 2651 2650
f 2570 2571 2652
f 2570 2652 2651
f 2571 2572 2653
f 2571 2653 2652
f 2572 2573 2654
f 2572 2654 2653
f 2573 2574 2655
f 2573 2655 2654
f 2574 2575 2656
f 2574 2656 2655
f 2575 2576 2657
f 2575 2657 2656
f 2576 2577 2658
f 2576 2658 2657
f 2577 2578 2659
f 2577 2659 2658
f 2578 2579 2660
f 2578 2660 2659
f 2579 2580 2661
f 2579 2661 2660
f 2580 2581 2662
f 2580 2662 2661
f 2581 2582 2663
f 2581 2663 2662
f 2582 2583 2664
f 2582 2664 2663
f 2583 2584 2665
f 2583 2665 2664
f 2584 2585 2666
f 2584 2666 2665
f 2585 2586 2667
f 2585 2667 2666
f 2586 2587 2668
f 2586 2668 2667
f 2587 2588 2669
f 2587 2669 2668
f 2588 2589 2670
f 2588 2670 2669
f 2589 2590 2671
f 2589 2671 2670
f 2590 2591 2672
f 2590 2672 2671
f 2591 2592 2673
f 2591 2673 2672
f 2592 2593 2674
f 2592 2674 2673
f 2593 2594 2675
f 2593 2675 2674
f 2594 2595 2676
f 2594 2676 2675
f 2595 2596 2677
f 2595 2677 2676
f 2596 2597 2678
f 2596 2678 2677
f 2597 2598 2679
f 2597 2679 2678
f 2598 2599 2680
f 2598 2680 2679
f 2599 2600 2681
f 2599 2681 2680
f 2600 2601 2682
f 2600 2682 2681
f 2601 2602 2683
f 2601 2683 2682
f 2602 2603 2684
f 2602 2684 2683
f 2603 2604 2685
f 2603 2685 2684
f 2604 2605 2686
f 2604 2686 2685
f 2605 2606 2687
f 2605 2687 2686
f 2606 2607 2688
f 2606 2688 2687
f 2607 2608 2689
f 2607 2689 2688
f 2608 2609 2690
f 2608 2690 2689
f 2609 2610 2691
f 2609 2691 2690
f 2611 2612 2693
f 2611 2693 2692
f 2612 2613 2694
f 2612 2694 2693
f 2613 2614 2695
f 2613 2695 2694
f 2614 2615 2696
f 2614 2696 2695
f 2615 2616 2697
f 2615 2697 2696
f 2616 2617 2698
f 2616 2698 2697
f 2617 2618 2699
f 2617 2699 2698
f 2618 2538 2619
f 2618 2619 2699
f 2619 2620 2701
f 2619 2701 2700
f 2620 2621 2702
f 2620 2702 2701
f 2621 2622 2703
f 2621 2703 2702
f 2622 2623 2704
f 2622 2704 2703
f 2623 2624 2705
f 2623 2705 2704
f 2624 2625 2706
f 2624 2706 2705
f 2625 2626 2707
f 2625 2707 2706
f 2626 2627 2708
f 2626 2708 2707
f 2627 2628 2709
f 2627 2709 2708
f 2628 2629 2710
f 2628 2710 2709
f 2629 2630 2711
f 2629 2711 2710
f 2630 2631 2712
f 2630 2712 2711
f 2631 2632 2713
f 2631 2713 2712
f 2632 2633 2714
f 2632 2714 2713
f 2633 2634 2715
f 2633 2715 2714
f 2634 2635 2716
f 2634 2716 2715
f 2635 2636 2717
f 2635 2717 2716
f 2636 2637 2718
f 2636 2718 2717
f 2637 2638 2719
f 2637 2719 2718
f 2638 2639 2720
f 2638 2720 2719
f 2639 2640 2721
f 2639 2721 2720
f 2640 2641 2722
f 2640 2722 2721
f 2641 2642 2723
f 2641 2723 2722
f 2642 2643 2724
f 2642 2724 2723
f 2643 2644 2725
f 2643 2725 2724
f 2644 2645 2726
f 2644 2726 2725
f 2645 2646 2727
f 2645 2727 2726
f 2646 2647 2728
f 2646 2728 2727
f 2647 2648 2729
f 2647 2729 2728
f 2648 2649 2730
f 2648 2730 2729
f 2649 2650 2731
f 2649 2731 2730
f 2650 2651 2732
f 2650 2732 2731
f 2651 2652 2733
f 2651 2733 2732
f 2652 2653 2734
f 2652 2734 2733
f 2653 2654 2735
f 2653 2735 2734
f 2654 2655 2736
f 2654 2736 2735
f 2655 2656 2737
f 2655 2737 2736
f 2656 2657 2738
f 2656 2738 2737
f 2657 2658 2739
f 2657 2739 2738
f 2658 2659 2740
f 2658 2740 2739
f 2659 2660 2741
f 2659 2741 2740
f 2660 2661 2742
f 2660 2742 2741
f 2661 2662 2743
f 2661 2743 2742
f 2662 2663 2744
f 2662 2744 2743
f 2663 2664 2745
f 2663 2745 2744
f 2664 2665 2746
f 2664 2746 2745
f 2665 2666 2747
f 2665 2747 2746
f 2666 2667 2748
f 2666 2748 2747
f 2667 2668 2749
f 2667 2749 2748
f 2668 2669 2750
f 2668 2750 2749
f 2669 2670 2751
f 2669 2751 2750
f 2670 2671 2752
f 2670 2752 2751
f 2671 2672 2753
f 2671 2753 2752
f 2672 2673 2754
f 2672 2754 2753
f 2673 2674 2755
f 2673 2755 2754
f 2674 2675 2756
f 2674 2756 2755
f 2675 2676 2757
f 2675 2757 2756
f 2676 2677 2758
f 2676 2758 2757
f 2677 2678 2759
f 2677 2759 2758
f 2678 2679 2760
f 2678 2760 2759
f 2679 2680 2761
f 2679 2761 2760
f 2680 2681 2762
f 2680 2762 2761
f 2681 2682 2763
f 2681 2763 2762
f 2682 2683 2764
f 2682 2764 2763
f 2683 2684 2765
f 2683 2765 2764
f 2684 2685 2766
f 2684 2766 2765
f 2685 2686 2767
f 2685 2767 2766
f 2686 2687 2768
f 2686 2768 2767
f 2687 2688 2769
f 2687 2769 2768
f 2688 2689 2770
f 2688 2770 2769
f 2689 2690 2771
f 2689 2771 2770
f 2690 2691 2772
f 2690 2772 2771
f 2692 2693 2774
f 2692 2774 2773
f 2693 2694 2775
f 2693 2775 2774
f 2694 2695 2776
f 2694 2776 2775
f 2695 2696 2777
f 2695 2777 2776
f 2696 2697 2778
f 2696 2778 2777
f 2697 2698 2779
f 2697 2779 2778
f 2698 2699 2780
f 2698 2780 2779
f 2699 2619 2700
f 2699 2700 2780
f 2700 2701 2782
f 2700 2782 2781
f 2701 2702 2783
f 2701 2783 2782
f 2702 2703 2784
f 2702 2784 2783
f 2703 2704 2785
f 2703 2785 2784
f 2704 2705 2786
f 2704 2786 2785
f 2705 2706 2787
f 2705 2787 2786
f 2706 2707 2788
f 2706 2788 2787
f 2707 2708 2789
f 2707 2789 2788
f 2708 2709 2790
f 2708 2790 2789
f 2709 2710 2791
f 2709 2791 2790
f 2710 2711 2792
f 2710 2792 2791
f 2711 2712 2793
f 2711 2793 2792
f 2712 2713 2794
f 2712 2794 2793
f 2713 2714 2795
f 2713 2795 2794
f 2714 2715 2796
f 2714 2796 2795
f 2715 2716 2797
f 2715 2797 2796
f 2716 2717 2798
f 2716 2798 2797
f 2717 2718 2799
f 2717 2799 2798
f 2718 2719 2800
f 2718 2800 2799
f 2719 2720 2801
f 2719 2801 2800
f 2720 2721 2802
f 2720 2802 2801
f 2721 2722 2803
f 2721 2803 2802
f 2722 2723 2804
f 2722 2804 2803
f 2723 2724 2805
f 2723 2805 2804
f 2724 2725 2806
f 2724 2806 2805
f 2725 2726 2807
f 2725 2807 2806
f 2726 2727 2808
f 2726 2808 2807
f 2727 2728 2809
f 2727 2809 2808
f 2728 2729 2810
f 2728 2810 2809
f 2729 2730 2811
f 2729 2811 2810
f 2730 2731 2812
f 2730 2812 2811
f 2731 2732 2813
f 2731 2813 2812
f 2732 2733 2814
f 2732 2814 2813
f 2733 2734 2815
f 2733 2815 2814
f 2734 2735 2816
f 2734 2816 2815
f 2735 2736 2817
f 2735 2817 2816
f 2736 2737 2818
f 2736 2818 2817
f 2737 2738 2819
f 2737 2819 2818
f 2738 2739 2820
f 2738 2820 2819
f 2739 2740 2821
f 2739 2821 2820
f 2740 2741 2822
f 2740 2822 2821
f 2741 2742 2823
f 2741 2823 2822
f 2742 2743 2824
f 2742 2824 2823
f 2743 2744 2825
f 2743 2825 2824
f 2744 2745 2826
f 2744 2826 2825
f 2745 2746 2827
f 2745 2827 2826
f 2746 2747 2828
f 2746 2828 2827
f 2747 2748 2829
f 2747 2829 2828
f 2748 2749 2830
f 2748 2830 2829
f 2749 2750 2831
f 2749 2831 2830
f 2750 2751 2832
f 2750 2832 2831
f 2751 2752 2833
f 2751 2833 2832
f 2752 2753 2834
f 2752 2834 2833
f 2753 2754 2835
f 2753 2835 2834
f 2754 2755 2836
f 2754 2836 2835
f 2755 2756 2837
f 2755 2837 2836
f 2756 2757 2838
f 2756 2838 2837
f 2757 2758 2839
f 2757 2839 2838
f 2758 2759 2840
f 2758 2840 2839
f 2759 2760 2841
f 2759 2841 2840
f 2760 2761 2842
f 2760 2842 2841
f 2761 2762 2843
f 2761 2843 2842
f 2762 2763 2844
f 2762 2844 2843
f 2763 2764 2845
f 2763 2845 2844
f 2764 2765 2846
f 2764 2846 2845
f 2765 2766 2847
f 2765 2847 2846
f 2766 2767 2848
f 2766 2848 2847
f 2767 2768 2849
f 2767 2849 2848
f 2768 2769 2850
f 2768 2850 2849
f 2769 2770 2851
f 2769 2851 2850
f 2770 2771 2852
f 2770 2852 2851
f 2771 2772 2853
f 2771 2853 2852
f 2773 2774 2855
f 2773 2855 2854
f 2774 2775 2856
f 2774 2856 2855
f 2775 2776 2857
f 2775 2857 2856
f 2776 2777 2858
f 2776 2858 2857
f 2777 2778 2859
f 2777 2859 2858
f 2778 2779 2860
f 2778 2860 2859
f 2779 2780 2861
f 2779 2861 2860
f 2780 2700 2781
f 2780 2781 2861
f 2781 2782 2863
f 2781 2863 2862
f 2782 2783 2864
f 2782 2864 2863
f 2783 2784 2865
f 2783 2865 2864
f 2784 2785 2866
f 2784 2866 2865
f 2785 2786 2867
f 2785 2867 2866
f 2786 2787 2868
f 2786 2868 2867
f 2787 2788 2869
f 2787 2869 2868
f 2788 2789 2870
f 2788 2870 2869
f 2789 2790 2871
f 2789 2871 2870
f 2790 2791 2872
f 2790 2872 2871
f 2791 2792 2873
f 2791 2873 2872
f 2792 2793 2874
f 2792 2874 2873
f 2793 2794 2875
f 2793 2875 2874
f 2794 2795 2876
f 2794 2876 2875
f 2795 2796 2877
f 2795 2877 2876
f 2796 2797 2878
f 2796 2878 2877
f 2797 2798 2879
f 2797 2879 2878
f 2798 2799 2880
f 2798 2880 2879
f 2799 2800 2881
f 2799 2881 2880
f 2800 2801 2882
f 2800 2882 2881
f 2801 2802 2883
f 2801 2883 2882
f 2802 2803 2884
f 2802 2884 2883
f 2803 2804 2885
f 2803 2885 2884
f 2804 2805 2886
f 2804 2886 2885
f 2805 2806 2887
f 2805 2887 2886
f 2806 2807 2888
f 2806 2888 2887
f 2807 2808 2889
f 2807 2889 2888
f 2808 2809 2890
f 2808 2890 2889
f 2809 2810 2891
f 2809 2891 2890
f 2810 2811 2892
f 2810 2892 2891
f 2811 2812 2893
f 2811 2893 2892
f 2812 2813 2894
f 2812 2894 2893
f 2813 2814 2895
f 2813 2895 2894
f 2814 2815 2896
f 2814 2896 2895
f 2815 2816 2897
f 2815 2897 2896
f 2816 2817 2898
f 2816 2898 2897
f 2817 2818 2899
f 2817 2899 2898
f 2818 2819 2900
f 2818 2900 2899
f 2819 2820 2901
f 2819 2901 2900
f 2820 2821 2902
f 2820 2902 2901
f 2821 2822 2903
f 2821 2903 2902
f 2822 2823 2904
f 2822 2904 2903
f 2823 2824 2905
f 2823 2905 2904
f 2824 2825 2906
f 2824 2906 2905
f 2825 2826 2907
f 2825 2907 2906
f 2826 2827 2908
f 2826 2908 2907
f 2827 2828 2909
f 2827 2909 2908
f 2828 2829 2910
f 2828 2910 2909
f 2829 2830 2911
f 2829 2911 2910
f 2830 2831 2912
f 2830 2912 2911
f 2831 2832 2913
f 2831 2913 2912
f 2832 2833 2914
f 2832 2914 2913
f 2833 2834 2915
f 2833 2915 2914
f 2834 2835 2916
f 2834 2916 2915
f 2835 2836 2917
f 2835 2917 2916
f 2836 2837 2918
f 2836 2918 2917
f 2837 2838 2919
f 2837 2919 2918
f 2838 2839 2920
f 2838 2920 2919
f 2839 2840 2921
f 2839 2921 2920
f 2840 2841 2922
f 2840 2922 2921
f 2841 2842 2923
f 2841 2923 2922
f 2842 2843 2924
f 2842 2924 2923
f 2843 2844 2925
f 2843 2925 2924
f 2844 2845 2926
f 2844 2926 2925
f 2845 2846 2927
f 2845 2927 2926
f 2846 2847 2928
f 2846 2928 2927
f 2847 2848 2929
f 2847 2929 2928
f 2848 2849 2930
f 2848 2930 2929
f 2849 2850 2931
f 2849 2931 2930
f 2850 2851 2932
f 2850 2932 2931
f 2851 2852 2933
f 2851 2933 2932
f 2852 2853 2934
f 2852 2934 2933
f 2854 2855 2936
f 2854 2936 2935
f 2855 2856 2937
f 2855 2937 2936
f 2856 2857 2938
f 2856 2938 2937
f 2857 2858 2939
f 2857 2939 2938
f 2858 2859 2940
f 2858 2940 2939
f 2859 2860 2941
f 2859 2941 2940
f 2860 2861 2942
f 2860 2942 2941
f 2861 2781 2862
f 2861 2862 2942
f 2862 2863 2944
f 2862 2944 2943
f 2863 2864 2945
f 2863 2945 2944
f 2864 2865 2946
f 2864 2946 2945
f 2865 2866 2947
f 2865 2947 2946
f 2866 2867 2948
f 2866 2948 2947
f 2867 2868 2949
f 2867 2949 2948
f 2868 2869 2950
f 2868 2950 2949
f 2869 2870 2951
f 2869 2951 2950
f 2870 2871 2952
f 2870 2952 2951
f 2871 2872 2953
f 2871 2953 2952
f 2872 2873 2954
f 2872 2954 2953
f 2873 2874 2955
f 2873 2955 2954
f 2874 2875 2956
f 2874 2956 2955
f 2875 2876 2957
f 2875 2957 2956
f 2876 2877 2958
f 2876 2958 2957
f 2877 2878 2959
f 2877 2959 2958
f 2878 2879 2960
f 2878 2960 2959
f 2879 2880 2961
f 2879 2961 2960
f 2880 2881 2962
f 2880 2962 2961
f 2881 2882 2963
f 2881 2963 2962
f 2882 2883 2964
f 2882 2964 2963
f 2883 2884 2965
f 2883 2965 2964
f 2884 2885 2966
f 2884 2966 2965
f 2885 2886 2967
f 2885 2967 2966
f 2886 2887 2968
f 2886 2968 2967
f 2887 2888 2969
f 2887 2969 2968
f 2888 2889 2970
f 2888 2970 2969
f 2889 2890 2971
f 2889 2971 2970
f 2890 2891 2972
f 2890 2972 2971
f 2891 2892 2973
f 2891 2973 2972
f 2892 2893 2974
f 2892 2974 2973
f 2893 2894 2975
f 2893 2975 2974
f 2894 2895 2976
f 2894 2976 2975
f 2895 2896 2977
f 2895 2977 2976
f 2896 2897 2978
f 2896 2978 2977
f 2897 2898 2979
f 2897 2979 2978
f 2898 2899 2980
f 2898 2980 2979
f 2899 2900 2981
f 2899 2981 2980
f 2900 2901 2982
f 2900 2982 2981
f 2901 2902 2983
f 2901 2983 2982
f 2902 2903 2984
f 2902 2984 2983
f 2903 2904 2985
f 2903 2985 2984
f 2904 2905 2986
f 2904 2986 2985
f 2905 2906 2987
f 2905 2987 2986
f 2906 2907 2988
f 2906 2988 2987
f 2907 2908 2989
f 2907 2989 2988
f 2908 2909 2990
f 2908 2990 2989
f 2909 2910 2991
f 2909 2991 2990
f 2910 2911 2992
f 2910 2992 2991
f 2911 2912 2993
f 2911 2993 2992
f 2912 2913 2994
f 2912 2994 2993
f 2913 2914 2995
f 2913 2995 2994
f 2914 2915 2996
f 2914 2996 2995
f 2915 2916 2997
f 2915 2997 2996
f 2916 2917 2998
f 2916 2998 2997
f 2917 2918 2999
f 2917 2999 2998
f 2918 2919 3000
f 2918 3000 2999
f 2919 2920 3001
f 2919 3001 3000
f 2920 2921 3002
f 2920 3002 3001
f 2921 2922 3003
f 2921 3003 3002
f 2922 2923 3004
f 2922 3004 3003
f 2923 2924 3005
f 2923 3005 3004
f 2924 2925 3006
f 2924 3006 3005
f 2925 2926 3007
f 2925 3007 3006
f 2926 2927 3008
f 2926 3008 3007
f 2927 2928 3009
f 2927 3009 3008
f 2928 2929 3010
f 2928 3010 3009
f 2929 2930 3011
f 2929 3011 3010
f 2930 2931 3012
f 2930 3012 3011
f 2931 2932 3013
f 2931 3013 3012
f 2932 2933 3014
f 2932 3014 3013
f 2933 2934 3015
f 2933 3015 3014
f 2935 2936 3017
f 2935 3017 3016
f 2936 2937 3018
f 2936 3018 3017
f 2937 2938 3019
f 2937 3019 3018
f 2938 2939 3020
f 2938 3020 3019
f 2939 2940 3021
f 2939 3021 3020
f 2940 2941 3022
f 2940 3022 3021
f 2941 2942 3023
f 2941 3023 3022
f 2942 2862 2943
f 2942 2943 3023
f 2943 2944 3025
f 2943 3025 3024
f 2944 2945 3026
f 2944 3026 3025
f 2945 2946 3027
f 2945 3027 3026
f 2946 2947 3028
f 2946 3028 3027
f 2947 2948 3029
f 2947 3029 3028
f 2948 2949 3030
f 2948 3030 3029
f 2949 2950 3031
f 2949 3031 3030
f 2950 2951 3032
f 2950 3032 3031
f 2951 2952 3033
f 2951 3033 3032
f 2952 2953 3034
f 2952 3034 3033
f 2953 2954 3035
f 2953 3035 3034
f 2954 2955 3036
f 2954 3036 3035
f 2955 2956 3037
f 2955 3037 3036
f 2956 2957 3038
f 2956 3038 3037
f 2957 2958 3039
f 2957 3039 3038
f 2958 2959 3040
f 2958 3040 3039
f 2959 2960 3041
f 2959 3041 3040
f 2960 2961 3042
f 2960 3042 3041
f 2961 2962 3043
f 2961 3043 3042
f 2962 2963 3044
f 2962 3044 3043
f 2963 2964 3045
f 2963 3045 3044
f 2964 2965 3046
f 2964 3046 3045
f 2965 2966 3047
f 2965 3047 3046
f 2966 2967 3048
f 2966 3048 3047
f 2967 2968 3049
f 2967 3049 3048
f 2968 2969 3050
f 2968 3050 3049
f 2969 2970 3051
f 2969 3051 3050
f 2970 2971 3052
f 2970 3052 3051
f 2971 2972 3053
f 2971 3053 3052
f 2972 2973 3054
f 2972 3054 3053
f 2973 2974 3055
f 2973 3055 3054
f 2974 2975 3056
f 2974 3056 3055
f 2975 2976 3057
f 2975 3057 3056
f 2976 2977 3058
f 2976 3058 3057
f 2977 2978 3059
f 2977 3059 3058
f 2978 2979 3060
f 2978 3060 3059
f 2979 2980 3061
f 2979 3061 3060
f 2980 2981 3062
f 2980 3062 3061
f 2981 2982 3063
f 2981 3063 3062
f 2982 2983 3064
f 2982 3064 3063
f 2983 2984 3065
f 2983 3065 3064
f 2984 2985 3066
f 2984 3066 3065
f 2985 2986 3067
f 2985 3067 3066
f 2986 2987 3068
f 2986 3068 3067
f 2987 2988 3069
f 2987 3069 3068
f 2988 2989 3070
f 2988 3070 3069
f 2989 2990 3071
f 2989 3071 3070
f 2990 2991 3072
f 2990 3072 3071
f 2991 2992 3073
f 2991 3073 3072
f 2992 2993 3074
f 2992 3074 3073
f 2993 2994 3075
f 2993 3075 3074
f 2994 2995 3076
f 2994 3076 3075
f 2995 2996 3077
f 2995 3077 3076
f 2996 2997 3078
f 2996 3078 3077
f 2997 2998 3079
f 2997 3079 3078
f 2998 2999 3080
f 2998 3080 3079
f 2999 3000 3081
f 2999 3081 3080
f 3000 3001 3082
f 3000 3082 3081
f 3001 3002 3083
f 3001 3083 3082
f 3002 3003 3084
f 3002 3084 3083
f 3003 3004 3085
f 3003 3085 3084
f 3004 3005 3086
f 3004 3086 3085
f 3005 3006 3087
f 3005 3087 3086
f 3006 3007 3088
f 3006 3088 3087
f 3007 3008 3089
f 3007 3089 3088
f 3008 3009 3090
f 3008 3090 3089
f 3009 3010 3091
f 3009 3091 3090
f 3010 3011 3092
f 3010 3092 3091
f 3011 3012 3093
f 3011 3093 3092
f 3012 3013 3094
f 3012 3094 3093
f 3013 3014 3095
f 3013 3095 3094
f 3014 3015 3096
f 3014 3096 3095
f 3016 3017 3098
f 3016 3098 3097
f 3017 3018 3099
f 3017 3099 3098
f 3018 3019 3100
f 3018 3100 3099
f 3019 3020 3101
f 3019 3101 3100
f 3020 3021 3102
f 3020 3102 3101
f 3021 3022 3103
f 3021 3103 3102
f 3022 3023 3104
f 3022 3104 3103
f 3023 2943 3024
f 3023 3024 3104
f 3024 3025 3106
f 3024 3106 3105
f 3025 3026 3107
f 3025 3107 3106
f 3026 3027 3108
f 3026 3108 3107
f 3027 3028 3109
f 3027 3109 3108
f 3028 3029 3110
f 3028 3110 3109
f 3029 3030 3111
f 3029 3111 3110
f 3030 3031 3112
f 3030 3112 3111
f 3031 3032 3113
f 3031 3113 3112
f 3032 3033 3114
f 3032 3114 3113
f 3033 3034 3115
f 3033 3115 3114
f 3034 3035 3116
f 3034 3116 3115
f 3035 3036 3117
f 3035 3117 3116
f 3036 3037 3118
f 3036 3118 3117
f 3037 3038 3119
f 3037 3119 3118
f 3038 3039 3120
f 3038 3120 3119
f 3039 3040 3121
f 3039 3121 3120
f 3040 3041 3122
f 3040 3122 3121
f 3041 3042 3123
f 3041 3123 3122
f 3042 3043 3124
f 3042 3124 3123
f 3043 3044 3125
f 3043 3125 3124
f 3044 3045 3126
f 3044 3126 3125
f 3045 3046 3127
f 3045 3127 3126
f 3046 3047 3128
f 3046 3128 3127
f 3047 3048 3129
f 3047 3129 3128
f 3048 3049 3130
f 3048 3130 3129
f 3049 3050 3131
f 3049 3131 3130
f 3050 3051 3132
f 3050 3132 3131
f 3051 3052 3133
f 3051 3133 3132
f 3052 3053 3134
f 3052 3134 3133
f 3053 3054 3135
f 3053 3135 3134
f 3054 3055 3136
f 3054 3136 3135
f 3055 3056 3137
f 3055 3137 3136
f 3056 3057 3138
f 3056 3138 3137
f 3057 3058 3139
f 3057 3139 3138
f 3058 3059 3140
f 3058 3140 3139
f 3059 3060 3141
f 3059 3141 3140
f 3060 3061 3142
f 3060 3142 3141
f 3061 3062 3143
f 3061 3143 3142
f 3062 3063 3144
f 3062 3144 3143
f 3063 3064 3145
f 3063 3145 3144
f 3064 3065 3146
f 3064 3146 3145
f 3065 3066 3147
f 3065 3147 3146
f 3066 3067 3148
f 3066 3148 3147
f 3067 3068 3149
f 3067 3149 3148
f 3068 3069 3150
f 3068 3150 3149
f 3069 3070 3151
f 3069 3151 3150
f 3070 3071 3152
f 3070 3152 3151
f 3071 3072 3153
f 3071 3153 3152
f 3072 3073 3154
f 3072 3154 3153
f 3073 3074 3155
f 3073 3155 3154
f 3074 3075 3156
f 3074 3156 3155
f 3075 3076 3157
f 3075 3157 3156
f 3076 3077 3158
f 3076 3158 3157
f 3077 3078 3159
f 3077 3159 3158
f 3078 3079 3160
f 3078 3160 3159
f 3079 3080 3161
f 3079 3161 3160
f 3080 3081 3162
f 3080 3162 3161
f 3081 3082 3163
f 3081 3163 3162
f 3082 3083 3164
f 3082 3164 3163
f 3083 3084 3165
f 3083 3165 3164
f 3084 3085 3166
f 3084 3166 3165
f 3085 3086 3167
f 3085 3167 3166
f 3086 3087 3168
f 3086 3168 3167
f 3087 3088 3169
f 3087 3169 3168
f 3088 3089 3170
f 3088 3170 3169
f 3089 3090 3171
f 3089 3171 3170
f 3090 3091 3172
f 3090 3172 3171
f 3091 3092 3173
f 3091 3173 3172
f 3092 3093 3174
f 3092 3174 3173
f 3093 3094 3175
f 3093 3175 3174
f 3094 3095 3176
f 3094 3176 3175
f 3095 3096 3177
f 3095 3177 3176
f 3097 3098 3179
f 3097 3179 3178
f 3098 3099 3180
f 3098 3180 3179
f 3099 3100 3181
f 3099 3181 3180
f 3100 3101 3182
f 3100 3182 3181
f 3101 3102 3183
f 3101 3183 3182
f 3102 3103 3184
f 3102 3184 3183
f 3103 3104 3185
f 3103 3185 3184
f 3104 3024 3105
f 3104 3105 3185
f 3105 3106 3187
f 3105 3187 3186
f 3106 3107 3188
f 3106 3188 3187
f 3107 3108 3189
f 3107 3189 3188
f 3108 3109 3190
f 3108 3190 3189
f 3109 3110 3191
f 3109 3191 3190
f 3110 3111 3192
f 3110 3192 3191
f 3111 3112 3193
f 3111 3193 3192
f 3112 3113 3194
f 3112 3194 3193
f 3113 3114 3195
f 3113 3195 3194
f 3114 3115 3196
f 3114 3196 3195
f 3115 3116 3197
f 3115 3197 3196
f 3116 3117 3198
f 3116 3198 3197
f 3117 3118 3199
f 3117 3199 3198
f 3118 3119 3200
f 3118 3200 3199
f 3119 3120 3201
f 3119 3201 3200
f 3120 3121 3202
f 3120 3202 3201
f 3121 3122 3203
f 3121 3203 3202
f 3122 3123 3204
f 3122 3204 3203
f 3123 3124 3205
f 3123 3205 3204
f 3124 3125 3206
f 3124 3206 3205
f 3125 3126 3207
f 3125 3207 3206
f 3126 3127 3208
f 3126 3208 3207
f 3127 3128 3209
f 3127 3209 3208
f 3128 3129 3210
f 3128 3210 3209
f 3129 3130 3211
f 3129 3211 3210
f 3130 3131 3212
f 3130 3212 3211
f 3131 3132 3213
f 3131 3213 3212
f 3132 3133 3214
f 3132 3214 3213
f 3133 3134 3215
f 3133 3215 3214
f 3134 3135 3216
f 3134 3216 3215
f 3135 3136 3217
f 3135 3217 3216
f 3136 3137 3218
f 3136 3218 3217
f 3137 3138 3219
f 3137 3219 3218
f 3138 3139 3220
f 3138 3220 3219
f 3139 3140 3221
f 3139 3221 3220
f 3140 3141 3222
f 3140 3222 3221
f 3141 3142 3223
f 3141 3223 3222
f 3142 3143 3224
f 3142 3224 3223
f 3143 3144 3225
f 3143 3225 3224
f 3144 3145 3226
f 3144 3226 3225
f 3145 3146 3227
f 3145 3227 3226
f 3146 3147 3228
f 3146 3228 3227
f 3147 3148 3229
f 3147 3229 3228
f 3148 3149 3230
f 3148 3230 3229
f 3149 3150 3231
f 3149 3231 3230
f 3150 3151 3232
f 3150 3232 3231
f 3151 3152 3233
f 3151 3233 3232
f 3152 3153 3234
f 3152 3234 3233
f 3153 3154 3235
f 3153 3235 3234
f 3154 3155 3236
f 3154 3236 3235
f 3155 3156 3237
f 3155 3237 3236
f 3156 3157 3238
f 3156 3238 3237
f 3157 3158 3239
f 3157 3239 3238
f 3158 3159 3240
f 3158 3240 3239
f 3159 3160 3241
f 3159 3241 3240
f 3160 3161 3242
f 3160 3242 3241
f 3161 3162 3243
f 3161 3243 3242
f 3162 3163 3244
f 3162 3244 3243
f 3163 3164 3245
f 3163 3245 3244
f 3164 3165 3246
f 3164 3246 3245
f 3165 3166 3247
f 3165 3247 3246
f 3166 3167 3248
f 3166 3248 3247
f 3167 3168 3249
f 3167 3249 3248
f 3168 3169 3250
f 3168 3250 3249
f 3169 3170 3251
f 3169 3251 3250
f 3170 3171 3252
f 3170 3252 3251
f 3171 3172 3253
f 3171 3253 3252
f 3172 3173 3254
f 3172 3254 3253
f 3173 3174 3255
f 3173 3255 3254
f 3174 3175 3256
f 3174 3256 3255
f 3175 3176 3257
f 3175 3257 3256
f 3176 3177 3258
f 3176 3258 3257
f 3178 3179 3260
f 3178 3260 3259
f 3179 3180 3261
f 3179 3261 3260
f 3180 3181 3262
f 3180 3262 3261
f 3181 3182 3263
f 3181 3263 3262
f 3182 3183 3264
f 3182 3264 3263
f 3183 3184 3265
f 3183 3265 3264
f 3184 3185 3266
f 3184 3266 3265
f 3185 3105 3186
f 3185 3186 3266
f 3186 3187 3268
f 3186 3268 3267
f 3187 3188 3269
f 3187 3269 3268
f 3188 3189 3270
f 3188 3270 3269
f 3189 3190 3271
f 3189 3271 3270
f 3190 3191 3272
f 3190 3272 3271
f 3191 3192 3273
f 3191 3273 3272
f 3192 3193 3274
f 3192 3274 3273
f 3193 3194 3275
f 3193 3275 3274
f 3194 3195 3276
f 3194 3276 3275
f 3195 3196 3277
f 3195 3277 3276
f 3196 3197 3278
f 3196 3278 3277
f 3197 3198 3279
f 3197 3279 3278
f 3198 3199 3280
f 3198 3280 3279
f 3199 3200 3281
f 3199 3281 3280
f 3200 3201 3282
f 3200 3282 3281
f 3201 3202 3283
f 3201 3283 3282
f 3202 3203 3284
f 3202 3284 3283
f 3203 3204 3285
f 3203 3285 3284
f 3204 3205 3286
f 3204 3286 3285
f 3205 3206 3287
f 3205 3287 3286
f 3206 3207 3288
f 3206 3288 3287
f 3207 3208 3289
f 3207 3289 3288
f 3208 3209 3290
f 3208 3290 3289
f 3209 3210 3291
f 3209 3291 3290
f 3210 3211 3292
f 3210 3292 3291
f 3211 3212 3293
f 3211 3293 3292
f 3212 3213 3294
f 3212 3294 3293
f 3213 3214 3295
f 3213 3295 3294
f 3214 3215 3296
f 3214 3296 3295
f 3215 3216 3297
f 3215 3297 3296
f 3216 3217 3298
f 3216 3298 3297
f 3217 3218 3299
f 3217 3299 3298
f 3218 3219 3300
f 3218 3300 3299
f 3219 3220 3301
f 3219 3301 3300
f 3220 3221 3302
f 3220 3302 3301
f 3221 3222 3303
f 3221 3303 3302
f 3222 3223 3304
f 3222 3304 3303
f 3223 3224 3305
f 3223 3305 3304
f 3224 3225 3306
f 3224 3306 3305
f 3225 3226 3307
f 3225 3307 3306
f 3226 3227 3308
f 3226 3308 3307
f 3227 3228 3309
f 3227 3309 3308
f 3228 3229 3310
f 3228 3310 3309
f 3229 3230 3311
f 3229 3311 3310
f 3230 3231 3312
f 3230 3312 3311
f 3231 3232 3313
f 3231 3313 3312
f 3232 3233 3314
f 3232 3314 3313
f 3233 3234 3315
f 3233 3315 3314
f 3234 3235 3316
f 3234 3316 3315
f 3235 3236 3317
f 3235 3317 3316
f 3236 3237 3318
f 3236 3318 3317
f 3237 3238 3319
f 3237 3319 3318
f 3238 3239 3320
f 3238 3320 3319
f 3239 3240 3321
f 3239 3321 3320
f 3240 3241 3322
f 3240 3322 3321
f 3241 3242 3323
f 3241 3323 3322
f 3242 3243 3324
f 3242 3324 3323
f 3243 3244 3325
f 3243 3325 3324
f 3244 3245 3326
f 3244 3326 3325
f 3245 3246 3327
f 3245 3327 3326
f 3246 3247 3328
f 3246 3328 3327
f 3247 3248 3329
f 3247 3329 3328
f 3248 3249 3330
f 3248 3330 3329
f 3249 3250 3331
f 3249 3331 3330
f 3250 3251 3332
f 3250 3332 3331
f 3251 3252 3333
f 3251 3333 3332
f 3252 3253 3334
f 3252 3334 3333
f 3253 3254 3335
f 3253 3335 3334
f 3254 3255 3336
f 3254 3336 3335
f 3255 3256 3337
f 3255 3337 3336
f 3256 3257 3338
f 3256 3338 3337
f 3257 3258 3339
f 3257 3339 3338
f 3259 3260 3340
f 3260 3261 3341
f 3260 3341 3340
f 3261 3262 3342
f 3261 3342 3341
f 3262 3263 3343
f 3262 3343 3342
f 3263 3264 3344
f 3263 3344 3343
f 3264 3265 3345
f 3264 3345 3344
f 3265 3266 3346
f 3265 3346 3345
f 3266 3186 3267
f 3266 3267 3346
f 3267 3268 3348
f 3267 3348 3347
f 3268 3269 3349
f 3268 3349 3348
f 3269 3270 3350
f 3269 3350 3349
f 3270 3271 3351
f 3270 3351 3350
f 3271 3272 3352
f 3271 3352 3351
f 3272 3273 3353
f 3272 3353 3352
f 3273 3274 3354
f 3273 3354 3353
f 3274 3275 3355
f 3274 3355 3354
f 3275 3276 3356
f 3275 3356 3355
f 3276 3277 3357
f 3276 3357 3356
f 3277 3278 3358
f 3277 3358 3357
f 3278 3279 3359
f 3278 3359 3358
f 3279 3280 3360
f 3279 3360 3359
f 3280 3281 3361
f 3280 3361 3360
f 3281 3282 3362
f 3281 3362 3361
f 3282 3283 3363
f 3282 3363 3362
f 3283 3284 3364
f 3283 3364 3363
f 3284 3285 3365
f 3284 3365 3364
f 3285 3286 3366
f 3285 3366 3365
f 3286 3287 3367
f 3286 3367 3366
f 3287 3288 3368
f 3287 3368 3367
f 3288 3289 3369
f 3288 3369 3368
f 3289 3290 3370
f 3289 3370 3369
f 3290 3291 3371
f 3290 3371 3370
f 3291 3292 3372
f 3291 3372 3371
f 3292 3293 3373
f 3292 3373 3372
f 3293 3294 3374
f 3293 3374 3373
f 3294 3295 3375
f 3294 3375 3374
f 3295 3296 3376
f 3295 3376 3375
f 3296 3297 3377
f 3296 3377 3376
f 3297 3298 3378
f 3297 3378 3377
f 3298 3299 3379
f 3298 3379 3378
f 3299 3300 3380
f 3299 3380 3379
f 3300 3301 3381
f 3300 3381 3380
f 3301 3302 3382
f 3301 3382 3381
f 3302 3303 3383
f 3302 3383 3382
f 3303 3304 3384
f 3303 3384 3383
f 3304 3305 3385
f 3304 3385 3384
f 3305 3306 3386
f 3305 3386 3385
f 3306 3307 3387
f 3306 3387 3386
f 3307 3308 3388
f 3307 3388 3387
f 3308 3309 3389
f 3308 3389 3388
f 3309 3310 3390
f 3309 3390 3389
f 3310 3311 3391
f 3310 3391 3390
f 3311 3312 3392
f 3311 3392 3391
f 3312 3313 3393
f 3312 3393 3392
f 3313 3314 3394
f 3313 3394 3393
f 3314 3315 3395
f 3314 3395 3394
f 3315 3316 3396
f 3315 3396 3395
f 3316 3317 3397
f 3316 3397 3396
f 3317 3318 3398
f 3317 3398 3397
f 3318 3319 3399
f 3318 3399 3398
f 3319 3320 3400
f 3319 3400 3399
f 3320 3321 3401
f 3320 3401 3400
f 3321 3322 3402
f 3321 3402 3401
f 3322 3323 3403
f 3322 3403 3402
f 3323 3324 3404
f 3323 3404 3403
f 3324 3325 3405
f 3324 3405 3404
f 3325 3326 3406
f 3325 3406 3405
f 3326 3327 3407
f 3326 3407 3406
f 3327 3328 3408
f 3327 3408 3407
f 3328 3329 3409
f 3328 3409 3408
f 3329 3330 3410
f 3329 3410 3409
f 3330 3331 3411
f 3330 3411 3410
f 3331 3332 3412
f 3331 3412 3411
f 3332 3333 3413
f 3332 3413 3412
f 3333 3334 3414
f 3333 3414 3413
f 3334 3335 3415
f 3334 3415 3414
f 3335 3336 3416
f 3335 3416 3415
f 3336 3337 3417
f 3336 3417 3416
f 3337 3338 3418
f 3337 3418 3417
f 3340 3341 3420
f 3340 3420 3419
f 3341 3342 3421
f 3341 3421 3420
f 3342 3343 3422
f 3342 3422 3421
f 3343 3344 3423
f 3343 3423 3422
f 3344 3345 3424
f 3344 3424 3423
f 3345 3346 3425
f 3345 3425 3424
f 3346 3267 3347
f 3346 3347 3425
f 3347 3348 3427
f 3347 3427 3426
f 3348 3349 3428
f 3348 3428 3427
f 3349 3350 3429
f 3349 3429 3428
f 3350 3351 3430
f 3350 3430 3429
f 3351 3352 3431
f 3351 3431 3430
f 3352 3353 3432
f 3352 3432 3431
f 3353 3354 3433
f 3353 3433 3432
f 3354 3355 3434
f 3354 3434 3433
f 3355 3356 3435
f 3355 3435 3434
f 3356 3357 3436
f 3356 3436 3435
f 3357 3358 3437
f 3357 3437 3436
f 3358 3359 3438
f 3358 3438 3437
f 3359 3360 3439
f 3359 3439 3438
f 3360 3361 3440
f 3360 3440 3439
f 3361 3362 3441
f 3361 3441 3440
f 3362 3363 3442
f 3362 3442 3441
f 3363 3364 3443
f 3363 3443 3442
f 3364 3365 3444
f 3364 3444 3443
f 3365 3366 3445
f 3365 3445 3444
f 3366 3367 3446
f 3366 3446 3445
f 3367 3368 3447
f 3367 3447 3446
f 3368 3369 3448
f 3368 3448 3447
f 3369 3370 3449
f 3369 3449 3448
f 3370 3371 3450
f 3370 3450 3449
f 3371 3372 3451
f 3371 3451 3450
f 3372 3373 3452
f 3372 3452 3451
f 3373 3374 3453
f 3373 3453 3452
f 3374 3375 3454
f 3374 3454 3453
f 3375 3376 3455
f 3375 3455 3454
f 3376 3377 3456
f 3376 3456 3455
f 3377 3378 3457
f 3377 3457 3456
f 3378 3379 3458
f 3378 3458 3457
f 3379 3380 3459
f 3379 3459 3458
f 3380 3381 3460
f 3380 3460 3459
f 3381 3382 3461
f 3381 3461 3460
f 3382 3383 3462
f 3382 3462 3461
f 3383 3384 3463
f 3383 3463 3462
f 3384 3385 3464
f 3384 3464 3463
f 3385 3386 3465
f 3385 3465 3464
f 3386 3387 3466
f 3386 3466 3465
f 3387 3388 3467
f 3387 3467 3466
f 3388 3389 3468
f 3388 3468 3467
f 3389 3390 3469
f 3389 3469 3468
f 3390 3391 3470
f 3390 3470 3469
f 3391 3392 3471
f 3391 3471 3470
f 3392 3393 3472
f 3392 3472 3471
f 3393 3394 3473
f 3393 3473 3472
f 3394 3395 3474
f 3394 3474 3473
f 3395 3396 3475
f 3395 3475 3474
f 3396 3397 3476
f 3396 3476 3475
f 3397 3398 3477
f 3397 3477 3476
f 3398 3399 3478
f 3398 3478 3477
f 3399 3400 3479
f 3399 3479 3478
f 3400 3401 3480
f 3400 3480 3479
f 3401 3402 3481
f 3401 3481 3480
f 3402 3403 3482
f 3402 3482 3481
f 3403 3404 3483
f 3403 3483 3482
f 3404 3405 3484
f 3404 3484 3483
f 3405 3406 3485
f 3405 3485 3484
f 3406 3407 3486
f 3406 3486 3485
f 3407 3408 3487
f 3407 3487 3486
f 3408 3409 3488
f 3408 3488 3487
f 3409 3410 3489
f 3409 3489 3488
f 3410 3411 3490
f 3410 3490 3489
f 3411 3412 3491
f 3411 3491 3490
f 3412 3413 3492
f 3412 3492 3491
f 3413 3414 3493
f 3413 3493 3492
f 3414 3415 3494
f 3414 3494 3493
f 3415 3416 3495
f 3415 3495 3494
f 3416 3417 3496
f 3416 3496 3495
f 3417 3418 3497
f 3417 3497 3496
f 3419 3420 3499
f 3419 3499 3498
f 3420 3421 3500
f 3420 3500 3499
f 3421 3422 3501
f 3421 3501 3500
f 3422 3423 3502
f 3422 3502 3501
f 3423 3424 3503
f 3423 3503 3502
f 3424 3425 3504
f 3424 3504 3503
f 3425 3347 3426
f 3425 3426 3504
f 3426 3427 3506
f 3426 3506 3505
f 3427 3428 3507
f 3427 3507 3506
f 3428 3429 3508
f 3428 3508 3507
f 3429 3430 3509
f 3429 3509 3508
f 3430 3431 3510
f 3430 3510 3509
f 3431 3432 3511
f 3431 3511 3510
f 3432 3433 3512
f 3432 3512 3511
f 3433 3434 3513
f 3433 3513 3512
f 3434 3435 3514
f 3434 3514 3513
f 3435 3436 3515
f 3435 3515 3514
f 3436 3437 3516
f 3436 3516 3515
f 3437 3438 3517
f 3437 3517 3516
f 3438 3439 3518
f 3438 3518 3517
f 3439 3440 3519
f 3439 3519 3518
f 3440 3441 3520
f 3440 3520 3519
f 3441 3442 3521
f 3441 3521 3520
f 3442 3443 3522
f 3442 3522 3521
f 3443 3444 3523
f 3443 3523 3522
f 3444 3445 3524
f 3444 3524 3523
f 3445 3446 3525
f 3445 3525 3524
f 3446 3447 3526
f 3446 3526 3525
f 3447 3448 3527
f 3447 3527 3526
f 3448 3449 3528
f 3448 3528 3527
f 3449 3450 3529
f 3449 3529 3528
f 3450 3451 3530
f 3450 3530 3529
f 3451 3452 3531
f 3451 3531 3530
f 3452 3453 3532
f 3452 3532 3531
f 3453 3454 3533
f 3453 3533 3532
f 3454 3455 3534
f 3454 3534 3533
f 3455 3456 3535
f 3455 3535 3534
f 3456 3457 3536
f 3456 3536 3535
f 3457 3458 3537
f 3457 3537 3536
f 3458 3459 3538
f 3458 3538 3537
f 3459 3460 3539
f 3459 3539 3538
f 3460 3461 3540
f 3460 3540 3539
f 3461 3462 3541
f 3461 3541 3540
f 3462 3463 3542
f 3462 3542 3541
f 3463 3464 3543
f 3463 3543 3542
f 3464 3465 3544
f 3464 3544 3543
f 3465 3466 3545
f 3465 3545 3544
f 3466 3467 3546
f 3466 3546 3545
f 3467 3468 3547
f 3467 3547 3546
f 3468 3469 3548
f 3468 3548 3547
f 3469 3470 3549
f 3469 3549 3548
f 3470 3471 3550
f 3470 3550 3549
f 3471 3472 3551
f 3471 3551 3550
f 3472 3473 3552
f 3472 3552 3551
f 3473 3474 3553
f 3473 3553 3552
f 3474 3475 3554
f 3474 3554 3553
f 3475 3476 3555
f 3475 3555 3554
f 3476 3477 3556
f 3476 3556 3555
f 3477 3478 3557
f 3477 3557 3556
f 3478 3479 3558
f 3478 3558 3557
f 3479 3480 3559
f 3479 3559 3558
f 3480 3481 3560
f 3480 3560 3559
f 3481 3482 3561
f 3481 3561 3560
f 3482 3483 3562
f 3482 3562 3561
f 3483 3484 3563
f 3483 3563 3562
f 3484 3485 3564
f 3484 3564 3563
f 3485 3486 3565
f 3485 3565 3564
f 3486 3487 3566
f 3486 3566 3565
f 3487 3488 3567
f 3487 3567 3566
f 3488 3489 3568
f 3488 3568 3567
f 3489 3490 3569
f 3489 3569 3568
f 3490 3491 3570
f 3490 3570 3569
f 3491 3492 3571
f 3491 3571 3570
f 3492 3493 3572
f 3492 3572 3571
f 3493 3494 3573
f 3493 3573 3572
f 3494 3495 3574
f 3494 3574 3573
f 3495 3496 3575
f 3495 3575 3574
f 3496 3497 3576
f 3496 3576 3575
f 3498 3499 3578
f 3498 3578 3577
f 3499 3500 3579
f 3499 3579 3578
f 3500 3501 3580
f 3500 3580 3579
f 3501 3502 3581
f 3501 3581 3580
f 3502 3503 3582
f 3502 3582 3581
f 3503 3504 3583
f 3503 3583 3582
f 3504 3426 3505
f 3504 3505 3583
f 3505 3506 3585
f 3505 3585 3584
f 3506 3507 3586
f 3506 3586 3585
f 3507 3508 3587
f 3507 3587 3586
f 3508 3509 3588
f 3508 3588 3587
f 3509 3510 3589
f 3509 3589 3588
f 3510 3511 3590
f 3510 3590 3589
f 3511 3512 3591
f 3511 3591 3590
f 3512 3513 3592
f 3512 3592 3591
f 3513 3514 3593
f 3513 3593 3592
f 3514 3515 3594
f 3514 3594 3593
f 3515 3516 3595
f 3515 3595 3594
f 3516 3517 3596
f 3516 3596 3595
f 3517 3518 3597
f 3517 3597 3596
f 3518 3519 3598
f 3518 3598 3597
f 3519 3520 3599
f 3519 3599 3598
f 3520 3521 3600
f 3520 3600 3599
f 3521 3522 3601
f 3521 3601 3600
f 3522 3523 3602
f 3522 3602 3601
f 3523 3524 3603
f 3523 3603 3602
f 3524 3525 3604
f 3524 3604 3603
f 3525 3526 3605
f 3525 3605 3604
f 3526 3527 3606
f 3526 3606 3605
f 3527 3528 3607
f 3527 3607 3606
f 3528 3529 3608
f 3528 3608 3607
f 3529 3530 3609
f 3529 3609 3608
f 3530 3531 3610
f 3530 3610 3609
f 3531 3532 3611
f 3531 3611 3610
f 3532 3533 3612
f 3532 3612 3611
f 3533 3534 3613
f 3533 3613 3612
f 3534 3535 3614
f 3534 3614 3613
f 3535 3536 3615
f 3535 3615 3614
f 3536 3537 3616
f 3536 3616 3615
f 3537 3538 3617
f 3537 3617 3616
f 3538 3539 3618
f 3538 3618 3617
f 3539 3540 3619
f 3539 3619 3618
f 3540 3541 3620
f 3540 3620 3619
f 3541 3542 3621
f 3541 3621 3620
f 3542 3543 3622
f 3542 3622 3621
f 3543 3544 3623
f 3543 3623 3622
f 3544 3545 3624
f 3544 3624 3623
f 3545 3546 3625
f 3545 3625 3624
f 3546 3547 3626
f 3546 3626 3625
f 3547 3548 3627
f 3547 3627 3626
f 3548 3549 3628
f 3548 3628 3627
f 3549 3550 3629
f 3549 3629 3628
f 3550 3551 3630
f 3550 3630 3629
f 3551 3552 3631
f 3551 3631 3630
f 3552 3553 3632
f 3552 3632 3631
f 3553 3554 3633
f 3553 3633 3632
f 3554 3555 3634
f 3554 3634 3633
f 3555 3556 3635
f 3555 3635 3634
f 3556 3557 3636
f 3556 3636 3635
f 3557 3558 3637
f 3557 3637 3636
f 3558 3559 3638
f 3558 3638 3637
f 3559 3560 3639
f 3559 3639 3638
f 3560 3561 3640
f 3560 3640 3639
f 3561 3562 3641
f 3561 3641 3640
f 3562 3563 3642
f 3562 3642 3641
f 3563 3564 3643
f 3563 3643 3642
f 3564 3565 3644
f 3564 3644 3643
f 3565 3566 3645
f 3565 3645 3644
f 3566 3567 3646
f 3566 3646 3645
f 3567 3568 3647
f 3567 3647 3646
f 3568 3569 3648
f 3568 3648 3647
f 3569 3570 3649
f 3569 3649 3648
f 3570 3571 3650
f 3570 3650 3649
f 3571 3572 3651
f 3571 3651 3650
f 3572 3573 3652
f 3572 3652 3651
f 3573 3574 3653
f 3573 3653 3652
f 3574 3575 3654
f 3574 3654 3653
f 3575 3576 3655
f 3575 3655 3654
f 3577 3578 3657
f 3577 3657 3656
f 3578 3579 3658
f 3578 3658 3657
f 3579 3580 3659
f 3579 3659 3658
f 3580 3581 3660
f 3580 3660 3659
f 3581 3582 3661
f 3581 3661 3660
f 3582 3583 3662
f 3582 3662 3661
f 3583 3505 3584
f 3583 3584 3662
f 3584 3585 3664
f 3584 3664 3663
f 3585 3586 3665
f 3585 3665 3664
f 3586 3587 3666
f 3586 3666 3665
f 3587 3588 3667
f 3587 3667 3666
f 3588 3589 3668
f 3588 3668 3667
f 3589 3590 3669
f 3589 3669 3668
f 3590 3591 3670
f 3590 3670 3669
f 3591 3592 3671
f 3591 3671 3670
f 3592 3593 3672
f 3592 3672 3671
f 3593 3594 3673
f 3593 3673 3672
f 3594 3595 3674
f 3594 3674 3673
f 3595 3596 3675
f 3595 3675 3674
f 3596 3597 3676
f 3596 3676 3675
f 3597 3598 3677
f 3597 3677 3676
f 3598 3599 3678
f 3598 3678 3677
f 3599 3600 3679
f 3599 3679 3678
f 3600 3601 3680
f 3600 3680 3679
f 3601 3602 3681
f 3601 3681 3680
f 3602 3603 3682
f 3602 3682 3681
f 3603 3604 3683
f 3603 3683 3682
f 3604 3605 3684
f 3604 3684 3683
f 3605 3606 3685
f 3605 3685 3684
f 3606 3607 3686
f 3606 3686 3685
f 3607 3608 3687
f 3607 3687 3686
f 3608 3609 3688
f 3608 3688 3687
f 3609 3610 3689
f 3609 3689 3688
f 3610 3611 3690
f 3610 3690 3689
f 3611 3612 3691
f 3611 3691 3690
f 3612 3613 3692
f 3612 3692 3691
f 3613 3614 3693
f 3613 3693 3692
f 3614 3615 3694
f 3614 3694 3693
f 3615 3616 3695
f 3615 3695 3694
f 3616 3617 3696
f 3616 3696 3695
f 3617 3618 3697
f 3617 3697 3696
f 3618 3619 3698
f 3618 3698 3697
f 3619 3620 3699
f 3619 3699 3698
f 3620 3621 3700
f 3620 3700 3699
f 3621 3622 3701
f 3621 3701 3700
f 3622 3623 3702
f 3622 3702 3701
f 3623 3624 3703
f 3623 3703 3702
f 3624 3625 3704
f 3624 3704 3703
f 3625 3626 3705
f 3625 3705 3704
f 3626 3627 3706
f 3626 3706 3705
f 3627 3628 3707
f 3627 3707 3706
f 3628 3629 3708
f 3628 3708 3707
f 3629 3630 3709
f 3629 3709 3708
f 3630 3631 3710
f 3630 3710 3709
f 3631 3632 3711
f 3631 3711 3710
f 3632 3633 3712
f 3632 3712 3711
f 3633 3634 3713
f 3633 3713 3712
f 3634 3635 3714
f 3634 3714 3713
f 3635 3636 3715
f 3635 3715 3714
f 3636 3637 3716
f 3636 3716 3715
f 3637 3638 3717
f 3637 3717 3716
f 3638 3639 3718
f 3638 3718 3717
f 3639 3640 3719
f 3639 3719 3718
f 3640 3641 3720
f 3640 3720 3719
f 3641 3642 3721
f 3641 3721 3720
f 3642 3643 3722
f 3642 3722 3721
f 3643 3644 3723
f 3643 3723 3722
f 3644 3645 3724
f 3644 3724 3723
f 3645 3646 3725
f 3645 3725 3724
f 3646 3647 3726
f 3646 3726 3725
f 3647 3648 3727
f 3647 3727 3726
f 3648 3649 3728
f 3648 3728 3727
f 3649 3650 3729
f 3649 3729 3728
f 3650 3651 3730
f 3650 3730 3729
f 3651 3652 3731
f 3651 3731 3730
f 3652 3653 3732
f 3652 3732 3731
f 3653 3654 3733
f 3653 3733 3732
f 3654 3655 3734
f 3654 3734 3733
f 3656 3657 3736
f 3656 3736 3735
f 3657 3658 3737
f 3657 3737 3736
f 3658 3659 3738
f 3658 3738 3737
f 3659 3660 3739
f 3659 3739 3738
f 3660 3661 3740
f 3660 3740 3739
f 3661 3662 3741
f 3661 3741 3740
f 3662 3584 3663
f 3662 3663 3741
f 3663 3664 3743
f 3663 3743 3742
f 3664 3665 3744
f 3664 3744 3743
f 3665 3666 3745
f 3665 3745 3744
f 3666 3667 3746
f 3666 3746 3745
f 3667 3668 3747
f 3667 3747 3746
f 3668 3669 3748
f 3668 3748 3747
f 3669 3670 3749
f 3669 3749 3748
f 3670 3671 3750
f 3670 3750 3749
f 3671 3672 3751
f 3671 3751 3750
f 3672 3673 3752
f 3672 3752 3751
f 3673 3674 3753
f 3673 3753 3752
f 3674 3675 3754
f 3674 3754 3753
f 3675 3676 3755
f 3675 3755 3754
f 3676 3677 3756
f 3676 3756 3755
f 3677 3678 3757
f 3677 3757 3756
f 3678 3679 3758
f 3678 3758 3757
f 3679 3680 3759
f 3679 3759 3758
f 3680 3681 3760
f 3680 3760 3759
f 3681 3682 3761
f 3681 3761 3760
f 3682 3683 3762
f 3682 3762 3761
f 3683 3684 3763
f 3683 3763 3762
f 3684 3685 3764
f 3684 3764 3763
f 3685 3686 3765
f 3685 3765 3764
f 3686 3687 3766
f 3686 3766 3765
f 3687 3688 3767
f 3687 3767 3766
f 3688 3689 3768
f 3688 3768 3767
f 3689 3690 3769
f 3689 3769 3768
f 3690 3691 3770
f 3690 3770 3769
f 3691 3692 3771
f 3691 3771 3770
f 3692 3693 3772
f 3692 3772 3771
f 3693 3694 3773
f 3693 3773 3772
f 3694 3695 3774
f 3694 3774 3773
f 3695 3696 3775
f 3695 3775 3774
f 3696 3697 3776
f 3696 3776 3775
f 3697 3698 3777
f 3697 3777 3776
f 3698 3699 3778
f 3698 3778 3777
f 3699 3700 3779
f 3699 3779 3778
f 3700 3701 3780
f 3700 3780 3779
f 3701 3702 3781
f 3701 3781 3780
f 3702 3703 3782
f 3702 3782 3781
f 3703 3704 3783
f 3703 3783 3782
f 3704 3705 3784
f 3704 3784 3783
f 3705 3706 3785
f 3705 3785 3784
f 3706 3707 3786
f 3706 3786 3785
f 3707 3708 3787
f 3707 3787 3786
f 3708 3709 3788
f 3708 3788 3787
f 3709 3710 3789
f 3709 3789 3788
f 3710 3711 3790
f 3710 3790 3789
f 3711 3712 3791
f 3711 3791 3790
f 3712 3713 3792
f 3712 3792 3791
f 3713 3714 3793
f 3713 3793 3792
f 3714 3715 3794
f 3714 3794 3793
f 3715 3716 3795
f 3715 3795 3794
f 3716 3717 3796
f 3716 3796 3795
f 3717 3718 3797
f 3717 3797 3796
f 3718 3719 3798
f 3718 3798 3797
f 3719 3720 3799
f 3719 3799 3798
f 3720 3721 3800
f 3720 3800 3799
f 3721 3722 3801
f 3721 3801 3800
f 3722 3723 3802
f 3722 3802 3801
f 3723 3724 3803
f 3723 3803 3802
f 3724 3725 3804
f 3724 3804 3803
f 3725 3726 3805
f 3725 3805 3804
f 3726 3727 3806
f 3726 3806 3805
f 3727 3728 3807
f 3727 3807 3806
f 3728 3729 3808
f 3728 3808 3807
f 3729 3730 3809
f 3729 3809 3808
f 3730 3731 3810
f 3730 3810 3809
f 3731 3732 3811
f 3731 3811 3810
f 3732 3733 3812
f 3732 3812 3811
f 3733 3734 3813
f 3733 3813 3812
f 3735 3736 3815
f 3735 3815 3814
f 3736 3737 3816
f 3736 3816 3815
f 3737 3738 3817
f 3737 3817 3816
f 3738 3739 3818
f 3738 3818 3817
f 3739 3740 3819
f 3739 3819 3818
f 3740 3741 3820
f 3740 3820 3819
f 3741 3663 3742
f 3741 3742 3820
f 3742 3743 3822
f 3742 3822 3821
f 3743 3744 3823
f 3743 3823 3822
f 3744 3745 3824
f 3744 3824 3823
f 3745 3746 3825
f 3745 3825 3824
f 3746 3747 3826
f 3746 3826 3825
f 3747 3748 3827
f 3747 3827 3826
f 3748 3749 3828
f 3748 3828 3827
f 3749 3750 3829
f 3749 3829 3828
f 3750 3751 3830
f 3750 3830 3829
f 3751 3752 3831
f 3751 3831 3830
f 3752 3753 3832
f 3752 3832 3831
f 3753 3754 3833
f 3753 3833 3832
f 3754 3755 3834
f 3754 3834 3833
f 3755 3756 3835
f 3755 3835 3834
f 3756 3757 3836
f 3756 3836 3835
f 3757 3758 3837
f 3757 3837 3836
f 3758 3759 3838
f 3758 3838 3837
f 3759 3760 3839
f 3759 3839 3838
f 3760 3761 3840
f 3760 3840 3839
f 3761 3762 3841
f 3761 3841 3840
f 3762 3763 3842
f 3762 3842 3841
f 3763 3764 3843
f 3763 3843 3842
f 3764 3765 3844
f 3764 3844 3843
f 3765 3766 3845
f 3765 3845 3844
f 3766 3767 3846
f 3766 3846 3845
f 3767 3768 3847
f 3767 3847 3846
f 3768 3769 3848
f 3768 3848 3847
f 3769 3770 3849
f 3769 3849 3848
f 3770 3771 3850
f 3770 3850 3849
f 3771 3772 3851
f 3771 3851 3850
f 3772 3773 3852
f 3772 3852 3851
f 3773 3774 3853
f 3773 3853 3852
f 3774 3775 3854
f 3774 3854 3853
f 3775 3776 3855
f 3775 3855 3854
f 3776 3777 3856
f 3776 3856 3855
f 3777 3778 3857
f 3777 3857 3856
f 3778 3779 3858
f 3778 3858 3857
f 3779 3780 3859
f 3779 3859 3858
f 3780 3781 3860
f 3780 3860 3859
f 3781 3782 3861
f 3781 3861 3860
f 3782 3783 3862
f 3782 3862 3861
f 3783 3784 3863
f 3783 3863 3862
f 3784 3785 3864
f 3784 3864 3863
f 3785 3786 3865
f 3785 3865 3864
f 3786 3787 3866
f 3786 3866 3865
f 3787 3788 3867
f 3787 3867 3866
f 3788 3789 3868
f 3788 3868 3867
f 3789 3790 3869
f 3789 3869 3868
f 3790 3791 3870
f 3790 3870 3869
f 3791 3792 3871
f 3791 3871 3870
f 3792 3793 3872
f 3792 3872 3871
f 3793 3794 3873
f 3793 3873 3872
f 3794 3795 3874
f 3794 3874 3873
f 3795 3796 3875
f 3795 3875 3874
f 3796 3797 3876
f 3796 3876 3875
f 3797 3798 3877
f 3797 3877 3876
f 3798 3799 3878
f 3798 3878 3877
f 3799 3800 3879
f 3799 3879 3878
f 3800 3801 3880
f 3800 3880 3879
f 3801 3802 3881
f 3801 3881 3880
f 3802 3803 3882
f 3802 3882 3881
f 3803 3804 3883
f 3803 3883 3882
f 3804 3805 3884
f 3804 3884 3883
f 3805 3806 3885
f 3805 3885 3884
f 3806 3807 3886
f 3806 3886 3885
f 3807 3808 3887
f 3807 3887 3886
f 3808 3809 3888
f 3808 3888 3887
f 3809 3810 3889
f 3809 3889 3888
f 3810 3811 3890
f 3810 3890 3889
f 3811 3812 3891
f 3811 3891 3890
f 3812 3813 3892
f 3812 3892 3891
f 3814 3815 3894
f 3814 3894 3893
f 3815 3816 3895
f 3815 3895 3894
f 3816 3817 3896
f 3816 3896 3895
f 3817 3818 3897
f 3817 3897 3896
f 3818 3819 3898
f 3818 3898 3897
f 3819 3820 3899
f 3819 3899 3898
f 3820 3742 3821
f 3820 3821 3899
f 3821 3822 3901
f 3821 3901 3900
f 3822 3823 3902
f 3822 3902 3901
f 3823 3824 3903
f 3823 3903 3902
f 3824 3825 3904
f 3824 3904 3903
f 3825 3826 3905
f 3825 3905 3904
f 3826 3827 3906
f 3826 3906 3905
f 3827 3828 3907
f 3827 3907 3906
f 3828 3829 3908
f 3828 3908 3907
f 3829 3830 3909
f 3829 3909 3908
f 3830 3831 3910
f 3830 3910 3909
f 3831 3832 3911
f 3831 3911 3910
f 3832 3833 3912
f 3832 3912 3911
f 3833 3834 3913
f 3833 3913 3912
f 3834 3835 3914
f 3834 3914 3913
f 3835 3836 3915
f 3835 3915 3914
f 3836 3837 3916
f 3836 3916 3915
f 3837 3838 3917
f 3837 3917 3916
f 3838 3839 3918
f 3838 3918 3917
f 3839 3840 3919
f 3839 3919 3918
f 3840 3841 3920
f 3840 3920 3919
f 3841 3842 3921
f 3841 3921 3920
f 3842 3843 3922
f 3842 3922 3921
f 3843 3844 3923
f 3843 3923 3922
f 3844 3845 3924
f 3844 3924 3923
f 3845 3846 3925
f 3845 3925 3924
f 3846 3847 3926
f 3846 3926 3925
f 3847 3848 3927
f 3847 3927 3926
f 3848 3849 3928
f 3848 3928 3927
f 3849 3850 3929
f 3849 3929 3928
f 3850 3851 3930
f 3850 3930 3929
f 3851 3852 3931
f 3851 3931 3930
f 3852 3853 3932
f 3852 3932 3931
f 3853 3854 3933
f 3853 3933 3932
f 3854 3855 3934
f 3854 3934 3933
f 3855 3856 3935
f 3855 3935 3934
f 3856 3857 3936
f 3856 3936 3935
f 3857 3858 3937
f 3857 3937 3936
f 3858 3859 3938
f 3858 3938 3937
f 3859 3860 3939
f 3859 3939 3938
f 3860 3861 3940
f 3860 3940 3939
f 3861 3862 3941
f 3861 3941 3940
f 3862 3863 3942
f 3862 3942 3941
f 3863 3864 3943
f 3863 3943 3942
f 3864 3865 3944
f 3864 3944 3943
f 3865 3866 3945
f 3865 3945 3944
f 3866 3867 3946
f 3866 3946 3945
f 3867 3868 3947
f 3867 3947 3946
f 3868 3869 3948
f 3868 3948 3947
f 3869 3870 3949
f 3869 3949 3948
f 3870 3871 3950
f 3870 3950 3949
f 3871 3872 3951
f 3871 3951 3950
f 3872 3873 3952
f 3872 3952 3951
f 3873 3874 3953
f 3873 3953 3952
f 3874 3875 3954
f 3874 3954 3953
f 3875 3876 3955
f 3875 3955 3954
f 3876 3877 3956
f 3876 3956 3955
f 3877 3878 3957
f 3877 3957 3956
f 3878 3879 3958
f 3878 3958 3957
f 3879 3880 3959
f 3879 3959 3958
f 3880 3881 3960
f 3880 3960 3959
f 3881 3882 3961
f 3881 3961 3960
f 3882 3883 3962
f 3882 3962 3961
f 3883 3884 3963
f 3883 3963 3962
f 3884 3885 3964
f 3884 3964 3963
f 3885 3886 3965
f 3885 3965 3964
f 3886 3887 3966
f 3886 3966 3965
f 3887 3888 3967
f 3887 3967 3966
f 3888 3889 3968
f 3888 3968 3967
f 3889 3890 3969
f 3889 3969 3968
f 3890 3891 3970
f 3890 3970 3969
f 3891 3892 3971
f 3891 3971 3970
f 3893 3894 3973
f 3893 3973 3972
f 3894 3895 3974
f 3894 3974 3973
f 3895 3896 3975
f 3895 3975 3974
f 3896 3897 3976
f 3896 3976 3975
f 3897 3898 3977
f 3897 3977 3976
f 3898 3899 3978
f 3898 3978 3977
f 3899 3821 3900
f 3899 3900 3978
f 3900 3901 3980
f 3900 3980 3979
f 3901 3902 3981
f 3901 3981 3980
f 3902 3903 3982
f 3902 3982 3981
f 3903 3904 3983
f 3903 3983 3982
f 3904 3905 3984
f 3904 3984 3983
f 3905 3906 3985
f 3905 3985 3984
f 3906 3907 3986
f 3906 3986 3985
f 3907 3908 3987
f 3907 3987 3986
f 3908 3909 3988
f 3908 3988 3987
f 3909 3910 3989
f 3909 3989 3988
f 3910 3911 3990
f 3910 3990 3989
f 3911 3912 3991
f 3911 3991 3990
f 3912 3913 3992
f 3912 3992 3991
f 3913 3914 3993
f 3913 3993 3992
f 3914 3915 3994
f 3914 3994 3993
f 3915 3916 3995
f 3915 3995 3994
f 3916 3917 3996
f 3916 3996 3995
f 3917 3918 3997
f 3917 3997 3996
f 3918 3919 3998
f 3918 3998 3997
f 3919 3920 3999
f 3919 3999 3998
f 3920 3921 4000
f 3920 4000 3999
f 3921 3922 4001
f 3921 4001 4000
f 3922 3923 4002
f 3922 4002 4001
f 3923 3924 4003
f 3923 4003 4002
f 3924 3925 4004
f 3924 4004 4003
f 3925 3926 4005
f 3925 4005 4004
f 3926 3927 4006
f 3926 4006 4005
f 3927 3928 4007
f 3927 4007 4006
f 3928 3929 4008
f 3928 4008 4007
f 3929 3930 4009
f 3929 4009 4008
f 3930 3931 4010
f 3930 4010 4009
f 3931 3932 4011
f 3931 4011 4010
f 3932 3933 4012
f 3932 4012 4011
f 3933 3934 4013
f 3933 4013 4012
f 3934 3935 4014
f 3934 4014 4013
f 3935 3936 4015
f 3935 4015 4014
f 3936 3937 4016
f 3936 4016 4015
f 3937 3938 4017
f 3937 4017 4016
f 3938 3939 4018
f 3938 4018 4017
f 3939 3940 4019
f 3939 4019 4018
f 3940 3941 4020
f 3940 4020 4019
f 3941 3942 4021
f 3941 4021 4020
f 3942 3943 4022
f 3942 4022 4021
f 3943 3944 4023
f 3943 4023 4022
f 3944 3945 4024
f 3944 4024 4023
f 3945 3946 4025
f 3945 4025 4024
f 3946 3947 4026
f 3946 4026 4025
f 3947 3948 4027
f 3947 4027 4026
f 3948 3949 4028
f 3948 4028 4027
f 3949 3950 4029
f 3949 4029 4028
f 3950 3951 4030
f 3950 4030 4029
f 3951 3952 4031
f 3951 4031 4030
f 3952 3953 4032
f 3952 4032 4031
f 3953 3954 4033
f 3953 4033 4032
f 3954 3955 4034
f 3954 4034 4033
f 3955 3956 4035
f 3955 4035 4034
f 3956 3957 4036
f 3956 4036 4035
f 3957 3958 4037
f 3957 4037 4036
f 3958 3959 4038
f 3958 4038 4037
f 3959 3960 4039
f 3959 4039 4038
f 3960 3961 4040
f 3960 4040 4039
f 3961 3962 4041
f 3961 4041 4040
f 3962 3963 4042
f 3962 4042 4041
f 3963 3964 4043
f 3963 4043 4042
f 3964 3965 4044
f 3964 4044 4043
f 3965 3966 4045
f 3965 4045 4044
f 3966 3967 4046
f 3966 4046 4045
f 3967 3968 4047
f 3967 4047 4046
f 3968 3969 4048
f 3968 4048 4047
f 3969 3970 4049
f 3969 4049 4048
f 3970 3971 4050
f 3970 4050 4049
f 3972 3973 4052
f 3972 4052 4051
f 3973 3974 4053
f 3973 4053 4052
f 3974 3975 4054
f 3974 4054 4053
f 3975 3976 4055
f 3975 4055 4054
f 3976 3977 4056
f 3976 4056 4055
f 3977 3978 4057
f 3977 4057 4056
f 3978 3900 3979
f 3978 3979 4057
f 3979 3980 4059
f 3979 4059 4058
f 3980 3981 4060
f 3980 4060 4059
f 3981 3982 4061
f 3981 4061 4060
f 3982 3983 4062
f 3982 4062 4061
f 3983 3984 4063
f 3983 4063 4062
f 3984 3985 4064
f 3984 4064 4063
f 3985 3986 4065
f 3985 4065 4064
f 3986 3987 4066
f 3986 4066 4065
f 3987 3988 4067
f 3987 4067 4066
f 3988 3989 4068
f 3988 4068 4067
f 3989 3990 4069
f 3989 4069 4068
f 3990 3991 4070
f 3990 4070 4069
f 3991 3992 4071
f 3991 4071 4070
f 3992 3993 4072
f 3992 4072 4071
f 3993 3994 4073
f 3993 4073 4072
f 3994 3995 4074
f 3994 4074 4073
f 3995 3996 4075
f 3995 4075 4074
f 3996 3997 4076
f 3996 4076 4075
f 3997 3998 4077
f 3997 4077 4076
f 3998 3999 4078
f 3998 4078 4077
f 3999 4000 4079
f 3999 4079 4078
f 4000 4001 4080
f 4000 4080 4079
f 4001 4002 4081
f 4001 4081 4080
f 4002 4003 4082
f 4002 4082 4081
f 4003 4004 4083
f 4003 4083 4082
f 4004 4005 4084
f 4004 4084 4083
f 4005 4006 4085
f 4005 4085 4084
f 4006 4007 4086
f 4006 4086 4085
f 4007 4008 4087
f 4007 4087 4086
f 4008 4009 4088
f 4008 4088 4087
f 4009 4010 4089
f 4009 4089 4088
f 4010 4011 4090
f 4010 4090 4089
f 4011 4012 4091
f 4011 4091 4090
f 4012 4013 4092
f 4012 4092 4091
f 4013 4014 4093
f 4013 4093 4092
f 4014 4015 4094
f 4014 4094 4093
f 4015 4016 4095
f 4015 4095 4094
f 4016 4017 4096
f 4016 4096 4095
f 4017 4018 4097
f 4017 4097 4096
f 4018 4019 4098
f 4018 4098 4097
f 4019 4020 4099
f 4019 4099 4098
f 4020 4021 4100
f 4020 4100 4099
f 4021 4022 4101
f 4021 4101 4100
f 4022 4023 4102
f 4022 4102 4101
f 4023 4024 4103
f 4023 4103 4102
f 4024 4025 4104
f 4024 4104 4103
f 4025 4026 4105
f 4025 4105 4104
f 4026 4027 4106
f 4026 4106 4105
f 4027 4028 4107
f 4027 4107 4106
f 4028 4029 4108
f 4028 4108 4107
f 4029 4030 4109
f 4029 4109 4108
f 4030 4031 4110
f 4030 4110 4109
f 4031 4032 4111
f 4031 4111 4110
f 4032 4033 4112
f 4032 4112 4111
f 4033 4034 4113
f 4033 4113 4112
f 4034 4035 4114
f 4034 4114 4113
f 4035 4036 4115
f 4035 4115 4114
f 4036 4037 4116
f 4036 4116 4115
f 4037 4038 4117
f 4037 4117 4116
f 4038 4039 4118
f 4038 4118 4117
f 4039 4040 4119
f 4039 4119 4118
f 4040 4041 4120
f 4040 4120 4119
f 4041 4042 4121
f 4041 4121 4120
f 4042 4043 4122
f 4042 4122 4121
f 4043 4044 4123
f 4043 4123 4122
f 4044 4045 4124
f 4044 4124 4123
f 4045 4046 4125
f 4045 4125 4124
f 4046 4047 4126
f 4046 4126 4125
f 4047 4048 4127
f 4047 4127 4126
f 4048 4049 4128
f 4048 4128 4127
f 4049 4050 4129
f 4049 4129 4128
f 4051 4052 4131
f 4051 4131 4130
f 4052 4053 4132
f 4052 4132 4131
f 4053 4054 4133
f 4053 4133 4132
f 4054 4055 4134
f 4054 4134 4133
f 4055 4056 4135
f 4055 4135 4134
f 4056 4057 4136
f 4056 4136 4135
f 4057 3979 4058
f 4057 4058 4136
f 4058 4059 4138
f 4058 4138 4137
f 4059 4060 4139
f 4059 4139 4138
f 4060 4061 4140
f 4060 4140 4139
f 4061 4062 4141
f 4061 4141 4140
f 4062 4063 4142
f 4062 4142 4141
f 4063 4064 4143
f 4063 4143 4142
f 4064 4065 4144
f 4064 4144 4143
f 4065 4066 4145
f 4065 4145 4144
f 4066 4067 4146
f 4066 4146 4145
f 4067 4068 4147
f 4067 4147 4146
f 4068 4069 4148
f 4068 4148 4147
f 4069 4070 4149
f 4069 4149 4148
f 4070 4071 4150
f 4070 4150 4149
f 4071 4072 4151
f 4071 4151 4150
f 4072 4073 4152
f 4072 4152 4151
f 4073 4074 4153
f 4073 4153 4152
f 4074 4075 4154
f 4074 4154 4153
f 4075 4076 4155
f 4075 4155 4154
f 4076 4077 4156
f 4076 4156 4155
f 4077 4078 4157
f 4077 4157 4156
f 4078 4079 4158
f 4078 4158 4157
f 4079 4080 4159
f 4079 4159 4158
f 4080 4081 4160
f 4080 4160 4159
f 4081 4082 4161
f 4081 4161 4160
f 4082 4083 4162
f 4082 4162 4161
f 4083 4084 4163
f 4083 4163 4162
f 4084 4085 4164
f 4084 4164 4163
f 4085 4086 4165
f 4085 4165 4164
f 4086 4087 4166
f 4086 4166 4165
f 4087 4088 4167
f 4087 4167 4166
f 4088 4089 4168
f 4088 4168 4167
f 4089 4090 4169
f 4089 4169 4168
f 4090 4091 4170
f 4090 4170 4169
f 4091 4092 4171
f 4091 4171 4170
f 4092 4093 4172
f 4092 4172 4171
f 4093 4094 4173
f 4093 4173 4172
f 4094 4095 4174
f 4094 4174 4173
f 4095 4096 4175
f 4095 4175 4174
f 4096 4097 4176
f 4096 4176 4175
f 4097 4098 4177
f 4097 4177 4176
f 4098 4099 4178
f 4098 4178 4177
f 4099 4100 4179
f 4099 4179 4178
f 4100 4101 4180
f 4100 4180 4179
f 4101 4102 4181
f 4101 4181 4180
f 4102 4103 4182
f 4102 4182 4181
f 4103 4104 4183
f 4103 4183 4182
f 4104 4105 4184
f 4104 4184 4183
f 4105 4106 4185
f 4105 4185 4184
f 4106 4107 4186
f 4106 4186 4185
f 4107 4108 4187
f 4107 4187 4186
f 4108 4109 4188
f 4108 4188 4187
f 4109 4110 4189
f 4109 4189 4188
f 4110 4111 4190
f 4110 4190 4189
f 4111 4112 4191
f 4111 4191 4190
f 4112 4113 4192
f 4112 4192 4191
f 4113 4114 4193
f 4113 4193 4192
f 4114 4115 4194
f 4114 4194 4193
f 4115 4116 4195
f 4115 4195 4194
f 4116 4117 4196
f 4116 4196 4195
f 4117 4118 4197
f 4117 4197 4196
f 4118 4119 4198
f 4118 4198 4197
f 4119 4120 4199
f 4119 4199 4198
f 4120 4121 4200
f 4120 4200 4199
f 4121 4122 4201
f 4121 4201 4200
f 4122 4123 4202
f 4122 4202 4201
f 4123 4124 4203
f 4123 4203 4202
f 4124 4125 4204
f 4124 4204 4203
f 4125 4126 4205
f 4125 4205 4204
f 4126 4127 4206
f 4126 4206 4205
f 4127 4128 4207
f 4127 4207 4206
f 4128 4129 4208
f 4128 4208 4207
f 4130 4131 4210
f 4130 4210 4209
f 4131 4132 4211
f 4131 4211 4210
f 4132 4133 4212
f 4132 4212 4211
f 4133 4134 4213
f 4133 4213 4212
f 4134 4135 4214
f 4134 4214 4213
f 4135 4136 4215
f 4135 4215 4214
f 4136 4058 4137
f 4136 4137 4215
f 4137 4138 4217
f 4137 4217 4216
f 4138 4139 4218
f 4138 4218 4217
f 4139 4140 4219
f 4139 4219 4218
f 4140 4141 4220
f 4140 4220 4219
f 4141 4142 4221
f 4141 4221 4220
f 4142 4143 4222
f 4142 4222 4221
f 4143 4144 4223
f 4143 4223 4222
f 4144 4145 4224
f 4144 4224 4223
f 4145 4146 4225
f 4145 4225 4224
f 4146 4147 4226
f 4146 4226 4225
f 4147 4148 4227
f 4147 4227 4226
f 4148 4149 4228
f 4148 4228 4227
f 4149 4150 4229
f 4149 4229 4228
f 4150 4151 4230
f 4150 4230 4229
f 4151 4152 4231
f 4151 4231 4230
f 4152 4153 4232
f 4152 4232 4231
f 4153 4154 4233
f 4153 4233 4232
f 4154 4155 4234
f 4154 4234 4233
f 4155 4156 4235
f 4155 4235 4234
f 4156 4157 4236
f 4156 4236 4235
f 4157 4158 4237
f 4157 4237 4236
f 4158 4159 4238
f 4158 4238 4237
f 4159 4160 4239
f 4159 4239 4238
f 4160 4161 4240
f 4160 4240 4239
f 4161 4162 4241
f 4161 4241 4240
f 4162 4163 4242
f 4162 4242 4241
f 4163 4164 4243
f 4163 4243 4242
f 4164 4165 4244
f 4164 4244 4243
f 4165 4166 4245
f 4165 4245 4244
f 4166 4167 4246
f 4166 4246 4245
f 4167 4168 4247
f 4167 4247 4246
f 4168 4169 4248
f 4168 4248 4247
f 4169 4170 4249
f 4169 4249 4248
f 4170 4171 4250
f 4170 4250 4249
f 4171 4172 4251
f 4171 4251 4250
f 4172 4173 4252
f 4172 4252 4251
f 4173 4174 4253
f 4173 4253 4252
f 4174 4175 4254
f 4174 4254 4253
f 4175 4176 4255
f 4175 4255 4254
f 4176 4177 4256
f 4176 4256 4255
f 4177 4178 4257
f 4177 4257 4256
f 4178 4179 4258
f 4178 4258 4257
f 4179 4180 4259
f 4179 4259 4258
f 4180 4181 4260
f 4180 4260 4259
f 4181 4182 4261
f 4181 4261 4260
f 4182 4183 4262
f 4182 4262 4261
f 4183 4184 4263
f 4183 4263 4262
f 4184 4185 4264
f 4184 4264 4263
f 4185 4186 4265
f 4185 4265 4264
f 4186 4187 4266
f 4186 4266 4265
f 4187 4188 4267
f 4187 4267 4266
f 4188 4189 4268
f 4188 4268 4267
f 4189 4190 4269
f 4189 4269 4268
f 4190 4191 4270
f 4190 4270 4269
f 4191 4192 4271
f 4191 4271 4270
f 4192 4193 4272
f 4192 4272 4271
f 4193 4194 4273
f 4193 4273 4272
f 4194 4195 4274
f 4194 4274 4273
f 4195 4196 4275
f 4195 4275 4274
f 4196 4197 4276
f 4196 4276 4275
f 4197 4198 4277
f 4197 4277 4276
f 4198 4199 4278
f 4198 4278 4277
f 4199 4200 4279
f 4199 4279 4278
f 4200 4201 4280
f 4200 4280 4279
f 4201 4202 4281
f 4201 4281 4280
f 4202 4203 4282
f 4202 4282 4281
f 4203 4204 4283
f 4203 4283 4282
f 4204 4205 4284
f 4204 4284 4283
f 4205 4206 4285
f 4205 4285 4284
f 4206 4207 4286
f 4206 4286 4285
f 4207 4208 4287
f 4207 4287 4286
f 4209 4210 4289
f 4209 4289 4288
f 4210 4211 4290
f 4210 4290 4289
f 4211 4212 4291
f 4211 4291 4290
f 4212 4213 4292
f 4212 4292 4291
f 4213 4214 4293
f 4213 4293 4292
f 4214 4215 4294
f 4214 4294 4293
f 4215 4137 4216
f 4215 4216 4294
f 4216 4217 4296
f 4216 4296 4295
f 4217 4218 4297
f 4217 4297 4296
f 4218 4219 4298
f 4218 4298 4297
f 4219 4220 4299
f 4219 4299 4298
f 4220 4221 4300
f 4220 4300 4299
f 4221 4222 4301
f 4221 4301 4300
f 4222 4223 4302
f 4222 4302 4301
f 4223 4224 4303
f 4223 4303 4302
f 4224 4225 4304
f 4224 4304 4303
f 4225 4226 4305
f 4225 4305 4304
f 4226 4227 4306
f 4226 4306 4305
f 4227 4228 4307
f 4227 4307 4306
f 4228 4229 4308
f 4228 4308 4307
f 4229 4230 4309
f 4229 4309 4308
f 4230 4231 4310
f 4230 4310 4309
f 4231 4232 4311
f 4231 4311 4310
f 4232 4233 4312
f 4232 4312 4311
f 4233 4234 4313
f 4233 4313 4312
f 4234 4235 4314
f 4234 4314 4313
f 4235 4236 4315
f 4235 4315 4314
f 4236 4237 4316
f 4236 4316 4315
f 4237 4238 4317
f 4237 4317 4316
f 4238 4239 4318
f 4238 4318 4317
f 4239 4240 4319
f 4239 4319 4318
f 4240 4241 4320
f 4240 4320 4319
f 4241 4242 4321
f 4241 4321 4320
f 4242 4243 4322
f 4242 4322 4321
f 4243 4244 4323
f 4243 4323 4322
f 4244 4245 4324
f 4244 4324 4323
f 4245 4246 4325
f 4245 4325 4324
f 4246 4247 4326
f 4246 4326 4325
f 4247 4248 4327
f 4247 4327 4326
f 4248 4249 4328
f 4248 4328 4327
f 4249 4250 4329
f 4249 4329 4328
f 4250 4251 4330
f 4250 4330 4329
f 4251 4252 4331
f 4251 4331 4330
f 4252 4253 4332
f 4252 4332 4331
f 4253 4254 4333
f 4253 4333 4332
f 4254 4255 4334
f 4254 4334 4333
f 4255 4256 4335
f 4255 4335 4334
f 4256 4257 4336
f 4256 4336 4335
f 4257 4258 4337
f 4257 4337 4336
f 4258 4259 4338
f 4258 4338 4337
f 4259 4260 4339
f 4259 4339 4338
f 4260 4261 4340
f 4260 4340 4339
f 4261 4262 4341
f 4261 4341 4340
f 4262 4263 4342
f 4262 4342 4341
f 4263 4264 4343
f 4263 4343 4342
f 4264 4265 4344
f 4264 4344 4343
f 4265 4266 4345
f 4265 4345 4344
f 4266 4267 4346
f 4266 4346 4345
f 4267 4268 4347
f 4267 4347 4346
f 4268 4269 4348
f 4268 4348 4347
f 4269 4270 4349
f 4269 4349 4348
f 4270 4271 4350
f 4270 4350 4349
f 4271 4272 4351
f 4271 4351 4350
f 4272 4273 4352
f 4272 4352 4351
f 4273 4274 4353
f 4273 4353 4352
f 4274 4275 4354
f 4274 4354 4353
f 4275 4276 4355
f 4275 4355 4354
f 4276 4277 4356
f 4276 4356 4355
f 4277 4278 4357
f 4277 4357 4356
f 4278 4279 4358
f 4278 4358 4357
f 4279 4280 4359
f 4279 4359 4358
f 4280 4281 4360
f 4280 4360 4359
f 4281 4282 4361
f 4281 4361 4360
f 4292 4293 4362
f 4293 4294 4363
f 4293 4363 4362
f 4294 4216 4295
f 4294 4295 4363
f 4296 4297 4364
f 4297 4298 4365
f 4297 4365 4364
f 4298 4299 4366
f 4298 4366 4365
f 4299 4300 4367
f 4299 4367 4366
f 4300 4301 4368
f 4300 4368 4367
f 4301 4302 4369
f 4301 4369 4368
f 4302 4303 4370
f 4302 4370 4369
f 4303 4304 4371
f 4303 4371 4370
f 4304 4305 4372
f 4304 4372 4371
f 4305 4306 4373
f 4305 4373 4372
f 4306 4307 4374
f 4306 4374 4373
f 4307 4308 4375
f 4307 4375 4374
f 4308 4309 4376
f 4308 4376 4375
f 4309 4310 4377
f 4309 4377 4376
f 4310 4311 4378
f 4310 4378 4377
f 4311 4312 4379
f 4311 4379 4378
f 4312 4313 4380
f 4312 4380 4379
f 4313 4314 4381
f 4313 4381 4380
f 4314 4315 4382
f 4314 4382 4381
f 4315 4316 4383
f 4315 4383 4382
f 4316 4317 4384
f 4316 4384 4383
f 4317 4318 4385
f 4317 4385 4384
f 4318 4319 4386
f 4318 4386 4385
f 4319 4320 4387
f 4319 4387 4386
f 4320 4321 4388
f 4320 4388 4387
f 4321 4322 4389
f 4321 4389 4388
f 4322 4323 4390
f 4322 4390 4389
f 4323 4324 4391
f 4323 4391 4390
f 4324 4325 4392
f 4324 4392 4391
f 4325 4326 4393
f 4325 4393 4392
f 4326 4327 4394
f 4326 4394 4393
f 4327 4328 4395
f 4327 4395 4394
f 4328 4329 4396
f 4328 4396 4395
f 4329 4330 4397
f 4329 4397 4396
f 4330 4331 4398
f 4330 4398 4397
f 4331 4332 4399
f 4331 4399 4398
f 4332 4333 4400
f 4332 4400 4399
f 4333 4334 4401
f 4333 4401 4400
f 4334 4335 4402
f 4334 4402 4401
f 4335 4336 4403
f 4335 4403 4402
f 4336 4337 4404
f 4336 4404 4403
f 4337 4338 4405
f 4337 4405 4404
f 4338 4339 4406
f 4338 4406 4405
f 4339 4340 4407
f 4339 4407 4406
f 4340 4341 4408
f 4340 4408 4407
f 4341 4342 4409
f 4341 4409 4408
f 4342 4343 4410
f 4342 4410 4409
f 4343 4344 4411
f 4343 4411 4410
f 4344 4345 4412
f 4344 4412 4411
f 4345 4346 4413
f 4345 4413 4412
f 4346 4347 4414
f 4346 4414 4413
f 4347 4348 4415
f 4347 4415 4414
f 4348 4349 4416
f 4348 4416 4415
f 4349 4350 4417
f 4349 4417 4416
f 4350 4351 4418
f 4350 4418 4417
f 4351 4352 4419
f 4351 4419 4418
f 4352 4353 4420
f 4352 4420 4419
f 4353 4354 4421
f 4353 4421 4420
f 4354 4355 4422
f 4354 4422 4421
f 4355 4356 4423
f 4355 4423 4422
f 4356 4357 4424
f 4356 4424 4423
f 4367 4368 4425
f 4368 4369 4426
f 4368 4426 4425
f 4369 4370 4427
f 4369 4427 4426
f 4370 4371 4428
f 4370 4428 4427
f 4371 4372 4429
f 4371 4429 4428
f 4372 4373 4430
f 4372 4430 4429
f 4373 4374 4431
f 4373 4431 4430
f 4374 4375 4432
f 4374 4432 4431
f 4375 4376 4433
f 4375 4433 4432
f 4376 4377 4434
f 4376 4434 4433
f 4377 4378 4435
f 4377 4435 4434
f 4378 4379 4436
f 4378 4436 4435
f 4379 4380 4437
f 4379 4437 4436
f 4380 4381 4438
f 4380 4438 4437
f 4381 4382 4439
f 4381 4439 4438
f 4382 4383 4440
f 4382 4440 4439
f 4383 4384 4441
f 4383 4441 4440
f 4384 4385 4442
f 4384 4442 4441
f 4385 4386 4443
f 4385 4443 4442
f 4386 4387 4444
f 4386 4444 4443
f 4387 4388 4445
f 4387 4445 4444
f 4388 4389 4446
f 4388 4446 4445
f 4389 4390 4447
f 4389 4447 4446
f 4390 4391 4448
f 4390 4448 4447
f 4391 4392 4449
f 4391 4449 4448
f 4392 4393 4450
f 4392 4450 4449
f 4393 4394 4451
f 4393 4451 4450
f 4394 4395 4452
f 4394 4452 4451
f 4395 4396 4453
f 4395 4453 4452
f 4396 4397 4454
f 4396 4454 4453
f 4397 4398 4455
f 4397 4455 4454
f 4398 4399 4456
f 4398 4456 4455
f 4399 4400 4457
f 4399 4457 4456
f 4400 4401 4458
f 4400 4458 4457
f 4401 4402 4459
f 4401 4459 4458
f 4402 4403 4460
f 4402 4460 4459
f 4403 4404 4461
f 4403 4461 4460
f 4404 4405 4462
f 4404 4462 4461
f 4405 4406 4463
f 4405 4463 4462
f 4406 4407 4464
f 4406 4464 4463
f 4407 4408 4465
f 4407 4465 4464
f 4408 4409 4466
f 4408 4466 4465
f 4409 4410 4467
f 4409 4467 4466
f 4410 4411 4468
f 4410 4468 4467
f 4411 4412 4469
f 4411 4469 4468
f 4412 4413 4470
f 4412 4470 4469
f 4413 4414 4471
f 4413 4471 4470
f 4414 4415 4472
f 4414 4472 4471
f 4415 4416 4473
f 4415 4473 4472
f 4416 4417 4474
f 4416 4474 4473
f 4417 4418 4475
f 4417 4475 4474
f 4418 4419 4476
f 4418 4476 4475
f 4419 4420 4477
f 4419 4477 4476
f 4429 4430 4478
f 4430 4431 4479
f 4430 4479 4478
f 4431 4432 4480
f 4431 4480 4479
f 4432 4433 4481
f 4432 4481 4480
f 4433 4434 4482
f 4433 4482 4481
f 4434 4435 4483
f 4434 4483 4482
f 4435 4436 4484
f 4435 4484 4483
f 4436 4437 4485
f 4436 4485 4484
f 4437 4438 4486
f 4437 4486 4485
f 4438 4439 4487
f 4438 4487 4486
f 4439 4440 4488
f 4439 4488 4487
f 4440 4441 4489
f 4440 4489 4488
f 4441 4442 4490
f 4441 4490 4489
f 4442 4443 4491
f 4442 4491 4490
f 4443 4444 4492
f 4443 4492 4491
f 4444 4445 4493
f 4444 4493 4492
f 4445 4446 4494
f 4445 4494 4493
f 4446 4447 4495
f 4446 4495 4494
f 4447 4448 4496
f 4447 4496 4495
f 4448 4449 4497
f 4448 4497 4496
f 4449 4450 4498
f 4449 4498 4497
f 4450 4451 4499
f 4450 4499 4498
f 4451 4452 4500
f 4451 4500 4499
f 4452 4453 4501
f 4452 4501 4500
f 4453 4454 4502
f 4453 4502 4501
f 4454 4455 4503
f 4454 4503 4502
f 4455 4456 4504
f 4455 4504 4503
f 4456 4457 4505
f 4456 4505 4504
f 4457 4458 4506
f 4457 4506 4505
f 4458 4459 4507
f 4458 4507 4506
f 4459 4460 4508
f 4459 4508 4507
f 4460 4461 4509
f 4460 4509 4508
f 4461 4462 4510
f 4461 4510 4509
f 4462 4463 4511
f 4462 4511 4510
f 4463 4464 4512
f 4463 4512 4511
f 4464 4465 4513
f 4464 4513 4512
f 4465 4466 4514
f 4465 4514 4513
f 4466 4467 4515
f 4466 4515 4514
f 4467 4468 4516
f 4467 4516 4515
f 4468 4469 4517
f 4468 4517 4516
f 4469 4470 4518
f 4469 4518 4517
f 4470 4471 4519
f 4470 4519 4518
f 4471 4472 4520
f 4471 4520 4519
f 4483 4484 4521
f 4484 4485 4522
f 4484 4522 4521
f 4485 4486 4523
f 4485 4523 4522
f 4486 4487 4524
f 4486 4524 4523
f 4487 4488 4525
f 4487 4525 4524
f 4488 4489 4526
f 4488 4526 4525
f 4489 4490 4527
f 4489 4527 4526
f 4490 4491 4528
f 4490 4528 4527
f 4491 4492 4529
f 4491 4529 4528
f 4492 4493 4530
f 4492 4530 4529
f 4493 4494 4531
f 4493 4531 4530
f 4494 4495 4532
f 4494 4532 4531
f 4495 4496 4533
f 4495 4533 4532
f 4496 4497 4534
f 4496 4534 4533
f 4497 4498 4535
f 4497 4535 4534
f 4498 4499 4536
f 4498 4536 4535
f 4499 4500 4537
f 4499 4537 4536
f 4500 4501 4538
f 4500 4538 4537
f 4501 4502 4539
f 4501 4539 4538
f 4502 4503 4540
f 4502 4540 4539
f 4503 4504 4541
f 4503 4541 4540
f 4504 4505 4542
f 4504 4542 4541
f 4505 4506 4543
f 4505 4543 4542
f 4506 4507 4544
f 4506 4544 4543
f 4507 4508 4545
f 4507 4545 4544
f 4508 4509 4546
f 4508 4546 4545
f 4509 4510 4547
f 4509 4547 4546
f 4510 4511 4548
f 4510 4548 4547
f 4511 4512 4549
f 4511 4549 4548
f 4512 4513 4550
f 4512 4550 4549
f 4513 4514 4551
f 4513 4551 4550
f 4533 4534 4552
f 4534 4535 4553
f 4534 4553 4552
f 4535 4536 4554
f 4535 4554 4553
f 4536 4537 4555
f 4536 4555 4554
f 4537 4538 4556
f 4537 4556 4555
f 1 4558 4559
f 7 4564 4561
f 6 4562 4563
f 18 4568 4565
f 17 4566 4567
f 33 4572 4569
f 32 4570 4571
f 51 4576 4573
f 50 4574 4575
f 72 4580 4577
f 71 4578 4579
f 95 4584 4581
f 94 4582 4583
f 120 4590 4585
f 119 4587 4589
f 119 4589 4588
f 145 4594 4591
f 144 4592 4593
f 172 4598 4595
f 171 4596 4597
f 199 4602 4599
f 198 4600 4601
f 199 4603 4602
f 227 4604 4605
f 258 4610 4607
f 257 4608 4609
f 290 4614 4611
f 289 4612 4613
f 324 4618 4615
f 323 4616 4617
f 360 4622 4619
f 359 4620 4621
f 400 4628 4623
f 399 4625 4627
f 399 4627 4626
f 441 4632 4629
f 440 4630 4631
f 486 4636 4633
f 485 4634 4635
f 486 4637 4636
f 534 4638 4639
f 591 4644 4641
f 590 4642 4643
f 678 4648 4645
f 677 4646 4647
f 765 4652 4649
f 764 4650 4651
f 852 4656 4653
f 851 4654 4655
f 939 4662 4657
f 938 4659 4661
f 938 4661 4660
f 1025 4666 4663
f 1024 4664 4665
f 1111 4670 4667
f 1110 4668 4669
f 1111 4671 4670
f 1196 4672 4673
f 1282 4678 4675
f 1281 4676 4677
f 1367 4682 4679
f 1366 4680 4681
f 1452 4686 4683
f 1451 4684 4685
f 1537 4692 4687
f 1536 4689 4691
f 1536 4691 4690
f 1621 4696 4693
f 1620 4694 4695
f 1621 4697 4696
f 1704 4698 4699
f 1788 4704 4701
f 1787 4702 4703
f 1871 4708 4705
f 1870 4706 4707
f 1954 4712 4709
f 1953 4710 4711
f 2037 4716 4713
f 2036 4714 4715
f 2120 4722 4717
f 2119 4719 4721
f 2119 4721 4720
f 2202 4726 4723
f 2201 4724 4725
f 2284 4730 4727
f 2283 4728 4729
f 2366 4734 4731
f 2365 4732 4733
f 2448 4738 4735
f 2447 4736 4737
f 2448 4739 4738
f 2529 4740 4741
f 2611 4746 4743
f 2610 4744 4745
f 2692 4750 4747
f 2691 4748 4749
f 2773 4754 4751
f 2772 4752 4753
f 2854 4758 4755
f 2853 4756 4757
f 2935 4762 4759
f 2934 4760 4761
f 3016 4766 4763
f 3015 4764 4765
f 3097 4770 4767
f 3096 4768 4769
f 3178 4774 4771
f 3177 4772 4773
f 3259 4778 4775
f 3258 4776 4777
f 3259 4779 4778
f 3339 4781 4783
f 3339 4783 4782
f 3419 4788 4785
f 3418 4786 4787
f 3498 4792 4789
f 3497 4790 4791
f 3577 4796 4793
f 3576 4794 4795
f 3656 4800 4797
f 3655 4798 4799
f 3735 4804 4801
f 3734 4802 4803
f 3814 4808 4805
f 3813 4806 4807
f 3893 4812 4809
f 3892 4810 4811
f 3972 4816 4813
f 3971 4814 4815
f 4051 4820 4817
f 4050 4818 4819
f 4130 4824 4821
f 4129 4822 4823
f 4209 4828 4825
f 4208 4826 4827
f 4288 4831 4829
f 4562 6 1
f 4560 2 7
f 4566 17 6
f 4564 7 18
f 4570 32 17
f 4568 18 33
f 4574 50 32
f 4572 33 51
f 4578 71 50
f 4576 51 72
f 4582 94 71
f 4580 72 95
f 4587 119 94
f 4584 95 120
f 4586 118 119
f 4592 144 118
f 4590 120 145
f 4596 171 144
f 4594 145 172
f 4600 198 171
f 4598 172 199
f 4604 227 198
f 4603 199 228
f 4608 257 227
f 4606 228 258
f 4612 289 257
f 4610 258 290
f 4616 323 289
f 4614 290 324
f 4620 359 323
f 4618 324 360
f 4625 399 359
f 4622 360 400
f 4624 398 399
f 4630 440 398
f 4628 400 441
f 4634 485 440
f 4632 441 486
f 4638 534 485
f 4637 486 535
f 4642 590 534
f 4640 535 591
f 4646 677 590
f 4644 591 678
f 4650 764 677
f 4648 678 765
f 4654 851 764
f 4652 765 852
f 4659 938 851
f 4656 852 939
f 4658 937 938
f 4664 1024 937
f 4662 939 1025
f 4668 1110 1024
f 4666 1025 1111
f 4672 1196 1110
f 4671 1111 1197
f 4676 1281 1196
f 4674 1197 1282
f 4680 1366 1281
f 4678 1282 1367
f 4684 1451 1366
f 4682 1367 1452
f 4689 1536 1451
f 4686 1452 1537
f 4688 1535 1536
f 4694 1620 1535
f 4692 1537 1621
f 4698 1704 1620
f 4697 1621 1705
f 4702 1787 1704
f 4700 1705 1788
f 4706 1870 1787
f 4704 1788 1871
f 4710 1953 1870
f 4708 1871 1954
f 4714 2036 1953
f 4712 1954 2037
f 4719 2119 2036
f 4716 2037 2120
f 4718 2118 2119
f 4724 2201 2118
f 4722 2120 2202
f 4728 2283 2201
f 4726 2202 2284
f 4732 2365 2283
f 4730 2284 2366
f 4736 2447 2365
f 4734 2366 2448
f 4740 2529 2447
f 4739 2448 2530
f 4744 2610 2529
f 4742 2530 2611
f 4748 2691 2610
f 4746 2611 2692
f 4752 2772 2691
f 4750 2692 2773
f 4756 2853 2772
f 4754 2773 2854
f 4760 2934 2853
f 4758 2854 2935
f 4764 3015 2934
f 4762 2935 3016
f 4768 3096 3015
f 4766 3016 3097
f 4772 3177 3096
f 4770 3097 3178
f 4776 3258 3177
f 4774 3178 3259
f 4781 3339 3258
f 4779 3259 3340
f 4780 3338 3339
f 4786 3418 3338
f 4784 3340 3419
f 4790 3497 3418
f 4788 3419 3498
f 4794 3576 3497
f 4792 3498 3577
f 4798 3655 3576
f 4796 3577 3656
f 4802 3734 3655
f 4800 3656 3735
f 4806 3813 3734
f 4804 3735 3814
f 4810 3892 3813
f 4808 3814 3893
f 4814 3971 3892
f 4812 3893 3972
f 4818 4050 3971
f 4816 3972 4051
f 4822 4129 4050
f 4820 4051 4130
f 4826 4208 4129
f 4824 4130 4209
f 4830 4287 4208
f 4828 4209 4288
f 4562 1 4559
f 4560 7 4561
f 4566 6 4563
f 4564 18 4565
f 4570 17 4567
f 4568 33 4569
f 4574 32 4571
f 4572 51 4573
f 4578 50 4575
f 4576 72 4577
f 4582 71 4579
f 4580 95 4581
f 4587 94 4583
f 4584 120 4585
f 4586 119 4588
f 4592 118 4586
f 4590 145 4591
f 4596 144 4593
f 4594 172 4595
f 4600 171 4597
f 4598 199 4599
f 4604 198 4601
f 4603 228 4606
f 4608 227 4605
f 4606 258 4607
f 4612 257 4609
f 4610 290 4611
f 4616 289 4613
f 4614 324 4615
f 4620 323 4617
f 4618 360 4619
f 4625 359 4621
f 4622 400 4623
f 4624 399 4626
f 4630 398 4624
f 4628 441 4629
f 4634 440 4631
f 4632 486 4633
f 4638 485 4635
f 4637 535 4640
f 4642 534 4639
f 4640 591 4641
f 4646 590 4643
f 4644 678 4645
f 4650 677 4647
f 4648 765 4649
f 4654 764 4651
f 4652 852 4653
f 4659 851 4655
f 4656 939 4657
f 4658 938 4660
f 4664 937 4658
f 4662 1025 4663
f 4668 1024 4665
f 4666 1111 4667
f 4672 1110 4669
f 4671 1197 4674
f 4676 1196 4673
f 4674 1282 4675
f 4680 1281 4677
f 4678 1367 4679
f 4684 1366 4681
f 4682 1452 4683
f 4689 1451 4685
f 4686 1537 4687
f 4688 1536 4690
f 4694 1535 4688
f 4692 1621 4693
f 4698 1620 4695
f 4697 1705 4700
f 4702 1704 4699
f 4700 1788 4701
f 4706 1787 4703
f 4704 1871 4705
f 4710 1870 4707
f 4708 1954 4709
f 4714 1953 4711
f 4712 2037 4713
f 4719 2036 4715
f 4716 2120 4717
f 4718 2119 4720
f 4724 2118 4718
f 4722 2202 4723
f 4728 2201 4725
f 4726 2284 4727
f 4732 2283 4729
f 4730 2366 4731
f 4736 2365 4733
f 4734 2448 4735
f 4740 2447 4737
f 4739 2530 4742
f 4744 2529 4741
f 4742 2611 4743
f 4748 2610 4745
f 4746 2692 4747
f 4752 2691 4749
f 4750 2773 4751
f 4756 2772 4753
f 4754 2854 4755
f 4760 2853 4757
f 4758 2935 4759
f 4764 2934 4761
f 4762 3016 4763
f 4768 3015 4765
f 4766 3097 4767
f 4772 3096 4769
f 4770 3178 4771
f 4776 3177 4773
f 4774 3259 4775
f 4781 3258 4777
f 4779 3340 4784
f 4780 3339 4782
f 4786 3338 4780
f 4784 3419 4785
f 4790 3418 4787
f 4788 3498 4789
f 4794 3497 4791
f 4792 3577 4793
f 4798 3576 4795
f 4796 3656 4797
f 4802 3655 4799
f 4800 3735 4801
f 4806 3734 4803
f 4804 3814 4805
f 4810 3813 4807
f 4808 3893 4809
f 4814 3892 4811
f 4812 3972 4813
f 4818 3971 4815
f 4816 4051 4817
f 4822 4050 4819
f 4820 4130 4821
f 4826 4129 4823
f 4824 4209 4825
f 4830 4208 4827
f 4828 4288 4829
f 1 4833 4834
f 1 4843 4833
f 2 4837 4846
f 3 4838 4839
f 3 4859 4838
f 4 4840 4841
f 5 4842 4844
f 9 4850 4851
f 10 4852 4853
f 10 4853 4862
f 11 4854 4855
f 11 4869 4854
f 12 4856 4857
f 13 4858 4860
f 23 4864 4865
f 24 4866 4867
f 24 4867 4872
f 25 4868 4870
f 25 4877 4868
f 40 4873 4880
f 41 4874 4875
f 41 4885 4874
f 42 4876 4878
f 60 4882 4883
f 60 4883 4888
f 61 4884 4886
f 61 4891 4884
f 82 4889 4894
f 83 4890 4892
f 83 4897 4890
f 106 4895 4900
f 107 4896 4898
f 107 4903 4896
f 132 4901 4902
f 133 4909 4904
f 132 4902 4905
f 158 4907 4912
f 159 4908 4910
f 159 4914 4908
f 158 4912 4913
f 186 4919 4915
f 213 4917 4922
f 214 4918 4920
f 214 4925 4918
f 242 4923 4928
f 243 4924 4926
f 243 4931 4924
f 273 4929 4934
f 274 4930 4932
f 274 4937 4930
f 306 4935 4940
f 307 4936 4938
f 307 4943 4936
f 341 4941 4946
f 342 4942 4944
f 342 4953 4942
f 379 4948 4949
f 379 4949 4956
f 380 4950 4951
f 380 4959 4950
f 381 4952 4954
f 420 4957 4962
f 421 4958 4960
f 421 4969 4958
f 463 4964 4965
f 463 4965 4972
f 464 4966 4967
f 464 4979 4966
f 465 4968 4970
f 510 4974 4975
f 510 4975 4982
f 511 4976 4977
f 511 4997 4976
f 512 4978 4980
f 560 4984 4985
f 561 4986 4987
f 562 4988 4989
f 562 4989 5000
f 563 4990 4991
f 563 5061 4990
f 564 4992 4993
f 565 4994 4995
f 566 4996 4998
f 620 5002 5003
f 621 5004 5005
f 622 5006 5007
f 623 5008 5009
f 624 5010 5011
f 625 5012 5013
f 626 5014 5015
f 627 5016 5017
f 628 5018 5019
f 629 5020 5021
f 630 5022 5023
f 631 5024 5025
f 632 5026 5027
f 633 5028 5029
f 634 5030 5031
f 635 5032 5033
f 636 5034 5035
f 637 5036 5037
f 638 5038 5039
f 639 5040 5041
f 640 5042 5043
f 641 5044 5045
f 642 5046 5047
f 643 5048 5049
f 644 5050 5051
f 645 5052 5053
f 646 5054 5055
f 647 5056 5057
f 648 5058 5059
f 649 5060 5062
f 4557 4835 5064
f 2 4847 4837
f 2 4848 4847
f 4840 4 3
f 4842 5 4
f 4843 1 6
f 4845 6 5
f 4849 8 2
f 4850 9 8
f 4852 10 9
f 4856 12 11
f 4858 13 12
f 4859 3 14
f 4861 14 13
f 4863 22 10
f 4864 23 22
f 4866 24 23
f 4869 11 26
f 4871 26 25
f 4873 40 24
f 4876 42 41
f 4877 25 43
f 4879 43 42
f 4881 59 40
f 4882 60 59
f 4885 41 62
f 4887 62 61
f 4889 82 60
f 4891 61 84
f 4893 84 83
f 4895 106 82
f 4897 83 108
f 4899 108 107
f 4901 132 106
f 4903 107 133
f 4906 157 132
f 4909 133 160
f 4911 160 159
f 4907 158 157
f 4916 185 158
f 4914 159 186
f 4917 213 185
f 4919 186 215
f 4921 215 214
f 4923 242 213
f 4925 214 244
f 4927 244 243
f 4929 273 242
f 4931 243 275
f 4933 275 274
f 4935 306 273
f 4937 274 308
f 4939 308 307
f 4941 341 306
f 4943 307 343
f 4945 343 342
f 4947 378 341
f 4948 379 378
f 4952 381 380
f 4953 342 382
f 4955 382 381
f 4957 420 379
f 4959 380 422
f 4961 422 421
f 4963 462 420
f 4964 463 462
f 4968 465 464
f 4969 421 466
f 4971 466 465
f 4973 509 463
f 4974 510 509
f 4978 512 511
f 4979 464 513
f 4981 513 512
f 4983 559 510
f 4984 560 559
f 4986 561 560
f 4988 562 561
f 4992 564 563
f 4994 565 564
f 4996 566 565
f 4997 511 567
f 4999 567 566
f 5001 619 562
f 5002 620 619
f 5004 621 620
f 5006 622 621
f 5008 623 622
f 5010 624 623
f 5012 625 624
f 5014 626 625
f 5016 627 626
f 5018 628 627
f 5020 629 628
f 5022 630 629
f 5024 631 630
f 5026 632 631
f 5028 633 632
f 5030 634 633
f 5032 635 634
f 5034 636 635
f 5036 637 636
f 5038 638 637
f 5040 639 638
f 5042 640 639
f 5044 641 640
f 5046 642 641
f 5048 643 642
f 5050 644 643
f 5052 645 644
f 5054 646 645
f 5056 647 646
f 5058 648 647
f 5060 649 648
f 5061 563 650
f 5063 650 649
f 4848 2 4560
f 4836 4558 1
f 4835 4557 4558
f 4840 3 4839
f 4842 4 4841
f 4843 6 4845
f 4845 5 4844
f 4849 2 4846
f 4850 8 4849
f 4852 9 4851
f 4856 11 4855
f 4858 12 4857
f 4859 14 4861
f 4861 13 4860
f 4863 10 4862
f 4864 22 4863
f 4866 23 4865
f 4869 26 4871
f 4871 25 4870
f 4873 24 4872
f 4876 41 4875
f 4877 43 4879
f 4879 42 4878
f 4881 40 4880
f 4882 59 4881
f 4885 62 4887
f 4887 61 4886
f 4889 60 4888
f 4891 84 4893
f 4893 83 4892
f 4895 82 4894
f 4897 108 4899
f 4899 107 4898
f 4901 106 4900
f 4903 133 4904
f 4906 132 4905
f 4909 160 4911
f 4911 159 4910
f 4907 157 4906
f 4916 158 4913
f 4914 186 4915
f 4917 185 4916
f 4919 215 4921
f 4921 214 4920
f 4923 213 4922
f 4925 244 4927
f 4927 243 4926
f 4929 242 4928
f 4931 275 4933
f 4933 274 4932
f 4935 273 4934
f 4937 308 4939
f 4939 307 4938
f 4941 306 4940
f 4943 343 4945
f 4945 342 4944
f 4947 341 4946
f 4948 378 4947
f 4952 380 4951
f 4953 382 4955
f 4955 381 4954
f 4957 379 4956
f 4959 422 4961
f 4961 421 4960
f 4963 420 4962
f 4964 462 4963
f 4968 464 4967
f 4969 466 4971
f 4971 465 4970
f 4973 463 4972
f 4974 509 4973
f 4978 511 4977
f 4979 513 4981
f 4981 512 4980
f 4983 510 4982
f 4984 559 4983
f 4986 560 4985
f 4988 561 4987
f 4992 563 4991
f 4994 564 4993
f 4996 565 4995
f 4997 567 4999
f 4999 566 4998
f 5001 562 5000
f 5002 619 5001
f 5004 620 5003
f 5006 621 5005
f 5008 622 5007
f 5010 623 5009
f 5012 624 5011
f 5014 625 5013
f 5016 626 5015
f 5018 627 5017
f 5020 628 5019
f 5022 629 5021
f 5024 630 5023
f 5026 631 5025
f 5028 632 5027
f 5030 633 5029
f 5032 634 5031
f 5034 635 5033
f 5036 636 5035
f 5038 637 5037
f 5040 638 5039
f 5042 639 5041
f 5044 640 5043
f 5046 641 5045
f 5048 642 5047
f 5050 643 5049
f 5052 644 5051
f 5054 645 5053
f 5056 646 5055
f 5058 647 5057
f 5060 648 5059
f 5061 650 5063
f 5063 649 5062
f 4848 4560 5065
f 4836 1 4834
f 4835 4558 4836
f 4283 5068 5067
f 4284 5070 5069
f 4285 5072 5071
f 4286 5074 5073
f 4288 5079 5078
f 4289 5081 5080
f 4290 5083 5082
f 4291 5085 5084
f 4295 5088 5087
f 4358 5092 5091
f 4359 5094 5093
f 4360 5096 5095
f 4361 5097 5099
f 4361 5099 5098
f 4362 5103 5102
f 4362 5104 5103
f 4363 5105 5106
f 4364 5108 5107
f 4364 5109 5108
f 4365 5111 5110
f 4366 5113 5112
f 4421 5117 5116
f 4422 5119 5118
f 4423 5121 5120
f 4424 5122 5124
f 4424 5124 5123
f 4425 5126 5125
f 4425 5127 5126
f 4426 5129 5128
f 4427 5131 5130
f 4428 5133 5132
f 4473 5137 5136
f 4474 5139 5138
f 4475 5141 5140
f 4476 5143 5142
f 4477 5144 5146
f 4477 5146 5145
f 4478 5148 5147
f 4478 5149 5148
f 4479 5151 5150
f 4480 5153 5152
f 4481 5155 5154
f 4482 5157 5156
f 4515 5161 5160
f 4516 5163 5162
f 4517 5165 5164
f 4518 5167 5166
f 4519 5169 5168
f 4520 5170 5172
f 4520 5172 5171
f 4521 5174 5173
f 4521 5175 5174
f 4522 5177 5176
f 4523 5179 5178
f 4524 5181 5180
f 4525 5183 5182
f 4526 5185 5184
f 4527 5187 5186
f 4528 5189 5188
f 4529 5191 5190
f 4530 5193 5192
f 4531 5195 5194
f 4532 5197 5196
f 4539 5201 5200
f 4540 5203 5202
f 4541 5205 5204
f 4542 5207 5206
f 4543 5209 5208
f 4544 5211 5210
f 4545 5213 5212
f 4546 5215 5214
f 4547 5217 5216
f 4548 5219 5218
f 4549 5221 5220
f 4550 5223 5222
f 4551 5224 5226
f 4551 5226 5225
f 4552 5228 5227
f 4552 5229 5228
f 4553 5231 5230
f 4554 5233 5232
f 4555 5235 5234
f 4556 5236 5238
f 4556 5238 5237
f 4832 5101 5240
f 4287 5077 5075
f 4287 5076 5077
f 5066 4282 4283
f 5097 4361 4282
f 5068 4283 4284
f 5070 4284 4285
f 5072 4285 4286
f 5074 4286 4287
f 5079 4288 4289
f 5081 4289 4290
f 5083 4290 4291
f 5085 4291 4292
f 5086 4292 4362
f 5088 4295 4296
f 5089 4296 4364
f 5090 4357 4358
f 5122 4424 4357
f 5092 4358 4359
f 5094 4359 4360
f 5096 4360 4361
f 5104 4362 4363
f 5105 4363 4295
f 5109 4364 4365
f 5111 4365 4366
f 5113 4366 4367
f 5114 4367 4425
f 5115 4420 4421
f 5144 4477 4420
f 5117 4421 4422
f 5119 4422 4423
f 5121 4423 4424
f 5127 4425 4426
f 5129 4426 4427
f 5131 4427 4428
f 5133 4428 4429
f 5134 4429 4478
f 5135 4472 4473
f 5170 4520 4472
f 5137 4473 4474
f 5139 4474 4475
f 5141 4475 4476
f 5143 4476 4477
f 5149 4478 4479
f 5151 4479 4480
f 5153 4480 4481
f 5155 4481 4482
f 5157 4482 4483
f 5158 4483 4521
f 5159 4514 4515
f 5224 4551 4514
f 5161 4515 4516
f 5163 4516 4517
f 5165 4517 4518
f 5167 4518 4519
f 5169 4519 4520
f 5175 4521 4522
f 5177 4522 4523
f 5179 4523 4524
f 5181 4524 4525
f 5183 4525 4526
f 5185 4526 4527
f 5187 4527 4528
f 5189 4528 4529
f 5191 4529 4530
f 5193 4530 4531
f 5195 4531 4532
f 5197 4532 4533
f 5198 4533 4552
f 5199 4538 4539
f 5236 4556 4538
f 5201 4539 4540
f 5203 4540 4541
f 5205 4541 4542
f 5207 4542 4543
f 5209 4543 4544
f 5211 4544 4545
f 5213 4545 4546
f 5215 4546 4547
f 5217 4547 4548
f 5219 4548 4549
f 5221 4549 4550
f 5223 4550 4551
f 5229 4552 4553
f 5231 4553 4554
f 5233 4554 4555
f 5235 4555 4556
f 5076 4287 4830
f 5100 4831 4288
f 5101 4832 4831
f 5066 4283 5067
f 5097 4282 5066
f 5068 4284 5069
f 5070 4285 5071
f 5072 4286 5073
f 5074 4287 5075
f 5079 4289 5080
f 5081 4290 5082
f 5083 4291 5084
f 5085 4292 5086
f 5086 4362 5102
f 5088 4296 5089
f 5089 4364 5107
f 5090 4358 5091
f 5122 4357 5090
f 5092 4359 5093
f 5094 4360 5095
f 5096 4361 5098
f 5104 4363 5106
f 5105 4295 5087
f 5109 4365 5110
f 5111 4366 5112
f 5113 4367 5114
f 5114 4425 5125
f 5115 4421 5116
f 5144 4420 5115
f 5117 4422 5118
f 5119 4423 5120
f 5121 4424 5123
f 5127 4426 5128
f 5129 4427 5130
f 5131 4428 5132
f 5133 4429 5134
f 5134 4478 5147
f 5135 4473 5136
f 5170 4472 5135
f 5137 4474 5138
f 5139 4475 5140
f 5141 4476 5142
f 5143 4477 5145
f 5149 4479 5150
f 5151 4480 5152
f 5153 4481 5154
f 5155 4482 5156
f 5157 4483 5158
f 5158 4521 5173
f 5159 4515 5160
f 5224 4514 5159
f 5161 4516 5162
f 5163 4517 5164
f 5165 4518 5166
f 5167 4519 5168
f 5169 4520 5171
f 5175 4522 5176
f 5177 4523 5178
f 5179 4524 5180
f 5181 4525 5182
f 5183 4526 5184
f 5185 4527 5186
f 5187 4528 5188
f 5189 4529 5190
f 5191 4530 5192
f 5193 4531 5194
f 5195 4532 5196
f 5197 4533 5198
f 5198 4552 5227
f 5199 4539 5200
f 5236 4538 5199
f 5201 4540 5202
f 5203 4541 5204
f 5205 4542 5206
f 5207 4543 5208
f 5209 4544 5210
f 5211 4545 5212
f 5213 4546 5214
f 5215 4547 5216
f 5217 4548 5218
f 5219 4549 5220
f 5221 4550 5222
f 5223 4551 5225
f 5229 4553 5230
f 5231 4554 5232
f 5233 4555 5234
f 5235 4556 5237
f 5076 4830 5239
f 5100 4288 5078
f 5101 4831 5100

