# https://github.com/mikedh/trimesh
v 0.00000000 0.00000000 55.00000000
v 0.93356524 -0.01545116 64.62271943
v 0.93356524 -0.43138094 64.61244559
v 0.93356524 -0.70025800 64.58162759
v 0.93356524 -0.93541980 64.53027592
v 0.93356524 -1.15393622 64.45840758
v 0.93356524 -1.36351085 64.36604544
v 0.93356524 -1.56863233 64.25321719
v 0.93356524 -1.77226949 64.11995406
v 0.93356524 -1.97652448 63.96628909
v 0.93356524 -2.18293529 63.79225496
v 0.93356524 -2.39263365 63.59788129
v 0.93356524 -2.60643492 63.38319137
v 0.93356524 -2.82489279 63.14819801
v 0.93356524 -3.04833457 62.89289853
v 0.93356524 -3.27688515 62.61726844
v 0.93356524 -3.51048437 62.32125356
v 0.93356524 -3.74890023 62.00476015
v 0.93356524 -3.99173961 61.66764219
v 0.93356524 -4.23845744 61.30968501
v 0.93356524 -4.48836497 60.93058380
v 0.93356524 -4.74063727 60.52991477
v 0.93356524 -4.99432039 60.10709592
v 0.93356524 -5.24833781 59.66133196
v 0.93356524 -5.50149610 59.19153516
v 0.93356524 -5.75248909 58.69620722
v 0.93356524 -5.99989957 58.17325581
v 0.93356524 -6.24219617 57.61969435
v 0.93356524 -6.47772136 57.03111741
v 0.93356524 -6.70466076 56.40070025
v 0.93356524 -6.92096930 55.71704267
v 0.93356524 -7.12417766 54.95856699
v 0.93356524 -7.31073963 54.07313280
v 0.93356524 -7.47009018 52.68876222
v 0.93356524 -7.46510026 51.73052763
v 0.93356524 -7.45012650 51.28135450
v 0.93356524 -7.42515668 50.92774572
v 0.93356524 -7.39017010 50.62578608
v 0.93356524 -7.34513691 50.35821362
v 0.93356524 -7.29001729 50.11613629
v 0.93356524 -7.22476025 49.89428234
v 0.93356524 -7.14930213 49.68924094
v 0.93356524 -7.06356465 49.49866959
v 0.93356524 -6.96745252 49.32088859
v 0.93356524 -6.86085041 49.15465379
v 0.93356524 -6.74361921 48.99902016
v 0.93356524 -6.61559132 48.85325554
v 0.93356524 -6.47656477 48.71678361
v 0.93356524 -6.32629576 48.58914482
v 0.93356524 -6.16448913 48.46996892
v 0.93356524 -5.99078610 48.35895501
v 0.93356524 -5.80474812 48.25585695
v 0.93356524 -5.60583554 48.16047223
v 0.93356524 -5.39337855 48.07263358
v 0.93356524 -5.16653712 47.99220242
v 0.93356524 -4.92424410 47.91906379
v 0.93356524 -4.66512212 47.85312222
v 0.93356524 -4.38735775 47.79429859
v 0.93356524 -4.08850277 47.74252753
v 0.93356524 -3.76514293 47.69775533
v 0.93356524 -3.41230680 47.65993831
v 0.93356524 -3.02231064 47.62904149
v 0.93356524 -2.58219396 47.60503755
v 0.93356524 -2.06679686 47.58790601
v 0.93356524 -1.41211140 47.57763266
v 0.93356524 -0.01545117 47.57420913
v 1.87644001 -0.03085082 69.82585722
v 1.87644001 -0.61682965 69.81062311
v 1.87644001 -0.99582645 69.76492606
v 1.87644001 -1.32734352 69.68878169
v 1.87644001 -1.63541547 69.58221539
v 1.87644001 -1.93089061 69.44526128
v 1.87644001 -2.22009038 69.27796075
v 1.87644001 -2.50719616 69.08036045
v 1.87644001 -2.79516873 68.85250982
v 1.87644001 -3.08617420 68.59445782
v 1.87644001 -3.38180646 68.30624901
v 1.87644001 -3.68321364 67.98791857
v 1.87644001 -3.99117519 67.63948632
v 1.87644001 -4.30615149 67.26094915
v 1.87644001 -4.62831772 66.85227176
v 1.87644001 -4.95758818 66.41337498
v 1.87644001 -5.29363499 65.94412109
v 1.87644001 -5.63590315 65.44429505
v 1.87644001 -5.98362345 64.91358029
v 1.87644001 -6.33582411 64.35152676
v 1.87644001 -6.69134141 63.75750842
v 1.87644001 -7.04882972 63.13066497
v 1.87644001 -7.40677057 62.46982046
v 1.87644001 -7.76348065 61.77336602
v 1.87644001 -8.11711766 61.03908504
v 1.87644001 -8.46568262 60.26388158
v 1.87644001 -8.80701549 59.44333598
v 1.87644001 -9.13877804 58.57092835
v 1.87644001 -9.45841039 57.63655778
v 1.87644001 -9.76302644 56.62335119
v 1.87644001 -10.04913993 55.49937275
v 1.87644001 -10.31174068 54.18745837
v 1.87644001 -10.53589029 52.13735137
v 1.87644001 -10.52885853 50.71705651
v 1.87644001 -10.50775757 50.05129230
v 1.87644001 -10.47257023 49.52717353
v 1.87644001 -10.42326731 49.07960909
v 1.87644001 -10.35980678 48.68301332
v 1.87644001 -10.28213249 48.32420641
v 1.87644001 -10.19017260 47.99537460
v 1.87644001 -10.08383740 47.69146232
v 1.87644001 -9.96301657 47.40899755
v 1.87644001 -9.82757585 47.14549065
v 1.87644001 -9.67735270 46.89909749
v 1.87644001 -9.51215108 46.66841740
v 1.87644001 -9.33173483 46.45236516
v 1.87644001 -9.13581932 46.25008652
v 1.87644001 -8.92406099 46.06090037
v 1.87644001 -8.69604392 45.88425789
v 1.87644001 -8.45126249 45.71971314
v 1.87644001 -8.18909872 45.56690124
v 1.87644001 -7.90879211 45.42552204
v 1.87644001 -7.60939880 45.29532764
v 1.87644001 -7.28973500 45.17611262
v 1.87644001 -6.94829692 45.06770657
v 1.87644001 -6.58314354 44.96996800
v 1.87644001 -6.19171939 44.88277965
v 1.87644001 -5.77057448 44.80604460
v 1.87644001 -5.31489743 44.73968327
v 1.87644001 -4.81768254 44.68363091
v 1.87644001 -4.26810194 44.63783566
v 1.87644001 -3.64789175 44.60225702
v 1.87644001 -2.92159677 44.57686466
v 1.87644001 -1.99901734 44.56163750
v 1.87644001 -0.03085084 44.55656315
v 2.82862121 -0.04621462 74.08203981
v 2.82862121 -0.76105954 74.06286149
v 2.82862121 -1.22363575 74.00533320
v 2.82862121 -1.62831458 73.90947476
v 2.82862121 -2.00439923 73.77531832
v 2.82862121 -2.36511777 73.60290710
v 2.82862121 -2.71817911 73.39229360
v 2.82862121 -3.06868265 73.14353700
v 2.82862121 -3.42023929 72.85670008
v 2.82862121 -3.77549075 72.53184514
v 2.82862121 -4.13638075 72.16902901
v 2.82862121 -4.50430924 71.76829685
v 2.82862121 -4.88022630 71.32967459
v 2.82862121 -5.26469272 70.85315943
v 2.82862121 -5.65792120 70.33870817
v 2.82862121 -6.05980610 69.78622259
v 2.82862121 -6.46994617 69.19553094
v 2.82862121 -6.88766293 68.56636437
v 2.82862121 -7.31201646 67.89832643
v 2.82862121 -7.74181954 67.19085306
v 2.82862121 -8.17565066 66.44315897
v 2.82862121 -8.61186621 65.65416456
v 2.82862121 -9.04861160 64.82239350
v 2.82862121 -9.48383095 63.94582541
v 2.82862121 -9.91527424 63.02167612
v 2.82862121 -10.34050004 62.04605631
v 2.82862121 -10.75687011 61.01341310
v 2.82862121 -11.16152834 59.91555412
v 2.82862121 -11.55134741 58.73978677
v 2.82862121 -11.92280058 57.46490830
v 2.82862121 -12.27162592 56.05078884
v 2.82862121 -12.59169443 54.40047288
v 2.82862121 -12.86471745 51.82287471
v 2.82862121 -12.85613712 50.03557972
v 2.82862121 -12.83038923 49.19778395
v 2.82862121 -12.78745279 48.53823439
v 2.82862121 -12.72729218 47.97502058
v 2.82862121 -12.64985610 47.47594561
v 2.82862121 -12.55507606 47.02442402
v 2.82862121 -12.44286438 46.61062300
v 2.82862121 -12.31311160 46.22818067
v 2.82862121 -12.16568311 45.87272781
v 2.82862121 -12.00041506 45.54113148
v 2.82862121 -11.81710915 45.23107104
v 2.82862121 -11.61552615 44.94078387
v 2.82862121 -11.39537788 44.66890434
v 2.82862121 -11.15631705 44.41435749
v 2.82862121 -10.89792442 44.17628618
v 2.82862121 -10.61969248 43.95399979
v 2.82862121 -10.32100427 43.74693714
v 2.82862121 -10.00110571 43.55463908
v 2.82862121 -9.65906882 43.37672791
v 2.82862121 -9.29374186 43.21289164
v 2.82862121 -8.90368039 43.06287181
v 2.82862121 -8.48704939 42.92645394
v 2.82862121 -8.04148042 42.80346001
v 2.82862121 -7.56385522 42.69374244
v 2.82862121 -7.04996402 42.59717928
v 2.82862121 -6.49393589 42.51367037
v 2.82862121 -5.88722228 42.44313423
v 2.82862121 -5.21661075 42.38550562
v 2.82862121 -4.45981530 42.34073357
v 2.82862121 -3.57357264 42.30877989
v 2.82862121 -2.44781894 42.28961808
v 2.82862121 -0.04621465 42.28323253
v 3.79010370 -0.06155941 77.81495196
v 3.79010370 -0.88361055 77.79237986
v 3.79010370 -1.41582437 77.72467149
v 3.79010370 -1.88148526 77.61185027
v 3.79010370 -2.31427157 77.45395431
v 3.79010370 -2.72938851 77.25103481
v 3.79010370 -3.13569796 77.00315397
v 3.79010370 -3.53906235 76.71038200
v 3.79010370 -3.94363299 76.37279343
v 3.79010370 -4.35244692 75.99046232
v 3.79010370 -4.76773858 75.56345643
v 3.79010370 -5.19111709 75.09182995
v 3.79010370 -5.62367414 74.57561450
v 3.79010370 -6.06605366 74.01480810
v 3.79010370 -6.51849911 73.40936138
v 3.79010370 -6.98088777 72.75916041
v 3.79010370 -7.45275673 72.06400492
v 3.79010370 -7.93332417 71.32358065
v 3.79010370 -8.42150740 70.53742350
v 3.79010370 -8.91593919 69.70487244
v 3.79010370 -9.41498270 68.82500658
v 3.79010370 -9.91674549 67.89655922
v 3.79010370 -10.41909232 66.91779760
v 3.79010370 -10.91965625 65.88634966
v 3.79010370 -11.41584688 64.79894591
v 3.79010370 -11.90485340 63.65101836
v 3.79010370 -12.38363827 62.43604434
v 3.79010370 -12.84891287 61.14439993
v 3.79010370 -13.29707574 59.76117386
v 3.79010370 -13.72406444 58.26145663
v 3.79010370 -14.12496764 56.59810367
v 3.79010370 -14.49271784 54.65722002
v 3.79010370 -14.80620964 51.62733067
v 3.79010370 -14.79634001 49.52460111
v 3.79010370 -14.76672315 48.53894517
v 3.79010370 -14.71733495 47.76299360
v 3.79010370 -14.64813443 47.10037980
v 3.79010370 -14.55906256 46.51322451
v 3.79010370 -14.45004058 45.98201517
v 3.79010370 -14.32096764 45.49518361
v 3.79010370 -14.17171781 45.04524512
v 3.79010370 -14.00213627 44.62705941
v 3.79010370 -13.81203454 44.23694058
v 3.79010370 -13.60118451 43.87215847
v 3.79010370 -13.36931104 43.53063935
v 3.79010370 -13.11608262 43.21077659
v 3.79010370 -12.84109978 42.91130549
v 3.79010370 -12.54388028 42.63121766
v 3.79010370 -12.22384036 42.36970058
v 3.79010370 -11.88027034 42.12609404
v 3.79010370 -11.51230285 41.89985785
v 3.79010370 -11.11887045 41.69054765
v 3.79010370 -10.69864835 41.49779638
v 3.79010370 -10.24997505 41.32129998
v 3.79010370 -9.77073980 41.16080611
v 3.79010370 -9.25821827 41.01610533
v 3.79010370 -8.70882366 40.88702402
v 3.79010370 -8.11771360 40.77341871
v 3.79010370 -7.47813497 40.67517155
v 3.79010370 -6.78025472 40.59218669
v 3.79010370 -6.00887506 40.52438737
v 3.79010370 -5.13836121 40.47171363
v 3.79010370 -4.11894902 40.43412054
v 3.79010370 -2.82403613 40.41157692
v 3.79010370 -0.06155944 40.40406440
v 4.76088025 -0.07690326 81.19667785
v 4.76088025 -0.99207082 81.17107720
v 4.76088025 -1.58486211 81.09428428
v 4.76088025 -2.10359215 80.96632583
v 4.76088025 -2.58573266 80.78724532
v 4.76088025 -3.04820377 80.55710121
v 4.76088025 -3.50086774 80.27596452
v 4.76088025 -3.95024912 79.94391549
v 4.76088025 -4.40096823 79.56103935
v 4.76088025 -4.85640517 79.12742097
v 4.76088025 -5.31904663 78.64313818
v 4.76088025 -5.79068312 78.10825356
v 4.76088025 -6.27252906 77.52280425
v 4.76088025 -6.76530021 76.88678948
v 4.76088025 -7.26926642 76.20015490
v 4.76088025 -7.78428960 75.46277316
v 4.76088025 -8.30985286 74.67441926
v 4.76088025 -8.84508400 73.83473920
v 4.76088025 -9.38877572 72.94320940
v 4.76088025 -9.93940373 71.99908335
v 4.76088025 -10.49514341 71.00132037
v 4.76088025 -11.05388536 69.94848828
v 4.76088025 -11.61324968 68.83862719
v 4.76088025 -12.17059833 67.66905337
v 4.76088025 -12.72304419 66.43606694
v 4.76088025 -13.26745448 65.13449774
v 4.76088025 -13.80044358 63.75696237
v 4.76088025 -14.31834571 62.29256607
v 4.76088025 -14.81714580 60.72442762
v 4.76088025 -15.29231377 59.02434623
v 4.76088025 -15.73837066 57.13894908
v 4.76088025 -16.14742707 54.93930402
v 4.76088025 -16.49590562 51.50719518
v 4.76088025 -16.48491523 49.12328440
v 4.76088025 -16.45193518 48.00582457
v 4.76088025 -16.39693863 47.12611119
v 4.76088025 -16.31987993 46.37489134
v 4.76088025 -16.22069337 45.70922047
v 4.76088025 -16.09929122 45.10697675
v 4.76088025 -15.95556120 44.55504509
v 4.76088025 -15.78936306 44.04493992
v 4.76088025 -15.60052442 43.57083357
v 4.76088025 -15.38883539 43.12854728
v 4.76088025 -15.15404196 42.71498576
v 4.76088025 -14.89583772 42.32779802
v 4.76088025 -14.61385355 41.96516257
v 4.76088025 -14.30764459 41.62564560
v 4.76088025 -13.97667387 41.30810385
v 4.76088025 -13.62029130 41.01161619
v 4.76088025 -13.23770665 40.73543409
v 4.76088025 -12.82795402 40.47894514
v 4.76088025 -12.38984478 40.24164556
v 4.76088025 -11.92190370 40.02311921
v 4.76088025 -11.42228058 39.82302135
v 4.76088025 -10.88862502 39.64106592
v 4.76088025 -10.31790330 39.47701546
v 4.76088025 -9.70612131 39.33067314
v 4.76088025 -9.04788681 39.20187629
v 4.76088025 -8.33567982 39.09049132
v 4.76088025 -7.55855067 38.99640957
v 4.76088025 -6.69957577 38.91954398
v 4.76088025 -5.73020934 38.85982660
v 4.76088025 -4.59503618 38.81720649
v 4.76088025 -3.15307741 38.79164829
v 4.76088025 -0.07690329 38.78313118
v 5.74094158 -0.09226552 84.31779581
v 5.74094158 -1.09033932 84.28943549
v 5.74094158 -1.73714803 84.20436459
v 5.74094158 -2.30321910 84.06261291
v 5.74094158 -2.82939565 83.86422889
v 5.74094158 -3.33412259 83.60927772
v 5.74094158 -3.82815188 83.29783858
v 5.74094158 -4.31859709 82.93000104
v 5.74094158 -4.81049575 82.50586032
v 5.74094158 -5.30753315 82.02551135
v 5.74094158 -5.81242034 81.48904142
v 5.74094158 -6.32710908 80.89652111
v 5.74094158 -6.85292279 80.24799297
v 5.74094158 -7.39064090 79.54345775
v 5.74094158 -7.94055635 78.78285707
v 5.74094158 -8.50251705 77.96605187
v 5.74094158 -9.07595753 77.09279527
v 5.74094158 -9.65992463 76.16269777
v 5.74094158 -10.25309955 75.17518239
v 5.74094158 -10.85381753 74.12942569
v 5.74094158 -11.46008606 73.02427897
v 5.74094158 -12.06960185 71.85816054
v 5.74094158 -12.67976640 70.62890513
v 5.74094158 -13.28769937 69.33354695
v 5.74094158 -13.89024858 67.96799638
v 5.74094158 -14.48399354 66.52653772
v 5.74094158 -15.06523757 65.00100750
v 5.74094158 -15.62997777 63.37935891
v 5.74094158 -16.17382923 61.64292475
v 5.74094158 -16.69184335 59.76052004
v 5.74094158 -17.17803265 57.67312527
v 5.74094158 -17.62376998 55.23817780
v 5.74094158 -18.00325438 51.44082291
v 5.74094158 -17.99126530 48.80097328
v 5.74094158 -17.95528838 47.56354192
v 5.74094158 -17.89529431 46.58938171
v 5.74094158 -17.81123333 45.75751020
v 5.74094158 -17.70303373 45.02037229
v 5.74094158 -17.57059984 44.35347113
v 5.74094158 -17.41380914 43.74228357
v 5.74094158 -17.23250866 43.17741305
v 5.74094158 -17.02651035 42.65240621
v 5.74094158 -16.79558524 42.16263565
v 5.74094158 -16.53945624 41.70467379
v 5.74094158 -16.25778912 41.27591721
v 5.74094158 -15.95018119 40.87434888
v 5.74094158 -15.61614718 40.49838106
v 5.74094158 -15.25510131 40.14674774
v 5.74094158 -14.86633444 39.81842888
v 5.74094158 -14.44898451 39.51259562
v 5.74094158 -14.00199786 39.22856978
v 5.74094158 -13.52407786 38.96579350
v 5.74094158 -13.01361521 38.72380596
v 5.74094158 -12.46859159 38.50222541
v 5.74094158 -11.88644302 38.30073507
v 5.74094158 -11.26386009 38.11907201
v 5.74094158 -10.59648578 37.95701824
v 5.74094158 -9.87843784 37.81439364
v 5.74094158 -9.10151296 37.69105028
v 5.74094158 -8.25376647 37.58686782
v 5.74094158 -7.31673695 37.50174988
v 5.74094158 -6.25928469 37.43562119
v 5.74094158 -5.02095891 37.38842534
v 5.74094158 -3.44797007 37.36012319
v 5.74094158 -0.09226555 37.35069167
v 6.73027634 -6.26095947 84.14985430
v 6.73027634 -6.81467028 83.50411830
v 6.73027634 -7.38033211 82.79735009
v 6.73027634 -7.95878171 82.02955221
v 6.73027634 -8.55033260 81.20066299
v 6.73027634 -9.15481963 80.31053313
v 6.73027634 -9.77163299 79.35889605
v 6.73027634 -10.39974583 78.34533015
v 6.73027634 -11.03773795 77.26920991
v 6.73027634 -11.68381697 76.12964173
v 6.73027634 -12.33583791 74.92537815
v 6.73027634 -12.99132141 73.65470064
v 6.73027634 -13.64747046 72.31525575
v 6.73027634 -14.30118482 70.90381901
v 6.73027634 -14.94907165 69.41594314
v 6.73027634 -15.58744930 67.84541157
v 6.73027634 -16.21233866 66.18334444
v 6.73027634 -16.81943069 64.41663662
v 6.73027634 -17.40400446 62.52498000
v 6.73027634 -17.96073090 60.47444773
v 6.73027634 -18.48315961 58.20083228
v 6.73027634 -18.96199071 55.54905032
v 6.73027634 -19.36939145 51.41558353
v 6.73027634 -19.35649823 48.53965304
v 6.73027634 -19.31780815 47.19155863
v 6.73027634 -19.25328970 46.13027959
v 6.73027634 -19.16288935 45.22401411
v 6.73027634 -19.04653002 44.42095420
v 6.73027634 -18.90410878 43.69441230
v 6.73027634 -18.73549390 43.02856645
v 6.73027634 -18.54052086 42.41317974
v 6.73027634 -18.31898743 41.84122172
v 6.73027634 -18.07064738 41.30765115
v 6.73027634 -17.79520273 40.80873391
v 6.73027634 -17.49229402 40.34163378
v 6.73027634 -17.16148820 39.90415333
v 6.73027634 -16.80226341 39.49456283
v 6.73027634 -16.41398970 39.11148307
v 6.73027634 -15.99590445 38.75380277
v 6.73027634 -15.54708057 38.42061894
v 6.73027634 -15.06638496 38.11119277
v 6.73027634 -14.55242320 37.82491649
v 6.73027634 -14.00346461 37.56128809
v 6.73027634 -13.41733869 37.31989167
v 6.73027634 -12.79128808 37.10038212
v 6.73027634 -12.12175382 36.90247299
v 6.73027634 -11.40405027 36.72592681
v 6.73027634 -10.63185161 36.57054734
v 6.73027634 -9.79633587 36.43617343
v 6.73027634 -8.88465759 36.32267396
v 6.73027634 -7.87696312 36.22994396
v 6.73027634 -6.73976435 36.15790139
v 6.73027634 -5.40805172 36.10648484
v 6.73027634 -3.71643781 36.07565163
v 6.73027634 -0.10766686 36.06537666
v 7.72887115 -9.11023667 83.48166471
v 7.72887115 -9.75367156 82.52323208
v 7.72887115 -10.41020365 81.49858521
v 7.72887115 -11.07873829 80.40727319
v 7.72887115 -11.75776208 79.24862599
v 7.72887115 -12.44536541 78.02168543
v 7.72887115 -13.13926331 76.72511300
v 7.72887115 -13.83681482 75.35706382
v 7.72887115 -14.53504076 73.91501044
v 7.72887115 -15.23063907 72.39548901
v 7.72887115 -15.91999608 70.79372114
v 7.72887115 -16.59919045 69.10302629
v 7.72887115 -17.26398392 67.31386073
v 7.72887115 -17.90978638 65.41213845
v 7.72887115 -18.53156831 63.37603018
v 7.72887115 -19.12365099 61.16906722
v 7.72887115 -19.67915810 58.72223269
v 7.72887115 -20.18816965 55.86883884
v 7.72887115 -20.62097634 51.42329149
v 7.72887115 -20.60725569 48.32763973
v 7.72887115 -20.56608267 46.87655082
v 7.72887115 -20.49742375 45.73419000
v 7.72887115 -20.40122195 44.75868578
v 7.72887115 -20.27739525 43.89427205
v 7.72887115 -20.12583412 43.11222230
v 7.72887115 -19.94639836 42.39550578
v 7.72887115 -19.73891292 41.73310349
v 7.72887115 -19.50316256 41.11744784
v 7.72887115 -19.23888527 40.54311244
v 7.72887115 -18.94576394 40.00607790
v 7.72887115 -18.62341604 39.50329129
v 7.72887115 -18.27138074 39.03238731
v 7.72887115 -17.88910267 38.59150407
v 7.72887115 -17.47591147 38.17915699
v 7.72887115 -17.03099556 37.79414989
v 7.72887115 -16.55336838 37.43551080
v 7.72887115 -16.04182410 37.10244445
v 7.72887115 -15.49487880 36.79429665
v 7.72887115 -14.91069076 36.51052702
v 7.72887115 -14.28695017 36.25068789
v 7.72887115 -13.62072271 36.01440781
v 7.72887115 -12.90822104 35.80137841
v 7.72887115 -12.14445881 35.61134408
v 7.72887115 -11.32270424 35.44409362
v 7.72887115 -10.43356922 35.29945353
v 7.72887115 -9.46338393 35.17728270
v 7.72887115 -8.39102059 35.07746811
v 7.72887115 -7.18084201 34.99992149
v 7.72887115 -5.76366662 34.94457671
v 7.72887115 -3.96349327 34.91138785
v 7.72887115 -0.12312919 34.90032787
v 8.73671056 -11.00084872 83.52949379
v 8.73671056 -11.70667753 82.36531694
v 8.73671056 -12.42355356 81.12932749
v 8.73671056 -13.14945871 79.82050753
v 8.73671056 -13.88197850 78.43743404
v 8.73671056 -14.61832248 76.97814475
v 8.73671056 -15.35534301 75.43995037
v 8.73671056 -16.08955142 73.81916422
v 8.73671056 -16.81712983 72.11069942
v 8.73671056 -17.53393532 70.30744303
v 8.73671056 -18.23548990 68.39923236
v 8.73671056 -18.91694352 66.37106664
v 8.73671056 -19.57298109 64.19969783
v 8.73671056 -20.19760008 61.84628626
v 8.73671056 -20.78352931 59.23732930
v 8.73671056 -21.32027285 56.19531775
v 8.73671056 -21.77637510 51.45821287
v 8.73671056 -21.76189147 48.15679937
v 8.73671056 -21.71842889 46.60925950
v 8.73671056 -21.64595195 45.39096826
v 8.73671056 -21.54440054 44.35062423
v 8.73671056 -21.41368803 43.42875466
v 8.73671056 -21.25369883 42.59472364
v 8.73671056 -21.06428494 41.83036842
v 8.73671056 -20.84526157 41.12393758
v 8.73671056 -20.59640152 40.46736054
v 8.73671056 -20.31742819 39.85485022
v 8.73671056 -20.00800686 39.28212007
v 8.73671056 -19.66773371 38.74591425
v 8.73671056 -19.29612229 38.24371023
v 8.73671056 -18.89258637 37.77352237
v 8.73671056 -18.45641827 37.33376740
v 8.73671056 -17.98676131 36.92316966
v 8.73671056 -17.48257405 36.54069255
v 8.73671056 -16.94258362 36.18548795
v 8.73671056 -16.36522358 35.85685818
v 8.73671056 -15.74854979 35.55422696
v 8.73671056 -15.09012399 35.27711685
v 8.73671056 -14.38684871 35.02513170
v 8.73671056 -13.63472597 34.79794266
v 8.73671056 -12.82849216 34.59527714
v 8.73671056 -11.96104115 34.41690988
v 8.73671056 -11.02246277 34.26265585
v 8.73671056 -9.99832705 34.13236457
v 8.73671056 -8.86633131 34.02591551
v 8.73671056 -7.58885667 33.94321452
v 9.75377706 -13.04258343 82.92242202
v 9.75377706 -13.80400955 81.53654351
v 9.75377706 -14.57234221 80.07206620
v 9.75377706 -15.34465195 78.52691827
v 9.75377706 -16.11763450 76.89825928
v 9.75377706 -16.88762769 75.18219424
v 9.75377706 -17.65062380 73.37334770
v 9.75377706 -18.40227387 71.46420200
v 9.75377706 -19.13787703 69.44401500
v 9.75377706 -19.85234147 67.29692926
v 9.75377706 -20.54008639 64.99836786
v 9.75377706 -21.19480779 62.50727031
v 9.75377706 -21.80886641 59.74593247
v 9.75377706 -22.37122848 56.52671152
v 9.75377706 -22.84880456 51.51607158
v 9.75377706 -22.83361356 48.02114962
v 9.75377706 -22.78802828 46.38290252
v 9.75377706 -22.71201161 45.09320258
v 9.75377706 -22.60550048 43.99188001
v 9.75377706 -22.46840404 43.01597614
v 9.75377706 -22.30060105 42.13305937
v 9.75377706 -22.10193629 41.32390237
v 9.75377706 -21.87221593 40.57606493
v 9.75377706 -21.61120169 39.88100340
v 9.75377706 -21.31860346 39.23259151
v 9.75377706 -20.99407015 38.62629146
v 9.75377706 -20.63717824 38.05865656
v 9.75377706 -20.24741752 37.52701645
v 9.75377706 -19.82417311 37.02926908
v 9.75377706 -19.36670280 36.56373839
v 9.75377706 -18.87410804 36.12907395
v 9.75377706 -18.34529655 35.72417839
v 9.75377706 -17.77893328 35.34815389
v 9.75377706 -17.17337528 35.00026188
v 9.75377706 -16.52658346 34.67989228
v 9.75377706 -15.83600050 34.38653969
v 9.75377706 -15.09837762 34.11978473
v 9.75377706 -14.30952161 33.87927928
v 9.75377706 -13.46391177 33.66473475
v 10.78005113 -14.41489802 83.17712476
v 10.78005113 -15.21656565 81.63582506
v 10.78005113 -16.02234766 80.00965544
v 10.78005113 -16.82879356 78.29563385
v 10.78005113 -17.63207924 76.48967008
v 10.78005113 -18.42801982 74.58611800
v 10.78005113 -19.21207404 72.57708018
v 10.78005113 -19.97933301 70.45127045
v 10.78005113 -20.72447917 68.19202696
v 10.78005113 -21.44168358 65.77352476
v 10.78005113 -22.12436044 63.15261746
v 10.78005113 -22.76452604 60.24765495
v 10.78005113 -23.35064244 56.86147904
v 10.78005113 -23.84808566 51.59350365
v 10.78005113 -23.83223634 47.91608678
v 10.78005113 -23.78467558 46.19229507
v 10.78005113 -23.70536464 44.83525065
v 10.78005113 -23.59423773 43.67642014
v 10.78005113 -23.45120006 42.64955734
v 10.78005113 -23.27612515 41.72053717
v 10.78005113 -23.06885103 40.86912828
v 10.78005113 -22.82917548 40.08224089
v 10.78005113 -22.55684990 39.35088521
v 10.78005113 -22.25157160 38.66861510
v 10.78005113 -21.91297427 38.03065578
v 10.78005113 -21.54061606 37.43338060
v 10.78005113 -21.13396463 36.87397974
v 10.78005113 -20.69237845 36.35024142
v 10.78005113 -20.21508316 35.86040204
v 10.78005113 -19.70114126 35.40304066
v 10.78005113 -19.14941313 34.97700260
v 10.78005113 -18.55850588 34.58134317
v 10.78005113 -17.92670535 34.21528522
v 10.78005113 -17.25188409 33.87818683
v 10.78005113 -16.53137395 33.56951620
v 10.78005113 -15.76178537 33.28883205
v 11.81551116 -15.81937581 83.13341311
v 11.81551116 -16.65638981 81.43065952
v 11.81551116 -17.49405415 79.63595627
v 11.81551116 -18.32839319 77.74502984
v 11.81551116 -19.15505627 75.75197985
v 11.81551116 -19.96932218 73.64855194
v 11.81551116 -20.76608733 71.42294845
v 11.81551116 -21.53982288 69.05775099
v 11.81551116 -22.28446748 66.52596068
v 11.81551116 -22.99317122 63.78246902
v 11.81551116 -23.65762725 60.74191419
v 11.81551116 -24.26582369 57.19818948
v 11.81551116 -24.78169147 51.68773483
v 11.81551116 -24.76522790 47.83792680
v 11.81551116 -24.71582389 46.03332661
v 11.81551116 -24.63343922 44.61266622
v 11.81551116 -24.51800552 43.39951168
v 11.81551116 -24.36942436 42.32451127
v 11.81551116 -24.18756432 41.35194017
v 11.81551116 -23.97225718 40.46061867
v 11.81551116 -23.72329288 39.63684331
v 11.81551116 -23.44041318 38.87120290
v 11.81551116 -23.12330365 38.15694910
v 11.81551116 -22.77158381 37.48908331
v 11.81551116 -22.38479466 36.86380887
v 11.81551116 -21.96238323 36.27818424
v 11.81551116 -21.50368315 35.72989394
v 11.81551116 -21.00789002 35.21709171
v 11.81551116 -20.47403003 34.73828999
v 11.81551116 -19.90091938 34.29227998
v 11.81551116 -19.28711120 33.87807269
v 11.81551116 -18.63082490 33.49485456
v 11.81551116 -17.92985059 33.14195356
v 12.86013355 -17.25063530 82.79273306
v 12.86013355 -18.11746939 80.92172115
v 12.86013355 -18.98081840 78.95044334
v 12.86013355 -19.83617631 76.87276031
v 12.86013355 -20.67865323 74.68008204
v 12.86013355 -21.50296307 72.36012974
v 12.86013355 -22.30337885 69.89477319
v 12.86013355 -23.07362123 67.25590872
v 12.86013355 -23.80659240 64.39658115
v 12.86013355 -24.49368175 61.22793553
v 12.86013355 -25.12243117 57.53544553
v 12.86013355 -25.65540836 51.79637821
v 12.86013355 -25.63837075 47.78361658
v 12.86013355 -25.58724419 45.90263177
v 12.86013355 -25.50198702 44.42183806
v 12.86013355 -25.38252851 43.15733345
v 12.86013355 -25.22876679 42.03683072
v 12.86013355 -25.04056587 41.02309291
v 12.86013355 -24.81775165 40.09404379
v 12.86013355 -24.56010676 39.23539989
v 12.86013355 -24.26736393 38.43735167
v 12.86013355 -23.93919780 37.69286513
v 12.86013355 -23.57521459 36.99673011
v 12.86013355 -23.17493933 36.34498923
v 12.86013355 -22.73779975 35.73457644
v 12.86013355 -22.26310624 35.16307826
v 12.86013355 -21.75002637 34.62857028
v 12.86013355 -21.19755237 34.12950197
v 12.86013355 -20.60445917 33.66461337
v 12.86013355 -19.96924944 33.23287363
v 12.86013355 -19.29008051 32.83343475
v 13.91389264 -18.70221690 82.15431556
v 13.91389264 -19.59268565 80.10706436
v 13.91389264 -20.47486275 77.94936684
v 13.91389264 -21.34370009 75.67231756
v 13.91389264 -22.19374037 73.26318533
v 13.91389264 -23.01907068 70.70317040
v 13.91389264 -23.81320701 67.96312987
v 13.91389264 -24.56881863 64.99437128
v 13.91389264 -25.27700920 61.70475368
v 13.91389264 -25.92490008 57.87183217
v 13.91389264 -26.47377172 51.91730050
v 13.91389264 -26.45619728 47.75054344
v 13.91389264 -26.40345978 45.79737318
v 13.91389264 -26.31551628 44.25975190
v 13.91389264 -26.19229380 42.94672013
v 13.91389264 -26.03368725 41.78321652
v 13.91389264 -25.83955638 40.73057508
v 13.91389264 -25.60972158 39.76587238
v 13.91389264 -25.34395865 38.87427681
v 13.91389264 -25.04199189 38.04560236
v 13.91389264 -24.70348568 37.27254509
v 13.91389264 -24.32803386 36.54969490
v 13.91389264 -23.91514646 35.87294253
v 13.91389264 -23.46423321 35.23910429
v 13.91389264 -22.97458276 34.64567405
v 13.91389264 -22.44533643 34.09065357
v 13.91389264 -21.87545473 33.57243281
v 13.91389264 -21.26367396 33.08970345
v 13.91389264 -20.60844963 32.64139509
v 13.91389264 -19.90788101 32.22662717
v 14.97676075 -20.16662626 81.21519894
v 14.97676075 -21.07386672 78.98193592
v 14.97676075 -21.96733220 76.62521554
v 14.97676075 -22.84140476 74.13188184
v 14.97676075 -23.68999701 71.48250627
v 14.97676075 -24.50643277 68.64696961
v 14.97676075 -25.28316245 65.57494728
v 14.97676075 -26.01102090 62.17121137
v 14.97676075 -26.67673304 58.20587983
v 14.97676075 -27.24036358 52.04852917
v 14.97676075 -27.22228713 47.73640395
v 14.97676075 -27.16804321 45.71509225
v 14.97676075 -27.07758763 44.12382706
v 14.97676075 -26.95084535 42.76498676
v 14.97676075 -26.78770827 41.56089129
v 14.97676075 -26.58803211 40.47152572
v 14.97676075 -26.35163218 39.47316686
v 14.97676075 -26.07827782 38.55046565
v 14.97676075 -25.76768549 37.69288073
v 14.97676075 -25.41950999 36.89285335
v 14.97676075 -25.03333352 36.14478465
v 14.97676075 -24.60865215 35.44442202
v 14.97676075 -24.14485873 34.78847067
v 14.97676075 -23.64122159 34.17433708
v 14.97676075 -23.09685754 33.59995327
v 14.97676075 -22.51069738 33.06365302
v 14.97676075 -21.88144132 32.56408239
v 14.97676075 -21.20750075 32.10013363
v 16.04870819 -20.70472596 82.27441749
v 16.04870819 -21.63536858 79.96993139
v 16.04870819 -22.55182339 77.53812696
v 16.04870819 -23.44832183 74.96545037
v 16.04870819 -24.31861287 72.23188382
v 16.04870819 -25.15584000 69.30639309
v 16.04870819 -25.95224813 66.13712377
v 16.04870819 -26.69841932 62.62595470
v 16.04870819 -27.38070496 58.53603517
v 16.04870819 -27.95802202 52.18818461
v 16.04870819 -27.93947651 47.73910957
v 16.04870819 -27.88382503 45.65360255
v 16.04870819 -27.79102225 44.01179998
v 16.04870819 -27.66099117 42.60980395
v 16.04870819 -27.49362090 41.36746732
v 16.04870819 -27.28876341 40.24350433
v 16.04870819 -27.04622921 39.21343835
v 16.04870819 -26.76578167 38.26143285
v 16.04870819 -26.44712988 37.37661169
v 16.04870819 -26.08991968 36.55117605
v 16.04870819 -25.69372245 35.77934925
v 16.04870819 -25.25802116 35.05674363
v 16.04870819 -24.78219291 34.37995977
v 16.04870819 -24.26548705 33.74632176
v 16.04870819 -23.70699748 33.15369596
v 16.04870819 -23.10562723 32.60036322
v 16.04870819 -22.46004281 32.08492661
v 17.12970326 -22.16109397 80.91220683
v 17.12970326 -23.09897298 78.40984918
v 17.12970326 -24.01636323 75.76262829
v 17.12970326 -24.90686045 72.94997609
v 17.12970326 -25.76343916 69.94000371
v 17.12970326 -26.57815151 66.67942765
v 17.12970326 -27.34134213 63.06742420
v 17.12970326 -28.03901089 58.86063512
v 17.12970326 -28.62899226 52.33442750
v 17.12970326 -28.61000916 47.75671583
v 17.12970326 -28.55304455 45.61091030
v 17.12970326 -28.45805204 43.92163811
v 17.12970326 -28.32495280 42.47910599
v 17.12970326 -28.15363333 41.20084954
v 17.12970326 -27.94394212 40.04438927
v 17.12970326 -27.69568518 38.98454087
v 17.12970326 -27.40862032 38.00500994
v 17.12970326 -27.08244976 37.09460583
v 17.12970326 -26.71681098 36.24530427
v 17.12970326 -26.31126526 35.45116156
v 17.12970326 -25.86528334 34.70766316
v 17.12970326 -25.37822765 34.01131137
v 17.12970326 -24.84932983 33.35935291
v 17.12970326 -24.27766238 32.74959244
v 17.12970326 -23.66210246 32.18026113
v 17.12970326 -23.00128511 31.64992165
v 18.21971223 -23.61019502 79.23865308
v 18.21971223 -24.54699960 76.52167932
v 18.21971223 -25.45626560 73.63503866
v 18.21971223 -26.33080953 70.54604755
v 18.21971223 -27.16250310 67.20009370
v 18.21971223 -27.94146839 63.49384057
v 18.21971223 -28.65337499 59.17788122
v 18.21971223 -29.25503812 52.48541485
v 18.21971223 -29.23564775 47.78736601
v 18.21971223 -29.17746097 45.58515235
v 18.21971223 -29.08043041 43.85147320
v 18.21971223 -28.94447554 42.37102035
v 18.21971223 -28.76948044 41.05916157
v 18.21971223 -28.55529033 39.87230071
v 18.21971223 -28.30170708 38.78459141
v 18.21971223 -28.00848328 37.77931093
v 18.21971223 -27.67531477 36.84497447
v 18.21971223 -27.30183127 35.97334678
v 18.21971223 -26.88758461 35.15832795
v 18.21971223 -26.43203422 34.39528474
v 18.21971223 -25.93452882 33.68062751
v 18.21971223 -25.39428357 33.01153061
v 18.21971223 -24.81035107 32.38574099
v 18.21971223 -24.18158440 31.80144331
v 19.31869939 -24.08658538 80.02228751
v 19.31869939 -25.04137031 77.24039356
v 19.31869939 -25.96801018 74.28490483
v 19.31869939 -26.85917416 71.12240351
v 19.31869939 -27.70656552 67.69704917
v 19.31869939 -28.50009825 63.90318317
v 19.31869939 -29.22513238 59.48581077
v 19.31869939 -29.83752569 52.63925968
v 19.31869939 -29.81775746 47.82924312
v 19.31869939 -29.75843681 45.57454450
v 19.31869939 -29.65951543 43.79954690
v 19.31869939 -29.52091124 42.28381068
v 19.31869939 -29.34250604 40.94068662
v 19.31869939 -29.12414205 39.72553952
v 19.31869939 -28.86561727 38.61190705
v 19.31869939 -28.56667948 37.58266790
v 19.31869939 -28.22701860 36.62606357
v 19.31869939 -27.84625709 35.73366254
v 19.31869939 -27.42393810 34.89921951
v 19.31869939 -26.95951049 34.11799083
v 19.31869939 -26.45231030 33.38630131
v 19.31869939 -25.90153740 32.70125795
v 19.31869939 -25.30622593 32.06055400
v 19.31869939 -24.66520661 31.46233087
v 20.42662705 -24.52897277 80.63551152
v 20.42662705 -25.50033663 77.78314510
v 20.42662705 -26.44298733 74.75291573
v 20.42662705 -27.34945710 71.51060678
v 20.42662705 -28.21129255 67.99904201
v 20.42662705 -29.01821377 64.11003683
v 20.42662705 -29.75529161 59.58251751
v 20.42662705 -30.37748713 52.56849405
v 20.42662705 -30.35736980 47.69727679
v 20.42662705 -30.29700158 45.41389031
v 20.42662705 -30.19633329 43.61630836
v 20.42662705 -30.05528143 42.08128653
v 20.42662705 -29.87372568 40.72107310
v 20.42662705 -29.65150549 39.49046496
v 20.42662705 -29.38841530 38.36266308
v 20.42662705 -29.08419842 37.32032832
v 20.42662705 -28.73853929 36.35155254
v 20.42662705 -28.35105374 35.44779697
v 20.42662705 -27.92127680 34.60273682
v 20.42662705 -27.44864763 33.81156811
v 20.42662705 -26.93249055 33.07056887
v 20.42662705 -26.37199128 32.37680929
v 20.42662705 -25.76616691 31.72795328
v 20.42662705 -25.11382752 31.12211860
v 21.54345551 -25.92452283 78.11448571
v 21.54345551 -26.88184405 75.00107722
v 21.54345551 -27.80232749 71.66994052
v 21.54345551 -28.67737470 68.06240835
v 21.54345551 -29.49652589 64.06747657
v 21.54345551 -30.24458285 59.41728483
v 21.54345551 -30.87567005 52.21655241
v 21.54345551 -30.85523191 47.34533514
v 21.54345551 -30.79390100 45.06194866
v 21.54345551 -30.69162736 43.26436671
v 21.54345551 -30.54832614 41.72934488
v 21.54345551 -30.36387514 40.36913145
v 21.54345551 -30.13811122 39.13852331
v 21.54345551 -29.87082554 38.01072144
v 21.54345551 -29.56175732 36.96838667
v 21.54345551 -29.21058598 35.99961089
v 21.54345551 -28.81692121 35.09585532
v 21.54345551 -28.38029064 34.25079517
v 21.54345551 -27.90012448 33.45962646
v 21.54345551 -27.37573626 32.71862722
v 21.54345551 -26.80629873 32.02486765
v 21.54345551 -26.19081331 31.37601164
v 21.54345551 -25.52807108 30.77017695
v 22.66914312 -26.31434826 78.42405652
v 22.66914312 -27.28501458 75.23542400
v 22.66914312 -28.21823413 71.82398014
v 22.66914312 -29.10527493 68.12972069
v 22.66914312 -29.93551119 64.03911347
v 22.66914312 -30.69349565 59.27821587
v 22.66914312 -31.33257605 51.90947684
v 22.66914312 -31.31184508 47.03825958
v 22.66914312 -31.24963544 44.75487310
v 22.66914312 -31.14589647 42.95729115
v 22.66914312 -31.00054209 41.42226932
v 22.66914312 -30.81344834 40.06205589
v 22.66914312 -30.58444975 38.83144775
v 22.66914312 -30.31333450 37.70364587
v 22.66914312 -29.99983807 36.66131111
v 22.66914312 -29.64363528 35.69253533
v 22.66914312 -29.24433022 34.78877976
v 22.66914312 -28.80144378 33.94371961
v 22.66914312 -28.31439797 33.15255090
v 22.66914312 -27.78249651 32.41155166
v 22.66914312 -27.20490029 31.71779208
v 22.66914312 -26.58059642 31.06893608
v 23.80364626 -26.67005259 78.70851988
v 23.80364626 -27.65274660 75.45298092
v 23.80364626 -28.59743264 71.97013725
v 23.80364626 -29.49525664 68.19880795
v 23.80364626 -30.33544075 64.02323631
v 23.80364626 -31.10230861 59.16413046
v 23.80364626 -31.74849112 51.64688772
v 23.80364626 -31.72749514 46.77567046
v 23.80364626 -31.66449026 44.49228398
v 23.80364626 -31.55942515 42.69470202
v 23.80364626 -31.41221265 41.15968020
v 23.80364626 -31.22272722 39.79946677
v 23.80364626 -30.99080126 38.56885863
v 23.80364626 -30.71622025 37.44105675
v 23.80364626 -30.39871629 36.39872198
v 23.80364626 -30.03796003 35.42994621
v 23.80364626 -29.63355052 34.52619064
v 23.80364626 -29.18500250 33.68113049
v 23.80364626 -28.69173061 32.88996177
v 23.80364626 -28.15302967 32.14896254
v 23.80364626 -27.56804984 31.45520296
v 23.80364626 -26.93576527 30.80634695
v 24.94691935 -26.99171577 78.96388481
v 24.94691935 -27.98512198 75.65022464
v 24.94691935 -28.94000690 72.10538760
v 24.94691935 -29.84740594 68.26718478
v 24.94691935 -30.69640305 64.01795404
v 24.94691935 -31.47111290 59.07382489
v 24.94691935 -32.12350968 51.42862235
v 24.94691935 -32.10227648 46.55740509
v 24.94691935 -32.03855973 44.27401861
v 24.94691935 -31.93230754 42.47643665
v 24.94691935 -31.78343175 40.94141483
v 24.94691935 -31.59180540 39.58120140
v 24.94691935 -31.35725902 38.35059326
v 24.94691935 -31.07957564 37.22279138
v 24.94691935 -30.75848434 36.18045661
v 24.94691935 -30.39365206 35.21168084
v 24.94691935 -29.98467330 34.30792527
v 24.94691935 -29.53105733 33.46286512
v 24.94691935 -29.03221219 32.67169640
v 24.94691935 -28.48742470 31.93069717
v 24.94691935 -27.89583544 31.23693759
v 24.94691935 -27.25640697 30.58808158
v 26.09891487 -27.27927391 79.18920910
v 26.09891487 -28.28207320 75.82633864
v 26.09891487 -29.24588616 72.22904801
v 26.09891487 -30.16164922 68.33431073
v 26.09891487 -31.01832219 64.02288177
v 26.09891487 -31.79983093 59.00709085
v 26.09891487 -32.45755371 51.25472248
v 26.09891487 -32.43611115 46.38350521
v 26.09891487 -32.37176617 44.10011873
v 26.09891487 -32.26446637 42.30253678
v 26.09891487 -32.11412272 40.76751495
v 26.09891487 -31.92060699 39.40730152
v 26.09891487 -31.68374806 38.17669339
v 26.09891487 -31.40332681 37.04889151
v 26.09891487 -31.07906965 36.00655674
v 26.09891487 -30.71064024 35.03778096
v 26.09891487 -30.29762908 34.13402539
v 26.09891487 -29.83954060 33.28896524
v 26.09891487 -29.33577700 32.49779653
v 26.09891487 -28.78561809 31.75679729
v 26.09891487 -28.18819595 31.06303772
v 27.25958337 -27.53253169 79.38349006
v 27.25958337 -28.54339635 75.98047708
v 27.25958337 -29.51485845 72.34043919
v 27.25958337 -30.43776710 68.39968522
v 27.25958337 -31.30097214 64.03771431
v 27.25958337 -32.08823111 58.96384598
v 27.25958337 -32.75038784 51.12542692
v 27.25958337 -32.72876400 46.25420966
v 27.25958337 -32.66387501 43.97082317
v 27.25958337 -32.55566802 42.17324122
v 27.25958337 -32.40405326 40.63821939
v 27.25958337 -32.20890142 39.27800597
v 27.25958337 -31.97003992 38.04739783
v 27.25958337 -31.68724780 36.91959595
v 27.25958337 -31.36024916 35.87726118
v 27.25958337 -30.98870479 34.90848540
v 27.25958337 -30.57220176 34.00472983
v 27.25958337 -30.11024030 33.15966969
v 27.25958337 -29.60221754 32.36850097
v 27.25958337 -29.04740721 31.62750173
v 27.25958337 -28.44493406 30.93374216
v 28.42887347 -28.76876128 76.10506169
v 28.42887347 -29.74658111 72.43316443
v 28.42887347 -30.67540530 68.45818895
v 28.42887347 -31.54398808 64.05874371
v 28.42887347 -32.33593943 58.94201926
v 28.42887347 -33.00163127 51.04116889
v 28.42887347 -32.97985448 46.16995163
v 28.42887347 -32.91450656 43.88656514
v 28.42887347 -32.80553426 42.08898319
v 28.42887347 -32.65284719 40.55396136
v 28.42887347 -32.45631512 39.19374794
v 28.42887347 -32.21576424 37.96313980
v 28.42887347 -31.93097204 36.83533792
v 28.42887347 -31.60166066 35.79300315
v 28.42887347 -31.22748850 34.82422738
v 28.42887347 -30.80803971 33.92047180
v 28.42887347 -30.34281096 33.07541166
v 28.42887347 -29.83119516 32.28424294
v 28.42887347 -29.27246087 31.54324370
v 28.42887347 -28.66572665 30.84948413
v 29.60673188 -28.95771929 76.18415029
v 29.60673188 -29.94058882 72.49371925
v 29.60673188 -30.87408295 68.49895428
v 29.60673188 -31.74687490 64.07801756
v 29.60673188 -32.54244825 58.93704311
v 29.60673188 -33.21076677 51.00257777
v 29.60673188 -33.18886578 46.13136051
v 29.60673188 -33.12314514 43.84797403
v 29.60673188 -33.01355133 42.05039208
v 29.60673188 -32.85999342 40.51537025
v 29.60673188 -32.66234044 39.15515682
v 29.60673188 -32.42041760 37.92454868
v 29.60673188 -32.13400110 36.79674680
v 29.60673188 -31.80281151 35.75441204
v 29.60673188 -31.42650529 34.78563626
v 29.60673188 -31.00466420 33.88188069
v 29.60673188 -30.53678205 33.03682054
v 29.60673188 -30.02224828 32.24565183
v 29.60673188 -29.46032728 31.50465259
v 29.60673188 -28.85013260 30.81089301
v 30.79310342 -29.11033462 76.18091106
v 30.79310342 -30.09694779 72.48926807
v 30.79310342 -31.03386838 68.49346862
v 30.79310342 -31.90970325 64.07180329
v 30.79310342 -32.70783076 58.93073590
v 30.79310342 -33.37787057 51.00000000
v 30.79310342 -33.35587409 46.12878274
v 30.79310342 -33.28986688 43.84539625
v 30.79310342 -33.17979518 42.04781430
v 30.79310342 -33.02556768 40.51279247
v 30.79310342 -32.82705284 39.15257905
v 30.79310342 -32.58407509 37.92197091
v 30.79310342 -32.29640968 36.79416903
v 30.79310342 -31.96377594 35.75183426
v 30.79310342 -31.58582884 34.78305848
v 30.79310342 -31.16214830 33.87930291
v 30.79310342 -30.69222596 33.03424277
v 30.79310342 -30.17544857 32.24307405
v 30.79310342 -29.61107732 31.50207481
v 30.79310342 -28.99822188 30.80831524
v 31.98793102 -29.22810357 76.16340668
v 31.98793102 -30.21720847 72.47300438
v 31.98793102 -31.15636370 68.47882888
v 31.98793102 -32.03412381 64.05938221
v 31.98793102 -32.83378238 58.92165846
v 31.98793102 -33.50467655 51.00000000
v 31.98793102 -33.48261207 46.12878274
v 31.98793102 -33.41640084 43.84539625
v 31.98793102 -33.30598891 42.04781430
v 31.98793102 -33.15128470 40.51279247
v 31.98793102 -32.95215625 39.15257905
v 31.98793102 -32.70842747 37.92197091
v 31.98793102 -32.41987289 36.79416903
v 31.98793102 -32.08621099 35.75183426
v 31.98793102 -31.70709567 34.78305848
v 31.98793102 -31.28210555 33.87930291
v 31.98793102 -30.81073070 33.03424277
v 31.98793102 -30.29235596 32.24307405
v 31.98793102 -29.72624025 31.50207481
v 31.98793102 -29.11149050 30.80831524
v 33.19115571 -29.31069439 76.14444053
v 33.19115571 -30.30102835 72.45547541
v 33.19115571 -31.24121638 68.46314052
v 33.19115571 -32.11977501 64.04615815
v 33.19115571 -32.91993371 58.91207414
v 33.19115571 -33.59080961 51.00000000
v 33.19115571 -33.56870491 46.12878274
v 33.19115571 -33.50237295 43.84539625
v 33.19115571 -33.39175972 42.04781430
v 33.19115571 -33.23677343 40.51279247
v 33.19115571 -33.03728192 39.15257905
v 33.19115571 -32.79310875 37.92197091
v 33.19115571 -32.50402806 36.79416903
v 33.19115571 -32.16975781 35.75183426
v 33.19115571 -31.78995125 34.78305848
v 33.19115571 -31.36418626 33.87930291
v 33.19115571 -30.89195196 33.03424277
v 33.19115571 -30.37263208 32.24307405
v 33.19115571 -29.80548420 31.50207481
v 33.19115571 -29.18961359 30.80831524
v 34.40271670 -29.35952311 76.12401747
v 34.40271670 -30.34987275 72.43668322
v 34.40271670 -31.28993882 68.44640301
v 34.40271670 -32.16821352 64.03212842
v 34.40271670 -32.96788215 58.90197893
v 34.40271670 -33.63790220 51.00000000
v 34.40271670 -33.61578394 46.12878274
v 34.40271670 -33.54941130 43.84539625
v 34.40271670 -33.43873023 42.04781430
v 34.40271670 -33.28364889 40.51279247
v 34.40271670 -33.08403503 39.15257905
v 34.40271670 -32.83971212 37.92197091
v 34.40271670 -32.55045413 36.79416903
v 34.40271670 -32.21597887 35.75183426
v 34.40271670 -31.83593938 34.78305848
v 34.40271670 -31.40991327 33.87930291
v 34.40271670 -30.93738935 33.03424277
v 34.40271670 -30.41775098 32.24307405
v 34.40271670 -29.85025527 31.50207481
v 34.40271670 -29.23400695 30.80831524
v 35.62255133 -29.40059535 76.10214371
v 35.62255133 -30.39064252 72.41663095
v 35.62255133 -31.33028172 68.42861665
v 35.62255133 -32.20798417 64.01729084
v 35.62255133 -33.00689580 58.89136906
v 35.62255133 -33.67582884 51.00000000
v 35.62255133 -33.65370370 46.12878274
v 35.62255133 -33.58731042 43.84539625
v 35.62255133 -33.47659494 42.04781430
v 35.62255133 -33.32146539 40.51279247
v 35.62255133 -33.12178947 39.15257905
v 35.62255133 -32.87739060 37.92197091
v 35.62255133 -32.58804269 36.79416903
v 35.62255133 -32.25346344 35.75183426
v 35.62255133 -31.87330580 34.78305848
v 35.62255133 -31.44714724 33.87930291
v 35.62255133 -30.97447642 33.03424277
v 35.62255133 -30.45467649 32.24307405
v 35.62255133 -29.88700434 31.50207481
v 35.62255133 -29.27056444 30.80831524
v 36.85059510 -29.44210279 76.07882689
v 36.85059510 -30.43180946 72.39532286
v 36.85059510 -31.37098254 68.40978254
v 36.85059510 -32.24807234 64.00164376
v 36.85059510 -33.04618542 58.88024096
v 36.85059510 -33.71398850 51.00000000
v 36.85059510 -33.69185688 46.12878274
v 36.85059510 -33.62544415 43.84539625
v 36.85059510 -33.51469622 42.04781430
v 36.85059510 -33.35952122 40.51279247
v 36.85059510 -33.15978679 39.15257905
v 36.85059510 -32.91531630 37.92197091
v 36.85059510 -32.62588360 36.79416903
v 36.85059510 -32.29120631 35.75183426
v 36.85059510 -31.91093727 34.78305848
v 36.85059510 -31.48465384 33.87930291
v 36.85059510 -31.01184451 33.03424277
v 36.85059510 -30.49189227 32.24307405
v 36.85059510 -29.92405378 31.50207481
v 36.85059510 -29.30743324 30.80831524
v 38.08678170 -29.48410236 76.05407605
v 38.08678170 -30.47343026 72.37276436
v 38.08678170 -31.41209748 68.38990264
v 38.08678170 -32.28853347 63.98518608
v 38.08678170 -33.08580528 58.86859135
v 38.08678170 -33.75243372 51.00000000
v 38.08678170 -33.73029598 46.12878274
v 38.08678170 -33.66386488 43.84539625
v 38.08678170 -33.55308633 42.04781430
v 38.08678170 -33.39786840 40.51279247
v 38.08678170 -33.19807873 39.15257905
v 38.08678170 -32.95354063 37.92197091
v 38.08678170 -32.66402788 36.79416903
v 38.08678170 -32.32925802 35.75183426
v 38.08678170 -31.94888381 34.78305848
v 38.08678170 -31.52248248 33.87930291
v 38.08678170 -31.04954238 33.03424277
v 38.08678170 -30.52944633 32.24307405
v 38.08678170 -29.96145078 31.50207481
v 38.08678170 -29.34465970 30.80831524
v 39.33104302 -29.52665310 76.02790170
v 39.33104302 -30.51556378 72.34896200
v 39.33104302 -31.45368493 68.36897976
v 39.33104302 -32.32942513 63.96791724
v 39.33104302 -33.12581182 58.85641716
v 39.33104302 -33.79121917 51.00000000
v 39.33104302 -33.76907564 46.12878274
v 39.33104302 -33.70262716 43.84539625
v 39.33104302 -33.59181962 42.04781430
v 39.33104302 -33.43656109 40.51279247
v 39.33104302 -33.23671915 39.15257905
v 39.33104302 -32.99211707 37.92197091
v 39.33104302 -32.70252858 36.79416903
v 39.33104302 -32.36767114 35.75183426
v 39.33104302 -31.98719741 34.78305848
v 39.33104302 -31.56068452 33.87930291
v 39.33104302 -31.08762069 33.03424277
v 39.33104302 -30.56738857 32.24307405
v 39.33104302 -29.99924443 31.50207481
v 39.33104302 -29.38229198 30.80831524
v 40.58330914 -30.55827106 72.32337282
v 40.58330914 -31.49580546 68.34642161
v 40.58330914 -32.37080711 63.94919124
v 40.58330914 -33.16626361 58.84301143
v 40.58330914 -33.83040163 50.99920651
v 40.58330914 -33.80825260 46.12798925
v 40.58330914 -33.74178763 43.84460277
v 40.58330914 -33.63095259 42.04702081
v 40.58330914 -33.47565551 40.51199898
v 40.58330914 -33.27576397 39.15178556
v 40.58330914 -33.03110117 37.92117742
v 40.58330914 -32.74144080 36.79337554
v 40.58330914 -32.40650024 35.75104077
v 40.58330914 -32.02593207 34.78226500
v 40.58330914 -31.59931331 33.87850943
v 40.58330914 -31.12613205 33.03344928
v 40.58330914 -30.60577080 32.24228056
v 40.58330914 -30.03748563 31.50128133
v 40.58330914 -29.42038004 30.80752175
v 41.84350839 -30.60161527 72.29223452
v 41.84350839 -31.53852179 68.31815161
v 41.84350839 -32.41274135 63.92458488
v 41.84350839 -33.20722141 58.82355010
v 41.84350839 -33.87004002 50.99218744
v 41.84350839 -33.84788575 46.12097017
v 41.84350839 -33.78140506 43.83758369
v 41.84350839 -33.67054381 42.04000174
v 41.84350839 -33.51521002 40.50497991
v 41.84350839 -33.31527121 39.14476648
v 41.84350839 -33.07055056 37.91415834
v 41.84350839 -32.78082169 36.78635647
v 41.84350839 -32.44580193 35.74402170
v 41.84350839 -32.06514378 34.77524592
v 41.84350839 -31.63842414 33.87149035
v 41.84350839 -31.16513099 33.02643020
v 41.84350839 -30.64464670 32.23526149
v 41.84350839 -30.07622715 31.49426225
v 41.84350839 -29.45897564 30.80050268
v 43.11156732 -30.64566178 72.25494620
v 43.11156732 -31.58189883 68.28351441
v 43.11156732 -32.45529196 63.89338362
v 43.11156732 -33.24874814 58.79725166
v 43.11156732 -33.91019539 50.97806734
v 43.11156732 -33.88803610 46.10685007
v 43.11156732 -33.82154037 43.82346359
v 43.11156732 -33.71065402 42.02588164
v 43.11156732 -33.55528506 40.49085981
v 43.11156732 -33.35530098 39.13064638
v 43.11156732 -33.11052492 37.90003824
v 43.11156732 -32.82073046 36.77223637
v 43.11156732 -32.48563486 35.72990160
v 43.11156732 -32.10489052 34.76112582
v 43.11156732 -31.67807427 33.85737025
v 43.11156732 -31.20467397 33.01231010
v 43.11156732 -30.68407184 32.22114139
v 43.11156732 -30.11552361 31.48014215
v 43.11156732 -29.49813235 30.78638257
v 44.38741076 -30.69047811 72.21165132
v 44.38741076 -31.62600368 68.24265984
v 44.38741076 -32.49852524 63.85574540
v 44.38741076 -33.29090886 58.76428538
v 44.38741076 -33.95093092 50.95704196
v 44.38741076 -33.92876680 46.08582470
v 44.38741076 -33.86225656 43.80243822
v 44.38741076 -33.75134603 42.00485627
v 44.38741076 -33.59594318 40.46983444
v 44.38741076 -33.39591548 39.10962101
v 44.38741076 -33.15108604 37.87901287
v 44.38741076 -32.86122836 36.75121099
v 44.38741076 -32.52605967 35.70887623
v 44.38741076 -32.14523229 34.74010045
v 44.38741076 -31.71832295 33.83634488
v 44.38741076 -31.24481939 32.99128473
v 44.38741076 -30.72410371 32.20011602
v 44.38741076 -30.15543147 31.45911678
v 44.38741076 -29.53790555 30.76535720
v 45.67096179 -30.73613392 72.16250338
v 45.67096179 -31.67090557 68.19574826
v 45.67096179 -32.54250965 63.81183919
v 45.67096179 -33.33377079 58.72483215
v 45.67096179 -33.99231192 50.92931993
v 45.67096179 -33.97014311 46.05810266
v 45.67096179 -33.90361879 43.77471618
v 45.67096179 -33.79268478 41.97713423
v 45.67096179 -33.63724903 40.44211240
v 45.67096179 -33.43717900 39.08189897
v 45.67096179 -33.19229773 37.85129083
v 45.67096179 -32.90237870 36.72348895
v 45.67096179 -32.56713906 35.68115419
v 45.67096179 -32.18623106 34.71237841
v 45.67096179 -31.75923135 33.80862284
v 45.67096179 -31.28562757 32.96356269
v 45.67096179 -30.76480166 32.17239398
v 45.67096179 -30.19600904 31.43139474
v 45.67096179 -29.57835241 30.73763516
v 46.96214179 -30.78270102 72.10766602
v 46.96214179 -31.71667591 68.14295053
v 46.96214179 -32.58731579 63.76184502
v 46.96214179 -33.37740330 58.67908459
v 46.96214179 -34.03440582 50.89512273
v 46.96214179 -34.01223242 46.02390547
v 46.96214179 -33.94569432 43.74051899
v 46.96214179 -33.83473732 41.94293704
v 46.96214179 -33.67926938 40.40791521
v 46.96214179 -33.47915789 39.04770178
v 46.96214179 -33.23422589 37.81709364
v 46.96214179 -32.94424680 36.68929176
v 46.96214179 -32.60893771 35.64695699
v 46.96214179 -32.22795080 34.67818122
v 46.96214179 -31.80086263 33.77442565
v 46.96214179 -31.32716074 32.92936550
v 46.96214179 -30.80622693 32.13819679
v 46.96214179 -30.23731648 31.39719755
v 46.96214179 -29.61953189 30.70343797
v 48.26087047 -30.83025337 72.04731300
v 48.26087047 -31.76338825 68.08444814
v 48.26087047 -32.63301641 63.70595399
v 48.26087047 -33.42187789 58.62724705
v 48.26087047 -34.07728215 50.85468484
v 48.26087047 -34.05510421 45.98346758
v 48.26087047 -33.98855250 43.70008110
v 48.26087047 -33.87757280 41.90249914
v 48.26087047 -33.72207303 40.36747731
v 48.26087047 -33.52192060 39.00726389
v 48.26087047 -33.27693847 37.77665575
v 48.26087047 -32.98690004 36.64885387
v 48.26087047 -32.65152233 35.60651910
v 48.26087047 -32.27045746 34.63774333
v 48.26087047 -31.84328188 33.73398776
v 48.26087047 -31.36948305 32.88892761
v 48.26087047 -30.84844264 32.09775889
v 48.26087047 -30.27941576 31.35675966
v 48.26087047 -29.66150474 30.66300008
v 49.56706584 -30.87886704 71.98162825
v 49.56706584 -31.81111825 68.02043312
v 49.56706584 -32.67968642 63.64436834
v 49.56706584 -33.46726818 58.56953566
v 49.56706584 -34.12101256 50.80825368
v 49.56706584 -34.09883010 45.93703642
v 49.56706584 -34.03226479 43.65364993
v 49.56706584 -33.92126243 41.85606798
v 49.56706584 -33.76573091 40.32104615
v 49.56706584 -33.56553761 38.96083273
v 49.56706584 -33.32050546 37.73022459
v 49.56706584 -33.03040781 36.60242271
v 49.56706584 -32.69496161 35.56008794
v 49.56706584 -32.31381893 34.59131216
v 49.56706584 -31.88655613 33.68755659
v 49.56706584 -31.41266055 32.84249645
v 49.56706584 -30.89151375 32.05132773
v 49.56706584 -30.32237068 31.31032849
v 49.56706584 -29.70433349 30.61656892
v 50.88064425 -30.92862020 71.91080585
v 50.88064425 -31.85994373 67.95110817
v 50.88064425 -32.72740280 63.57730143
v 50.88064425 -33.51364989 58.50617832
v 50.88064425 -34.16567078 50.75608966
v 50.88064425 -34.14348374 45.88487240
v 50.88064425 -34.07690473 43.60148592
v 50.88064425 -33.96587952 41.80390396
v 50.88064425 -33.81031598 40.26888213
v 50.88064425 -33.61008146 38.90866871
v 50.88064425 -33.36499887 37.67806057
v 50.88064425 -33.07484149 36.55025869
v 50.88064425 -32.73932624 35.50792392
v 50.88064425 -32.35810509 34.53914815
v 50.88064425 -31.93075433 33.63539257
v 50.88064425 -31.45676118 32.79033243
v 50.88064425 -30.93550709 31.99916371
v 50.88064425 -30.36624685 31.25816448
v 50.88064425 -29.74808242 30.56440490
v 52.20152045 -30.97959312 71.83505007
v 52.20152045 -31.90994456 67.87668657
v 52.20152045 -32.77624466 63.50497776
v 52.20152045 -33.56110085 58.43741475
v 52.20152045 -34.21133259 50.69846618
v 52.20152045 -34.18914090 45.82724892
v 52.20152045 -34.12254793 43.54386244
v 52.20152045 -34.01149942 41.74628049
v 52.20152045 -33.85590326 40.21125866
v 52.20152045 -33.65562673 38.85104523
v 52.20152045 -33.41049273 37.62043709
v 52.20152045 -33.12027448 36.49263521
v 52.20152045 -32.78468885 35.45030045
v 52.20152045 -32.40338773 34.48152467
v 52.20152045 -31.97594733 33.57776910
v 52.20152045 -31.50185475 32.73270895
v 52.20152045 -30.98049132 31.94154024
v 52.20152045 -30.41111167 31.20054100
v 52.20152045 -29.79281757 30.50678142
v 53.52960753 -31.03186814 71.75457534
v 53.52960753 -31.96120273 67.79739222
v 53.52960753 -32.82629319 63.42763298
v 53.52960753 -33.60970092 58.36349645
v 53.52960753 -34.25807585 50.63566962
v 53.52960753 -34.23587937 45.76445235
v 53.52960753 -34.16927202 43.48106587
v 53.52960753 -34.05819953 41.68348392
v 53.52960753 -33.90256977 40.14846209
v 53.52960753 -33.70224999 38.78824866
v 53.52960753 -33.45706306 37.55764053
v 53.52960753 -33.16678214 36.42983865
v 53.52960753 -32.83112404 35.38750388
v 53.52960753 -32.44974059 34.41872810
v 53.52960753 -32.02220788 33.51497253
v 53.52960753 -31.54801293 32.66991238
v 53.52960753 -31.02653691 31.87874367
v 53.52960753 -30.45703431 31.13774443
v 53.52960753 -29.83860669 30.44398486
v 54.86481701 -31.08552962 71.66960622
v 54.86481701 -32.01380226 67.71345961
v 54.86481701 -32.87763161 63.34551382
v 54.86481701 -33.65953205 58.28468670
v 54.86481701 -34.30598045 50.56799928
v 54.86481701 -34.28377898 45.69678201
v 54.86481701 -34.21715667 43.41339553
v 54.86481701 -34.10605926 41.61581358
v 54.86481701 -33.95039456 40.08079175
v 54.86481701 -33.75002982 38.72057832
v 54.86481701 -33.50478785 37.48997019
v 54.86481701 -33.21444178 36.36216831
v 54.86481701 -32.87870833 35.31983354
v 54.86481701 -32.49723927 34.35105776
v 54.86481701 -32.06961060 33.44730219
v 54.86481701 -31.59530921 32.60224205
v 54.86481701 -31.07371613 31.81107333
v 54.86481701 -30.50408570 31.07007409
v 54.86481701 -29.88551927 30.37631452
v 56.20705882 -31.14066398 71.57843365
v 56.20705882 -32.06782920 67.62355466
v 56.20705882 -32.93034519 63.25770153
v 56.20705882 -33.71067818 58.20055015
v 56.20705882 -34.35512826 50.49576739
v 56.20705882 -34.33292156 45.62455012
v 56.20705882 -34.26628357 43.34116364
v 56.20705882 -34.15516000 41.54358169
v 56.20705882 -33.99945866 40.00855986
v 56.20705882 -33.79904676 38.64834643
v 56.20705882 -33.55374705 37.41773829
v 56.20705882 -33.26333263 36.28993641
v 56.20705882 -32.92752015 35.24760165
v 56.20705882 -32.54596128 34.27882587
v 56.20705882 -32.11823195 33.37507030
v 56.20705882 -31.64381890 32.53001015
v 56.20705882 -31.12210304 31.73884144
v 56.20705882 -30.55233851 30.99784220
v 56.20705882 -29.93362646 30.30408262
v 57.55624133 -31.19735961 71.47848719
v 57.55624133 -32.12337161 67.52564683
v 57.55624133 -32.98452119 63.16276263
v 57.55624133 -33.76322523 58.11034683
v 57.55624133 -34.40560315 50.41929900
v 57.55624133 -34.38339094 45.54808174
v 57.55624133 -34.31673636 43.26469526
v 57.55624133 -34.20558514 41.46711330
v 57.55624133 -34.04984505 39.93209147
v 57.55624133 -33.84938328 38.57187805
v 57.55624133 -33.60402253 37.34126991
v 57.55624133 -33.31353584 36.21346803
v 57.55624133 -32.97763980 35.17113326
v 57.55624133 -32.59598599 34.20235749
v 57.55624133 -32.16815021 33.29860191
v 57.55624133 -31.69361911 32.45354177
v 57.55624133 -31.17177343 31.66237305
v 57.55624133 -30.60186711 30.92137382
v 57.55624133 -29.98300110 30.22761424
v 58.91227137 -31.25570688 71.37004403
v 58.91227137 -32.18051952 67.42002206
v 58.91227137 -33.04024884 63.06099358
v 58.91227137 -33.81726112 58.01438696
v 58.91227137 -34.45749097 50.33893197
v 58.91227137 -34.43527287 45.46771471
v 58.91227137 -34.36860064 43.18432823
v 58.91227137 -34.25741999 41.38674628
v 58.91227137 -34.10163865 39.85172445
v 58.91227137 -33.90112379 38.49151102
v 58.91227137 -33.65569806 37.26090288
v 58.91227137 -33.36513444 36.13310100
v 58.91227137 -33.02914944 35.09076623
v 58.91227137 -32.64739456 34.12199046
v 58.91227137 -32.21944548 33.21823489
v 58.91227137 -31.74478871 32.37317474
v 58.91227137 -31.22280482 31.58200603
v 58.91227137 -30.65274757 30.84100679
v 58.91227137 -30.03371767 30.14724721
v 60.27505426 -31.31589687 71.25342089
v 60.27505426 -32.23945845 67.30700082
v 60.27505426 -33.09770771 62.95271990
v 60.27505426 -33.87295912 57.91300341
v 60.27505426 -34.51095857 50.25501684
v 60.27505426 -34.48873419 45.38379958
v 60.27505426 -34.42204312 43.10041309
v 60.27505426 -34.31083103 41.30283114
v 60.27505426 -34.15500566 39.76780931
v 60.27505426 -33.95443411 38.40759589
v 60.27505426 -33.70893901 37.17698775
v 60.27505426 -33.41829325 36.04918587
v 60.27505426 -33.08221328 35.00685110
v 60.27505426 -32.70035047 34.03807533
v 60.27505426 -32.27228042 33.13431975
v 60.27505426 -31.79748947 32.28925961
v 60.27505426 -31.27535803 31.49809089
v 60.27505426 -30.70513964 30.75709166
v 60.27505426 -30.08593475 30.06333208
v 61.64449383 -31.38112493 71.12894948
v 61.64449383 -32.30321412 67.18691817
v 61.64449383 -33.15975651 62.83828123
v 61.64449383 -33.93301754 57.80654264
v 61.64449383 -34.56856271 50.16791674
v 61.64449383 -34.54633215 45.29669948
v 61.64449383 -34.47962252 43.01331299
v 61.64449383 -34.36837950 41.21573104
v 61.64449383 -34.21251077 39.68070921
v 61.64449383 -34.01188342 38.32049579
v 61.64449383 -33.76632002 37.08988765
v 61.64449383 -33.47559340 35.96208577
v 61.64449383 -33.13941992 34.91975100
v 61.64449383 -32.75745088 33.95097523
v 61.64449383 -32.32926173 33.04721965
v 61.64449383 -31.85433868 32.20215951
v 61.64449383 -31.33206197 31.41099079
v 61.64449383 -30.76168494 30.66999155
v 61.64449383 -30.14230777 29.97623198
v 63.02049241 -31.45259871 70.99697643
v 63.02049241 -32.37291747 67.06012371
v 63.02049241 -33.22745065 62.71803132
v 63.02049241 -33.99841924 57.69536467
v 63.02049241 -34.63122240 50.07800729
v 63.02049241 -34.60898598 45.20679003
v 63.02049241 -34.54225876 42.92340355
v 63.02049241 -34.43098640 41.12582160
v 63.02049241 -34.27507659 39.59079977
v 63.02049241 -34.07439634 38.23058634
v 63.02049241 -33.82876819 36.99997820
v 63.02049241 -33.53796492 35.87217632
v 63.02049241 -33.20170281 34.82984156
v 63.02049241 -32.81963305 33.86106578
v 63.02049241 -32.39133101 32.95731021
v 63.02049241 -31.91628275 32.11225006
v 63.02049241 -31.39386834 31.32108135
v 63.02049241 -30.82334092 30.58008211
v 63.02049241 -30.20380045 29.88632253
v 64.40295089 -31.52990716 70.85786327
v 64.40295089 -32.44816430 66.92698153
v 64.40295089 -33.30039248 62.59233791
v 64.40295089 -34.06877267 57.57984298
v 64.40295089 -34.69855139 49.98567648
v 64.40295089 -34.67630938 45.11445922
v 64.40295089 -34.60956543 42.83107274
v 64.40295089 -34.49826515 41.03349078
v 64.40295089 -34.34231621 39.49846896
v 64.40295089 -34.14158562 38.13825553
v 64.40295089 -33.89589584 36.90764739
v 64.40295089 -33.60501961 35.77984551
v 64.40295089 -33.26867313 34.73751074
v 64.40295089 -32.88650752 33.76873497
v 64.40295089 -32.45809801 32.86497940
v 64.40295089 -31.98293056 32.01991925
v 64.40295089 -31.46038508 31.22875053
v 64.40295089 -30.88971452 30.48775130
v 64.40295089 -30.27001861 29.79399172
v 65.79176873 -31.61262399 70.71198636
v 65.79176873 -32.52853555 66.78787012
v 65.79176873 -33.37816987 62.46158274
v 65.79176873 -34.14367222 57.46036445
v 65.79176873 -34.77014974 49.89132450
v 65.79176873 -34.74790240 45.02010724
v 65.79176873 -34.68114243 42.73672075
v 65.79176873 -34.56981544 40.93913880
v 65.79176873 -34.41382907 39.40411697
v 65.79176873 -34.21305030 38.04390355
v 65.79176873 -33.96730156 36.81329541
v 65.79176873 -33.67635552 35.68549353
v 65.79176873 -33.33992832 34.64315876
v 65.79176873 -32.95767098 33.67438299
v 65.79176873 -32.52915866 32.77062741
v 65.79176873 -32.05387717 31.92556727
v 65.79176873 -31.53120628 31.13439855
v 65.79176873 -30.96039876 30.39339931
v 65.79176873 -30.34055412 29.69963974
v 67.18684398 -30.73253643 74.18864222
v 67.18684398 -31.70030781 70.55973678
v 67.18684398 -32.61359745 66.64318234
v 67.18684398 -33.46035642 62.32616139
v 67.18684398 -34.22269838 57.33732921
v 67.18684398 -34.84560401 49.79536361
v 67.18684398 -34.82335153 44.92414634
v 67.18684398 -34.75657613 42.64075986
v 67.18684398 -34.64522343 40.84317791
v 67.18684398 -34.48920103 39.30815608
v 67.18684398 -34.28837587 37.94794265
v 67.18684398 -34.04257036 36.71733451
v 67.18684398 -33.75155710 35.58953264
v 67.18684398 -33.41505218 34.54719787
v 67.18684398 -33.03270654 33.57842209
v 67.18684398 -32.60409522 32.67466652
v 67.18684398 -32.12870393 31.82960637
v 67.18684398 -31.60591229 31.03843766
v 67.18684398 -31.03497290 30.29743842
v 67.18684398 -30.41498507 29.60367885
v 68.58807329 -30.82737128 74.02327862
v 68.58807329 -31.79250234 70.40152032
v 68.58807329 -32.70290176 66.49332526
v 68.58807329 -33.54651159 62.18648321
v 68.58807329 -34.30541788 57.21115061
v 68.58807329 -34.92448738 49.69821795
v 68.58807329 -34.90222991 44.82700069
v 68.58807329 -34.83543955 42.54361421
v 68.58807329 -34.72406190 40.74603225
v 68.58807329 -34.56800455 39.21101042
v 68.58807329 -34.36713441 37.85079700
v 68.58807329 -34.12127383 36.62018886
v 68.58807329 -33.83019538 35.49238698
v 68.58807329 -33.49361508 34.45005221
v 68.58807329 -33.11118379 33.48127644
v 68.58807329 -32.68247646 32.57752087
v 68.58807329 -32.20697868 31.73246072
v 68.58807329 -31.68406993 30.94129200
v 68.58807329 -31.11300264 30.20029277
v 68.58807329 -30.49287593 29.50653319
v 69.99535197 -30.92649735 73.85164997
v 69.99535197 -31.88873665 70.23775728
v 69.99535197 -32.79598592 66.33872012
v 69.99535197 -33.63618092 62.04297121
v 69.99535197 -34.39138391 57.08225499
v 69.99535197 -35.00635982 49.60032339
v 69.99535197 -34.98409747 44.72910613
v 69.99535197 -34.91729249 42.44571964
v 69.99535197 -34.80589044 40.64813769
v 69.99535197 -34.64979891 39.11311586
v 69.99535197 -34.44888477 37.75290244
v 69.99535197 -34.20297034 36.52229430
v 69.99535197 -33.91182814 35.39449242
v 69.99535197 -33.57517411 34.35215765
v 69.99535197 -33.19265905 33.38338188
v 69.99535197 -32.76385782 32.47962630
v 69.99535197 -32.28825589 31.63456616
v 69.99535197 -31.76523261 30.84339744
v 69.99535197 -31.19404024 30.10239820
v 69.99535197 -30.57377769 29.40863863
v 71.40857397 -31.02942030 73.67013441
v 71.40857397 -31.98852533 70.06449548
v 71.40857397 -32.89237328 66.17505895
v 71.40857397 -33.72889625 61.89092631
v 71.40857397 -34.48013630 56.94549302
v 71.40857397 -35.09076834 49.49585633
v 71.40857397 -35.06850118 44.62463907
v 71.40857397 -35.00168176 42.34125259
v 71.40857397 -34.89025563 40.54367064
v 71.40857397 -34.73413036 39.00864881
v 71.40857397 -34.53317280 37.64843538
v 71.40857397 -34.28720522 36.41782724
v 71.40857397 -33.99600008 35.29002536
v 71.40857397 -33.65927329 34.24769060
v 71.40857397 -33.27667556 33.27891482
v 71.40857397 -32.84778165 32.37515925
v 71.40857397 -32.37207692 31.53009910
v 71.40857397 -31.84894059 30.73893039
v 71.40857397 -31.27762476 29.99793115
v 71.40857397 -30.65722815 29.30417157
v 72.82763193 -31.13563125 73.47502108
v 72.82763193 -32.09136879 69.87768585
v 72.82763193 -32.99157338 65.99792864
v 72.82763193 -33.82417592 61.72553554
v 72.82763193 -34.57120176 56.79559206
v 72.82763193 -35.17724716 49.37885874
v 72.82763193 -35.15497521 44.50764148
v 72.82763193 -35.08814139 42.22425500
v 72.82763193 -34.97669127 40.42667304
v 72.82763193 -34.82053237 38.89165121
v 72.82763193 -34.61953152 37.53143779
v 72.82763193 -34.37351096 36.30082965
v 72.82763193 -34.08224311 35.17302777
v 72.82763193 -33.74544379 34.13069300
v 72.82763193 -33.36276365 33.16191723
v 72.82763193 -32.93377736 32.25816166
v 72.82763193 -32.45797017 31.41310151
v 72.82763193 -31.93472117 30.62193279
v 72.82763193 -31.36328229 29.88093356
v 72.82763193 -30.74275205 29.18717398
v 74.25241718 -30.24639534 76.63258794
v 74.25241718 -31.24460707 73.26670008
v 74.25241718 -32.19675351 69.67771318
v 74.25241718 -33.09308216 65.80770916
v 74.25241718 -33.92152503 61.54717492
v 74.25241718 -34.66409409 56.63292579
v 74.25241718 -35.26531795 49.24970943
v 74.25241718 -35.24304117 44.37849216
v 74.25241718 -35.17619286 42.09510568
v 74.25241718 -35.06471857 40.29752373
v 74.25241718 -34.90852582 38.76250190
v 74.25241718 -34.70748139 37.40228847
v 74.25241718 -34.46140749 36.17168034
v 74.25241718 -34.17007648 35.04387846
v 74.25241718 -33.83320414 34.00154369
v 74.25241718 -33.45044103 33.03276791
v 74.25241718 -33.02136172 32.12901234
v 74.25241718 -32.54545137 31.28395219
v 74.25241718 -32.02208891 30.49278348
v 74.25241718 -31.45052613 29.75178424
v 74.25241718 -30.82986136 29.05802467
v 75.68281981 -30.36110117 76.40413416
v 75.68281981 -31.35581061 73.04557771
v 75.68281981 -32.30415232 69.46497835
v 75.68281981 -33.19638223 65.60479652
v 75.68281981 -34.02043572 61.35623639
v 75.68281981 -34.75831448 56.45788378
v 75.68281981 -35.35449008 49.10880292
v 75.68281981 -35.33220839 44.23758566
v 75.68281981 -35.26534534 41.95419918
v 75.68281981 -35.15384647 40.15661723
v 75.68281981 -34.99761928 38.62159540
v 75.68281981 -34.79653052 37.26138197
v 75.68281981 -34.55040236 36.03077383
v 75.68281981 -34.25900711 34.90297195
v 75.68281981 -33.92206049 33.86063718
v 75.68281981 -33.53921298 32.89186141
v 75.68281981 -33.11003907 31.98810584
v 75.68281981 -32.63402378 31.14304569
v 75.68281981 -32.11054592 30.35187698
v 75.68281981 -31.53885711 29.61087774
v 75.68281981 -30.91805548 28.91711816
v 77.11872865 -29.44848244 79.32767029
v 77.11872865 -30.47767623 76.16328886
v 77.11872865 -31.46869109 72.81207621
v 77.11872865 -32.41302471 69.23989808
v 77.11872865 -33.30094323 65.38960244
v 77.11872865 -34.12038744 61.15312759
v 77.11872865 -34.85335172 56.27087122
v 77.11872865 -35.44426086 48.95654921
v 77.11872865 -35.42197413 44.08533194
v 77.11872865 -35.35509594 41.80194546
v 77.11872865 -35.24357182 40.00436351
v 77.11872865 -35.08730924 38.46934168
v 77.11872865 -34.88617494 37.10912825
v 77.11872865 -34.63999104 35.87852012
v 77.11872865 -34.34852981 34.75071824
v 77.11872865 -34.01150688 33.70838347
v 77.11872865 -33.62857266 32.73960769
v 77.11872865 -33.19930155 31.83585212
v 77.11872865 -32.72317846 30.99079197
v 77.11872865 -32.19958205 30.19962326
v 77.11872865 -31.62776377 29.45862402
v 77.11872865 -31.00682155 28.76486445
v 78.56003130 -29.56989021 79.06838519
v 78.56003130 -30.59554575 75.91049586
v 78.56003130 -31.58268437 72.56663345
v 78.56003130 -32.52281716 69.00290467
v 78.56003130 -33.40622205 65.16255418
v 78.56003130 -34.22084723 60.93827162
v 78.56003130 -34.94868252 56.07230874
v 78.56003130 -35.53411584 48.79337350
v 78.56003130 -35.51182388 43.92215624
v 78.56003130 -35.44492998 41.63876976
v 78.56003130 -35.33337968 39.84118780
v 78.56003130 -35.17708042 38.30616597
v 78.56003130 -34.97589889 36.94595255
v 78.56003130 -34.72965719 35.71534441
v 78.56003130 -34.43812753 34.58754253
v 78.56003130 -34.10102547 33.54520776
v 78.56003130 -33.71800135 32.57643199
v 78.56003130 -33.28862946 31.67267642
v 78.56003130 -32.81239458 30.82761627
v 78.56003130 -32.28867524 30.03644755
v 78.56003130 -31.71672271 29.29544832
v 78.56003130 -31.09563470 28.60168874
v 80.00661417 -28.63900558 81.78553253
v 80.00661417 -29.69216268 78.79762737
v 80.00661417 -30.71412171 75.64621434
v 80.00661417 -31.69721337 72.30970258
v 80.00661417 -32.63296348 68.75444560
v 80.00661417 -33.51166326 64.92409413
v 80.00661417 -34.32127008 60.71210666
v 80.00661417 -35.04377184 55.86263207
v 80.00661417 -35.62352908 48.61971604
v 80.00661417 -35.60123164 43.74849877
v 80.00661417 -35.53432132 41.46511229
v 80.00661417 -35.42274363 39.66753034
v 80.00661417 -35.26640600 38.13250851
v 80.00661417 -35.06517510 36.77229508
v 80.00661417 -34.81887295 35.54168694
v 80.00661417 -34.52727172 34.41388506
v 80.00661417 -34.19008691 33.37155030
v 80.00661417 -33.80696877 32.40277452
v 80.00661417 -33.37749147 31.49901895
v 80.00661417 -32.90113969 30.65395880
v 80.00661417 -32.37729178 29.86279009
v 80.00661417 -31.80519885 29.12179085
v 80.00661417 -31.18395838 28.42803127
v 81.45836251 -28.76604395 81.49162735
v 81.45836251 -29.81581975 78.50925750
v 81.45836251 -30.83397934 75.36417961
v 81.45836251 -31.81286228 72.03499652
v 81.45836251 -32.74400212 68.48835253
v 81.45836251 -33.61769456 64.66837618
v 81.45836251 -34.42189356 60.46943038
v 81.45836251 -35.13856269 55.63789841
v 81.45836251 -35.71196344 48.43603180
v 81.45836251 -35.68966023 43.56481454
v 81.45836251 -35.62273261 41.28142806
v 81.45836251 -35.51112607 39.48384610
v 81.45836251 -35.35474800 37.94882427
v 81.45836251 -35.15346506 36.58861085
v 81.45836251 -34.90709921 35.35800271
v 81.45836251 -34.61542257 34.23020083
v 81.45836251 -34.27815056 33.18786606
v 81.45836251 -33.89493334 32.21909029
v 81.45836251 -33.46534497 31.31533472
v 81.45836251 -32.98887000 30.47027457
v 81.45836251 -32.46488662 29.67910585
v 81.45836251 -31.89264573 28.93810662
v 81.45836251 -31.27124460 28.24434704
v 82.91516042 -27.82326243 84.00482642
v 82.91516042 -28.89477122 81.17514798
v 82.91516042 -29.94120198 78.19790674
v 82.91516042 -30.95551094 75.05891598
v 82.91516042 -31.93003437 71.73702491
v 82.91516042 -32.85629945 68.19924658
v 82.91516042 -33.72458881 64.39031428
v 82.91516042 -34.52282819 60.20573511
v 82.91516042 -35.23291369 55.39472297
v 82.91516042 -35.79887094 48.24279030
v 82.91516042 -35.77656161 43.37157303
v 82.91516042 -35.70961564 41.08818655
v 82.91516042 -35.59797849 39.29060460
v 82.91516042 -35.44155755 37.75558277
v 82.91516042 -35.24021940 36.39536934
v 82.91516042 -34.99378600 35.16476120
v 82.91516042 -34.70202937 34.03695933
v 82.91516042 -34.36466487 32.99462456
v 82.91516042 -33.98134256 32.02584878
v 82.91516042 -33.55163639 31.12209321
v 82.91516042 -33.07503075 30.27703306
v 82.91516042 -32.55090368 29.48586435
v 82.91516042 -31.97850587 28.74486511
v 82.91516042 -31.35693433 28.05110554
v 84.37689086 -26.86764215 86.35213972
v 84.37689086 -27.95555404 83.66335041
v 84.37689086 -29.02432967 80.83752573
v 84.37689086 -30.06745238 77.86503498
v 84.37689086 -31.07786637 74.73190263
v 84.37689086 -32.04789360 71.41727352
v 84.37689086 -32.96904223 67.88860214
v 84.37689086 -33.83156613 64.09134468
v 84.37689086 -34.62334104 59.92237497
v 84.37689086 -35.32615818 55.13428907
v 84.37689086 -35.88369306 48.04047524
v 84.37689086 -35.86137722 43.16925797
v 84.37689086 -35.79441167 40.88587149
v 84.37689086 -35.68274189 39.08828954
v 84.37689086 -35.52627521 37.55326771
v 84.37689086 -35.32487820 36.19305428
v 84.37689086 -35.07837275 34.96244614
v 84.37689086 -34.78653082 33.83464427
v 84.37689086 -34.44906769 32.79230950
v 84.37689086 -34.06563331 31.82353372
v 84.37689086 -33.63580151 30.91977815
v 84.37689086 -33.15905653 30.07471800
v 84.37689086 -32.63477623 29.28354929
v 84.37689086 -32.06221108 28.54255005
v 84.37689086 -31.44045781 27.84879048
v 85.84343574 -25.90216189 88.54058874
v 85.84343574 -27.00179760 85.98429861
v 85.84343574 -28.08770192 83.29840761
v 85.84343574 -29.15384836 80.47631749
v 85.84343574 -30.19370073 77.50858249
v 85.84343574 -31.20018219 74.38147318
v 85.84343574 -32.16559058 71.07447822
v 85.84343574 -33.08140385 67.55556480
v 85.84343574 -33.93783342 63.77102772
v 85.84343574 -34.72268629 59.61932483
v 85.84343574 -35.41761722 54.85696945
v 85.84343574 -35.96586111 47.82958426
v 85.84343574 -35.94353828 42.95836700
v 85.84343574 -35.87655178 40.67498052
v 85.84343574 -35.76484703 38.87739856
v 85.84343574 -35.60833137 37.34237673
v 85.84343574 -35.40687131 35.98216331
v 85.84343574 -35.16028869 34.75155517
v 85.84343574 -34.86835541 33.62375329
v 85.84343574 -34.53078663 32.58141852
v 85.84343574 -34.14723222 31.61264275
v 85.84343574 -33.71726586 30.70888718
v 85.84343574 -33.24037163 29.86382703
v 85.84343574 -32.71592721 29.07265831
v 85.84343574 -32.14318281 28.33165908
v 85.84343574 -31.52123490 27.63789950
v 87.31467586 -24.92908179 90.55653741
v 87.31467586 -26.03634753 88.12780934
v 87.31467586 -27.13477786 85.57481079
v 87.31467586 -28.21882769 82.89304395
v 87.31467586 -29.28244443 80.07607775
v 87.31467586 -30.31906481 77.11468086
v 87.31467586 -31.32158296 73.99540931
v 87.31467586 -32.28226396 70.69815071
v 87.31467586 -33.19254580 67.19146717
v 87.31467586 -34.04258582 63.42262601
v 87.31467586 -34.82010662 59.29192030
v 87.31467586 -35.50660095 54.56039284
v 87.31467586 -36.04479658 47.61062863
v 87.31467586 -36.02246624 42.73941136
v 87.31467586 -35.95545720 40.45602488
v 87.31467586 -35.84371488 38.65844293
v 87.31467586 -35.68714658 37.12342110
v 87.31467586 -35.48561877 35.76320767
v 87.31467586 -35.23895321 34.53259953
v 87.31467586 -34.94692173 33.40479765
v 87.31467586 -34.60923942 32.36246289
v 87.31467586 -34.22555600 31.39368711
v 87.31467586 -33.79544503 30.48993154
v 87.31467586 -33.31839040 29.64487139
v 87.31467586 -32.79376958 28.85370268
v 87.31467586 -32.22083255 28.11270344
v 87.31467586 -31.59867546 27.41894386
v 88.79049099 -22.83876542 94.58864002
v 88.79049099 -23.95003719 92.40246145
v 88.79049099 -25.06138378 90.09785867
v 88.79049099 -26.16829116 87.67280659
v 88.79049099 -27.26570302 85.12430473
v 88.79049099 -28.34804245 82.44800663
v 88.79049099 -29.40922435 79.63766974
v 88.79049099 -30.44265168 76.68430459
v 88.79049099 -31.44118252 73.57478939
v 88.79049099 -32.39704172 70.28946205
v 88.79049099 -33.30161908 66.79755606
v 88.79049099 -34.14500819 63.04743566
v 88.79049099 -34.91483474 58.94146147
v 88.79049099 -35.59240991 54.24576869
v 88.79049099 -36.11991149 47.38413287
v 88.79049099 -36.09757306 42.51291560
v 88.79049099 -36.03053975 40.22952912
v 88.79049099 -35.91875695 38.43194717
v 88.79049099 -35.76213193 36.89692534
v 88.79049099 -35.56053111 35.53671191
v 88.79049099 -35.31377619 34.30610377
v 88.79049099 -35.02163892 33.17830189
v 88.79049099 -34.68383428 32.13596713
v 88.79049099 -34.30001187 31.16719135
v 88.79049099 -33.86974508 30.26343578
v 88.79049099 -33.39251764 29.41837563
v 88.79049099 -32.86770677 28.62720692
v 88.79049099 -32.29456218 27.88620768
v 88.79049099 -31.67217970 27.19244810
v 90.27075991 -20.75499469 98.09983945
v 90.27075991 -21.85714411 96.14926535
v 90.27075991 -22.96610841 94.08285324
v 90.27075991 -24.07850727 91.89991041
v 90.27075991 -25.19036017 89.59922628
v 90.27075991 -26.29711685 87.17889052
v 90.27075991 -27.39368428 84.63603964
v 90.27075991 -28.47444822 81.96649389
v 90.27075991 -29.53328535 79.16421841
v 90.27075991 -30.56355904 76.22049033
v 90.27075991 -31.55808535 73.12254299
v 90.27075991 -32.50904256 69.85121062
v 90.27075991 -33.40776555 66.37646640
v 90.27075991 -34.24427652 62.64788225
v 90.27075991 -35.00609477 58.57009220
v 90.27075991 -35.67433626 53.91481903
v 90.27075991 -36.19060883 47.15063446
v 90.27075991 -36.16826167 42.27941719
v 90.27075991 -36.10120216 39.99603071
v 90.27075991 -35.98937567 38.19844876
v 90.27075991 -35.83268943 36.66342693
v 90.27075991 -35.63100982 35.30321350
v 90.27075991 -35.38415846 34.07260537
v 90.27075991 -35.09190701 32.94480349
v 90.27075991 -34.75397034 31.90246872
v 90.27075991 -34.36999790 30.93369294
v 90.27075991 -33.93956295 30.02993737
v 90.27075991 -33.46214898 29.18487722
v 90.27075991 -32.93713299 28.39370851
v 90.27075991 -32.36376438 27.65270927
v 90.27075991 -31.74113865 26.95894970
v 91.75536039 -18.69306777 101.09995203
v 91.75536039 -19.77755296 99.38231825
v 91.75536039 -20.87319331 97.54960288
v 91.75536039 -21.97787227 95.60185003
v 91.75536039 -23.08880382 93.53883013
v 91.75536039 -24.20256811 91.35994144
v 91.75536039 -25.31514445 89.06407894
v 91.75536039 -26.42194174 86.64945640
v 91.75536039 -27.51782550 84.11335851
v 91.75536039 -28.59713930 81.45178580
v 91.75536039 -29.65371673 78.65892817
v 91.75536039 -30.68087661 75.72635119
v 91.75536039 -31.67138791 72.64167242
v 91.75536039 -32.61737730 69.38626293
v 91.75536039 -33.51011940 65.93089553
v 91.75536039 -34.33955936 62.22644652
v 91.75536039 -35.09310364 58.18000210
v 91.75536039 -35.75166502 53.56929867
v 91.75536039 -36.25628294 46.91068346
v 91.75536039 -36.23392634 42.03946620
v 91.75536039 -36.16683852 39.75607972
v 91.75536039 -36.05496483 37.95849776
v 91.75536039 -35.89821245 36.42347593
v 91.75536039 -35.69644770 35.06326251
v 91.75536039 -35.44949213 33.83265437
v 91.75536039 -35.15711732 32.70485249
v 91.75536039 -34.81903799 31.66251772
v 91.75536039 -34.43490347 30.69374195
v 91.75536039 -34.00428681 29.78998637
v 91.75536039 -33.52667131 28.94492623
v 91.75536039 -33.00143369 28.15375751
v 91.75536039 -32.42782305 27.41275828
v 91.75536039 -31.80493449 26.71899870
v 93.24416923 -15.60803966 104.96259417
v 93.24416923 -16.65869718 103.59354244
v 93.24416923 -17.72205097 102.10861354
v 93.24416923 -18.79821474 100.50833390
v 93.24416923 -19.88649355 98.79314314
v 93.24416923 -20.98543826 96.96334877
v 93.24416923 -22.09289043 95.01906877
v 93.24416923 -23.20602142 92.96015786
v 93.24416923 -24.32136803 90.78611115
v 93.24416923 -25.43486543 88.49593612
v 93.24416923 -26.54187767 86.08797874
v 93.24416923 -27.63722470 83.55968157
v 93.24416923 -28.71520379 80.90723734
v 93.24416923 -29.76960132 78.12507542
v 93.24416923 -30.79368745 75.20506878
v 93.24416923 -31.78018007 72.13524431
v 93.24416923 -32.72115024 68.89754473
v 93.24416923 -33.60780851 65.46359383
v 93.24416923 -34.43001923 61.78565469
v 93.24416923 -35.17507244 57.77341681
v 93.24416923 -35.82367526 53.21098614
v 93.24416923 -36.31631990 46.66484214
v 93.24416923 -36.29395311 41.79362487
v 93.24416923 -36.22683469 39.51023839
v 93.24416923 -36.11490997 37.71265644
v 93.24416923 -35.95808608 36.17763461
v 93.24416923 -35.75622930 34.81742118
v 93.24416923 -35.50916109 33.58681304
v 93.24416923 -35.21665291 32.45901117
v 93.24416923 -34.87841937 31.41667640
v 93.24416923 -34.49410963 30.44790062
v 93.24416923 -34.06329655 29.54414505
v 93.24416923 -33.58546319 28.69908490
v 93.24416923 -33.05998599 27.90791619
v 93.24416923 -32.48611370 27.16691695
v 93.24416923 -31.86294102 26.47315737
v 94.73706233 -8.41669127 110.61549468
v 94.73706233 -9.48357835 110.07391117
v 94.73706233 -10.52633288 109.41275827
v 94.73706233 -11.55678991 108.63248623
v 94.73706233 -12.58329235 107.73360888
v 94.73706233 -13.61187938 106.71669356
v 94.73706233 -14.64690864 105.58234859
v 94.73706233 -15.69141045 104.33120799
v 94.73706233 -16.74730340 102.96391268
v 94.73706233 -17.81553351 101.48108739
v 94.73706233 -18.89616947 99.88331226
v 94.73706233 -19.98847184 98.17108746
v 94.73706233 -21.09094690 96.34478899
v 94.73706233 -22.20139106 94.40461254
v 94.73706233 -23.31692983 92.35050146
v 94.73706233 -24.43405327 90.18205278
v 94.73706233 -25.54864903 87.89839229
v 94.73706233 -26.65603285 85.49800507
v 94.73706233 -27.75097569 82.97849981
v 94.73706233 -28.82772512 80.33627139
v 94.73706233 -29.88001694 77.56600115
v 94.73706233 -30.90106947 74.65988533
v 94.73706233 -31.88354645 71.60638116
v 94.73706233 -32.81946057 68.38803210
v 94.73706233 -33.69995587 64.97735547
v 94.73706233 -34.51481396 61.32806894
v 94.73706233 -35.25120775 57.35258849
v 94.73706233 -35.88964116 52.84167510
v 94.73706233 -36.37009800 46.41368456
v 94.73706233 -36.34772019 41.54246730
v 94.73706233 -36.28056868 39.25908082
v 94.73706233 -36.16858879 37.46149886
v 94.73706233 -36.01168762 35.92647703
v 94.73706233 -35.80973134 34.56626361
v 94.73706233 -35.56254135 33.33565547
v 94.73706233 -35.26988899 32.20785359
v 94.73706233 -34.93148874 31.16551882
v 94.73706233 -34.54698958 30.19674305
v 94.73706233 -34.11596415 29.29298747
v 94.73706233 -33.63789528 28.44792733
v 94.73706233 -33.11215907 27.65675861
v 94.73706233 -32.53800393 26.91575938
v 94.73706233 -31.91452408 26.22199980
v 96.23391466 -8.44865663 109.94568230
v 96.23391466 -9.52158413 109.40461222
v 96.23391466 -10.57061331 108.74412082
v 96.23391466 -11.60741783 107.96467906
v 96.23391466 -12.64022816 107.06682559
v 96.23391466 -13.67499859 106.05115685
v 96.23391466 -14.71601809 104.91831481
v 96.23391466 -15.76625815 103.66897200
v 96.23391466 -16.82758443 102.30381305
v 96.23391466 -17.90089336 100.82351217
v 96.23391466 -18.98620574 99.22870531
v 96.23391466 -20.08273489 97.51995568
v 96.23391466 -21.18893969 95.69771050
v 96.23391466 -22.30256864 93.76224630
v 96.23391466 -23.42069854 91.71359866
v 96.23391466 -24.53976993 89.55147061
v 96.23391466 -25.65562007 87.27511104
v 96.23391466 -26.76351360 84.88314977
v 96.23391466 -27.85816970 82.37336826
v 96.23391466 -28.93378356 79.74237169
v 96.23391466 -29.98403789 76.98510340
v 96.23391466 -31.00209682 74.09409571
v 96.23391466 -31.98056790 71.05825306
v 96.23391466 -32.91140379 67.86074275
v 96.23391466 -33.78568092 64.47500933
v 96.23391466 -34.59309810 60.85627817
v 96.23391466 -35.32071284 56.91978678
v 96.23391466 -35.94883311 52.46316614
v 96.23391466 -36.41698816 46.15779622
v 96.23391466 -36.39459843 41.28657896
v 96.23391466 -36.32741117 39.00319248
v 96.23391466 -36.21537166 37.20561052
v 96.23391466 -36.05838695 35.67058869
v 96.23391466 -35.85632314 34.31037527
v 96.23391466 -35.60900155 33.07976713
v 96.23391466 -35.31619338 31.95196525
v 96.23391466 -34.97761296 30.90963048
v 96.23391466 -34.59290908 29.94085471
v 96.23391466 -34.16165417 29.03709914
v 96.23391466 -33.68333077 28.19203899
v 96.23391466 -33.15731465 27.40087027
v 96.23391466 -32.58285382 26.65987104
v 96.23391466 -31.95904202 25.96611146
v 97.73460031 -7.35065697 109.66806076
v 97.73460031 -8.47064229 109.24729528
v 97.73460031 -9.54965145 108.70687527
v 97.73460031 -10.60503367 108.04721337
v 97.73460031 -11.64829187 107.26880188
v 97.73460031 -12.68753761 106.37220502
v 97.73460031 -13.72863535 105.35804920
v 97.73460031 -14.77580147 104.22701105
v 97.73460031 -15.83194534 102.97980271
v 97.73460031 -16.89887676 101.61715388
v 97.73460031 -17.97743993 100.13978969
v 97.73460031 -19.06760528 98.54840360
v 97.73460031 -20.16853643 96.84362370
v 97.73460031 -21.27864251 95.02597059
v 97.73460031 -22.39562176 93.09580402
v 97.73460031 -23.51649999 91.05325454
v 97.73460031 -24.63766589 88.89813436
v 97.73460031 -25.75490412 86.62981913
v 97.73460031 -26.86342604 84.24708766
v 97.73460031 -27.95789697 81.74789931
v 97.73460031 -29.03245782 79.12907570
v 97.73460031 -30.08073646 76.38582979
v 97.73460031 -31.09584139 73.51103959
v 97.73460031 -32.07032290 70.49406936
v 97.73460031 -32.99607306 67.31872743
v 97.73460031 -33.86410095 63.95941021
v 97.73460031 -34.66402413 60.37288912
v 97.73460031 -35.38278889 56.47729008
v 97.73460031 -36.00051863 52.07725922
v 97.73460031 -36.45635436 45.89777360
v 97.73460031 -36.43395176 41.02655633
v 97.73460031 -36.36672589 38.74316985
v 97.73460031 -36.25462199 36.94558790
v 97.73460031 -36.09754705 35.41056607
v 97.73460031 -35.89536712 34.05035264
v 97.73460031 -35.64790338 32.81974451
v 97.73460031 -35.35492692 31.69194263
v 97.73460031 -35.01615191 30.64960786
v 97.73460031 -34.63122694 29.68083208
v 97.73460031 -34.19972418 28.77707651
v 97.73460031 -33.72112586 27.93201636
v 97.73460031 -33.19480743 27.14084765
v 97.73460031 -32.62001644 26.39984841
v 97.73460031 -31.99584613 25.70608884
v 99.23899254 -7.35663139 108.94450295
v 99.23899254 -8.48214680 108.52433150
v 99.23899254 -9.56727316 107.98469848
v 99.23899254 -10.62907554 107.32603413
v 99.23899254 -11.67887818 106.54885252
v 99.23899254 -12.72466805 105.65374395
v 99.23899254 -13.77221548 104.64136540
v 99.23899254 -14.82566083 103.51242886
v 99.23899254 -15.88784843 102.26768689
v 99.23899254 -16.96052969 100.90791512
v 99.23899254 -18.04449429 99.43389065
v 99.23899254 -19.13966015 97.84636559
v 99.23899254 -20.24513919 96.14603422
v 99.23899254 -21.35928887 94.33349195
v 99.23899254 -22.47975532 92.40918343
v 99.23899254 -23.60351156 90.37333607
v 99.23899254 -24.72689276 88.22587341
v 99.23899254 -25.84562934 85.96630035
v 99.23899254 -26.95487786 83.59354762
v 99.23899254 -28.04924847 81.10575592
v 99.23899254 -29.12282660 78.49996750
v 99.23899254 -30.16918443 75.77167001
v 99.23899254 -31.18137423 72.91409361
v 99.23899254 -32.15188895 69.91707064
v 99.23899254 -33.07256058 66.76506156
v 99.23899254 -33.93433237 63.43343032
v 99.23899254 -34.72674374 59.88051786
v 99.23899254 -35.43663610 56.02737752
v 99.23899254 -36.04396332 51.68574667
v 99.23899254 -36.48755415 45.63422373
v 99.23899254 -36.46513767 40.76300646
v 99.23899254 -36.39787012 38.47961998
v 99.23899254 -36.28569674 36.68203803
v 99.23899254 -36.12852444 35.14701620
v 99.23899254 -35.92621918 33.78680277
v 99.23899254 -35.67860206 32.55619464
v 99.23899254 -35.38544401 31.42839276
v 99.23899254 -35.04645901 30.38605799
v 99.23899254 -34.66129544 29.41728221
v 99.23899254 -34.22952522 28.51352664
v 99.23899254 -33.75063025 27.66846649
v 99.23899254 -33.22398559 26.87729778
v 99.23899254 -32.64883832 26.13629854
v 99.23899254 -32.02428112 25.44253897
v 100.74696377 -7.35394196 108.20030695
v 100.74696377 -8.48522372 107.78081904
v 100.74696377 -9.57672255 107.24208835
v 100.74696377 -10.64521233 106.58456294
v 100.74696377 -11.70183367 105.80877890
v 100.74696377 -12.75444518 104.91535290
v 100.74696377 -13.80872000 103.90497284
v 100.74696377 -14.86871989 102.77838646
v 100.74696377 -15.93722192 101.53638721
v 100.74696377 -17.01591715 100.17979717
v 100.74696377 -18.10553896 98.70944598
v 100.74696377 -19.20595112 97.12614502
v 100.74696377 -20.31621237 95.43065548
v 100.74696377 -21.43462713 93.62364839
v 100.74696377 -22.55878817 91.70565420
v 100.74696377 -23.68561459 89.67699817
v 100.74696377 -24.81138702 87.53771630
v 100.74696377 -25.93178082 85.28744404
v 100.74696377 -27.04189708 82.92526552
v 100.74696377 -28.13629033 80.44950450
v 100.74696377 -29.20899035 77.85742585
v 100.74696377 -30.25351374 75.14479432
v 100.74696377 -31.26285713 72.30519509
v 100.74696377 -32.22945720 69.32893214
v 100.74696377 -33.14508777 66.20112251
v 100.74696377 -34.00062926 62.89810333
v 100.74696377 -34.78554789 59.37979221
v 100.74696377 -35.48658905 55.57017819
v 100.74696377 -36.08355592 51.28809124
v 100.74696377 -36.51505037 45.36520924
v 100.74696377 -36.49261639 40.49399197
v 100.74696377 -36.42529636 38.21060549
v 100.74696377 -36.31303543 36.41302354
v 100.74696377 -36.15574048 34.87800171
v 100.74696377 -35.95327735 33.51778828
v 100.74696377 -35.70546699 32.28718014
v 100.74696377 -35.41208016 31.15937826
v 100.74696377 -35.07283063 30.11704350
v 100.74696377 -34.68736649 29.14826772
v 100.74696377 -34.25525932 28.24451215
v 100.74696377 -33.77599063 27.39945200
v 100.74696377 -33.24893498 26.60828329
v 100.74696377 -32.67333888 25.86728405
v 100.74696377 -32.04829429 25.17352447
v 102.25838564 -7.35625351 107.43947396
v 102.25838564 -8.49497095 107.02065738
v 102.25838564 -9.59442806 106.48281352
v 102.25838564 -10.67111784 105.82640842
v 102.25838564 -11.73600221 105.05200036
v 102.25838564 -12.79681359 104.16023257
v 102.25838564 -13.85912866 103.15182414
v 102.25838564 -14.92693048 102.02755879
v 102.25838564 -16.00292836 100.78827113
v 102.25838564 -17.08875227 99.43482998
v 102.25838564 -18.18507848 97.96811779
v 102.25838564 -19.29171588 96.38900554
v 102.25838564 -20.40766937 94.69832161
v 102.25838564 -21.53118986 92.89681293
v 102.25838564 -22.65981650 90.98509598
v 102.25838564 -23.79041446 88.96359406
v 102.25838564 -24.91921011 86.83245578
v 102.25838564 -26.04182433 84.59144714
v 102.25838564 -27.15330374 82.23980555
v 102.25838564 -28.24814855 79.77603749
v 102.25838564 -29.32033472 77.19762979
v 102.25838564 -30.36332559 74.50062321
v 102.25838564 -31.37006508 71.67895609
v 102.25838564 -32.33293735 68.72340103
v 102.25838564 -33.24366281 65.61972666
v 102.25838564 -34.09306535 62.34523451
v 102.25838564 -34.87054692 58.86140227
v 102.25838564 -35.56277068 55.09511835
v 102.25838564 -36.14941593 50.87219938
v 102.25838564 -36.56896340 45.07610916
v 102.25838564 -36.54649333 40.20489190
v 102.25838564 -36.47906501 37.92150542
v 102.25838564 -36.36662350 36.12392346
v 102.25838564 -36.20907551 34.58890164
v 102.25838564 -36.00628670 33.22868821
v 102.25838564 -35.75807770 31.99808007
v 102.25838564 -35.46421893 30.87027819
v 102.25838564 -35.12442367 29.82794342
v 102.25838564 -34.73833946 28.85916765
v 102.25838564 -34.30553720 27.95541208
v 102.25838564 -33.82549755 27.11035193
v 102.25838564 -33.29759407 26.31918321
v 102.25838564 -32.72107205 25.57818398
v 102.25838564 -32.09502200 24.88442440
v 103.77312901 -7.36566949 106.66618185
v 103.77312901 -8.51364728 106.24801114
v 103.77312901 -9.62278781 105.71102137
v 103.77312901 -10.70931615 105.05569656
v 103.77312901 -11.78402180 104.28261718
v 103.77312901 -12.85451395 103.39245304
v 103.77312901 -13.92627401 102.38595433
v 103.77312901 -15.00320663 101.26394074
v 103.77312901 -16.08795306 100.02728797
v 103.77312901 -17.18208172 98.67691145
v 103.77312901 -18.28621130 97.21374633
v 103.77312901 -19.40009541 95.63872295
v 103.77312901 -20.52268495 93.95273660
v 103.77312901 -21.65217738 92.15660974
v 103.77312901 -22.78605862 90.25104436
v 103.77312901 -23.92114065 88.23656117
v 103.77312901 -25.05359671 86.11342052
v 103.77312901 -26.17899477 83.88151783
v 103.77312901 -27.29232893 81.54024230
v 103.77312901 -28.38804763 79.08828118
v 103.77312901 -29.46007599 76.52334062
v 103.77312901 -30.50182773 73.84173375
v 103.77312901 -31.50619841 71.03774704
v 103.77312901 -32.46552485 68.10261446
v 103.77312901 -33.37148046 65.02274522
v 103.77312901 -34.21484071 61.77638767
v 103.77312901 -34.98495412 58.32654872
v 103.77312901 -35.66841805 54.60295333
v 103.77312901 -36.24481831 50.43823566
v 103.77312901 -36.65262670 44.76590768
v 103.77312901 -36.63010063 39.89469041
v 103.77312901 -36.56250426 37.61130393
v 103.77312901 -36.44978251 35.81372198
v 103.77312901 -36.29184188 34.27870015
v 103.77312901 -36.08854765 32.91848672
v 103.77312901 -35.83972005 31.68787858
v 103.77312901 -35.54512890 30.56007671
v 103.77312901 -35.20448677 29.51774194
v 103.77312901 -34.81744034 28.54896616
v 103.77312901 -34.38355941 27.64521059
v 103.77312901 -33.90232337 26.80015044
v 103.77312901 -33.37310420 26.00898173
v 103.77312901 -32.79514533 25.26798249
v 103.77312901 -32.16753498 24.57422292
v 105.29106402 -7.38194587 105.88469109
v 105.29106402 -8.54091386 105.46714533
v 105.29106402 -9.66136744 104.93098255
v 105.29106402 -10.75927693 104.27670456
v 105.29106402 -11.84526567 103.50491380
v 105.29106402 -12.92682262 102.61630635
v 105.29106402 -14.00933510 101.61166323
v 105.29106402 -15.09662960 100.49183967
v 105.29106402 -16.19127918 99.25775199
v 105.29106402 -17.29479040 97.91036170
v 105.29106402 -18.40772413 96.45065595
v 105.29106402 -19.52977869 94.87962372
v 105.29106402 -20.65985122 93.19822628
v 105.29106402 -21.79608636 91.40736052
v 105.29106402 -22.93591782 89.50781268
v 105.29106402 -24.07610585 87.50019932
v 105.29106402 -25.21277254 85.38489063
v 105.29106402 -26.34143535 83.16190919
v 105.29106402 -27.45703886 80.83079317
v 105.29106402 -28.55398323 78.39040700
v 105.29106402 -29.62614688 75.83867162
v 105.29106402 -30.66689867 73.17216660
v 105.29106402 -31.66909134 70.38551855
v 105.29106402 -32.62502083 67.47041165
v 105.29106402 -33.52632122 64.41387946
v 105.29106402 -34.36372900 61.19509185
v 105.29106402 -35.12655173 57.77854171
v 105.29106402 -35.80133913 54.09670519
v 105.29106402 -36.36761620 49.98881143
v 105.29106402 -36.76395947 44.43632094
v 105.29106402 -36.74135888 39.56510367
v 105.29106402 -36.67353888 37.28171719
v 105.29106402 -36.56044421 35.48413524
v 105.29106402 -36.40198106 33.94911341
v 105.29106402 -36.19801428 32.58889998
v 105.29106402 -35.94836349 31.35829185
v 105.29106402 -35.65279774 30.23048997
v 105.29106402 -35.31102867 29.18815520
v 105.29106402 -34.92270177 28.21937942
v 105.29106402 -34.48738544 27.31562385
v 105.29106402 -34.00455732 26.47056371
v 105.29106402 -33.47358735 25.67939499
v 105.29106402 -32.89371642 24.93839575
v 105.29106402 -32.26402975 24.24463618
v 106.81206009 -7.40487950 105.09931851
v 106.81206009 -8.57647600 104.68238144
v 106.81206009 -9.70977825 104.14702426
v 106.81206009 -10.82051560 103.49376621
v 106.81206009 -11.91915192 102.72323126
v 106.81206009 -13.01305904 101.83614122
v 106.81206009 -14.10753156 100.83330728
v 106.81206009 -15.20631822 99.71561944
v 106.81206009 -16.31192392 98.48403378
v 106.81206009 -17.42579336 97.13955685
v 106.81206009 -18.54842970 95.68322666
v 106.81206009 -19.67947635 94.11608940
v 106.81206009 -20.81777748 92.43917080
v 106.81206009 -21.96142612 90.65344035
v 106.81206009 -23.10780552 88.75976644
v 106.81206009 -24.25362646 86.75885899
v 106.81206009 -25.39496267 84.65119514
v 106.81206009 -26.52728451 82.43692112
v 106.81206009 -27.64549103 80.11571986
v 106.81206009 -28.74393872 77.68662781
v 106.81206009 -29.81646452 75.14777421
v 106.81206009 -30.85639840 72.49599678
v 106.81206009 -31.85655699 69.72625131
v 106.81206009 -32.80920307 66.83065722
v 106.81206009 -33.70594032 63.79685088
v 106.81206009 -34.53747705 60.60489069
v 106.81206009 -35.29309365 57.22070021
v 106.81206009 -35.95931191 53.57939938
v 106.81206009 -36.51563048 49.52653831
v 106.81206009 -36.90084319 44.08909444
v 106.81206009 -36.87815097 39.21787718
v 106.81206009 -36.81005601 36.93449069
v 106.81206009 -36.69650285 35.13690874
v 106.81206009 -36.53739727 33.60188691
v 106.81206009 -36.33260358 32.24167349
v 106.81206009 -36.08194067 31.01106535
v 106.81206009 -35.78517665 29.88326347
v 106.81206009 -35.44202201 28.84092870
v 106.81206009 -35.05212078 27.87215292
v 106.81206009 -34.61503961 26.96839735
v 106.81206009 -34.13025404 26.12333721
v 106.81206009 -33.59713144 25.33216849
v 106.81206009 -33.01490964 24.59116925
v 106.81206009 -32.38267014 23.89740968
v 108.33598597 -7.43430936 104.31443390
v 108.33598597 -8.62008413 103.89809394
v 108.33598597 -9.76767764 103.36352675
v 108.33598597 -10.89259328 102.71126844
v 108.33598597 -12.00514277 101.94196381
v 108.33598597 -13.11258439 101.05635958
v 108.33598597 -14.22012170 100.05529610
v 108.33598597 -15.33142642 98.93969704
v 108.33598597 -16.44893566 97.71055688
v 108.33598597 -17.57403258 96.36892572
v 108.33598597 -18.70716320 94.91589067
v 108.33598597 -19.84791692 93.35255323
v 108.33598597 -20.99508630 91.68000126
v 108.33598597 -22.14671469 89.89927434
v 108.33598597 -23.30013735 88.01132000
v 108.33598597 -24.45201873 86.01693812
v 108.33598597 -25.59838791 83.91670878
v 108.33598597 -26.73467259 81.71089717
v 108.33598597 -27.85573131 79.39932534
v 108.33598597 -28.95588259 76.98119496
v 108.33598597 -30.02892833 74.45483513
v 108.33598597 -31.06816673 71.81733102
v 108.33598597 -32.06638625 69.06395368
v 108.33598597 -33.01582542 66.18723891
v 108.33598597 -33.90806767 63.17539911
v 108.33598597 -34.73380517 60.00934071
v 108.33598597 -35.48230618 56.65635066
v 108.33598597 -36.14008550 53.05406385
v 108.33598597 -36.68665102 49.05402791
v 108.33598597 -37.06112331 43.72600161
v 108.33598597 -37.03832381 38.85478435
v 108.33598597 -36.96990690 36.57139787
v 108.33598597 -36.85581687 34.77381592
v 108.33598597 -36.69595905 33.23879409
v 108.33598597 -36.49019712 31.87858066
v 108.33598597 -36.23834909 30.64797252
v 108.33598597 -35.94018201 29.52017064
v 108.33598597 -35.59540496 28.47783588
v 108.33598597 -35.20366031 27.50906010
v 108.33598597 -34.76451266 26.60530453
v 108.33598597 -34.27743507 25.76024438
v 108.33598597 -33.74179192 24.96907567
v 108.33598597 -33.15681742 24.22807643
v 108.33598597 -32.52158875 23.53431685
v 109.86270975 -7.47011772 103.53445657
v 109.86270975 -8.67153450 103.11870690
v 109.86270975 -9.83476935 102.58491993
v 109.86270975 -10.97511645 101.93364788
v 109.86270975 -12.10274373 101.16555542
v 109.86270975 -13.22480022 100.28141307
v 109.86270975 -14.34640064 99.28208901
v 109.86270975 -15.47114090 98.16853902
v 109.86270975 -16.60139115 96.94179423
v 109.86270975 -17.73847384 95.60294624
v 109.86270975 -18.88277891 94.15312900
v 109.86270975 -20.03384326 92.59349665
v 109.86270975 -21.19040990 90.92519631
v 109.86270975 -22.35047516 89.14933421
v 109.86270975 -23.51132962 87.26693323
v 109.86270975 -24.66959542 85.27887879
v 109.86270975 -25.82126175 83.18584881
v 109.86270975 -26.96171905 80.98822149
v 109.86270975 -28.08579150 78.68595092
v 109.86270975 -29.18776653 76.27839550
v 109.86270975 -30.26141856 73.76407379
v 109.86270975 -31.30002231 71.14030531
v 109.86270975 -32.29634725 68.40265948
v 109.86270975 -33.24261769 65.54406571
v 109.86270975 -34.13040819 62.55328049
v 109.86270975 -34.95040788 59.41201025
v 109.86270975 -35.69188903 56.08882641
v 109.86270975 -36.34138135 52.52372911
v 109.86270975 -36.87843821 48.57389242
v 109.86270975 -37.24261105 43.34884241
v 109.86270975 -37.21969007 38.47762515
v 109.86270975 -37.15090862 36.19423867
v 109.86270975 -37.03621068 34.39665672
v 109.86270975 -36.87550109 32.86163489
v 109.86270975 -36.66864280 31.50142146
v 109.86270975 -36.41545285 30.27081332
v 109.86270975 -36.11569704 29.14301144
v 109.86270975 -35.76908292 28.10067668
v 109.86270975 -35.37525094 27.13190090
v 109.86270975 -34.93376338 26.22814533
v 109.86270975 -34.44409050 25.38308518
v 109.86270975 -33.90559328 24.59191647
v 109.86270975 -33.31750186 23.85091723
v 109.86270975 -32.67888850 23.15715765
v 111.39209892 -7.51223081 102.74799243
v 111.39209892 -8.73066946 102.33222724
v 111.39209892 -9.91080324 101.79844141
v 111.39209892 -11.06773622 101.14720314
v 111.39209892 -12.21150235 100.37919677
v 111.39209892 -13.34914669 99.49521631
v 111.39209892 -14.48569809 98.49615737
v 111.39209892 -15.62467853 97.38300733
v 111.39209892 -16.76839262 96.15683327
v 111.39209892 -17.91810352 94.81876741
v 111.39209892 -19.07414682 93.36998932
v 111.39209892 -20.23600914 91.81170432
v 111.39209892 -21.40238671 90.14511680
v 111.39209892 -22.57123233 88.37139722
v 111.39209892 -23.73979615 86.49164064
v 111.39209892 -24.90466294 84.50681401
v 111.39209892 -26.06178775 82.41768801
v 111.39209892 -27.20653027 80.22474727
v 111.39209892 -28.33368761 77.92806956
v 111.39209892 -29.43752407 75.52715907
v 111.39209892 -30.51179535 73.02070950
v 111.39209892 -31.54976218 70.40625569
v 111.39209892 -32.54418530 67.67963939
v 111.39209892 -33.48728605 64.83414739
v 111.39209892 -34.37064252 61.85902746
v 111.39209892 -35.18495492 58.73670511
v 111.39209892 -35.91951656 55.43690186
v 111.39209892 -36.56089468 51.90172898
v 111.39209892 -37.08872436 47.99337003
v 111.39209892 -37.44308514 42.85660601
v 111.39209892 -37.42002997 38.00465551
v 111.39209892 -37.35084583 35.73030033
v 111.39209892 -37.23547639 33.93982822
v 111.39209892 -37.07382593 32.41087775
v 111.39209892 -36.86575658 31.05604427
v 111.39209892 -36.61108433 29.83030346
v 111.39209892 -36.30957359 28.70696229
v 111.39209892 -35.96093021 27.66875020
v 111.39209892 -35.56479253 26.70380614
v 111.39209892 -35.12072027 25.80362513
v 111.39209892 -34.62818059 24.96190738
v 111.39209892 -34.08653073 24.17386792
v 111.39209892 -33.49499632 23.43579950
v 111.39209892 -32.85264418 22.74478390
v 112.92402035 -7.56061905 101.93730989
v 112.92402035 -8.79737728 101.52164942
v 112.92402035 -9.99557462 100.98801760
v 112.92402035 -11.17014713 100.33699727
v 112.92402035 -12.33100649 99.56929083
v 112.92402035 -13.48510038 98.68571385
v 112.92402035 -14.63737577 97.68718712
v 112.92402035 -15.79128339 96.57472703
v 112.92402035 -16.94906450 95.34943365
v 112.92402035 -18.11192519 94.01247651
v 112.92402035 -19.28014915 92.56507712
v 112.92402035 -20.45317571 91.00848779
v 112.92402035 -21.62965795 89.34396557
v 112.92402035 -22.80750953 87.57273997
v 112.92402035 -23.98394527 85.69597243
v 112.92402035 -25.15551861 83.71470494
v 112.92402035 -26.31815723 81.62979356
v 112.92402035 -27.46719768 79.44182094
v 112.92402035 -28.59741835 77.15097881
v 112.92402035 -29.70306961 74.75690574
v 112.92402035 -30.77789827 72.25845693
v 112.92402035 -31.81516172 69.65336579
v 112.92402035 -32.80762335 66.93772538
v 112.92402035 -33.74751383 64.10515219
v 112.92402035 -34.62642811 61.14534720
v 112.92402035 -35.43509255 58.04139904
v 112.92402035 -36.16283920 54.76408891
v 112.92402035 -36.79629587 51.25747076
v 112.92402035 -37.31521519 47.38832741
v 112.92402035 -37.66029367 42.33351131
v 112.92402035 -37.63709310 37.50466187
v 112.92402035 -37.56747267 35.24113534
v 112.92402035 -37.45137568 33.45918801
v 112.92402035 -37.28870580 31.93751716
v 112.92402035 -37.07932430 30.58913431
v 112.92402035 -36.82304600 29.36922949
v 112.92402035 -36.51963385 28.25123676
v 112.92402035 -36.16879181 27.21796779
v 112.92402035 -35.77015597 26.25761802
v 112.92402035 -35.32328326 25.36172294
v 112.92402035 -34.82763748 24.52401278
v 112.92402035 -34.28257181 23.73972532
v 112.92402035 -33.68730700 23.00517099
v 112.92402035 -33.04090400 22.31744545
v 114.45834038 -7.61529666 101.10371465
v 114.45834038 -8.87159112 100.68842134
v 114.45834038 -10.08892266 100.15527860
v 114.45834038 -11.28208507 99.50488218
v 114.45834038 -12.46088178 98.73795038
v 114.45834038 -13.63217132 97.85531774
v 114.45834038 -14.80082402 96.85792731
v 114.45834038 -15.97022313 95.74682102
v 114.45834038 -17.14254969 94.52312814
v 114.45834038 -18.31895575 93.18805115
v 114.45834038 -19.49967647 91.74284872
v 114.45834038 -20.68410774 90.18881484
v 114.45834038 -21.87086404 88.52725332
v 114.45834038 -23.05782518 86.75944621
v 114.45834038 -24.24217685 84.88661414
v 114.45834038 -25.42044811 82.90986613
v 114.45834038 -26.58854716 80.83013465
v 114.45834038 -27.74179608 78.64809035
v 114.45834038 -28.87496407 76.36402744
v 114.45834038 -29.98229778 73.97770566
v 114.45834038 -31.05754617 71.48812618
v 114.45834038 -32.09397499 68.89320232
v 114.45834038 -33.08436267 66.18925526
v 114.45834038 -34.02096246 63.37020133
v 114.45834038 -34.89540048 60.42615432
v 114.45834038 -35.69844495 57.34080733
v 114.45834038 -36.41948496 54.08590784
v 114.45834038 -37.04523206 50.60728011
v 114.45834038 -37.55559139 46.77588996
v 114.45834038 -37.89195594 41.79747540
v 114.45834038 -37.86860031 36.99255496
v 114.45834038 -37.79851455 34.74024517
v 114.45834038 -37.68164159 32.96712814
v 114.45834038 -37.51788445 31.45299782
v 114.45834038 -37.30710349 30.11129678
v 114.45834038 -37.04911229 28.89743711
v 114.45834038 -36.74367219 27.78498451
v 114.45834038 -36.39048520 26.75683583
v 114.45834038 -35.98918496 25.80124500
v 114.45834038 -35.53932544 24.90978946
v 114.45834038 -35.04036686 24.07623051
v 114.45834038 -34.49165808 23.29582953
v 114.45834038 -33.89241465 22.56491523
v 114.45834038 -33.24169122 21.88059766
v 115.99492479 -6.33498888 100.54504109
v 115.99492479 -7.67632050 100.24853061
v 115.99492479 -8.95328726 99.83389685
v 115.99492479 -10.19072796 99.30161643
v 115.99492479 -11.40332425 98.65229593
v 115.99492479 -12.60078807 97.88666703
v 115.99492479 -13.78989904 97.00558029
v 115.99492479 -14.97545762 96.00999748
v 115.99492479 -16.16078455 94.90098216
v 115.99492479 -17.34800491 93.67968828
v 115.99492479 -18.53822080 92.34734629
v 115.99492479 -19.73162317 90.90524639
v 115.99492479 -20.92756927 89.35471808
v 115.99492479 -22.12464053 87.69710511
v 115.99492479 -23.32068921 85.93373450
v 115.99492479 -24.51287903 84.06587774
v 115.99492479 -25.69772273 82.09470158
v 115.99492479 -26.87111793 80.02120461
v 115.99492479 -28.02838203 77.84613385
v 115.99492479 -29.16428561 75.56987279
v 115.99492479 -30.27308296 73.19228716
v 115.99492479 -31.34853719 70.71250632
v 115.99492479 -32.38393513 68.12860210
v 115.99492479 -33.37208368 65.43709740
v 115.99492479 -34.30527274 62.63217450
v 115.99492479 -35.17517463 59.70431420
v 115.99492479 -35.97261580 56.63774807
v 115.99492479 -36.68706100 53.40508513
v 115.99492479 -37.30532861 49.95372808
v 115.99492479 -37.80751007 46.15836638
v 115.99492479 -38.13576440 41.25020756
v 115.99492479 -38.11224557 36.47007814
v 115.99492479 -38.04167008 34.22938915
v 115.99492479 -37.92398047 32.46542053
v 115.99492479 -37.75907908 30.95910238
v 115.99492479 -37.54682528 29.62432385
v 115.99492479 -37.28703135 28.41672709
v 115.99492479 -36.97945698 27.31001420
v 115.99492479 -36.62380209 26.28717026
v 115.99492479 -36.21969775 25.33650981
v 115.99492479 -35.76669483 24.44965374
v 115.99492479 -35.26424977 23.62039553
v 115.99492479 -34.71170687 22.84402104
v 115.99492479 -34.10827621 22.11687789
v 115.99492479 -33.45300584 21.43609106
v 117.53363887 -6.38007495 99.66891413
v 117.53363887 -7.74378805 99.37310009
v 117.53363887 -9.04248216 98.95944784
v 117.53363887 -10.30090893 98.42844057
v 117.53363887 -11.53367292 97.78069336
v 117.53363887 -12.75041468 97.01694839
v 117.53363887 -13.95784742 96.13806883
v 117.53363887 -15.16071026 95.14503121
v 117.53363887 -16.36226796 94.03891621
v 117.53363887 -17.56459513 92.82089731
v 117.53363887 -18.76874913 91.49222722
v 117.53363887 -19.97488210 90.05422133
v 117.53363887 -21.18231857 88.50823761
v 117.53363887 -22.38961345 86.85565194
v 117.53363887 -23.59459879 85.09782776
v 117.53363887 -24.79442455 83.23607791
v 117.53363887 -25.98559624 81.27161640
v 117.53363887 -27.16401088 79.20549621
v 117.53363887 -28.32499199 77.03852758
v 117.53363887 -29.46332314 74.77116841
v 117.53363887 -30.57327860 72.40337330
v 117.53363887 -31.64864868 69.93437971
v 117.53363887 -32.68275489 67.36239403
v 117.53363887 -33.66844685 64.68411129
v 117.53363887 -34.59806597 61.89394183
v 117.53363887 -35.46334643 58.98268249
v 117.53363887 -36.25518973 55.93503003
v 117.53363887 -36.96315510 52.72433937
v 117.53363887 -37.57419062 49.29938076
v 117.53363887 -38.06860626 45.53806623
v 117.53363887 -38.38938654 40.69343606
v 117.53363887 -38.36569794 35.93899373
v 117.53363887 -38.29461302 33.71034558
v 117.53363887 -38.17607388 31.95585605
v 117.53363887 -38.00998217 30.45763243
v 117.53363887 -37.79619625 29.13002663
v 117.53363887 -37.53452705 27.92891916
v 117.53363887 -37.22473250 26.82815344
v 117.53363887 -36.86651036 25.81080597
v 117.53363887 -36.45948906 24.86525411
v 117.53363887 -36.00321621 23.98316376
v 117.53363887 -35.49714432 23.15836176
v 117.53363887 -34.94061298 22.38615929
v 117.53363887 -34.33282654 21.66292361
v 117.53363887 -33.67282620 20.98579513
v 119.07434745 -6.43049051 98.77364795
v 119.07434745 -7.81783424 98.47878228
v 119.07434745 -9.13922830 98.06646222
v 119.07434745 -10.41941669 97.53717549
v 119.07434745 -11.67296766 96.89154304
v 119.07434745 -12.90947410 96.13031436
v 119.07434745 -14.13559798 95.25436136
v 119.07434745 -15.35602774 94.26467094
v 119.07434745 -16.57398025 93.16233577
v 119.07434745 -17.79148659 91.94854319
v 119.07434745 -19.00956591 90.62456175
v 119.07434745 -20.22833813 89.19172490
v 119.07434745 -21.44710207 87.65141121
v 119.07434745 -22.66439373 86.00502005
v 119.07434745 -23.87803338 84.25394165
v 119.07434745 -25.08516645 82.39951964
v 119.07434745 -26.28230132 80.44300357
v 119.07434745 -27.46534539 78.38548777
v 119.07434745 -28.62964013 76.22783111
v 119.07434745 -29.76999465 73.97054931
v 119.07434745 -30.88071647 71.61366686
v 119.07434745 -31.95563700 69.15650713
v 119.07434745 -32.98812688 66.59738450
v 119.07434745 -33.97109342 63.93313349
v 119.07434745 -34.89694504 61.15835076
v 119.07434745 -35.75749392 58.26409322
v 119.07434745 -36.54373377 55.23544255
v 119.07434745 -37.24533718 52.04637334
v 119.07434745 -37.84940429 48.64679418
v 119.07434745 -38.33649434 44.91729833
v 119.07434745 -38.65046690 40.12890667
v 119.07434745 -38.62660354 35.40108154
v 119.07434745 -38.55499420 33.18491023
v 119.07434745 -38.43558055 31.44024300
v 119.07434745 -38.26826352 29.95040702
v 119.07434745 -38.05290043 28.63023367
v 119.07434745 -37.78930079 27.43585047
v 119.07434745 -37.47722078 26.34124726
v 119.07434745 -37.11635591 25.32959530
v 119.07434745 -36.70633186 24.38933700
v 119.07434745 -36.24669292 23.51218493
v 119.07434745 -35.73688755 22.69200049
v 119.07434745 -35.17625048 21.92412111
v 119.07434745 -34.56398018 21.20493438
v 119.07434745 -33.89911078 20.53159673
v 120.61691489 -6.48606313 97.86058349
v 120.61691489 -7.89817072 97.56692086
v 120.61691489 -9.24311533 97.15628748
v 120.61691489 -10.54571583 96.62917350
v 120.61691489 -11.82054689 95.98620311
v 120.61691489 -13.07717899 95.22812980
v 120.61691489 -14.32223923 94.35583039
v 120.61691489 -15.56037691 93.37029758
v 120.61691489 -16.79477001 92.27263092
v 120.61691489 -18.02741374 91.06402579
v 120.61691489 -19.25929615 89.74576010
v 120.61691489 -20.49051206 88.31917815
v 120.61691489 -21.72034200 86.78567112
v 120.61691489 -22.94731107 85.14665305
v 120.61691489 -24.16923640 83.40353130
v 120.61691489 -25.38326837 81.55766959
v 120.61691489 -26.58592847 79.61034117
v 120.61691489 -27.77314553 77.56266857
v 120.61691489 -28.94029073 75.41554453
v 120.61691489 -30.08221121 73.16952596
v 120.61691489 -31.19326088 70.82468810
v 120.61691489 -32.26732587 68.38041795
v 120.61691489 -33.29784010 65.83511129
v 120.61691489 -34.27778309 63.18570945
v 120.61691489 -35.19964526 60.42695377
v 120.61691489 -36.05533229 57.55010545
v 120.61691489 -36.83594633 54.54055135
v 120.61691489 -37.53129105 51.37276059
v 120.61691489 -38.12863934 47.99755375
v 120.61691489 -38.60882721 44.29767285
v 120.61691489 -38.91662902 39.55838121
v 120.61691489 -38.89258750 34.85813738
v 120.61691489 -38.82044353 32.65489482
v 120.61691489 -38.70013835 30.92040567
v 120.61691489 -38.53157216 29.43926113
v 120.61691489 -38.31460119 28.12678943
v 120.61691489 -38.04903355 26.93937405
v 120.61691489 -37.73462358 25.85115656
v 120.61691489 -37.37106454 24.84540640
v 120.61691489 -36.95797930 23.91063340
v 120.61691489 -36.49490875 23.03859848
v 120.61691489 -35.98129724 22.22319886
v 120.61691489 -35.41647451 21.45979914
v 120.61691489 -34.79963308 20.74480802
v 120.61691489 -34.12979984 20.07539851
v 122.16120517 -6.54316461 96.93095916
v 122.16120517 -7.98049841 96.63860996
v 122.16120517 -9.34939039 96.22981722
v 122.16120517 -10.67474924 95.70507296
v 122.16120517 -11.97116302 95.06500383
v 122.16120517 -13.24818326 94.31036642
v 122.16120517 -14.51240408 93.44204135
v 122.16120517 -15.76843670 92.46102588
v 122.16120517 -17.01942096 91.36842502
v 122.16120517 -18.26731688 90.16544056
v 122.16120517 -19.51308223 88.85335796
v 122.16120517 -20.75678780 87.43353043
v 122.16120517 -21.99769721 85.90735957
v 122.16120517 -23.23432639 84.27627171
v 122.16120517 -24.46449151 82.54168876
v 122.16120517 -25.68535042 80.70499165
v 122.16120517 -26.89344071 78.76747424
v 122.16120517 -28.08471596 76.73028385
v 122.16120517 -29.25458083 74.59434334
v 122.16120517 -30.39792463 72.36024661
v 122.16120517 -31.50915206 70.02811494
v 122.16120517 -32.58220874 67.59739353
v 122.16120517 -33.61059693 65.06655326
v 122.16120517 -34.58737368 62.43263465
v 122.16120517 -35.50511706 59.69051426
v 122.16120517 -36.35583217 56.83164507
v 122.16120517 -37.13073610 53.84170157
v 122.16120517 -37.81977085 50.69562020
v 122.16120517 -38.41039089 47.34508453
v 122.16120517 -38.88372155 43.67486965
v 122.16120517 -39.18547751 38.98363611
v 122.16120517 -39.16125603 34.31197154
v 122.16120517 -39.08857204 32.12212552
v 122.16120517 -38.96736634 30.39818273
v 122.16120517 -38.79753837 28.92604410
v 122.16120517 -38.57894329 27.62155273
v 122.16120517 -38.31138779 26.44135729
v 122.16120517 -37.99462435 25.35975657
v 122.16120517 -37.62834395 24.36012175
v 122.16120517 -37.21216662 23.43103252
v 122.16120517 -36.74562982 22.56429991
v 122.16120517 -36.22817375 21.75385822
v 122.16120517 -35.65912313 20.99510026
v 122.16120517 -35.03766443 20.28445656
v 123.70708187 -6.60050213 95.98611597
v 123.70708187 -8.06321198 95.69515573
v 123.70708187 -9.45620209 95.28830915
v 123.70708187 -10.80446639 94.76606993
v 123.70708187 -12.12260298 94.12906690
v 123.70708187 -13.42014178 93.37805943
v 123.70708187 -14.70364172 92.51393154
v 123.70708187 -15.97767410 91.53768465
v 123.70708187 -17.24533913 90.45042869
v 123.70708187 -18.50856048 89.25337133
v 123.70708187 -19.76826482 87.94780498
v 123.70708187 -21.02449836 86.53509107
v 123.70708187 -22.27650762 85.01664094
v 123.70708187 -23.52279947 83.39389246
v 123.70708187 -24.76118954 81.66828123
v 123.70708187 -25.98884385 79.84120458
v 123.70708187 -27.20231709 77.91397607
v 123.70708187 -28.39758891 75.88776686
v 123.70708187 -29.57009902 73.76352892
v 123.70708187 -30.71478068 71.54189211
v 123.70708187 -31.82609147 69.22302265
v 123.70708187 -32.89803879 66.80642284
v 123.70708187 -33.92419574 64.29063745
v 123.70708187 -34.89769968 61.67280495
v 123.70708187 -35.81121924 58.94793572
v 123.70708187 -36.65686226 56.10767303
v 123.70708187 -37.42596436 53.13797718
v 123.70708187 -38.10861012 50.01424947
v 123.70708187 -38.69244087 46.68903227
v 123.70708187 -39.15887928 43.04912326
v 123.70708187 -39.45460010 38.40646084
v 123.70708187 -39.43019848 33.76440725
v 123.70708187 -39.35697392 31.58844141
v 123.70708187 -39.23486677 29.87542569
v 123.70708187 -39.06377574 28.41261810
v 123.70708187 -38.84355490 27.11639515
v 123.70708187 -38.57400950 25.94368028
v 123.70708187 -38.25489020 24.86893520
v 123.70708187 -37.88588565 23.87563649
v 123.70708187 -37.46661309 22.95243623
v 123.70708187 -36.99660651 22.09119733
v 123.70708187 -36.47530196 21.28589256
v 123.70708187 -35.90201913 20.53194393
v 123.70708187 -35.27593845 19.82580459
v 125.25440821 -6.65761577 95.02743857
v 125.25440821 -8.14566527 94.73794541
v 125.25440821 -9.56273014 94.33315415
v 125.25440821 -10.93388287 93.81355993
v 125.25440821 -12.27372725 93.17979350
v 125.25440821 -13.59176847 92.43261667
v 125.25440821 -14.89452783 91.57291646
v 125.25440821 -16.18653485 90.60169797
v 125.25440821 -17.47084861 89.52007555
v 125.25440821 -18.74935531 88.32926216
v 125.25440821 -20.02294974 87.03055654
v 125.25440821 -21.29165306 85.62532766
v 125.25440821 -22.55469447 84.11499583
v 125.25440821 -23.81057190 82.50100967
v 125.25440821 -25.05710079 80.78481765
v 125.25440821 -26.29145599 78.96783259
v 125.25440821 -27.51021020 77.05138679
v 125.25440821 -28.70937025 75.03667426
v 125.25440821 -29.88441226 72.92467506
v 125.25440821 -31.03031504 70.71605390
v 125.25440821 -32.14159081 68.41102083
v 125.25440821 -33.21231076 66.00913405
v 125.25440821 -34.23612097 63.50901096
v 125.25440821 -35.20624141 60.90788668
v 125.25440821 -36.11543385 58.20090395
v 125.25440821 -36.95591157 55.37989478
v 125.25440821 -37.71913179 52.43110333
v 125.25440821 -38.39532515 49.33039320
v 125.25440821 -38.97232430 46.03116123
v 125.25440821 -39.43185575 42.42221693
v 125.25440821 -39.72156968 37.82865645
v 125.25440821 -39.69698935 33.21727917
v 125.25440821 -39.62322854 31.05569286
v 125.25440821 -39.50022716 29.35399735
v 125.25440821 -39.32788317 27.90085650
v 125.25440821 -39.10604958 26.61319945
v 125.25440821 -38.83453021 25.44823429
v 125.25440821 -38.51307389 24.38059150
v 125.25440821 -38.14136699 23.39385685
v 125.25440821 -37.71902395 22.47675742
v 125.25440821 -37.24557535 21.62120989
v 125.25440821 -36.72045311 20.82122685
v 125.25440821 -36.14297193 20.07226058
v 125.25440821 -35.51230624 19.37078765
v 126.80304712 -6.71403193 94.05632388
v 126.80304712 -8.22719166 93.76837852
v 126.80304712 -9.66812729 93.36575535
v 126.80304712 -11.06198109 92.84895074
v 126.80304712 -12.42335732 92.21859705
v 126.80304712 -13.76173292 91.47545819
v 126.80304712 -15.08358898 90.62042376
v 126.80304712 -16.39341132 89.65450206
v 126.80304712 -17.69421647 88.57881130
v 126.80304712 -18.98785212 87.39456915
v 126.80304712 -20.27518041 86.10308002
v 126.80304712 -21.55619705 84.70571968
v 126.80304712 -22.83011375 83.20391667
v 126.80304712 -24.09541960 81.59912951
v 126.80304712 -25.34993014 79.89281865
v 126.80304712 -26.59082964 78.08641147
v 126.80304712 -27.81470950 76.18125804
v 126.80304712 -29.01760473 74.17857416
v 126.80304712 -30.19502895 72.07936691
v 126.80304712 -31.34200783 69.88433470
v 126.80304712 -32.45310970 67.59373023
v 126.80304712 -33.52247108 65.20716635
v 126.80304712 -34.54381280 62.72333181
v 126.80304712 -35.51043929 60.13955695
v 126.80304712 -36.41520743 57.45111544
v 126.80304712 -37.25043808 54.65002628
v 126.80304712 -38.00771244 51.72281555
v 126.80304712 -38.67740990 48.64580644
v 126.80304712 -39.24755777 45.37324581
v 126.80304712 -39.70019127 41.79594394
v 126.80304712 -39.98394641 37.25203399
v 126.80304712 -39.95919045 32.67243177
v 126.80304712 -39.88490262 30.52574004
v 126.80304712 -39.76102239 28.83577019
v 126.80304712 -39.58744700 27.39264233
v 126.80304712 -39.36402840 26.11385797
v 126.80304712 -39.09056901 24.95692010
v 126.80304712 -38.76681588 23.89663399
v 126.80304712 -38.39245312 22.91669851
v 126.80304712 -37.96709243 22.00591842
v 126.80304712 -37.49026103 21.15626611
v 126.80304712 -36.96138677 20.36179542
v 126.80304712 -36.37977947 19.61798996
v 126.80304712 -35.74460766 18.92135058
v 128.35286119 -5.10317646 93.24611221
v 128.35286119 -6.76926427 93.07417996
v 128.35286119 -8.30710528 92.78786568
v 128.35286119 -9.77152079 92.38752698
v 128.35286119 -11.18771208 91.87366119
v 128.35286119 -12.57027782 91.24690200
v 128.35286119 -13.92866277 90.50801502
v 128.35286119 -15.26930520 89.65789203
v 128.35286119 -16.59664531 88.69754399
v 128.35286119 -17.91365574 87.62809246
v 128.35286119 -19.22214469 86.45075916
v 128.35286119 -20.52294105 85.16685348
v 128.35286119 -21.81601468 83.77775726
v 128.35286119 -23.10055968 82.28490644
v 128.35286119 -24.37505636 80.68976859
v 128.35286119 -25.63732064 78.99381522
v 128.35286119 -26.88454660 77.19848730
v 128.35286119 -28.11334496 75.30515161
v 128.35286119 -29.31977960 73.31504472
v 128.35286119 -30.49940251 71.22919953
v 128.35286119 -31.64728718 69.04834703
v 128.35286119 -32.75805909 66.77278128
v 128.35286119 -33.82592127 64.40216850
v 128.35286119 -34.84467049 61.93526743
v 128.35286119 -35.80769696 59.36950220
v 128.35286119 -36.70795404 56.70027580
v 128.35286119 -37.53787166 53.91979253
v 128.35286119 -38.28915653 51.01485827
v 128.35286119 -38.95233857 47.96225301
v 128.35286119 -39.51564189 44.71706902
v 128.35286119 -39.96141345 41.17210603
v 128.35286119 -40.23927985 36.67841301
v 128.35286119 -40.21435299 32.13171779
v 128.35286119 -40.13955228 30.00045125
v 128.35286119 -40.01481679 28.32262478
v 128.35286119 -39.84004305 26.88986660
v 128.35286119 -39.61508199 25.62027102
v 128.35286119 -39.33973467 24.47164639
v 128.35286119 -39.01374637 23.41897903
v 128.35286119 -38.63679906 22.44608494
v 128.35286119 -38.20850172 21.54184932
v 128.35286119 -37.72837832 20.69830223
v 128.35286119 -37.19585277 19.90954026
v 128.35286119 -36.61023011 19.17107946
v 128.35286119 -35.97067314 18.47944583
v 129.90371280 -5.13131103 92.25332710
v 129.90371280 -6.82281485 92.08242481
v 129.90371280 -8.38470271 91.79782747
v 129.90371280 -9.87201453 91.39989317
v 129.90371280 -11.30999799 90.88911998
v 129.90371280 -12.71323929 90.26614261
v 129.90371280 -14.09114687 89.53172797
v 129.90371280 -15.45011344 88.68676957
v 129.90371280 -16.79453176 87.73228054
v 129.90371280 -18.12732933 86.66938515
v 129.90371280 -19.45027405 85.49930857
v 129.90371280 -20.76416102 84.22336441
v 129.90371280 -22.06893394 82.84293983
v 129.90371280 -23.36376924 81.35947734
v 129.90371280 -24.64713846 79.77445264
v 129.90371280 -25.91685812 78.08934737
v 129.90371280 -27.17013237 76.30561504
v 129.90371280 -28.40359166 74.42463811
v 129.90371280 -29.61332919 72.44767274
v 129.90371280 -30.79493588 70.37577654
v 129.90371280 -31.94353356 68.20971178
v 129.90371280 -33.05380553 65.94981265
v 129.90371280 -34.12002196 63.59579736
v 129.90371280 -35.13605623 61.14649321
v 129.90371280 -36.09538501 58.59941662
v 129.90371280 -36.99105881 55.95009830
v 129.90371280 -37.81561731 53.19092598
v 129.90371280 -38.56089342 50.30898319
v 129.90371280 -39.21756837 47.28150386
v 129.90371280 -39.77406384 44.06442083
v 129.90371280 -40.21303944 40.55251181
v 129.90371280 -40.48511109 36.10961995
v 129.90371280 -40.46001968 31.59699665
v 129.90371280 -40.38472518 29.48170134
v 129.90371280 -40.25916627 27.81644813
v 129.90371280 -40.08323877 26.39442671
v 129.90371280 -39.85679266 25.13434521
v 129.90371280 -39.57962766 23.99432811
v 129.90371280 -39.25148739 22.94954921
v 129.90371280 -38.87205169 21.98394577
v 129.90371280 -38.44092699 21.08648628
v 129.90371280 -37.95763411 20.24926055
v 129.90371280 -37.42159314 19.46640938
v 129.90371280 -36.83210456 18.73348244
v 129.90371280 -36.18832561 18.04703176
v 131.45546407 -5.15191614 91.25229814
v 131.45546407 -6.86837502 91.08246019
v 131.45546407 -8.45391011 90.79963695
v 131.45546407 -9.96376119 90.40418690
v 131.45546407 -11.42321501 89.89660862
v 131.45546407 -12.84684186 89.27753759
v 131.45546407 -14.24401205 88.54774172
v 131.45546407 -15.62107182 87.70811585
v 131.45546407 -16.98236599 86.75967487
v 131.45546407 -18.33077665 85.70354529
v 131.45546407 -19.66803118 84.54095515
v 131.45546407 -20.99489072 83.27322174
v 131.45546407 -22.31127261 81.90173685
v 131.45546407 -23.61633526 80.42794884
v 131.45546407 -24.90854108 78.85334081
v 131.45546407 -26.18570666 77.17940364
v 131.45546407 -27.44504559 75.40760256
v 131.45546407 -28.68320726 73.53933471
v 131.45546407 -29.89631329 71.57587484
v 131.45546407 -31.07999243 69.51830412
v 131.45546407 -32.22941372 67.36741497
v 131.45546407 -33.33931687 65.12358035
v 131.45546407 -34.40403771 62.78656907
v 131.45546407 -35.41752457 60.35527538
v 131.45546407 -36.37333874 57.82730615
v 131.45546407 -37.26462590 55.19831764
v 131.45546407 -38.08403322 52.46087830
v 131.45546407 -38.82351731 49.60234567
v 131.45546407 -39.47390768 46.60040212
v 131.45546407 -40.02381975 43.41181146
v 131.45546407 -40.45621964 39.93330614
v 131.45546407 -40.72269108 35.54133291
v 131.45546407 -40.69743603 31.06348502
v 131.45546407 -40.62165047 28.96449071
v 131.45546407 -40.49527269 27.31207035
v 131.45546407 -40.31819784 25.90100739
v 131.45546407 -40.09027489 24.65063639
v 131.45546407 -39.81130228 23.51940455
v 131.45546407 -39.48102194 22.48267698
v 131.45546407 -39.09911165 21.52451472
v 131.45546407 -38.66517524 20.63397128
v 131.45546407 -38.17873043 19.80319742
v 131.45546407 -37.63919352 19.02637910
v 131.45546407 -37.04586042 18.29910028
v 131.45546407 -36.39788288 17.61793955
v 133.00797693 -5.15756738 90.24444977
v 133.00797693 -6.89895563 90.07568693
v 133.00797693 -8.50814126 89.79465573
v 133.00797693 -10.04056112 89.40171487
v 133.00797693 -11.52154140 88.89736337
v 133.00797693 -12.96563779 88.28223726
v 133.00797693 -14.38218398 87.55710527
v 133.00797693 -15.77748115 86.72286330
v 133.00797693 -17.15582742 85.78052771
v 133.00797693 -18.52006033 84.73122691
v 133.00797693 -19.87186738 83.57619145
v 133.00797693 -21.21197592 82.31674186
v 133.00797693 -22.54027674 80.95427409
v 133.00797693 -23.85590967 79.49024185
v 133.00797693 -25.15732696 77.92613502
v 133.00797693 -26.44234384 76.26345314
v 133.00797693 -27.70818153 74.50367241
v 133.00797693 -28.95150610 72.64820389
v 133.00797693 -30.16846496 70.69834005
v 133.00797693 -31.35472167 68.65518466
v 133.00797693 -32.50548902 66.51955915
v 133.00797693 -33.61555940 64.29187399
v 133.00797693 -34.67933012 61.97194710
v 133.00797693 -35.69081997 59.55873789
v 133.00797693 -36.64366999 57.04994148
v 133.00797693 -37.53111572 54.44133682
v 133.00797693 -38.34590609 51.72566929
v 133.00797693 -39.08011497 48.89056491
v 133.00797693 -39.72471268 45.91414581
v 133.00797693 -40.26849893 42.75399081
v 133.00797693 -40.69473177 39.30874912
v 133.00797693 -40.95591733 34.96719235
v 133.00797693 -40.93049160 30.52419771
v 133.00797693 -40.85419387 28.44154088
v 133.00797693 -40.72696200 26.80198212
v 133.00797693 -40.54869044 25.40190214
v 133.00797693 -40.31922714 24.16126337
v 133.00797693 -40.03836918 23.03883646
v 133.00797693 -39.70585674 22.01017824
v 133.00797693 -39.32136542 21.05947382
v 133.00797693 -38.88449639 20.17586191
v 133.00797693 -38.39476408 19.35155436
v 133.00797693 -37.85158087 18.58078240
v 133.00797693 -37.25423791 17.85916434
v 133.00797693 -36.60188121 17.18330542
v 134.56111313 -5.14928500 89.23122038
v 134.56111313 -6.91543094 89.06354280
v 134.56111313 -8.54813664 88.78432047
v 134.56111313 -10.10303016 88.39391225
v 134.56111313 -11.60547668 87.89281742
v 134.56111313 -13.07001830 87.28167243
v 134.56111313 -14.50595366 86.56124658
v 134.56111313 -15.91954045 85.73243663
v 134.56111313 -17.31503149 84.79626005
v 134.56111313 -18.69522094 83.75384688
v 134.56111313 -20.06175711 82.60642976
v 134.56111313 -21.41533391 81.35533205
v 134.56111313 -22.75581546 80.00195339
v 134.56111313 -24.08232238 78.54775231
v 134.56111313 -25.39329569 76.99422490
v 134.56111313 -26.68654769 75.34287872
v 134.56111313 -27.95930512 73.59520022
v 134.56111313 -29.20824822 71.75261362
v 134.56111313 -30.42954711 69.81642821
v 134.56111313 -31.61889667 67.78776940
v 134.56111313 -32.77154952 65.66748648
v 134.56111313 -33.88234627 63.45602619
v 134.56111313 -34.94574093 61.15325401
v 134.56111313 -35.95581749 58.75819271
v 134.56111313 -36.90629103 56.26862341
v 134.56111313 -37.79048079 53.68044489
v 134.56111313 -38.60123068 50.98657556
v 134.56111313 -39.33072434 48.17490436
v 134.56111313 -39.97006414 45.22398429
v 134.56111313 -40.50822301 42.09219305
v 134.56111313 -40.92873389 38.68005809
v 134.56111313 -41.18497295 34.38839585
v 134.56111313 -41.15937018 29.98031296
v 134.56111313 -41.08254120 27.91402104
v 134.56111313 -40.95442343 26.28734544
v 134.56111313 -40.77491058 24.89826688
v 134.56111313 -40.54384956 23.66737669
v 134.56111313 -40.26103601 22.55376947
v 134.56111313 -39.92620833 21.53319414
v 134.56111313 -39.53903984 20.58996008
v 134.56111313 -39.09912894 19.71329133
v 134.56111313 -38.60598668 18.89546095
v 134.56111313 -38.05902135 18.13074549
v 134.56111313 -37.45751916 17.41479769
v 134.56111313 -36.80062018 16.74424947
v 136.11473431 -5.12812088 88.20844626
v 136.11473431 -6.91869998 88.04187551
v 136.11473431 -8.57465486 87.76449790
v 136.11473431 -10.15179602 87.37667236
v 136.11473431 -11.67552620 86.87889827
v 136.11473431 -13.16037476 86.27181223
v 136.11473431 -14.61560691 85.55618389
v 136.11473431 -16.04743863 84.73291051
v 136.11473431 -17.46007908 83.80301036
v 136.11473431 -18.85628037 82.76761464
v 136.11473431 -20.23765257 81.62795763
v 136.11473431 -21.60485659 80.38536499
v 136.11473431 -22.95772983 79.04123950
v 136.11473431 -24.29537309 77.59704386
v 136.11473431 -25.61621498 76.05427969
v 136.11473431 -26.91806311 74.41446183
v 136.11473431 -28.19814747 72.67908614
v 136.11473431 -29.45315950 70.84958912
v 136.11473431 -30.67928864 68.92729591
v 136.11473431 -31.87225707 66.91335246
v 136.11473431 -33.02735268 64.80863478
v 136.11473431 -34.13945932 62.61362449
v 136.11473431 -35.20308209 60.32823315
v 136.11473431 -36.21236415 57.95154511
v 136.11473431 -37.16108806 55.48142537
v 136.11473431 -38.04264963 52.91388992
v 136.11473431 -38.84997997 50.24202677
v 136.11473431 -39.57536377 47.45398295
v 136.11473431 -40.21002541 44.52873491
v 136.11473431 -40.74309818 41.42544577
v 136.11473431 -41.15837031 38.04648937
v 136.11473431 -41.41002842 33.80448865
v 136.11473431 -41.38424297 29.43167411
v 136.11473431 -41.30686580 27.38191425
v 136.11473431 -41.17783390 25.76825342
v 136.11473431 -40.99704020 24.39028865
v 136.11473431 -40.76433052 23.16924661
v 136.11473431 -40.47949906 22.06454919
v 136.11473431 -40.14228233 21.05213931
v 136.11473431 -39.75235133 20.11645191
v 136.11473431 -39.30930160 19.24679725
v 136.11473431 -38.81264070 18.43551019
v 136.11473431 -38.26177268 17.67691309
v 136.11473431 -37.65597868 16.96669347
v 137.66870197 -5.09512916 87.16274943
v 137.66870197 -6.90965936 86.99733834
v 137.66870197 -8.58844754 86.72189339
v 137.66870197 -10.18747499 86.33677336
v 137.66870197 -11.73217972 85.84247746
v 137.66870197 -13.23707907 85.23964215
v 137.66870197 -14.71140651 84.52903695
v 137.66870197 -16.16133835 83.71155916
v 137.66870197 -17.59104199 82.78822729
v 137.66870197 -19.00322907 81.76017303
v 137.66870197 -20.39947255 80.62863164
v 137.66870197 -21.78040098 79.39493029
v 137.66870197 -23.14582501 78.06047402
v 137.66870197 -24.49482503 76.62672879
v 137.66870197 -25.82581599 75.09520081
v 137.66870197 -27.13659887 73.46741110
v 137.66870197 -28.42440429 71.74486385
v 137.66870197 -29.68593171 69.92900665
v 137.66870197 -30.91738594 68.02117925
v 137.66870197 -32.11451194 66.02254683
v 137.66870197 -33.27262776 63.93401073
v 137.66870197 -34.38665470 61.75608602
v 137.66870197 -35.45114268 59.48872878
v 137.66870197 -36.46028710 57.13108333
v 137.66870197 -37.40793051 54.68109680
v 137.66870197 -38.28753715 52.13490043
v 137.66870197 -39.09211646 49.48574964
v 137.66870197 -39.81404425 46.72204685
v 137.66870197 -40.44465534 43.82318832
v 137.66870197 -40.97322880 40.74911658
v 137.66870197 -41.38378577 37.40403783
v 137.66870197 -41.63125604 33.21225195
v 137.66870197 -41.60528299 28.87587893
v 137.66870197 -41.52734285 26.84320106
v 137.66870197 -41.39737216 25.24298792
v 137.66870197 -41.21526307 23.87650663
v 137.66870197 -40.98086029 22.66564034
v 137.66870197 -40.69395650 21.57014908
v 137.66870197 -40.35428631 20.56617628
v 137.66870197 -39.96151833 19.63828658
v 137.66870197 -39.51524513 18.77587931
v 137.66870197 -39.01497072 17.97135325
v 139.22287755 -5.05136535 86.09568561
v 139.22287755 -6.88920250 85.93148636
v 139.22287755 -8.59025870 85.65806091
v 139.22287755 -10.21067148 85.27576769
v 139.22287755 -11.77591111 84.78510548
v 139.22287755 -13.30048344 84.18671022
v 139.22287755 -14.79359214 83.48135094
v 139.22287755 -16.26137609 82.66992445
v 139.22287755 -17.70796313 81.75344892
v 139.22287755 -19.13602630 80.73305593
v 139.22287755 -20.54710281 79.60998095
v 139.22287755 -21.94178960 78.38555190
v 139.22287755 -23.31987072 77.06117523
v 139.22287755 -24.68040549 75.63831925
v 139.22287755 -26.02179385 74.11849372
v 139.22287755 -27.34182806 72.50322479
v 139.22287755 -28.63773650 70.79402389
v 139.22287755 -29.90622300 68.99234846
v 139.22287755 -31.14350339 67.09955161
v 139.22287755 -32.34534034 65.11681644
v 139.22287755 -33.50707623 63.04506816
v 139.22287755 -34.62366336 60.88485386
v 139.22287755 -35.68968932 58.63617252
v 139.22287755 -36.69939394 56.29822675
v 139.22287755 -37.64667130 53.86904398
v 139.22287755 -38.52504489 51.34486868
v 139.22287755 -39.32759236 48.71912132
v 139.22287755 -40.04676944 45.98045683
v 139.22287755 -40.67400833 43.10868731
v 139.22287755 -41.19871735 40.06452813
v 139.22287755 -41.60512524 36.75400261
v 139.22287755 -41.84882974 32.61295180
v 139.22287755 -41.82266487 28.31417020
v 139.22287755 -41.74414915 26.29911334
v 139.22287755 -41.61321863 24.71277223
v 139.22287755 -41.42976468 23.35813678
v 139.22287755 -41.19363084 22.15776731
v 139.22287755 -40.90460828 21.07177272
v 139.22287755 -40.56242964 20.07650322
v 140.77712245 -4.99809554 85.00970247
v 140.77712245 -6.85859569 84.84676464
v 140.77712245 -8.58135104 84.57544120
v 140.77712245 -10.22264164 84.19609005
v 140.77712245 -11.80796714 83.70920926
v 140.77712245 -13.35182248 83.11543394
v 140.77712245 -14.86338330 82.41553217
v 140.77712245 -16.34875326 81.61039982
v 140.77712245 -17.81202277 80.70105414
v 140.77712245 -19.25582805 79.68862595
v 140.77712245 -20.68167192 78.57435027
v 140.77712245 -22.09012048 77.35955494
v 140.77712245 -23.48093127 76.04564701
v 140.77712245 -24.85314207 74.63409620
v 140.77712245 -26.20513654 73.12641484
v 140.77712245 -27.53469626 71.52413319
v 140.77712245 -28.83904470 69.82876874
v 140.77712245 -30.11488668 68.04178760
v 140.77712245 -31.35844496 66.16455499
v 140.77712245 -32.56549512 64.19827055
v 140.77712245 -33.73139846 62.14388201
v 140.77712245 -34.85113216 60.00196686
v 140.77712245 -35.91931477 57.77256546
v 140.77712245 -36.93022321 55.45493690
v 140.77712245 -37.87779511 53.04718701
v 140.77712245 -38.75560450 50.54567131
v 140.77712245 -39.55678779 47.94397278
v 140.77712245 -40.27387002 45.23099566
v 140.77712245 -40.89836845 42.38696338
v 140.77712245 -41.41980504 39.37335664
v 140.77712245 -41.82259226 36.09799834
v 140.77712245 -42.06292489 32.00812287
v 140.77712245 -42.03656473 27.74800921
v 140.77712245 -41.95746298 25.75107797
v 140.77712245 -41.82555520 24.17900615
v 140.77712245 -41.64073197 22.83655577
v 140.77712245 -41.40283565 21.64698374
v 142.33129803 -4.93768347 83.90725501
v 142.33129803 -6.82107165 83.74562556
v 142.33129803 -8.56573686 83.47648226
v 142.33129803 -10.22810700 83.10018231
v 142.33129803 -11.83371296 82.61722280
v 142.33129803 -13.39703952 82.02823766
v 142.33129803 -14.92723458 81.33399365
v 142.33129803 -16.43036656 80.53538519
v 142.33129803 -17.91048834 79.63342805
v 142.33129803 -19.37019918 78.62925171
v 142.33129803 -20.81096733 77.52408999
v 142.33129803 -22.23332790 76.31926993
v 142.33129803 -23.63701183 75.01619831
v 142.33129803 -25.02103526 73.61634537
v 142.33129803 -26.38376558 72.12122504
v 142.33129803 -27.72297373 70.53237061
v 142.33129803 -29.03587840 68.85130453
v 142.33129803 -30.31918553 67.07950042
v 142.33129803 -31.56912506 65.21833430
v 142.33129803 -32.78148576 63.26902102
v 142.33129803 -33.95164818 61.23252937
v 142.33129803 -35.07461479 59.10946576
v 142.33129803 -36.14503550 56.89991020
v 142.33129803 -37.15722481 54.60317651
v 142.33129803 -38.10516438 52.21744689
v 142.33129803 -38.98247934 49.73918563
v 142.33129803 -39.78236539 47.16213546
v 142.33129803 -40.49741751 44.47544646
v 142.33129803 -41.11923868 41.65974837
v 142.33129803 -41.63746528 38.67727879
v 142.33129803 -42.03669452 35.43764055
v 142.33129803 -42.27371819 31.39930220
v 142.33129803 -42.24715998 27.17885922
v 142.33129803 -42.16746392 25.20052364
v 142.33129803 -42.03456509 23.64309114
v 142.33129803 -41.84835322 22.31314182
v 143.88526569 -4.87151582 82.79080349
v 143.88526569 -6.77811311 82.63052670
v 143.88526569 -8.54498316 82.36363722
v 143.88526569 -10.22870906 81.99049135
v 143.88526569 -11.85485517 81.51158496
v 143.88526569 -13.43789664 80.92755050
v 143.88526569 -14.98695347 80.23915295
v 143.88526569 -16.50805846 79.44728484
v 143.88526569 -18.00522640 78.55295995
v 143.88526569 -19.48101911 77.55730574
v 143.88526569 -20.93686986 76.46155420
v 143.88526569 -22.37328247 75.26703079
v 143.88526569 -23.78996116 73.97514120
v 143.88526569 -25.18590048 72.58735530
v 143.88526569 -26.55945176 71.10518764
v 143.88526569 -27.90837576 69.53017352
v 143.88526569 -29.22988697 67.86383925
v 143.88526569 -30.52069333 66.10766474
v 143.88526569 -31.77703294 64.26303558
v 143.88526569 -32.99470897 62.33118047
v 143.88526569 -34.16912258 60.31308781
v 143.88526569 -35.29530308 58.20939138
v 143.88526569 -36.36793342 56.02020917
v 143.88526569 -37.38136753 53.74490785
v 143.88526569 -38.32963310 51.38174391
v 143.88526569 -39.20640848 48.92728802
v 143.88526569 -40.00495101 46.37543975
v 143.88526569 -40.71792813 43.71559121
v 143.88526569 -41.33703146 40.92877302
v 143.88526569 -41.85201542 37.97797033
v 143.88526569 -42.24766713 34.77454428
v 143.88526569 -42.48138744 30.78802785
v 143.88526569 -42.45462915 26.60818418
v 143.88526569 -42.37433267 24.64887956
v 145.43888687 -4.80077453 81.66281129
v 145.43888687 -6.73083467 81.50392872
v 145.43888687 -8.52014139 81.23936221
v 145.43888687 -10.22543907 80.86946699
v 145.43888687 -11.87232719 80.39473746
v 145.43888687 -13.47527159 79.81580423
v 145.43888687 -15.04336408 79.13343017
v 145.43888687 -16.58260136 78.34850542
v 145.43888687 -18.09695962 77.46204124
v 145.43888687 -19.58896274 76.47516249
v 145.43888687 -21.06000861 75.38909864
v 145.43888687 -22.51056954 74.20517283
v 145.43888687 -23.94032292 72.92478886
v 145.43888687 -25.34824179 71.54941533
v 145.43888687 -26.73266173 70.08056649
v 145.43888687 -28.09133374 68.51977861
v 145.43888687 -29.42146883 66.86858076
v 145.43888687 -30.71977773 65.12845798
v 145.43888687 -31.98250779 63.30080415
v 145.43888687 -33.20547779 61.38686051
v 145.43888687 -34.38411088 59.38763359
v 145.43888687 -35.51346476 57.30378297
v 145.43888687 -36.58825715 55.13546293
v 145.43888687 -37.60288323 52.88209108
v 145.43888687 -38.55141871 50.54199607
v 145.43888687 -39.42759729 48.11185241
v 145.43888687 -40.22474023 45.58571346
v 145.43888687 -40.93558996 42.95320930
v 145.43888687 -41.55192961 40.19576553
v 145.43888687 -42.06363511 37.27710470
v 145.43888687 -42.45568857 34.11032279
v 145.43888687 -42.68611141 30.17583760
v 145.43888687 -42.65915172 26.03744746
v 146.99202307 -4.72664075 80.52574275
v 146.99202307 -6.68034874 80.36829322
v 146.99202307 -8.49225951 80.10611425
v 146.99202307 -10.21928344 79.73955984
v 146.99202307 -11.88705634 79.26912267
v 146.99202307 -13.51003476 78.69543122
v 146.99202307 -15.09728201 78.01924583
v 146.99202307 -16.65475814 77.24145382
v 146.99202307 -18.18640023 76.36306340
v 146.99202307 -19.69469375 75.38519626
v 146.99202307 -21.18100086 74.30907867
v 146.99202307 -22.64576215 73.13603076
v 146.99202307 -24.08862814 71.86745361
v 146.99202307 -25.50855048 70.50481373
v 146.99202307 -26.90384930 69.04962408
v 146.99202307 -28.27226640 67.50342093
v 146.99202307 -29.61100994 65.86773502
v 146.99202307 -30.91679439 64.14405536
v 146.99202307 -32.18587735 62.33378288
v 146.99202307 -33.41409447 60.43816998
v 146.99202307 -34.59689231 58.45823993
v 146.99202307 -35.72935848 56.39467651
v 146.99202307 -36.80624719 54.24766854
v 146.99202307 -37.82199669 52.01668267
v 146.99202307 -38.77073265 49.70011748
v 146.99202307 -39.64624624 47.29474873
v 146.99202307 -40.44192487 44.79478033
v 146.99202307 -41.15058842 42.19007603
v 146.99202307 -41.76411430 39.46245014
v 146.99202307 -42.27250335 36.57635164
v 146.99202307 -42.66093755 33.44658613
v 146.99202307 -42.88806963 29.56426756
v 148.54453593 -4.65029363 79.38206111
v 148.54453593 -6.62776455 79.22608064
v 148.54453593 -8.46238097 78.96634917
v 148.54453593 -10.21122281 78.60321924
v 148.54453593 -11.89996290 78.13718161
v 148.54453593 -13.54304839 77.56886230
v 148.54453593 -15.14951362 76.89901879
v 148.54453593 -16.72528146 76.12853512
v 148.54453593 -18.27424939 75.25841594
v 148.54453593 -19.79886402 74.28977919
v 148.54453593 -21.30045151 73.22384732
v 148.54453593 -22.77942052 72.06193671
v 148.54453593 -24.23539471 70.80544499
v 148.54453593 -25.66730455 69.45583568
v 148.54453593 -27.07345507 68.01461960
v 148.54453593 -28.45157937 66.48333198
v 148.54453593 -29.79888354 64.86350418
v 148.54453593 -31.11208664 63.15662804
v 148.54453593 -32.38745764 61.36411030
v 148.54453593 -33.62085028 59.48721321
v 148.54453593 -34.80773591 57.52697529
v 148.54453593 -35.94323363 55.48410299
v 148.54453593 -37.02213577 53.35881790
v 148.54453593 -38.03892544 51.15063375
v 148.54453593 -38.98778024 48.85801679
v 148.54453593 -39.86255080 46.47784135
v 148.54453593 -40.65669288 44.00445850
v 148.54453593 -41.36310617 41.42796119
v 148.54453593 -41.97376501 38.73054570
v 148.54453593 -42.47879842 35.87737584
v 148.54453593 -42.86359280 32.78493986
v 148.54453593 -43.08744225 28.95485089
v 150.09628720 -4.57290934 78.23422633
v 150.09628720 -6.57418713 78.07974814
v 150.09628720 -8.43154381 77.82251941
v 150.09628720 -10.20223116 77.46289110
v 150.09628720 -11.91195934 77.00135177
v 150.09628720 -13.57516575 76.43852473
v 150.09628720 -15.20085526 75.77516420
v 150.09628720 -16.79491308 75.01215053
v 150.09628720 -18.36119654 74.15048433
v 150.09628720 -19.90211307 73.19127922
v 150.09628720 -21.41895252 72.13575321
v 150.09628720 -22.91209155 70.98521824
v 150.09628720 -24.38112701 69.74106773
v 150.09628720 -25.82496839 68.40476141
v 150.09628720 -27.24190604 66.97780703
v 150.09628720 -28.62966493 65.46173783
v 150.09628720 -29.98544982 63.85808475
v 150.09628720 -31.30598530 62.16834132
v 150.09628720 -32.58755277 60.39391888
v 150.09628720 -33.82602529 58.53608821
v 150.09628720 -35.01690040 56.59590167
v 150.09628720 -36.15533017 54.57408674
v 150.09628720 -37.23614668 52.47089609
v 150.09628720 -38.25387971 50.28588851
v 150.09628720 -39.20276056 48.01759564
v 150.09628720 -40.07670133 45.66298757
v 150.09628720 -40.86922821 43.21655909
v 150.09628720 -41.57332295 40.66862760
v 150.09628720 -42.18105936 38.00176429
v 150.09628720 -42.68269767 35.18183551
v 150.09628720 -43.06383301 32.12698373
v 151.64713881 -4.49566000 77.08469299
v 151.64713881 -6.52071635 76.93174747
v 151.64713881 -8.40077972 76.67707200
v 151.64713881 -10.19327498 76.32101582
v 151.64713881 -11.92394949 75.86406509
v 151.64713881 -13.60723045 75.30684008
v 151.64713881 -15.25209272 74.65009141
v 151.64713881 -16.86438329 73.89469536
v 151.64713881 -18.44791896 73.04164800
v 151.64713881 -20.00506760 72.09205809
v 151.64713881 -21.53708259 71.04713861
v 151.64713881 -23.04430853 69.90819639
v 151.64713881 -24.52631558 68.67661989
v 151.64713881 -25.98199252 67.35386425
v 151.64713881 -27.40961545 65.94143327
v 151.64713881 -28.80690184 64.44085729
v 151.64713881 -30.17105585 62.85366578
v 151.64713881 -31.49880855 61.18135285
v 151.64713881 -32.78645483 59.42533327
v 151.64713881 -34.02988832 57.58688503
v 151.64713881 -35.22463406 55.66707288
v 151.64713881 -36.36587858 53.66664382
v 151.64713881 -37.44849530 51.58587977
v 151.64713881 -38.46706230 49.42438264
v 151.64713881 -39.41586640 47.18074707
v 151.64713881 -40.28888301 44.85203613
v 151.64713881 -41.07971075 42.43288467
v 151.64713881 -41.78141553 39.91382966
v 151.64713881 -42.38617302 37.27780984
v 151.64713881 -42.88437744 34.49138111
v 153.19695288 -4.41971259 75.93590822
v 153.19695288 -6.46844590 75.78452287
v 153.19695288 -8.37111313 75.53244643
v 153.19695288 -10.18531245 75.18002623
v 153.19695288 -11.93682787 74.72774581
v 153.19695288 -13.64007582 74.17622215
v 153.19695288 -15.30400059 73.52620195
v 153.19695288 -16.93441045 72.77855697
v 153.19695288 -18.53508128 71.93427830
v 153.19695288 -20.10834114 70.99446936
v 153.19695288 -21.65540681 69.96033744
v 153.19695288 -23.17659087 68.83318368
v 153.19695288 -24.67143693 67.61439084
v 153.19695288 -26.13881342 66.30540869
v 153.19695288 -27.57698265 64.90773625
v 153.19695288 -28.98365520 63.42290002
v 153.19695288 -30.35603548 61.85242701
v 153.19695288 -31.69086189 60.19781084
v 153.19695288 -32.98444393 58.46046851
v 153.19695288 -34.23269693 56.64168394
v 153.19695288 -35.43117480 54.74253289
v 153.19695288 -36.57509990 52.76378029
v 153.19695288 -37.65938852 50.70573559
v 153.19695288 -38.67866863 48.56804174
v 153.19695288 -39.62728424 46.34935407
v 153.19695288 -40.49927584 44.04682571
v 153.19695288 -41.28831629 41.65522787
v 153.19695288 -41.98755764 39.16531200
v 153.19695288 -42.58927958 36.56037671
v 154.74559179 -4.34622797 74.79030956
v 154.74559179 -6.41846239 74.64050903
v 154.74559179 -8.34356044 74.39107257
v 154.74559179 -10.17929268 74.04234548
v 154.74559179 -11.95147899 73.59480848
v 154.74559179 -13.67452433 73.04907498
v 154.74559179 -15.35734178 72.40588744
v 154.74559179 -17.00570051 71.66611274
v 154.74559179 -18.62333514 70.83073653
v 154.74559179 -20.21253374 69.90085635
v 154.74559179 -21.77447646 68.87767333
v 154.74559179 -23.30944392 67.76248221
v 154.74559179 -24.81695346 66.55665940
v 154.74559179 -26.29585349 65.26164855
v 154.74559179 -27.74439306 63.87894308
v 154.74559179 -29.16027656 62.41006473
v 154.74559179 -30.54070937 60.85653710
v 154.74559179 -31.88243821 59.21985228
v 154.74559179 -33.18178819 57.50142832
v 154.74559179 -34.43469753 55.70255382
v 154.74559179 -35.63675020 53.82431418
v 154.74559179 -36.78320580 51.86749067
v 154.74559179 -37.86902488 49.83241855
v 154.74559179 -38.88888679 47.71877980
v 154.74559179 -39.83719431 45.52528801
v 154.74559179 -40.70805460 43.24918344
v 154.74559179 -41.49521647 40.88536989
v 154.74559179 -42.19191990 38.42480804
v 156.29291813 -4.27635985 73.65032293
v 156.29291813 -6.37184443 73.50212895
v 156.29291813 -8.31912911 73.25536859
v 156.29291813 -10.17615503 72.91038499
v 156.29291813 -11.96877677 72.46765584
v 156.29291813 -13.71138701 71.92779075
v 156.29291813 -15.41286712 71.29152761
v 156.29291813 -17.07894672 70.55972804
v 156.29291813 -18.71331896 69.73337186
v 156.29291813 -20.31823184 68.81355026
v 156.29291813 -21.89482888 67.80145762
v 156.29291813 -23.44335896 66.69838172
v 156.29291813 -24.96331340 65.50569193
v 156.29291813 -26.45352106 64.22482508
v 156.29291813 -27.91221829 62.85726817
v 156.29291813 -29.33710393 61.40453735
v 156.29291813 -30.72538517 59.86815185
v 156.29291813 -32.07381794 58.24960118
v 156.29291813 -33.37874396 56.55030336
v 156.29291813 -34.63612547 54.77155044
v 156.29291813 -35.84157769 52.91443603
v 156.29291813 -36.99039869 50.97975629
v 156.29291813 -38.07759463 48.96787048
v 156.29291813 -39.09789763 46.87849762
v 156.29291813 -40.04577062 44.71040716
v 156.29291813 -40.91538894 42.46092350
v 156.29291813 -41.70057884 40.12507913
v 157.83879483 -4.21125380 72.51836052
v 157.83879483 -6.32966176 72.37179189
v 157.83879483 -8.29881696 72.12773892
v 157.83879483 -10.17682840 71.78654239
v 157.83879483 -11.98958393 71.34867684
v 157.83879483 -13.75146307 70.81474778
v 157.83879483 -15.47131494 70.18548825
v 157.83879483 -17.15482932 69.46175430
v 157.83879483 -18.80565773 68.64451947
v 157.83879483 -20.42600809 67.73486815
v 157.83879483 -22.01698745 66.73398747
v 157.83879483 -23.57881316 65.64315765
v 157.83879483 -25.11095094 64.46374044
v 157.83879483 -26.61221054 63.19716508
v 157.83879483 -28.08081624 61.84491144
v 157.83879483 -29.51446204 60.40848924
v 157.83879483 -30.91035769 58.88941241
v 157.83879483 -32.26526926 57.28916690
v 157.83879483 -33.57555605 55.60916960
v 157.83879483 -34.83720533 53.85071480
v 157.83879483 -36.04586475 52.01490300
v 157.83879483 -37.19687196 50.10254371
v 157.83879483 -38.28527997 48.11401849
v 157.83879483 -39.30587490 46.04908137
v 157.83879483 -40.25318113 43.90655525
v 157.83879483 -41.12144344 41.68384562
v 159.38308511 -4.15204625 71.39681877
v 159.38308511 -6.29297433 71.25189139
v 159.38308511 -8.28361138 71.01057220
v 159.38308511 -10.18223064 70.67319954
v 159.38308511 -12.01475150 70.24024456
v 159.38308511 -13.79553944 69.71230850
v 159.38308511 -15.53341082 69.09011926
v 159.38308511 -17.23401536 68.37452696
v 159.38308511 -18.90096290 67.56649851
v 159.38308511 -20.53642138 66.66711103
v 159.38308511 -22.14146160 65.67754393
v 159.38308511 -23.71626975 64.59906933
v 159.38308511 -25.26028636 63.43304071
v 159.38308511 -26.77230265 62.18087912
v 159.38308511 -28.25053143 60.84405653
v 159.38308511 -29.69266257 59.42407541
v 159.38308511 -31.09590923 57.92244355
v 159.38308511 -32.45704842 56.34064238
v 159.38308511 -33.77245799 54.68008657
v 159.38308511 -35.03815123 52.94207149
v 159.38308511 -36.24980919 51.12770324
v 159.38308511 -37.40281023 49.23780316
v 159.38308511 -38.49225524 47.27277343
v 159.38308511 -39.51298548 45.23240106
v 160.92565255 -4.09970073 70.28011476
v 160.92565255 -6.26290407 70.13685218
v 160.92565255 -8.27478013 69.89830591
v 160.92565255 -10.19376821 69.56481173
v 160.92565255 -12.04582018 69.13683718
v 160.92565255 -13.84528807 68.61497898
v 160.92565255 -15.60095602 67.99995955
v 160.92565255 -17.31843412 67.29262273
v 160.92565255 -19.00129102 66.49392836
v 160.92565255 -20.65165512 65.60494582
v 160.92565255 -22.27056141 64.62684620
v 160.92565255 -23.85816536 63.56089293
v 160.92565255 -25.41388278 62.40843057
v 160.92565255 -26.93648683 61.17087120
v 160.92565255 -28.42417930 59.84967809
v 160.92565255 -29.87464643 58.44634562
v 160.92565255 -31.28510526 56.96237445
v 160.92565255 -32.65234425 55.39924047
v 160.92565255 -33.97276026 53.75835501
v 160.92565255 -35.24239308 52.04101327
v 160.92565255 -36.45695763 50.24832557
v 160.92565255 -37.61187343 48.38112360
v 162.46636113 -4.05346809 69.13954967
v 162.46636113 -6.23951706 68.99801295
v 162.46636113 -8.27314625 68.76234122
v 162.46636113 -10.21298592 68.43286744
v 162.46636113 -12.08503160 68.01005525
v 162.46636113 -13.90362827 67.49449641
v 162.46636113 -15.67753199 66.88690739
v 162.46636113 -17.41231605 66.18812511
v 162.46636113 -19.11150987 65.39910167
v 162.46636113 -20.77720371 64.52089792
v 162.46636113 -22.41039772 63.55467582
v 162.46636113 -24.01121721 62.50168915
v 162.46636113 -25.57905357 61.36327248
v 162.46636113 -27.11266188 60.14082785
v 162.46636113 -28.61023272 58.83580865
v 162.46636113 -30.06944824 57.44969986
v 162.46636113 -31.48752870 55.98399372
v 162.46636113 -32.86127316 54.44015911
v 162.46636113 -34.18709649 52.81960256
v 162.46636113 -35.46106377 51.12361751
v 164.00507521 -4.01166339 67.97768018
v 164.00507521 -6.22098395 67.83792521
v 164.00507521 -8.27674519 67.60522103
v 164.00507521 -10.23779002 67.27989756
v 164.00507521 -12.13016748 66.86241424
v 164.00507521 -13.96822125 66.35335745
v 164.00507521 -15.76068305 65.75343723
v 164.00507521 -17.51309200 65.06348305
v 164.00507521 -19.22894019 64.28443857
v 164.00507521 -20.91028112 63.41735543
v 164.00507521 -22.55808102 62.46338559
v 164.00507521 -24.17243572 61.42377228
v 164.00507521 -25.75271251 60.29983915
v 164.00507521 -27.29764852 59.09297711
v 164.00507521 -28.80542296 57.80462852
v 164.00507521 -30.27371355 56.43626779
v 164.00507521 -31.69974326 54.98937739
v 164.00507521 -33.08032103 53.46541787
v 165.54165962 -3.97260660 66.80065932
v 165.54165962 -6.20536859 66.66273196
v 165.54165962 -8.28340146 66.43307161
v 165.54165962 -10.26577641 66.11200498
v 165.54165962 -12.17860332 65.69998700
v 165.54165962 -14.03622896 65.19759837
v 165.54165962 -15.84736368 64.60554224
v 165.54165962 -17.61751464 63.92464010
v 165.54165962 -19.35013824 63.15582665
v 165.54165962 -21.04725245 62.30014359
v 165.54165962 -22.70979058 61.35873218
v 165.54165962 -24.33781962 60.33282430
v 165.54165962 -25.93068324 59.22373176
v 165.54165962 -27.48710086 58.03283341
v 167.07597965 -3.93462669 65.61459601
v 167.07597965 -6.19074162 65.47853207
v 167.07597965 -8.29094404 65.25197516
v 167.07597965 -10.29454323 64.93524855
v 167.07597965 -12.22771474 64.52880247
v 167.07597965 -14.10481155 64.03321157
v 167.07597965 -15.93452490 63.44917179
v 8.66235229 -6.17314457 33.96650954
v 8.65616708 -6.06656515 33.96893390
v 8.61302976 -4.38539616 33.98326904
v 8.60697977 -4.16310583 33.98557481
v 8.59350733 -0.68214161 33.98966000
v 8.59128016 -0.13643249 33.99043828
v 9.62425707 -12.58903848 33.61845999
v 9.58010078 -12.45282389 33.63659923
v 9.39145415 -11.70909769 33.70601387
v 9.28946875 -11.31986424 33.74632618
v 9.18581953 -10.78978042 33.78223926
v 9.05669828 -10.15475396 33.83106235
v 9.00807873 -9.81420205 33.84677587
v 8.87542442 -8.92660172 33.89445080
v 8.85919203 -8.75819386 33.89929176
v 8.73671056 -7.52616664 33.94074111
v 8.74058441 -7.59030220 33.93952465
v 8.74026367 -7.58470107 33.93961188
v 10.54718765 -14.97496470 33.28173346
v 10.42296409 -14.71980876 33.32926368
v 10.21005786 -14.19702308 33.40388757
v 9.75377706 -12.99909058 33.56826644
v 9.95283958 -13.57885158 33.49894907
v 9.89736460 -13.41400976 33.51735256
v 11.77519577 -17.18416032 32.86005944
v 11.74261169 -17.13565175 32.87166471
v 11.33761684 -16.45094157 33.00705829
v 10.78005113 -15.46075376 33.19627267
v 11.00648002 -15.89741111 33.12179494
v 10.92054009 -15.72993874 33.14924827
v 12.77774508 -18.56988338 32.54677297
v 11.81551116 -17.24457174 32.84608052
v 12.69213237 -18.46257147 32.57437128
v 12.26689653 -17.86947938 32.70415643
v 12.86013355 -18.67348973 32.52077813
v 13.33867922 -19.23082927 32.38440615
v 14.54949567 -20.53577440 32.06102909
v 13.91389264 -19.90341969 32.22434990
v 13.92215305 -19.91238120 32.22230813
v 13.91742983 -19.90724668 32.22346223
v 15.89088663 -21.78522575 31.74726473
v 14.97676075 -20.96082606 31.95319342
v 15.59486500 -21.53104900 31.81534748
v 15.20354905 -21.16980707 31.90194629
v 16.04870819 -21.92059690 31.71146234
v 16.61731789 -22.37246243 31.59704116
v 18.14574933 -23.51714170 31.31979961
v 17.12970326 -22.77947765 31.49556419
v 17.95011332 -23.38160918 31.35430611
v 17.36733178 -22.95384189 31.45410207
v 18.21971223 -23.56828459 31.30691032
v 19.01274216 -24.03399802 31.15462565
v 19.31869939 -24.21277130 31.09595540
v 19.93330802 -24.52559035 30.96054054
v 20.42662705 -24.77667029 30.85041788
v 20.83092180 -25.00623129 30.79042128
v 22.47237894 -25.95773023 30.62267322
v 21.54345551 -25.41774275 30.68266360
v 21.96141047 -25.66926752 30.65616330
v 21.66664716 -25.49071213 30.67481171
v 22.66914312 -26.07021324 30.60896811
v 23.30826320 -26.39713519 30.57971126
v 23.80364626 -26.65429516 30.55588200
v 24.16470052 -26.81958539 30.54608994
v 25.95903636 -27.58537040 30.51408303
v 24.94691935 -27.18388007 30.52426487
v 25.39689584 -27.36814217 30.52015523
v 25.04255361 -27.22243208 30.52335100
v 26.09891487 -27.63998957 30.51218004
v 26.91289040 -27.91156553 30.51732089
v 27.25958337 -28.02878331 30.51908455
v 27.89792228 -28.20745582 30.53352051
v 28.42887347 -28.35860577 30.54561435
v 28.92016000 -28.46754817 30.56274889
v 29.60673188 -28.62325904 30.58769408
v 29.98882869 -28.68448301 30.60108457
v 30.79310342 -28.81719568 30.63099429
v 31.10730684 -28.85327478 30.63768579
v 31.98793102 -28.95786828 30.65830105
v 32.25945585 -28.97890140 30.66189161
v 33.19115571 -29.05332461 30.67546941
v 33.43629895 -29.06382325 30.67702786
v 34.40271670 -29.10609630 30.68371249
v 34.63610418 -29.11352228 30.68417147
v 35.62255133 -29.14523552 30.68626541
v 35.85309775 -29.15236384 30.68650246
v 36.85059510 -29.18345008 30.68761133
v 37.08013786 -29.19055460 30.68783165
v 38.08678170 -29.22194190 30.68887625
v 38.31545817 -29.22902032 30.68906529
v 39.33104302 -29.26067115 30.68997487
v 39.55931650 -29.26764719 30.68989173
v 40.58330914 -29.29912884 30.68957032
v 40.81238496 -29.30612012 30.68829844
v 41.84350839 -29.33784438 30.68269578
v 42.07380098 -29.34489526 30.68009937
v 43.11156732 -29.37695105 30.66855369
v 43.34337460 -29.38408783 30.66467220
v 44.38741076 -29.41652696 30.64736222
v 44.62099613 -29.42377320 30.64223102
v 45.67096179 -29.45665263 30.61935298
v 45.90654747 -29.46403126 30.61300687
v 46.96214179 -29.49741070 30.58477080
v 47.19990696 -29.50494396 30.57724527
v 48.26087047 -29.53888589 30.54387370
v 48.50094952 -29.54659532 30.53520612
v 49.56706584 -29.58116493 30.49693291
v 49.80954672 -29.58907127 30.48716366
v 50.88064425 -29.62433650 30.44423284
v 51.12556697 -29.63245960 30.43340634
v 52.20152045 -29.66849121 30.38607100
v 52.44887565 -29.67684986 30.37423668
v 53.52960753 -29.71372147 30.32275801
v 53.77933524 -29.72233328 30.30997107
v 54.86481701 -29.76012151 30.25461746
v 55.11680552 -29.76900265 30.24093961
v 56.20705882 -29.80778723 30.18198587
v 56.46114371 -29.81695224 30.16748585
v 57.55624133 -29.85681618 30.10521253
v 57.81220852 -29.86627594 30.08996451
v 58.91227137 -29.90729772 30.02464999
v 59.16999984 -29.91701972 30.00866609
v 60.27505426 -29.95908150 29.94034942
v 60.53512585 -29.96950215 29.92356594
v 61.64449383 -30.01431829 29.85218227
v 61.90815050 -30.02577997 29.83467628
v 63.02049241 -30.07447274 29.76100884
v 63.28801263 -30.08699949 29.74289511
v 64.40295089 -30.13951350 29.66756889
v 64.67398487 -30.15303655 29.64895137
v 65.79176873 -30.20908396 29.57231260
v 66.06585531 -30.22352005 29.55330762
v 67.18684398 -30.28280915 29.47569775
v 67.46341906 -30.29806038 29.45643280
v 68.58807329 -30.36029559 29.37818927
v 68.86722904 -30.37593567 29.35840353
v 69.99535197 -30.43944717 29.27862892
v 70.28053175 -30.45530141 29.25662252
v 71.40857397 -30.51863544 29.17006575
v 71.70451041 -30.53519098 29.14445717
v 72.82763193 -30.59887412 29.04798402
v 73.13599600 -30.61641283 29.01879149
v 74.25241718 -30.68078312 28.91383511
v 74.57303172 -30.69922888 28.88100504
v 75.68281981 -30.76396206 28.76811075
v 76.01528263 -30.78321218 28.73163341
v 77.11872865 -30.84799343 28.61131338
v 77.46242114 -30.86791894 28.57122767
v 78.56003130 -30.93244258 28.44395569
v 78.91412837 -30.95288931 28.40035246
v 80.00661417 -31.01685769 28.26656005
v 80.37009534 -31.03764815 28.21958419
v 81.45836251 -31.10076983 28.07965800
v 81.83002429 -31.12170574 28.02950910
v 82.91516042 -31.18369297 27.88378968
v 83.29362975 -31.20455855 27.83072144
v 84.37689086 -31.26512397 27.67950320
v 84.76063973 -31.28568995 27.62382161
v 85.84343574 -31.34454268 27.46735408
v 86.23079677 -31.36457080 27.40941442
v 87.31467586 -31.42141194 27.24790455
v 87.70385890 -31.44066012 27.18810732
v 88.79049099 -31.49517766 27.02172293
v 89.17960066 -31.51340559 26.96050874
v 90.27075991 -31.56526889 26.78938293
v 90.65781395 -31.58224398 26.72722652
v 91.75536039 -31.63109788 26.55146294
v 92.13830890 -31.64660150 26.48886639
v 93.24416923 -31.69206015 26.30854531
v 93.62091463 -31.70589410 26.24603061
v 94.73706233 -31.74753461 26.06121562
v 95.10548003 -31.75952756 25.99931662
v 96.23391466 -31.79688364 25.81006193
v 96.59187441 -31.80689751 25.74931591
v 97.73460031 -31.83945317 25.55567399
v 98.08109884 -31.84691193 25.49593932
v 99.23899254 -31.87253712 25.29668577
v 99.58317154 -31.87556556 25.23304442
v 100.74696377 -31.88760582 25.01919448
v 101.12074034 -31.89250728 24.94156673
v 102.25838564 -31.91076462 24.70774233
v 102.68741845 -31.92342244 24.61278292
v 103.77312901 -31.95931237 24.37505727
v 104.25535101 -31.98197263 24.26338838
v 105.29106402 -32.03477626 24.02607747
v 105.81816090 -32.06832572 23.89944660
v 106.81206009 -32.13594035 23.66313972
v 107.37434449 -32.18059278 23.52402994
v 108.33598597 -32.26149911 23.28852381
v 108.93327045 -32.31308606 23.13291945
v 109.86270975 -32.39806031 22.89317259
v 110.48939088 -32.46559224 22.72336070
v 111.39209892 -32.56894647 22.48070229
v 112.00246800 -32.64927768 22.31824034
v 112.92402035 -32.77702442 22.07451316
v 113.48199382 -32.85814314 21.92582798
v 114.45834038 -33.00716677 21.66718654
v 114.94706604 -33.08363315 21.53670206
v 115.99492479 -33.25544475 21.25848423
v 116.40045333 -33.32293025 21.15050868
v 117.53363887 -33.52025998 20.85035326
v 117.84200167 -33.57428558 20.76884873
v 119.07434745 -33.79994544 20.44469587
v 119.27165895 -33.83601087 20.39316108
v 122.10184391 -34.37960810 19.66238794
v 120.61691489 -34.09276072 20.04336877
v 121.42745986 -34.25210268 19.83591217
v 120.68946050 -34.10648055 20.02473153
v 122.16120517 -34.39121089 19.64711091
v 123.51121175 -34.65202411 19.30656337
v 123.70708187 -34.69111787 19.25710774
v 124.91099684 -34.92699554 18.96077917
v 125.25440821 -34.99646714 18.87610801
v 126.30159587 -35.20298797 18.62584333
v 126.80304712 -35.30505172 18.50569940
v 127.68346504 -35.47849938 18.30245851
v 128.35286119 -35.61455384 18.14740581
v 129.06388074 -35.74995062 17.98654310
v 129.90371280 -35.91537331 17.79609898
v 130.45404094 -36.01309783 17.66868150
v 131.45546407 -36.19850408 17.43723600
v 131.85820185 -36.26703602 17.34104343
v 133.00797693 -36.47240169 17.06764890
v 133.26720812 -36.51599140 17.00523841
v 136.07708908 -37.00561447 16.32848587
v 134.56111313 -36.74489377 16.69520494
v 135.68692664 -36.94103513 16.42342361
v 134.67173992 -36.76326212 16.66837857
v 5.75852635 -0.09253927 84.36960689
v 5.75870522 -0.11180915 84.36957894
v 5.76769862 -1.09278412 84.36820247
v 5.76853269 -1.11226368 84.36807211
v 5.79530277 -1.74480400 84.36397222
v 5.79819373 -1.78045225 84.36352013
v 5.84160300 -2.32176130 84.35686483
v 5.84929163 -2.38517525 84.35566131
v 5.90704713 -2.86669512 84.34679334
v 5.92381728 -2.97083954 84.34415219
v 5.99227239 -3.40029165 84.33361659
v 6.02423717 -3.56091124 84.32854677
v 6.09810129 -3.93572202 84.31707647
v 6.15360346 -4.17253692 84.30825197
v 6.22563323 -4.48281692 84.29699096
v 6.31576763 -4.82085127 84.28262598
v 6.37623978 -5.04971629 84.27314309
v 6.51554783 -5.52085838 84.25079660
v 6.55155221 -5.64366687 84.24512732
v 6.73027634 -6.19931368 84.21620702
v 6.75506420 -6.27119132 84.21209436
v 6.76376818 -6.29455412 84.21062921
v 7.00125861 -6.93622749 84.17107695
v 7.11174659 -7.21582270 84.15230038
v 7.28136194 -7.64768453 84.12377501
v 7.54211394 -8.27478701 84.07927108
v 7.59916129 -8.41277602 84.06961980
v 7.72887115 -8.71116808 84.04729469
v 7.97236275 -9.23539697 84.00432639
v 8.16064242 -9.62323103 83.97044273
v 8.40292586 -10.12419003 83.92729310
v 8.73671056 -10.78725012 83.86631645
v 8.89783013 -11.08787074 83.83594430
v 9.11941503 -11.48615930 83.79353494
v 9.47803514 -12.13228904 83.72533372
v 9.75377706 -12.61207524 83.67169415
v 10.15463457 -13.26827724 83.59163105
v 10.78005113 -14.25796966 83.46522805
v 10.94722148 -14.50719664 83.43062762
v 11.81551116 -15.75980032 83.24887027
v 11.88828149 -15.85873880 83.23334385
v 12.86013355 -17.13787447 83.02382488
v 13.01867638 -17.33450964 82.98903878
v 13.91389264 -18.40908522 82.79137943
v 14.39134257 -18.94864868 82.68433302
v 14.97676075 -19.58870960 82.55237330
v 16.00515127 -20.64564824 82.31748036
v 16.04870819 -20.69049053 82.30755005
v 16.07716610 -20.71799173 82.30098559
v 17.12970326 -21.70117223 82.05731490
v 18.21539250 -22.65045235 81.80349323
v 18.21971223 -22.65409950 81.80248058
v 18.22299738 -22.65668656 81.80170439
v 19.31869939 -23.52196467 81.54328125
v 20.01929383 -24.00740650 81.37693111
v 20.42662705 -24.29143828 81.28037845
v 21.49195569 -24.91909886 81.02637901
v 21.54345551 -24.94845497 81.01409153
v 21.55838178 -24.95620873 81.01051768
v 22.66914312 -25.54090736 80.74478272
v 22.98508152 -25.69159688 80.66907654
v 23.80364626 -26.08692309 80.47298639
v 24.38996458 -26.34157978 80.33254596
v 24.94691935 -26.58626928 80.19909209
v 25.77586391 -26.91147319 80.00087007
v 26.09891487 -27.03950699 79.92353984
v 27.14617145 -27.40677124 79.67388045
v 27.25958337 -27.44688692 79.64679477
v 27.97234465 -27.66580782 79.47770091
v 28.42887347 -27.80113659 79.36948150
v 28.49341565 -27.81728636 79.35426301
v 29.60673188 -28.09566173 79.09192861
v 29.81036060 -28.13653893 79.04184815
v 30.79310342 -28.32872925 78.80803213
v 31.10536724 -28.38254188 78.72603536
v 31.98793102 -28.53000146 78.50302780
v 32.41379743 -28.59210203 78.38615914
v 33.19115571 -28.70264351 78.17882444
v 33.73996045 -28.76878909 78.02226859
v 34.40271670 -28.84707211 77.83766174
v 35.08228935 -28.92568505 77.63910881
v 35.62255133 -28.98733380 77.48375215
v 36.43946265 -29.08303658 77.24059934
v 36.85059510 -29.13069029 77.11966089
v 37.80982177 -29.24375122 76.83149675
v 38.08678170 -29.27619889 76.74875935
v 39.19186985 -29.40662779 76.41597595
v 39.33104302 -29.42301180 76.37410596
v 40.57938107 -29.56968085 75.99989510
v 40.58330914 -29.57010874 75.99871904
v 40.58371951 -29.57015223 75.99859965
v 41.84350839 -29.70501259 75.62657496
v 41.97205322 -29.71827102 75.59009366
v 43.11156732 -29.83743710 75.26049420
v 43.36404938 -29.86251014 75.19166798
v 44.38741076 -29.96627484 74.90489043
v 44.75783736 -30.00160151 74.80833064
v 45.67096179 -30.09092392 74.56232551
v 46.15146606 -30.13424508 74.44524418
v 46.96214179 -30.20973973 74.23927154
v 47.54261537 -30.25887882 74.10855384
v 48.26087047 -30.32213194 73.93831516
v 48.92939469 -30.37431593 73.80308734
v 49.56706584 -30.42653093 73.66572632
v 50.30883383 -30.47854531 73.53667981
v 50.88064425 -30.52097833 73.42926943
v 51.67849282 -30.57001141 73.31555219
v 52.20152045 -30.60424941 73.23402920
v 53.03575750 -30.64705150 73.14633541
v 53.52960753 -30.67413845 73.08880222
v 54.37673832 -30.70704188 73.03915389
v 54.86481701 -30.72748310 73.00602313
v 55.70278036 -30.75144255 72.98814992
v 56.20705882 -30.76650293 72.97603398
v 57.01811148 -30.78389376 72.97829902
v 57.55624133 -30.79563596 72.97992949
v 58.32527723 -30.80667705 73.00083696
v 58.91227137 -30.81492081 73.01820581
v 59.62364663 -30.81966142 73.05708369
v 60.27505426 -30.82338223 73.09553976
v 60.91252888 -30.82409981 73.14848159
v 61.64449383 -30.82357075 73.21499085
v 62.19104404 -30.82139356 73.27693374
v 63.02049241 -30.81587054 73.38024009
v 63.45818551 -30.81137976 73.44461927
v 64.40295089 -30.79804734 73.59861650
v 64.71253364 -30.79281010 73.65476256
v 67.17849128 -30.72592231 74.20998799
v 65.79176873 -30.76898674 73.87324815
v 67.12158446 -30.72832336 74.19606496
v 65.95335658 -30.76499855 73.90861502
v 67.18684398 -30.72548920 74.21231362
v 68.37759942 -30.66104402 74.55895747
v 68.58807329 -30.64707357 74.62921089
v 69.55814645 -30.58189036 74.95960538
v 69.99535197 -30.54593847 75.13133784
v 70.71768727 -30.48658205 75.41505349
v 71.40857397 -30.41736016 75.72972691
v 71.85346343 -30.37307221 75.92963569
v 74.03147810 -30.06790745 77.15974659
v 72.82763193 -30.25443294 76.44299443
v 73.38379845 -30.17794673 76.76404909
v 72.96165807 -30.23858075 76.51131691
v 74.25241718 -30.02353120 77.31627055
v 75.06727142 -29.86602190 77.86977782
v 77.06471055 -29.40399177 79.45003235
v 75.68281981 -29.72970980 78.34306512
v 76.95416648 -29.43473625 79.35601746
v 76.07817326 -29.64493414 78.63565499
v 77.11872865 -29.38754505 79.50015671
v 78.01296277 -29.12159212 80.30529378
v 79.84994015 -28.50840334 82.12351228
v 78.56003130 -28.94593940 80.83641554
v 79.60089144 -28.60377754 81.86308907
v 78.94273122 -28.82524826 81.19843709
v 80.00661417 -28.44530816 82.29596105
v 80.72549736 -28.15807284 83.07311464
v 82.41866898 -27.40611425 85.03285405
v 81.45836251 -27.85193131 83.90296108
v 81.76916361 -27.71976320 84.25720489
v 81.58739782 -27.79825573 84.04659680
v 84.02810223 -26.57244903 87.04545240
v 82.91516042 -27.15930768 85.64443159
v 83.62955882 -26.79889689 86.52831737
v 83.23464665 -27.00035166 86.03373385
v 85.52732418 -25.63397023 89.14477110
v 84.37689086 -26.36460451 87.52105221
v 85.23151610 -25.84559900 88.69499202
v 84.79412252 -26.11801455 88.07809391
v 86.88290759 -24.56346588 91.35623805
v 85.84343574 -25.39792968 89.64719452
v 86.54959303 -24.85899920 90.77254197
v 86.22205622 -25.11394886 90.23998693
v 88.67996439 -22.74612558 94.77849052
v 88.61605239 -22.82326213 94.64348942
v 88.10664759 -23.37433420 93.63048702
v 87.31467586 -24.16988161 92.13331226
v 87.66023252 -23.84892028 92.75602427
v 87.51445604 -23.98632091 92.48965281
v 90.22423964 -20.71686823 98.17360950
v 90.20276230 -20.74932762 98.12329376
v 89.72877902 -21.40843682 97.05038689
v 88.79049099 -22.61089095 95.01445681
v 89.45338259 -21.78777307 96.43001510
v 89.21528928 -22.08580965 95.91878853
v 91.56010491 -18.53793341 101.38381659
v 91.48913825 -18.67305404 101.19938146
v 91.13419787 -19.27710318 100.33297641
v 90.27075991 -20.64600764 98.28288762
v 90.87790310 -19.70949736 99.70890649
v 90.68855849 -20.00314859 99.26361465
v 92.96438664 -15.39665072 105.31032890
v 92.89878815 -15.58687217 105.10101810
v 92.65354237 -16.20569181 104.37337537
v 92.49286446 -16.61012222 103.89396324
v 92.31653689 -16.99953170 103.40475651
v 91.75536039 -18.16345022 101.89162448
v 92.02567216 -17.63946609 102.59447758
v 91.95431838 -17.77844390 102.40907475
v 94.49053029 -8.22764736 110.79041188
v 94.47551316 -8.40943284 110.72714927
v 94.38363661 -9.22119662 110.35300143
v 94.35550253 -9.47145794 110.23670155
v 94.25381414 -10.17344357 109.83294806
v 94.20557422 -10.50724829 109.63933900
v 94.10048343 -11.09453846 109.23658146
v 94.02329571 -11.52818364 108.93647358
v 93.92374120 -11.99146244 108.56969984
v 93.80584225 -12.54212754 108.12971492
v 93.72297287 -12.86835474 107.83881734
v 93.54949738 -13.55459529 107.22106065
v 93.49814237 -13.72819877 107.04989508
v 93.24416923 -14.58518019 106.19578759
v 93.24957717 -14.56936771 106.21289908
v 93.24854705 -14.57237695 106.20966685
v 136.08816844 -37.01971897 16.33804851
v 137.24906530 -38.55529703 17.54756591
v 137.09268053 -38.38658118 17.38878736
v 136.84002524 -38.06953419 17.13450369
v 136.55618955 -37.71106645 16.83831189
v 136.11473431 -37.05940680 16.36687787
v 136.44904581 -37.55433104 16.72755978
v 136.45962618 -37.56994622 16.73863275
v 139.07174738 -40.18499629 19.29372084
v 138.99946810 -40.13725787 19.22589046
v 138.59203813 -39.81636409 18.84423561
v 138.31319279 -39.59898922 18.57925584
v 138.12579010 -39.42641951 18.40186672
v 137.66870197 -39.00751166 17.96124060
v 137.67662185 -39.01598099 17.96897256
v 137.67443863 -39.01363925 17.96687616
v 140.62322969 -41.11977256 20.72789470
v 140.53678120 -41.07963897 20.64823241
v 140.09288194 -40.82753766 20.23922356
v 139.22287755 -40.28611674 19.43413401
v 139.73955616 -40.63040957 19.91292661
v 139.57362168 -40.51862101 19.75974717
v 141.75068035 -41.62064759 21.77045582
v 140.77712245 -41.19257329 20.86983573
v 141.39700748 -41.48493277 21.44263763
v 141.17810986 -41.38025140 21.23971001
v 143.58652123 -42.22640465 23.50901089
v 143.35759786 -42.17052789 23.28865891
v 142.95341856 -42.04187246 22.90092765
v 142.33129803 -41.84825902 22.31267861
v 142.33166133 -41.84840103 22.31301934
v 142.33152712 -41.84834777 22.31289252
v 144.95903506 -42.54006906 24.87300181
v 143.88526569 -42.30083668 23.80224864
v 144.51585219 -42.45709936 24.42511477
v 144.25073105 -42.39056630 24.15995429
v 146.60743958 -42.81762530 26.63382554
v 145.43888687 -42.63137197 25.37133303
v 145.91056759 -42.72042421 25.86454232
v 145.69174805 -42.67872913 25.63215397
v 146.99202307 -42.87153576 27.07085261
v 147.59633640 -42.95502392 27.74934355
v 149.52399841 -43.12921174 29.98505649
v 148.54453593 -43.08664373 28.83656965
v 148.62142351 -43.09720178 28.92483741
v 148.57329544 -43.09058190 28.86931126
v 151.35370958 -43.15226048 32.17579345
v 150.09628720 -43.14915755 30.66561202
v 151.00299462 -43.17959606 31.74539736
v 150.46117586 -43.16155073 31.09682256
v 153.00396912 -42.99711747 34.23975981
v 151.64713881 -43.12842442 32.54068785
v 152.80367823 -43.03335420 33.98115384
v 152.18902921 -43.08486742 33.21066097
v 154.54822745 -42.68821410 36.27351779
v 153.19695288 -42.96095525 34.49235332
v 154.36637272 -42.74126480 36.02481889
v 153.78526320 -42.85235185 35.25808360
v 155.99797245 -42.22321931 38.30235849
v 154.74559179 -42.62869218 36.54701704
v 155.75511197 -42.32419977 37.94803306
v 155.28300084 -42.46915866 37.28804317
v 157.35602024 -41.59564832 40.33949172
v 156.29291813 -42.09661599 38.73796649
v 156.99998403 -41.79388057 39.78250933
v 156.68843802 -41.92966936 39.31904240
v 159.22793905 -40.34368088 43.41027418
v 159.13273612 -40.42612672 43.24379031
v 158.62351673 -40.79851958 42.38881970
v 157.83879483 -41.31859996 41.10285780
v 158.11862772 -41.15857853 41.54538484
v 158.00264551 -41.22604801 41.36091194
v 160.92069709 -38.69811511 46.44881684
v 160.91814161 -38.70126698 46.44388411
v 160.37344131 -39.28248183 45.44397502
v 159.38308511 -40.20615357 43.68230281
v 160.06374169 -39.60569970 44.87580863
v 159.81000435 -39.83291267 44.43005881
v 162.42637018 -36.64163560 49.42307927
v 162.40934019 -36.67070763 49.38644074
v 161.94191023 -37.36666647 48.44181201
v 160.92565255 -38.69187744 46.45836555
v 161.69710077 -37.72416178 47.94471341
v 161.44002170 -38.05122772 47.45021116
v 163.73665540 -34.14138459 52.31487344
v 163.64381326 -34.35910404 52.08972736
v 163.31927704 -35.02044290 51.36299040
v 162.46636113 -36.57229032 49.50831919
v 163.05638707 -35.54904428 50.76630167
v 162.88280423 -35.85374527 50.39853437
v 165.47023709 -28.92586921 56.86992702
v 165.45514802 -28.99399043 56.82028563
v 165.16761896 -30.07446823 55.99394740
v 165.07670285 -30.41951490 55.72149697
v 164.84339071 -31.17020445 55.09824309
v 164.65099084 -31.79103952 54.56665171
v 164.49796528 -32.21450870 54.18448523
v 164.00507521 -33.50673581 52.95315682
v 164.17457517 -33.10505277 53.35673083
v 164.13124925 -33.20855611 53.25491980
v 167.01879527 -17.65245139 62.84562777
v 167.01534856 -17.71818977 62.82282739
v 166.90012112 -19.25913915 62.23751529
v 166.88679019 -19.45667077 62.15927287
v 166.76115345 -20.80808948 61.58147978
v 166.73164705 -21.15368038 61.42753940
v 166.60126713 -22.30031619 60.88184015
v 166.54694822 -22.80932094 60.62994962
v 166.41963552 -23.73611575 60.14318485
v 166.32968429 -24.42284125 59.76871828
v 166.21622136 -25.11642119 59.36897568
v 166.07761988 -25.99289599 58.84534621
v 165.99077043 -26.44175021 58.56283265
v 165.54165962 -28.60998941 57.09253852
v 165.78738465 -27.51746037 57.86195645
v 165.74296848 -27.71251844 57.72832843
v 167.40271157 -1.76451608 65.39669173
v 167.39892911 -3.92649700 65.36392926
v 167.39542575 -4.40184179 65.33866953
v 167.38371617 -6.18761607 65.24005281
v 167.37790825 -6.60590830 65.20052133
v 167.35807184 -8.29209768 65.03394825
v 167.35049659 -8.65484994 64.98383485
v 167.32043149 -10.29887572 64.74701570
v 167.31163027 -10.59917231 64.69213941
v 167.26963090 -12.23367705 64.38040113
v 167.26067595 -12.46202299 64.32834344
v 167.20363409 -14.11033794 63.93595999
v 167.19629831 -14.25516316 63.89631576
v 167.07597965 -16.68573945 63.16694192
v 167.11974382 -15.93694159 63.41606286
v 167.11669026 -15.98474519 63.40077180
v 136.07897871 -37.00594015 16.32802560
v 0.00001252 0.00009979 54.99996900
v 0.00001280 0.00009979 54.99998730
v 0.00001313 0.00009978 54.99999942
v 0.00001352 0.00009977 55.00001038
v 0.00001396 0.00009977 55.00002094
v 0.00001445 0.00009976 55.00003143
v 0.00001499 0.00009975 55.00004207
v 0.00001560 0.00009974 55.00005302
v 0.00001627 0.00009973 55.00006443
v 0.00001702 0.00009972 55.00007640
v 0.00001784 0.00009970 55.00008908
v 0.00001875 0.00009969 55.00010257
v 0.00001976 0.00009967 55.00011703
v 0.00002087 0.00009965 55.00013259
v 0.00002211 0.00009963 55.00014941
v 0.00002348 0.00009961 55.00016768
v 0.00002500 0.00009958 55.00018762
v 0.00002671 0.00009956 55.00020947
v 0.00002862 0.00009952 55.00023355
v 0.00003078 0.00009949 55.00026024
v 0.00003323 0.00009945 55.00029002
v 0.00003603 0.00009940 55.00032354
v 0.00003927 0.00009935 55.00036167
v 0.00004307 0.00009928 55.00040562
v 0.00004760 0.00009921 55.00045719
v 0.00005314 0.00009911 55.00051909
v 0.00006010 0.00009900 55.00059572
v 0.00006925 0.00009885 55.00069473
v 0.00008199 0.00009863 55.00083072
v 0.00010147 0.00009831 55.00103582
v 0.00013631 0.00009773 55.00139897
v 0.00022440 0.00009626 55.00231052
v 0.00006684 0.00009889 54.99946860
v 0.00004551 0.00009924 54.99963869
v 0.00003637 0.00009939 54.99971190
v 0.00003105 0.00009948 54.99975487
v 0.00002748 0.00009954 54.99978392
v 0.00002490 0.00009959 54.99980526
v 0.00002292 0.00009962 54.99982182
v 0.00002135 0.00009964 54.99983519
v 0.00002008 0.00009967 54.99984630
v 0.00001902 0.00009968 54.99985575
v 0.00001812 0.00009970 54.99986396
v 0.00001736 0.00009971 54.99987119
v 0.00001670 0.00009972 54.99987766
v 0.00001613 0.00009973 54.99988351
v 0.00001562 0.00009974 54.99988886
v 0.00001518 0.00009975 54.99989381
v 0.00001479 0.00009975 54.99989842
v 0.00001445 0.00009976 54.99990275
v 0.00001414 0.00009976 54.99990687
v 0.00001388 0.00009977 54.99991081
v 0.00001364 0.00009977 54.99991461
v 0.00001343 0.00009978 54.99991831
v 0.00001325 0.00009978 54.99992195
v 0.00001309 0.00009978 54.99992556
v 0.00001295 0.00009978 54.99992918
v 0.00001283 0.00009979 54.99993286
v 0.00001274 0.00009979 54.99993667
v 0.00001266 0.00009979 54.99994069
v 0.00001260 0.00009979 54.99994504
v 0.00001256 0.00009979 54.99994998
v 0.00001253 0.00009979 54.99995611
v 0.93356524 -0.01535119 64.62271696
v 1.87621337 -0.03074714 69.82460409
v 0.93356524 -0.01535118 47.57420937
v 0.93361314 -0.01535196 47.57405607
v 1.87644001 -0.03075084 69.82585462
v 2.82845875 -0.04611202 74.08131099
v 1.87644001 -0.03075085 44.55656341
v 1.87647965 -0.03075148 44.55646876
v 2.82862121 -0.04611464 74.08203712
v 3.78996922 -0.06145728 77.81442715
v 2.82862121 -0.04611465 42.28323279
v 2.82865602 -0.04611521 42.28316478
v 3.79010370 -0.06145942 77.81494921
v 4.76076217 -0.07680141 81.19626378
v 3.79010370 -0.06145944 40.40406467
v 3.79013526 -0.06145994 40.40401198
v 4.76088025 -0.07680327 81.19667505
v 5.74083450 -0.09216385 84.31745201
v 4.76088025 -0.07680330 38.78313146
v 4.76090946 -0.07680375 38.78308878
v 5.74094158 -0.09216553 84.31779297
v 5.74094431 -0.09216557 84.31780100
v 5.74094158 -0.09216556 37.35069195
v 5.74096899 -0.09216598 37.35065634
v 6.73027634 -0.10756687 36.06537695
v 6.73030235 -0.10756727 36.06534661
v 7.72887115 -0.12302919 34.90032815
v 7.72889601 -0.12302958 34.90030193
v 94.73706233 -7.36196179 111.01653363
v 94.80826129 -7.36205901 110.98521463
v 94.72258659 -7.36180448 111.02264353
v 97.72646156 -7.34413583 109.67348410
v 96.23391466 -7.36320152 110.35597692
v 97.46325204 -7.34768301 109.79442866
v 96.27159924 -7.36274719 110.33881974
v 97.73460031 -7.34402419 109.66973661
v 99.17388371 -7.30485074 108.98883560
v 99.23899254 -7.30306239 108.95796919
v 100.61290029 -7.24795275 108.29317216
v 100.74696377 -7.24253931 108.22815911
v 102.03850509 -7.18141501 107.59378729
v 102.25838564 -7.17093422 107.48548825
v 103.45126921 -7.10743398 106.89411702
v 103.77312901 -7.09016709 106.73401546
v 104.85287623 -7.02672579 106.19659152
v 105.29106402 -7.00076751 105.97762548
v 106.24499208 -6.93981824 105.50342751
v 106.81206009 -6.90327581 105.22025595
v 107.62917683 -6.84718839 104.81673453
v 108.33598597 -6.79824453 104.46590067
v 109.00687865 -6.74927287 104.13856171
v 109.86270975 -6.68623951 103.71861172
v 110.37938429 -6.64643712 103.46561308
v 111.39209892 -6.56778085 102.96697303
v 111.74796967 -6.53911094 102.78790232
v 112.92402035 -6.44355589 102.19260975
v 113.11376390 -6.42768086 102.09469573
v 115.84523182 -6.19103862 100.64576972
v 114.45834038 -6.31417417 101.39638715
v 114.62752403 -6.29944192 101.30648014
v 114.47775642 -6.31249742 101.38613179
v 115.99492479 -6.17767464 100.56424005
v 117.21271398 -6.06639834 99.88877938
v 117.53363887 -6.03698496 99.71004189
v 118.58045232 -5.93932308 99.11757886
v 119.07434745 -5.89309841 98.83681173
v 119.94941508 -5.81015971 98.33230236
v 120.61691489 -5.74668356 97.94565209
v 121.32186758 -5.67911018 97.53206173
v 122.16120517 -5.59839172 97.03731275
v 122.69929700 -5.54646821 96.71652162
v 123.70708187 -5.44891263 96.11294355
v 124.08231522 -5.41263076 95.88598131
v 125.25440821 -5.29895106 95.17383644
v 125.47121460 -5.27804209 95.04098631
v 128.28182850 -5.00678148 93.29381447
v 126.80304712 -5.14921740 94.22131177
v 127.45778450 -5.08636907 93.81390282
v 126.86621649 -5.14316946 94.18215528
v 128.35286119 -4.99991949 93.24892710
v 129.71365377 -4.87011588 92.38202075
v 129.90371280 -4.85198256 92.26079637
v 131.15088264 -4.72953293 91.45996890
v 131.45546407 -4.69962247 91.26416416
v 132.59327526 -4.57940529 90.52879121
v 133.00797693 -4.53558140 90.26046116
v 134.04103160 -4.41998477 89.58935460
v 134.56111313 -4.36177913 89.25111532
v 135.49432012 -4.25270221 88.63920444
v 136.11473431 -4.18017470 88.23195294
v 136.95328107 -4.07903504 87.66974410
v 137.66870197 -3.99273363 87.18958374
v 138.41803146 -3.90050312 86.67684153
v 139.22287755 -3.80142601 86.12555621
v 139.88861281 -3.71867759 85.66182539
v 140.77712245 -3.60822489 85.04231487
v 141.36481859 -3.53520423 84.62661261
v 142.33129803 -3.41510477 83.94232095
v 142.84679599 -3.35172800 83.57291439
v 143.88526569 -3.22403928 82.82802960
v 144.33473701 -3.16993265 82.50245527
v 145.43888687 -3.03699974 81.70189890
v 145.82881693 -2.99155076 81.41702144
v 146.99202307 -2.85595346 80.56638981
v 147.32919655 -2.81836554 80.31846241
v 148.54453593 -2.68286198 79.42396390
v 148.83602450 -2.65221242 79.20869217
v 150.09628720 -2.51967935 78.27708103
v 150.34943956 -2.49498028 78.08968995
v 151.64713881 -2.36835038 77.12819707
v 151.86957315 -2.34861263 76.96350049
v 153.19695288 -2.23080894 75.97976163
v 153.39655182 -2.21510866 75.83223401
v 154.74559179 -2.10897621 74.83421580
v 154.93048160 -2.09649491 74.69808006
v 156.29291813 -2.00450356 73.69399480
v 156.47070500 -1.99361583 73.56387639
v 157.83879483 -1.90981634 72.56169388
v 158.01206619 -1.89991212 72.43591684
v 159.38308511 -1.82152768 71.43980093
v 159.55197139 -1.81264723 71.31759792
v 160.92565255 -1.74039938 70.32273149
v 161.09021816 -1.73231336 70.20096273
v 162.46636113 -1.66467935 69.18177764
v 162.62668289 -1.65719749 69.06077535
v 164.00507521 -1.59285452 68.01949718
v 164.16124848 -1.58581250 67.89992186
v 165.54165962 -1.52355200 66.84204558
v 165.69379568 -1.51679688 66.72449155
v 167.07597965 -1.45540938 65.65553432
v 167.22420203 -1.44879685 65.54053472
v 8.59128047 -0.13633250 33.99043825
v 5.75852727 -0.09243929 84.36960675
v 94.56259197 -7.36009762 111.09016171
v 167.40336493 -1.44080198 65.40140616
f 1 3 2
f 1 4 3
f 1 5 4
f 1 6 5
f 1 7 6
f 1 8 7
f 1 9 8
f 1 10 9
f 1 11 10
f 1 12 11
f 1 13 12
f 1 14 13
f 1 15 14
f 1 16 15
f 1 17 16
f 1 18 17
f 1 19 18
f 1 20 19
f 1 21 20
f 1 22 21
f 1 23 22
f 1 24 23
f 1 25 24
f 1 26 25
f 1 27 26
f 1 28 27
f 1 29 28
f 1 30 29
f 1 31 30
f 1 32 31
f 1 33 32
f 1 34 33
f 1 35 34
f 1 36 35
f 1 37 36
f 1 38 37
f 1 39 38
f 1 40 39
f 1 41 40
f 1 42 41
f 1 43 42
f 1 44 43
f 1 45 44
f 1 46 45
f 1 47 46
f 1 48 47
f 1 49 48
f 1 50 49
f 1 51 50
f 1 52 51
f 1 53 52
f 1 54 53
f 1 55 54
f 1 56 55
f 1 57 56
f 1 58 57
f 1 59 58
f 1 60 59
f 1 61 60
f 1 62 61
f 1 63 62
f 1 64 63
f 1 65 64
f 1 66 65
f 2 3 68
f 2 68 67
f 3 4 69
f 3 69 68
f 4 5 70
f 4 70 69
f 5 6 71
f 5 71 70
f 6 7 72
f 6 72 71
f 7 8 73
f 7 73 72
f 8 9 74
f 8 74 73
f 9 10 75
f 9 75 74
f 10 11 76
f 10 76 75
f 11 12 77
f 11 77 76
f 12 13 78
f 12 78 77
f 13 14 79
f 13 79 78
f 14 15 80
f 14 80 79
f 15 16 81
f 15 81 80
f 16 17 82
f 16 82 81
f 17 18 83
f 17 83 82
f 18 19 84
f 18 84 83
f 19 20 85
f 19 85 84
f 20 21 86
f 20 86 85
f 21 22 87
f 21 87 86
f 22 23 88
f 22 88 87
f 23 24 89
f 23 89 88
f 24 25 90
f 24 90 89
f 25 26 91
f 25 91 90
f 26 27 92
f 26 92 91
f 27 28 93
f 27 93 92
f 28 29 94
f 28 94 93
f 29 30 95
f 29 95 94
f 30 31 96
f 30 96 95
f 31 32 97
f 31 97 96
f 32 33 98
f 32 98 97
f 33 34 99
f 33 99 98
f 34 35 100
f 34 100 99
f 35 36 101
f 35 101 100
f 36 37 102
f 36 102 101
f 37 38 103
f 37 103 102
f 38 39 104
f 38 104 103
f 39 40 105
f 39 105 104
f 40 41 106
f 40 106 105
f 41 42 107
f 41 107 106
f 42 43 108
f 42 108 107
f 43 44 109
f 43 109 108
f 44 45 110
f 44 110 109
f 45 46 111
f 45 111 110
f 46 47 112
f 46 112 111
f 47 48 113
f 47 113 112
f 48 49 114
f 48 114 113
f 49 50 115
f 49 115 114
f 50 51 116
f 50 116 115
f 51 52 117
f 51 117 116
f 52 53 118
f 52 118 117
f 53 54 119
f 53 119 118
f 54 55 120
f 54 120 119
f 55 56 121
f 55 121 120
f 56 57 122
f 56 122 121
f 57 58 123
f 57 123 122
f 58 59 124
f 58 124 123
f 59 60 125
f 59 125 124
f 60 61 126
f 60 126 125
f 61 62 127
f 61 127 126
f 62 63 128
f 62 128 127
f 63 64 129
f 63 129 128
f 64 65 130
f 64 130 129
f 65 66 131
f 65 131 130
f 67 68 133
f 67 133 132
f 68 69 134
f 68 134 133
f 69 70 135
f 69 135 134
f 70 71 136
f 70 136 135
f 71 72 137
f 71 137 136
f 72 73 138
f 72 138 137
f 73 74 139
f 73 139 138
f 74 75 140
f 74 140 139
f 75 76 141
f 75 141 140
f 76 77 142
f 76 142 141
f 77 78 143
f 77 143 142
f 78 79 144
f 78 144 143
f 79 80 145
f 79 145 144
f 80 81 146
f 80 146 145
f 81 82 147
f 81 147 146
f 82 83 148
f 82 148 147
f 83 84 149
f 83 149 148
f 84 85 150
f 84 150 149
f 85 86 151
f 85 151 150
f 86 87 152
f 86 152 151
f 87 88 153
f 87 153 152
f 88 89 154
f 88 154 153
f 89 90 155
f 89 155 154
f 90 91 156
f 90 156 155
f 91 92 157
f 91 157 156
f 92 93 158
f 92 158 157
f 93 94 159
f 93 159 158
f 94 95 160
f 94 160 159
f 95 96 161
f 95 161 160
f 96 97 162
f 96 162 161
f 97 98 163
f 97 163 162
f 98 99 164
f 98 164 163
f 99 100 165
f 99 165 164
f 100 101 166
f 100 166 165
f 101 102 167
f 101 167 166
f 102 103 168
f 102 168 167
f 103 104 169
f 103 169 168
f 104 105 170
f 104 170 169
f 105 106 171
f 105 171 170
f 106 107 172
f 106 172 171
f 107 108 173
f 107 173 172
f 108 109 174
f 108 174 173
f 109 110 175
f 109 175 174
f 110 111 176
f 110 176 175
f 111 112 177
f 111 177 176
f 112 113 178
f 112 178 177
f 113 114 179
f 113 179 178
f 114 115 180
f 114 180 179
f 115 116 181
f 115 181 180
f 116 117 182
f 116 182 181
f 117 118 183
f 117 183 182
f 118 119 184
f 118 184 183
f 119 120 185
f 119 185 184
f 120 121 186
f 120 186 185
f 121 122 187
f 121 187 186
f 122 123 188
f 122 188 187
f 123 124 189
f 123 189 188
f 124 125 190
f 124 190 189
f 125 126 191
f 125 191 190
f 126 127 192
f 126 192 191
f 127 128 193
f 127 193 192
f 128 129 194
f 128 194 193
f 129 130 195
f 129 195 194
f 130 131 196
f 130 196 195
f 132 133 198
f 132 198 197
f 133 134 199
f 133 199 198
f 134 135 200
f 134 200 199
f 135 136 201
f 135 201 200
f 136 137 202
f 136 202 201
f 137 138 203
f 137 203 202
f 138 139 204
f 138 204 203
f 139 140 205
f 139 205 204
f 140 141 206
f 140 206 205
f 141 142 207
f 141 207 206
f 142 143 208
f 142 208 207
f 143 144 209
f 143 209 208
f 144 145 210
f 144 210 209
f 145 146 211
f 145 211 210
f 146 147 212
f 146 212 211
f 147 148 213
f 147 213 212
f 148 149 214
f 148 214 213
f 149 150 215
f 149 215 214
f 150 151 216
f 150 216 215
f 151 152 217
f 151 217 216
f 152 153 218
f 152 218 217
f 153 154 219
f 153 219 218
f 154 155 220
f 154 220 219
f 155 156 221
f 155 221 220
f 156 157 222
f 156 222 221
f 157 158 223
f 157 223 222
f 158 159 224
f 158 224 223
f 159 160 225
f 159 225 224
f 160 161 226
f 160 226 225
f 161 162 227
f 161 227 226
f 162 163 228
f 162 228 227
f 163 164 229
f 163 229 228
f 164 165 230
f 164 230 229
f 165 166 231
f 165 231 230
f 166 167 232
f 166 232 231
f 167 168 233
f 167 233 232
f 168 169 234
f 168 234 233
f 169 170 235
f 169 235 234
f 170 171 236
f 170 236 235
f 171 172 237
f 171 237 236
f 172 173 238
f 172 238 237
f 173 174 239
f 173 239 238
f 174 175 240
f 174 240 239
f 175 176 241
f 175 241 240
f 176 177 242
f 176 242 241
f 177 178 243
f 177 243 242
f 178 179 244
f 178 244 243
f 179 180 245
f 179 245 244
f 180 181 246
f 180 246 245
f 181 182 247
f 181 247 246
f 182 183 248
f 182 248 247
f 183 184 249
f 183 249 248
f 184 185 250
f 184 250 249
f 185 186 251
f 185 251 250
f 186 187 252
f 186 252 251
f 187 188 253
f 187 253 252
f 188 189 254
f 188 254 253
f 189 190 255
f 189 255 254
f 190 191 256
f 190 256 255
f 191 192 257
f 191 257 256
f 192 193 258
f 192 258 257
f 193 194 259
f 193 259 258
f 194 195 260
f 194 260 259
f 195 196 261
f 195 261 260
f 197 198 263
f 197 263 262
f 198 199 264
f 198 264 263
f 199 200 265
f 199 265 264
f 200 201 266
f 200 266 265
f 201 202 267
f 201 267 266
f 202 203 268
f 202 268 267
f 203 204 269
f 203 269 268
f 204 205 270
f 204 270 269
f 205 206 271
f 205 271 270
f 206 207 272
f 206 272 271
f 207 208 273
f 207 273 272
f 208 209 274
f 208 274 273
f 209 210 275
f 209 275 274
f 210 211 276
f 210 276 275
f 211 212 277
f 211 277 276
f 212 213 278
f 212 278 277
f 213 214 279
f 213 279 278
f 214 215 280
f 214 280 279
f 215 216 281
f 215 281 280
f 216 217 282
f 216 282 281
f 217 218 283
f 217 283 282
f 218 219 284
f 218 284 283
f 219 220 285
f 219 285 284
f 220 221 286
f 220 286 285
f 221 222 287
f 221 287 286
f 222 223 288
f 222 288 287
f 223 224 289
f 223 289 288
f 224 225 290
f 224 290 289
f 225 226 291
f 225 291 290
f 226 227 292
f 226 292 291
f 227 228 293
f 227 293 292
f 228 229 294
f 228 294 293
f 229 230 295
f 229 295 294
f 230 231 296
f 230 296 295
f 231 232 297
f 231 297 296
f 232 233 298
f 232 298 297
f 233 234 299
f 233 299 298
f 234 235 300
f 234 300 299
f 235 236 301
f 235 301 300
f 236 237 302
f 236 302 301
f 237 238 303
f 237 303 302
f 238 239 304
f 238 304 303
f 239 240 305
f 239 305 304
f 240 241 306
f 240 306 305
f 241 242 307
f 241 307 306
f 242 243 308
f 242 308 307
f 243 244 309
f 243 309 308
f 244 245 310
f 244 310 309
f 245 246 311
f 245 311 310
f 246 247 312
f 246 312 311
f 247 248 313
f 247 313 312
f 248 249 314
f 248 314 313
f 249 250 315
f 249 315 314
f 250 251 316
f 250 316 315
f 251 252 317
f 251 317 316
f 252 253 318
f 252 318 317
f 253 254 319
f 253 319 318
f 254 255 320
f 254 320 319
f 255 256 321
f 255 321 320
f 256 257 322
f 256 322 321
f 257 258 323
f 257 323 322
f 258 259 324
f 258 324 323
f 259 260 325
f 259 325 324
f 260 261 326
f 260 326 325
f 262 263 328
f 262 328 327
f 263 264 329
f 263 329 328
f 264 265 330
f 264 330 329
f 265 266 331
f 265 331 330
f 266 267 332
f 266 332 331
f 267 268 333
f 267 333 332
f 268 269 334
f 268 334 333
f 269 270 335
f 269 335 334
f 270 271 336
f 270 336 335
f 271 272 337
f 271 337 336
f 272 273 338
f 272 338 337
f 273 274 339
f 273 339 338
f 274 275 340
f 274 340 339
f 275 276 341
f 275 341 340
f 276 277 342
f 276 342 341
f 277 278 343
f 277 343 342
f 278 279 344
f 278 344 343
f 279 280 345
f 279 345 344
f 280 281 346
f 280 346 345
f 281 282 347
f 281 347 346
f 282 283 348
f 282 348 347
f 283 284 349
f 283 349 348
f 284 285 350
f 284 350 349
f 285 286 351
f 285 351 350
f 286 287 352
f 286 352 351
f 287 288 353
f 287 353 352
f 288 289 354
f 288 354 353
f 289 290 355
f 289 355 354
f 290 291 356
f 290 356 355
f 291 292 357
f 291 357 356
f 292 293 358
f 292 358 357
f 293 294 359
f 293 359 358
f 294 295 360
f 294 360 359
f 295 296 361
f 295 361 360
f 296 297 362
f 296 362 361
f 297 298 363
f 297 363 362
f 298 299 364
f 298 364 363
f 299 300 365
f 299 365 364
f 300 301 366
f 300 366 365
f 301 302 367
f 301 367 366
f 302 303 368
f 302 368 367
f 303 304 369
f 303 369 368
f 304 305 370
f 304 370 369
f 305 306 371
f 305 371 370
f 306 307 372
f 306 372 371
f 307 308 373
f 307 373 372
f 308 309 374
f 308 374 373
f 309 310 375
f 309 375 374
f 310 311 376
f 310 376 375
f 311 312 377
f 311 377 376
f 312 313 378
f 312 378 377
f 313 314 379
f 313 379 378
f 314 315 380
f 314 380 379
f 315 316 381
f 315 381 380
f 316 317 382
f 316 382 381
f 317 318 383
f 317 383 382
f 318 319 384
f 318 384 383
f 319 320 385
f 319 385 384
f 320 321 386
f 320 386 385
f 321 322 387
f 321 387 386
f 322 323 388
f 322 388 387
f 323 324 389
f 323 389 388
f 324 325 390
f 324 390 389
f 325 326 391
f 325 391 390
f 336 337 392
f 337 338 393
f 337 393 392
f 338 339 394
f 338 394 393
f 339 340 395
f 339 395 394
f 340 341 396
f 340 396 395
f 341 342 397
f 341 397 396
f 342 343 398
f 342 398 397
f 343 344 399
f 343 399 398
f 344 345 400
f 344 400 399
f 345 346 401
f 345 401 400
f 346 347 402
f 346 402 401
f 347 348 403
f 347 403 402
f 348 349 404
f 348 404 403
f 349 350 405
f 349 405 404
f 350 351 406
f 350 406 405
f 351 352 407
f 351 407 406
f 352 353 408
f 352 408 407
f 353 354 409
f 353 409 408
f 354 355 410
f 354 410 409
f 355 356 411
f 355 411 410
f 356 357 412
f 356 412 411
f 357 358 413
f 357 413 412
f 358 359 414
f 358 414 413
f 359 360 415
f 359 415 414
f 360 361 416
f 360 416 415
f 361 362 417
f 361 417 416
f 362 363 418
f 362 418 417
f 363 364 419
f 363 419 418
f 364 365 420
f 364 420 419
f 365 366 421
f 365 421 420
f 366 367 422
f 366 422 421
f 367 368 423
f 367 423 422
f 368 369 424
f 368 424 423
f 369 370 425
f 369 425 424
f 370 371 426
f 370 426 425
f 371 372 427
f 371 427 426
f 372 373 428
f 372 428 427
f 373 374 429
f 373 429 428
f 374 375 430
f 374 430 429
f 375 376 431
f 375 431 430
f 376 377 432
f 376 432 431
f 377 378 433
f 377 433 432
f 378 379 434
f 378 434 433
f 379 380 435
f 379 435 434
f 380 381 436
f 380 436 435
f 381 382 437
f 381 437 436
f 382 383 438
f 382 438 437
f 383 384 439
f 383 439 438
f 384 385 440
f 384 440 439
f 385 386 441
f 385 441 440
f 386 387 442
f 386 442 441
f 387 388 443
f 387 443 442
f 388 389 444
f 388 444 443
f 389 390 445
f 389 445 444
f 390 391 446
f 390 446 445
f 395 396 447
f 396 397 448
f 396 448 447
f 397 398 449
f 397 449 448
f 398 399 450
f 398 450 449
f 399 400 451
f 399 451 450
f 400 401 452
f 400 452 451
f 401 402 453
f 401 453 452
f 402 403 454
f 402 454 453
f 403 404 455
f 403 455 454
f 404 405 456
f 404 456 455
f 405 406 457
f 405 457 456
f 406 407 458
f 406 458 457
f 407 408 459
f 407 459 458
f 408 409 460
f 408 460 459
f 409 410 461
f 409 461 460
f 410 411 462
f 410 462 461
f 411 412 463
f 411 463 462
f 412 413 464
f 412 464 463
f 413 414 465
f 413 465 464
f 414 415 466
f 414 466 465
f 415 416 467
f 415 467 466
f 416 417 468
f 416 468 467
f 417 418 469
f 417 469 468
f 418 419 470
f 418 470 469
f 419 420 471
f 419 471 470
f 420 421 472
f 420 472 471
f 421 422 473
f 421 473 472
f 422 423 474
f 422 474 473
f 423 424 475
f 423 475 474
f 424 425 476
f 424 476 475
f 425 426 477
f 425 477 476
f 426 427 478
f 426 478 477
f 427 428 479
f 427 479 478
f 428 429 480
f 428 480 479
f 429 430 481
f 429 481 480
f 430 431 482
f 430 482 481
f 431 432 483
f 431 483 482
f 432 433 484
f 432 484 483
f 433 434 485
f 433 485 484
f 434 435 486
f 434 486 485
f 435 436 487
f 435 487 486
f 436 437 488
f 436 488 487
f 437 438 489
f 437 489 488
f 438 439 490
f 438 490 489
f 439 440 491
f 439 491 490
f 440 441 492
f 440 492 491
f 441 442 493
f 441 493 492
f 442 443 494
f 442 494 493
f 443 444 495
f 443 495 494
f 444 445 496
f 444 496 495
f 445 446 497
f 445 497 496
f 448 449 498
f 449 450 499
f 449 499 498
f 450 451 500
f 450 500 499
f 451 452 501
f 451 501 500
f 452 453 502
f 452 502 501
f 453 454 503
f 453 503 502
f 454 455 504
f 454 504 503
f 455 456 505
f 455 505 504
f 456 457 506
f 456 506 505
f 457 458 507
f 457 507 506
f 458 459 508
f 458 508 507
f 459 460 509
f 459 509 508
f 460 461 510
f 460 510 509
f 461 462 511
f 461 511 510
f 462 463 512
f 462 512 511
f 463 464 513
f 463 513 512
f 464 465 514
f 464 514 513
f 465 466 515
f 465 515 514
f 466 467 516
f 466 516 515
f 467 468 517
f 467 517 516
f 468 469 518
f 468 518 517
f 469 470 519
f 469 519 518
f 470 471 520
f 470 520 519
f 471 472 521
f 471 521 520
f 472 473 522
f 472 522 521
f 473 474 523
f 473 523 522
f 474 475 524
f 474 524 523
f 475 476 525
f 475 525 524
f 476 477 526
f 476 526 525
f 477 478 527
f 477 527 526
f 478 479 528
f 478 528 527
f 479 480 529
f 479 529 528
f 480 481 530
f 480 530 529
f 481 482 531
f 481 531 530
f 482 483 532
f 482 532 531
f 483 484 533
f 483 533 532
f 484 485 534
f 484 534 533
f 485 486 535
f 485 535 534
f 486 487 536
f 486 536 535
f 487 488 537
f 487 537 536
f 488 489 538
f 488 538 537
f 489 490 539
f 489 539 538
f 490 491 540
f 490 540 539
f 491 492 541
f 491 541 540
f 492 493 542
f 492 542 541
f 493 494 543
f 493 543 542
f 499 500 544
f 500 501 545
f 500 545 544
f 501 502 546
f 501 546 545
f 502 503 547
f 502 547 546
f 503 504 548
f 503 548 547
f 504 505 549
f 504 549 548
f 505 506 550
f 505 550 549
f 506 507 551
f 506 551 550
f 507 508 552
f 507 552 551
f 508 509 553
f 508 553 552
f 509 510 554
f 509 554 553
f 510 511 555
f 510 555 554
f 511 512 556
f 511 556 555
f 512 513 557
f 512 557 556
f 513 514 558
f 513 558 557
f 514 515 559
f 514 559 558
f 515 516 560
f 515 560 559
f 516 517 561
f 516 561 560
f 517 518 562
f 517 562 561
f 518 519 563
f 518 563 562
f 519 520 564
f 519 564 563
f 520 521 565
f 520 565 564
f 521 522 566
f 521 566 565
f 522 523 567
f 522 567 566
f 523 524 568
f 523 568 567
f 524 525 569
f 524 569 568
f 525 526 570
f 525 570 569
f 526 527 571
f 526 571 570
f 527 528 572
f 527 572 571
f 528 529 573
f 528 573 572
f 529 530 574
f 529 574 573
f 530 531 575
f 530 575 574
f 531 532 576
f 531 576 575
f 532 533 577
f 532 577 576
f 533 534 578
f 533 578 577
f 534 535 579
f 534 579 578
f 535 536 580
f 535 580 579
f 536 537 581
f 536 581 580
f 537 538 582
f 537 582 581
f 544 545 583
f 545 546 584
f 545 584 583
f 546 547 585
f 546 585 584
f 547 548 586
f 547 586 585
f 548 549 587
f 548 587 586
f 549 550 588
f 549 588 587
f 550 551 589
f 550 589 588
f 551 552 590
f 551 590 589
f 552 553 591
f 552 591 590
f 553 554 592
f 553 592 591
f 554 555 593
f 554 593 592
f 555 556 594
f 555 594 593
f 556 557 595
f 556 595 594
f 557 558 596
f 557 596 595
f 558 559 597
f 558 597 596
f 559 560 598
f 559 598 597
f 560 561 599
f 560 599 598
f 561 562 600
f 561 600 599
f 562 563 601
f 562 601 600
f 563 564 602
f 563 602 601
f 564 565 603
f 564 603 602
f 565 566 604
f 565 604 603
f 566 567 605
f 566 605 604
f 567 568 606
f 567 606 605
f 568 569 607
f 568 607 606
f 569 570 608
f 569 608 607
f 570 571 609
f 570 609 608
f 571 572 610
f 571 610 609
f 572 573 611
f 572 611 610
f 573 574 612
f 573 612 611
f 574 575 613
f 574 613 612
f 575 576 614
f 575 614 613
f 576 577 615
f 576 615 614
f 577 578 616
f 577 616 615
f 578 579 617
f 578 617 616
f 579 580 618
f 579 618 617
f 583 584 619
f 584 585 620
f 584 620 619
f 585 586 621
f 585 621 620
f 586 587 622
f 586 622 621
f 587 588 623
f 587 623 622
f 588 589 624
f 588 624 623
f 589 590 625
f 589 625 624
f 590 591 626
f 590 626 625
f 591 592 627
f 591 627 626
f 592 593 628
f 592 628 627
f 593 594 629
f 593 629 628
f 594 595 630
f 594 630 629
f 595 596 631
f 595 631 630
f 596 597 632
f 596 632 631
f 597 598 633
f 597 633 632
f 598 599 634
f 598 634 633
f 599 600 635
f 599 635 634
f 600 601 636
f 600 636 635
f 601 602 637
f 601 637 636
f 602 603 638
f 602 638 637
f 603 604 639
f 603 639 638
f 604 605 640
f 604 640 639
f 605 606 641
f 605 641 640
f 606 607 642
f 606 642 641
f 607 608 643
f 607 643 642
f 608 609 644
f 608 644 643
f 609 610 645
f 609 645 644
f 610 611 646
f 610 646 645
f 611 612 647
f 611 647 646
f 612 613 648
f 612 648 647
f 613 614 649
f 613 649 648
f 614 615 650
f 614 650 649
f 615 616 651
f 615 651 650
f 619 620 652
f 620 621 653
f 620 653 652
f 621 622 654
f 621 654 653
f 622 623 655
f 622 655 654
f 623 624 656
f 623 656 655
f 624 625 657
f 624 657 656
f 625 626 658
f 625 658 657
f 626 627 659
f 626 659 658
f 627 628 660
f 627 660 659
f 628 629 661
f 628 661 660
f 629 630 662
f 629 662 661
f 630 631 663
f 630 663 662
f 631 632 664
f 631 664 663
f 632 633 665
f 632 665 664
f 633 634 666
f 633 666 665
f 634 635 667
f 634 667 666
f 635 636 668
f 635 668 667
f 636 637 669
f 636 669 668
f 637 638 670
f 637 670 669
f 638 639 671
f 638 671 670
f 639 640 672
f 639 672 671
f 640 641 673
f 640 673 672
f 641 642 674
f 641 674 673
f 642 643 675
f 642 675 674
f 643 644 676
f 643 676 675
f 644 645 677
f 644 677 676
f 645 646 678
f 645 678 677
f 646 647 679
f 646 679 678
f 647 648 680
f 647 680 679
f 648 649 681
f 648 681 680
f 649 650 682
f 649 682 681
f 652 653 683
f 653 654 684
f 653 684 683
f 654 655 685
f 654 685 684
f 655 656 686
f 655 686 685
f 656 657 687
f 656 687 686
f 657 658 688
f 657 688 687
f 658 659 689
f 658 689 688
f 659 660 690
f 659 690 689
f 660 661 691
f 660 691 690
f 661 662 692
f 661 692 691
f 662 663 693
f 662 693 692
f 663 664 694
f 663 694 693
f 664 665 695
f 664 695 694
f 665 666 696
f 665 696 695
f 666 667 697
f 666 697 696
f 667 668 698
f 667 698 697
f 668 669 699
f 668 699 698
f 669 670 700
f 669 700 699
f 670 671 701
f 670 701 700
f 671 672 702
f 671 702 701
f 672 673 703
f 672 703 702
f 673 674 704
f 673 704 703
f 674 675 705
f 674 705 704
f 675 676 706
f 675 706 705
f 676 677 707
f 676 707 706
f 677 678 708
f 677 708 707
f 678 679 709
f 678 709 708
f 679 680 710
f 679 710 709
f 680 681 711
f 680 711 710
f 681 682 712
f 681 712 711
f 683 684 713
f 684 685 714
f 684 714 713
f 685 686 715
f 685 715 714
f 686 687 716
f 686 716 715
f 687 688 717
f 687 717 716
f 688 689 718
f 688 718 717
f 689 690 719
f 689 719 718
f 690 691 720
f 690 720 719
f 691 692 721
f 691 721 720
f 692 693 722
f 692 722 721
f 693 694 723
f 693 723 722
f 694 695 724
f 694 724 723
f 695 696 725
f 695 725 724
f 696 697 726
f 696 726 725
f 697 698 727
f 697 727 726
f 698 699 728
f 698 728 727
f 699 700 729
f 699 729 728
f 700 701 730
f 700 730 729
f 701 702 731
f 701 731 730
f 702 703 732
f 702 732 731
f 703 704 733
f 703 733 732
f 704 705 734
f 704 734 733
f 705 706 735
f 705 735 734
f 706 707 736
f 706 736 735
f 707 708 737
f 707 737 736
f 708 709 738
f 708 738 737
f 709 710 739
f 709 739 738
f 710 711 740
f 710 740 739
f 713 714 742
f 713 742 741
f 714 715 743
f 714 743 742
f 715 716 744
f 715 744 743
f 716 717 745
f 716 745 744
f 717 718 746
f 717 746 745
f 718 719 747
f 718 747 746
f 719 720 748
f 719 748 747
f 720 721 749
f 720 749 748
f 721 722 750
f 721 750 749
f 722 723 751
f 722 751 750
f 723 724 752
f 723 752 751
f 724 725 753
f 724 753 752
f 725 726 754
f 725 754 753
f 726 727 755
f 726 755 754
f 727 728 756
f 727 756 755
f 728 729 757
f 728 757 756
f 729 730 758
f 729 758 757
f 730 731 759
f 730 759 758
f 731 732 760
f 731 760 759
f 732 733 761
f 732 761 760
f 733 734 762
f 733 762 761
f 734 735 763
f 734 763 762
f 735 736 764
f 735 764 763
f 736 737 765
f 736 765 764
f 737 738 766
f 737 766 765
f 738 739 767
f 738 767 766
f 741 742 768
f 742 743 769
f 742 769 768
f 743 744 770
f 743 770 769
f 744 745 771
f 744 771 770
f 745 746 772
f 745 772 771
f 746 747 773
f 746 773 772
f 747 748 774
f 747 774 773
f 748 749 775
f 748 775 774
f 749 750 776
f 749 776 775
f 750 751 777
f 750 777 776
f 751 752 778
f 751 778 777
f 752 753 779
f 752 779 778
f 753 754 780
f 753 780 779
f 754 755 781
f 754 781 780
f 755 756 782
f 755 782 781
f 756 757 783
f 756 783 782
f 757 758 784
f 757 784 783
f 758 759 785
f 758 785 784
f 759 760 786
f 759 786 785
f 760 761 787
f 760 787 786
f 761 762 788
f 761 788 787
f 762 763 789
f 762 789 788
f 763 764 790
f 763 790 789
f 764 765 791
f 764 791 790
f 765 766 792
f 765 792 791
f 766 767 793
f 766 793 792
f 768 769 794
f 769 770 795
f 769 795 794
f 770 771 796
f 770 796 795
f 771 772 797
f 771 797 796
f 772 773 798
f 772 798 797
f 773 774 799
f 773 799 798
f 774 775 800
f 774 800 799
f 775 776 801
f 775 801 800
f 776 777 802
f 776 802 801
f 777 778 803
f 777 803 802
f 778 779 804
f 778 804 803
f 779 780 805
f 779 805 804
f 780 781 806
f 780 806 805
f 781 782 807
f 781 807 806
f 782 783 808
f 782 808 807
f 783 784 809
f 783 809 808
f 784 785 810
f 784 810 809
f 785 786 811
f 785 811 810
f 786 787 812
f 786 812 811
f 787 788 813
f 787 813 812
f 788 789 814
f 788 814 813
f 789 790 815
f 789 815 814
f 790 791 816
f 790 816 815
f 791 792 817
f 791 817 816
f 794 795 819
f 794 819 818
f 795 796 820
f 795 820 819
f 796 797 821
f 796 821 820
f 797 798 822
f 797 822 821
f 798 799 823
f 798 823 822
f 799 800 824
f 799 824 823
f 800 801 825
f 800 825 824
f 801 802 826
f 801 826 825
f 802 803 827
f 802 827 826
f 803 804 828
f 803 828 827
f 804 805 829
f 804 829 828
f 805 806 830
f 805 830 829
f 806 807 831
f 806 831 830
f 807 808 832
f 807 832 831
f 808 809 833
f 808 833 832
f 809 810 834
f 809 834 833
f 810 811 835
f 810 835 834
f 811 812 836
f 811 836 835
f 812 813 837
f 812 837 836
f 813 814 838
f 813 838 837
f 814 815 839
f 814 839 838
f 815 816 840
f 815 840 839
f 816 817 841
f 816 841 840
f 818 819 843
f 818 843 842
f 819 820 844
f 819 844 843
f 820 821 845
f 820 845 844
f 821 822 846
f 821 846 845
f 822 823 847
f 822 847 846
f 823 824 848
f 823 848 847
f 824 825 849
f 824 849 848
f 825 826 850
f 825 850 849
f 826 827 851
f 826 851 850
f 827 828 852
f 827 852 851
f 828 829 853
f 828 853 852
f 829 830 854
f 829 854 853
f 830 831 855
f 830 855 854
f 831 832 856
f 831 856 855
f 832 833 857
f 832 857 856
f 833 834 858
f 833 858 857
f 834 835 859
f 834 859 858
f 835 836 860
f 835 860 859
f 836 837 861
f 836 861 860
f 837 838 862
f 837 862 861
f 838 839 863
f 838 863 862
f 839 840 864
f 839 864 863
f 840 841 865
f 840 865 864
f 842 843 866
f 843 844 867
f 843 867 866
f 844 845 868
f 844 868 867
f 845 846 869
f 845 869 868
f 846 847 870
f 846 870 869
f 847 848 871
f 847 871 870
f 848 849 872
f 848 872 871
f 849 850 873
f 849 873 872
f 850 851 874
f 850 874 873
f 851 852 875
f 851 875 874
f 852 853 876
f 852 876 875
f 853 854 877
f 853 877 876
f 854 855 878
f 854 878 877
f 855 856 879
f 855 879 878
f 856 857 880
f 856 880 879
f 857 858 881
f 857 881 880
f 858 859 882
f 858 882 881
f 859 860 883
f 859 883 882
f 860 861 884
f 860 884 883
f 861 862 885
f 861 885 884
f 862 863 886
f 862 886 885
f 863 864 887
f 863 887 886
f 864 865 888
f 864 888 887
f 866 867 890
f 866 890 889
f 867 868 891
f 867 891 890
f 868 869 892
f 868 892 891
f 869 870 893
f 869 893 892
f 870 871 894
f 870 894 893
f 871 872 895
f 871 895 894
f 872 873 896
f 872 896 895
f 873 874 897
f 873 897 896
f 874 875 898
f 874 898 897
f 875 876 899
f 875 899 898
f 876 877 900
f 876 900 899
f 877 878 901
f 877 901 900
f 878 879 902
f 878 902 901
f 879 880 903
f 879 903 902
f 880 881 904
f 880 904 903
f 881 882 905
f 881 905 904
f 882 883 906
f 882 906 905
f 883 884 907
f 883 907 906
f 884 885 908
f 884 908 907
f 885 886 909
f 885 909 908
f 886 887 910
f 886 910 909
f 889 890 912
f 889 912 911
f 890 891 913
f 890 913 912
f 891 892 914
f 891 914 913
f 892 893 915
f 892 915 914
f 893 894 916
f 893 916 915
f 894 895 917
f 894 917 916
f 895 896 918
f 895 918 917
f 896 897 919
f 896 919 918
f 897 898 920
f 897 920 919
f 898 899 921
f 898 921 920
f 899 900 922
f 899 922 921
f 900 901 923
f 900 923 922
f 901 902 924
f 901 924 923
f 902 903 925
f 902 925 924
f 903 904 926
f 903 926 925
f 904 905 927
f 904 927 926
f 905 906 928
f 905 928 927
f 906 907 929
f 906 929 928
f 907 908 930
f 907 930 929
f 908 909 931
f 908 931 930
f 909 910 932
f 909 932 931
f 911 912 934
f 911 934 933
f 912 913 935
f 912 935 934
f 913 914 936
f 913 936 935
f 914 915 937
f 914 937 936
f 915 916 938
f 915 938 937
f 916 917 939
f 916 939 938
f 917 918 940
f 917 940 939
f 918 919 941
f 918 941 940
f 919 920 942
f 919 942 941
f 920 921 943
f 920 943 942
f 921 922 944
f 921 944 943
f 922 923 945
f 922 945 944
f 923 924 946
f 923 946 945
f 924 925 947
f 924 947 946
f 925 926 948
f 925 948 947
f 926 927 949
f 926 949 948
f 927 928 950
f 927 950 949
f 928 929 951
f 928 951 950
f 929 930 952
f 929 952 951
f 930 931 953
f 930 953 952
f 931 932 954
f 931 954 953
f 933 934 956
f 933 956 955
f 934 935 957
f 934 957 956
f 935 936 958
f 935 958 957
f 936 937 959
f 936 959 958
f 937 938 960
f 937 960 959
f 938 939 961
f 938 961 960
f 939 940 962
f 939 962 961
f 940 941 963
f 940 963 962
f 941 942 964
f 941 964 963
f 942 943 965
f 942 965 964
f 943 944 966
f 943 966 965
f 944 945 967
f 944 967 966
f 945 946 968
f 945 968 967
f 946 947 969
f 946 969 968
f 947 948 970
f 947 970 969
f 948 949 971
f 948 971 970
f 949 950 972
f 949 972 971
f 950 951 973
f 950 973 972
f 951 952 974
f 951 974 973
f 952 953 975
f 952 975 974
f 955 956 977
f 955 977 976
f 956 957 978
f 956 978 977
f 957 958 979
f 957 979 978
f 958 959 980
f 958 980 979
f 959 960 981
f 959 981 980
f 960 961 982
f 960 982 981
f 961 962 983
f 961 983 982
f 962 963 984
f 962 984 983
f 963 964 985
f 963 985 984
f 964 965 986
f 964 986 985
f 965 966 987
f 965 987 986
f 966 967 988
f 966 988 987
f 967 968 989
f 967 989 988
f 968 969 990
f 968 990 989
f 969 970 991
f 969 991 990
f 970 971 992
f 970 992 991
f 971 972 993
f 971 993 992
f 972 973 994
f 972 994 993
f 973 974 995
f 973 995 994
f 974 975 996
f 974 996 995
f 976 977 997
f 977 978 998
f 977 998 997
f 978 979 999
f 978 999 998
f 979 980 1000
f 979 1000 999
f 980 981 1001
f 980 1001 1000
f 981 982 1002
f 981 1002 1001
f 982 983 1003
f 982 1003 1002
f 983 984 1004
f 983 1004 1003
f 984 985 1005
f 984 1005 1004
f 985 986 1006
f 985 1006 1005
f 986 987 1007
f 986 1007 1006
f 987 988 1008
f 987 1008 1007
f 988 989 1009
f 988 1009 1008
f 989 990 1010
f 989 1010 1009
f 990 991 1011
f 990 1011 1010
f 991 992 1012
f 991 1012 1011
f 992 993 1013
f 992 1013 1012
f 993 994 1014
f 993 1014 1013
f 994 995 1015
f 994 1015 1014
f 995 996 1016
f 995 1016 1015
f 997 998 1018
f 997 1018 1017
f 998 999 1019
f 998 1019 1018
f 999 1000 1020
f 999 1020 1019
f 1000 1001 1021
f 1000 1021 1020
f 1001 1002 1022
f 1001 1022 1021
f 1002 1003 1023
f 1002 1023 1022
f 1003 1004 1024
f 1003 1024 1023
f 1004 1005 1025
f 1004 1025 1024
f 1005 1006 1026
f 1005 1026 1025
f 1006 1007 1027
f 1006 1027 1026
f 1007 1008 1028
f 1007 1028 1027
f 1008 1009 1029
f 1008 1029 1028
f 1009 1010 1030
f 1009 1030 1029
f 1010 1011 1031
f 1010 1031 1030
f 1011 1012 1032
f 1011 1032 1031
f 1012 1013 1033
f 1012 1033 1032
f 1013 1014 1034
f 1013 1034 1033
f 1014 1015 1035
f 1014 1035 1034
f 1015 1016 1036
f 1015 1036 1035
f 1017 1018 1038
f 1017 1038 1037
f 1018 1019 1039
f 1018 1039 1038
f 1019 1020 1040
f 1019 1040 1039
f 1020 1021 1041
f 1020 1041 1040
f 1021 1022 1042
f 1021 1042 1041
f 1022 1023 1043
f 1022 1043 1042
f 1023 1024 1044
f 1023 1044 1043
f 1024 1025 1045
f 1024 1045 1044
f 1025 1026 1046
f 1025 1046 1045
f 1026 1027 1047
f 1026 1047 1046
f 1027 1028 1048
f 1027 1048 1047
f 1028 1029 1049
f 1028 1049 1048
f 1029 1030 1050
f 1029 1050 1049
f 1030 1031 1051
f 1030 1051 1050
f 1031 1032 1052
f 1031 1052 1051
f 1032 1033 1053
f 1032 1053 1052
f 1033 1034 1054
f 1033 1054 1053
f 1034 1035 1055
f 1034 1055 1054
f 1035 1036 1056
f 1035 1056 1055
f 1037 1038 1058
f 1037 1058 1057
f 1038 1039 1059
f 1038 1059 1058
f 1039 1040 1060
f 1039 1060 1059
f 1040 1041 1061
f 1040 1061 1060
f 1041 1042 1062
f 1041 1062 1061
f 1042 1043 1063
f 1042 1063 1062
f 1043 1044 1064
f 1043 1064 1063
f 1044 1045 1065
f 1044 1065 1064
f 1045 1046 1066
f 1045 1066 1065
f 1046 1047 1067
f 1046 1067 1066
f 1047 1048 1068
f 1047 1068 1067
f 1048 1049 1069
f 1048 1069 1068
f 1049 1050 1070
f 1049 1070 1069
f 1050 1051 1071
f 1050 1071 1070
f 1051 1052 1072
f 1051 1072 1071
f 1052 1053 1073
f 1052 1073 1072
f 1053 1054 1074
f 1053 1074 1073
f 1054 1055 1075
f 1054 1075 1074
f 1055 1056 1076
f 1055 1076 1075
f 1057 1058 1078
f 1057 1078 1077
f 1058 1059 1079
f 1058 1079 1078
f 1059 1060 1080
f 1059 1080 1079
f 1060 1061 1081
f 1060 1081 1080
f 1061 1062 1082
f 1061 1082 1081
f 1062 1063 1083
f 1062 1083 1082
f 1063 1064 1084
f 1063 1084 1083
f 1064 1065 1085
f 1064 1085 1084
f 1065 1066 1086
f 1065 1086 1085
f 1066 1067 1087
f 1066 1087 1086
f 1067 1068 1088
f 1067 1088 1087
f 1068 1069 1089
f 1068 1089 1088
f 1069 1070 1090
f 1069 1090 1089
f 1070 1071 1091
f 1070 1091 1090
f 1071 1072 1092
f 1071 1092 1091
f 1072 1073 1093
f 1072 1093 1092
f 1073 1074 1094
f 1073 1094 1093
f 1074 1075 1095
f 1074 1095 1094
f 1075 1076 1096
f 1075 1096 1095
f 1077 1078 1098
f 1077 1098 1097
f 1078 1079 1099
f 1078 1099 1098
f 1079 1080 1100
f 1079 1100 1099
f 1080 1081 1101
f 1080 1101 1100
f 1081 1082 1102
f 1081 1102 1101
f 1082 1083 1103
f 1082 1103 1102
f 1083 1084 1104
f 1083 1104 1103
f 1084 1085 1105
f 1084 1105 1104
f 1085 1086 1106
f 1085 1106 1105
f 1086 1087 1107
f 1086 1107 1106
f 1087 1088 1108
f 1087 1108 1107
f 1088 1089 1109
f 1088 1109 1108
f 1089 1090 1110
f 1089 1110 1109
f 1090 1091 1111
f 1090 1111 1110
f 1091 1092 1112
f 1091 1112 1111
f 1092 1093 1113
f 1092 1113 1112
f 1093 1094 1114
f 1093 1114 1113
f 1094 1095 1115
f 1094 1115 1114
f 1095 1096 1116
f 1095 1116 1115
f 1097 1098 1118
f 1097 1118 1117
f 1098 1099 1119
f 1098 1119 1118
f 1099 1100 1120
f 1099 1120 1119
f 1100 1101 1121
f 1100 1121 1120
f 1101 1102 1122
f 1101 1122 1121
f 1102 1103 1123
f 1102 1123 1122
f 1103 1104 1124
f 1103 1124 1123
f 1104 1105 1125
f 1104 1125 1124
f 1105 1106 1126
f 1105 1126 1125
f 1106 1107 1127
f 1106 1127 1126
f 1107 1108 1128
f 1107 1128 1127
f 1108 1109 1129
f 1108 1129 1128
f 1109 1110 1130
f 1109 1130 1129
f 1110 1111 1131
f 1110 1131 1130
f 1111 1112 1132
f 1111 1132 1131
f 1112 1113 1133
f 1112 1133 1132
f 1113 1114 1134
f 1113 1134 1133
f 1114 1115 1135
f 1114 1135 1134
f 1115 1116 1136
f 1115 1136 1135
f 1117 1118 1138
f 1117 1138 1137
f 1118 1119 1139
f 1118 1139 1138
f 1119 1120 1140
f 1119 1140 1139
f 1120 1121 1141
f 1120 1141 1140
f 1121 1122 1142
f 1121 1142 1141
f 1122 1123 1143
f 1122 1143 1142
f 1123 1124 1144
f 1123 1144 1143
f 1124 1125 1145
f 1124 1145 1144
f 1125 1126 1146
f 1125 1146 1145
f 1126 1127 1147
f 1126 1147 1146
f 1127 1128 1148
f 1127 1148 1147
f 1128 1129 1149
f 1128 1149 1148
f 1129 1130 1150
f 1129 1150 1149
f 1130 1131 1151
f 1130 1151 1150
f 1131 1132 1152
f 1131 1152 1151
f 1132 1133 1153
f 1132 1153 1152
f 1133 1134 1154
f 1133 1154 1153
f 1134 1135 1155
f 1134 1155 1154
f 1135 1136 1156
f 1135 1156 1155
f 1137 1138 1158
f 1137 1158 1157
f 1138 1139 1159
f 1138 1159 1158
f 1139 1140 1160
f 1139 1160 1159
f 1140 1141 1161
f 1140 1161 1160
f 1141 1142 1162
f 1141 1162 1161
f 1142 1143 1163
f 1142 1163 1162
f 1143 1144 1164
f 1143 1164 1163
f 1144 1145 1165
f 1144 1165 1164
f 1145 1146 1166
f 1145 1166 1165
f 1146 1147 1167
f 1146 1167 1166
f 1147 1148 1168
f 1147 1168 1167
f 1148 1149 1169
f 1148 1169 1168
f 1149 1150 1170
f 1149 1170 1169
f 1150 1151 1171
f 1150 1171 1170
f 1151 1152 1172
f 1151 1172 1171
f 1152 1153 1173
f 1152 1173 1172
f 1153 1154 1174
f 1153 1174 1173
f 1154 1155 1175
f 1154 1175 1174
f 1155 1156 1176
f 1155 1176 1175
f 1157 1158 1178
f 1157 1178 1177
f 1158 1159 1179
f 1158 1179 1178
f 1159 1160 1180
f 1159 1180 1179
f 1160 1161 1181
f 1160 1181 1180
f 1161 1162 1182
f 1161 1182 1181
f 1162 1163 1183
f 1162 1183 1182
f 1163 1164 1184
f 1163 1184 1183
f 1164 1165 1185
f 1164 1185 1184
f 1165 1166 1186
f 1165 1186 1185
f 1166 1167 1187
f 1166 1187 1186
f 1167 1168 1188
f 1167 1188 1187
f 1168 1169 1189
f 1168 1189 1188
f 1169 1170 1190
f 1169 1190 1189
f 1170 1171 1191
f 1170 1191 1190
f 1171 1172 1192
f 1171 1192 1191
f 1172 1173 1193
f 1172 1193 1192
f 1173 1174 1194
f 1173 1194 1193
f 1174 1175 1195
f 1174 1195 1194
f 1175 1176 1196
f 1175 1196 1195
f 1177 1178 1197
f 1178 1179 1198
f 1178 1198 1197
f 1179 1180 1199
f 1179 1199 1198
f 1180 1181 1200
f 1180 1200 1199
f 1181 1182 1201
f 1181 1201 1200
f 1182 1183 1202
f 1182 1202 1201
f 1183 1184 1203
f 1183 1203 1202
f 1184 1185 1204
f 1184 1204 1203
f 1185 1186 1205
f 1185 1205 1204
f 1186 1187 1206
f 1186 1206 1205
f 1187 1188 1207
f 1187 1207 1206
f 1188 1189 1208
f 1188 1208 1207
f 1189 1190 1209
f 1189 1209 1208
f 1190 1191 1210
f 1190 1210 1209
f 1191 1192 1211
f 1191 1211 1210
f 1192 1193 1212
f 1192 1212 1211
f 1193 1194 1213
f 1193 1213 1212
f 1194 1195 1214
f 1194 1214 1213
f 1195 1196 1215
f 1195 1215 1214
f 1197 1198 1217
f 1197 1217 1216
f 1198 1199 1218
f 1198 1218 1217
f 1199 1200 1219
f 1199 1219 1218
f 1200 1201 1220
f 1200 1220 1219
f 1201 1202 1221
f 1201 1221 1220
f 1202 1203 1222
f 1202 1222 1221
f 1203 1204 1223
f 1203 1223 1222
f 1204 1205 1224
f 1204 1224 1223
f 1205 1206 1225
f 1205 1225 1224
f 1206 1207 1226
f 1206 1226 1225
f 1207 1208 1227
f 1207 1227 1226
f 1208 1209 1228
f 1208 1228 1227
f 1209 1210 1229
f 1209 1229 1228
f 1210 1211 1230
f 1210 1230 1229
f 1211 1212 1231
f 1211 1231 1230
f 1212 1213 1232
f 1212 1232 1231
f 1213 1214 1233
f 1213 1233 1232
f 1214 1215 1234
f 1214 1234 1233
f 1216 1217 1236
f 1216 1236 1235
f 1217 1218 1237
f 1217 1237 1236
f 1218 1219 1238
f 1218 1238 1237
f 1219 1220 1239
f 1219 1239 1238
f 1220 1221 1240
f 1220 1240 1239
f 1221 1222 1241
f 1221 1241 1240
f 1222 1223 1242
f 1222 1242 1241
f 1223 1224 1243
f 1223 1243 1242
f 1224 1225 1244
f 1224 1244 1243
f 1225 1226 1245
f 1225 1245 1244
f 1226 1227 1246
f 1226 1246 1245
f 1227 1228 1247
f 1227 1247 1246
f 1228 1229 1248
f 1228 1248 1247
f 1229 1230 1249
f 1229 1249 1248
f 1230 1231 1250
f 1230 1250 1249
f 1231 1232 1251
f 1231 1251 1250
f 1232 1233 1252
f 1232 1252 1251
f 1233 1234 1253
f 1233 1253 1252
f 1235 1236 1255
f 1235 1255 1254
f 1236 1237 1256
f 1236 1256 1255
f 1237 1238 1257
f 1237 1257 1256
f 1238 1239 1258
f 1238 1258 1257
f 1239 1240 1259
f 1239 1259 1258
f 1240 1241 1260
f 1240 1260 1259
f 1241 1242 1261
f 1241 1261 1260
f 1242 1243 1262
f 1242 1262 1261
f 1243 1244 1263
f 1243 1263 1262
f 1244 1245 1264
f 1244 1264 1263
f 1245 1246 1265
f 1245 1265 1264
f 1246 1247 1266
f 1246 1266 1265
f 1247 1248 1267
f 1247 1267 1266
f 1248 1249 1268
f 1248 1268 1267
f 1249 1250 1269
f 1249 1269 1268
f 1250 1251 1270
f 1250 1270 1269
f 1251 1252 1271
f 1251 1271 1270
f 1252 1253 1272
f 1252 1272 1271
f 1254 1255 1274
f 1254 1274 1273
f 1255 1256 1275
f 1255 1275 1274
f 1256 1257 1276
f 1256 1276 1275
f 1257 1258 1277
f 1257 1277 1276
f 1258 1259 1278
f 1258 1278 1277
f 1259 1260 1279
f 1259 1279 1278
f 1260 1261 1280
f 1260 1280 1279
f 1261 1262 1281
f 1261 1281 1280
f 1262 1263 1282
f 1262 1282 1281
f 1263 1264 1283
f 1263 1283 1282
f 1264 1265 1284
f 1264 1284 1283
f 1265 1266 1285
f 1265 1285 1284
f 1266 1267 1286
f 1266 1286 1285
f 1267 1268 1287
f 1267 1287 1286
f 1268 1269 1288
f 1268 1288 1287
f 1269 1270 1289
f 1269 1289 1288
f 1270 1271 1290
f 1270 1290 1289
f 1271 1272 1291
f 1271 1291 1290
f 1273 1274 1293
f 1273 1293 1292
f 1274 1275 1294
f 1274 1294 1293
f 1275 1276 1295
f 1275 1295 1294
f 1276 1277 1296
f 1276 1296 1295
f 1277 1278 1297
f 1277 1297 1296
f 1278 1279 1298
f 1278 1298 1297
f 1279 1280 1299
f 1279 1299 1298
f 1280 1281 1300
f 1280 1300 1299
f 1281 1282 1301
f 1281 1301 1300
f 1282 1283 1302
f 1282 1302 1301
f 1283 1284 1303
f 1283 1303 1302
f 1284 1285 1304
f 1284 1304 1303
f 1285 1286 1305
f 1285 1305 1304
f 1286 1287 1306
f 1286 1306 1305
f 1287 1288 1307
f 1287 1307 1306
f 1288 1289 1308
f 1288 1308 1307
f 1289 1290 1309
f 1289 1309 1308
f 1290 1291 1310
f 1290 1310 1309
f 1292 1293 1312
f 1292 1312 1311
f 1293 1294 1313
f 1293 1313 1312
f 1294 1295 1314
f 1294 1314 1313
f 1295 1296 1315
f 1295 1315 1314
f 1296 1297 1316
f 1296 1316 1315
f 1297 1298 1317
f 1297 1317 1316
f 1298 1299 1318
f 1298 1318 1317
f 1299 1300 1319
f 1299 1319 1318
f 1300 1301 1320
f 1300 1320 1319
f 1301 1302 1321
f 1301 1321 1320
f 1302 1303 1322
f 1302 1322 1321
f 1303 1304 1323
f 1303 1323 1322
f 1304 1305 1324
f 1304 1324 1323
f 1305 1306 1325
f 1305 1325 1324
f 1306 1307 1326
f 1306 1326 1325
f 1307 1308 1327
f 1307 1327 1326
f 1308 1309 1328
f 1308 1328 1327
f 1309 1310 1329
f 1309 1329 1328
f 1311 1312 1331
f 1311 1331 1330
f 1312 1313 1332
f 1312 1332 1331
f 1313 1314 1333
f 1313 1333 1332
f 1314 1315 1334
f 1314 1334 1333
f 1315 1316 1335
f 1315 1335 1334
f 1316 1317 1336
f 1316 1336 1335
f 1317 1318 1337
f 1317 1337 1336
f 1318 1319 1338
f 1318 1338 1337
f 1319 1320 1339
f 1319 1339 1338
f 1320 1321 1340
f 1320 1340 1339
f 1321 1322 1341
f 1321 1341 1340
f 1322 1323 1342
f 1322 1342 1341
f 1323 1324 1343
f 1323 1343 1342
f 1324 1325 1344
f 1324 1344 1343
f 1325 1326 1345
f 1325 1345 1344
f 1326 1327 1346
f 1326 1346 1345
f 1327 1328 1347
f 1327 1347 1346
f 1328 1329 1348
f 1328 1348 1347
f 1330 1331 1350
f 1330 1350 1349
f 1331 1332 1351
f 1331 1351 1350
f 1332 1333 1352
f 1332 1352 1351
f 1333 1334 1353
f 1333 1353 1352
f 1334 1335 1354
f 1334 1354 1353
f 1335 1336 1355
f 1335 1355 1354
f 1336 1337 1356
f 1336 1356 1355
f 1337 1338 1357
f 1337 1357 1356
f 1338 1339 1358
f 1338 1358 1357
f 1339 1340 1359
f 1339 1359 1358
f 1340 1341 1360
f 1340 1360 1359
f 1341 1342 1361
f 1341 1361 1360
f 1342 1343 1362
f 1342 1362 1361
f 1343 1344 1363
f 1343 1363 1362
f 1344 1345 1364
f 1344 1364 1363
f 1345 1346 1365
f 1345 1365 1364
f 1346 1347 1366
f 1346 1366 1365
f 1347 1348 1367
f 1347 1367 1366
f 1349 1350 1369
f 1349 1369 1368
f 1350 1351 1370
f 1350 1370 1369
f 1351 1352 1371
f 1351 1371 1370
f 1352 1353 1372
f 1352 1372 1371
f 1353 1354 1373
f 1353 1373 1372
f 1354 1355 1374
f 1354 1374 1373
f 1355 1356 1375
f 1355 1375 1374
f 1356 1357 1376
f 1356 1376 1375
f 1357 1358 1377
f 1357 1377 1376
f 1358 1359 1378
f 1358 1378 1377
f 1359 1360 1379
f 1359 1379 1378
f 1360 1361 1380
f 1360 1380 1379
f 1361 1362 1381
f 1361 1381 1380
f 1362 1363 1382
f 1362 1382 1381
f 1363 1364 1383
f 1363 1383 1382
f 1364 1365 1384
f 1364 1384 1383
f 1365 1366 1385
f 1365 1385 1384
f 1366 1367 1386
f 1366 1386 1385
f 1368 1369 1388
f 1368 1388 1387
f 1369 1370 1389
f 1369 1389 1388
f 1370 1371 1390
f 1370 1390 1389
f 1371 1372 1391
f 1371 1391 1390
f 1372 1373 1392
f 1372 1392 1391
f 1373 1374 1393
f 1373 1393 1392
f 1374 1375 1394
f 1374 1394 1393
f 1375 1376 1395
f 1375 1395 1394
f 1376 1377 1396
f 1376 1396 1395
f 1377 1378 1397
f 1377 1397 1396
f 1378 1379 1398
f 1378 1398 1397
f 1379 1380 1399
f 1379 1399 1398
f 1380 1381 1400
f 1380 1400 1399
f 1381 1382 1401
f 1381 1401 1400
f 1382 1383 1402
f 1382 1402 1401
f 1383 1384 1403
f 1383 1403 1402
f 1384 1385 1404
f 1384 1404 1403
f 1385 1386 1405
f 1385 1405 1404
f 1387 1388 1407
f 1387 1407 1406
f 1388 1389 1408
f 1388 1408 1407
f 1389 1390 1409
f 1389 1409 1408
f 1390 1391 1410
f 1390 1410 1409
f 1391 1392 1411
f 1391 1411 1410
f 1392 1393 1412
f 1392 1412 1411
f 1393 1394 1413
f 1393 1413 1412
f 1394 1395 1414
f 1394 1414 1413
f 1395 1396 1415
f 1395 1415 1414
f 1396 1397 1416
f 1396 1416 1415
f 1397 1398 1417
f 1397 1417 1416
f 1398 1399 1418
f 1398 1418 1417
f 1399 1400 1419
f 1399 1419 1418
f 1400 1401 1420
f 1400 1420 1419
f 1401 1402 1421
f 1401 1421 1420
f 1402 1403 1422
f 1402 1422 1421
f 1403 1404 1423
f 1403 1423 1422
f 1404 1405 1424
f 1404 1424 1423
f 1406 1407 1426
f 1406 1426 1425
f 1407 1408 1427
f 1407 1427 1426
f 1408 1409 1428
f 1408 1428 1427
f 1409 1410 1429
f 1409 1429 1428
f 1410 1411 1430
f 1410 1430 1429
f 1411 1412 1431
f 1411 1431 1430
f 1412 1413 1432
f 1412 1432 1431
f 1413 1414 1433
f 1413 1433 1432
f 1414 1415 1434
f 1414 1434 1433
f 1415 1416 1435
f 1415 1435 1434
f 1416 1417 1436
f 1416 1436 1435
f 1417 1418 1437
f 1417 1437 1436
f 1418 1419 1438
f 1418 1438 1437
f 1419 1420 1439
f 1419 1439 1438
f 1420 1421 1440
f 1420 1440 1439
f 1421 1422 1441
f 1421 1441 1440
f 1422 1423 1442
f 1422 1442 1441
f 1423 1424 1443
f 1423 1443 1442
f 1425 1426 1445
f 1425 1445 1444
f 1426 1427 1446
f 1426 1446 1445
f 1427 1428 1447
f 1427 1447 1446
f 1428 1429 1448
f 1428 1448 1447
f 1429 1430 1449
f 1429 1449 1448
f 1430 1431 1450
f 1430 1450 1449
f 1431 1432 1451
f 1431 1451 1450
f 1432 1433 1452
f 1432 1452 1451
f 1433 1434 1453
f 1433 1453 1452
f 1434 1435 1454
f 1434 1454 1453
f 1435 1436 1455
f 1435 1455 1454
f 1436 1437 1456
f 1436 1456 1455
f 1437 1438 1457
f 1437 1457 1456
f 1438 1439 1458
f 1438 1458 1457
f 1439 1440 1459
f 1439 1459 1458
f 1440 1441 1460
f 1440 1460 1459
f 1441 1442 1461
f 1441 1461 1460
f 1442 1443 1462
f 1442 1462 1461
f 1444 1445 1464
f 1444 1464 1463
f 1445 1446 1465
f 1445 1465 1464
f 1446 1447 1466
f 1446 1466 1465
f 1447 1448 1467
f 1447 1467 1466
f 1448 1449 1468
f 1448 1468 1467
f 1449 1450 1469
f 1449 1469 1468
f 1450 1451 1470
f 1450 1470 1469
f 1451 1452 1471
f 1451 1471 1470
f 1452 1453 1472
f 1452 1472 1471
f 1453 1454 1473
f 1453 1473 1472
f 1454 1455 1474
f 1454 1474 1473
f 1455 1456 1475
f 1455 1475 1474
f 1456 1457 1476
f 1456 1476 1475
f 1457 1458 1477
f 1457 1477 1476
f 1458 1459 1478
f 1458 1478 1477
f 1459 1460 1479
f 1459 1479 1478
f 1460 1461 1480
f 1460 1480 1479
f 1461 1462 1481
f 1461 1481 1480
f 1463 1464 1483
f 1463 1483 1482
f 1464 1465 1484
f 1464 1484 1483
f 1465 1466 1485
f 1465 1485 1484
f 1466 1467 1486
f 1466 1486 1485
f 1467 1468 1487
f 1467 1487 1486
f 1468 1469 1488
f 1468 1488 1487
f 1469 1470 1489
f 1469 1489 1488
f 1470 1471 1490
f 1470 1490 1489
f 1471 1472 1491
f 1471 1491 1490
f 1472 1473 1492
f 1472 1492 1491
f 1473 1474 1493
f 1473 1493 1492
f 1474 1475 1494
f 1474 1494 1493
f 1475 1476 1495
f 1475 1495 1494
f 1476 1477 1496
f 1476 1496 1495
f 1477 1478 1497
f 1477 1497 1496
f 1478 1479 1498
f 1478 1498 1497
f 1479 1480 1499
f 1479 1499 1498
f 1480 1481 1500
f 1480 1500 1499
f 1482 1483 1502
f 1482 1502 1501
f 1483 1484 1503
f 1483 1503 1502
f 1484 1485 1504
f 1484 1504 1503
f 1485 1486 1505
f 1485 1505 1504
f 1486 1487 1506
f 1486 1506 1505
f 1487 1488 1507
f 1487 1507 1506
f 1488 1489 1508
f 1488 1508 1507
f 1489 1490 1509
f 1489 1509 1508
f 1490 1491 1510
f 1490 1510 1509
f 1491 1492 1511
f 1491 1511 1510
f 1492 1493 1512
f 1492 1512 1511
f 1493 1494 1513
f 1493 1513 1512
f 1494 1495 1514
f 1494 1514 1513
f 1495 1496 1515
f 1495 1515 1514
f 1496 1497 1516
f 1496 1516 1515
f 1497 1498 1517
f 1497 1517 1516
f 1498 1499 1518
f 1498 1518 1517
f 1499 1500 1519
f 1499 1519 1518
f 1501 1502 1521
f 1501 1521 1520
f 1502 1503 1522
f 1502 1522 1521
f 1503 1504 1523
f 1503 1523 1522
f 1504 1505 1524
f 1504 1524 1523
f 1505 1506 1525
f 1505 1525 1524
f 1506 1507 1526
f 1506 1526 1525
f 1507 1508 1527
f 1507 1527 1526
f 1508 1509 1528
f 1508 1528 1527
f 1509 1510 1529
f 1509 1529 1528
f 1510 1511 1530
f 1510 1530 1529
f 1511 1512 1531
f 1511 1531 1530
f 1512 1513 1532
f 1512 1532 1531
f 1513 1514 1533
f 1513 1533 1532
f 1514 1515 1534
f 1514 1534 1533
f 1515 1516 1535
f 1515 1535 1534
f 1516 1517 1536
f 1516 1536 1535
f 1517 1518 1537
f 1517 1537 1536
f 1518 1519 1538
f 1518 1538 1537
f 1520 1521 1540
f 1520 1540 1539
f 1521 1522 1541
f 1521 1541 1540
f 1522 1523 1542
f 1522 1542 1541
f 1523 1524 1543
f 1523 1543 1542
f 1524 1525 1544
f 1524 1544 1543
f 1525 1526 1545
f 1525 1545 1544
f 1526 1527 1546
f 1526 1546 1545
f 1527 1528 1547
f 1527 1547 1546
f 1528 1529 1548
f 1528 1548 1547
f 1529 1530 1549
f 1529 1549 1548
f 1530 1531 1550
f 1530 1550 1549
f 1531 1532 1551
f 1531 1551 1550
f 1532 1533 1552
f 1532 1552 1551
f 1533 1534 1553
f 1533 1553 1552
f 1534 1535 1554
f 1534 1554 1553
f 1535 1536 1555
f 1535 1555 1554
f 1536 1537 1556
f 1536 1556 1555
f 1537 1538 1557
f 1537 1557 1556
f 1539 1540 1559
f 1539 1559 1558
f 1540 1541 1560
f 1540 1560 1559
f 1541 1542 1561
f 1541 1561 1560
f 1542 1543 1562
f 1542 1562 1561
f 1543 1544 1563
f 1543 1563 1562
f 1544 1545 1564
f 1544 1564 1563
f 1545 1546 1565
f 1545 1565 1564
f 1546 1547 1566
f 1546 1566 1565
f 1547 1548 1567
f 1547 1567 1566
f 1548 1549 1568
f 1548 1568 1567
f 1549 1550 1569
f 1549 1569 1568
f 1550 1551 1570
f 1550 1570 1569
f 1551 1552 1571
f 1551 1571 1570
f 1552 1553 1572
f 1552 1572 1571
f 1553 1554 1573
f 1553 1573 1572
f 1554 1555 1574
f 1554 1574 1573
f 1555 1556 1575
f 1555 1575 1574
f 1556 1557 1576
f 1556 1576 1575
f 1558 1559 1579
f 1558 1579 1578
f 1559 1560 1580
f 1559 1580 1579
f 1560 1561 1581
f 1560 1581 1580
f 1561 1562 1582
f 1561 1582 1581
f 1562 1563 1583
f 1562 1583 1582
f 1563 1564 1584
f 1563 1584 1583
f 1564 1565 1585
f 1564 1585 1584
f 1565 1566 1586
f 1565 1586 1585
f 1566 1567 1587
f 1566 1587 1586
f 1567 1568 1588
f 1567 1588 1587
f 1568 1569 1589
f 1568 1589 1588
f 1569 1570 1590
f 1569 1590 1589
f 1570 1571 1591
f 1570 1591 1590
f 1571 1572 1592
f 1571 1592 1591
f 1572 1573 1593
f 1572 1593 1592
f 1573 1574 1594
f 1573 1594 1593
f 1574 1575 1595
f 1574 1595 1594
f 1575 1576 1596
f 1575 1596 1595
f 1577 1578 1598
f 1577 1598 1597
f 1578 1579 1599
f 1578 1599 1598
f 1579 1580 1600
f 1579 1600 1599
f 1580 1581 1601
f 1580 1601 1600
f 1581 1582 1602
f 1581 1602 1601
f 1582 1583 1603
f 1582 1603 1602
f 1583 1584 1604
f 1583 1604 1603
f 1584 1585 1605
f 1584 1605 1604
f 1585 1586 1606
f 1585 1606 1605
f 1586 1587 1607
f 1586 1607 1606
f 1587 1588 1608
f 1587 1608 1607
f 1588 1589 1609
f 1588 1609 1608
f 1589 1590 1610
f 1589 1610 1609
f 1590 1591 1611
f 1590 1611 1610
f 1591 1592 1612
f 1591 1612 1611
f 1592 1593 1613
f 1592 1613 1612
f 1593 1594 1614
f 1593 1614 1613
f 1594 1595 1615
f 1594 1615 1614
f 1595 1596 1616
f 1595 1616 1615
f 1597 1598 1618
f 1597 1618 1617
f 1598 1599 1619
f 1598 1619 1618
f 1599 1600 1620
f 1599 1620 1619
f 1600 1601 1621
f 1600 1621 1620
f 1601 1602 1622
f 1601 1622 1621
f 1602 1603 1623
f 1602 1623 1622
f 1603 1604 1624
f 1603 1624 1623
f 1604 1605 1625
f 1604 1625 1624
f 1605 1606 1626
f 1605 1626 1625
f 1606 1607 1627
f 1606 1627 1626
f 1607 1608 1628
f 1607 1628 1627
f 1608 1609 1629
f 1608 1629 1628
f 1609 1610 1630
f 1609 1630 1629
f 1610 1611 1631
f 1610 1631 1630
f 1611 1612 1632
f 1611 1632 1631
f 1612 1613 1633
f 1612 1633 1632
f 1613 1614 1634
f 1613 1634 1633
f 1614 1615 1635
f 1614 1635 1634
f 1615 1616 1636
f 1615 1636 1635
f 1617 1618 1638
f 1617 1638 1637
f 1618 1619 1639
f 1618 1639 1638
f 1619 1620 1640
f 1619 1640 1639
f 1620 1621 1641
f 1620 1641 1640
f 1621 1622 1642
f 1621 1642 1641
f 1622 1623 1643
f 1622 1643 1642
f 1623 1624 1644
f 1623 1644 1643
f 1624 1625 1645
f 1624 1645 1644
f 1625 1626 1646
f 1625 1646 1645
f 1626 1627 1647
f 1626 1647 1646
f 1627 1628 1648
f 1627 1648 1647
f 1628 1629 1649
f 1628 1649 1648
f 1629 1630 1650
f 1629 1650 1649
f 1630 1631 1651
f 1630 1651 1650
f 1631 1632 1652
f 1631 1652 1651
f 1632 1633 1653
f 1632 1653 1652
f 1633 1634 1654
f 1633 1654 1653
f 1634 1635 1655
f 1634 1655 1654
f 1635 1636 1656
f 1635 1656 1655
f 1637 1638 1658
f 1637 1658 1657
f 1638 1639 1659
f 1638 1659 1658
f 1639 1640 1660
f 1639 1660 1659
f 1640 1641 1661
f 1640 1661 1660
f 1641 1642 1662
f 1641 1662 1661
f 1642 1643 1663
f 1642 1663 1662
f 1643 1644 1664
f 1643 1664 1663
f 1644 1645 1665
f 1644 1665 1664
f 1645 1646 1666
f 1645 1666 1665
f 1646 1647 1667
f 1646 1667 1666
f 1647 1648 1668
f 1647 1668 1667
f 1648 1649 1669
f 1648 1669 1668
f 1649 1650 1670
f 1649 1670 1669
f 1650 1651 1671
f 1650 1671 1670
f 1651 1652 1672
f 1651 1672 1671
f 1652 1653 1673
f 1652 1673 1672
f 1653 1654 1674
f 1653 1674 1673
f 1654 1655 1675
f 1654 1675 1674
f 1655 1656 1676
f 1655 1676 1675
f 1657 1658 1679
f 1657 1679 1678
f 1658 1659 1680
f 1658 1680 1679
f 1659 1660 1681
f 1659 1681 1680
f 1660 1661 1682
f 1660 1682 1681
f 1661 1662 1683
f 1661 1683 1682
f 1662 1663 1684
f 1662 1684 1683
f 1663 1664 1685
f 1663 1685 1684
f 1664 1665 1686
f 1664 1686 1685
f 1665 1666 1687
f 1665 1687 1686
f 1666 1667 1688
f 1666 1688 1687
f 1667 1668 1689
f 1667 1689 1688
f 1668 1669 1690
f 1668 1690 1689
f 1669 1670 1691
f 1669 1691 1690
f 1670 1671 1692
f 1670 1692 1691
f 1671 1672 1693
f 1671 1693 1692
f 1672 1673 1694
f 1672 1694 1693
f 1673 1674 1695
f 1673 1695 1694
f 1674 1675 1696
f 1674 1696 1695
f 1675 1676 1697
f 1675 1697 1696
f 1677 1678 1699
f 1677 1699 1698
f 1678 1679 1700
f 1678 1700 1699
f 1679 1680 1701
f 1679 1701 1700
f 1680 1681 1702
f 1680 1702 1701
f 1681 1682 1703
f 1681 1703 1702
f 1682 1683 1704
f 1682 1704 1703
f 1683 1684 1705
f 1683 1705 1704
f 1684 1685 1706
f 1684 1706 1705
f 1685 1686 1707
f 1685 1707 1706
f 1686 1687 1708
f 1686 1708 1707
f 1687 1688 1709
f 1687 1709 1708
f 1688 1689 1710
f 1688 1710 1709
f 1689 1690 1711
f 1689 1711 1710
f 1690 1691 1712
f 1690 1712 1711
f 1691 1692 1713
f 1691 1713 1712
f 1692 1693 1714
f 1692 1714 1713
f 1693 1694 1715
f 1693 1715 1714
f 1694 1695 1716
f 1694 1716 1715
f 1695 1696 1717
f 1695 1717 1716
f 1696 1697 1718
f 1696 1718 1717
f 1698 1699 1721
f 1698 1721 1720
f 1699 1700 1722
f 1699 1722 1721
f 1700 1701 1723
f 1700 1723 1722
f 1701 1702 1724
f 1701 1724 1723
f 1702 1703 1725
f 1702 1725 1724
f 1703 1704 1726
f 1703 1726 1725
f 1704 1705 1727
f 1704 1727 1726
f 1705 1706 1728
f 1705 1728 1727
f 1706 1707 1729
f 1706 1729 1728
f 1707 1708 1730
f 1707 1730 1729
f 1708 1709 1731
f 1708 1731 1730
f 1709 1710 1732
f 1709 1732 1731
f 1710 1711 1733
f 1710 1733 1732
f 1711 1712 1734
f 1711 1734 1733
f 1712 1713 1735
f 1712 1735 1734
f 1713 1714 1736
f 1713 1736 1735
f 1714 1715 1737
f 1714 1737 1736
f 1715 1716 1738
f 1715 1738 1737
f 1716 1717 1739
f 1716 1739 1738
f 1717 1718 1740
f 1717 1740 1739
f 1719 1720 1742
f 1719 1742 1741
f 1720 1721 1743
f 1720 1743 1742
f 1721 1722 1744
f 1721 1744 1743
f 1722 1723 1745
f 1722 1745 1744
f 1723 1724 1746
f 1723 1746 1745
f 1724 1725 1747
f 1724 1747 1746
f 1725 1726 1748
f 1725 1748 1747
f 1726 1727 1749
f 1726 1749 1748
f 1727 1728 1750
f 1727 1750 1749
f 1728 1729 1751
f 1728 1751 1750
f 1729 1730 1752
f 1729 1752 1751
f 1730 1731 1753
f 1730 1753 1752
f 1731 1732 1754
f 1731 1754 1753
f 1732 1733 1755
f 1732 1755 1754
f 1733 1734 1756
f 1733 1756 1755
f 1734 1735 1757
f 1734 1757 1756
f 1735 1736 1758
f 1735 1758 1757
f 1736 1737 1759
f 1736 1759 1758
f 1737 1738 1760
f 1737 1760 1759
f 1738 1739 1761
f 1738 1761 1760
f 1739 1740 1762
f 1739 1762 1761
f 1741 1742 1765
f 1741 1765 1764
f 1742 1743 1766
f 1742 1766 1765
f 1743 1744 1767
f 1743 1767 1766
f 1744 1745 1768
f 1744 1768 1767
f 1745 1746 1769
f 1745 1769 1768
f 1746 1747 1770
f 1746 1770 1769
f 1747 1748 1771
f 1747 1771 1770
f 1748 1749 1772
f 1748 1772 1771
f 1749 1750 1773
f 1749 1773 1772
f 1750 1751 1774
f 1750 1774 1773
f 1751 1752 1775
f 1751 1775 1774
f 1752 1753 1776
f 1752 1776 1775
f 1753 1754 1777
f 1753 1777 1776
f 1754 1755 1778
f 1754 1778 1777
f 1755 1756 1779
f 1755 1779 1778
f 1756 1757 1780
f 1756 1780 1779
f 1757 1758 1781
f 1757 1781 1780
f 1758 1759 1782
f 1758 1782 1781
f 1759 1760 1783
f 1759 1783 1782
f 1760 1761 1784
f 1760 1784 1783
f 1761 1762 1785
f 1761 1785 1784
f 1763 1764 1787
f 1763 1787 1786
f 1764 1765 1788
f 1764 1788 1787
f 1765 1766 1789
f 1765 1789 1788
f 1766 1767 1790
f 1766 1790 1789
f 1767 1768 1791
f 1767 1791 1790
f 1768 1769 1792
f 1768 1792 1791
f 1769 1770 1793
f 1769 1793 1792
f 1770 1771 1794
f 1770 1794 1793
f 1771 1772 1795
f 1771 1795 1794
f 1772 1773 1796
f 1772 1796 1795
f 1773 1774 1797
f 1773 1797 1796
f 1774 1775 1798
f 1774 1798 1797
f 1775 1776 1799
f 1775 1799 1798
f 1776 1777 1800
f 1776 1800 1799
f 1777 1778 1801
f 1777 1801 1800
f 1778 1779 1802
f 1778 1802 1801
f 1779 1780 1803
f 1779 1803 1802
f 1780 1781 1804
f 1780 1804 1803
f 1781 1782 1805
f 1781 1805 1804
f 1782 1783 1806
f 1782 1806 1805
f 1783 1784 1807
f 1783 1807 1806
f 1784 1785 1808
f 1784 1808 1807
f 1786 1787 1811
f 1786 1811 1810
f 1787 1788 1812
f 1787 1812 1811
f 1788 1789 1813
f 1788 1813 1812
f 1789 1790 1814
f 1789 1814 1813
f 1790 1791 1815
f 1790 1815 1814
f 1791 1792 1816
f 1791 1816 1815
f 1792 1793 1817
f 1792 1817 1816
f 1793 1794 1818
f 1793 1818 1817
f 1794 1795 1819
f 1794 1819 1818
f 1795 1796 1820
f 1795 1820 1819
f 1796 1797 1821
f 1796 1821 1820
f 1797 1798 1822
f 1797 1822 1821
f 1798 1799 1823
f 1798 1823 1822
f 1799 1800 1824
f 1799 1824 1823
f 1800 1801 1825
f 1800 1825 1824
f 1801 1802 1826
f 1801 1826 1825
f 1802 1803 1827
f 1802 1827 1826
f 1803 1804 1828
f 1803 1828 1827
f 1804 1805 1829
f 1804 1829 1828
f 1805 1806 1830
f 1805 1830 1829
f 1806 1807 1831
f 1806 1831 1830
f 1807 1808 1832
f 1807 1832 1831
f 1809 1810 1835
f 1809 1835 1834
f 1810 1811 1836
f 1810 1836 1835
f 1811 1812 1837
f 1811 1837 1836
f 1812 1813 1838
f 1812 1838 1837
f 1813 1814 1839
f 1813 1839 1838
f 1814 1815 1840
f 1814 1840 1839
f 1815 1816 1841
f 1815 1841 1840
f 1816 1817 1842
f 1816 1842 1841
f 1817 1818 1843
f 1817 1843 1842
f 1818 1819 1844
f 1818 1844 1843
f 1819 1820 1845
f 1819 1845 1844
f 1820 1821 1846
f 1820 1846 1845
f 1821 1822 1847
f 1821 1847 1846
f 1822 1823 1848
f 1822 1848 1847
f 1823 1824 1849
f 1823 1849 1848
f 1824 1825 1850
f 1824 1850 1849
f 1825 1826 1851
f 1825 1851 1850
f 1826 1827 1852
f 1826 1852 1851
f 1827 1828 1853
f 1827 1853 1852
f 1828 1829 1854
f 1828 1854 1853
f 1829 1830 1855
f 1829 1855 1854
f 1830 1831 1856
f 1830 1856 1855
f 1831 1832 1857
f 1831 1857 1856
f 1833 1834 1860
f 1833 1860 1859
f 1834 1835 1861
f 1834 1861 1860
f 1835 1836 1862
f 1835 1862 1861
f 1836 1837 1863
f 1836 1863 1862
f 1837 1838 1864
f 1837 1864 1863
f 1838 1839 1865
f 1838 1865 1864
f 1839 1840 1866
f 1839 1866 1865
f 1840 1841 1867
f 1840 1867 1866
f 1841 1842 1868
f 1841 1868 1867
f 1842 1843 1869
f 1842 1869 1868
f 1843 1844 1870
f 1843 1870 1869
f 1844 1845 1871
f 1844 1871 1870
f 1845 1846 1872
f 1845 1872 1871
f 1846 1847 1873
f 1846 1873 1872
f 1847 1848 1874
f 1847 1874 1873
f 1848 1849 1875
f 1848 1875 1874
f 1849 1850 1876
f 1849 1876 1875
f 1850 1851 1877
f 1850 1877 1876
f 1851 1852 1878
f 1851 1878 1877
f 1852 1853 1879
f 1852 1879 1878
f 1853 1854 1880
f 1853 1880 1879
f 1854 1855 1881
f 1854 1881 1880
f 1855 1856 1882
f 1855 1882 1881
f 1856 1857 1883
f 1856 1883 1882
f 1858 1859 1886
f 1858 1886 1885
f 1859 1860 1887
f 1859 1887 1886
f 1860 1861 1888
f 1860 1888 1887
f 1861 1862 1889
f 1861 1889 1888
f 1862 1863 1890
f 1862 1890 1889
f 1863 1864 1891
f 1863 1891 1890
f 1864 1865 1892
f 1864 1892 1891
f 1865 1866 1893
f 1865 1893 1892
f 1866 1867 1894
f 1866 1894 1893
f 1867 1868 1895
f 1867 1895 1894
f 1868 1869 1896
f 1868 1896 1895
f 1869 1870 1897
f 1869 1897 1896
f 1870 1871 1898
f 1870 1898 1897
f 1871 1872 1899
f 1871 1899 1898
f 1872 1873 1900
f 1872 1900 1899
f 1873 1874 1901
f 1873 1901 1900
f 1874 1875 1902
f 1874 1902 1901
f 1875 1876 1903
f 1875 1903 1902
f 1876 1877 1904
f 1876 1904 1903
f 1877 1878 1905
f 1877 1905 1904
f 1878 1879 1906
f 1878 1906 1905
f 1879 1880 1907
f 1879 1907 1906
f 1880 1881 1908
f 1880 1908 1907
f 1881 1882 1909
f 1881 1909 1908
f 1882 1883 1910
f 1882 1910 1909
f 1884 1885 1914
f 1884 1914 1913
f 1885 1886 1915
f 1885 1915 1914
f 1886 1887 1916
f 1886 1916 1915
f 1887 1888 1917
f 1887 1917 1916
f 1888 1889 1918
f 1888 1918 1917
f 1889 1890 1919
f 1889 1919 1918
f 1890 1891 1920
f 1890 1920 1919
f 1891 1892 1921
f 1891 1921 1920
f 1892 1893 1922
f 1892 1922 1921
f 1893 1894 1923
f 1893 1923 1922
f 1894 1895 1924
f 1894 1924 1923
f 1895 1896 1925
f 1895 1925 1924
f 1896 1897 1926
f 1896 1926 1925
f 1897 1898 1927
f 1897 1927 1926
f 1898 1899 1928
f 1898 1928 1927
f 1899 1900 1929
f 1899 1929 1928
f 1900 1901 1930
f 1900 1930 1929
f 1901 1902 1931
f 1901 1931 1930
f 1902 1903 1932
f 1902 1932 1931
f 1903 1904 1933
f 1903 1933 1932
f 1904 1905 1934
f 1904 1934 1933
f 1905 1906 1935
f 1905 1935 1934
f 1906 1907 1936
f 1906 1936 1935
f 1907 1908 1937
f 1907 1937 1936
f 1908 1909 1938
f 1908 1938 1937
f 1909 1910 1939
f 1909 1939 1938
f 1911 1912 1943
f 1911 1943 1942
f 1912 1913 1944
f 1912 1944 1943
f 1913 1914 1945
f 1913 1945 1944
f 1914 1915 1946
f 1914 1946 1945
f 1915 1916 1947
f 1915 1947 1946
f 1916 1917 1948
f 1916 1948 1947
f 1917 1918 1949
f 1917 1949 1948
f 1918 1919 1950
f 1918 1950 1949
f 1919 1920 1951
f 1919 1951 1950
f 1920 1921 1952
f 1920 1952 1951
f 1921 1922 1953
f 1921 1953 1952
f 1922 1923 1954
f 1922 1954 1953
f 1923 1924 1955
f 1923 1955 1954
f 1924 1925 1956
f 1924 1956 1955
f 1925 1926 1957
f 1925 1957 1956
f 1926 1927 1958
f 1926 1958 1957
f 1927 1928 1959
f 1927 1959 1958
f 1928 1929 1960
f 1928 1960 1959
f 1929 1930 1961
f 1929 1961 1960
f 1930 1931 1962
f 1930 1962 1961
f 1931 1932 1963
f 1931 1963 1962
f 1932 1933 1964
f 1932 1964 1963
f 1933 1934 1965
f 1933 1965 1964
f 1934 1935 1966
f 1934 1966 1965
f 1935 1936 1967
f 1935 1967 1966
f 1936 1937 1968
f 1936 1968 1967
f 1937 1938 1969
f 1937 1969 1968
f 1938 1939 1970
f 1938 1970 1969
f 1940 1941 1974
f 1940 1974 1973
f 1941 1942 1975
f 1941 1975 1974
f 1942 1943 1976
f 1942 1976 1975
f 1943 1944 1977
f 1943 1977 1976
f 1944 1945 1978
f 1944 1978 1977
f 1945 1946 1979
f 1945 1979 1978
f 1946 1947 1980
f 1946 1980 1979
f 1947 1948 1981
f 1947 1981 1980
f 1948 1949 1982
f 1948 1982 1981
f 1949 1950 1983
f 1949 1983 1982
f 1950 1951 1984
f 1950 1984 1983
f 1951 1952 1985
f 1951 1985 1984
f 1952 1953 1986
f 1952 1986 1985
f 1953 1954 1987
f 1953 1987 1986
f 1954 1955 1988
f 1954 1988 1987
f 1955 1956 1989
f 1955 1989 1988
f 1956 1957 1990
f 1956 1990 1989
f 1957 1958 1991
f 1957 1991 1990
f 1958 1959 1992
f 1958 1992 1991
f 1959 1960 1993
f 1959 1993 1992
f 1960 1961 1994
f 1960 1994 1993
f 1961 1962 1995
f 1961 1995 1994
f 1962 1963 1996
f 1962 1996 1995
f 1963 1964 1997
f 1963 1997 1996
f 1964 1965 1998
f 1964 1998 1997
f 1965 1966 1999
f 1965 1999 1998
f 1966 1967 2000
f 1966 2000 1999
f 1967 1968 2001
f 1967 2001 2000
f 1968 1969 2002
f 1968 2002 2001
f 1969 1970 2003
f 1969 2003 2002
f 1971 1972 2008
f 1971 2008 2007
f 1972 1973 2009
f 1972 2009 2008
f 1973 1974 2010
f 1973 2010 2009
f 1974 1975 2011
f 1974 2011 2010
f 1975 1976 2012
f 1975 2012 2011
f 1976 1977 2013
f 1976 2013 2012
f 1977 1978 2014
f 1977 2014 2013
f 1978 1979 2015
f 1978 2015 2014
f 1979 1980 2016
f 1979 2016 2015
f 1980 1981 2017
f 1980 2017 2016
f 1981 1982 2018
f 1981 2018 2017
f 1982 1983 2019
f 1982 2019 2018
f 1983 1984 2020
f 1983 2020 2019
f 1984 1985 2021
f 1984 2021 2020
f 1985 1986 2022
f 1985 2022 2021
f 1986 1987 2023
f 1986 2023 2022
f 1987 1988 2024
f 1987 2024 2023
f 1988 1989 2025
f 1988 2025 2024
f 1989 1990 2026
f 1989 2026 2025
f 1990 1991 2027
f 1990 2027 2026
f 1991 1992 2028
f 1991 2028 2027
f 1992 1993 2029
f 1992 2029 2028
f 1993 1994 2030
f 1993 2030 2029
f 1994 1995 2031
f 1994 2031 2030
f 1995 1996 2032
f 1995 2032 2031
f 1996 1997 2033
f 1996 2033 2032
f 1997 1998 2034
f 1997 2034 2033
f 1998 1999 2035
f 1998 2035 2034
f 1999 2000 2036
f 1999 2036 2035
f 2000 2001 2037
f 2000 2037 2036
f 2001 2002 2038
f 2001 2038 2037
f 2002 2003 2039
f 2002 2039 2038
f 2004 2005 2048
f 2004 2048 2047
f 2005 2006 2049
f 2005 2049 2048
f 2006 2007 2050
f 2006 2050 2049
f 2007 2008 2051
f 2007 2051 2050
f 2008 2009 2052
f 2008 2052 2051
f 2009 2010 2053
f 2009 2053 2052
f 2010 2011 2054
f 2010 2054 2053
f 2011 2012 2055
f 2011 2055 2054
f 2012 2013 2056
f 2012 2056 2055
f 2013 2014 2057
f 2013 2057 2056
f 2014 2015 2058
f 2014 2058 2057
f 2015 2016 2059
f 2015 2059 2058
f 2016 2017 2060
f 2016 2060 2059
f 2017 2018 2061
f 2017 2061 2060
f 2018 2019 2062
f 2018 2062 2061
f 2019 2020 2063
f 2019 2063 2062
f 2020 2021 2064
f 2020 2064 2063
f 2021 2022 2065
f 2021 2065 2064
f 2022 2023 2066
f 2022 2066 2065
f 2023 2024 2067
f 2023 2067 2066
f 2024 2025 2068
f 2024 2068 2067
f 2025 2026 2069
f 2025 2069 2068
f 2026 2027 2070
f 2026 2070 2069
f 2027 2028 2071
f 2027 2071 2070
f 2028 2029 2072
f 2028 2072 2071
f 2029 2030 2073
f 2029 2073 2072
f 2030 2031 2074
f 2030 2074 2073
f 2031 2032 2075
f 2031 2075 2074
f 2032 2033 2076
f 2032 2076 2075
f 2033 2034 2077
f 2033 2077 2076
f 2034 2035 2078
f 2034 2078 2077
f 2035 2036 2079
f 2035 2079 2078
f 2036 2037 2080
f 2036 2080 2079
f 2037 2038 2081
f 2037 2081 2080
f 2038 2039 2082
f 2038 2082 2081
f 2040 2041 2084
f 2040 2084 2083
f 2041 2042 2085
f 2041 2085 2084
f 2042 2043 2086
f 2042 2086 2085
f 2043 2044 2087
f 2043 2087 2086
f 2044 2045 2088
f 2044 2088 2087
f 2045 2046 2089
f 2045 2089 2088
f 2046 2047 2090
f 2046 2090 2089
f 2047 2048 2091
f 2047 2091 2090
f 2048 2049 2092
f 2048 2092 2091
f 2049 2050 2093
f 2049 2093 2092
f 2050 2051 2094
f 2050 2094 2093
f 2051 2052 2095
f 2051 2095 2094
f 2052 2053 2096
f 2052 2096 2095
f 2053 2054 2097
f 2053 2097 2096
f 2054 2055 2098
f 2054 2098 2097
f 2055 2056 2099
f 2055 2099 2098
f 2056 2057 2100
f 2056 2100 2099
f 2057 2058 2101
f 2057 2101 2100
f 2058 2059 2102
f 2058 2102 2101
f 2059 2060 2103
f 2059 2103 2102
f 2060 2061 2104
f 2060 2104 2103
f 2061 2062 2105
f 2061 2105 2104
f 2062 2063 2106
f 2062 2106 2105
f 2063 2064 2107
f 2063 2107 2106
f 2064 2065 2108
f 2064 2108 2107
f 2065 2066 2109
f 2065 2109 2108
f 2066 2067 2110
f 2066 2110 2109
f 2067 2068 2111
f 2067 2111 2110
f 2068 2069 2112
f 2068 2112 2111
f 2069 2070 2113
f 2069 2113 2112
f 2070 2071 2114
f 2070 2114 2113
f 2071 2072 2115
f 2071 2115 2114
f 2072 2073 2116
f 2072 2116 2115
f 2073 2074 2117
f 2073 2117 2116
f 2074 2075 2118
f 2074 2118 2117
f 2075 2076 2119
f 2075 2119 2118
f 2076 2077 2120
f 2076 2120 2119
f 2077 2078 2121
f 2077 2121 2120
f 2078 2079 2122
f 2078 2122 2121
f 2079 2080 2123
f 2079 2123 2122
f 2080 2081 2124
f 2080 2124 2123
f 2081 2082 2125
f 2081 2125 2124
f 2083 2084 2128
f 2083 2128 2127
f 2084 2085 2129
f 2084 2129 2128
f 2085 2086 2130
f 2085 2130 2129
f 2086 2087 2131
f 2086 2131 2130
f 2087 2088 2132
f 2087 2132 2131
f 2088 2089 2133
f 2088 2133 2132
f 2089 2090 2134
f 2089 2134 2133
f 2090 2091 2135
f 2090 2135 2134
f 2091 2092 2136
f 2091 2136 2135
f 2092 2093 2137
f 2092 2137 2136
f 2093 2094 2138
f 2093 2138 2137
f 2094 2095 2139
f 2094 2139 2138
f 2095 2096 2140
f 2095 2140 2139
f 2096 2097 2141
f 2096 2141 2140
f 2097 2098 2142
f 2097 2142 2141
f 2098 2099 2143
f 2098 2143 2142
f 2099 2100 2144
f 2099 2144 2143
f 2100 2101 2145
f 2100 2145 2144
f 2101 2102 2146
f 2101 2146 2145
f 2102 2103 2147
f 2102 2147 2146
f 2103 2104 2148
f 2103 2148 2147
f 2104 2105 2149
f 2104 2149 2148
f 2105 2106 2150
f 2105 2150 2149
f 2106 2107 2151
f 2106 2151 2150
f 2107 2108 2152
f 2107 2152 2151
f 2108 2109 2153
f 2108 2153 2152
f 2109 2110 2154
f 2109 2154 2153
f 2110 2111 2155
f 2110 2155 2154
f 2111 2112 2156
f 2111 2156 2155
f 2112 2113 2157
f 2112 2157 2156
f 2113 2114 2158
f 2113 2158 2157
f 2114 2115 2159
f 2114 2159 2158
f 2115 2116 2160
f 2115 2160 2159
f 2116 2117 2161
f 2116 2161 2160
f 2117 2118 2162
f 2117 2162 2161
f 2118 2119 2163
f 2118 2163 2162
f 2119 2120 2164
f 2119 2164 2163
f 2120 2121 2165
f 2120 2165 2164
f 2121 2122 2166
f 2121 2166 2165
f 2122 2123 2167
f 2122 2167 2166
f 2123 2124 2168
f 2123 2168 2167
f 2124 2125 2169
f 2124 2169 2168
f 2126 2127 2171
f 2126 2171 2170
f 2127 2128 2172
f 2127 2172 2171
f 2128 2129 2173
f 2128 2173 2172
f 2129 2130 2174
f 2129 2174 2173
f 2130 2131 2175
f 2130 2175 2174
f 2131 2132 2176
f 2131 2176 2175
f 2132 2133 2177
f 2132 2177 2176
f 2133 2134 2178
f 2133 2178 2177
f 2134 2135 2179
f 2134 2179 2178
f 2135 2136 2180
f 2135 2180 2179
f 2136 2137 2181
f 2136 2181 2180
f 2137 2138 2182
f 2137 2182 2181
f 2138 2139 2183
f 2138 2183 2182
f 2139 2140 2184
f 2139 2184 2183
f 2140 2141 2185
f 2140 2185 2184
f 2141 2142 2186
f 2141 2186 2185
f 2142 2143 2187
f 2142 2187 2186
f 2143 2144 2188
f 2143 2188 2187
f 2144 2145 2189
f 2144 2189 2188
f 2145 2146 2190
f 2145 2190 2189
f 2146 2147 2191
f 2146 2191 2190
f 2147 2148 2192
f 2147 2192 2191
f 2148 2149 2193
f 2148 2193 2192
f 2149 2150 2194
f 2149 2194 2193
f 2150 2151 2195
f 2150 2195 2194
f 2151 2152 2196
f 2151 2196 2195
f 2152 2153 2197
f 2152 2197 2196
f 2153 2154 2198
f 2153 2198 2197
f 2154 2155 2199
f 2154 2199 2198
f 2155 2156 2200
f 2155 2200 2199
f 2156 2157 2201
f 2156 2201 2200
f 2157 2158 2202
f 2157 2202 2201
f 2158 2159 2203
f 2158 2203 2202
f 2159 2160 2204
f 2159 2204 2203
f 2160 2161 2205
f 2160 2205 2204
f 2161 2162 2206
f 2161 2206 2205
f 2162 2163 2207
f 2162 2207 2206
f 2163 2164 2208
f 2163 2208 2207
f 2164 2165 2209
f 2164 2209 2208
f 2165 2166 2210
f 2165 2210 2209
f 2166 2167 2211
f 2166 2211 2210
f 2167 2168 2212
f 2167 2212 2211
f 2168 2169 2213
f 2168 2213 2212
f 2170 2171 2215
f 2170 2215 2214
f 2171 2172 2216
f 2171 2216 2215
f 2172 2173 2217
f 2172 2217 2216
f 2173 2174 2218
f 2173 2218 2217
f 2174 2175 2219
f 2174 2219 2218
f 2175 2176 2220
f 2175 2220 2219
f 2176 2177 2221
f 2176 2221 2220
f 2177 2178 2222
f 2177 2222 2221
f 2178 2179 2223
f 2178 2223 2222
f 2179 2180 2224
f 2179 2224 2223
f 2180 2181 2225
f 2180 2225 2224
f 2181 2182 2226
f 2181 2226 2225
f 2182 2183 2227
f 2182 2227 2226
f 2183 2184 2228
f 2183 2228 2227
f 2184 2185 2229
f 2184 2229 2228
f 2185 2186 2230
f 2185 2230 2229
f 2186 2187 2231
f 2186 2231 2230
f 2187 2188 2232
f 2187 2232 2231
f 2188 2189 2233
f 2188 2233 2232
f 2189 2190 2234
f 2189 2234 2233
f 2190 2191 2235
f 2190 2235 2234
f 2191 2192 2236
f 2191 2236 2235
f 2192 2193 2237
f 2192 2237 2236
f 2193 2194 2238
f 2193 2238 2237
f 2194 2195 2239
f 2194 2239 2238
f 2195 2196 2240
f 2195 2240 2239
f 2196 2197 2241
f 2196 2241 2240
f 2197 2198 2242
f 2197 2242 2241
f 2198 2199 2243
f 2198 2243 2242
f 2199 2200 2244
f 2199 2244 2243
f 2200 2201 2245
f 2200 2245 2244
f 2201 2202 2246
f 2201 2246 2245
f 2202 2203 2247
f 2202 2247 2246
f 2203 2204 2248
f 2203 2248 2247
f 2204 2205 2249
f 2204 2249 2248
f 2205 2206 2250
f 2205 2250 2249
f 2206 2207 2251
f 2206 2251 2250
f 2207 2208 2252
f 2207 2252 2251
f 2208 2209 2253
f 2208 2253 2252
f 2209 2210 2254
f 2209 2254 2253
f 2210 2211 2255
f 2210 2255 2254
f 2211 2212 2256
f 2211 2256 2255
f 2212 2213 2257
f 2212 2257 2256
f 2214 2215 2259
f 2214 2259 2258
f 2215 2216 2260
f 2215 2260 2259
f 2216 2217 2261
f 2216 2261 2260
f 2217 2218 2262
f 2217 2262 2261
f 2218 2219 2263
f 2218 2263 2262
f 2219 2220 2264
f 2219 2264 2263
f 2220 2221 2265
f 2220 2265 2264
f 2221 2222 2266
f 2221 2266 2265
f 2222 2223 2267
f 2222 2267 2266
f 2223 2224 2268
f 2223 2268 2267
f 2224 2225 2269
f 2224 2269 2268
f 2225 2226 2270
f 2225 2270 2269
f 2226 2227 2271
f 2226 2271 2270
f 2227 2228 2272
f 2227 2272 2271
f 2228 2229 2273
f 2228 2273 2272
f 2229 2230 2274
f 2229 2274 2273
f 2230 2231 2275
f 2230 2275 2274
f 2231 2232 2276
f 2231 2276 2275
f 2232 2233 2277
f 2232 2277 2276
f 2233 2234 2278
f 2233 2278 2277
f 2234 2235 2279
f 2234 2279 2278
f 2235 2236 2280
f 2235 2280 2279
f 2236 2237 2281
f 2236 2281 2280
f 2237 2238 2282
f 2237 2282 2281
f 2238 2239 2283
f 2238 2283 2282
f 2239 2240 2284
f 2239 2284 2283
f 2240 2241 2285
f 2240 2285 2284
f 2241 2242 2286
f 2241 2286 2285
f 2242 2243 2287
f 2242 2287 2286
f 2243 2244 2288
f 2243 2288 2287
f 2244 2245 2289
f 2244 2289 2288
f 2245 2246 2290
f 2245 2290 2289
f 2246 2247 2291
f 2246 2291 2290
f 2247 2248 2292
f 2247 2292 2291
f 2248 2249 2293
f 2248 2293 2292
f 2249 2250 2294
f 2249 2294 2293
f 2250 2251 2295
f 2250 2295 2294
f 2251 2252 2296
f 2251 2296 2295
f 2252 2253 2297
f 2252 2297 2296
f 2253 2254 2298
f 2253 2298 2297
f 2254 2255 2299
f 2254 2299 2298
f 2255 2256 2300
f 2255 2300 2299
f 2256 2257 2301
f 2256 2301 2300
f 2258 2259 2303
f 2258 2303 2302
f 2259 2260 2304
f 2259 2304 2303
f 2260 2261 2305
f 2260 2305 2304
f 2261 2262 2306
f 2261 2306 2305
f 2262 2263 2307
f 2262 2307 2306
f 2263 2264 2308
f 2263 2308 2307
f 2264 2265 2309
f 2264 2309 2308
f 2265 2266 2310
f 2265 2310 2309
f 2266 2267 2311
f 2266 2311 2310
f 2267 2268 2312
f 2267 2312 2311
f 2268 2269 2313
f 2268 2313 2312
f 2269 2270 2314
f 2269 2314 2313
f 2270 2271 2315
f 2270 2315 2314
f 2271 2272 2316
f 2271 2316 2315
f 2272 2273 2317
f 2272 2317 2316
f 2273 2274 2318
f 2273 2318 2317
f 2274 2275 2319
f 2274 2319 2318
f 2275 2276 2320
f 2275 2320 2319
f 2276 2277 2321
f 2276 2321 2320
f 2277 2278 2322
f 2277 2322 2321
f 2278 2279 2323
f 2278 2323 2322
f 2279 2280 2324
f 2279 2324 2323
f 2280 2281 2325
f 2280 2325 2324
f 2281 2282 2326
f 2281 2326 2325
f 2282 2283 2327
f 2282 2327 2326
f 2283 2284 2328
f 2283 2328 2327
f 2284 2285 2329
f 2284 2329 2328
f 2285 2286 2330
f 2285 2330 2329
f 2286 2287 2331
f 2286 2331 2330
f 2287 2288 2332
f 2287 2332 2331
f 2288 2289 2333
f 2288 2333 2332
f 2289 2290 2334
f 2289 2334 2333
f 2290 2291 2335
f 2290 2335 2334
f 2291 2292 2336
f 2291 2336 2335
f 2292 2293 2337
f 2292 2337 2336
f 2293 2294 2338
f 2293 2338 2337
f 2294 2295 2339
f 2294 2339 2338
f 2295 2296 2340
f 2295 2340 2339
f 2296 2297 2341
f 2296 2341 2340
f 2297 2298 2342
f 2297 2342 2341
f 2298 2299 2343
f 2298 2343 2342
f 2299 2300 2344
f 2299 2344 2343
f 2300 2301 2345
f 2300 2345 2344
f 2302 2303 2347
f 2302 2347 2346
f 2303 2304 2348
f 2303 2348 2347
f 2304 2305 2349
f 2304 2349 2348
f 2305 2306 2350
f 2305 2350 2349
f 2306 2307 2351
f 2306 2351 2350
f 2307 2308 2352
f 2307 2352 2351
f 2308 2309 2353
f 2308 2353 2352
f 2309 2310 2354
f 2309 2354 2353
f 2310 2311 2355
f 2310 2355 2354
f 2311 2312 2356
f 2311 2356 2355
f 2312 2313 2357
f 2312 2357 2356
f 2313 2314 2358
f 2313 2358 2357
f 2314 2315 2359
f 2314 2359 2358
f 2315 2316 2360
f 2315 2360 2359
f 2316 2317 2361
f 2316 2361 2360
f 2317 2318 2362
f 2317 2362 2361
f 2318 2319 2363
f 2318 2363 2362
f 2319 2320 2364
f 2319 2364 2363
f 2320 2321 2365
f 2320 2365 2364
f 2321 2322 2366
f 2321 2366 2365
f 2322 2323 2367
f 2322 2367 2366
f 2323 2324 2368
f 2323 2368 2367
f 2324 2325 2369
f 2324 2369 2368
f 2325 2326 2370
f 2325 2370 2369
f 2326 2327 2371
f 2326 2371 2370
f 2327 2328 2372
f 2327 2372 2371
f 2328 2329 2373
f 2328 2373 2372
f 2329 2330 2374
f 2329 2374 2373
f 2330 2331 2375
f 2330 2375 2374
f 2331 2332 2376
f 2331 2376 2375
f 2332 2333 2377
f 2332 2377 2376
f 2333 2334 2378
f 2333 2378 2377
f 2334 2335 2379
f 2334 2379 2378
f 2335 2336 2380
f 2335 2380 2379
f 2336 2337 2381
f 2336 2381 2380
f 2337 2338 2382
f 2337 2382 2381
f 2338 2339 2383
f 2338 2383 2382
f 2339 2340 2384
f 2339 2384 2383
f 2340 2341 2385
f 2340 2385 2384
f 2341 2342 2386
f 2341 2386 2385
f 2342 2343 2387
f 2342 2387 2386
f 2343 2344 2388
f 2343 2388 2387
f 2344 2345 2389
f 2344 2389 2388
f 2346 2347 2391
f 2346 2391 2390
f 2347 2348 2392
f 2347 2392 2391
f 2348 2349 2393
f 2348 2393 2392
f 2349 2350 2394
f 2349 2394 2393
f 2350 2351 2395
f 2350 2395 2394
f 2351 2352 2396
f 2351 2396 2395
f 2352 2353 2397
f 2352 2397 2396
f 2353 2354 2398
f 2353 2398 2397
f 2354 2355 2399
f 2354 2399 2398
f 2355 2356 2400
f 2355 2400 2399
f 2356 2357 2401
f 2356 2401 2400
f 2357 2358 2402
f 2357 2402 2401
f 2358 2359 2403
f 2358 2403 2402
f 2359 2360 2404
f 2359 2404 2403
f 2360 2361 2405
f 2360 2405 2404
f 2361 2362 2406
f 2361 2406 2405
f 2362 2363 2407
f 2362 2407 2406
f 2363 2364 2408
f 2363 2408 2407
f 2364 2365 2409
f 2364 2409 2408
f 2365 2366 2410
f 2365 2410 2409
f 2366 2367 2411
f 2366 2411 2410
f 2367 2368 2412
f 2367 2412 2411
f 2368 2369 2413
f 2368 2413 2412
f 2369 2370 2414
f 2369 2414 2413
f 2370 2371 2415
f 2370 2415 2414
f 2371 2372 2416
f 2371 2416 2415
f 2372 2373 2417
f 2372 2417 2416
f 2373 2374 2418
f 2373 2418 2417
f 2374 2375 2419
f 2374 2419 2418
f 2375 2376 2420
f 2375 2420 2419
f 2376 2377 2421
f 2376 2421 2420
f 2377 2378 2422
f 2377 2422 2421
f 2378 2379 2423
f 2378 2423 2422
f 2379 2380 2424
f 2379 2424 2423
f 2380 2381 2425
f 2380 2425 2424
f 2381 2382 2426
f 2381 2426 2425
f 2382 2383 2427
f 2382 2427 2426
f 2383 2384 2428
f 2383 2428 2427
f 2384 2385 2429
f 2384 2429 2428
f 2385 2386 2430
f 2385 2430 2429
f 2386 2387 2431
f 2386 2431 2430
f 2387 2388 2432
f 2387 2432 2431
f 2388 2389 2433
f 2388 2433 2432
f 2390 2391 2435
f 2390 2435 2434
f 2391 2392 2436
f 2391 2436 2435
f 2392 2393 2437
f 2392 2437 2436
f 2393 2394 2438
f 2393 2438 2437
f 2394 2395 2439
f 2394 2439 2438
f 2395 2396 2440
f 2395 2440 2439
f 2396 2397 2441
f 2396 2441 2440
f 2397 2398 2442
f 2397 2442 2441
f 2398 2399 2443
f 2398 2443 2442
f 2399 2400 2444
f 2399 2444 2443
f 2400 2401 2445
f 2400 2445 2444
f 2401 2402 2446
f 2401 2446 2445
f 2402 2403 2447
f 2402 2447 2446
f 2403 2404 2448
f 2403 2448 2447
f 2404 2405 2449
f 2404 2449 2448
f 2405 2406 2450
f 2405 2450 2449
f 2406 2407 2451
f 2406 2451 2450
f 2407 2408 2452
f 2407 2452 2451
f 2408 2409 2453
f 2408 2453 2452
f 2409 2410 2454
f 2409 2454 2453
f 2410 2411 2455
f 2410 2455 2454
f 2411 2412 2456
f 2411 2456 2455
f 2412 2413 2457
f 2412 2457 2456
f 2413 2414 2458
f 2413 2458 2457
f 2414 2415 2459
f 2414 2459 2458
f 2415 2416 2460
f 2415 2460 2459
f 2416 2417 2461
f 2416 2461 2460
f 2417 2418 2462
f 2417 2462 2461
f 2418 2419 2463
f 2418 2463 2462
f 2419 2420 2464
f 2419 2464 2463
f 2420 2421 2465
f 2420 2465 2464
f 2421 2422 2466
f 2421 2466 2465
f 2422 2423 2467
f 2422 2467 2466
f 2423 2424 2468
f 2423 2468 2467
f 2424 2425 2469
f 2424 2469 2468
f 2425 2426 2470
f 2425 2470 2469
f 2426 2427 2471
f 2426 2471 2470
f 2427 2428 2472
f 2427 2472 2471
f 2428 2429 2473
f 2428 2473 2472
f 2429 2430 2474
f 2429 2474 2473
f 2430 2431 2475
f 2430 2475 2474
f 2431 2432 2476
f 2431 2476 2475
f 2432 2433 2477
f 2432 2477 2476
f 2434 2435 2479
f 2434 2479 2478
f 2435 2436 2480
f 2435 2480 2479
f 2436 2437 2481
f 2436 2481 2480
f 2437 2438 2482
f 2437 2482 2481
f 2438 2439 2483
f 2438 2483 2482
f 2439 2440 2484
f 2439 2484 2483
f 2440 2441 2485
f 2440 2485 2484
f 2441 2442 2486
f 2441 2486 2485
f 2442 2443 2487
f 2442 2487 2486
f 2443 2444 2488
f 2443 2488 2487
f 2444 2445 2489
f 2444 2489 2488
f 2445 2446 2490
f 2445 2490 2489
f 2446 2447 2491
f 2446 2491 2490
f 2447 2448 2492
f 2447 2492 2491
f 2448 2449 2493
f 2448 2493 2492
f 2449 2450 2494
f 2449 2494 2493
f 2450 2451 2495
f 2450 2495 2494
f 2451 2452 2496
f 2451 2496 2495
f 2452 2453 2497
f 2452 2497 2496
f 2453 2454 2498
f 2453 2498 2497
f 2454 2455 2499
f 2454 2499 2498
f 2455 2456 2500
f 2455 2500 2499
f 2456 2457 2501
f 2456 2501 2500
f 2457 2458 2502
f 2457 2502 2501
f 2458 2459 2503
f 2458 2503 2502
f 2459 2460 2504
f 2459 2504 2503
f 2460 2461 2505
f 2460 2505 2504
f 2461 2462 2506
f 2461 2506 2505
f 2462 2463 2507
f 2462 2507 2506
f 2463 2464 2508
f 2463 2508 2507
f 2464 2465 2509
f 2464 2509 2508
f 2465 2466 2510
f 2465 2510 2509
f 2466 2467 2511
f 2466 2511 2510
f 2467 2468 2512
f 2467 2512 2511
f 2468 2469 2513
f 2468 2513 2512
f 2469 2470 2514
f 2469 2514 2513
f 2470 2471 2515
f 2470 2515 2514
f 2471 2472 2516
f 2471 2516 2515
f 2472 2473 2517
f 2472 2517 2516
f 2473 2474 2518
f 2473 2518 2517
f 2474 2475 2519
f 2474 2519 2518
f 2475 2476 2520
f 2475 2520 2519
f 2476 2477 2521
f 2476 2521 2520
f 2478 2479 2523
f 2478 2523 2522
f 2479 2480 2524
f 2479 2524 2523
f 2480 2481 2525
f 2480 2525 2524
f 2481 2482 2526
f 2481 2526 2525
f 2482 2483 2527
f 2482 2527 2526
f 2483 2484 2528
f 2483 2528 2527
f 2484 2485 2529
f 2484 2529 2528
f 2485 2486 2530
f 2485 2530 2529
f 2486 2487 2531
f 2486 2531 2530
f 2487 2488 2532
f 2487 2532 2531
f 2488 2489 2533
f 2488 2533 2532
f 2489 2490 2534
f 2489 2534 2533
f 2490 2491 2535
f 2490 2535 2534
f 2491 2492 2536
f 2491 2536 2535
f 2492 2493 2537
f 2492 2537 2536
f 2493 2494 2538
f 2493 2538 2537
f 2494 2495 2539
f 2494 2539 2538
f 2495 2496 2540
f 2495 2540 2539
f 2496 2497 2541
f 2496 2541 2540
f 2497 2498 2542
f 2497 2542 2541
f 2498 2499 2543
f 2498 2543 2542
f 2499 2500 2544
f 2499 2544 2543
f 2500 2501 2545
f 2500 2545 2544
f 2501 2502 2546
f 2501 2546 2545
f 2502 2503 2547
f 2502 2547 2546
f 2503 2504 2548
f 2503 2548 2547
f 2504 2505 2549
f 2504 2549 2548
f 2505 2506 2550
f 2505 2550 2549
f 2506 2507 2551
f 2506 2551 2550
f 2507 2508 2552
f 2507 2552 2551
f 2508 2509 2553
f 2508 2553 2552
f 2509 2510 2554
f 2509 2554 2553
f 2510 2511 2555
f 2510 2555 2554
f 2511 2512 2556
f 2511 2556 2555
f 2512 2513 2557
f 2512 2557 2556
f 2513 2514 2558
f 2513 2558 2557
f 2514 2515 2559
f 2514 2559 2558
f 2515 2516 2560
f 2515 2560 2559
f 2516 2517 2561
f 2516 2561 2560
f 2517 2518 2562
f 2517 2562 2561
f 2518 2519 2563
f 2518 2563 2562
f 2519 2520 2564
f 2519 2564 2563
f 2520 2521 2565
f 2520 2565 2564
f 2522 2523 2567
f 2522 2567 2566
f 2523 2524 2568
f 2523 2568 2567
f 2524 2525 2569
f 2524 2569 2568
f 2525 2526 2570
f 2525 2570 2569
f 2526 2527 2571
f 2526 2571 2570
f 2527 2528 2572
f 2527 2572 2571
f 2528 2529 2573
f 2528 2573 2572
f 2529 2530 2574
f 2529 2574 2573
f 2530 2531 2575
f 2530 2575 2574
f 2531 2532 2576
f 2531 2576 2575
f 2532 2533 2577
f 2532 2577 2576
f 2533 2534 2578
f 2533 2578 2577
f 2534 2535 2579
f 2534 2579 2578
f 2535 2536 2580
f 2535 2580 2579
f 2536 2537 2581
f 2536 2581 2580
f 2537 2538 2582
f 2537 2582 2581
f 2538 2539 2583
f 2538 2583 2582
f 2539 2540 2584
f 2539 2584 2583
f 2540 2541 2585
f 2540 2585 2584
f 2541 2542 2586
f 2541 2586 2585
f 2542 2543 2587
f 2542 2587 2586
f 2543 2544 2588
f 2543 2588 2587
f 2544 2545 2589
f 2544 2589 2588
f 2545 2546 2590
f 2545 2590 2589
f 2546 2547 2591
f 2546 2591 2590
f 2547 2548 2592
f 2547 2592 2591
f 2548 2549 2593
f 2548 2593 2592
f 2549 2550 2594
f 2549 2594 2593
f 2550 2551 2595
f 2550 2595 2594
f 2551 2552 2596
f 2551 2596 2595
f 2552 2553 2597
f 2552 2597 2596
f 2553 2554 2598
f 2553 2598 2597
f 2554 2555 2599
f 2554 2599 2598
f 2555 2556 2600
f 2555 2600 2599
f 2556 2557 2601
f 2556 2601 2600
f 2557 2558 2602
f 2557 2602 2601
f 2558 2559 2603
f 2558 2603 2602
f 2559 2560 2604
f 2559 2604 2603
f 2560 2561 2605
f 2560 2605 2604
f 2561 2562 2606
f 2561 2606 2605
f 2562 2563 2607
f 2562 2607 2606
f 2563 2564 2608
f 2563 2608 2607
f 2564 2565 2609
f 2564 2609 2608
f 2566 2567 2611
f 2566 2611 2610
f 2567 2568 2612
f 2567 2612 2611
f 2568 2569 2613
f 2568 2613 2612
f 2569 2570 2614
f 2569 2614 2613
f 2570 2571 2615
f 2570 2615 2614
f 2571 2572 2616
f 2571 2616 2615
f 2572 2573 2617
f 2572 2617 2616
f 2573 2574 2618
f 2573 2618 2617
f 2574 2575 2619
f 2574 2619 2618
f 2575 2576 2620
f 2575 2620 2619
f 2576 2577 2621
f 2576 2621 2620
f 2577 2578 2622
f 2577 2622 2621
f 2578 2579 2623
f 2578 2623 2622
f 2579 2580 2624
f 2579 2624 2623
f 2580 2581 2625
f 2580 2625 2624
f 2581 2582 2626
f 2581 2626 2625
f 2582 2583 2627
f 2582 2627 2626
f 2583 2584 2628
f 2583 2628 2627
f 2584 2585 2629
f 2584 2629 2628
f 2585 2586 2630
f 2585 2630 2629
f 2586 2587 2631
f 2586 2631 2630
f 2587 2588 2632
f 2587 2632 2631
f 2588 2589 2633
f 2588 2633 2632
f 2589 2590 2634
f 2589 2634 2633
f 2590 2591 2635
f 2590 2635 2634
f 2591 2592 2636
f 2591 2636 2635
f 2592 2593 2637
f 2592 2637 2636
f 2593 2594 2638
f 2593 2638 2637
f 2594 2595 2639
f 2594 2639 2638
f 2595 2596 2640
f 2595 2640 2639
f 2596 2597 2641
f 2596 2641 2640
f 2597 2598 2642
f 2597 2642 2641
f 2598 2599 2643
f 2598 2643 2642
f 2599 2600 2644
f 2599 2644 2643
f 2600 2601 2645
f 2600 2645 2644
f 2601 2602 2646
f 2601 2646 2645
f 2602 2603 2647
f 2602 2647 2646
f 2603 2604 2648
f 2603 2648 2647
f 2604 2605 2649
f 2604 2649 2648
f 2605 2606 2650
f 2605 2650 2649
f 2606 2607 2651
f 2606 2651 2650
f 2607 2608 2652
f 2607 2652 2651
f 2608 2609 2653
f 2608 2653 2652
f 2610 2611 2656
f 2610 2656 2655
f 2611 2612 2657
f 2611 2657 2656
f 2612 2613 2658
f 2612 2658 2657
f 2613 2614 2659
f 2613 2659 2658
f 2614 2615 2660
f 2614 2660 2659
f 2615 2616 2661
f 2615 2661 2660
f 2616 2617 2662
f 2616 2662 2661
f 2617 2618 2663
f 2617 2663 2662
f 2618 2619 2664
f 2618 2664 2663
f 2619 2620 2665
f 2619 2665 2664
f 2620 2621 2666
f 2620 2666 2665
f 2621 2622 2667
f 2621 2667 2666
f 2622 2623 2668
f 2622 2668 2667
f 2623 2624 2669
f 2623 2669 2668
f 2624 2625 2670
f 2624 2670 2669
f 2625 2626 2671
f 2625 2671 2670
f 2626 2627 2672
f 2626 2672 2671
f 2627 2628 2673
f 2627 2673 2672
f 2628 2629 2674
f 2628 2674 2673
f 2629 2630 2675
f 2629 2675 2674
f 2630 2631 2676
f 2630 2676 2675
f 2631 2632 2677
f 2631 2677 2676
f 2632 2633 2678
f 2632 2678 2677
f 2633 2634 2679
f 2633 2679 2678
f 2634 2635 2680
f 2634 2680 2679
f 2635 2636 2681
f 2635 2681 2680
f 2636 2637 2682
f 2636 2682 2681
f 2637 2638 2683
f 2637 2683 2682
f 2638 2639 2684
f 2638 2684 2683
f 2639 2640 2685
f 2639 2685 2684
f 2640 2641 2686
f 2640 2686 2685
f 2641 2642 2687
f 2641 2687 2686
f 2642 2643 2688
f 2642 2688 2687
f 2643 2644 2689
f 2643 2689 2688
f 2644 2645 2690
f 2644 2690 2689
f 2645 2646 2691
f 2645 2691 2690
f 2646 2647 2692
f 2646 2692 2691
f 2647 2648 2693
f 2647 2693 2692
f 2648 2649 2694
f 2648 2694 2693
f 2649 2650 2695
f 2649 2695 2694
f 2650 2651 2696
f 2650 2696 2695
f 2651 2652 2697
f 2651 2697 2696
f 2652 2653 2698
f 2652 2698 2697
f 2654 2655 2700
f 2654 2700 2699
f 2655 2656 2701
f 2655 2701 2700
f 2656 2657 2702
f 2656 2702 2701
f 2657 2658 2703
f 2657 2703 2702
f 2658 2659 2704
f 2658 2704 2703
f 2659 2660 2705
f 2659 2705 2704
f 2660 2661 2706
f 2660 2706 2705
f 2661 2662 2707
f 2661 2707 2706
f 2662 2663 2708
f 2662 2708 2707
f 2663 2664 2709
f 2663 2709 2708
f 2664 2665 2710
f 2664 2710 2709
f 2665 2666 2711
f 2665 2711 2710
f 2666 2667 2712
f 2666 2712 2711
f 2667 2668 2713
f 2667 2713 2712
f 2668 2669 2714
f 2668 2714 2713
f 2669 2670 2715
f 2669 2715 2714
f 2670 2671 2716
f 2670 2716 2715
f 2671 2672 2717
f 2671 2717 2716
f 2672 2673 2718
f 2672 2718 2717
f 2673 2674 2719
f 2673 2719 2718
f 2674 2675 2720
f 2674 2720 2719
f 2675 2676 2721
f 2675 2721 2720
f 2676 2677 2722
f 2676 2722 2721
f 2677 2678 2723
f 2677 2723 2722
f 2678 2679 2724
f 2678 2724 2723
f 2679 2680 2725
f 2679 2725 2724
f 2680 2681 2726
f 2680 2726 2725
f 2681 2682 2727
f 2681 2727 2726
f 2682 2683 2728
f 2682 2728 2727
f 2683 2684 2729
f 2683 2729 2728
f 2684 2685 2730
f 2684 2730 2729
f 2685 2686 2731
f 2685 2731 2730
f 2686 2687 2732
f 2686 2732 2731
f 2687 2688 2733
f 2687 2733 2732
f 2688 2689 2734
f 2688 2734 2733
f 2689 2690 2735
f 2689 2735 2734
f 2690 2691 2736
f 2690 2736 2735
f 2691 2692 2737
f 2691 2737 2736
f 2692 2693 2738
f 2692 2738 2737
f 2693 2694 2739
f 2693 2739 2738
f 2694 2695 2740
f 2694 2740 2739
f 2695 2696 2741
f 2695 2741 2740
f 2696 2697 2742
f 2696 2742 2741
f 2697 2698 2743
f 2697 2743 2742
f 2699 2700 2745
f 2699 2745 2744
f 2700 2701 2746
f 2700 2746 2745
f 2701 2702 2747
f 2701 2747 2746
f 2702 2703 2748
f 2702 2748 2747
f 2703 2704 2749
f 2703 2749 2748
f 2704 2705 2750
f 2704 2750 2749
f 2705 2706 2751
f 2705 2751 2750
f 2706 2707 2752
f 2706 2752 2751
f 2707 2708 2753
f 2707 2753 2752
f 2708 2709 2754
f 2708 2754 2753
f 2709 2710 2755
f 2709 2755 2754
f 2710 2711 2756
f 2710 2756 2755
f 2711 2712 2757
f 2711 2757 2756
f 2712 2713 2758
f 2712 2758 2757
f 2713 2714 2759
f 2713 2759 2758
f 2714 2715 2760
f 2714 2760 2759
f 2715 2716 2761
f 2715 2761 2760
f 2716 2717 2762
f 2716 2762 2761
f 2717 2718 2763
f 2717 2763 2762
f 2718 2719 2764
f 2718 2764 2763
f 2719 2720 2765
f 2719 2765 2764
f 2720 2721 2766
f 2720 2766 2765
f 2721 2722 2767
f 2721 2767 2766
f 2722 2723 2768
f 2722 2768 2767
f 2723 2724 2769
f 2723 2769 2768
f 2724 2725 2770
f 2724 2770 2769
f 2725 2726 2771
f 2725 2771 2770
f 2726 2727 2772
f 2726 2772 2771
f 2727 2728 2773
f 2727 2773 2772
f 2728 2729 2774
f 2728 2774 2773
f 2729 2730 2775
f 2729 2775 2774
f 2730 2731 2776
f 2730 2776 2775
f 2731 2732 2777
f 2731 2777 2776
f 2732 2733 2778
f 2732 2778 2777
f 2733 2734 2779
f 2733 2779 2778
f 2734 2735 2780
f 2734 2780 2779
f 2735 2736 2781
f 2735 2781 2780
f 2736 2737 2782
f 2736 2782 2781
f 2737 2738 2783
f 2737 2783 2782
f 2738 2739 2784
f 2738 2784 2783
f 2739 2740 2785
f 2739 2785 2784
f 2740 2741 2786
f 2740 2786 2785
f 2741 2742 2787
f 2741 2787 2786
f 2742 2743 2788
f 2742 2788 2787
f 2744 2745 2790
f 2744 2790 2789
f 2745 2746 2791
f 2745 2791 2790
f 2746 2747 2792
f 2746 2792 2791
f 2747 2748 2793
f 2747 2793 2792
f 2748 2749 2794
f 2748 2794 2793
f 2749 2750 2795
f 2749 2795 2794
f 2750 2751 2796
f 2750 2796 2795
f 2751 2752 2797
f 2751 2797 2796
f 2752 2753 2798
f 2752 2798 2797
f 2753 2754 2799
f 2753 2799 2798
f 2754 2755 2800
f 2754 2800 2799
f 2755 2756 2801
f 2755 2801 2800
f 2756 2757 2802
f 2756 2802 2801
f 2757 2758 2803
f 2757 2803 2802
f 2758 2759 2804
f 2758 2804 2803
f 2759 2760 2805
f 2759 2805 2804
f 2760 2761 2806
f 2760 2806 2805
f 2761 2762 2807
f 2761 2807 2806
f 2762 2763 2808
f 2762 2808 2807
f 2763 2764 2809
f 2763 2809 2808
f 2764 2765 2810
f 2764 2810 2809
f 2765 2766 2811
f 2765 2811 2810
f 2766 2767 2812
f 2766 2812 2811
f 2767 2768 2813
f 2767 2813 2812
f 2768 2769 2814
f 2768 2814 2813
f 2769 2770 2815
f 2769 2815 2814
f 2770 2771 2816
f 2770 2816 2815
f 2771 2772 2817
f 2771 2817 2816
f 2772 2773 2818
f 2772 2818 2817
f 2773 2774 2819
f 2773 2819 2818
f 2774 2775 2820
f 2774 2820 2819
f 2775 2776 2821
f 2775 2821 2820
f 2776 2777 2822
f 2776 2822 2821
f 2777 2778 2823
f 2777 2823 2822
f 2778 2779 2824
f 2778 2824 2823
f 2779 2780 2825
f 2779 2825 2824
f 2780 2781 2826
f 2780 2826 2825
f 2781 2782 2827
f 2781 2827 2826
f 2782 2783 2828
f 2782 2828 2827
f 2783 2784 2829
f 2783 2829 2828
f 2784 2785 2830
f 2784 2830 2829
f 2785 2786 2831
f 2785 2831 2830
f 2786 2787 2832
f 2786 2832 2831
f 2787 2788 2833
f 2787 2833 2832
f 2789 2790 2835
f 2789 2835 2834
f 2790 2791 2836
f 2790 2836 2835
f 2791 2792 2837
f 2791 2837 2836
f 2792 2793 2838
f 2792 2838 2837
f 2793 2794 2839
f 2793 2839 2838
f 2794 2795 2840
f 2794 2840 2839
f 2795 2796 2841
f 2795 2841 2840
f 2796 2797 2842
f 2796 2842 2841
f 2797 2798 2843
f 2797 2843 2842
f 2798 2799 2844
f 2798 2844 2843
f 2799 2800 2845
f 2799 2845 2844
f 2800 2801 2846
f 2800 2846 2845
f 2801 2802 2847
f 2801 2847 2846
f 2802 2803 2848
f 2802 2848 2847
f 2803 2804 2849
f 2803 2849 2848
f 2804 2805 2850
f 2804 2850 2849
f 2805 2806 2851
f 2805 2851 2850
f 2806 2807 2852
f 2806 2852 2851
f 2807 2808 2853
f 2807 2853 2852
f 2808 2809 2854
f 2808 2854 2853
f 2809 2810 2855
f 2809 2855 2854
f 2810 2811 2856
f 2810 2856 2855
f 2811 2812 2857
f 2811 2857 2856
f 2812 2813 2858
f 2812 2858 2857
f 2813 2814 2859
f 2813 2859 2858
f 2814 2815 2860
f 2814 2860 2859
f 2815 2816 2861
f 2815 2861 2860
f 2816 2817 2862
f 2816 2862 2861
f 2817 2818 2863
f 2817 2863 2862
f 2818 2819 2864
f 2818 2864 2863
f 2819 2820 2865
f 2819 2865 2864
f 2820 2821 2866
f 2820 2866 2865
f 2821 2822 2867
f 2821 2867 2866
f 2822 2823 2868
f 2822 2868 2867
f 2823 2824 2869
f 2823 2869 2868
f 2824 2825 2870
f 2824 2870 2869
f 2825 2826 2871
f 2825 2871 2870
f 2826 2827 2872
f 2826 2872 2871
f 2827 2828 2873
f 2827 2873 2872
f 2828 2829 2874
f 2828 2874 2873
f 2829 2830 2875
f 2829 2875 2874
f 2830 2831 2876
f 2830 2876 2875
f 2831 2832 2877
f 2831 2877 2876
f 2834 2835 2879
f 2834 2879 2878
f 2835 2836 2880
f 2835 2880 2879
f 2836 2837 2881
f 2836 2881 2880
f 2837 2838 2882
f 2837 2882 2881
f 2838 2839 2883
f 2838 2883 2882
f 2839 2840 2884
f 2839 2884 2883
f 2840 2841 2885
f 2840 2885 2884
f 2841 2842 2886
f 2841 2886 2885
f 2842 2843 2887
f 2842 2887 2886
f 2843 2844 2888
f 2843 2888 2887
f 2844 2845 2889
f 2844 2889 2888
f 2845 2846 2890
f 2845 2890 2889
f 2846 2847 2891
f 2846 2891 2890
f 2847 2848 2892
f 2847 2892 2891
f 2848 2849 2893
f 2848 2893 2892
f 2849 2850 2894
f 2849 2894 2893
f 2850 2851 2895
f 2850 2895 2894
f 2851 2852 2896
f 2851 2896 2895
f 2852 2853 2897
f 2852 2897 2896
f 2853 2854 2898
f 2853 2898 2897
f 2854 2855 2899
f 2854 2899 2898
f 2855 2856 2900
f 2855 2900 2899
f 2856 2857 2901
f 2856 2901 2900
f 2857 2858 2902
f 2857 2902 2901
f 2858 2859 2903
f 2858 2903 2902
f 2859 2860 2904
f 2859 2904 2903
f 2860 2861 2905
f 2860 2905 2904
f 2861 2862 2906
f 2861 2906 2905
f 2862 2863 2907
f 2862 2907 2906
f 2863 2864 2908
f 2863 2908 2907
f 2864 2865 2909
f 2864 2909 2908
f 2865 2866 2910
f 2865 2910 2909
f 2866 2867 2911
f 2866 2911 2910
f 2867 2868 2912
f 2867 2912 2911
f 2868 2869 2913
f 2868 2913 2912
f 2869 2870 2914
f 2869 2914 2913
f 2870 2871 2915
f 2870 2915 2914
f 2871 2872 2916
f 2871 2916 2915
f 2872 2873 2917
f 2872 2917 2916
f 2873 2874 2918
f 2873 2918 2917
f 2874 2875 2919
f 2874 2919 2918
f 2875 2876 2920
f 2875 2920 2919
f 2876 2877 2921
f 2876 2921 2920
f 2878 2879 2923
f 2878 2923 2922
f 2879 2880 2924
f 2879 2924 2923
f 2880 2881 2925
f 2880 2925 2924
f 2881 2882 2926
f 2881 2926 2925
f 2882 2883 2927
f 2882 2927 2926
f 2883 2884 2928
f 2883 2928 2927
f 2884 2885 2929
f 2884 2929 2928
f 2885 2886 2930
f 2885 2930 2929
f 2886 2887 2931
f 2886 2931 2930
f 2887 2888 2932
f 2887 2932 2931
f 2888 2889 2933
f 2888 2933 2932
f 2889 2890 2934
f 2889 2934 2933
f 2890 2891 2935
f 2890 2935 2934
f 2891 2892 2936
f 2891 2936 2935
f 2892 2893 2937
f 2892 2937 2936
f 2893 2894 2938
f 2893 2938 2937
f 2894 2895 2939
f 2894 2939 2938
f 2895 2896 2940
f 2895 2940 2939
f 2896 2897 2941
f 2896 2941 2940
f 2897 2898 2942
f 2897 2942 2941
f 2898 2899 2943
f 2898 2943 2942
f 2899 2900 2944
f 2899 2944 2943
f 2900 2901 2945
f 2900 2945 2944
f 2901 2902 2946
f 2901 2946 2945
f 2902 2903 2947
f 2902 2947 2946
f 2903 2904 2948
f 2903 2948 2947
f 2904 2905 2949
f 2904 2949 2948
f 2905 2906 2950
f 2905 2950 2949
f 2906 2907 2951
f 2906 2951 2950
f 2907 2908 2952
f 2907 2952 2951
f 2908 2909 2953
f 2908 2953 2952
f 2909 2910 2954
f 2909 2954 2953
f 2910 2911 2955
f 2910 2955 2954
f 2911 2912 2956
f 2911 2956 2955
f 2912 2913 2957
f 2912 2957 2956
f 2913 2914 2958
f 2913 2958 2957
f 2914 2915 2959
f 2914 2959 2958
f 2915 2916 2960
f 2915 2960 2959
f 2916 2917 2961
f 2916 2961 2960
f 2917 2918 2962
f 2917 2962 2961
f 2918 2919 2963
f 2918 2963 2962
f 2919 2920 2964
f 2919 2964 2963
f 2920 2921 2965
f 2920 2965 2964
f 2922 2923 2967
f 2922 2967 2966
f 2923 2924 2968
f 2923 2968 2967
f 2924 2925 2969
f 2924 2969 2968
f 2925 2926 2970
f 2925 2970 2969
f 2926 2927 2971
f 2926 2971 2970
f 2927 2928 2972
f 2927 2972 2971
f 2928 2929 2973
f 2928 2973 2972
f 2929 2930 2974
f 2929 2974 2973
f 2930 2931 2975
f 2930 2975 2974
f 2931 2932 2976
f 2931 2976 2975
f 2932 2933 2977
f 2932 2977 2976
f 2933 2934 2978
f 2933 2978 2977
f 2934 2935 2979
f 2934 2979 2978
f 2935 2936 2980
f 2935 2980 2979
f 2936 2937 2981
f 2936 2981 2980
f 2937 2938 2982
f 2937 2982 2981
f 2938 2939 2983
f 2938 2983 2982
f 2939 2940 2984
f 2939 2984 2983
f 2940 2941 2985
f 2940 2985 2984
f 2941 2942 2986
f 2941 2986 2985
f 2942 2943 2987
f 2942 2987 2986
f 2943 2944 2988
f 2943 2988 2987
f 2944 2945 2989
f 2944 2989 2988
f 2945 2946 2990
f 2945 2990 2989
f 2946 2947 2991
f 2946 2991 2990
f 2947 2948 2992
f 2947 2992 2991
f 2948 2949 2993
f 2948 2993 2992
f 2949 2950 2994
f 2949 2994 2993
f 2950 2951 2995
f 2950 2995 2994
f 2951 2952 2996
f 2951 2996 2995
f 2952 2953 2997
f 2952 2997 2996
f 2953 2954 2998
f 2953 2998 2997
f 2954 2955 2999
f 2954 2999 2998
f 2955 2956 3000
f 2955 3000 2999
f 2956 2957 3001
f 2956 3001 3000
f 2957 2958 3002
f 2957 3002 3001
f 2958 2959 3003
f 2958 3003 3002
f 2959 2960 3004
f 2959 3004 3003
f 2960 2961 3005
f 2960 3005 3004
f 2961 2962 3006
f 2961 3006 3005
f 2962 2963 3007
f 2962 3007 3006
f 2963 2964 3008
f 2963 3008 3007
f 2964 2965 3009
f 2964 3009 3008
f 2966 2967 3012
f 2966 3012 3011
f 2967 2968 3013
f 2967 3013 3012
f 2968 2969 3014
f 2968 3014 3013
f 2969 2970 3015
f 2969 3015 3014
f 2970 2971 3016
f 2970 3016 3015
f 2971 2972 3017
f 2971 3017 3016
f 2972 2973 3018
f 2972 3018 3017
f 2973 2974 3019
f 2973 3019 3018
f 2974 2975 3020
f 2974 3020 3019
f 2975 2976 3021
f 2975 3021 3020
f 2976 2977 3022
f 2976 3022 3021
f 2977 2978 3023
f 2977 3023 3022
f 2978 2979 3024
f 2978 3024 3023
f 2979 2980 3025
f 2979 3025 3024
f 2980 2981 3026
f 2980 3026 3025
f 2981 2982 3027
f 2981 3027 3026
f 2982 2983 3028
f 2982 3028 3027
f 2983 2984 3029
f 2983 3029 3028
f 2984 2985 3030
f 2984 3030 3029
f 2985 2986 3031
f 2985 3031 3030
f 2986 2987 3032
f 2986 3032 3031
f 2987 2988 3033
f 2987 3033 3032
f 2988 2989 3034
f 2988 3034 3033
f 2989 2990 3035
f 2989 3035 3034
f 2990 2991 3036
f 2990 3036 3035
f 2991 2992 3037
f 2991 3037 3036
f 2992 2993 3038
f 2992 3038 3037
f 2993 2994 3039
f 2993 3039 3038
f 2994 2995 3040
f 2994 3040 3039
f 2995 2996 3041
f 2995 3041 3040
f 2996 2997 3042
f 2996 3042 3041
f 2997 2998 3043
f 2997 3043 3042
f 2998 2999 3044
f 2998 3044 3043
f 2999 3000 3045
f 2999 3045 3044
f 3000 3001 3046
f 3000 3046 3045
f 3001 3002 3047
f 3001 3047 3046
f 3002 3003 3048
f 3002 3048 3047
f 3003 3004 3049
f 3003 3049 3048
f 3004 3005 3050
f 3004 3050 3049
f 3005 3006 3051
f 3005 3051 3050
f 3006 3007 3052
f 3006 3052 3051
f 3007 3008 3053
f 3007 3053 3052
f 3008 3009 3054
f 3008 3054 3053
f 3010 3011 3056
f 3010 3056 3055
f 3011 3012 3057
f 3011 3057 3056
f 3012 3013 3058
f 3012 3058 3057
f 3013 3014 3059
f 3013 3059 3058
f 3014 3015 3060
f 3014 3060 3059
f 3015 3016 3061
f 3015 3061 3060
f 3016 3017 3062
f 3016 3062 3061
f 3017 3018 3063
f 3017 3063 3062
f 3018 3019 3064
f 3018 3064 3063
f 3019 3020 3065
f 3019 3065 3064
f 3020 3021 3066
f 3020 3066 3065
f 3021 3022 3067
f 3021 3067 3066
f 3022 3023 3068
f 3022 3068 3067
f 3023 3024 3069
f 3023 3069 3068
f 3024 3025 3070
f 3024 3070 3069
f 3025 3026 3071
f 3025 3071 3070
f 3026 3027 3072
f 3026 3072 3071
f 3027 3028 3073
f 3027 3073 3072
f 3028 3029 3074
f 3028 3074 3073
f 3029 3030 3075
f 3029 3075 3074
f 3030 3031 3076
f 3030 3076 3075
f 3031 3032 3077
f 3031 3077 3076
f 3032 3033 3078
f 3032 3078 3077
f 3033 3034 3079
f 3033 3079 3078
f 3034 3035 3080
f 3034 3080 3079
f 3035 3036 3081
f 3035 3081 3080
f 3036 3037 3082
f 3036 3082 3081
f 3037 3038 3083
f 3037 3083 3082
f 3038 3039 3084
f 3038 3084 3083
f 3039 3040 3085
f 3039 3085 3084
f 3040 3041 3086
f 3040 3086 3085
f 3041 3042 3087
f 3041 3087 3086
f 3042 3043 3088
f 3042 3088 3087
f 3043 3044 3089
f 3043 3089 3088
f 3044 3045 3090
f 3044 3090 3089
f 3045 3046 3091
f 3045 3091 3090
f 3046 3047 3092
f 3046 3092 3091
f 3047 3048 3093
f 3047 3093 3092
f 3048 3049 3094
f 3048 3094 3093
f 3049 3050 3095
f 3049 3095 3094
f 3050 3051 3096
f 3050 3096 3095
f 3051 3052 3097
f 3051 3097 3096
f 3052 3053 3098
f 3052 3098 3097
f 3053 3054 3099
f 3053 3099 3098
f 3055 3056 3101
f 3055 3101 3100
f 3056 3057 3102
f 3056 3102 3101
f 3057 3058 3103
f 3057 3103 3102
f 3058 3059 3104
f 3058 3104 3103
f 3059 3060 3105
f 3059 3105 3104
f 3060 3061 3106
f 3060 3106 3105
f 3061 3062 3107
f 3061 3107 3106
f 3062 3063 3108
f 3062 3108 3107
f 3063 3064 3109
f 3063 3109 3108
f 3064 3065 3110
f 3064 3110 3109
f 3065 3066 3111
f 3065 3111 3110
f 3066 3067 3112
f 3066 3112 3111
f 3067 3068 3113
f 3067 3113 3112
f 3068 3069 3114
f 3068 3114 3113
f 3069 3070 3115
f 3069 3115 3114
f 3070 3071 3116
f 3070 3116 3115
f 3071 3072 3117
f 3071 3117 3116
f 3072 3073 3118
f 3072 3118 3117
f 3073 3074 3119
f 3073 3119 3118
f 3074 3075 3120
f 3074 3120 3119
f 3075 3076 3121
f 3075 3121 3120
f 3076 3077 3122
f 3076 3122 3121
f 3077 3078 3123
f 3077 3123 3122
f 3078 3079 3124
f 3078 3124 3123
f 3079 3080 3125
f 3079 3125 3124
f 3080 3081 3126
f 3080 3126 3125
f 3081 3082 3127
f 3081 3127 3126
f 3082 3083 3128
f 3082 3128 3127
f 3083 3084 3129
f 3083 3129 3128
f 3084 3085 3130
f 3084 3130 3129
f 3085 3086 3131
f 3085 3131 3130
f 3086 3087 3132
f 3086 3132 3131
f 3087 3088 3133
f 3087 3133 3132
f 3088 3089 3134
f 3088 3134 3133
f 3089 3090 3135
f 3089 3135 3134
f 3090 3091 3136
f 3090 3136 3135
f 3091 3092 3137
f 3091 3137 3136
f 3092 3093 3138
f 3092 3138 3137
f 3093 3094 3139
f 3093 3139 3138
f 3094 3095 3140
f 3094 3140 3139
f 3095 3096 3141
f 3095 3141 3140
f 3096 3097 3142
f 3096 3142 3141
f 3097 3098 3143
f 3097 3143 3142
f 3098 3099 3144
f 3098 3144 3143
f 3100 3101 3146
f 3100 3146 3145
f 3101 3102 3147
f 3101 3147 3146
f 3102 3103 3148
f 3102 3148 3147
f 3103 3104 3149
f 3103 3149 3148
f 3104 3105 3150
f 3104 3150 3149
f 3105 3106 3151
f 3105 3151 3150
f 3106 3107 3152
f 3106 3152 3151
f 3107 3108 3153
f 3107 3153 3152
f 3108 3109 3154
f 3108 3154 3153
f 3109 3110 3155
f 3109 3155 3154
f 3110 3111 3156
f 3110 3156 3155
f 3111 3112 3157
f 3111 3157 3156
f 3112 3113 3158
f 3112 3158 3157
f 3113 3114 3159
f 3113 3159 3158
f 3114 3115 3160
f 3114 3160 3159
f 3115 3116 3161
f 3115 3161 3160
f 3116 3117 3162
f 3116 3162 3161
f 3117 3118 3163
f 3117 3163 3162
f 3118 3119 3164
f 3118 3164 3163
f 3119 3120 3165
f 3119 3165 3164
f 3120 3121 3166
f 3120 3166 3165
f 3121 3122 3167
f 3121 3167 3166
f 3122 3123 3168
f 3122 3168 3167
f 3123 3124 3169
f 3123 3169 3168
f 3124 3125 3170
f 3124 3170 3169
f 3125 3126 3171
f 3125 3171 3170
f 3126 3127 3172
f 3126 3172 3171
f 3127 3128 3173
f 3127 3173 3172
f 3128 3129 3174
f 3128 3174 3173
f 3129 3130 3175
f 3129 3175 3174
f 3130 3131 3176
f 3130 3176 3175
f 3131 3132 3177
f 3131 3177 3176
f 3132 3133 3178
f 3132 3178 3177
f 3133 3134 3179
f 3133 3179 3178
f 3134 3135 3180
f 3134 3180 3179
f 3135 3136 3181
f 3135 3181 3180
f 3136 3137 3182
f 3136 3182 3181
f 3137 3138 3183
f 3137 3183 3182
f 3138 3139 3184
f 3138 3184 3183
f 3139 3140 3185
f 3139 3185 3184
f 3140 3141 3186
f 3140 3186 3185
f 3141 3142 3187
f 3141 3187 3186
f 3142 3143 3188
f 3142 3188 3187
f 3143 3144 3189
f 3143 3189 3188
f 3145 3146 3191
f 3145 3191 3190
f 3146 3147 3192
f 3146 3192 3191
f 3147 3148 3193
f 3147 3193 3192
f 3148 3149 3194
f 3148 3194 3193
f 3149 3150 3195
f 3149 3195 3194
f 3150 3151 3196
f 3150 3196 3195
f 3151 3152 3197
f 3151 3197 3196
f 3152 3153 3198
f 3152 3198 3197
f 3153 3154 3199
f 3153 3199 3198
f 3154 3155 3200
f 3154 3200 3199
f 3155 3156 3201
f 3155 3201 3200
f 3156 3157 3202
f 3156 3202 3201
f 3157 3158 3203
f 3157 3203 3202
f 3158 3159 3204
f 3158 3204 3203
f 3159 3160 3205
f 3159 3205 3204
f 3160 3161 3206
f 3160 3206 3205
f 3161 3162 3207
f 3161 3207 3206
f 3162 3163 3208
f 3162 3208 3207
f 3163 3164 3209
f 3163 3209 3208
f 3164 3165 3210
f 3164 3210 3209
f 3165 3166 3211
f 3165 3211 3210
f 3166 3167 3212
f 3166 3212 3211
f 3167 3168 3213
f 3167 3213 3212
f 3168 3169 3214
f 3168 3214 3213
f 3169 3170 3215
f 3169 3215 3214
f 3170 3171 3216
f 3170 3216 3215
f 3171 3172 3217
f 3171 3217 3216
f 3172 3173 3218
f 3172 3218 3217
f 3173 3174 3219
f 3173 3219 3218
f 3174 3175 3220
f 3174 3220 3219
f 3175 3176 3221
f 3175 3221 3220
f 3176 3177 3222
f 3176 3222 3221
f 3177 3178 3223
f 3177 3223 3222
f 3178 3179 3224
f 3178 3224 3223
f 3179 3180 3225
f 3179 3225 3224
f 3180 3181 3226
f 3180 3226 3225
f 3181 3182 3227
f 3181 3227 3226
f 3182 3183 3228
f 3182 3228 3227
f 3183 3184 3229
f 3183 3229 3228
f 3184 3185 3230
f 3184 3230 3229
f 3185 3186 3231
f 3185 3231 3230
f 3186 3187 3232
f 3186 3232 3231
f 3187 3188 3233
f 3187 3233 3232
f 3188 3189 3234
f 3188 3234 3233
f 3190 3191 3236
f 3190 3236 3235
f 3191 3192 3237
f 3191 3237 3236
f 3192 3193 3238
f 3192 3238 3237
f 3193 3194 3239
f 3193 3239 3238
f 3194 3195 3240
f 3194 3240 3239
f 3195 3196 3241
f 3195 3241 3240
f 3196 3197 3242
f 3196 3242 3241
f 3197 3198 3243
f 3197 3243 3242
f 3198 3199 3244
f 3198 3244 3243
f 3199 3200 3245
f 3199 3245 3244
f 3200 3201 3246
f 3200 3246 3245
f 3201 3202 3247
f 3201 3247 3246
f 3202 3203 3248
f 3202 3248 3247
f 3203 3204 3249
f 3203 3249 3248
f 3204 3205 3250
f 3204 3250 3249
f 3205 3206 3251
f 3205 3251 3250
f 3206 3207 3252
f 3206 3252 3251
f 3207 3208 3253
f 3207 3253 3252
f 3208 3209 3254
f 3208 3254 3253
f 3209 3210 3255
f 3209 3255 3254
f 3210 3211 3256
f 3210 3256 3255
f 3211 3212 3257
f 3211 3257 3256
f 3212 3213 3258
f 3212 3258 3257
f 3213 3214 3259
f 3213 3259 3258
f 3214 3215 3260
f 3214 3260 3259
f 3215 3216 3261
f 3215 3261 3260
f 3216 3217 3262
f 3216 3262 3261
f 3217 3218 3263
f 3217 3263 3262
f 3218 3219 3264
f 3218 3264 3263
f 3219 3220 3265
f 3219 3265 3264
f 3220 3221 3266
f 3220 3266 3265
f 3221 3222 3267
f 3221 3267 3266
f 3222 3223 3268
f 3222 3268 3267
f 3223 3224 3269
f 3223 3269 3268
f 3224 3225 3270
f 3224 3270 3269
f 3225 3226 3271
f 3225 3271 3270
f 3226 3227 3272
f 3226 3272 3271
f 3227 3228 3273
f 3227 3273 3272
f 3228 3229 3274
f 3228 3274 3273
f 3229 3230 3275
f 3229 3275 3274
f 3230 3231 3276
f 3230 3276 3275
f 3231 3232 3277
f 3231 3277 3276
f 3232 3233 3278
f 3232 3278 3277
f 3235 3236 3280
f 3235 3280 3279
f 3236 3237 3281
f 3236 3281 3280
f 3237 3238 3282
f 3237 3282 3281
f 3238 3239 3283
f 3238 3283 3282
f 3239 3240 3284
f 3239 3284 3283
f 3240 3241 3285
f 3240 3285 3284
f 3241 3242 3286
f 3241 3286 3285
f 3242 3243 3287
f 3242 3287 3286
f 3243 3244 3288
f 3243 3288 3287
f 3244 3245 3289
f 3244 3289 3288
f 3245 3246 3290
f 3245 3290 3289
f 3246 3247 3291
f 3246 3291 3290
f 3247 3248 3292
f 3247 3292 3291
f 3248 3249 3293
f 3248 3293 3292
f 3249 3250 3294
f 3249 3294 3293
f 3250 3251 3295
f 3250 3295 3294
f 3251 3252 3296
f 3251 3296 3295
f 3252 3253 3297
f 3252 3297 3296
f 3253 3254 3298
f 3253 3298 3297
f 3254 3255 3299
f 3254 3299 3298
f 3255 3256 3300
f 3255 3300 3299
f 3256 3257 3301
f 3256 3301 3300
f 3257 3258 3302
f 3257 3302 3301
f 3258 3259 3303
f 3258 3303 3302
f 3259 3260 3304
f 3259 3304 3303
f 3260 3261 3305
f 3260 3305 3304
f 3261 3262 3306
f 3261 3306 3305
f 3262 3263 3307
f 3262 3307 3306
f 3263 3264 3308
f 3263 3308 3307
f 3264 3265 3309
f 3264 3309 3308
f 3265 3266 3310
f 3265 3310 3309
f 3266 3267 3311
f 3266 3311 3310
f 3267 3268 3312
f 3267 3312 3311
f 3268 3269 3313
f 3268 3313 3312
f 3269 3270 3314
f 3269 3314 3313
f 3270 3271 3315
f 3270 3315 3314
f 3271 3272 3316
f 3271 3316 3315
f 3272 3273 3317
f 3272 3317 3316
f 3273 3274 3318
f 3273 3318 3317
f 3274 3275 3319
f 3274 3319 3318
f 3275 3276 3320
f 3275 3320 3319
f 3279 3280 3322
f 3279 3322 3321
f 3280 3281 3323
f 3280 3323 3322
f 3281 3282 3324
f 3281 3324 3323
f 3282 3283 3325
f 3282 3325 3324
f 3283 3284 3326
f 3283 3326 3325
f 3284 3285 3327
f 3284 3327 3326
f 3285 3286 3328
f 3285 3328 3327
f 3286 3287 3329
f 3286 3329 3328
f 3287 3288 3330
f 3287 3330 3329
f 3288 3289 3331
f 3288 3331 3330
f 3289 3290 3332
f 3289 3332 3331
f 3290 3291 3333
f 3290 3333 3332
f 3291 3292 3334
f 3291 3334 3333
f 3292 3293 3335
f 3292 3335 3334
f 3293 3294 3336
f 3293 3336 3335
f 3294 3295 3337
f 3294 3337 3336
f 3295 3296 3338
f 3295 3338 3337
f 3296 3297 3339
f 3296 3339 3338
f 3297 3298 3340
f 3297 3340 3339
f 3298 3299 3341
f 3298 3341 3340
f 3299 3300 3342
f 3299 3342 3341
f 3300 3301 3343
f 3300 3343 3342
f 3301 3302 3344
f 3301 3344 3343
f 3302 3303 3345
f 3302 3345 3344
f 3303 3304 3346
f 3303 3346 3345
f 3304 3305 3347
f 3304 3347 3346
f 3305 3306 3348
f 3305 3348 3347
f 3306 3307 3349
f 3306 3349 3348
f 3307 3308 3350
f 3307 3350 3349
f 3308 3309 3351
f 3308 3351 3350
f 3309 3310 3352
f 3309 3352 3351
f 3310 3311 3353
f 3310 3353 3352
f 3311 3312 3354
f 3311 3354 3353
f 3312 3313 3355
f 3312 3355 3354
f 3313 3314 3356
f 3313 3356 3355
f 3314 3315 3357
f 3314 3357 3356
f 3315 3316 3358
f 3315 3358 3357
f 3316 3317 3359
f 3316 3359 3358
f 3321 3322 3361
f 3321 3361 3360
f 3322 3323 3362
f 3322 3362 3361
f 3323 3324 3363
f 3323 3363 3362
f 3324 3325 3364
f 3324 3364 3363
f 3325 3326 3365
f 3325 3365 3364
f 3326 3327 3366
f 3326 3366 3365
f 3327 3328 3367
f 3327 3367 3366
f 3328 3329 3368
f 3328 3368 3367
f 3329 3330 3369
f 3329 3369 3368
f 3330 3331 3370
f 3330 3370 3369
f 3331 3332 3371
f 3331 3371 3370
f 3332 3333 3372
f 3332 3372 3371
f 3333 3334 3373
f 3333 3373 3372
f 3334 3335 3374
f 3334 3374 3373
f 3335 3336 3375
f 3335 3375 3374
f 3336 3337 3376
f 3336 3376 3375
f 3337 3338 3377
f 3337 3377 3376
f 3338 3339 3378
f 3338 3378 3377
f 3339 3340 3379
f 3339 3379 3378
f 3340 3341 3380
f 3340 3380 3379
f 3341 3342 3381
f 3341 3381 3380
f 3342 3343 3382
f 3342 3382 3381
f 3343 3344 3383
f 3343 3383 3382
f 3344 3345 3384
f 3344 3384 3383
f 3345 3346 3385
f 3345 3385 3384
f 3346 3347 3386
f 3346 3386 3385
f 3347 3348 3387
f 3347 3387 3386
f 3348 3349 3388
f 3348 3388 3387
f 3349 3350 3389
f 3349 3389 3388
f 3350 3351 3390
f 3350 3390 3389
f 3351 3352 3391
f 3351 3391 3390
f 3352 3353 3392
f 3352 3392 3391
f 3353 3354 3393
f 3353 3393 3392
f 3354 3355 3394
f 3354 3394 3393
f 3355 3356 3395
f 3355 3395 3394
f 3356 3357 3396
f 3356 3396 3395
f 3360 3361 3398
f 3360 3398 3397
f 3361 3362 3399
f 3361 3399 3398
f 3362 3363 3400
f 3362 3400 3399
f 3363 3364 3401
f 3363 3401 3400
f 3364 3365 3402
f 3364 3402 3401
f 3365 3366 3403
f 3365 3403 3402
f 3366 3367 3404
f 3366 3404 3403
f 3367 3368 3405
f 3367 3405 3404
f 3368 3369 3406
f 3368 3406 3405
f 3369 3370 3407
f 3369 3407 3406
f 3370 3371 3408
f 3370 3408 3407
f 3371 3372 3409
f 3371 3409 3408
f 3372 3373 3410
f 3372 3410 3409
f 3373 3374 3411
f 3373 3411 3410
f 3374 3375 3412
f 3374 3412 3411
f 3375 3376 3413
f 3375 3413 3412
f 3376 3377 3414
f 3376 3414 3413
f 3377 3378 3415
f 3377 3415 3414
f 3378 3379 3416
f 3378 3416 3415
f 3379 3380 3417
f 3379 3417 3416
f 3380 3381 3418
f 3380 3418 3417
f 3381 3382 3419
f 3381 3419 3418
f 3382 3383 3420
f 3382 3420 3419
f 3383 3384 3421
f 3383 3421 3420
f 3384 3385 3422
f 3384 3422 3421
f 3385 3386 3423
f 3385 3423 3422
f 3386 3387 3424
f 3386 3424 3423
f 3387 3388 3425
f 3387 3425 3424
f 3388 3389 3426
f 3388 3426 3425
f 3389 3390 3427
f 3389 3427 3426
f 3390 3391 3428
f 3390 3428 3427
f 3391 3392 3429
f 3391 3429 3428
f 3392 3393 3430
f 3392 3430 3429
f 3393 3394 3431
f 3393 3431 3430
f 3394 3395 3432
f 3394 3432 3431
f 3397 3398 3434
f 3397 3434 3433
f 3398 3399 3435
f 3398 3435 3434
f 3399 3400 3436
f 3399 3436 3435
f 3400 3401 3437
f 3400 3437 3436
f 3401 3402 3438
f 3401 3438 3437
f 3402 3403 3439
f 3402 3439 3438
f 3403 3404 3440
f 3403 3440 3439
f 3404 3405 3441
f 3404 3441 3440
f 3405 3406 3442
f 3405 3442 3441
f 3406 3407 3443
f 3406 3443 3442
f 3407 3408 3444
f 3407 3444 3443
f 3408 3409 3445
f 3408 3445 3444
f 3409 3410 3446
f 3409 3446 3445
f 3410 3411 3447
f 3410 3447 3446
f 3411 3412 3448
f 3411 3448 3447
f 3412 3413 3449
f 3412 3449 3448
f 3413 3414 3450
f 3413 3450 3449
f 3414 3415 3451
f 3414 3451 3450
f 3415 3416 3452
f 3415 3452 3451
f 3416 3417 3453
f 3416 3453 3452
f 3417 3418 3454
f 3417 3454 3453
f 3418 3419 3455
f 3418 3455 3454
f 3419 3420 3456
f 3419 3456 3455
f 3420 3421 3457
f 3420 3457 3456
f 3421 3422 3458
f 3421 3458 3457
f 3422 3423 3459
f 3422 3459 3458
f 3423 3424 3460
f 3423 3460 3459
f 3424 3425 3461
f 3424 3461 3460
f 3425 3426 3462
f 3425 3462 3461
f 3426 3427 3463
f 3426 3463 3462
f 3427 3428 3464
f 3427 3464 3463
f 3428 3429 3465
f 3428 3465 3464
f 3429 3430 3466
f 3429 3466 3465
f 3433 3434 3468
f 3433 3468 3467
f 3434 3435 3469
f 3434 3469 3468
f 3435 3436 3470
f 3435 3470 3469
f 3436 3437 3471
f 3436 3471 3470
f 3437 3438 3472
f 3437 3472 3471
f 3438 3439 3473
f 3438 3473 3472
f 3439 3440 3474
f 3439 3474 3473
f 3440 3441 3475
f 3440 3475 3474
f 3441 3442 3476
f 3441 3476 3475
f 3442 3443 3477
f 3442 3477 3476
f 3443 3444 3478
f 3443 3478 3477
f 3444 3445 3479
f 3444 3479 3478
f 3445 3446 3480
f 3445 3480 3479
f 3446 3447 3481
f 3446 3481 3480
f 3447 3448 3482
f 3447 3482 3481
f 3448 3449 3483
f 3448 3483 3482
f 3449 3450 3484
f 3449 3484 3483
f 3450 3451 3485
f 3450 3485 3484
f 3451 3452 3486
f 3451 3486 3485
f 3452 3453 3487
f 3452 3487 3486
f 3453 3454 3488
f 3453 3488 3487
f 3454 3455 3489
f 3454 3489 3488
f 3455 3456 3490
f 3455 3490 3489
f 3456 3457 3491
f 3456 3491 3490
f 3457 3458 3492
f 3457 3492 3491
f 3458 3459 3493
f 3458 3493 3492
f 3459 3460 3494
f 3459 3494 3493
f 3460 3461 3495
f 3460 3495 3494
f 3461 3462 3496
f 3461 3496 3495
f 3462 3463 3497
f 3462 3497 3496
f 3463 3464 3498
f 3463 3498 3497
f 3464 3465 3499
f 3464 3499 3498
f 3467 3468 3501
f 3467 3501 3500
f 3468 3469 3502
f 3468 3502 3501
f 3469 3470 3503
f 3469 3503 3502
f 3470 3471 3504
f 3470 3504 3503
f 3471 3472 3505
f 3471 3505 3504
f 3472 3473 3506
f 3472 3506 3505
f 3473 3474 3507
f 3473 3507 3506
f 3474 3475 3508
f 3474 3508 3507
f 3475 3476 3509
f 3475 3509 3508
f 3476 3477 3510
f 3476 3510 3509
f 3477 3478 3511
f 3477 3511 3510
f 3478 3479 3512
f 3478 3512 3511
f 3479 3480 3513
f 3479 3513 3512
f 3480 3481 3514
f 3480 3514 3513
f 3481 3482 3515
f 3481 3515 3514
f 3482 3483 3516
f 3482 3516 3515
f 3483 3484 3517
f 3483 3517 3516
f 3484 3485 3518
f 3484 3518 3517
f 3485 3486 3519
f 3485 3519 3518
f 3486 3487 3520
f 3486 3520 3519
f 3487 3488 3521
f 3487 3521 3520
f 3488 3489 3522
f 3488 3522 3521
f 3489 3490 3523
f 3489 3523 3522
f 3490 3491 3524
f 3490 3524 3523
f 3491 3492 3525
f 3491 3525 3524
f 3492 3493 3526
f 3492 3526 3525
f 3493 3494 3527
f 3493 3527 3526
f 3494 3495 3528
f 3494 3528 3527
f 3495 3496 3529
f 3495 3529 3528
f 3496 3497 3530
f 3496 3530 3529
f 3497 3498 3531
f 3497 3531 3530
f 3500 3501 3533
f 3500 3533 3532
f 3501 3502 3534
f 3501 3534 3533
f 3502 3503 3535
f 3502 3535 3534
f 3503 3504 3536
f 3503 3536 3535
f 3504 3505 3537
f 3504 3537 3536
f 3505 3506 3538
f 3505 3538 3537
f 3506 3507 3539
f 3506 3539 3538
f 3507 3508 3540
f 3507 3540 3539
f 3508 3509 3541
f 3508 3541 3540
f 3509 3510 3542
f 3509 3542 3541
f 3510 3511 3543
f 3510 3543 3542
f 3511 3512 3544
f 3511 3544 3543
f 3512 3513 3545
f 3512 3545 3544
f 3513 3514 3546
f 3513 3546 3545
f 3514 3515 3547
f 3514 3547 3546
f 3515 3516 3548
f 3515 3548 3547
f 3516 3517 3549
f 3516 3549 3548
f 3517 3518 3550
f 3517 3550 3549
f 3518 3519 3551
f 3518 3551 3550
f 3519 3520 3552
f 3519 3552 3551
f 3520 3521 3553
f 3520 3553 3552
f 3521 3522 3554
f 3521 3554 3553
f 3522 3523 3555
f 3522 3555 3554
f 3523 3524 3556
f 3523 3556 3555
f 3524 3525 3557
f 3524 3557 3556
f 3525 3526 3558
f 3525 3558 3557
f 3526 3527 3559
f 3526 3559 3558
f 3527 3528 3560
f 3527 3560 3559
f 3528 3529 3561
f 3528 3561 3560
f 3529 3530 3562
f 3529 3562 3561
f 3530 3531 3563
f 3530 3563 3562
f 3532 3533 3565
f 3532 3565 3564
f 3533 3534 3566
f 3533 3566 3565
f 3534 3535 3567
f 3534 3567 3566
f 3535 3536 3568
f 3535 3568 3567
f 3536 3537 3569
f 3536 3569 3568
f 3537 3538 3570
f 3537 3570 3569
f 3538 3539 3571
f 3538 3571 3570
f 3539 3540 3572
f 3539 3572 3571
f 3540 3541 3573
f 3540 3573 3572
f 3541 3542 3574
f 3541 3574 3573
f 3542 3543 3575
f 3542 3575 3574
f 3543 3544 3576
f 3543 3576 3575
f 3544 3545 3577
f 3544 3577 3576
f 3545 3546 3578
f 3545 3578 3577
f 3546 3547 3579
f 3546 3579 3578
f 3547 3548 3580
f 3547 3580 3579
f 3548 3549 3581
f 3548 3581 3580
f 3549 3550 3582
f 3549 3582 3581
f 3550 3551 3583
f 3550 3583 3582
f 3551 3552 3584
f 3551 3584 3583
f 3552 3553 3585
f 3552 3585 3584
f 3553 3554 3586
f 3553 3586 3585
f 3554 3555 3587
f 3554 3587 3586
f 3555 3556 3588
f 3555 3588 3587
f 3556 3557 3589
f 3556 3589 3588
f 3557 3558 3590
f 3557 3590 3589
f 3558 3559 3591
f 3558 3591 3590
f 3559 3560 3592
f 3559 3592 3591
f 3560 3561 3593
f 3560 3593 3592
f 3561 3562 3594
f 3561 3594 3593
f 3564 3565 3596
f 3564 3596 3595
f 3565 3566 3597
f 3565 3597 3596
f 3566 3567 3598
f 3566 3598 3597
f 3567 3568 3599
f 3567 3599 3598
f 3568 3569 3600
f 3568 3600 3599
f 3569 3570 3601
f 3569 3601 3600
f 3570 3571 3602
f 3570 3602 3601
f 3571 3572 3603
f 3571 3603 3602
f 3572 3573 3604
f 3572 3604 3603
f 3573 3574 3605
f 3573 3605 3604
f 3574 3575 3606
f 3574 3606 3605
f 3575 3576 3607
f 3575 3607 3606
f 3576 3577 3608
f 3576 3608 3607
f 3577 3578 3609
f 3577 3609 3608
f 3578 3579 3610
f 3578 3610 3609
f 3579 3580 3611
f 3579 3611 3610
f 3580 3581 3612
f 3580 3612 3611
f 3581 3582 3613
f 3581 3613 3612
f 3582 3583 3614
f 3582 3614 3613
f 3583 3584 3615
f 3583 3615 3614
f 3584 3585 3616
f 3584 3616 3615
f 3585 3586 3617
f 3585 3617 3616
f 3586 3587 3618
f 3586 3618 3617
f 3587 3588 3619
f 3587 3619 3618
f 3588 3589 3620
f 3588 3620 3619
f 3589 3590 3621
f 3589 3621 3620
f 3590 3591 3622
f 3590 3622 3621
f 3591 3592 3623
f 3591 3623 3622
f 3592 3593 3624
f 3592 3624 3623
f 3595 3596 3626
f 3595 3626 3625
f 3596 3597 3627
f 3596 3627 3626
f 3597 3598 3628
f 3597 3628 3627
f 3598 3599 3629
f 3598 3629 3628
f 3599 3600 3630
f 3599 3630 3629
f 3600 3601 3631
f 3600 3631 3630
f 3601 3602 3632
f 3601 3632 3631
f 3602 3603 3633
f 3602 3633 3632
f 3603 3604 3634
f 3603 3634 3633
f 3604 3605 3635
f 3604 3635 3634
f 3605 3606 3636
f 3605 3636 3635
f 3606 3607 3637
f 3606 3637 3636
f 3607 3608 3638
f 3607 3638 3637
f 3608 3609 3639
f 3608 3639 3638
f 3609 3610 3640
f 3609 3640 3639
f 3610 3611 3641
f 3610 3641 3640
f 3611 3612 3642
f 3611 3642 3641
f 3612 3613 3643
f 3612 3643 3642
f 3613 3614 3644
f 3613 3644 3643
f 3614 3615 3645
f 3614 3645 3644
f 3615 3616 3646
f 3615 3646 3645
f 3616 3617 3647
f 3616 3647 3646
f 3617 3618 3648
f 3617 3648 3647
f 3618 3619 3649
f 3618 3649 3648
f 3619 3620 3650
f 3619 3650 3649
f 3620 3621 3651
f 3620 3651 3650
f 3621 3622 3652
f 3621 3652 3651
f 3622 3623 3653
f 3622 3653 3652
f 3625 3626 3655
f 3625 3655 3654
f 3626 3627 3656
f 3626 3656 3655
f 3627 3628 3657
f 3627 3657 3656
f 3628 3629 3658
f 3628 3658 3657
f 3629 3630 3659
f 3629 3659 3658
f 3630 3631 3660
f 3630 3660 3659
f 3631 3632 3661
f 3631 3661 3660
f 3632 3633 3662
f 3632 3662 3661
f 3633 3634 3663
f 3633 3663 3662
f 3634 3635 3664
f 3634 3664 3663
f 3635 3636 3665
f 3635 3665 3664
f 3636 3637 3666
f 3636 3666 3665
f 3637 3638 3667
f 3637 3667 3666
f 3638 3639 3668
f 3638 3668 3667
f 3639 3640 3669
f 3639 3669 3668
f 3640 3641 3670
f 3640 3670 3669
f 3641 3642 3671
f 3641 3671 3670
f 3642 3643 3672
f 3642 3672 3671
f 3643 3644 3673
f 3643 3673 3672
f 3644 3645 3674
f 3644 3674 3673
f 3645 3646 3675
f 3645 3675 3674
f 3646 3647 3676
f 3646 3676 3675
f 3647 3648 3677
f 3647 3677 3676
f 3648 3649 3678
f 3648 3678 3677
f 3649 3650 3679
f 3649 3679 3678
f 3650 3651 3680
f 3650 3680 3679
f 3651 3652 3681
f 3651 3681 3680
f 3654 3655 3683
f 3654 3683 3682
f 3655 3656 3684
f 3655 3684 3683
f 3656 3657 3685
f 3656 3685 3684
f 3657 3658 3686
f 3657 3686 3685
f 3658 3659 3687
f 3658 3687 3686
f 3659 3660 3688
f 3659 3688 3687
f 3660 3661 3689
f 3660 3689 3688
f 3661 3662 3690
f 3661 3690 3689
f 3662 3663 3691
f 3662 3691 3690
f 3663 3664 3692
f 3663 3692 3691
f 3664 3665 3693
f 3664 3693 3692
f 3665 3666 3694
f 3665 3694 3693
f 3666 3667 3695
f 3666 3695 3694
f 3667 3668 3696
f 3667 3696 3695
f 3668 3669 3697
f 3668 3697 3696
f 3669 3670 3698
f 3669 3698 3697
f 3670 3671 3699
f 3670 3699 3698
f 3671 3672 3700
f 3671 3700 3699
f 3672 3673 3701
f 3672 3701 3700
f 3673 3674 3702
f 3673 3702 3701
f 3674 3675 3703
f 3674 3703 3702
f 3675 3676 3704
f 3675 3704 3703
f 3676 3677 3705
f 3676 3705 3704
f 3677 3678 3706
f 3677 3706 3705
f 3678 3679 3707
f 3678 3707 3706
f 3679 3680 3708
f 3679 3708 3707
f 3682 3683 3710
f 3682 3710 3709
f 3683 3684 3711
f 3683 3711 3710
f 3684 3685 3712
f 3684 3712 3711
f 3685 3686 3713
f 3685 3713 3712
f 3686 3687 3714
f 3686 3714 3713
f 3687 3688 3715
f 3687 3715 3714
f 3688 3689 3716
f 3688 3716 3715
f 3689 3690 3717
f 3689 3717 3716
f 3690 3691 3718
f 3690 3718 3717
f 3691 3692 3719
f 3691 3719 3718
f 3692 3693 3720
f 3692 3720 3719
f 3693 3694 3721
f 3693 3721 3720
f 3694 3695 3722
f 3694 3722 3721
f 3695 3696 3723
f 3695 3723 3722
f 3696 3697 3724
f 3696 3724 3723
f 3697 3698 3725
f 3697 3725 3724
f 3698 3699 3726
f 3698 3726 3725
f 3699 3700 3727
f 3699 3727 3726
f 3700 3701 3728
f 3700 3728 3727
f 3701 3702 3729
f 3701 3729 3728
f 3702 3703 3730
f 3702 3730 3729
f 3703 3704 3731
f 3703 3731 3730
f 3704 3705 3732
f 3704 3732 3731
f 3705 3706 3733
f 3705 3733 3732
f 3706 3707 3734
f 3706 3734 3733
f 3709 3710 3736
f 3709 3736 3735
f 3710 3711 3737
f 3710 3737 3736
f 3711 3712 3738
f 3711 3738 3737
f 3712 3713 3739
f 3712 3739 3738
f 3713 3714 3740
f 3713 3740 3739
f 3714 3715 3741
f 3714 3741 3740
f 3715 3716 3742
f 3715 3742 3741
f 3716 3717 3743
f 3716 3743 3742
f 3717 3718 3744
f 3717 3744 3743
f 3718 3719 3745
f 3718 3745 3744
f 3719 3720 3746
f 3719 3746 3745
f 3720 3721 3747
f 3720 3747 3746
f 3721 3722 3748
f 3721 3748 3747
f 3722 3723 3749
f 3722 3749 3748
f 3723 3724 3750
f 3723 3750 3749
f 3724 3725 3751
f 3724 3751 3750
f 3725 3726 3752
f 3725 3752 3751
f 3726 3727 3753
f 3726 3753 3752
f 3727 3728 3754
f 3727 3754 3753
f 3728 3729 3755
f 3728 3755 3754
f 3729 3730 3756
f 3729 3756 3755
f 3730 3731 3757
f 3730 3757 3756
f 3731 3732 3758
f 3731 3758 3757
f 3735 3736 3760
f 3735 3760 3759
f 3736 3737 3761
f 3736 3761 3760
f 3737 3738 3762
f 3737 3762 3761
f 3738 3739 3763
f 3738 3763 3762
f 3739 3740 3764
f 3739 3764 3763
f 3740 3741 3765
f 3740 3765 3764
f 3741 3742 3766
f 3741 3766 3765
f 3742 3743 3767
f 3742 3767 3766
f 3743 3744 3768
f 3743 3768 3767
f 3744 3745 3769
f 3744 3769 3768
f 3745 3746 3770
f 3745 3770 3769
f 3746 3747 3771
f 3746 3771 3770
f 3747 3748 3772
f 3747 3772 3771
f 3748 3749 3773
f 3748 3773 3772
f 3749 3750 3774
f 3749 3774 3773
f 3750 3751 3775
f 3750 3775 3774
f 3751 3752 3776
f 3751 3776 3775
f 3752 3753 3777
f 3752 3777 3776
f 3753 3754 3778
f 3753 3778 3777
f 3754 3755 3779
f 3754 3779 3778
f 3755 3756 3780
f 3755 3780 3779
f 3759 3760 3782
f 3759 3782 3781
f 3760 3761 3783
f 3760 3783 3782
f 3761 3762 3784
f 3761 3784 3783
f 3762 3763 3785
f 3762 3785 3784
f 3763 3764 3786
f 3763 3786 3785
f 3764 3765 3787
f 3764 3787 3786
f 3765 3766 3788
f 3765 3788 3787
f 3766 3767 3789
f 3766 3789 3788
f 3767 3768 3790
f 3767 3790 3789
f 3768 3769 3791
f 3768 3791 3790
f 3769 3770 3792
f 3769 3792 3791
f 3770 3771 3793
f 3770 3793 3792
f 3771 3772 3794
f 3771 3794 3793
f 3772 3773 3795
f 3772 3795 3794
f 3773 3774 3796
f 3773 3796 3795
f 3774 3775 3797
f 3774 3797 3796
f 3775 3776 3798
f 3775 3798 3797
f 3776 3777 3799
f 3776 3799 3798
f 3777 3778 3800
f 3777 3800 3799
f 3781 3782 3802
f 3781 3802 3801
f 3782 3783 3803
f 3782 3803 3802
f 3783 3784 3804
f 3783 3804 3803
f 3784 3785 3805
f 3784 3805 3804
f 3785 3786 3806
f 3785 3806 3805
f 3786 3787 3807
f 3786 3807 3806
f 3787 3788 3808
f 3787 3808 3807
f 3788 3789 3809
f 3788 3809 3808
f 3789 3790 3810
f 3789 3810 3809
f 3790 3791 3811
f 3790 3811 3810
f 3791 3792 3812
f 3791 3812 3811
f 3792 3793 3813
f 3792 3813 3812
f 3793 3794 3814
f 3793 3814 3813
f 3794 3795 3815
f 3794 3815 3814
f 3795 3796 3816
f 3795 3816 3815
f 3796 3797 3817
f 3796 3817 3816
f 3797 3798 3818
f 3797 3818 3817
f 3801 3802 3820
f 3801 3820 3819
f 3802 3803 3821
f 3802 3821 3820
f 3803 3804 3822
f 3803 3822 3821
f 3804 3805 3823
f 3804 3823 3822
f 3805 3806 3824
f 3805 3824 3823
f 3806 3807 3825
f 3806 3825 3824
f 3807 3808 3826
f 3807 3826 3825
f 3808 3809 3827
f 3808 3827 3826
f 3809 3810 3828
f 3809 3828 3827
f 3810 3811 3829
f 3810 3829 3828
f 3811 3812 3830
f 3811 3830 3829
f 3812 3813 3831
f 3812 3831 3830
f 3813 3814 3832
f 3813 3832 3831
f 3819 3820 3834
f 3819 3834 3833
f 3820 3821 3835
f 3820 3835 3834
f 3821 3822 3836
f 3821 3836 3835
f 3822 3823 3837
f 3822 3837 3836
f 3823 3824 3838
f 3823 3838 3837
f 3824 3825 3839
f 3824 3839 3838
f 495 3842 3841
f 496 3844 3843
f 539 3848 3847
f 540 3850 3849
f 541 3852 3851
f 542 3854 3853
f 543 3855 3857
f 543 3857 3856
f 581 3860 3859
f 582 3861 3863
f 582 3863 3862
f 617 3866 3865
f 618 3867 3869
f 618 3869 3868
f 651 3871 3873
f 651 3873 3872
f 682 3874 3875
f 712 3877 3879
f 712 3879 3878
f 740 3881 3883
f 740 3883 3882
f 767 3884 3885
f 793 3887 3889
f 793 3889 3888
f 817 3890 3891
f 841 3892 3893
f 865 3894 3895
f 888 3897 3899
f 888 3899 3898
f 910 3900 3901
f 932 3902 3903
f 954 3905 3907
f 954 3907 3906
f 975 3908 3909
f 996 3910 3911
f 1016 3912 3913
f 1036 3914 3915
f 1056 3916 3917
f 1076 3918 3919
f 1096 3920 3921
f 1116 3922 3923
f 1136 3924 3925
f 1156 3926 3927
f 1176 3928 3929
f 1196 3930 3931
f 1215 3932 3933
f 1234 3934 3935
f 1253 3936 3937
f 1272 3938 3939
f 1291 3940 3941
f 1310 3942 3943
f 1329 3944 3945
f 1348 3946 3947
f 1367 3948 3949
f 1386 3950 3951
f 1405 3952 3953
f 1424 3954 3955
f 1443 3956 3957
f 1462 3958 3959
f 1481 3960 3961
f 1500 3962 3963
f 1519 3964 3965
f 1538 3966 3967
f 1557 3968 3969
f 1576 3970 3971
f 1596 3972 3973
f 1616 3974 3975
f 1636 3976 3977
f 1656 3978 3979
f 1676 3980 3981
f 1697 3982 3983
f 1718 3984 3985
f 1740 3986 3987
f 1762 3988 3989
f 1785 3990 3991
f 1808 3992 3993
f 1832 3994 3995
f 1857 3996 3997
f 1883 3998 3999
f 1910 4000 4001
f 1939 4002 4003
f 1970 4004 4005
f 2003 4006 4007
f 2039 4008 4009
f 2082 4010 4011
f 2125 4012 4013
f 2169 4014 4015
f 2213 4016 4017
f 2257 4018 4019
f 2301 4020 4021
f 2345 4022 4023
f 2389 4024 4025
f 2433 4026 4027
f 2477 4028 4029
f 2521 4030 4031
f 2565 4032 4033
f 2609 4034 4035
f 2653 4036 4037
f 2698 4038 4039
f 2743 4040 4041
f 2788 4042 4043
f 2833 4045 4047
f 2833 4047 4046
f 2877 4048 4049
f 2921 4050 4051
f 2965 4052 4053
f 3009 4054 4055
f 3054 4056 4057
f 3099 4058 4059
f 3144 4060 4061
f 3189 4062 4063
f 3234 4065 4067
f 3234 4067 4066
f 3840 494 495
f 3855 543 494
f 3842 495 496
f 3844 496 497
f 3846 538 539
f 3861 582 538
f 3848 539 540
f 3850 540 541
f 3852 541 542
f 3854 542 543
f 3858 580 581
f 3867 618 580
f 3860 581 582
f 3864 616 617
f 3871 651 616
f 3866 617 618
f 3870 650 651
f 3874 682 650
f 3877 712 682
f 3876 711 712
f 3881 740 711
f 3880 739 740
f 3884 767 739
f 3887 793 767
f 3886 792 793
f 3890 817 792
f 3892 841 817
f 3894 865 841
f 3897 888 865
f 3896 887 888
f 3900 910 887
f 3902 932 910
f 3905 954 932
f 3904 953 954
f 3908 975 953
f 3910 996 975
f 3912 1016 996
f 3914 1036 1016
f 3916 1056 1036
f 3918 1076 1056
f 3920 1096 1076
f 3922 1116 1096
f 3924 1136 1116
f 3926 1156 1136
f 3928 1176 1156
f 3930 1196 1176
f 3932 1215 1196
f 3934 1234 1215
f 3936 1253 1234
f 3938 1272 1253
f 3940 1291 1272
f 3942 1310 1291
f 3944 1329 1310
f 3946 1348 1329
f 3948 1367 1348
f 3950 1386 1367
f 3952 1405 1386
f 3954 1424 1405
f 3956 1443 1424
f 3958 1462 1443
f 3960 1481 1462
f 3962 1500 1481
f 3964 1519 1500
f 3966 1538 1519
f 3968 1557 1538
f 3970 1576 1557
f 3972 1596 1576
f 3974 1616 1596
f 3976 1636 1616
f 3978 1656 1636
f 3980 1676 1656
f 3982 1697 1676
f 3984 1718 1697
f 3986 1740 1718
f 3988 1762 1740
f 3990 1785 1762
f 3992 1808 1785
f 3994 1832 1808
f 3996 1857 1832
f 3998 1883 1857
f 4000 1910 1883
f 4002 1939 1910
f 4004 1970 1939
f 4006 2003 1970
f 4008 2039 2003
f 4010 2082 2039
f 4012 2125 2082
f 4014 2169 2125
f 4016 2213 2169
f 4018 2257 2213
f 4020 2301 2257
f 4022 2345 2301
f 4024 2389 2345
f 4026 2433 2389
f 4028 2477 2433
f 4030 2521 2477
f 4032 2565 2521
f 4034 2609 2565
f 4036 2653 2609
f 4038 2698 2653
f 4040 2743 2698
f 4042 2788 2743
f 4045 2833 2788
f 4044 2832 2833
f 4048 2877 2832
f 4050 2921 2877
f 4052 2965 2921
f 4054 3009 2965
f 4056 3054 3009
f 4058 3099 3054
f 4060 3144 3099
f 4062 3189 3144
f 4065 3234 3189
f 4064 3233 3234
f 3840 495 3841
f 3855 494 3840
f 3842 496 3843
f 3844 497 3845
f 3846 539 3847
f 3861 538 3846
f 3848 540 3849
f 3850 541 3851
f 3852 542 3853
f 3854 543 3856
f 3858 581 3859
f 3867 580 3858
f 3860 582 3862
f 3864 617 3865
f 3871 616 3864
f 3866 618 3868
f 3870 651 3872
f 3874 650 3870
f 3877 682 3875
f 3876 712 3878
f 3881 711 3876
f 3880 740 3882
f 3884 739 3880
f 3887 767 3885
f 3886 793 3888
f 3890 792 3886
f 3892 817 3891
f 3894 841 3893
f 3897 865 3895
f 3896 888 3898
f 3900 887 3896
f 3902 910 3901
f 3905 932 3903
f 3904 954 3906
f 3908 953 3904
f 3910 975 3909
f 3912 996 3911
f 3914 1016 3913
f 3916 1036 3915
f 3918 1056 3917
f 3920 1076 3919
f 3922 1096 3921
f 3924 1116 3923
f 3926 1136 3925
f 3928 1156 3927
f 3930 1176 3929
f 3932 1196 3931
f 3934 1215 3933
f 3936 1234 3935
f 3938 1253 3937
f 3940 1272 3939
f 3942 1291 3941
f 3944 1310 3943
f 3946 1329 3945
f 3948 1348 3947
f 3950 1367 3949
f 3952 1386 3951
f 3954 1405 3953
f 3956 1424 3955
f 3958 1443 3957
f 3960 1462 3959
f 3962 1481 3961
f 3964 1500 3963
f 3966 1519 3965
f 3968 1538 3967
f 3970 1557 3969
f 3972 1576 3971
f 3974 1596 3973
f 3976 1616 3975
f 3978 1636 3977
f 3980 1656 3979
f 3982 1676 3981
f 3984 1697 3983
f 3986 1718 3985
f 3988 1740 3987
f 3990 1762 3989
f 3992 1785 3991
f 3994 1808 3993
f 3996 1832 3995
f 3998 1857 3997
f 4000 1883 3999
f 4002 1910 4001
f 4004 1939 4003
f 4006 1970 4005
f 4008 2003 4007
f 4010 2039 4009
f 4012 2082 4011
f 4014 2125 4013
f 4016 2169 4015
f 4018 2213 4017
f 4020 2257 4019
f 4022 2301 4021
f 4024 2345 4023
f 4026 2389 4025
f 4028 2433 4027
f 4030 2477 4029
f 4032 2521 4031
f 4034 2565 4033
f 4036 2609 4035
f 4038 2653 4037
f 4040 2698 4039
f 4042 2743 4041
f 4045 2788 4043
f 4044 2833 4046
f 4048 2832 4044
f 4050 2877 4049
f 4052 2921 4051
f 4054 2965 4053
f 4056 3009 4055
f 4058 3054 4057
f 4060 3099 4059
f 4062 3144 4061
f 4065 3189 4063
f 4064 3234 4066
f 327 4069 4068
f 328 4071 4070
f 329 4073 4072
f 330 4075 4074
f 331 4077 4076
f 332 4079 4078
f 333 4081 4080
f 334 4083 4082
f 335 4085 4084
f 392 4088 4087
f 392 4089 4088
f 393 4091 4090
f 394 4093 4092
f 447 4096 4095
f 447 4097 4096
f 498 4100 4099
f 498 4101 4100
f 544 4104 4103
f 583 4106 4105
f 619 4108 4107
f 652 4110 4109
f 683 4112 4111
f 741 4115 4114
f 741 4116 4115
f 768 4118 4117
f 818 4121 4120
f 842 4123 4122
f 842 4124 4123
f 889 4127 4126
f 911 4129 4128
f 933 4131 4130
f 955 4133 4132
f 976 4135 4134
f 976 4136 4135
f 1017 4139 4138
f 1037 4141 4140
f 1057 4143 4142
f 1077 4145 4144
f 1097 4147 4146
f 1117 4149 4148
f 1137 4151 4150
f 1157 4153 4152
f 1177 4155 4154
f 1177 4156 4155
f 1216 4159 4158
f 1235 4161 4160
f 1254 4163 4162
f 1273 4165 4164
f 1292 4167 4166
f 1311 4169 4168
f 1330 4171 4170
f 1349 4173 4172
f 1368 4175 4174
f 1387 4177 4176
f 1406 4179 4178
f 1425 4181 4180
f 1444 4183 4182
f 1463 4185 4184
f 1482 4187 4186
f 1501 4189 4188
f 1520 4191 4190
f 1539 4193 4192
f 1558 4196 4194
f 1577 4195 4197
f 1577 4199 4195
f 1597 4201 4200
f 1617 4203 4202
f 1637 4205 4204
f 1657 4208 4206
f 1677 4207 4209
f 1677 4211 4207
f 1698 4214 4212
f 1719 4213 4215
f 1719 4217 4213
f 1741 4220 4218
f 1763 4219 4221
f 1763 4223 4219
f 1786 4226 4224
f 1809 4225 4227
f 1809 4230 4225
f 1833 4229 4231
f 1833 4234 4229
f 1858 4233 4235
f 1858 4238 4233
f 1884 4237 4239
f 1884 4244 4237
f 1911 4241 4242
f 1911 4250 4241
f 1912 4243 4245
f 1940 4247 4248
f 1940 4256 4247
f 1941 4249 4251
f 1971 4253 4254
f 1971 4264 4253
f 1972 4255 4257
f 2004 4259 4260
f 2004 4280 4259
f 2005 4261 4262
f 2006 4263 4265
f 2040 4267 4268
f 2041 4269 4270
f 2042 4271 4272
f 2043 4273 4274
f 2044 4275 4276
f 2045 4277 4278
f 2046 4279 4281
f 4069 327 328
f 4071 328 329
f 4073 329 330
f 4075 330 331
f 4077 331 332
f 4079 332 333
f 4081 333 334
f 4083 334 335
f 4085 335 336
f 4086 336 392
f 4089 392 393
f 4091 393 394
f 4093 394 395
f 4094 395 447
f 4097 447 448
f 4098 448 498
f 4101 498 499
f 4102 499 544
f 4104 544 583
f 4106 583 619
f 4108 619 652
f 4110 652 683
f 4112 683 713
f 4113 713 741
f 4116 741 768
f 4118 768 794
f 4119 794 818
f 4121 818 842
f 4124 842 866
f 4125 866 889
f 4127 889 911
f 4129 911 933
f 4131 933 955
f 4133 955 976
f 4136 976 997
f 4137 997 1017
f 4139 1017 1037
f 4141 1037 1057
f 4143 1057 1077
f 4145 1077 1097
f 4147 1097 1117
f 4149 1117 1137
f 4151 1137 1157
f 4153 1157 1177
f 4156 1177 1197
f 4157 1197 1216
f 4159 1216 1235
f 4161 1235 1254
f 4163 1254 1273
f 4165 1273 1292
f 4167 1292 1311
f 4169 1311 1330
f 4171 1330 1349
f 4173 1349 1368
f 4175 1368 1387
f 4177 1387 1406
f 4179 1406 1425
f 4181 1425 1444
f 4183 1444 1463
f 4185 1463 1482
f 4187 1482 1501
f 4189 1501 1520
f 4191 1520 1539
f 4193 1539 1558
f 4196 1558 1578
f 4198 1578 1577
f 4199 1577 1597
f 4201 1597 1617
f 4203 1617 1637
f 4205 1637 1657
f 4208 1657 1678
f 4210 1678 1677
f 4211 1677 1698
f 4214 1698 1720
f 4216 1720 1719
f 4217 1719 1741
f 4220 1741 1764
f 4222 1764 1763
f 4223 1763 1786
f 4226 1786 1810
f 4228 1810 1809
f 4230 1809 1834
f 4232 1834 1833
f 4234 1833 1859
f 4236 1859 1858
f 4238 1858 1885
f 4240 1885 1884
f 4243 1912 1911
f 4244 1884 1913
f 4246 1913 1912
f 4249 1941 1940
f 4250 1911 1942
f 4252 1942 1941
f 4255 1972 1971
f 4256 1940 1973
f 4258 1973 1972
f 4261 2005 2004
f 4263 2006 2005
f 4264 1971 2007
f 4266 2007 2006
f 4269 2041 2040
f 4271 2042 2041
f 4273 2043 2042
f 4275 2044 2043
f 4277 2045 2044
f 4279 2046 2045
f 4280 2004 2047
f 4282 2047 2046
f 4069 328 4070
f 4071 329 4072
f 4073 330 4074
f 4075 331 4076
f 4077 332 4078
f 4079 333 4080
f 4081 334 4082
f 4083 335 4084
f 4085 336 4086
f 4086 392 4087
f 4089 393 4090
f 4091 394 4092
f 4093 395 4094
f 4094 447 4095
f 4097 448 4098
f 4098 498 4099
f 4101 499 4102
f 4102 544 4103
f 4104 583 4105
f 4106 619 4107
f 4108 652 4109
f 4110 683 4111
f 4112 713 4113
f 4113 741 4114
f 4116 768 4117
f 4118 794 4119
f 4119 818 4120
f 4121 842 4122
f 4124 866 4125
f 4125 889 4126
f 4127 911 4128
f 4129 933 4130
f 4131 955 4132
f 4133 976 4134
f 4136 997 4137
f 4137 1017 4138
f 4139 1037 4140
f 4141 1057 4142
f 4143 1077 4144
f 4145 1097 4146
f 4147 1117 4148
f 4149 1137 4150
f 4151 1157 4152
f 4153 1177 4154
f 4156 1197 4157
f 4157 1216 4158
f 4159 1235 4160
f 4161 1254 4162
f 4163 1273 4164
f 4165 1292 4166
f 4167 1311 4168
f 4169 1330 4170
f 4171 1349 4172
f 4173 1368 4174
f 4175 1387 4176
f 4177 1406 4178
f 4179 1425 4180
f 4181 1444 4182
f 4183 1463 4184
f 4185 1482 4186
f 4187 1501 4188
f 4189 1520 4190
f 4191 1539 4192
f 4193 1558 4194
f 4196 1578 4198
f 4198 1577 4197
f 4199 1597 4200
f 4201 1617 4202
f 4203 1637 4204
f 4205 1657 4206
f 4208 1678 4210
f 4210 1677 4209
f 4211 1698 4212
f 4214 1720 4216
f 4216 1719 4215
f 4217 1741 4218
f 4220 1764 4222
f 4222 1763 4221
f 4223 1786 4224
f 4226 1810 4228
f 4228 1809 4227
f 4230 1834 4232
f 4232 1833 4231
f 4234 1859 4236
f 4236 1858 4235
f 4238 1885 4240
f 4240 1884 4239
f 4243 1911 4242
f 4244 1913 4246
f 4246 1912 4245
f 4249 1940 4248
f 4250 1942 4252
f 4252 1941 4251
f 4255 1971 4254
f 4256 1973 4258
f 4258 1972 4257
f 4261 2004 4260
f 4263 2005 4262
f 4264 2007 4266
f 4266 2006 4265
f 4269 2040 4268
f 4271 2041 4270
f 4273 2042 4272
f 4275 2043 4274
f 4277 2044 4276
f 4279 2045 4278
f 4280 2047 4282
f 4282 2046 4281
f 3277 4286 4285
f 3318 4293 4292
f 3319 4295 4294
f 3320 4296 4298
f 3320 4298 4297
f 3358 4301 4300
f 3359 4302 4304
f 3359 4304 4303
f 3396 4306 4308
f 3396 4308 4307
f 3431 4311 4310
f 3432 4312 4314
f 3432 4314 4313
f 3466 4316 4318
f 3466 4318 4317
f 3499 4320 4322
f 3499 4322 4321
f 3531 4323 4324
f 3563 4326 4328
f 3563 4328 4327
f 3594 4330 4332
f 3594 4332 4331
f 3624 4334 4336
f 3624 4336 4335
f 3653 4338 4340
f 3653 4340 4339
f 3681 4342 4344
f 3681 4344 4343
f 3708 4346 4348
f 3708 4348 4347
f 3733 4351 4350
f 3734 4352 4354
f 3734 4354 4353
f 3757 4357 4356
f 3758 4358 4360
f 3758 4360 4359
f 3779 4363 4362
f 3780 4364 4366
f 3780 4366 4365
f 3799 4369 4368
f 3800 4370 4372
f 3800 4372 4371
f 3815 4375 4374
f 3816 4377 4376
f 3817 4379 4378
f 3818 4380 4382
f 3818 4382 4381
f 3826 4385 4384
f 3827 4387 4386
f 3828 4389 4388
f 3829 4391 4390
f 3830 4393 4392
f 3831 4395 4394
f 3832 4396 4398
f 3832 4398 4397
f 3833 4401 4400
f 3834 4403 4402
f 3835 4405 4404
f 3836 4407 4406
f 3837 4409 4408
f 3838 4411 4410
f 3839 4412 4414
f 3839 4414 4413
f 3278 4288 4289
f 3278 4290 4287
f 3278 4289 4290
f 4284 3276 3277
f 4296 3320 3276
f 4286 3277 3278
f 4291 3317 3318
f 4302 3359 3317
f 4293 3318 3319
f 4295 3319 3320
f 4299 3357 3358
f 4306 3396 3357
f 4301 3358 3359
f 4305 3395 3396
f 4312 3432 3395
f 4309 3430 3431
f 4316 3466 3430
f 4311 3431 3432
f 4315 3465 3466
f 4320 3499 3465
f 4319 3498 3499
f 4323 3531 3498
f 4326 3563 3531
f 4325 3562 3563
f 4330 3594 3562
f 4329 3593 3594
f 4334 3624 3593
f 4333 3623 3624
f 4338 3653 3623
f 4337 3652 3653
f 4342 3681 3652
f 4341 3680 3681
f 4346 3708 3680
f 4345 3707 3708
f 4352 3734 3707
f 4349 3732 3733
f 4358 3758 3732
f 4351 3733 3734
f 4355 3756 3757
f 4364 3780 3756
f 4357 3757 3758
f 4361 3778 3779
f 4370 3800 3778
f 4363 3779 3780
f 4367 3798 3799
f 4380 3818 3798
f 4369 3799 3800
f 4373 3814 3815
f 4396 3832 3814
f 4375 3815 3816
f 4377 3816 3817
f 4379 3817 3818
f 4383 3825 3826
f 4412 3839 3825
f 4385 3826 3827
f 4387 3827 3828
f 4389 3828 3829
f 4391 3829 3830
f 4393 3830 3831
f 4395 3831 3832
f 4401 3833 3834
f 4403 3834 3835
f 4405 3835 3836
f 4407 3836 3837
f 4409 3837 3838
f 4411 3838 3839
f 4288 3278 3233
f 4283 3233 4064
f 4284 3277 4285
f 4296 3276 4284
f 4286 3278 4287
f 4291 3318 4292
f 4302 3317 4291
f 4293 3319 4294
f 4295 3320 4297
f 4299 3358 4300
f 4306 3357 4299
f 4301 3359 4303
f 4305 3396 4307
f 4312 3395 4305
f 4309 3431 4310
f 4316 3430 4309
f 4311 3432 4313
f 4315 3466 4317
f 4320 3465 4315
f 4319 3499 4321
f 4323 3498 4319
f 4326 3531 4324
f 4325 3563 4327
f 4330 3562 4325
f 4329 3594 4331
f 4334 3593 4329
f 4333 3624 4335
f 4338 3623 4333
f 4337 3653 4339
f 4342 3652 4337
f 4341 3681 4343
f 4346 3680 4341
f 4345 3708 4347
f 4352 3707 4345
f 4349 3733 4350
f 4358 3732 4349
f 4351 3734 4353
f 4355 3757 4356
f 4364 3756 4355
f 4357 3758 4359
f 4361 3779 4362
f 4370 3778 4361
f 4363 3780 4365
f 4367 3799 4368
f 4380 3798 4367
f 4369 3800 4371
f 4373 3815 4374
f 4396 3814 4373
f 4375 3816 4376
f 4377 3817 4378
f 4379 3818 4381
f 4383 3826 4384
f 4412 3825 4383
f 4385 3827 4386
f 4387 3828 4388
f 4389 3829 4390
f 4391 3830 4392
f 4393 3831 4394
f 4395 3832 4397
f 4399 3833 4400
f 4401 3834 4402
f 4403 3835 4404
f 4405 3836 4406
f 4407 3837 4408
f 4409 3838 4410
f 4411 3839 4413
f 4288 3233 4283
f 4283 4064 4415
f 1 4417 4416
f 1 4418 4417
f 1 4419 4418
f 1 4420 4419
f 1 4421 4420
f 1 4422 4421
f 1 4423 4422
f 1 4424 4423
f 1 4425 4424
f 1 4426 4425
f 1 4427 4426
f 1 4428 4427
f 1 4429 4428
f 1 4430 4429
f 1 4431 4430
f 1 4432 4431
f 1 4433 4432
f 1 4434 4433
f 1 4435 4434
f 1 4436 4435
f 1 4437 4436
f 1 4438 4437
f 1 4439 4438
f 1 4440 4439
f 1 4441 4440
f 1 4442 4441
f 1 4443 4442
f 1 4444 4443
f 1 4445 4444
f 1 4446 4445
f 1 4447 4446
f 1 4449 4448
f 1 4450 4449
f 1 4451 4450
f 1 4452 4451
f 1 4453 4452
f 1 4454 4453
f 1 4455 4454
f 1 4456 4455
f 1 4457 4456
f 1 4458 4457
f 1 4459 4458
f 1 4460 4459
f 1 4461 4460
f 1 4462 4461
f 1 4463 4462
f 1 4464 4463
f 1 4465 4464
f 1 4466 4465
f 1 4467 4466
f 1 4468 4467
f 1 4469 4468
f 1 4470 4469
f 1 4471 4470
f 1 4472 4471
f 1 4473 4472
f 1 4474 4473
f 1 4475 4474
f 1 4476 4475
f 1 4477 4476
f 1 4478 4477
f 1 4416 4478
f 67 4483 4480
f 66 4481 4482
f 132 4487 4484
f 131 4485 4486
f 197 4491 4488
f 196 4489 4490
f 262 4495 4492
f 261 4493 4494
f 327 4499 4496
f 326 4497 4498
f 391 4501 4502
f 446 4503 4504
f 2083 4511 4508
f 2126 4510 4512
f 2126 4514 4510
f 2170 4516 4515
f 2214 4518 4517
f 2258 4520 4519
f 2302 4522 4521
f 2346 4524 4523
f 2390 4526 4525
f 2434 4528 4527
f 2478 4530 4529
f 2522 4532 4531
f 2566 4534 4533
f 2610 4537 4535
f 2654 4536 4538
f 2654 4540 4536
f 2699 4542 4541
f 2744 4544 4543
f 2789 4546 4545
f 2834 4548 4547
f 2878 4550 4549
f 2922 4552 4551
f 2966 4555 4553
f 3010 4554 4556
f 3010 4558 4554
f 3055 4560 4559
f 3100 4562 4561
f 3145 4564 4563
f 3190 4566 4565
f 3235 4568 4567
f 3279 4570 4569
f 3321 4572 4571
f 3360 4574 4573
f 3397 4576 4575
f 3433 4578 4577
f 3467 4580 4579
f 3500 4582 4581
f 3532 4584 4583
f 3564 4586 4585
f 3595 4588 4587
f 3625 4590 4589
f 3654 4592 4591
f 3682 4594 4593
f 3709 4596 4595
f 3735 4598 4597
f 3759 4600 4599
f 3781 4602 4601
f 3801 4604 4603
f 3819 4606 4605
f 3833 4608 4607
f 497 4505 4506
f 327 4500 4499
f 4267 4509 4612
f 4399 4613 4609
f 4447 1 2
f 4481 66 1
f 4479 2 67
f 4485 131 66
f 4483 67 132
f 4489 196 131
f 4487 132 197
f 4493 261 196
f 4491 197 262
f 4497 326 261
f 4495 262 327
f 4501 391 326
f 4503 446 391
f 4505 497 446
f 4507 2040 2083
f 4511 2083 2127
f 4513 2127 2126
f 4514 2126 2170
f 4516 2170 2214
f 4518 2214 2258
f 4520 2258 2302
f 4522 2302 2346
f 4524 2346 2390
f 4526 2390 2434
f 4528 2434 2478
f 4530 2478 2522
f 4532 2522 2566
f 4534 2566 2610
f 4537 2610 2655
f 4539 2655 2654
f 4540 2654 2699
f 4542 2699 2744
f 4544 2744 2789
f 4546 2789 2834
f 4548 2834 2878
f 4550 2878 2922
f 4552 2922 2966
f 4555 2966 3011
f 4557 3011 3010
f 4558 3010 3055
f 4560 3055 3100
f 4562 3100 3145
f 4564 3145 3190
f 4566 3190 3235
f 4568 3235 3279
f 4570 3279 3321
f 4572 3321 3360
f 4574 3360 3397
f 4576 3397 3433
f 4578 3433 3467
f 4580 3467 3500
f 4582 3500 3532
f 4584 3532 3564
f 4586 3564 3595
f 4588 3595 3625
f 4590 3625 3654
f 4592 3654 3682
f 4594 3682 3709
f 4596 3709 3735
f 4598 3735 3759
f 4600 3759 3781
f 4602 3781 3801
f 4604 3801 3819
f 4606 3819 3833
f 4610 3845 497
f 4509 4267 2040
f 4500 327 4068
f 4608 3833 4399
f 4447 2 4479
f 4481 1 4448
f 4479 67 4480
f 4485 66 4482
f 4483 132 4484
f 4489 131 4486
f 4487 197 4488
f 4493 196 4490
f 4491 262 4492
f 4497 261 4494
f 4495 327 4496
f 4501 326 4498
f 4503 391 4502
f 4505 446 4504
f 4507 2083 4508
f 4511 2127 4513
f 4513 2126 4512
f 4514 2170 4515
f 4516 2214 4517
f 4518 2258 4519
f 4520 2302 4521
f 4522 2346 4523
f 4524 2390 4525
f 4526 2434 4527
f 4528 2478 4529
f 4530 2522 4531
f 4532 2566 4533
f 4534 2610 4535
f 4537 2655 4539
f 4539 2654 4538
f 4540 2699 4541
f 4542 2744 4543
f 4544 2789 4545
f 4546 2834 4547
f 4548 2878 4549
f 4550 2922 4551
f 4552 2966 4553
f 4555 3011 4557
f 4557 3010 4556
f 4558 3055 4559
f 4560 3100 4561
f 4562 3145 4563
f 4564 3190 4565
f 4566 3235 4567
f 4568 3279 4569
f 4570 3321 4571
f 4572 3360 4573
f 4574 3397 4575
f 4576 3433 4577
f 4578 3467 4579
f 4580 3500 4581
f 4582 3532 4583
f 4584 3564 4585
f 4586 3595 4587
f 4588 3625 4589
f 4590 3654 4591
f 4592 3682 4593
f 4594 3709 4595
f 4596 3735 4597
f 4598 3759 4599
f 4600 3781 4601
f 4602 3801 4603
f 4604 3819 4605
f 4606 3833 4607
f 4610 497 4506
f 4509 2040 4507
f 4500 4068 4611
f 4608 4399 4609

