# https://github.com/mikedh/trimesh
v 0.00000000 0.00000000 55.00000000
v 0.93356524 7.43918785 52.68876222
v 0.93356524 7.27983731 54.07313280
v 0.93356524 7.09327534 54.95856699
v 0.93356524 6.89006697 55.71704267
v 0.93356524 6.67375844 56.40070025
v 0.93356524 6.44681904 57.03111741
v 0.93356524 6.21129384 57.61969435
v 0.93356524 5.96899724 58.17325581
v 0.93356524 5.72158677 58.69620722
v 0.93356524 5.47059377 59.19153516
v 0.93356524 5.21743549 59.66133196
v 0.93356524 4.96341806 60.10709592
v 0.93356524 4.70973494 60.52991477
v 0.93356524 4.45746264 60.93058380
v 0.93356524 4.20755512 61.30968501
v 0.93356524 3.96083728 61.66764219
v 0.93356524 3.71799791 62.00476015
v 0.93356524 3.47958205 62.32125356
v 0.93356524 3.24598283 62.61726844
v 0.93356524 3.01743225 62.89289853
v 0.93356524 2.79399047 63.14819801
v 0.93356524 2.57553259 63.38319137
v 0.93356524 2.36173132 63.59788129
v 0.93356524 2.15203297 63.79225496
v 0.93356524 1.94562216 63.96628909
v 0.93356524 1.74136717 64.11995406
v 0.93356524 1.53773001 64.25321719
v 0.93356524 1.33260853 64.36604544
v 0.93356524 1.12303389 64.45840758
v 0.93356524 0.90451748 64.53027592
v 0.93356524 0.66935568 64.58162759
v 0.93356524 0.40047861 64.61244559
v 0.93356524 -0.01545116 64.62271943
v 0.93356524 -0.01545117 47.57420913
v 0.93356524 1.38120908 47.57763266
v 0.93356524 2.03589454 47.58790601
v 0.93356524 2.55129164 47.60503755
v 0.93356524 2.99140832 47.62904149
v 0.93356524 3.38140447 47.65993831
v 0.93356524 3.73424060 47.69775533
v 0.93356524 4.05760045 47.74252753
v 0.93356524 4.35645542 47.79429859
v 0.93356524 4.63421980 47.85312222
v 0.93356524 4.89334178 47.91906379
v 0.93356524 5.13563479 47.99220242
v 0.93356524 5.36247622 48.07263358
v 0.93356524 5.57493322 48.16047223
v 0.93356524 5.77384580 48.25585695
v 0.93356524 5.95988377 48.35895501
v 0.93356524 6.13358681 48.46996892
v 0.93356524 6.29539343 48.58914482
v 0.93356524 6.44566245 48.71678361
v 0.93356524 6.58468899 48.85325554
v 0.93356524 6.71271688 48.99902016
v 0.93356524 6.82994808 49.15465379
v 0.93356524 6.93655019 49.32088859
v 0.93356524 7.03266233 49.49866959
v 0.93356524 7.11839981 49.68924094
v 0.93356524 7.19385793 49.89428234
v 0.93356524 7.25911497 50.11613629
v 0.93356524 7.31423459 50.35821362
v 0.93356524 7.35926777 50.62578608
v 0.93356524 7.39425436 50.92774572
v 0.93356524 7.41922417 51.28135450
v 0.93356524 7.43419794 51.73052763
v 1.87644001 10.47418864 52.13735137
v 1.87644001 10.25003903 54.18745837
v 1.87644001 9.98743828 55.49937275
v 1.87644001 9.70132480 56.62335119
v 1.87644001 9.39670875 57.63655778
v 1.87644001 9.07707640 58.57092835
v 1.87644001 8.74531385 59.44333598
v 1.87644001 8.40398098 60.26388158
v 1.87644001 8.05541602 61.03908504
v 1.87644001 7.70177901 61.77336602
v 1.87644001 7.34506893 62.46982046
v 1.87644001 6.98712808 63.13066497
v 1.87644001 6.62963977 63.75750842
v 1.87644001 6.27412246 64.35152676
v 1.87644001 5.92192181 64.91358029
v 1.87644001 5.57420150 65.44429505
v 1.87644001 5.23193335 65.94412109
v 1.87644001 4.89588654 66.41337498
v 1.87644001 4.56661607 66.85227176
v 1.87644001 4.24444985 67.26094915
v 1.87644001 3.92947355 67.63948632
v 1.87644001 3.62151200 67.98791857
v 1.87644001 3.32010481 68.30624901
v 1.87644001 3.02447256 68.59445782
v 1.87644001 2.73346708 68.85250982
v 1.87644001 2.44549452 69.08036045
v 1.87644001 2.15838874 69.27796075
v 1.87644001 1.86918896 69.44526128
v 1.87644001 1.57371383 69.58221539
v 1.87644001 1.26564187 69.68878169
v 1.87644001 0.93412481 69.76492606
v 1.87644001 0.55512801 69.81062311
v 1.87644001 -0.03085082 69.82585722
v 1.87644001 -0.03085084 44.55656315
v 1.87644001 1.93731570 44.56163750
v 1.87644001 2.85989513 44.57686466
v 1.87644001 3.58619010 44.60225702
v 1.87644001 4.20640029 44.63783566
v 1.87644001 4.75598090 44.68363091
v 1.87644001 5.25319578 44.73968327
v 1.87644001 5.70887283 44.80604460
v 1.87644001 6.13001775 44.88277965
v 1.87644001 6.52144189 44.96996800
v 1.87644001 6.88659528 45.06770657
v 1.87644001 7.22803336 45.17611262
v 1.87644001 7.54769715 45.29532764
v 1.87644001 7.84709047 45.42552204
v 1.87644001 8.12739707 45.56690124
v 1.87644001 8.38956084 45.71971314
v 1.87644001 8.63434228 45.88425789
v 1.87644001 8.86235935 46.06090037
v 1.87644001 9.07411768 46.25008652
v 1.87644001 9.27003319 46.45236516
v 1.87644001 9.45044944 46.66841740
v 1.87644001 9.61565105 46.89909749
v 1.87644001 9.76587420 47.14549065
v 1.87644001 9.90131493 47.40899755
v 1.87644001 10.02213576 47.69146232
v 1.87644001 10.12847096 47.99537460
v 1.87644001 10.22043085 48.32420641
v 1.87644001 10.29810513 48.68301332
v 1.87644001 10.36156567 49.07960909
v 1.87644001 10.41086859 49.52717353
v 1.87644001 10.44605593 50.05129230
v 1.87644001 10.46715688 50.71705651
v 2.82862121 12.77228820 51.82287471
v 2.82862121 12.49926518 54.40047288
v 2.82862121 12.17919667 56.05078884
v 2.82862121 11.83037134 57.46490830
v 2.82862121 11.45891817 58.73978677
v 2.82862121 11.06909909 59.91555412
v 2.82862121 10.66444086 61.01341310
v 2.82862121 10.24807079 62.04605631
v 2.82862121 9.82284499 63.02167612
v 2.82862121 9.39140171 63.94582541
v 2.82862121 8.95618236 64.82239350
v 2.82862121 8.51943696 65.65416456
v 2.82862121 8.08322141 66.44315897
v 2.82862121 7.64939029 67.19085306
v 2.82862121 7.21958721 67.89832643
v 2.82862121 6.79523368 68.56636437
v 2.82862121 6.37751692 69.19553094
v 2.82862121 5.96737686 69.78622259
v 2.82862121 5.56549195 70.33870817
v 2.82862121 5.17226347 70.85315943
v 2.82862121 4.78779706 71.32967459
v 2.82862121 4.41187999 71.76829685
v 2.82862121 4.04395151 72.16902901
v 2.82862121 3.68306151 72.53184514
v 2.82862121 3.32781004 72.85670008
v 2.82862121 2.97625340 73.14353700
v 2.82862121 2.62574987 73.39229360
v 2.82862121 2.27268852 73.60290710
v 2.82862121 1.91196998 73.77531832
v 2.82862121 1.53588534 73.90947476
v 2.82862121 1.13120650 74.00533320
v 2.82862121 0.66863029 74.06286149
v 2.82862121 -0.04621462 74.08203981
v 2.82862121 -0.04621465 42.28323253
v 2.82862121 2.35538969 42.28961808
v 2.82862121 3.48114339 42.30877989
v 2.82862121 4.36738606 42.34073357
v 2.82862121 5.12418150 42.38550562
v 2.82862121 5.79479303 42.44313423
v 2.82862121 6.40150664 42.51367037
v 2.82862121 6.95753478 42.59717928
v 2.82862121 7.47142598 42.69374244
v 2.82862121 7.94905117 42.80346001
v 2.82862121 8.39462014 42.92645394
v 2.82862121 8.81125114 43.06287181
v 2.82862121 9.20131262 43.21289164
v 2.82862121 9.56663957 43.37672791
v 2.82862121 9.90867646 43.55463908
v 2.82862121 10.22857502 43.74693714
v 2.82862121 10.52726324 43.95399979
v 2.82862121 10.80549518 44.17628618
v 2.82862121 11.06388780 44.41435749
v 2.82862121 11.30294864 44.66890434
v 2.82862121 11.52309690 44.94078387
v 2.82862121 11.72467990 45.23107104
v 2.82862121 11.90798582 45.54113148
v 2.82862121 12.07325387 45.87272781
v 2.82862121 12.22068235 46.22818067
v 2.82862121 12.35043514 46.61062300
v 2.82862121 12.46264681 47.02442402
v 2.82862121 12.55742685 47.47594561
v 2.82862121 12.63486293 47.97502058
v 2.82862121 12.69502354 48.53823439
v 2.82862121 12.73795998 49.19778395
v 2.82862121 12.76370788 50.03557972
v 3.79010370 14.68309082 51.62733067
v 3.79010370 14.36959901 54.65722002
v 3.79010370 14.00184882 56.59810367
v 3.79010370 13.60094562 58.26145663
v 3.79010370 13.17395691 59.76117386
v 3.79010370 12.72579405 61.14439993
v 3.79010370 12.26051945 62.43604434
v 3.79010370 11.78173457 63.65101836
v 3.79010370 11.29272806 64.79894591
v 3.79010370 10.79653743 65.88634966
v 3.79010370 10.29597350 66.91779760
v 3.79010370 9.79362667 67.89655922
v 3.79010370 9.29186388 68.82500658
v 3.79010370 8.79282037 69.70487244
v 3.79010370 8.29838858 70.53742350
v 3.79010370 7.81020534 71.32358065
v 3.79010370 7.32963791 72.06400492
v 3.79010370 6.85776894 72.75916041
v 3.79010370 6.39538029 73.40936138
v 3.79010370 5.94293483 74.01480810
v 3.79010370 5.50055532 74.57561450
v 3.79010370 5.06799826 75.09182995
v 3.79010370 4.64461976 75.56345643
v 3.79010370 4.22932810 75.99046232
v 3.79010370 3.82051417 76.37279343
v 3.79010370 3.41594353 76.71038200
v 3.79010370 3.01257914 77.00315397
v 3.79010370 2.60626968 77.25103481
v 3.79010370 2.19115275 77.45395431
v 3.79010370 1.75836643 77.61185027
v 3.79010370 1.29270555 77.72467149
v 3.79010370 0.76049173 77.79237986
v 3.79010370 -0.06155941 77.81495196
v 3.79010370 -0.06155944 40.40406440
v 3.79010370 2.70091731 40.41157692
v 3.79010370 3.99583019 40.43412054
v 3.79010370 5.01524239 40.47171363
v 3.79010370 5.88575624 40.52438737
v 3.79010370 6.65713590 40.59218669
v 3.79010370 7.35501615 40.67517155
v 3.79010370 7.99459478 40.77341871
v 3.79010370 8.58570484 40.88702402
v 3.79010370 9.13509945 41.01610533
v 3.79010370 9.64762098 41.16080611
v 3.79010370 10.12685622 41.32129998
v 3.79010370 10.57552953 41.49779638
v 3.79010370 10.99575163 41.69054765
v 3.79010370 11.38918402 41.89985785
v 3.79010370 11.75715152 42.12609404
v 3.79010370 12.10072154 42.36970058
v 3.79010370 12.42076146 42.63121766
v 3.79010370 12.71798095 42.91130549
v 3.79010370 12.99296380 43.21077659
v 3.79010370 13.24619222 43.53063935
v 3.79010370 13.47806569 43.87215847
v 3.79010370 13.68891571 44.23694058
v 3.79010370 13.87901744 44.62705941
v 3.79010370 14.04859899 45.04524512
v 3.79010370 14.19784882 45.49518361
v 3.79010370 14.32692176 45.98201517
v 3.79010370 14.43594374 46.51322451
v 3.79010370 14.52501560 47.10037980
v 3.79010370 14.59421613 47.76299360
v 3.79010370 14.64360433 48.53894517
v 3.79010370 14.67322119 49.52460111
v 4.76088025 16.34209909 51.50719518
v 4.76088025 15.99362054 54.93930402
v 4.76088025 15.58456413 57.13894908
v 4.76088025 15.13850724 59.02434623
v 4.76088025 14.66333928 60.72442762
v 4.76088025 14.16453918 62.29256607
v 4.76088025 13.64663705 63.75696237
v 4.76088025 13.11364795 65.13449774
v 4.76088025 12.56923766 66.43606694
v 4.76088025 12.01679180 67.66905337
v 4.76088025 11.45944316 68.83862719
v 4.76088025 10.90007883 69.94848828
v 4.76088025 10.34133688 71.00132037
v 4.76088025 9.78559721 71.99908335
v 4.76088025 9.23496920 72.94320940
v 4.76088025 8.69127747 73.83473920
v 4.76088025 8.15604633 74.67441926
v 4.76088025 7.63048307 75.46277316
v 4.76088025 7.11545989 76.20015490
v 4.76088025 6.61149369 76.88678948
v 4.76088025 6.11872254 77.52280425
v 4.76088025 5.63687659 78.10825356
v 4.76088025 5.16524010 78.64313818
v 4.76088025 4.70259865 79.12742097
v 4.76088025 4.24716170 79.56103935
v 4.76088025 3.79644260 79.94391549
v 4.76088025 3.34706122 80.27596452
v 4.76088025 2.89439725 80.55710121
v 4.76088025 2.43192614 80.78724532
v 4.76088025 1.94978562 80.96632583
v 4.76088025 1.43105559 81.09428428
v 4.76088025 0.83826429 81.17107720
v 4.76088025 -0.07690326 81.19667785
v 4.76088025 -0.07690329 38.78313118
v 4.76088025 2.99927088 38.79164829
v 4.76088025 4.44122965 38.81720649
v 4.76088025 5.57640282 38.85982660
v 4.76088025 6.54576924 38.91954398
v 4.76088025 7.40474414 38.99640957
v 4.76088025 8.18187329 39.09049132
v 4.76088025 8.89408028 39.20187629
v 4.76088025 9.55231478 39.33067314
v 4.76088025 10.16409677 39.47701546
v 4.76088025 10.73481850 39.64106592
v 4.76088025 11.26847406 39.82302135
v 4.76088025 11.76809717 40.02311921
v 4.76088025 12.23603826 40.24164556
v 4.76088025 12.67414749 40.47894514
v 4.76088025 13.08390012 40.73543409
v 4.76088025 13.46648478 41.01161619
v 4.76088025 13.82286734 41.30810385
v 4.76088025 14.15383806 41.62564560
v 4.76088025 14.46004702 41.96516257
v 4.76088025 14.74203119 42.32779802
v 4.76088025 15.00023543 42.71498576
v 4.76088025 15.23502886 43.12854728
v 4.76088025 15.44671789 43.57083357
v 4.76088025 15.63555654 44.04493992
v 4.76088025 15.80175467 44.55504509
v 4.76088025 15.94548470 45.10697675
v 4.76088025 16.06688684 45.70922047
v 4.76088025 16.16607340 46.37489134
v 4.76088025 16.24313210 47.12611119
v 4.76088025 16.29812866 48.00582457
v 4.76088025 16.33110870 49.12328440
v 5.74094158 17.81872334 51.44082291
v 5.74094158 17.43923893 55.23817780
v 5.74094158 16.99350160 57.67312527
v 5.74094158 16.50731231 59.76052004
v 5.74094158 15.98929818 61.64292475
v 5.74094158 15.44544673 63.37935891
v 5.74094158 14.88070653 65.00100750
v 5.74094158 14.29946249 66.52653772
v 5.74094158 13.70571754 67.96799638
v 5.74094158 13.10316833 69.33354695
v 5.74094158 12.49523535 70.62890513
v 5.74094158 11.88507081 71.85816054
v 5.74094158 11.27555501 73.02427897
v 5.74094158 10.66928648 74.12942569
v 5.74094158 10.06856851 75.17518239
v 5.74094158 9.47539359 76.16269777
v 5.74094158 8.89142648 77.09279527
v 5.74094158 8.31798601 77.96605187
v 5.74094158 7.75602531 78.78285707
v 5.74094158 7.20610986 79.54345775
v 5.74094158 6.66839174 80.24799297
v 5.74094158 6.14257803 80.89652111
v 5.74094158 5.62788929 81.48904142
v 5.74094158 5.12300211 82.02551135
v 5.74094158 4.62596470 82.50586032
v 5.74094158 4.13406605 82.93000104
v 5.74094158 3.64362084 83.29783858
v 5.74094158 3.14959155 83.60927772
v 5.74094158 2.64486461 83.86422889
v 5.74094158 2.11868805 84.06261291
v 5.74094158 1.55261698 84.20436459
v 5.74094158 0.90580828 84.28943549
v 5.74094158 -0.09226552 84.31779581
v 5.74094158 -0.09226555 37.35069167
v 5.74094158 3.26343902 37.36012319
v 5.74094158 4.83642786 37.38842534
v 5.74094158 6.07475364 37.43562119
v 5.74094158 7.13220591 37.50174988
v 5.74094158 8.06923543 37.58686782
v 5.74094158 8.91698192 37.69105028
v 5.74094158 9.69390680 37.81439364
v 5.74094158 10.41195474 37.95701824
v 5.74094158 11.07932905 38.11907201
v 5.74094158 11.70191197 38.30073507
v 5.74094158 12.28406054 38.50222541
v 5.74094158 12.82908416 38.72380596
v 5.74094158 13.33954682 38.96579350
v 5.74094158 13.81746682 39.22856978
v 5.74094158 14.26445346 39.51259562
v 5.74094158 14.68180340 39.81842888
v 5.74094158 15.07057027 40.14674774
v 5.74094158 15.43161613 40.49838106
v 5.74094158 15.76565014 40.87434888
v 5.74094158 16.07325808 41.27591721
v 5.74094158 16.35492520 41.70467379
v 5.74094158 16.61105419 42.16263565
v 5.74094158 16.84197930 42.65240621
v 5.74094158 17.04797762 43.17741305
v 5.74094158 17.22927809 43.74228357
v 5.74094158 17.38606879 44.35347113
v 5.74094158 17.51850269 45.02037229
v 5.74094158 17.62670228 45.75751020
v 5.74094158 17.71076327 46.58938171
v 5.74094158 17.77075734 47.56354192
v 5.74094158 17.80673426 48.80097328
v 6.73027634 19.15405779 51.41558353
v 6.73027634 18.74665705 55.54905032
v 6.73027634 18.26782595 58.20083228
v 6.73027634 17.74539724 60.47444773
v 6.73027634 17.18867080 62.52498000
v 6.73027634 16.60409704 64.41663662
v 6.73027634 15.99700500 66.18334444
v 6.73027634 15.37211564 67.84541157
v 6.73027634 14.73373800 69.41594314
v 6.73027634 14.08585117 70.90381901
v 6.73027634 13.43213680 72.31525575
v 6.73027634 12.77598775 73.65470064
v 6.73027634 12.12050425 74.92537815
v 6.73027634 11.46848331 76.12964173
v 6.73027634 10.82240430 77.26920991
v 6.73027634 10.18441217 78.34533015
v 6.73027634 9.55629933 79.35889605
v 6.73027634 8.93948597 80.31053313
v 6.73027634 8.33499894 81.20066299
v 6.73027634 7.74344805 82.02955221
v 6.73027634 7.16499845 82.79735009
v 6.73027634 6.59933662 83.50411830
v 6.73027634 6.04562581 84.14985430
v 6.73027634 -0.10766686 36.06537666
v 6.73027634 3.50110415 36.07565163
v 6.73027634 5.19271806 36.10648484
v 6.73027634 6.52443070 36.15790139
v 6.73027634 7.66162946 36.22994396
v 6.73027634 8.66932394 36.32267396
v 6.73027634 9.58100221 36.43617343
v 6.73027634 10.41651795 36.57054734
v 6.73027634 11.18871661 36.72592681
v 6.73027634 11.90642016 36.90247299
v 6.73027634 12.57595443 37.10038212
v 6.73027634 13.20200504 37.31989167
v 6.73027634 13.78813095 37.56128809
v 6.73027634 14.33708954 37.82491649
v 6.73027634 14.85105131 38.11119277
v 6.73027634 15.33174691 38.42061894
v 6.73027634 15.78057079 38.75380277
v 6.73027634 16.19865605 39.11148307
v 6.73027634 16.58692975 39.49456283
v 6.73027634 16.94615454 39.90415333
v 6.73027634 17.27696036 40.34163378
v 6.73027634 17.57986907 40.80873391
v 6.73027634 17.85531372 41.30765115
v 6.73027634 18.10365377 41.84122172
v 6.73027634 18.32518721 42.41317974
v 6.73027634 18.52016024 43.02856645
v 6.73027634 18.68877512 43.69441230
v 6.73027634 18.83119636 44.42095420
v 6.73027634 18.94755570 45.22401411
v 6.73027634 19.03795604 46.13027959
v 6.73027634 19.10247449 47.19155863
v 6.73027634 19.14116457 48.53965304
v 7.72887115 20.37471803 51.42329148
v 7.72887115 19.94191135 55.86883884
v 7.72887115 19.43289980 58.72223269
v 7.72887115 18.87739269 61.16906722
v 7.72887115 18.28531001 63.37603018
v 7.72887115 17.66352808 65.41213845
v 7.72887115 17.01772562 67.31386073
v 7.72887115 16.35293215 69.10302629
v 7.72887115 15.67373777 70.79372114
v 7.72887115 14.98438077 72.39548901
v 7.72887115 14.28878246 73.91501044
v 7.72887115 13.59055652 75.35706382
v 7.72887115 12.89300501 76.72511300
v 7.72887115 12.19910711 78.02168543
v 7.72887115 11.51150377 79.24862599
v 7.72887115 10.83247999 80.40727319
v 7.72887115 10.16394534 81.49858521
v 7.72887115 9.50741325 82.52323208
v 7.72887115 8.86397836 83.48166471
v 7.72887115 -0.12312919 34.90032787
v 7.72887115 3.71723497 34.91138785
v 7.72887115 5.51740832 34.94457671
v 7.72887115 6.93458371 34.99992149
v 7.72887115 8.14476228 35.07746811
v 7.72887115 9.21712563 35.17728270
v 7.72887115 10.18731092 35.29945353
v 7.72887115 11.07644594 35.44409362
v 7.72887115 11.89820051 35.61134408
v 7.72887115 12.66196273 35.80137841
v 7.72887115 13.37446441 36.01440781
v 7.72887115 14.04069186 36.25068789
v 7.72887115 14.66443245 36.51052702
v 7.72887115 15.24862050 36.79429665
v 7.72887115 15.79556580 37.10244445
v 7.72887115 16.30711008 37.43551080
v 7.72887115 16.78473726 37.79414989
v 7.72887115 17.22965317 38.17915699
v 7.72887115 17.64284437 38.59150407
v 7.72887115 18.02512243 39.03238731
v 7.72887115 18.37715773 39.50329129
v 7.72887115 18.69950563 40.00607790
v 7.72887115 18.99262697 40.54311244
v 7.72887115 19.25690426 41.11744784
v 7.72887115 19.49265462 41.73310349
v 7.72887115 19.70014006 42.39550578
v 7.72887115 19.87957581 43.11222230
v 7.72887115 20.03113694 43.89427205
v 7.72887115 20.15496365 44.75868578
v 7.72887115 20.25116544 45.73419000
v 7.72887115 20.31982437 46.87655082
v 7.72887115 20.36099738 48.32763973
v 8.73671056 21.49902346 51.45821287
v 8.73671056 21.04292121 56.19531775
v 8.73671056 20.50617767 59.23732930
v 8.73671056 19.92024843 61.84628626
v 8.73671056 19.29562945 64.19969783
v 8.73671056 18.63959188 66.37106664
v 8.73671056 17.95813826 68.39923236
v 8.73671056 17.25658368 70.30744303
v 8.73671056 16.53977819 72.11069942
v 8.73671056 15.81219978 73.81916422
v 8.73671056 15.07799137 75.43995037
v 8.73671056 14.34097084 76.97814475
v 8.73671056 13.60462686 78.43743404
v 8.73671056 12.87210707 79.82050753
v 8.73671056 12.14620192 81.12932749
v 8.73671056 11.42932589 82.36531694
v 8.73671056 10.72349708 83.52949379
v 8.73671056 8.58897967 34.02591551
v 8.73671056 9.72097541 34.13236457
v 8.73671056 10.74511113 34.26265585
v 8.73671056 11.68368951 34.41690988
v 8.73671056 12.55114052 34.59527714
v 8.73671056 13.35737433 34.79794266
v 8.73671056 14.10949707 35.02513170
v 8.73671056 14.81277235 35.27711685
v 8.73671056 15.47119815 35.55422696
v 8.73671056 16.08787194 35.85685818
v 8.73671056 16.66523198 36.18548795
v 8.73671056 17.20522241 36.54069255
v 8.73671056 17.70940967 36.92316966
v 8.73671056 18.17906663 37.33376740
v 8.73671056 18.61523473 37.77352237
v 8.73671056 19.01877065 38.24371023
v 8.73671056 19.39038207 38.74591425
v 8.73671056 19.73065522 39.28212007
v 8.73671056 20.04007655 39.85485022
v 8.73671056 20.31904988 40.46736054
v 8.73671056 20.56790993 41.12393758
v 8.73671056 20.78693330 41.83036842
v 8.73671056 20.97634719 42.59472364
v 8.73671056 21.13633639 43.42875466
v 8.73671056 21.26704890 44.35062423
v 8.73671056 21.36860031 45.39096826
v 8.73671056 21.44107725 46.60925950
v 8.73671056 21.48453983 48.15679937
v 9.75377706 22.54014146 51.51607158
v 9.75377706 22.06256538 56.52671152
v 9.75377706 21.50020331 59.74593247
v 9.75377706 20.88614469 62.50727031
v 9.75377706 20.23142329 64.99836786
v 9.75377706 19.54367837 67.29692926
v 9.75377706 18.82921393 69.44401500
v 9.75377706 18.09361077 71.46420200
v 9.75377706 17.34196071 73.37334770
v 9.75377706 16.57896459 75.18219424
v 9.75377706 15.80897141 76.89825928
v 9.75377706 15.03598885 78.52691827
v 9.75377706 14.26367911 80.07206620
v 9.75377706 13.49534645 81.53654351
v 9.75377706 12.73392033 82.92242202
v 9.75377706 13.15524867 33.66473475
v 9.75377706 14.00085851 33.87927928
v 9.75377706 14.78971453 34.11978473
v 9.75377706 15.52733740 34.38653969
v 9.75377706 16.21792036 34.67989228
v 9.75377706 16.86471218 35.00026188
v 9.75377706 17.47027018 35.34815389
v 9.75377706 18.03663345 35.72417839
v 9.75377706 18.56544495 36.12907395
v 9.75377706 19.05803970 36.56373839
v 9.75377706 19.51551002 37.02926908
v 9.75377706 19.93875442 37.52701645
v 9.75377706 20.32851514 38.05865656
v 9.75377706 20.68540705 38.62629146
v 9.75377706 21.00994036 39.23259151
v 9.75377706 21.30253859 39.88100340
v 9.75377706 21.56355284 40.57606493
v 9.75377706 21.79327319 41.32390237
v 9.75377706 21.99193795 42.13305937
v 9.75377706 22.15974094 43.01597614
v 9.75377706 22.29683738 43.99188001
v 9.75377706 22.40334851 45.09320258
v 9.75377706 22.47936518 46.38290252
v 9.75377706 22.52495046 48.02114962
v 10.78005113 23.50784071 51.59350365
v 10.78005113 23.01039749 56.86147904
v 10.78005113 22.42428109 60.24765495
v 10.78005113 21.78411549 63.15261746
v 10.78005113 21.10143864 65.77352476
v 10.78005113 20.38423423 68.19202696
v 10.78005113 19.63908806 70.45127045
v 10.78005113 18.87182909 72.57708018
v 10.78005113 18.08777488 74.58611800
v 10.78005113 17.29183429 76.48967008
v 10.78005113 16.48854862 78.29563385
v 10.78005113 15.68210272 80.00965544
v 10.78005113 14.87632071 81.63582506
v 10.78005113 14.07465307 83.17712476
v 10.78005113 15.42154043 33.28883205
v 10.78005113 16.19112901 33.56951620
v 10.78005113 16.91163915 33.87818683
v 10.78005113 17.58646040 34.21528522
v 10.78005113 18.21826093 34.58134317
v 10.78005113 18.80916819 34.97700260
v 10.78005113 19.36089631 35.40304066
v 10.78005113 19.87483821 35.86040204
v 10.78005113 20.35213351 36.35024142
v 10.78005113 20.79371968 36.87397974
v 10.78005113 21.20037112 37.43338060
v 10.78005113 21.57272933 38.03065578
v 10.78005113 21.91132665 38.66861510
v 10.78005113 22.21660495 39.35088521
v 10.78005113 22.48893054 40.08224089
v 10.78005113 22.72860608 40.86912828
v 10.78005113 22.93588020 41.72053717
v 10.78005113 23.11095512 42.64955734
v 10.78005113 23.25399278 43.67642014
v 10.78005113 23.36511969 44.83525065
v 10.78005113 23.44443063 46.19229507
v 10.78005113 23.49199139 47.91608678
v 11.81551116 24.40953913 51.68773483
v 11.81551116 23.89367135 57.19818948
v 11.81551116 23.28547491 60.74191419
v 11.81551116 22.62101888 63.78246902
v 11.81551116 21.91231513 66.52596068
v 11.81551116 21.16767054 69.05775099
v 11.81551116 20.39393499 71.42294845
v 11.81551116 19.59716984 73.64855194
v 11.81551116 18.78290393 75.75197985
v 11.81551116 17.95624085 77.74502984
v 11.81551116 17.12190181 79.63595627
v 11.81551116 16.28423747 81.43065952
v 11.81551116 15.44722346 83.13341311
v 11.81551116 17.55769824 33.14195356
v 11.81551116 18.25867256 33.49485456
v 11.81551116 18.91495885 33.87807269
v 11.81551116 19.52876704 34.29227998
v 11.81551116 20.10187768 34.73828999
v 11.81551116 20.63573767 35.21709171
v 11.81551116 21.13153080 35.72989394
v 11.81551116 21.59023088 36.27818424
v 11.81551116 22.01264231 36.86380887
v 11.81551116 22.39943146 37.48908331
v 11.81551116 22.75115131 38.15694910
v 11.81551116 23.06826083 38.87120290
v 11.81551116 23.35114054 39.63684331
v 11.81551116 23.60010484 40.46061867
v 11.81551116 23.81541198 41.35194017
v 11.81551116 23.99727201 42.32451127
v 11.81551116 24.14585318 43.39951168
v 11.81551116 24.26128688 44.61266622
v 11.81551116 24.34367155 46.03332661
v 11.81551116 24.39307555 47.83792680
v 12.86013355 25.25096496 51.79637821
v 12.86013355 24.71798777 57.53544553
v 12.86013355 24.08923835 61.22793553
v 12.86013355 23.40214900 64.39658115
v 12.86013355 22.66917783 67.25590872
v 12.86013355 21.89893546 69.89477319
v 12.86013355 21.09851967 72.36012974
v 12.86013355 20.27420983 74.68008204
v 12.86013355 19.43173292 76.87276031
v 12.86013355 18.57637501 78.95044334
v 12.86013355 17.71302599 80.92172115
v 12.86013355 16.84619190 82.79273306
v 12.86013355 18.88563711 32.83343475
v 12.86013355 19.56480604 33.23287363
v 12.86013355 20.20001577 33.66461337
v 12.86013355 20.79310897 34.12950197
v 12.86013355 21.34558297 34.62857028
v 12.86013355 21.85866284 35.16307826
v 12.86013355 22.33335635 35.73457644
v 12.86013355 22.77049593 36.34498923
v 12.86013355 23.17077119 36.99673011
v 12.86013355 23.53475440 37.69286513
v 12.86013355 23.86292053 38.43735167
v 12.86013355 24.15566336 39.23539989
v 12.86013355 24.41330825 40.09404379
v 12.86013355 24.63612247 41.02309291
v 12.86013355 24.82432339 42.03683072
v 12.86013355 24.97808511 43.15733345
v 12.86013355 25.09754362 44.42183806
v 12.86013355 25.18280079 45.90263177
v 12.86013355 25.23392735 47.78361658
v 13.91389264 26.03659250 51.91730050
v 13.91389264 25.48772086 57.87183217
v 13.91389264 24.83982998 61.70475368
v 13.91389264 24.13163941 64.99437128
v 13.91389264 23.37602779 67.96312987
v 13.91389264 22.58189146 70.70317040
v 13.91389264 21.75656115 73.26318533
v 13.91389264 20.90652087 75.67231756
v 13.91389264 20.03768353 77.94936684
v 13.91389264 19.15550643 80.10706436
v 13.91389264 18.26503768 82.15431556
v 13.91389264 20.17127041 32.64139509
v 13.91389264 20.82649474 33.08970345
v 13.91389264 21.43827551 33.57243281
v 13.91389264 22.00815721 34.09065357
v 13.91389264 22.53740354 34.64567405
v 13.91389264 23.02705399 35.23910429
v 13.91389264 23.47796725 35.87294253
v 13.91389264 23.89085464 36.54969490
v 13.91389264 24.26630646 37.27254509
v 13.91389264 24.60481267 38.04560236
v 13.91389264 24.90677943 38.87427681
v 13.91389264 25.17254237 39.76587238
v 13.91389264 25.40237716 40.73057508
v 13.91389264 25.59650803 41.78321652
v 13.91389264 25.75511458 42.94672013
v 13.91389264 25.87833706 44.25975190
v 13.91389264 25.96628057 45.79737318
v 13.91389264 26.01901806 47.75054344
v 14.97676075 26.76993961 52.04852917
v 14.97676075 26.20630907 58.20587983
v 14.97676075 25.54059693 62.17121137
v 14.97676075 24.81273848 65.57494728
v 14.97676075 24.03600880 68.64696961
v 14.97676075 23.21957305 71.48250627
v 14.97676075 22.37098080 74.13188184
v 14.97676075 21.49690824 76.62521554
v 14.97676075 20.60344276 78.98193592
v 14.97676075 19.69620230 81.21519894
v 14.97676075 20.73707679 32.10013363
v 14.97676075 21.41101736 32.56408239
v 14.97676075 22.04027341 33.06365302
v 14.97676075 22.62643358 33.59995327
v 14.97676075 23.17079763 34.17433708
v 14.97676075 23.67443476 34.78847067
v 14.97676075 24.13822819 35.44442202
v 14.97676075 24.56290956 36.14478465
v 14.97676075 24.94908602 36.89285335
v 14.97676075 25.29726153 37.69288073
v 14.97676075 25.60785385 38.55046565
v 14.97676075 25.88120821 39.47316686
v 14.97676075 26.11760815 40.47152572
v 14.97676075 26.31728430 41.56089129
v 14.97676075 26.48042138 42.76498676
v 14.97676075 26.60716367 44.12382706
v 14.97676075 26.69761925 45.71509225
v 14.97676075 26.75186317 47.73640395
v 16.04870819 27.45377712 52.18818461
v 16.04870819 26.87646007 58.53603517
v 16.04870819 26.19417442 62.62595470
v 16.04870819 25.44800323 66.13712377
v 16.04870819 24.65159510 69.30639309
v 16.04870819 23.81436797 72.23188382
v 16.04870819 22.94407693 74.96545037
v 16.04870819 22.04757850 77.53812696
v 16.04870819 21.13112368 79.96993139
v 16.04870819 20.20048107 82.27441749
v 16.04870819 21.95579792 32.08492661
v 16.04870819 22.60138234 32.60036322
v 16.04870819 23.20275258 33.15369596
v 16.04870819 23.76124216 33.74632176
v 16.04870819 24.27794801 34.37995977
v 16.04870819 24.75377626 35.05674363
v 16.04870819 25.18947755 35.77934925
v 16.04870819 25.58567478 36.55117605
v 16.04870819 25.94288498 37.37661169
v 16.04870819 26.26153677 38.26143285
v 16.04870819 26.54198431 39.21343835
v 16.04870819 26.78451852 40.24350433
v 16.04870819 26.98937600 41.36746732
v 16.04870819 27.15674627 42.60980395
v 16.04870819 27.28677736 44.01179998
v 16.04870819 27.37958014 45.65360255
v 16.04870819 27.43523162 47.73910957
v 17.12970326 28.09027983 52.33442750
v 17.12970326 27.50029847 58.86063512
v 17.12970326 26.80262970 63.06742420
v 17.12970326 26.03943908 66.67942765
v 17.12970326 25.22472674 69.94000371
v 17.12970326 24.36814802 72.94997609
v 17.12970326 23.47765080 75.76262829
v 17.12970326 22.56026055 78.40984918
v 17.12970326 21.62238155 80.91220683
v 17.12970326 22.46257268 31.64992165
v 17.12970326 23.12339003 32.18026113
v 17.12970326 23.73894995 32.74959244
v 17.12970326 24.31061741 33.35935291
v 17.12970326 24.83951523 34.01131137
v 17.12970326 25.32657092 34.70766316
v 17.12970326 25.77255283 35.45116156
v 17.12970326 26.17809856 36.24530427
v 17.12970326 26.54373734 37.09460583
v 17.12970326 26.86990790 38.00500994
v 17.12970326 27.15697276 38.98454087
v 17.12970326 27.40522969 40.04438927
v 17.12970326 27.61492091 41.20084954
v 17.12970326 27.78624038 42.47910599
v 17.12970326 27.91933962 43.92163811
v 17.12970326 28.01433213 45.61091030
v 17.12970326 28.07129674 47.75671583
v 18.21971223 28.68113797 52.48541485
v 18.21971223 28.07947484 59.17788122
v 18.21971223 27.36756824 63.49384057
v 18.21971223 26.58860294 67.20009370
v 18.21971223 25.75690937 70.54604755
v 18.21971223 24.88236544 73.63503866
v 18.21971223 23.97309945 76.52167932
v 18.21971223 23.03629487 79.23865308
v 18.21971223 23.60768425 31.80144331
v 18.21971223 24.23645092 32.38574099
v 18.21971223 24.82038342 33.01153061
v 18.21971223 25.36062867 33.68062751
v 18.21971223 25.85813407 34.39528474
v 18.21971223 26.31368446 35.15832795
v 18.21971223 26.72793112 35.97334678
v 18.21971223 27.10141462 36.84497447
v 18.21971223 27.43458312 37.77931093
v 18.21971223 27.72780692 38.78459141
v 18.21971223 27.98139017 39.87230071
v 18.21971223 28.19558028 41.05916157
v 18.21971223 28.37057539 42.37102035
v 18.21971223 28.50653025 43.85147320
v 18.21971223 28.60356082 45.58515235
v 18.21971223 28.66174759 47.78736601
v 19.31869939 29.22764076 52.63925968
v 19.31869939 28.61524746 59.48581077
v 19.31869939 27.89021332 63.90318317
v 19.31869939 27.09668060 67.69704917
v 19.31869939 26.24928924 71.12240351
v 19.31869939 25.35812526 74.28490483
v 19.31869939 24.43148538 77.24039356
v 19.31869939 23.47670046 80.02228751
v 19.31869939 24.05532169 31.46233087
v 19.31869939 24.69634101 32.06055400
v 19.31869939 25.29165248 32.70125795
v 19.31869939 25.84242538 33.38630131
v 19.31869939 26.34962556 34.11799083
v 19.31869939 26.81405317 34.89921951
v 19.31869939 27.23637217 35.73366254
v 19.31869939 27.61713367 36.62606357
v 19.31869939 27.95679456 37.58266790
v 19.31869939 28.25573235 38.61190705
v 19.31869939 28.51425712 39.72553952
v 19.31869939 28.73262111 40.94068662
v 19.31869939 28.91102631 42.28381068
v 19.31869939 29.04963050 43.79954690
v 19.31869939 29.14855188 45.57454450
v 19.31869939 29.20787253 47.82924312
v 20.42662705 29.73074026 52.56849405
v 20.42662705 29.10854474 59.58251751
v 20.42662705 28.37146690 64.11003683
v 20.42662705 27.56454568 67.99904201
v 20.42662705 26.70271023 71.51060678
v 20.42662705 25.79624046 74.75291573
v 20.42662705 24.85358976 77.78314510
v 20.42662705 23.88222590 80.63551152
v 20.42662705 24.46708065 31.12211860
v 20.42662705 25.11942005 31.72795328
v 20.42662705 25.72524441 32.37680929
v 20.42662705 26.28574368 33.07056887
v 20.42662705 26.80190077 33.81156811
v 20.42662705 27.27452993 34.60273682
v 20.42662705 27.70430687 35.44779697
v 20.42662705 28.09179243 36.35155254
v 20.42662705 28.43745155 37.32032832
v 20.42662705 28.74166843 38.36266308
v 20.42662705 29.00475863 39.49046496
v 20.42662705 29.22697881 40.72107310
v 20.42662705 29.40853456 42.08128653
v 20.42662705 29.54958643 43.61630836
v 20.42662705 29.65025471 45.41389031
v 20.42662705 29.71062293 47.69727679
v 21.54345551 30.19110063 52.21655241
v 21.54345551 29.56001344 59.41728483
v 21.54345551 28.81195648 64.06747657
v 21.54345551 27.99280529 68.06240835
v 21.54345551 27.11775808 71.66994052
v 21.54345551 26.19727464 75.00107722
v 21.54345551 25.23995342 78.11448571
v 21.54345551 24.84350167 30.77017695
v 21.54345551 25.50624390 31.37601164
v 21.54345551 26.12172932 32.02486765
v 21.54345551 26.69116685 32.71862722
v 21.54345551 27.21555507 33.45962646
v 21.54345551 27.69572123 34.25079517
v 21.54345551 28.13235180 35.09585532
v 21.54345551 28.52601657 35.99961089
v 21.54345551 28.87718791 36.96838667
v 21.54345551 29.18625612 38.01072144
v 21.54345551 29.45354181 39.13852331
v 21.54345551 29.67930573 40.36913145
v 21.54345551 29.86375673 41.72934488
v 21.54345551 30.00705795 43.26436671
v 21.54345551 30.10933159 45.06194866
v 21.54345551 30.17066250 47.34533514
v 22.66914312 30.60913670 51.90947684
v 22.66914312 29.97005631 59.27821587
v 22.66914312 29.21207184 64.03911347
v 22.66914312 28.38183558 68.12972069
v 22.66914312 27.49479479 71.82398014
v 22.66914312 26.56157523 75.23542400
v 22.66914312 25.59090891 78.42405652
v 22.66914312 25.85715707 31.06893608
v 22.66914312 26.48146094 31.71779208
v 22.66914312 27.05905716 32.41155166
v 22.66914312 27.59095862 33.15255090
v 22.66914312 28.07800443 33.94371961
v 22.66914312 28.52089088 34.78877976
v 22.66914312 28.92019593 35.69253533
v 22.66914312 29.27639872 36.66131111
v 22.66914312 29.58989515 37.70364587
v 22.66914312 29.86101040 38.83144775
v 22.66914312 30.09000899 40.06205589
v 22.66914312 30.27710274 41.42226932
v 22.66914312 30.42245712 42.95729115
v 22.66914312 30.52619610 44.75487310
v 22.66914312 30.58840573 47.03825958
v 23.80364626 30.98504426 51.64688772
v 23.80364626 30.33886176 59.16413046
v 23.80364626 29.57199389 64.02323631
v 23.80364626 28.73180978 68.19880795
v 23.80364626 27.83398578 71.97013725
v 23.80364626 26.88929975 75.45298092
v 23.80364626 25.90660573 78.70851988
v 23.80364626 26.17231841 30.80634695
v 23.80364626 26.80460298 31.45520296
v 23.80364626 27.38958281 32.14896254
v 23.80364626 27.92828375 32.88996177
v 23.80364626 28.42155564 33.68113049
v 23.80364626 28.87010366 34.52619064
v 23.80364626 29.27451317 35.42994621
v 23.80364626 29.63526943 36.39872198
v 23.80364626 29.95277339 37.44105675
v 23.80364626 30.22735441 38.56885863
v 23.80364626 30.45928036 39.79946677
v 23.80364626 30.64876580 41.15968020
v 23.80364626 30.79597829 42.69470202
v 23.80364626 30.90104340 44.49228398
v 23.80364626 30.96404828 46.77567046
v 24.94691935 31.31882415 51.42862235
v 24.94691935 30.66642737 59.07382489
v 24.94691935 29.89171753 64.01795404
v 24.94691935 29.04272041 68.26718478
v 24.94691935 28.13532138 72.10538760
v 24.94691935 27.18043645 75.65022464
v 24.94691935 26.18703024 78.96388481
v 24.94691935 26.45172144 30.58808158
v 24.94691935 27.09114991 31.23693759
v 24.94691935 27.68273917 31.93069717
v 24.94691935 28.22752666 32.67169640
v 24.94691935 28.72637180 33.46286512
v 24.94691935 29.17998777 34.30792527
v 24.94691935 29.58896653 35.21168084
v 24.94691935 29.95379881 36.18045661
v 24.94691935 30.27489011 37.22279138
v 24.94691935 30.55257349 38.35059326
v 24.94691935 30.78711987 39.58120140
v 24.94691935 30.97874622 40.94141483
v 24.94691935 31.12762201 42.47643665
v 24.94691935 31.23387420 44.27401861
v 24.94691935 31.29759095 46.55740509
v 26.09891487 31.61030131 51.25472248
v 26.09891487 30.95257853 59.00709085
v 26.09891487 30.17106979 64.02288177
v 26.09891487 29.31439682 68.33431073
v 26.09891487 28.39863376 72.22904801
v 26.09891487 27.43482080 75.82633864
v 26.09891487 26.43202151 79.18920910
v 26.09891487 27.34094355 31.06303772
v 26.09891487 27.93836569 31.75679729
v 26.09891487 28.48852460 32.49779653
v 26.09891487 28.99228820 33.28896524
v 26.09891487 29.45037668 34.13402539
v 26.09891487 29.86338784 35.03778096
v 26.09891487 30.23181725 36.00655674
v 26.09891487 30.55607441 37.04889151
v 26.09891487 30.83649566 38.17669339
v 26.09891487 31.07335459 39.40730152
v 26.09891487 31.26687032 40.76751495
v 26.09891487 31.41721397 42.30253678
v 26.09891487 31.52451377 44.10011873
v 26.09891487 31.58885875 46.38350521
v 27.25958337 31.85913987 51.12542692
v 27.25958337 31.19698314 58.96384598
v 27.25958337 30.40972417 64.03771431
v 27.25958337 29.54651912 68.39968522
v 27.25958337 28.62361048 72.34043919
v 27.25958337 27.65214838 75.98047708
v 27.25958337 26.64128371 79.38349006
v 27.25958337 27.55368609 30.93374216
v 27.25958337 28.15615924 31.62750173
v 27.25958337 28.71096957 32.36850097
v 27.25958337 29.21899232 33.15966969
v 27.25958337 29.68095379 34.00472983
v 27.25958337 30.09745682 34.90848540
v 27.25958337 30.46900118 35.87726118
v 27.25958337 30.79599983 36.91959595
v 27.25958337 31.07879195 38.04739783
v 27.25958337 31.31765345 39.27800597
v 27.25958337 31.51280528 40.63821939
v 27.25958337 31.66442004 42.17324122
v 27.25958337 31.77262703 43.97082317
v 27.25958337 31.83751602 46.25420966
v 28.42887347 32.06485502 51.04116889
v 28.42887347 31.39916318 58.94201926
v 28.42887347 30.60721183 64.05874371
v 28.42887347 29.73862905 68.45818895
v 28.42887347 28.80980486 72.43316443
v 28.42887347 27.83198504 76.10506169
v 28.42887347 27.72895041 30.84948413
v 28.42887347 28.33568462 31.54324370
v 28.42887347 28.89441891 32.28424294
v 28.42887347 29.40603472 33.07541166
v 28.42887347 29.87126346 33.92047180
v 28.42887347 30.29071226 34.82422738
v 28.42887347 30.66488441 35.79300315
v 28.42887347 30.99419579 36.83533792
v 28.42887347 31.27898800 37.96313980
v 28.42887347 31.51953887 39.19374794
v 28.42887347 31.71607094 40.55396136
v 28.42887347 31.86875802 42.08898319
v 28.42887347 31.97773031 43.88656514
v 28.42887347 32.04307824 46.16995163
v 29.60673188 32.22682205 51.00257777
v 29.60673188 31.55850354 58.93704311
v 29.60673188 30.76293019 64.07801756
v 29.60673188 29.89013823 68.49895428
v 29.60673188 28.95664410 72.49371925
v 29.60673188 27.97377457 76.18415029
v 29.60673188 27.86618788 30.81089301
v 29.60673188 28.47638256 31.50465259
v 29.60673188 29.03830356 32.24565183
v 29.60673188 29.55283733 33.03682054
v 29.60673188 30.02071948 33.88188069
v 29.60673188 30.44256058 34.78563626
v 29.60673188 30.81886680 35.75441204
v 29.60673188 31.15005639 36.79674680
v 29.60673188 31.43647288 37.92454868
v 29.60673188 31.67839572 39.15515682
v 29.60673188 31.87604870 40.51537025
v 29.60673188 32.02960662 42.05039208
v 29.60673188 32.13920043 43.84797403
v 29.60673188 32.20492106 46.13136051
v 30.79310342 32.34505849 51.00000000
v 30.79310342 31.67501869 58.93073590
v 30.79310342 30.87689117 64.07180329
v 30.79310342 30.00105630 68.49346862
v 30.79310342 29.06413571 72.48926807
v 30.79310342 28.07752254 76.18091106
v 30.79310342 27.96540980 30.80831524
v 30.79310342 28.57826524 31.50207481
v 30.79310342 29.14263649 32.24307405
v 30.79310342 29.65941388 33.03424277
v 30.79310342 30.12933623 33.87930291
v 30.79310342 30.55301676 34.78305848
v 30.79310342 30.93096386 35.75183426
v 30.79310342 31.26359760 36.79416903
v 30.79310342 31.55126301 37.92197091
v 30.79310342 31.79424076 39.15257905
v 30.79310342 31.99275560 40.51279247
v 30.79310342 32.14698311 42.04781430
v 30.79310342 32.25705480 43.84539625
v 30.79310342 32.32306201 46.12878274
v 31.98793102 32.42140003 51.00000000
v 31.98793102 31.75050586 58.92165846
v 31.98793102 30.95084729 64.05938221
v 31.98793102 30.07308719 68.47882888
v 31.98793102 29.13393196 72.47300438
v 31.98793102 28.14482706 76.16340668
v 31.98793102 28.02821399 30.80831524
v 31.98793102 28.64296374 31.50207481
v 31.98793102 29.20907944 32.24307405
v 31.98793102 29.72745418 33.03424277
v 31.98793102 30.19882904 33.87930291
v 31.98793102 30.62381915 34.78305848
v 31.98793102 31.00293448 35.75183426
v 31.98793102 31.33659638 36.79416903
v 31.98793102 31.62515096 37.92197091
v 31.98793102 31.86887974 39.15257905
v 31.98793102 32.06800818 40.51279247
v 31.98793102 32.22271240 42.04781430
v 31.98793102 32.33312432 43.84539625
v 31.98793102 32.39933556 46.12878274
v 33.19115571 32.45546819 51.00000000
v 33.19115571 31.78459229 58.91207414
v 33.19115571 30.98443359 64.04615815
v 33.19115571 30.10587496 68.46314052
v 33.19115571 29.16568693 72.45547541
v 33.19115571 28.17535297 76.14444053
v 33.19115571 28.05427217 30.80831524
v 33.19115571 28.67014278 31.50207481
v 33.19115571 29.23729066 32.24307405
v 33.19115571 29.75661054 33.03424277
v 33.19115571 30.22884484 33.87930291
v 33.19115571 30.65460983 34.78305848
v 33.19115571 31.03441639 35.75183426
v 33.19115571 31.36868664 36.79416903
v 33.19115571 31.65776734 37.92197091
v 33.19115571 31.90194050 39.15257905
v 33.19115571 32.10143201 40.51279247
v 33.19115571 32.25641830 42.04781430
v 33.19115571 32.36703153 43.84539625
v 33.19115571 32.43336349 46.12878274
v 34.40271670 32.44888141 51.00000000
v 34.40271670 31.77886136 58.90197893
v 34.40271670 30.97919273 64.03212842
v 34.40271670 30.10091803 68.44640301
v 34.40271670 29.16085196 72.43668322
v 34.40271670 28.17050232 76.12401747
v 34.40271670 28.04498616 30.80831524
v 34.40271670 28.66123448 31.50207481
v 34.40271670 29.22873019 32.24307405
v 34.40271670 29.74836857 33.03424277
v 34.40271670 30.22089249 33.87930291
v 34.40271670 30.64691859 34.78305848
v 34.40271670 31.02695808 35.75183426
v 34.40271670 31.36143334 36.79416903
v 34.40271670 31.65069133 37.92197091
v 34.40271670 31.89501425 39.15257905
v 34.40271670 32.09462810 40.51279247
v 34.40271670 32.24970944 42.04781430
v 34.40271670 32.36039051 43.84539625
v 34.40271670 32.42676315 46.12878274
v 35.62255133 32.43150077 51.00000000
v 35.62255133 31.76256774 58.89136906
v 35.62255133 30.96365610 64.01729084
v 35.62255133 30.08595366 68.42861665
v 35.62255133 29.14631445 72.41663095
v 35.62255133 28.15626728 76.10214371
v 35.62255133 28.02623637 30.80831524
v 35.62255133 28.64267628 31.50207481
v 35.62255133 29.21034842 32.24307405
v 35.62255133 29.73014835 33.03424277
v 35.62255133 30.20281917 33.87930291
v 35.62255133 30.62897773 34.78305848
v 35.62255133 31.00913537 35.75183426
v 35.62255133 31.34371462 36.79416903
v 35.62255133 31.63306253 37.92197091
v 35.62255133 31.87746141 39.15257905
v 35.62255133 32.07713733 40.51279247
v 35.62255133 32.23226688 42.04781430
v 35.62255133 32.34298236 43.84539625
v 35.62255133 32.40937563 46.12878274
v 36.85059510 32.41271236 51.00000000
v 36.85059510 31.74490929 58.88024096
v 36.85059510 30.94679621 64.00164376
v 36.85059510 30.06970640 68.40978254
v 36.85059510 29.13053332 72.39532286
v 36.85059510 28.14082666 76.07882689
v 36.85059510 28.00615710 30.80831524
v 36.85059510 28.62277764 31.50207481
v 36.85059510 29.19061613 32.24307405
v 36.85059510 29.71056837 33.03424277
v 36.85059510 30.18337770 33.87930291
v 36.85059510 30.60966114 34.78305848
v 36.85059510 30.98993018 35.75183426
v 36.85059510 31.32460746 36.79416903
v 36.85059510 31.61404016 37.92197091
v 36.85059510 31.85851065 39.15257905
v 36.85059510 32.05824508 40.51279247
v 36.85059510 32.21342009 42.04781430
v 36.85059510 32.32416801 43.84539625
v 36.85059510 32.39058074 46.12878274
v 38.08678170 32.39255643 51.00000000
v 38.08678170 31.72592799 58.86859135
v 38.08678170 30.92865617 63.98518608
v 38.08678170 30.05222019 68.38990264
v 38.08678170 29.11355297 72.37276436
v 38.08678170 28.12422506 76.05407605
v 38.08678170 27.98478241 30.80831524
v 38.08678170 28.60157349 31.50207481
v 38.08678170 29.16956903 32.24307405
v 38.08678170 29.68966508 33.03424277
v 38.08678170 30.16260518 33.87930291
v 38.08678170 30.58900652 34.78305848
v 38.08678170 30.96938073 35.75183426
v 38.08678170 31.30415058 36.79416903
v 38.08678170 31.59366333 37.92197091
v 38.08678170 31.83820144 39.15257905
v 38.08678170 32.03799111 40.51279247
v 38.08678170 32.19320904 42.04781430
v 38.08678170 32.30398759 43.84539625
v 38.08678170 32.37041869 46.12878274
v 39.33104302 32.37107592 51.00000000
v 39.33104302 31.70566856 58.85641716
v 39.33104302 30.90928188 63.96791724
v 39.33104302 30.03354168 68.36897976
v 39.33104302 29.09542053 72.34896200
v 39.33104302 28.10650985 76.02790170
v 39.33104302 27.96214873 30.80831524
v 39.33104302 28.57910118 31.50207481
v 39.33104302 29.14724532 32.24307405
v 39.33104302 29.66747744 33.03424277
v 39.33104302 30.14054127 33.87930291
v 39.33104302 30.56705416 34.78305848
v 39.33104302 30.94752789 35.75183426
v 39.33104302 31.28238532 36.79416903
v 39.33104302 31.57197382 37.92197091
v 39.33104302 31.81657590 39.15257905
v 39.33104302 32.01641784 40.51279247
v 39.33104302 32.17167637 42.04781430
v 39.33104302 32.28248391 43.84539625
v 39.33104302 32.34893239 46.12878274
v 40.58330914 32.34831652 50.99920651
v 40.58330914 31.68417850 58.84301143
v 40.58330914 30.88872200 63.94919124
v 40.58330914 30.01372035 68.34642161
v 40.58330914 29.07618595 72.32337282
v 40.58330914 27.93829493 30.80752175
v 40.58330914 28.55540052 31.50128133
v 40.58330914 29.12368569 32.24228056
v 40.58330914 29.64404694 33.03344928
v 40.58330914 30.11722820 33.87850943
v 40.58330914 30.54384696 34.78226500
v 40.58330914 30.92441513 35.75104077
v 40.58330914 31.25935569 36.79337554
v 40.58330914 31.54901606 37.92117742
v 40.58330914 31.79367886 39.15178556
v 40.58330914 31.99357041 40.51199898
v 40.58330914 32.14886748 42.04702081
v 40.58330914 32.25970252 43.84460277
v 40.58330914 32.32616749 46.12798925
v 41.84350839 32.32432668 50.99218744
v 41.84350839 31.66150807 58.82355010
v 41.84350839 30.86702800 63.92458488
v 41.84350839 29.99280844 68.31815161
v 41.84350839 29.05590193 72.29223452
v 41.84350839 27.91326230 30.80050268
v 41.84350839 28.53051381 31.49426225
v 41.84350839 29.09893335 32.23526149
v 41.84350839 29.61941765 33.02643020
v 41.84350839 30.09271079 33.87149035
v 41.84350839 30.51943043 34.77524592
v 41.84350839 30.90008859 35.74402170
v 41.84350839 31.23510835 36.78635647
v 41.84350839 31.52483722 37.91415834
v 41.84350839 31.76955787 39.14476648
v 41.84350839 31.96949668 40.50497991
v 41.84350839 32.12483047 42.04000174
v 41.84350839 32.23569172 43.83758369
v 41.84350839 32.30217241 46.12097017
v 43.11156732 32.29915759 50.97806734
v 43.11156732 31.63771034 58.79725166
v 43.11156732 30.84425416 63.89338362
v 43.11156732 29.97086104 68.28351441
v 43.11156732 29.03462399 72.25494620
v 43.11156732 27.88709455 30.78638257
v 43.11156732 28.50448581 31.48014215
v 43.11156732 29.07303404 32.22114139
v 43.11156732 29.59363618 33.01231010
v 43.11156732 30.06703647 33.85737025
v 43.11156732 30.49385272 34.76112582
v 43.11156732 30.87459706 35.72990160
v 43.11156732 31.20969266 36.77223637
v 43.11156732 31.49948713 37.90003824
v 43.11156732 31.74426318 39.13064638
v 43.11156732 31.94424726 40.49085981
v 43.11156732 32.09961622 42.02588164
v 43.11156732 32.21050257 43.82346359
v 43.11156732 32.27699831 46.10685007
v 44.38741076 32.27286325 50.95704196
v 44.38741076 31.61284119 58.76428538
v 44.38741076 30.82045757 63.85574540
v 44.38741076 29.94793601 68.24265984
v 44.38741076 29.01241044 72.21165132
v 44.38741076 27.85983788 30.76535720
v 44.38741076 28.47736380 31.45911678
v 44.38741076 29.04603604 32.20011602
v 44.38741076 29.56675172 32.99128473
v 44.38741076 30.04025528 33.83634488
v 44.38741076 30.46716462 34.74010045
v 44.38741076 30.84799200 35.70887623
v 44.38741076 31.18316070 36.75121099
v 44.38741076 31.47301837 37.87901287
v 44.38741076 31.71784781 39.10962101
v 44.38741076 31.91787551 40.46983444
v 44.38741076 32.07327836 42.00485627
v 44.38741076 32.18418889 43.80243822
v 44.38741076 32.25069913 46.08582470
v 45.67096179 32.24550043 50.92931993
v 45.67096179 31.58695930 58.72483215
v 45.67096179 30.79569816 63.81183919
v 45.67096179 29.92409408 68.19574826
v 45.67096179 28.98932243 72.16250338
v 45.67096179 27.83154091 30.73763516
v 45.67096179 28.44919755 31.43139474
v 45.67096179 29.01799017 32.17239398
v 45.67096179 29.53881608 32.96356269
v 45.67096179 30.01241986 33.80862284
v 45.67096179 30.43941957 34.71237841
v 45.67096179 30.82032757 35.68115419
v 45.67096179 31.15556721 36.72348895
v 45.67096179 31.44548624 37.85129083
v 45.67096179 31.69036751 39.08189897
v 45.67096179 31.89043754 40.44211240
v 45.67096179 32.04587329 41.97713423
v 45.67096179 32.15680730 43.77471618
v 45.67096179 32.22333162 46.05810266
v 46.96214179 32.21712869 50.89512273
v 46.96214179 31.56012617 58.67908459
v 46.96214179 30.77003866 63.76184502
v 46.96214179 29.89939879 68.14295053
v 46.96214179 28.96542390 72.10766602
v 46.96214179 27.80225476 30.70343797
v 46.96214179 28.42003935 31.39719755
v 46.96214179 28.98894981 32.13819679
v 46.96214179 29.50988361 32.92936550
v 46.96214179 29.98358551 33.77442565
v 46.96214179 30.41067368 34.67818122
v 46.96214179 30.79166058 35.64695699
v 46.96214179 31.12696968 36.68929176
v 46.96214179 31.41694876 37.81709364
v 46.96214179 31.66188076 39.04770178
v 46.96214179 31.86199225 40.40791521
v 46.96214179 32.01746020 41.94293704
v 46.96214179 32.12841719 43.74051899
v 46.96214179 32.19495529 46.02390547
v 48.26087047 32.18781040 50.85468484
v 48.26087047 31.53240613 58.62724705
v 48.26087047 30.74354466 63.70595399
v 48.26087047 29.87391650 68.08444814
v 48.26087047 28.94078162 72.04731300
v 48.26087047 27.77203299 30.66300008
v 48.26087047 28.38994401 31.35675966
v 48.26087047 28.95897088 32.09775889
v 48.26087047 29.48001129 32.88892761
v 48.26087047 29.95381013 33.73398776
v 48.26087047 30.38098570 34.63774333
v 48.26087047 30.76205058 35.60651910
v 48.26087047 31.09742829 36.64885387
v 48.26087047 31.38746672 37.77665575
v 48.26087047 31.63244885 39.00726389
v 48.26087047 31.83260128 40.36747731
v 48.26087047 31.98810104 41.90249914
v 48.26087047 32.09908074 43.70008110
v 48.26087047 32.16563246 45.98346758
v 49.56706584 32.15761071 50.80825368
v 49.56706584 31.50386632 58.56953566
v 49.56706584 30.71628456 63.64436834
v 49.56706584 29.84771640 68.02043312
v 49.56706584 28.91546519 71.98162825
v 49.56706584 27.74093164 30.61656892
v 49.56706584 28.35896883 31.31032849
v 49.56706584 28.92811190 32.05132773
v 49.56706584 29.44925870 32.84249645
v 49.56706584 29.92315428 33.68755659
v 49.56706584 30.35041708 34.59131216
v 49.56706584 30.73155976 35.56008794
v 49.56706584 31.06700595 36.60242271
v 49.56706584 31.35710361 37.73022459
v 49.56706584 31.60213576 38.96083273
v 49.56706584 31.80232906 40.32104615
v 49.56706584 31.95786058 41.85606798
v 49.56706584 32.06886294 43.65364993
v 49.56706584 32.13542824 45.93703642
v 50.88064425 32.12659758 50.75608966
v 50.88064425 31.47457669 58.50617832
v 50.88064425 30.68832960 63.57730143
v 50.88064425 29.82087053 67.95110817
v 50.88064425 28.88954700 71.91080585
v 50.88064425 27.70900922 30.56440490
v 50.88064425 28.32717365 31.25816448
v 50.88064425 28.89643389 31.99916371
v 50.88064425 29.41768798 32.79033243
v 50.88064425 29.89168113 33.63539257
v 50.88064425 30.31903188 34.53914815
v 50.88064425 30.70025304 35.50792392
v 50.88064425 31.03576829 36.55025869
v 50.88064425 31.32592567 37.67806057
v 50.88064425 31.57100826 38.90866871
v 50.88064425 31.77124278 40.26888213
v 50.88064425 31.92680631 41.80390396
v 50.88064425 32.03783153 43.60148592
v 50.88064425 32.10441054 45.88487240
v 52.20152045 32.09484173 50.69846618
v 52.20152045 31.44460998 58.43741475
v 52.20152045 30.65975380 63.50497776
v 52.20152045 29.79345370 67.87668657
v 52.20152045 28.86310226 71.83505007
v 52.20152045 27.67632670 30.50678142
v 52.20152045 28.29462080 31.20054100
v 52.20152045 28.86400045 31.94154024
v 52.20152045 29.38536389 32.73270895
v 52.20152045 29.85945646 33.57776910
v 52.20152045 30.28689687 34.48152467
v 52.20152045 30.66819799 35.45030045
v 52.20152045 31.00378362 36.49263521
v 52.20152045 31.29400186 37.62043709
v 52.20152045 31.53913587 38.85104523
v 52.20152045 31.73941239 40.21125866
v 52.20152045 31.89500856 41.74628049
v 52.20152045 32.00605706 43.54386244
v 52.20152045 32.07265004 45.82724892
v 53.52960753 32.06241668 50.63566962
v 53.52960753 31.41404175 58.36349645
v 53.52960753 30.63063401 63.42763298
v 53.52960753 29.76554356 67.79739222
v 53.52960753 28.83620896 71.75457534
v 53.52960753 27.64294752 30.44398486
v 53.52960753 28.26137513 31.13774443
v 53.52960753 28.83087774 31.87874367
v 53.52960753 29.35235375 32.66991238
v 53.52960753 29.82654871 33.51497253
v 53.52960753 30.25408141 34.41872810
v 53.52960753 30.63546487 35.38750388
v 53.52960753 30.97112297 36.42983865
v 53.52960753 31.26140388 37.55764053
v 53.52960753 31.50659082 38.78824866
v 53.52960753 31.70691059 40.14846209
v 53.52960753 31.86254036 41.68348392
v 53.52960753 31.97361284 43.48106587
v 53.52960753 32.04022020 45.76445235
v 54.86481701 32.02939871 50.56799928
v 54.86481701 31.38295032 58.28468670
v 54.86481701 30.60104988 63.34551382
v 54.86481701 29.73722053 67.71345961
v 54.86481701 28.80894789 71.66960622
v 54.86481701 27.60893754 30.37631452
v 54.86481701 28.22750397 31.07007409
v 54.86481701 28.79713440 31.81107333
v 54.86481701 29.31872748 32.60224205
v 54.86481701 29.79302887 33.44730219
v 54.86481701 30.22065754 34.35105776
v 54.86481701 30.60212660 35.31983354
v 54.86481701 30.93786005 36.36216831
v 54.86481701 31.22820612 37.48997019
v 54.86481701 31.47344809 38.72057832
v 54.86481701 31.67381283 40.08079175
v 54.86481701 31.82947753 41.61581358
v 54.86481701 31.94057494 43.41339553
v 54.86481701 32.00719725 45.69678201
v 56.20705882 31.99586687 50.49576738
v 56.20705882 31.35141679 58.20055015
v 56.20705882 30.57108380 63.25770153
v 56.20705882 29.70856781 67.62355466
v 56.20705882 28.78140259 71.57843365
v 56.20705882 27.57436507 30.30408262
v 56.20705882 28.19307712 30.99784220
v 56.20705882 28.76284165 31.73884144
v 56.20705882 29.28455751 32.53001015
v 56.20705882 29.75897056 33.37507030
v 56.20705882 30.18669990 34.27882587
v 56.20705882 30.56825876 35.24760165
v 56.20705882 30.90407124 36.28993641
v 56.20705882 31.19448566 37.41773829
v 56.20705882 31.43978537 38.64834643
v 56.20705882 31.64019727 40.00855986
v 56.20705882 31.79589862 41.54358169
v 56.20705882 31.90702219 43.34116364
v 56.20705882 31.97366018 45.62455012
v 57.55624133 31.96190290 50.41929900
v 57.55624133 31.31952498 58.11034683
v 57.55624133 30.54082094 63.16276263
v 57.55624133 29.67967136 67.52564683
v 57.55624133 28.75365936 71.47848719
v 57.55624133 27.53930085 30.22761424
v 57.55624133 28.15816686 30.92137382
v 57.55624133 28.72807317 31.66237305
v 57.55624133 29.24991886 32.45354177
v 57.55624133 29.72444996 33.29860191
v 57.55624133 30.15228573 34.20235749
v 57.55624133 30.53393955 35.17113326
v 57.55624133 30.86983559 36.21346803
v 57.55624133 31.16032228 37.34126991
v 57.55624133 31.40568303 38.57187805
v 57.55624133 31.60614480 39.93209147
v 57.55624133 31.76188489 41.46711330
v 57.55624133 31.87303611 43.26469526
v 57.55624133 31.93969069 45.54808174
v 58.91227137 31.92759130 50.33893197
v 58.91227137 31.28736145 58.01438696
v 58.91227137 30.51034918 63.06099358
v 58.91227137 29.65061985 67.42002206
v 58.91227137 28.72580721 71.37004403
v 58.91227137 27.50381800 30.14724721
v 58.91227137 28.12284791 30.84100679
v 58.91227137 28.69290515 31.58200603
v 58.91227137 29.21488904 32.37317474
v 58.91227137 29.68954581 33.21823489
v 58.91227137 30.11749489 34.12199046
v 58.91227137 30.49924978 35.09076623
v 58.91227137 30.83523477 36.13310100
v 58.91227137 31.12579839 37.26090288
v 58.91227137 31.37122412 38.49151102
v 58.91227137 31.57173898 39.85172445
v 58.91227137 31.72752032 41.38674628
v 58.91227137 31.83870097 43.18432823
v 58.91227137 31.90537320 45.46771471
v 60.27505426 31.89288963 50.25501684
v 60.27505426 31.25489019 57.91300341
v 60.27505426 30.47963878 62.95271990
v 60.27505426 29.62138952 67.30700082
v 60.27505426 28.69782794 71.25342089
v 60.27505426 27.46786581 30.06333208
v 60.27505426 28.08707070 30.75709166
v 60.27505426 28.65728909 31.49809089
v 60.27505426 29.17942054 32.28925961
v 60.27505426 29.65421149 33.13431975
v 60.27505426 30.08228154 34.03807533
v 60.27505426 30.46414434 35.00685110
v 60.27505426 30.80022432 36.04918587
v 60.27505426 31.09087007 37.17698775
v 60.27505426 31.33636518 38.40759589
v 60.27505426 31.53693672 39.76780931
v 60.27505426 31.69276210 41.30283114
v 60.27505426 31.80397418 43.10041309
v 60.27505426 31.87066525 45.38379958
v 61.64449383 31.85376021 50.16791674
v 61.64449383 31.21821503 57.80654264
v 61.64449383 30.44495400 62.83828123
v 61.64449383 29.58841161 67.18691817
v 61.64449383 28.66632242 71.12894948
v 61.64449383 27.42750527 29.97623198
v 61.64449383 28.04688243 30.66999155
v 61.64449383 28.61725947 31.41099079
v 61.64449383 29.13953618 32.20215951
v 61.64449383 29.61445922 33.04721965
v 61.64449383 30.04264837 33.95097523
v 61.64449383 30.42461741 34.91975100
v 61.64449383 30.76079089 35.96208577
v 61.64449383 31.05151751 37.08988765
v 61.64449383 31.29708092 38.32049579
v 61.64449383 31.49770827 39.68070921
v 61.64449383 31.65357699 41.21573104
v 61.64449383 31.76482002 43.01331299
v 61.64449383 31.83152964 45.29669948
v 63.02049241 31.80861317 50.07800729
v 63.02049241 31.17581000 57.69536467
v 63.02049241 30.40484142 62.71803132
v 63.02049241 29.55030824 67.06012371
v 63.02049241 28.62998948 70.99697643
v 63.02049241 27.38119122 29.88632253
v 63.02049241 28.00073169 30.58008211
v 63.02049241 28.57125911 31.32108135
v 63.02049241 29.09367352 32.11225006
v 63.02049241 29.56872178 32.95731021
v 63.02049241 29.99702382 33.86106578
v 63.02049241 30.37909357 34.82984156
v 63.02049241 30.71535569 35.87217632
v 63.02049241 31.00615896 36.99997820
v 63.02049241 31.25178711 38.23058634
v 63.02049241 31.45246735 39.59079977
v 63.02049241 31.60837717 41.12582160
v 63.02049241 31.71964953 42.92340355
v 63.02049241 31.78637675 45.20679003
v 64.40295089 31.75795377 49.98567648
v 64.40295089 31.12817505 57.57984298
v 64.40295089 30.35979486 62.59233791
v 64.40295089 29.50756668 66.92698153
v 64.40295089 28.58930955 70.85786327
v 64.40295089 27.32942099 29.79399172
v 64.40295089 27.94911690 30.48775130
v 64.40295089 28.51978746 31.22875053
v 64.40295089 29.04233294 32.01991925
v 64.40295089 29.51750039 32.86497940
v 64.40295089 29.94590990 33.76873497
v 64.40295089 30.32807551 34.73751074
v 64.40295089 30.66442199 35.77984551
v 64.40295089 30.95529822 36.90764739
v 64.40295089 31.20098800 38.13825553
v 64.40295089 31.40171859 39.49846896
v 64.40295089 31.55766753 41.03349078
v 64.40295089 31.66896781 42.83107274
v 64.40295089 31.73571176 45.11445922
v 65.79176873 31.70230492 49.89132450
v 65.79176873 31.07582739 57.46036445
v 65.79176873 30.31032504 62.46158274
v 65.79176873 29.46069072 66.78787012
v 65.79176873 28.54477916 70.71198636
v 65.79176873 27.27270929 29.69963974
v 65.79176873 27.89255393 30.39339931
v 65.79176873 28.46336145 31.13439855
v 65.79176873 28.98603234 31.92556727
v 65.79176873 29.46131383 32.77062741
v 65.79176873 29.88982615 33.67438299
v 65.79176873 30.27208349 34.64315876
v 65.79176873 30.60851069 35.68549353
v 65.79176873 30.89945673 36.81329541
v 65.79176873 31.14520548 38.04390355
v 65.79176873 31.34598425 39.40411697
v 65.79176873 31.50197061 40.93913880
v 65.79176873 31.61329760 42.73672075
v 65.79176873 31.68005757 45.02010724
v 67.18684398 31.64220700 49.79536361
v 67.18684398 31.01930136 57.33732921
v 67.18684398 30.25695940 62.32616139
v 67.18684398 29.41020044 66.64318234
v 67.18684398 28.49691079 70.55973678
v 67.18684398 27.52913941 74.18864222
v 67.18684398 27.21158806 29.60367885
v 67.18684398 27.83157589 30.29743842
v 67.18684398 28.40251528 31.03843766
v 67.18684398 28.92530692 31.82960637
v 67.18684398 29.40069820 32.67466652
v 67.18684398 29.82930952 33.57842209
v 67.18684398 30.21165516 34.54719787
v 67.18684398 30.54816009 35.58953264
v 67.18684398 30.83917334 36.71733451
v 67.18684398 31.08497886 37.94794265
v 67.18684398 31.28580401 39.30815608
v 67.18684398 31.44182641 40.84317791
v 67.18684398 31.55317912 42.64075986
v 67.18684398 31.61995452 44.92414634
v 68.58807329 31.57821766 49.69821795
v 68.58807329 30.95914816 57.21115061
v 68.58807329 30.20024187 62.18648321
v 68.58807329 29.35663204 66.49332526
v 68.58807329 28.44623263 70.40152032
v 68.58807329 27.48110157 74.02327862
v 68.58807329 27.14660621 29.50653319
v 68.58807329 27.76673293 30.20029277
v 68.58807329 28.33780021 30.94129200
v 68.58807329 28.86070896 31.73246072
v 68.58807329 29.33620674 32.57752087
v 68.58807329 29.76491407 33.48127644
v 68.58807329 30.14734536 34.45005221
v 68.58807329 30.48392567 35.49238698
v 68.58807329 30.77500412 36.62018886
v 68.58807329 31.02086469 37.85079700
v 68.58807329 31.22173484 39.21101042
v 68.58807329 31.37779219 40.74603225
v 68.58807329 31.48916984 42.54361421
v 68.58807329 31.55596019 44.82700069
v 69.99535197 31.51091156 49.60032339
v 69.99535197 30.89593565 57.08225499
v 69.99535197 30.14073266 62.04297121
v 69.99535197 29.30053766 66.33872012
v 69.99535197 28.39328839 70.23775728
v 69.99535197 27.43104909 73.85164997
v 69.99535197 27.07832943 29.40863863
v 69.99535197 27.69859198 30.10239820
v 69.99535197 28.26978435 30.84339744
v 69.99535197 28.79280763 31.63456616
v 69.99535197 29.26840956 32.47962630
v 69.99535197 29.69721080 33.38338188
v 69.99535197 30.07972585 34.35215765
v 69.99535197 30.41637988 35.39449242
v 69.99535197 30.70752208 36.52229430
v 69.99535197 30.95343651 37.75290244
v 69.99535197 31.15435065 39.11311586
v 69.99535197 31.31044218 40.64813769
v 69.99535197 31.42184423 42.44571964
v 69.99535197 31.48864922 44.72910613
v 71.40857397 31.44088011 49.49585633
v 71.40857397 30.83024807 56.94549302
v 71.40857397 30.07900803 61.89092631
v 71.40857397 29.24248506 66.17505895
v 71.40857397 28.33863710 70.06449548
v 71.40857397 27.37953207 73.67013441
v 71.40857397 27.00733993 29.30417157
v 71.40857397 27.62773654 29.99793115
v 71.40857397 28.19905236 30.73893039
v 71.40857397 28.72218869 31.53009910
v 71.40857397 29.19789342 32.37515925
v 71.40857397 29.62678734 33.27891482
v 71.40857397 30.00938507 34.24769060
v 71.40857397 30.34611186 35.29002536
v 71.40857397 30.63731699 36.41782724
v 71.40857397 30.88328457 37.64843538
v 71.40857397 31.08424214 39.00864881
v 71.40857397 31.24036741 40.54367064
v 71.40857397 31.35179353 42.34125259
v 71.40857397 31.41861296 44.62463907
v 72.82763193 31.36873122 49.37885874
v 72.82763193 30.76268582 56.79559206
v 72.82763193 30.01565998 61.72553554
v 72.82763193 29.18305745 65.99792864
v 72.82763193 28.28285285 69.87768585
v 72.82763193 27.32711531 73.47502108
v 72.82763193 26.93423612 29.18717398
v 72.82763193 27.55476635 29.88093356
v 72.82763193 28.12620523 30.62193279
v 72.82763193 28.64945424 31.41310151
v 72.82763193 29.12526142 32.25816166
v 72.82763193 29.55424771 33.16191723
v 72.82763193 29.93692785 34.13069300
v 72.82763193 30.27372717 35.17302777
v 72.82763193 30.56499502 36.30082965
v 72.82763193 30.81101558 37.53143779
v 72.82763193 31.01201643 38.89165121
v 72.82763193 31.16817533 40.42667304
v 72.82763193 31.27962545 42.22425500
v 72.82763193 31.34645927 44.50764148
v 74.25241718 31.29508896 49.24970943
v 74.25241718 30.69386511 56.63292579
v 74.25241718 29.95129605 61.54717492
v 74.25241718 29.12285317 65.80770916
v 74.25241718 28.22652453 69.67771318
v 74.25241718 27.27437808 73.26670008
v 74.25241718 26.27616636 76.63258794
v 74.25241718 26.85963237 29.05802467
v 74.25241718 27.48029715 29.75178424
v 74.25241718 28.05185993 30.49278348
v 74.25241718 28.57522239 31.28395219
v 74.25241718 29.05113274 32.12901234
v 74.25241718 29.48021204 33.03276791
v 74.25241718 29.86297516 34.00154369
v 74.25241718 30.19984750 35.04387846
v 74.25241718 30.49117850 36.17168034
v 74.25241718 30.73725241 37.40228847
v 74.25241718 30.93829683 38.76250190
v 74.25241718 31.09448959 40.29752373
v 74.25241718 31.20596388 42.09510568
v 74.25241718 31.27281219 44.37849216
v 75.68281981 31.22059329 49.10880292
v 75.68281981 30.62441769 56.45788378
v 75.68281981 29.88653894 61.35623639
v 75.68281981 29.06248545 65.60479652
v 75.68281981 28.17025554 69.46497835
v 75.68281981 27.22191382 73.04557771
v 75.68281981 26.22720438 76.40413416
v 75.68281981 26.78415869 28.91711816
v 75.68281981 27.40496032 29.61087774
v 75.68281981 27.97664913 30.35187698
v 75.68281981 28.50012699 31.14304569
v 75.68281981 28.97614228 31.98810584
v 75.68281981 29.40531620 32.89186141
v 75.68281981 29.78816371 33.86063718
v 75.68281981 30.12511033 34.90297195
v 75.68281981 30.41650557 36.03077383
v 75.68281981 30.66263373 37.26138197
v 75.68281981 30.86372249 38.62159540
v 75.68281981 31.01994969 40.15661723
v 75.68281981 31.13144856 41.95419918
v 75.68281981 31.19831160 44.23758566
v 77.11872865 31.14589968 48.95654921
v 77.11872865 30.55499053 56.27087122
v 77.11872865 29.82202625 61.15312759
v 77.11872865 29.00258204 65.38960244
v 77.11872865 28.11466353 69.23989808
v 77.11872865 27.17032990 72.81207621
v 77.11872865 26.17931504 76.16328886
v 77.11872865 25.15012125 79.32767029
v 77.11872865 26.70846036 28.76486445
v 77.11872865 27.32940259 29.45862402
v 77.11872865 27.90122086 30.19962326
v 77.11872865 28.42481727 30.99079197
v 77.11872865 28.90094037 31.83585212
v 77.11872865 29.33021147 32.73960769
v 77.11872865 29.71314569 33.70838347
v 77.11872865 30.05016862 34.75071824
v 77.11872865 30.34162985 35.87852012
v 77.11872865 30.58781376 37.10912825
v 77.11872865 30.78894805 38.46934168
v 77.11872865 30.94521063 40.00436351
v 77.11872865 31.05673475 41.80194546
v 77.11872865 31.12361294 44.08533194
v 78.56003130 31.07167875 48.79337350
v 78.56003130 30.48624543 56.07230874
v 78.56003130 29.75841014 60.93827162
v 78.56003130 28.94378496 65.16255418
v 78.56003130 28.06038007 69.00290467
v 78.56003130 27.12024728 72.56663345
v 78.56003130 26.13310866 75.91049586
v 78.56003130 25.10745312 79.06838519
v 78.56003130 26.63319761 28.60168874
v 78.56003130 27.25428562 29.29544832
v 78.56003130 27.82623815 30.03644755
v 78.56003130 28.34995749 30.82761627
v 78.56003130 28.82619237 31.67267642
v 78.56003130 29.25556426 32.57643199
v 78.56003130 29.63858838 33.54520776
v 78.56003130 29.97569044 34.58754253
v 78.56003130 30.26722010 35.71534441
v 78.56003130 30.51346180 36.94595255
v 78.56003130 30.71464332 38.30616597
v 78.56003130 30.87094259 39.84118780
v 78.56003130 30.98249289 41.63876976
v 78.56003130 31.04938678 43.92215624
v 80.00661417 30.99861594 48.61971604
v 80.00661417 30.41885871 55.86263207
v 80.00661417 29.69635695 60.71210666
v 80.00661417 28.88675012 64.92409413
v 80.00661417 28.00805035 68.75444560
v 80.00661417 27.07230024 72.30970258
v 80.00661417 26.08920857 75.64621434
v 80.00661417 25.06724955 78.79762737
v 80.00661417 24.01409245 81.78553253
v 80.00661417 26.55904524 28.42803127
v 80.00661417 27.18028572 29.12179085
v 80.00661417 27.75237865 29.86279009
v 80.00661417 28.27622655 30.65395880
v 80.00661417 28.75257833 31.49901895
v 80.00661417 29.18205563 32.40277452
v 80.00661417 29.56517378 33.37155030
v 80.00661417 29.90235858 34.41388506
v 80.00661417 30.19395981 35.54168694
v 80.00661417 30.44026196 36.77229508
v 80.00661417 30.64149287 38.13250851
v 80.00661417 30.79783050 39.66753034
v 80.00661417 30.90940819 41.46511229
v 80.00661417 30.97631850 43.74849877
v 81.45836251 30.92741106 48.43603180
v 81.45836251 30.35401032 55.63789841
v 81.45836251 29.63734119 60.46943038
v 81.45836251 28.83314219 64.66837618
v 81.45836251 27.95944974 68.48835253
v 81.45836251 27.02830991 72.03499652
v 81.45836251 26.04942697 75.36417961
v 81.45836251 25.03126738 78.50925750
v 81.45836251 23.98149158 81.49162735
v 81.45836251 26.48669222 28.24434704
v 81.45836251 27.10809336 28.93810662
v 81.45836251 27.68033424 29.67910585
v 81.45836251 28.20431762 30.47027457
v 81.45836251 28.68079260 31.31533472
v 81.45836251 29.11038096 32.21909029
v 81.45836251 29.49359819 33.18786606
v 81.45836251 29.83087019 34.23020083
v 81.45836251 30.12254684 35.35800271
v 81.45836251 30.36891268 36.58861085
v 81.45836251 30.57019563 37.94882427
v 81.45836251 30.72657369 39.48384610
v 81.45836251 30.83818024 41.28142806
v 81.45836251 30.90510785 43.56481454
v 82.91516042 30.85877790 48.24279030
v 82.91516042 30.29282066 55.39472297
v 82.91516042 29.58273515 60.20573511
v 82.91516042 28.78449577 64.39031428
v 82.91516042 27.91620642 68.19924658
v 82.91516042 26.98994134 71.73702491
v 82.91516042 26.01541790 75.05891598
v 82.91516042 25.00110894 78.19790674
v 82.91516042 23.95467819 81.17514798
v 82.91516042 22.88316939 84.00482642
v 82.91516042 26.41684130 28.05110554
v 82.91516042 27.03841284 28.74486511
v 82.91516042 27.61081065 29.48586435
v 82.91516042 28.13493771 30.27703306
v 82.91516042 28.61154335 31.12209321
v 82.91516042 29.04124952 32.02584878
v 82.91516042 29.42457183 32.99462456
v 82.91516042 29.76193633 34.03695933
v 82.91516042 30.05369296 35.16476120
v 82.91516042 30.30012637 36.39536934
v 82.91516042 30.50146451 37.75558277
v 82.91516042 30.65788546 39.29060460
v 82.91516042 30.76952261 41.08818655
v 82.91516042 30.83646858 43.37157303
v 84.37689086 30.79344379 48.04047524
v 84.37689086 30.23590890 55.13428907
v 84.37689086 29.53309177 59.92237497
v 84.37689086 28.74131685 64.09134468
v 84.37689086 27.87879295 67.88860214
v 84.37689086 26.95764432 71.41727352
v 84.37689086 25.98761709 74.73190263
v 84.37689086 24.97720311 77.86503498
v 84.37689086 23.93408040 80.83752573
v 84.37689086 22.86530477 83.66335041
v 84.37689086 21.77739288 86.35213972
v 84.37689086 26.35020854 27.84879048
v 84.37689086 26.97196180 28.54255005
v 84.37689086 27.54452696 29.28354929
v 84.37689086 28.06880726 30.07471800
v 84.37689086 28.54555223 30.91977815
v 84.37689086 28.97538403 31.82353372
v 84.37689086 29.35881842 32.79230950
v 84.37689086 29.69628155 33.83464427
v 84.37689086 29.98812347 34.96244614
v 84.37689086 30.23462892 36.19305428
v 84.37689086 30.43602593 37.55326771
v 84.37689086 30.59249261 39.08828954
v 84.37689086 30.70416240 40.88587149
v 84.37689086 30.77112794 43.16925797
v 85.84343574 30.73214912 47.82958426
v 85.84343574 30.18390523 54.85696945
v 85.84343574 29.48897430 59.61932483
v 85.84343574 28.70412143 63.77102772
v 85.84343574 27.84769186 67.55556480
v 85.84343574 26.93187859 71.07447822
v 85.84343574 25.96647020 74.38147318
v 85.84343574 24.95998874 77.50858249
v 85.84343574 23.92013637 80.47631749
v 85.84343574 22.85398993 83.29840761
v 85.84343574 21.76808561 85.98429861
v 85.84343574 20.66844990 88.54058874
v 85.84343574 26.28752291 27.63789950
v 85.84343574 26.90947082 28.33165908
v 85.84343574 27.48221522 29.07265831
v 85.84343574 28.00665965 29.86382703
v 85.84343574 28.48355387 30.70888718
v 85.84343574 28.91352023 31.61264275
v 85.84343574 29.29707464 32.58141852
v 85.84343574 29.63464342 33.62375329
v 85.84343574 29.92657670 34.75155517
v 85.84343574 30.17315933 35.98216331
v 85.84343574 30.37461938 37.34237673
v 85.84343574 30.53113504 38.87739856
v 85.84343574 30.64283979 40.67498052
v 85.84343574 30.70982629 42.95836700
v 87.31467586 30.67564694 47.61062863
v 87.31467586 30.13745132 54.56039284
v 87.31467586 29.45095699 59.29192030
v 87.31467586 28.67343618 63.42262601
v 87.31467586 27.82339617 67.19146717
v 87.31467586 26.91311433 70.69815071
v 87.31467586 25.95243333 73.99540931
v 87.31467586 24.94991517 77.11468086
v 87.31467586 23.91329479 80.07607775
v 87.31467586 22.84967805 82.89304395
v 87.31467586 21.76562822 85.57481079
v 87.31467586 20.66719789 88.12780934
v 87.31467586 19.55993216 90.55653741
v 87.31467586 26.22952582 27.41894386
v 87.31467586 26.85168291 28.11270344
v 87.31467586 27.42461995 28.85370268
v 87.31467586 27.94924077 29.64487139
v 87.31467586 28.42629539 30.48993154
v 87.31467586 28.85640636 31.39368711
v 87.31467586 29.24008978 32.36246289
v 87.31467586 29.57777210 33.40479765
v 87.31467586 29.86980357 34.53259953
v 87.31467586 30.11646913 35.76320767
v 87.31467586 30.31799694 37.12342110
v 87.31467586 30.47456525 38.65844293
v 87.31467586 30.58630756 40.45602488
v 87.31467586 30.65331660 42.73941136
v 88.79049099 30.62470237 47.38413287
v 88.79049099 30.09720079 54.24576869
v 88.79049099 29.41962563 58.94146147
v 88.79049099 28.64979908 63.04743566
v 88.79049099 27.80640996 66.79755606
v 88.79049099 26.90183260 70.28946205
v 88.79049099 25.94597341 73.57478939
v 88.79049099 24.94744256 76.68430459
v 88.79049099 23.91401524 79.63766974
v 88.79049099 22.85283334 82.44800663
v 88.79049099 21.77049390 85.12430473
v 88.79049099 20.67308204 87.67280659
v 88.79049099 19.56617466 90.09785867
v 88.79049099 18.45482807 92.40246145
v 88.79049099 17.34355630 94.58864002
v 88.79049099 26.17697059 27.19244810
v 88.79049099 26.79935306 27.88620768
v 88.79049099 27.37249765 28.62720692
v 88.79049099 27.89730852 29.41837563
v 88.79049099 28.37453596 30.26343578
v 88.79049099 28.80480275 31.16719135
v 88.79049099 29.18862517 32.13596713
v 88.79049099 29.52642981 33.17830189
v 88.79049099 29.81856708 34.30610377
v 88.79049099 30.06532199 35.53671191
v 88.79049099 30.26692281 36.89692534
v 88.79049099 30.42354783 38.43194717
v 88.79049099 30.53533063 40.22952912
v 88.79049099 30.60236394 42.51291560
v 90.27075991 30.58009217 47.15063446
v 90.27075991 30.06381960 53.91481903
v 90.27075991 29.39557811 58.57009220
v 90.27075991 28.63375987 62.64788225
v 90.27075991 27.79724890 66.37646640
v 90.27075991 26.89852590 69.85121062
v 90.27075991 25.94756869 73.12254299
v 90.27075991 24.95304239 76.22049033
v 90.27075991 23.92276869 79.16421841
v 90.27075991 22.86393156 81.96649389
v 90.27075991 21.78316762 84.63603964
v 90.27075991 20.68660019 87.17889052
v 90.27075991 19.57984351 89.59922628
v 90.27075991 18.46799061 91.89991041
v 90.27075991 17.35559175 94.08285324
v 90.27075991 16.24662745 96.14926535
v 90.27075991 15.14447803 98.09983945
v 90.27075991 26.13062199 26.95894970
v 90.27075991 26.75324773 27.65270927
v 90.27075991 27.32661633 28.39370851
v 90.27075991 27.85163232 29.18487722
v 90.27075991 28.32904629 30.02993737
v 90.27075991 28.75948124 30.93369294
v 90.27075991 29.14345368 31.90246872
v 90.27075991 29.48139035 32.94480349
v 90.27075991 29.77364180 34.07260537
v 90.27075991 30.02049316 35.30321350
v 90.27075991 30.22217278 36.66342693
v 90.27075991 30.37885902 38.19844876
v 90.27075991 30.49068550 39.99603071
v 90.27075991 30.55774501 42.27941719
v 91.75536039 30.54260419 46.91068346
v 91.75536039 30.03798627 53.56929867
v 91.75536039 29.37942489 58.18000210
v 91.75536039 28.62588061 62.22644652
v 91.75536039 27.79644065 65.93089553
v 91.75536039 26.90369855 69.38626293
v 91.75536039 25.95770916 72.64167242
v 91.75536039 24.96719786 75.72635119
v 91.75536039 23.94003798 78.65892817
v 91.75536039 22.88346055 81.45178580
v 91.75536039 21.80414675 84.11335851
v 91.75536039 20.70826299 86.64945640
v 91.75536039 19.60146570 89.06407894
v 91.75536039 18.48888936 91.35994144
v 91.75536039 17.37512507 93.53883013
v 91.75536039 16.26419352 95.60185003
v 91.75536039 15.15951456 97.54960288
v 91.75536039 14.06387421 99.38231825
v 91.75536039 12.97938902 101.09995203
v 91.75536039 26.09125574 26.71899870
v 91.75536039 26.71414430 27.41275828
v 91.75536039 27.28775494 28.15375751
v 91.75536039 27.81299256 28.94492623
v 91.75536039 28.29060806 29.78998637
v 91.75536039 28.72122472 30.69374195
v 91.75536039 29.10535924 31.66251772
v 91.75536039 29.44343857 32.70485249
v 91.75536039 29.73581339 33.83265437
v 91.75536039 29.98276895 35.06326251
v 91.75536039 30.18453370 36.42347593
v 91.75536039 30.34128608 37.95849776
v 91.75536039 30.45315977 39.75607972
v 91.75536039 30.52024760 42.03946620
v 93.24416923 30.51303680 46.66484214
v 93.24416923 30.02039216 53.21098614
v 93.24416923 29.37178935 57.77341681
v 93.24416923 28.62673613 61.78565469
v 93.24416923 27.80452541 65.46359383
v 93.24416923 26.91786714 68.89754473
v 93.24416923 25.97689697 72.13524431
v 93.24416923 24.99040435 75.20506878
v 93.24416923 23.96631822 78.12507542
v 93.24416923 22.91192069 80.90723734
v 93.24416923 21.83394160 83.55968157
v 93.24416923 20.73859457 86.08797874
v 93.24416923 19.63158234 88.49593612
v 93.24416923 18.51808494 90.78611115
v 93.24416923 17.40273833 92.96015786
v 93.24416923 16.28960733 95.01906877
v 93.24416923 15.18215517 96.96334877
v 93.24416923 14.08321045 98.79314314
v 93.24416923 12.99493164 100.50833390
v 93.24416923 11.91876787 102.10861354
v 93.24416923 10.85541408 103.59354244
v 93.24416923 9.80475656 104.96259417
v 93.24416923 26.05965792 26.47315737
v 93.24416923 26.68283061 27.16691695
v 93.24416923 27.25670289 27.90791619
v 93.24416923 27.78218010 28.69908490
v 93.24416923 28.26001345 29.54414505
v 93.24416923 28.69082653 30.44790062
v 93.24416923 29.07513627 31.41667640
v 93.24416923 29.41336981 32.45901117
v 93.24416923 29.70587799 33.58681304
v 93.24416923 29.95294620 34.81742118
v 93.24416923 30.15480299 36.17763461
v 93.24416923 30.31162687 37.71265644
v 93.24416923 30.42355159 39.51023839
v 93.24416923 30.49067001 41.79362487
v 94.73706233 30.49219839 46.41368456
v 94.73706233 30.01174155 52.84167510
v 94.73706233 29.37330814 57.35258849
v 94.73706233 28.63691435 61.32806894
v 94.73706233 27.82205626 64.97735547
v 94.73706233 26.94156096 68.38803210
v 94.73706233 26.00564684 71.60638116
v 94.73706233 25.02316986 74.65988533
v 94.73706233 24.00211733 77.56600115
v 94.73706233 22.94982551 80.33627139
v 94.73706233 21.87307608 82.97849981
v 94.73706233 20.77813324 85.49800507
v 94.73706233 19.67074942 87.89839229
v 94.73706233 18.55615366 90.18205278
v 94.73706233 17.43903022 92.35050146
v 94.73706233 16.32349145 94.40461254
v 94.73706233 15.21304729 96.34478899
v 94.73706233 14.11057223 98.17108746
v 94.73706233 13.01826986 99.88331226
v 94.73706233 11.93763390 101.48108739
v 94.73706233 10.86940379 102.96391268
v 94.73706233 9.81351084 104.33120799
v 94.73706233 8.76900903 105.58234859
v 94.73706233 7.73397977 106.71669356
v 94.73706233 6.70539274 107.73360888
v 94.73706233 5.67889030 108.63248623
v 94.73706233 4.64843327 109.41275827
v 94.73706233 3.60567874 110.07391117
v 94.73706233 2.53879166 110.61549468
v 94.73706233 26.03662447 26.22199980
v 94.73706233 26.66010432 26.91575938
v 94.73706233 27.23425946 27.65675861
v 94.73706233 27.75999567 28.44792733
v 94.73706233 28.23806454 29.29298747
v 94.73706233 28.66908997 30.19674305
v 94.73706233 29.05358913 31.16551882
v 94.73706233 29.39198938 32.20785359
v 94.73706233 29.68464174 33.33565547
v 94.73706233 29.93183173 34.56626361
v 94.73706233 30.13378801 35.92647703
v 94.73706233 30.29068919 37.46149886
v 94.73706233 30.40266907 39.25908082
v 94.73706233 30.46982058 41.54246730
v 96.23391466 30.48090675 46.15779622
v 96.23391466 30.01275170 52.46316614
v 96.23391466 29.38463143 56.91978678
v 96.23391466 28.65701670 60.85627817
v 96.23391466 27.84959951 64.47500933
v 96.23391466 26.97532238 67.86074275
v 96.23391466 26.04448650 71.05825306
v 96.23391466 25.06601541 74.09409571
v 96.23391466 24.04795648 76.98510340
v 96.23391466 22.99770215 79.74237169
v 96.23391466 21.92208829 82.37336826
v 96.23391466 20.82743219 84.88314977
v 96.23391466 19.71953866 87.27511104
v 96.23391466 18.60368852 89.55147061
v 96.23391466 17.48461713 91.71359866
v 96.23391466 16.36648723 93.76224630
v 96.23391466 15.25285828 95.69771050
v 96.23391466 14.14665348 97.51995568
v 96.23391466 13.05012433 99.22870531
v 96.23391466 11.96481195 100.82351217
v 96.23391466 10.89150302 102.30381305
v 96.23391466 9.83017675 103.66897200
v 96.23391466 8.77993668 104.91831481
v 96.23391466 7.73891718 106.05115685
v 96.23391466 6.70414675 107.06682559
v 96.23391466 5.67133642 107.96467906
v 96.23391466 4.63453191 108.74412082
v 96.23391466 3.58550272 109.40461222
v 96.23391466 2.51257522 109.94568230
v 96.23391466 26.02296061 25.96611146
v 96.23391466 26.64677241 26.65987104
v 96.23391466 27.22123324 27.40087027
v 96.23391466 27.74724936 28.19203899
v 96.23391466 28.22557276 29.03709914
v 96.23391466 28.65682767 29.94085471
v 96.23391466 29.04153155 30.90963048
v 96.23391466 29.38011197 31.95196525
v 96.23391466 29.67292014 33.07976713
v 96.23391466 29.92024173 34.31037527
v 96.23391466 30.12230554 35.67058869
v 96.23391466 30.27929025 37.20561052
v 96.23391466 30.39132976 39.00319248
v 96.23391466 30.45851702 41.28657896
v 97.73460031 30.47998849 45.89777360
v 97.73460031 30.02415275 52.07725922
v 97.73460031 29.40642302 56.47729008
v 97.73460031 28.68765826 60.37288912
v 97.73460031 27.88773508 63.95941021
v 97.73460031 27.01970719 67.31872743
v 97.73460031 26.09395703 70.49406936
v 97.73460031 25.11947551 73.51103959
v 97.73460031 24.10437058 76.38582979
v 97.73460031 23.05609194 79.12907570
v 97.73460031 21.98153110 81.74789931
v 97.73460031 20.88706016 84.24708766
v 97.73460031 19.77853825 86.62981913
v 97.73460031 18.66130001 88.89813436
v 97.73460031 17.54013411 91.05325454
v 97.73460031 16.41925589 93.09580402
v 97.73460031 15.30227664 95.02597059
v 97.73460031 14.19217056 96.84362370
v 97.73460031 13.09123941 98.54840360
v 97.73460031 12.00107406 100.13978969
v 97.73460031 10.92251089 101.61715388
v 97.73460031 9.85557947 102.97980271
v 97.73460031 8.79943560 104.22701105
v 97.73460031 7.75226947 105.35804920
v 97.73460031 6.71117174 106.37220502
v 97.73460031 5.67192599 107.26880188
v 97.73460031 4.62866779 108.04721337
v 97.73460031 3.57328557 108.70687527
v 97.73460031 2.49427642 109.24729528
v 97.73460031 1.37429109 109.66806076
v 97.73460031 26.01948025 25.70608884
v 97.73460031 26.64365057 26.39984841
v 97.73460031 27.21844156 27.14084765
v 97.73460031 27.74475999 27.93201636
v 97.73460031 28.22335830 28.77707651
v 97.73460031 28.65486107 29.68083208
v 97.73460031 29.03978604 30.64960786
v 97.73460031 29.37856105 31.69194263
v 97.73460031 29.67153751 32.81974451
v 97.73460031 29.91900124 34.05035264
v 97.73460031 30.12118118 35.41056607
v 97.73460031 30.27825612 36.94558790
v 97.73460031 30.39036002 38.74316985
v 97.73460031 30.45758589 41.02655633
v 99.23899254 30.49027844 45.63422373
v 99.23899254 30.04668761 51.68574667
v 99.23899254 29.43936040 56.02737752
v 99.23899254 28.72946803 59.88051786
v 99.23899254 27.93705666 63.43343032
v 99.23899254 27.07528488 66.76506156
v 99.23899254 26.15461324 69.91707064
v 99.23899254 25.18409853 72.91409361
v 99.23899254 24.17190872 75.77167001
v 99.23899254 23.12555090 78.49996750
v 99.23899254 22.05197277 81.10575592
v 99.23899254 20.95760215 83.59354762
v 99.23899254 19.84835363 85.96630035
v 99.23899254 18.72961705 88.22587341
v 99.23899254 17.60623586 90.37333607
v 99.23899254 16.48247961 92.40918343
v 99.23899254 15.36201316 94.33349195
v 99.23899254 14.24786348 96.14603422
v 99.23899254 13.14238444 97.84636559
v 99.23899254 12.04721859 99.43389065
v 99.23899254 10.96325398 100.90791512
v 99.23899254 9.89057272 102.26768689
v 99.23899254 8.82838512 103.51242886
v 99.23899254 7.77493977 104.64136540
v 99.23899254 6.72739234 105.65374395
v 99.23899254 5.68160247 106.54885252
v 99.23899254 4.63179983 107.32603413
v 99.23899254 3.56999746 107.98469848
v 99.23899254 2.48487109 108.52433150
v 99.23899254 1.35935568 108.94450295
v 99.23899254 26.02700541 25.44253897
v 99.23899254 26.65156261 26.13629854
v 99.23899254 27.22670988 26.87729778
v 99.23899254 27.75335455 27.66846649
v 99.23899254 28.23224951 28.51352664
v 99.23899254 28.66401974 29.41728221
v 99.23899254 29.04918330 30.38605799
v 99.23899254 29.38816830 31.42839276
v 99.23899254 29.68132635 32.55619464
v 99.23899254 29.92894348 33.78680277
v 99.23899254 30.13124873 35.14701620
v 99.23899254 30.28842103 36.68203803
v 99.23899254 30.40059442 38.47961998
v 99.23899254 30.46786196 40.76300646
v 100.74696377 30.51505037 45.36520924
v 100.74696377 30.08355592 51.28809124
v 100.74696377 29.48658905 55.57017819
v 100.74696377 28.78554789 59.37979221
v 100.74696377 28.00062926 62.89810333
v 100.74696377 27.14508777 66.20112251
v 100.74696377 26.22945720 69.32893214
v 100.74696377 25.26285713 72.30519509
v 100.74696377 24.25351374 75.14479432
v 100.74696377 23.20899035 77.85742585
v 100.74696377 22.13629033 80.44950450
v 100.74696377 21.04189708 82.92526552
v 100.74696377 19.93178082 85.28744404
v 100.74696377 18.81138702 87.53771630
v 100.74696377 17.68561459 89.67699817
v 100.74696377 16.55878817 91.70565420
v 100.74696377 15.43462713 93.62364839
v 100.74696377 14.31621237 95.43065548
v 100.74696377 13.20595112 97.12614502
v 100.74696377 12.10553896 98.70944598
v 100.74696377 11.01591715 100.17979717
v 100.74696377 9.93722192 101.53638721
v 100.74696377 8.86871989 102.77838646
v 100.74696377 7.80872000 103.90497284
v 100.74696377 6.75444518 104.91535290
v 100.74696377 5.70183367 105.80877890
v 100.74696377 4.64521233 106.58456294
v 100.74696377 3.57672255 107.24208835
v 100.74696377 2.48522372 107.78081904
v 100.74696377 1.35394196 108.20030695
v 100.74696377 26.04829429 25.17352447
v 100.74696377 26.67333888 25.86728405
v 100.74696377 27.24893498 26.60828329
v 100.74696377 27.77599063 27.39945200
v 100.74696377 28.25525932 28.24451215
v 100.74696377 28.68736649 29.14826772
v 100.74696377 29.07283063 30.11704350
v 100.74696377 29.41208016 31.15937826
v 100.74696377 29.70546699 32.28718014
v 100.74696377 29.95327735 33.51778828
v 100.74696377 30.15574048 34.87800171
v 100.74696377 30.31303543 36.41302354
v 100.74696377 30.42529636 38.21060549
v 100.74696377 30.49261639 40.49399197
v 102.25838564 30.56896340 45.07610916
v 102.25838564 30.14941593 50.87219938
v 102.25838564 29.56277068 55.09511835
v 102.25838564 28.87054692 58.86140227
v 102.25838564 28.09306535 62.34523451
v 102.25838564 27.24366281 65.61972666
v 102.25838564 26.33293735 68.72340103
v 102.25838564 25.37006508 71.67895609
v 102.25838564 24.36332559 74.50062321
v 102.25838564 23.32033472 77.19762979
v 102.25838564 22.24814855 79.77603749
v 102.25838564 21.15330374 82.23980555
v 102.25838564 20.04182433 84.59144714
v 102.25838564 18.91921011 86.83245578
v 102.25838564 17.79041446 88.96359406
v 102.25838564 16.65981650 90.98509598
v 102.25838564 15.53118986 92.89681293
v 102.25838564 14.40766937 94.69832161
v 102.25838564 13.29171588 96.38900554
v 102.25838564 12.18507848 97.96811779
v 102.25838564 11.08875227 99.43482998
v 102.25838564 10.00292836 100.78827113
v 102.25838564 8.92693048 102.02755879
v 102.25838564 7.85912866 103.15182414
v 102.25838564 6.79681359 104.16023257
v 102.25838564 5.73600221 105.05200036
v 102.25838564 4.67111784 105.82640842
v 102.25838564 3.59442806 106.48281352
v 102.25838564 2.49497095 107.02065738
v 102.25838564 1.35625351 107.43947396
v 102.25838564 26.09502200 24.88442440
v 102.25838564 26.72107205 25.57818398
v 102.25838564 27.29759407 26.31918321
v 102.25838564 27.82549755 27.11035193
v 102.25838564 28.30553720 27.95541208
v 102.25838564 28.73833946 28.85916765
v 102.25838564 29.12442367 29.82794342
v 102.25838564 29.46421893 30.87027819
v 102.25838564 29.75807770 31.99808007
v 102.25838564 30.00628670 33.22868821
v 102.25838564 30.20907551 34.58890164
v 102.25838564 30.36662350 36.12392346
v 102.25838564 30.47906501 37.92150542
v 102.25838564 30.54649333 40.20489190
v 103.77312901 30.65262670 44.76590768
v 103.77312901 30.24481831 50.43823566
v 103.77312901 29.66841805 54.60295333
v 103.77312901 28.98495412 58.32654872
v 103.77312901 28.21484071 61.77638767
v 103.77312901 27.37148046 65.02274522
v 103.77312901 26.46552485 68.10261446
v 103.77312901 25.50619841 71.03774704
v 103.77312901 24.50182773 73.84173375
v 103.77312901 23.46007599 76.52334062
v 103.77312901 22.38804763 79.08828118
v 103.77312901 21.29232893 81.54024230
v 103.77312901 20.17899477 83.88151783
v 103.77312901 19.05359671 86.11342052
v 103.77312901 17.92114065 88.23656117
v 103.77312901 16.78605862 90.25104436
v 103.77312901 15.65217738 92.15660974
v 103.77312901 14.52268495 93.95273660
v 103.77312901 13.40009541 95.63872295
v 103.77312901 12.28621130 97.21374633
v 103.77312901 11.18208172 98.67691145
v 103.77312901 10.08795306 100.02728797
v 103.77312901 9.00320663 101.26394074
v 103.77312901 7.92627401 102.38595433
v 103.77312901 6.85451395 103.39245304
v 103.77312901 5.78402180 104.28261718
v 103.77312901 4.70931615 105.05569656
v 103.77312901 3.62278781 105.71102137
v 103.77312901 2.51364728 106.24801114
v 103.77312901 1.36566949 106.66618185
v 103.77312901 26.16753498 24.57422292
v 103.77312901 26.79514533 25.26798249
v 103.77312901 27.37310420 26.00898173
v 103.77312901 27.90232337 26.80015044
v 103.77312901 28.38355941 27.64521059
v 103.77312901 28.81744034 28.54896616
v 103.77312901 29.20448677 29.51774194
v 103.77312901 29.54512890 30.56007671
v 103.77312901 29.83972005 31.68787858
v 103.77312901 30.08854765 32.91848672
v 103.77312901 30.29184188 34.27870015
v 103.77312901 30.44978251 35.81372198
v 103.77312901 30.56250426 37.61130393
v 103.77312901 30.63010063 39.89469041
v 105.29106402 30.76395947 44.43632094
v 105.29106402 30.36761620 49.98881143
v 105.29106402 29.80133913 54.09670519
v 105.29106402 29.12655173 57.77854171
v 105.29106402 28.36372900 61.19509185
v 105.29106402 27.52632122 64.41387946
v 105.29106402 26.62502083 67.47041165
v 105.29106402 25.66909134 70.38551855
v 105.29106402 24.66689867 73.17216660
v 105.29106402 23.62614688 75.83867162
v 105.29106402 22.55398323 78.39040700
v 105.29106402 21.45703886 80.83079317
v 105.29106402 20.34143535 83.16190919
v 105.29106402 19.21277254 85.38489063
v 105.29106402 18.07610585 87.50019932
v 105.29106402 16.93591782 89.50781268
v 105.29106402 15.79608636 91.40736052
v 105.29106402 14.65985122 93.19822628
v 105.29106402 13.52977869 94.87962372
v 105.29106402 12.40772413 96.45065595
v 105.29106402 11.29479040 97.91036170
v 105.29106402 10.19127918 99.25775199
v 105.29106402 9.09662960 100.49183967
v 105.29106402 8.00933510 101.61166323
v 105.29106402 6.92682262 102.61630635
v 105.29106402 5.84526567 103.50491380
v 105.29106402 4.75927693 104.27670456
v 105.29106402 3.66136744 104.93098255
v 105.29106402 2.54091386 105.46714533
v 105.29106402 1.38194587 105.88469109
v 105.29106402 26.26402975 24.24463618
v 105.29106402 26.89371642 24.93839575
v 105.29106402 27.47358735 25.67939499
v 105.29106402 28.00455732 26.47056371
v 105.29106402 28.48738544 27.31562385
v 105.29106402 28.92270177 28.21937942
v 105.29106402 29.31102867 29.18815520
v 105.29106402 29.65279774 30.23048997
v 105.29106402 29.94836349 31.35829185
v 105.29106402 30.19801428 32.58889998
v 105.29106402 30.40198106 33.94911341
v 105.29106402 30.56044421 35.48413524
v 105.29106402 30.67353888 37.28171719
v 105.29106402 30.74135888 39.56510367
v 106.81206009 30.90084319 44.08909444
v 106.81206009 30.51563048 49.52653831
v 106.81206009 29.95931191 53.57939938
v 106.81206009 29.29309365 57.22070021
v 106.81206009 28.53747705 60.60489069
v 106.81206009 27.70594032 63.79685088
v 106.81206009 26.80920307 66.83065722
v 106.81206009 25.85655699 69.72625131
v 106.81206009 24.85639840 72.49599678
v 106.81206009 23.81646452 75.14777421
v 106.81206009 22.74393872 77.68662781
v 106.81206009 21.64549103 80.11571986
v 106.81206009 20.52728451 82.43692112
v 106.81206009 19.39496267 84.65119514
v 106.81206009 18.25362646 86.75885899
v 106.81206009 17.10780552 88.75976644
v 106.81206009 15.96142612 90.65344035
v 106.81206009 14.81777748 92.43917080
v 106.81206009 13.67947635 94.11608940
v 106.81206009 12.54842970 95.68322666
v 106.81206009 11.42579336 97.13955685
v 106.81206009 10.31192392 98.48403378
v 106.81206009 9.20631822 99.71561944
v 106.81206009 8.10753156 100.83330728
v 106.81206009 7.01305904 101.83614122
v 106.81206009 5.91915192 102.72323126
v 106.81206009 4.82051560 103.49376621
v 106.81206009 3.70977825 104.14702426
v 106.81206009 2.57647600 104.68238144
v 106.81206009 1.40487950 105.09931851
v 106.81206009 26.38267014 23.89740968
v 106.81206009 27.01490964 24.59116925
v 106.81206009 27.59713144 25.33216849
v 106.81206009 28.13025404 26.12333721
v 106.81206009 28.61503961 26.96839735
v 106.81206009 29.05212078 27.87215292
v 106.81206009 29.44202201 28.84092870
v 106.81206009 29.78517665 29.88326347
v 106.81206009 30.08194067 31.01106535
v 106.81206009 30.33260358 32.24167349
v 106.81206009 30.53739727 33.60188691
v 106.81206009 30.69650285 35.13690874
v 106.81206009 30.81005601 36.93449069
v 106.81206009 30.87815097 39.21787718
v 108.33598597 31.06112331 43.72600161
v 108.33598597 30.68665102 49.05402791
v 108.33598597 30.14008550 53.05406385
v 108.33598597 29.48230618 56.65635066
v 108.33598597 28.73380517 60.00934071
v 108.33598597 27.90806767 63.17539911
v 108.33598597 27.01582542 66.18723891
v 108.33598597 26.06638625 69.06395368
v 108.33598597 25.06816673 71.81733102
v 108.33598597 24.02892833 74.45483513
v 108.33598597 22.95588259 76.98119496
v 108.33598597 21.85573131 79.39932534
v 108.33598597 20.73467259 81.71089717
v 108.33598597 19.59838791 83.91670878
v 108.33598597 18.45201873 86.01693812
v 108.33598597 17.30013735 88.01132000
v 108.33598597 16.14671469 89.89927434
v 108.33598597 14.99508630 91.68000126
v 108.33598597 13.84791692 93.35255323
v 108.33598597 12.70716320 94.91589067
v 108.33598597 11.57403258 96.36892572
v 108.33598597 10.44893566 97.71055688
v 108.33598597 9.33142642 98.93969704
v 108.33598597 8.22012170 100.05529610
v 108.33598597 7.11258439 101.05635958
v 108.33598597 6.00514277 101.94196381
v 108.33598597 4.89259328 102.71126844
v 108.33598597 3.76767764 103.36352675
v 108.33598597 2.62008413 103.89809394
v 108.33598597 1.43430936 104.31443390
v 108.33598597 26.52158875 23.53431685
v 108.33598597 27.15681742 24.22807643
v 108.33598597 27.74179192 24.96907567
v 108.33598597 28.27743507 25.76024438
v 108.33598597 28.76451266 26.60530453
v 108.33598597 29.20366031 27.50906010
v 108.33598597 29.59540496 28.47783588
v 108.33598597 29.94018201 29.52017064
v 108.33598597 30.23834909 30.64797252
v 108.33598597 30.49019712 31.87858066
v 108.33598597 30.69595905 33.23879409
v 108.33598597 30.85581687 34.77381592
v 108.33598597 30.96990690 36.57139787
v 108.33598597 31.03832381 38.85478435
v 109.86270975 31.24261105 43.34884241
v 109.86270975 30.87843821 48.57389242
v 109.86270975 30.34138135 52.52372911
v 109.86270975 29.69188903 56.08882641
v 109.86270975 28.95040788 59.41201025
v 109.86270975 28.13040819 62.55328049
v 109.86270975 27.24261769 65.54406571
v 109.86270975 26.29634725 68.40265948
v 109.86270975 25.30002231 71.14030531
v 109.86270975 24.26141856 73.76407379
v 109.86270975 23.18776653 76.27839550
v 109.86270975 22.08579150 78.68595092
v 109.86270975 20.96171905 80.98822149
v 109.86270975 19.82126175 83.18584881
v 109.86270975 18.66959542 85.27887879
v 109.86270975 17.51132962 87.26693323
v 109.86270975 16.35047516 89.14933421
v 109.86270975 15.19040990 90.92519631
v 109.86270975 14.03384326 92.59349665
v 109.86270975 12.88277891 94.15312900
v 109.86270975 11.73847384 95.60294624
v 109.86270975 10.60139115 96.94179423
v 109.86270975 9.47114090 98.16853902
v 109.86270975 8.34640064 99.28208901
v 109.86270975 7.22480022 100.28141307
v 109.86270975 6.10274373 101.16555542
v 109.86270975 4.97511645 101.93364788
v 109.86270975 3.83476935 102.58491993
v 109.86270975 2.67153450 103.11870690
v 109.86270975 1.47011772 103.53445657
v 109.86270975 26.67888850 23.15715765
v 109.86270975 27.31750186 23.85091723
v 109.86270975 27.90559328 24.59191647
v 109.86270975 28.44409050 25.38308518
v 109.86270975 28.93376338 26.22814533
v 109.86270975 29.37525094 27.13190090
v 109.86270975 29.76908292 28.10067668
v 109.86270975 30.11569704 29.14301144
v 109.86270975 30.41545285 30.27081332
v 109.86270975 30.66864280 31.50142146
v 109.86270975 30.87550109 32.86163489
v 109.86270975 31.03621068 34.39665672
v 109.86270975 31.15090862 36.19423867
v 109.86270975 31.21969007 38.47762515
v 111.39209892 31.44308514 42.85660601
v 111.39209892 31.08872436 47.99337003
v 111.39209892 30.56089468 51.90172898
v 111.39209892 29.91951656 55.43690186
v 111.39209892 29.18495492 58.73670511
v 111.39209892 28.37064252 61.85902746
v 111.39209892 27.48728605 64.83414739
v 111.39209892 26.54418530 67.67963939
v 111.39209892 25.54976218 70.40625569
v 111.39209892 24.51179535 73.02070950
v 111.39209892 23.43752407 75.52715907
v 111.39209892 22.33368761 77.92806956
v 111.39209892 21.20653027 80.22474727
v 111.39209892 20.06178775 82.41768801
v 111.39209892 18.90466294 84.50681401
v 111.39209892 17.73979615 86.49164064
v 111.39209892 16.57123233 88.37139722
v 111.39209892 15.40238671 90.14511680
v 111.39209892 14.23600914 91.81170432
v 111.39209892 13.07414682 93.36998932
v 111.39209892 11.91810352 94.81876741
v 111.39209892 10.76839262 96.15683327
v 111.39209892 9.62467853 97.38300733
v 111.39209892 8.48569809 98.49615737
v 111.39209892 7.34914669 99.49521631
v 111.39209892 6.21150235 100.37919677
v 111.39209892 5.06773622 101.14720314
v 111.39209892 3.91080324 101.79844141
v 111.39209892 2.73066946 102.33222724
v 111.39209892 1.51223081 102.74799243
v 111.39209892 26.85264418 22.74478390
v 111.39209892 27.49499632 23.43579950
v 111.39209892 28.08653073 24.17386792
v 111.39209892 28.62818059 24.96190738
v 111.39209892 29.12072027 25.80362513
v 111.39209892 29.56479253 26.70380614
v 111.39209892 29.96093021 27.66875020
v 111.39209892 30.30957359 28.70696229
v 111.39209892 30.61108433 29.83030346
v 111.39209892 30.86575658 31.05604427
v 111.39209892 31.07382593 32.41087775
v 111.39209892 31.23547639 33.93982822
v 111.39209892 31.35084583 35.73030033
v 111.39209892 31.42002997 38.00465551
v 112.92402035 31.66029367 42.33351131
v 112.92402035 31.31521519 47.38832741
v 112.92402035 30.79629587 51.25747076
v 112.92402035 30.16283920 54.76408891
v 112.92402035 29.43509255 58.04139904
v 112.92402035 28.62642811 61.14534720
v 112.92402035 27.74751383 64.10515219
v 112.92402035 26.80762335 66.93772538
v 112.92402035 25.81516172 69.65336579
v 112.92402035 24.77789827 72.25845693
v 112.92402035 23.70306961 74.75690574
v 112.92402035 22.59741835 77.15097881
v 112.92402035 21.46719768 79.44182094
v 112.92402035 20.31815723 81.62979356
v 112.92402035 19.15551861 83.71470494
v 112.92402035 17.98394527 85.69597243
v 112.92402035 16.80750953 87.57273997
v 112.92402035 15.62965795 89.34396557
v 112.92402035 14.45317571 91.00848779
v 112.92402035 13.28014915 92.56507712
v 112.92402035 12.11192519 94.01247651
v 112.92402035 10.94906450 95.34943365
v 112.92402035 9.79128339 96.57472703
v 112.92402035 8.63737577 97.68718712
v 112.92402035 7.48510038 98.68571385
v 112.92402035 6.33100649 99.56929083
v 112.92402035 5.17014713 100.33699727
v 112.92402035 3.99557462 100.98801760
v 112.92402035 2.79737728 101.52164942
v 112.92402035 1.56061905 101.93730989
v 112.92402035 27.04090400 22.31744545
v 112.92402035 27.68730700 23.00517099
v 112.92402035 28.28257181 23.73972532
v 112.92402035 28.82763748 24.52401278
v 112.92402035 29.32328326 25.36172294
v 112.92402035 29.77015597 26.25761802
v 112.92402035 30.16879181 27.21796779
v 112.92402035 30.51963385 28.25123676
v 112.92402035 30.82304600 29.36922949
v 112.92402035 31.07932430 30.58913431
v 112.92402035 31.28870580 31.93751716
v 112.92402035 31.45137568 33.45918801
v 112.92402035 31.56747267 35.24113534
v 112.92402035 31.63709310 37.50466187
v 114.45834038 31.89195594 41.79747540
v 114.45834038 31.55559139 46.77588996
v 114.45834038 31.04523206 50.60728011
v 114.45834038 30.41948496 54.08590784
v 114.45834038 29.69844495 57.34080733
v 114.45834038 28.89540048 60.42615432
v 114.45834038 28.02096246 63.37020133
v 114.45834038 27.08436267 66.18925526
v 114.45834038 26.09397499 68.89320232
v 114.45834038 25.05754617 71.48812618
v 114.45834038 23.98229778 73.97770566
v 114.45834038 22.87496407 76.36402744
v 114.45834038 21.74179608 78.64809035
v 114.45834038 20.58854716 80.83013465
v 114.45834038 19.42044811 82.90986613
v 114.45834038 18.24217685 84.88661414
v 114.45834038 17.05782518 86.75944621
v 114.45834038 15.87086404 88.52725332
v 114.45834038 14.68410774 90.18881484
v 114.45834038 13.49967647 91.74284872
v 114.45834038 12.31895575 93.18805115
v 114.45834038 11.14254969 94.52312814
v 114.45834038 9.97022313 95.74682102
v 114.45834038 8.80082402 96.85792731
v 114.45834038 7.63217132 97.85531774
v 114.45834038 6.46088178 98.73795038
v 114.45834038 5.28208507 99.50488218
v 114.45834038 4.08892266 100.15527860
v 114.45834038 2.87159112 100.68842134
v 114.45834038 1.61529666 101.10371465
v 114.45834038 27.24169122 21.88059766
v 114.45834038 27.89241465 22.56491523
v 114.45834038 28.49165808 23.29582953
v 114.45834038 29.04036686 24.07623051
v 114.45834038 29.53932544 24.90978946
v 114.45834038 29.98918496 25.80124500
v 114.45834038 30.39048520 26.75683583
v 114.45834038 30.74367219 27.78498451
v 114.45834038 31.04911229 28.89743711
v 114.45834038 31.30710349 30.11129678
v 114.45834038 31.51788445 31.45299782
v 114.45834038 31.68164159 32.96712814
v 114.45834038 31.79851455 34.74024517
v 114.45834038 31.86860031 36.99255496
v 115.99492479 32.13576440 41.25020756
v 115.99492479 31.80751007 46.15836638
v 115.99492479 31.30532861 49.95372808
v 115.99492479 30.68706100 53.40508513
v 115.99492479 29.97261580 56.63774807
v 115.99492479 29.17517463 59.70431420
v 115.99492479 28.30527274 62.63217450
v 115.99492479 27.37208368 65.43709740
v 115.99492479 26.38393513 68.12860210
v 115.99492479 25.34853719 70.71250632
v 115.99492479 24.27308296 73.19228716
v 115.99492479 23.16428561 75.56987279
v 115.99492479 22.02838203 77.84613385
v 115.99492479 20.87111793 80.02120461
v 115.99492479 19.69772273 82.09470158
v 115.99492479 18.51287903 84.06587774
v 115.99492479 17.32068921 85.93373450
v 115.99492479 16.12464053 87.69710511
v 115.99492479 14.92756927 89.35471808
v 115.99492479 13.73162317 90.90524639
v 115.99492479 12.53822080 92.34734629
v 115.99492479 11.34800491 93.67968828
v 115.99492479 10.16078455 94.90098216
v 115.99492479 8.97545762 96.00999748
v 115.99492479 7.78989904 97.00558029
v 115.99492479 6.60078807 97.88666703
v 115.99492479 5.40332425 98.65229593
v 115.99492479 4.19072796 99.30161643
v 115.99492479 2.95328726 99.83389685
v 115.99492479 1.67632050 100.24853061
v 115.99492479 0.33498888 100.54504109
v 115.99492479 27.45300584 21.43609106
v 115.99492479 28.10827621 22.11687789
v 115.99492479 28.71170687 22.84402104
v 115.99492479 29.26424977 23.62039553
v 115.99492479 29.76669483 24.44965374
v 115.99492479 30.21969775 25.33650981
v 115.99492479 30.62380209 26.28717026
v 115.99492479 30.97945698 27.31001420
v 115.99492479 31.28703135 28.41672709
v 115.99492479 31.54682528 29.62432385
v 115.99492479 31.75907908 30.95910238
v 115.99492479 31.92398047 32.46542053
v 115.99492479 32.04167008 34.22938915
v 115.99492479 32.11224557 36.47007814
v 117.53363887 32.38938654 40.69343606
v 117.53363887 32.06860626 45.53806623
v 117.53363887 31.57419062 49.29938076
v 117.53363887 30.96315510 52.72433937
v 117.53363887 30.25518973 55.93503003
v 117.53363887 29.46334643 58.98268249
v 117.53363887 28.59806597 61.89394183
v 117.53363887 27.66844685 64.68411129
v 117.53363887 26.68275489 67.36239403
v 117.53363887 25.64864868 69.93437971
v 117.53363887 24.57327860 72.40337330
v 117.53363887 23.46332314 74.77116841
v 117.53363887 22.32499199 77.03852758
v 117.53363887 21.16401088 79.20549621
v 117.53363887 19.98559624 81.27161640
v 117.53363887 18.79442455 83.23607791
v 117.53363887 17.59459879 85.09782776
v 117.53363887 16.38961345 86.85565194
v 117.53363887 15.18231857 88.50823761
v 117.53363887 13.97488210 90.05422133
v 117.53363887 12.76874913 91.49222722
v 117.53363887 11.56459513 92.82089731
v 117.53363887 10.36226796 94.03891621
v 117.53363887 9.16071026 95.14503121
v 117.53363887 7.95784742 96.13806883
v 117.53363887 6.75041468 97.01694839
v 117.53363887 5.53367292 97.78069336
v 117.53363887 4.30090893 98.42844057
v 117.53363887 3.04248216 98.95944784
v 117.53363887 1.74378805 99.37310009
v 117.53363887 0.38007495 99.66891413
v 117.53363887 27.67282620 20.98579513
v 117.53363887 28.33282654 21.66292361
v 117.53363887 28.94061298 22.38615929
v 117.53363887 29.49714432 23.15836176
v 117.53363887 30.00321621 23.98316376
v 117.53363887 30.45948906 24.86525411
v 117.53363887 30.86651036 25.81080597
v 117.53363887 31.22473250 26.82815344
v 117.53363887 31.53452705 27.92891916
v 117.53363887 31.79619625 29.13002663
v 117.53363887 32.00998217 30.45763243
v 117.53363887 32.17607388 31.95585605
v 117.53363887 32.29461302 33.71034558
v 117.53363887 32.36569794 35.93899373
v 119.07434745 32.65046690 40.12890667
v 119.07434745 32.33649434 44.91729833
v 119.07434745 31.84940429 48.64679418
v 119.07434745 31.24533718 52.04637334
v 119.07434745 30.54373377 55.23544255
v 119.07434745 29.75749392 58.26409322
v 119.07434745 28.89694504 61.15835076
v 119.07434745 27.97109342 63.93313349
v 119.07434745 26.98812688 66.59738450
v 119.07434745 25.95563700 69.15650713
v 119.07434745 24.88071647 71.61366686
v 119.07434745 23.76999465 73.97054931
v 119.07434745 22.62964013 76.22783111
v 119.07434745 21.46534539 78.38548777
v 119.07434745 20.28230132 80.44300357
v 119.07434745 19.08516645 82.39951964
v 119.07434745 17.87803338 84.25394165
v 119.07434745 16.66439373 86.00502005
v 119.07434745 15.44710207 87.65141121
v 119.07434745 14.22833813 89.19172490
v 119.07434745 13.00956591 90.62456175
v 119.07434745 11.79148659 91.94854319
v 119.07434745 10.57398025 93.16233577
v 119.07434745 9.35602774 94.26467094
v 119.07434745 8.13559798 95.25436136
v 119.07434745 6.90947410 96.13031436
v 119.07434745 5.67296766 96.89154304
v 119.07434745 4.41941669 97.53717549
v 119.07434745 3.13922830 98.06646222
v 119.07434745 1.81783424 98.47878228
v 119.07434745 0.43049051 98.77364795
v 119.07434745 27.89911078 20.53159673
v 119.07434745 28.56398018 21.20493438
v 119.07434745 29.17625048 21.92412111
v 119.07434745 29.73688755 22.69200049
v 119.07434745 30.24669292 23.51218493
v 119.07434745 30.70633186 24.38933700
v 119.07434745 31.11635591 25.32959530
v 119.07434745 31.47722078 26.34124726
v 119.07434745 31.78930079 27.43585047
v 119.07434745 32.05290043 28.63023367
v 119.07434745 32.26826352 29.95040702
v 119.07434745 32.43558055 31.44024300
v 119.07434745 32.55499420 33.18491023
v 119.07434745 32.62660354 35.40108154
v 120.61691489 32.91662902 39.55838121
v 120.61691489 32.60882721 44.29767285
v 120.61691489 32.12863934 47.99755375
v 120.61691489 31.53129105 51.37276059
v 120.61691489 30.83594633 54.54055135
v 120.61691489 30.05533229 57.55010545
v 120.61691489 29.19964526 60.42695377
v 120.61691489 28.27778309 63.18570945
v 120.61691489 27.29784010 65.83511129
v 120.61691489 26.26732587 68.38041795
v 120.61691489 25.19326088 70.82468810
v 120.61691489 24.08221121 73.16952596
v 120.61691489 22.94029073 75.41554453
v 120.61691489 21.77314553 77.56266857
v 120.61691489 20.58592847 79.61034117
v 120.61691489 19.38326837 81.55766959
v 120.61691489 18.16923640 83.40353130
v 120.61691489 16.94731107 85.14665305
v 120.61691489 15.72034200 86.78567112
v 120.61691489 14.49051206 88.31917815
v 120.61691489 13.25929615 89.74576010
v 120.61691489 12.02741374 91.06402579
v 120.61691489 10.79477001 92.27263092
v 120.61691489 9.56037691 93.37029758
v 120.61691489 8.32223923 94.35583039
v 120.61691489 7.07717899 95.22812980
v 120.61691489 5.82054689 95.98620311
v 120.61691489 4.54571583 96.62917350
v 120.61691489 3.24311533 97.15628748
v 120.61691489 1.89817072 97.56692086
v 120.61691489 0.48606313 97.86058349
v 120.61691489 28.12979984 20.07539851
v 120.61691489 28.79963308 20.74480802
v 120.61691489 29.41647451 21.45979914
v 120.61691489 29.98129724 22.22319886
v 120.61691489 30.49490875 23.03859848
v 120.61691489 30.95797930 23.91063340
v 120.61691489 31.37106454 24.84540640
v 120.61691489 31.73462358 25.85115656
v 120.61691489 32.04903355 26.93937405
v 120.61691489 32.31460119 28.12678943
v 120.61691489 32.53157216 29.43926113
v 120.61691489 32.70013835 30.92040567
v 120.61691489 32.82044353 32.65489482
v 120.61691489 32.89258750 34.85813738
v 122.16120517 33.18547751 38.98363611
v 122.16120517 32.88372155 43.67486965
v 122.16120517 32.41039089 47.34508453
v 122.16120517 31.81977085 50.69562020
v 122.16120517 31.13073610 53.84170157
v 122.16120517 30.35583217 56.83164507
v 122.16120517 29.50511706 59.69051426
v 122.16120517 28.58737368 62.43263465
v 122.16120517 27.61059693 65.06655326
v 122.16120517 26.58220874 67.59739353
v 122.16120517 25.50915206 70.02811494
v 122.16120517 24.39792463 72.36024661
v 122.16120517 23.25458083 74.59434334
v 122.16120517 22.08471596 76.73028385
v 122.16120517 20.89344071 78.76747424
v 122.16120517 19.68535042 80.70499165
v 122.16120517 18.46449151 82.54168876
v 122.16120517 17.23432639 84.27627171
v 122.16120517 15.99769721 85.90735957
v 122.16120517 14.75678780 87.43353043
v 122.16120517 13.51308223 88.85335796
v 122.16120517 12.26731688 90.16544056
v 122.16120517 11.01942096 91.36842502
v 122.16120517 9.76843670 92.46102588
v 122.16120517 8.51240408 93.44204135
v 122.16120517 7.24818326 94.31036642
v 122.16120517 5.97116302 95.06500383
v 122.16120517 4.67474924 95.70507296
v 122.16120517 3.34939039 96.22981722
v 122.16120517 1.98049841 96.63860996
v 122.16120517 0.54316461 96.93095916
v 122.16120517 29.03766443 20.28445656
v 122.16120517 29.65912313 20.99510026
v 122.16120517 30.22817375 21.75385822
v 122.16120517 30.74562982 22.56429991
v 122.16120517 31.21216662 23.43103252
v 122.16120517 31.62834395 24.36012175
v 122.16120517 31.99462435 25.35975657
v 122.16120517 32.31138779 26.44135729
v 122.16120517 32.57894329 27.62155273
v 122.16120517 32.79753837 28.92604410
v 122.16120517 32.96736634 30.39818273
v 122.16120517 33.08857204 32.12212552
v 122.16120517 33.16125603 34.31197154
v 123.70708187 33.45460010 38.40646084
v 123.70708187 33.15887928 43.04912326
v 123.70708187 32.69244087 46.68903227
v 123.70708187 32.10861012 50.01424947
v 123.70708187 31.42596436 53.13797718
v 123.70708187 30.65686226 56.10767303
v 123.70708187 29.81121924 58.94793572
v 123.70708187 28.89769968 61.67280495
v 123.70708187 27.92419574 64.29063745
v 123.70708187 26.89803879 66.80642284
v 123.70708187 25.82609147 69.22302265
v 123.70708187 24.71478068 71.54189211
v 123.70708187 23.57009902 73.76352892
v 123.70708187 22.39758891 75.88776686
v 123.70708187 21.20231709 77.91397607
v 123.70708187 19.98884385 79.84120458
v 123.70708187 18.76118954 81.66828123
v 123.70708187 17.52279947 83.39389246
v 123.70708187 16.27650762 85.01664094
v 123.70708187 15.02449836 86.53509107
v 123.70708187 13.76826482 87.94780498
v 123.70708187 12.50856048 89.25337133
v 123.70708187 11.24533913 90.45042869
v 123.70708187 9.97767410 91.53768465
v 123.70708187 8.70364172 92.51393154
v 123.70708187 7.42014178 93.37805943
v 123.70708187 6.12260298 94.12906690
v 123.70708187 4.80446639 94.76606993
v 123.70708187 3.45620209 95.28830915
v 123.70708187 2.06321198 95.69515573
v 123.70708187 0.60050213 95.98611597
v 123.70708187 29.27593845 19.82580459
v 123.70708187 29.90201913 20.53194393
v 123.70708187 30.47530196 21.28589256
v 123.70708187 30.99660651 22.09119733
v 123.70708187 31.46661309 22.95243623
v 123.70708187 31.88588565 23.87563649
v 123.70708187 32.25489020 24.86893520
v 123.70708187 32.57400950 25.94368028
v 123.70708187 32.84355490 27.11639515
v 123.70708187 33.06377574 28.41261810
v 123.70708187 33.23486677 29.87542569
v 123.70708187 33.35697392 31.58844141
v 123.70708187 33.43019848 33.76440725
v 125.25440821 33.72156968 37.82865645
v 125.25440821 33.43185575 42.42221693
v 125.25440821 32.97232430 46.03116123
v 125.25440821 32.39532515 49.33039320
v 125.25440821 31.71913179 52.43110333
v 125.25440821 30.95591157 55.37989478
v 125.25440821 30.11543385 58.20090395
v 125.25440821 29.20624141 60.90788668
v 125.25440821 28.23612097 63.50901096
v 125.25440821 27.21231076 66.00913405
v 125.25440821 26.14159081 68.41102083
v 125.25440821 25.03031504 70.71605390
v 125.25440821 23.88441226 72.92467506
v 125.25440821 22.70937025 75.03667426
v 125.25440821 21.51021020 77.05138679
v 125.25440821 20.29145599 78.96783259
v 125.25440821 19.05710079 80.78481765
v 125.25440821 17.81057190 82.50100967
v 125.25440821 16.55469447 84.11499583
v 125.25440821 15.29165306 85.62532766
v 125.25440821 14.02294974 87.03055654
v 125.25440821 12.74935531 88.32926216
v 125.25440821 11.47084861 89.52007555
v 125.25440821 10.18653485 90.60169797
v 125.25440821 8.89452783 91.57291646
v 125.25440821 7.59176847 92.43261667
v 125.25440821 6.27372725 93.17979350
v 125.25440821 4.93388287 93.81355993
v 125.25440821 3.56273014 94.33315415
v 125.25440821 2.14566527 94.73794541
v 125.25440821 0.65761577 95.02743857
v 125.25440821 29.51230624 19.37078765
v 125.25440821 30.14297193 20.07226058
v 125.25440821 30.72045311 20.82122685
v 125.25440821 31.24557535 21.62120989
v 125.25440821 31.71902395 22.47675742
v 125.25440821 32.14136699 23.39385685
v 125.25440821 32.51307389 24.38059150
v 125.25440821 32.83453021 25.44823429
v 125.25440821 33.10604958 26.61319945
v 125.25440821 33.32788317 27.90085650
v 125.25440821 33.50022716 29.35399735
v 125.25440821 33.62322854 31.05569286
v 125.25440821 33.69698935 33.21727917
v 126.80304712 33.98394641 37.25203399
v 126.80304712 33.70019127 41.79594394
v 126.80304712 33.24755777 45.37324581
v 126.80304712 32.67740990 48.64580644
v 126.80304712 32.00771244 51.72281555
v 126.80304712 31.25043808 54.65002628
v 126.80304712 30.41520743 57.45111544
v 126.80304712 29.51043929 60.13955695
v 126.80304712 28.54381280 62.72333181
v 126.80304712 27.52247108 65.20716635
v 126.80304712 26.45310970 67.59373023
v 126.80304712 25.34200783 69.88433470
v 126.80304712 24.19502895 72.07936691
v 126.80304712 23.01760473 74.17857416
v 126.80304712 21.81470950 76.18125804
v 126.80304712 20.59082964 78.08641147
v 126.80304712 19.34993014 79.89281865
v 126.80304712 18.09541960 81.59912951
v 126.80304712 16.83011375 83.20391667
v 126.80304712 15.55619705 84.70571968
v 126.80304712 14.27518041 86.10308002
v 126.80304712 12.98785212 87.39456915
v 126.80304712 11.69421647 88.57881130
v 126.80304712 10.39341132 89.65450206
v 126.80304712 9.08358898 90.62042376
v 126.80304712 7.76173292 91.47545819
v 126.80304712 6.42335732 92.21859705
v 126.80304712 5.06198109 92.84895074
v 126.80304712 3.66812729 93.36575535
v 126.80304712 2.22719166 93.76837852
v 126.80304712 0.71403193 94.05632388
v 126.80304712 29.74460766 18.92135058
v 126.80304712 30.37977947 19.61798996
v 126.80304712 30.96138677 20.36179542
v 126.80304712 31.49026103 21.15626611
v 126.80304712 31.96709243 22.00591842
v 126.80304712 32.39245312 22.91669851
v 126.80304712 32.76681588 23.89663399
v 126.80304712 33.09056901 24.95692010
v 126.80304712 33.36402840 26.11385797
v 126.80304712 33.58744700 27.39264233
v 126.80304712 33.76102239 28.83577019
v 126.80304712 33.88490262 30.52574004
v 126.80304712 33.95919045 32.67243177
v 128.35286119 34.23927985 36.67841301
v 128.35286119 33.96141345 41.17210603
v 128.35286119 33.51564189 44.71706902
v 128.35286119 32.95233857 47.96225301
v 128.35286119 32.28915653 51.01485827
v 128.35286119 31.53787166 53.91979253
v 128.35286119 30.70795404 56.70027580
v 128.35286119 29.80769696 59.36950220
v 128.35286119 28.84467049 61.93526743
v 128.35286119 27.82592127 64.40216850
v 128.35286119 26.75805909 66.77278128
v 128.35286119 25.64728718 69.04834703
v 128.35286119 24.49940251 71.22919953
v 128.35286119 23.31977960 73.31504472
v 128.35286119 22.11334496 75.30515161
v 128.35286119 20.88454660 77.19848730
v 128.35286119 19.63732064 78.99381522
v 128.35286119 18.37505636 80.68976859
v 128.35286119 17.10055968 82.28490644
v 128.35286119 15.81601468 83.77775726
v 128.35286119 14.52294105 85.16685348
v 128.35286119 13.22214469 86.45075916
v 128.35286119 11.91365574 87.62809246
v 128.35286119 10.59664531 88.69754399
v 128.35286119 9.26930520 89.65789203
v 128.35286119 7.92866277 90.50801502
v 128.35286119 6.57027782 91.24690200
v 128.35286119 5.18771208 91.87366119
v 128.35286119 3.77152079 92.38752698
v 128.35286119 2.30710528 92.78786568
v 128.35286119 0.76926427 93.07417996
v 128.35286119 -0.89682354 93.24611221
v 128.35286119 29.97067314 18.47944583
v 128.35286119 30.61023011 19.17107946
v 128.35286119 31.19585277 19.90954026
v 128.35286119 31.72837832 20.69830223
v 128.35286119 32.20850172 21.54184932
v 128.35286119 32.63679906 22.44608494
v 128.35286119 33.01374637 23.41897903
v 128.35286119 33.33973467 24.47164639
v 128.35286119 33.61508199 25.62027102
v 128.35286119 33.84004305 26.88986660
v 128.35286119 34.01481679 28.32262478
v 128.35286119 34.13955228 30.00045125
v 128.35286119 34.21435299 32.13171779
v 129.90371280 34.48511109 36.10961995
v 129.90371280 34.21303944 40.55251181
v 129.90371280 33.77406384 44.06442083
v 129.90371280 33.21756837 47.28150386
v 129.90371280 32.56089342 50.30898319
v 129.90371280 31.81561731 53.19092598
v 129.90371280 30.99105881 55.95009830
v 129.90371280 30.09538501 58.59941662
v 129.90371280 29.13605623 61.14649321
v 129.90371280 28.12002196 63.59579736
v 129.90371280 27.05380553 65.94981265
v 129.90371280 25.94353356 68.20971178
v 129.90371280 24.79493588 70.37577654
v 129.90371280 23.61332919 72.44767274
v 129.90371280 22.40359166 74.42463811
v 129.90371280 21.17013237 76.30561504
v 129.90371280 19.91685812 78.08934737
v 129.90371280 18.64713846 79.77445264
v 129.90371280 17.36376924 81.35947734
v 129.90371280 16.06893394 82.84293983
v 129.90371280 14.76416102 84.22336441
v 129.90371280 13.45027405 85.49930857
v 129.90371280 12.12732933 86.66938515
v 129.90371280 10.79453176 87.73228054
v 129.90371280 9.45011344 88.68676957
v 129.90371280 8.09114687 89.53172797
v 129.90371280 6.71323929 90.26614261
v 129.90371280 5.30999799 90.88911998
v 129.90371280 3.87201453 91.39989317
v 129.90371280 2.38470271 91.79782747
v 129.90371280 0.82281485 92.08242481
v 129.90371280 -0.86868897 92.25332710
v 129.90371280 30.18832561 18.04703176
v 129.90371280 30.83210456 18.73348244
v 129.90371280 31.42159314 19.46640938
v 129.90371280 31.95763411 20.24926055
v 129.90371280 32.44092699 21.08648628
v 129.90371280 32.87205169 21.98394577
v 129.90371280 33.25148739 22.94954921
v 129.90371280 33.57962766 23.99432811
v 129.90371280 33.85679266 25.13434521
v 129.90371280 34.08323877 26.39442671
v 129.90371280 34.25916627 27.81644813
v 129.90371280 34.38472518 29.48170134
v 129.90371280 34.46001968 31.59699665
v 131.45546407 34.73647101 35.54133291
v 131.45546407 34.46999956 39.93330614
v 131.45546407 34.03759968 43.41181146
v 131.45546407 33.48768761 46.60040212
v 131.45546407 32.83729724 49.60234567
v 131.45546407 32.09781314 52.46087830
v 131.45546407 31.27840582 55.19831764
v 131.45546407 30.38711867 57.82730615
v 131.45546407 29.43130450 60.35527538
v 131.45546407 28.41781763 62.78656907
v 131.45546407 27.35309680 65.12358035
v 131.45546407 26.24319364 67.36741497
v 131.45546407 25.09377235 69.51830412
v 131.45546407 23.91009321 71.57587484
v 131.45546407 22.69698718 73.53933471
v 131.45546407 21.45882551 75.40760256
v 131.45546407 20.19948658 77.17940364
v 131.45546407 18.92232101 78.85334081
v 131.45546407 17.63011519 80.42794884
v 131.45546407 16.32505254 81.90173685
v 131.45546407 15.00867065 83.27322174
v 131.45546407 13.68181111 84.54095515
v 131.45546407 12.34455657 85.70354529
v 131.45546407 10.99614592 86.75967487
v 131.45546407 9.63485174 87.70811585
v 131.45546407 8.25779197 88.54774172
v 131.45546407 6.86062178 89.27753759
v 131.45546407 5.43699494 89.89660862
v 131.45546407 3.97754112 90.40418690
v 131.45546407 2.46769003 90.79963695
v 131.45546407 0.88215495 91.08246019
v 131.45546407 -0.83430393 91.25229814
v 131.45546407 30.41166280 17.61793955
v 131.45546407 31.05964034 18.29910028
v 131.45546407 31.65297344 19.02637910
v 131.45546407 32.19251035 19.80319742
v 131.45546407 32.67895517 20.63397128
v 131.45546407 33.11289157 21.52451472
v 131.45546407 33.49480187 22.48267698
v 131.45546407 33.82508220 23.51940455
v 131.45546407 34.10405481 24.65063639
v 131.45546407 34.33197776 25.90100739
v 131.45546407 34.50905262 27.31207035
v 131.45546407 34.63543040 28.96449071
v 131.45546407 34.71121595 31.06348502
v 133.00797693 35.01321284 34.96719235
v 133.00797693 34.75202728 39.30874912
v 133.00797693 34.32579444 42.75399081
v 133.00797693 33.78200819 45.91414581
v 133.00797693 33.13741048 48.89056491
v 133.00797693 32.40320159 51.72566929
v 133.00797693 31.58841123 54.44133682
v 133.00797693 30.70096550 57.04994148
v 133.00797693 29.74811548 59.55873789
v 133.00797693 28.73662562 61.97194710
v 133.00797693 27.67285491 64.29187399
v 133.00797693 26.56278453 66.51955915
v 133.00797693 25.41201717 68.65518466
v 133.00797693 24.22576047 70.69834005
v 133.00797693 23.00880161 72.64820389
v 133.00797693 21.76547703 74.50367241
v 133.00797693 20.49963935 76.26345314
v 133.00797693 19.21462247 77.92613502
v 133.00797693 17.91320517 79.49024185
v 133.00797693 16.59757225 80.95427409
v 133.00797693 15.26927142 82.31674186
v 133.00797693 13.92916289 83.57619145
v 133.00797693 12.57735584 84.73122691
v 133.00797693 11.21312292 85.78052771
v 133.00797693 9.83477666 86.72286330
v 133.00797693 8.43947949 87.55710527
v 133.00797693 7.02293329 88.28223726
v 133.00797693 5.57883691 88.89736337
v 133.00797693 4.09785662 89.40171487
v 133.00797693 2.56543677 89.79465573
v 133.00797693 0.95625113 90.07568693
v 133.00797693 -0.78513711 90.24444977
v 133.00797693 30.65917672 17.18330542
v 133.00797693 31.31153342 17.85916434
v 133.00797693 31.90887638 18.58078240
v 133.00797693 32.45205959 19.35155436
v 133.00797693 32.94179189 20.17586191
v 133.00797693 33.37866093 21.05947382
v 133.00797693 33.76315225 22.01017824
v 133.00797693 34.09566469 23.03883646
v 133.00797693 34.37652265 24.16126337
v 133.00797693 34.60598595 25.40190214
v 133.00797693 34.78425751 26.80198212
v 133.00797693 34.91148937 28.44154088
v 133.00797693 34.98778710 30.52419771
v 134.56111313 35.31312150 34.38839585
v 134.56111313 35.05688243 38.68005809
v 134.56111313 34.63637155 42.09219305
v 134.56111313 34.09821269 45.22398429
v 134.56111313 33.45887288 48.17490436
v 134.56111313 32.72937922 50.98657556
v 134.56111313 31.91862933 53.68044489
v 134.56111313 31.03443957 56.26862341
v 134.56111313 30.08396603 58.75819271
v 134.56111313 29.07388948 61.15325401
v 134.56111313 28.01049482 63.45602619
v 134.56111313 26.89969806 65.66748648
v 134.56111313 25.74704522 67.78776940
v 134.56111313 24.55769566 69.81642821
v 134.56111313 23.33639677 71.75261362
v 134.56111313 22.08745367 73.59520022
v 134.56111313 20.81469623 75.34287872
v 134.56111313 19.52144424 76.99422490
v 134.56111313 18.21047092 78.54775231
v 134.56111313 16.88396401 80.00195339
v 134.56111313 15.54348246 81.35533205
v 134.56111313 14.18990566 82.60642976
v 134.56111313 12.82336949 83.75384688
v 134.56111313 11.44318004 84.79626005
v 134.56111313 10.04768900 85.73243663
v 134.56111313 8.63410220 86.56124658
v 134.56111313 7.19816685 87.28167243
v 134.56111313 5.73362523 87.89281742
v 134.56111313 4.23117870 88.39391225
v 134.56111313 2.67628518 88.78432047
v 134.56111313 1.04357948 89.06354280
v 134.56111313 -0.72256646 89.23122038
v 134.56111313 30.92876872 16.74424947
v 134.56111313 31.58566770 17.41479769
v 134.56111313 32.18716990 18.13074549
v 134.56111313 32.73413523 18.89546095
v 134.56111313 33.22727748 19.71329133
v 134.56111313 33.66718839 20.58996008
v 134.56111313 34.05435688 21.53319414
v 134.56111313 34.38918456 22.55376947
v 134.56111313 34.67199810 23.66737669
v 134.56111313 34.90305913 24.89826688
v 134.56111313 35.08257197 26.28734544
v 134.56111313 35.21068974 27.91402104
v 134.56111313 35.28751872 29.98031296
v 136.11473431 35.63389162 33.80448865
v 136.11473431 35.38223351 38.04648937
v 136.11473431 34.96696137 41.42544577
v 136.11473431 34.43388861 44.52873491
v 136.11473431 33.79922697 47.45398295
v 136.11473431 33.07384316 50.24202677
v 136.11473431 32.26651282 52.91388992
v 136.11473431 31.38495126 55.48142537
v 136.11473431 30.43622735 57.95154511
v 136.11473431 29.42694529 60.32823315
v 136.11473431 28.36332251 62.61362449
v 136.11473431 27.25121588 64.80863478
v 136.11473431 26.09612026 66.91335246
v 136.11473431 24.90315184 68.92729591
v 136.11473431 23.67702270 70.84958912
v 136.11473431 22.42201067 72.67908614
v 136.11473431 21.14192631 74.41446183
v 136.11473431 19.84007818 76.05427969
v 136.11473431 18.51923628 77.59704386
v 136.11473431 17.18159303 79.04123950
v 136.11473431 15.82871979 80.38536499
v 136.11473431 14.46151576 81.62795763
v 136.11473431 13.08014357 82.76761464
v 136.11473431 11.68394228 83.80301036
v 136.11473431 10.27130183 84.73291051
v 136.11473431 8.83947011 85.55618389
v 136.11473431 7.38423796 86.27181223
v 136.11473431 5.89938940 86.87889827
v 136.11473431 4.37565922 87.37667236
v 136.11473431 2.79851805 87.76449790
v 136.11473431 1.14256318 88.04187551
v 136.11473431 -0.64801592 88.20844626
v 136.11473431 31.87984188 16.96669347
v 136.11473431 32.48563588 17.67691309
v 136.11473431 33.03650389 18.43551019
v 136.11473431 33.53316479 19.24679725
v 136.11473431 33.97621453 20.11645191
v 136.11473431 34.36614552 21.05213931
v 136.11473431 34.70336225 22.06454919
v 136.11473431 34.98819372 23.16924661
v 136.11473431 35.22090339 24.39028865
v 136.11473431 35.40169709 25.76825342
v 136.11473431 35.53072900 27.38191425
v 136.11473431 35.60810617 29.43167411
v 137.66870197 35.97320613 33.21225195
v 137.66870197 35.72573586 37.40403783
v 137.66870197 35.31517889 40.74911658
v 137.66870197 34.78660542 43.82318832
v 137.66870197 34.15599434 46.72204685
v 137.66870197 33.43406655 49.48574964
v 137.66870197 32.62948724 52.13490043
v 137.66870197 31.74988059 54.68109680
v 137.66870197 30.80223718 57.13108333
v 137.66870197 29.79309277 59.48872878
v 137.66870197 28.72860479 61.75608602
v 137.66870197 27.61457784 63.93401073
v 137.66870197 26.45646202 66.02254683
v 137.66870197 25.25933602 68.02117925
v 137.66870197 24.02788179 69.92900665
v 137.66870197 22.76635438 71.74486385
v 137.66870197 21.47854895 73.46741110
v 137.66870197 20.16776608 75.09520081
v 137.66870197 18.83677511 76.62672879
v 137.66870197 17.48777510 78.06047402
v 137.66870197 16.12235107 79.39493029
v 137.66870197 14.74142264 80.62863164
v 137.66870197 13.34517916 81.76017303
v 137.66870197 11.93299208 82.78822729
v 137.66870197 10.50328844 83.71155916
v 137.66870197 9.05335660 84.52903695
v 137.66870197 7.57902915 85.23964215
v 137.66870197 6.07412981 85.84247746
v 137.66870197 4.52942508 86.33677336
v 137.66870197 2.93039763 86.72189339
v 137.66870197 1.25160945 86.99733834
v 137.66870197 -0.56292075 87.16274943
v 137.66870197 33.35692080 17.97135325
v 137.66870197 33.85719522 18.77587931
v 137.66870197 34.30346841 19.63828658
v 137.66870197 34.69623640 20.56617628
v 137.66870197 35.03590659 21.57014908
v 137.66870197 35.32281038 22.66564034
v 137.66870197 35.55721316 23.87650663
v 137.66870197 35.73932225 25.24298792
v 137.66870197 35.86929294 26.84320106
v 137.66870197 35.94723307 28.87587893
v 139.22287755 36.32873826 32.61295180
v 139.22287755 36.08503377 36.75400261
v 139.22287755 35.67862588 40.06452813
v 139.22287755 35.15391685 43.10868731
v 139.22287755 34.52667796 45.98045683
v 139.22287755 33.80750088 48.71912132
v 139.22287755 33.00495341 51.34486868
v 139.22287755 32.12657982 53.86904398
v 139.22287755 31.17930246 56.29822675
v 139.22287755 30.16959784 58.63617252
v 139.22287755 29.10357188 60.88485386
v 139.22287755 27.98698475 63.04506816
v 139.22287755 26.82524886 65.11681644
v 139.22287755 25.62341192 67.09955161
v 139.22287755 24.38613152 68.99234846
v 139.22287755 23.11764503 70.79402389
v 139.22287755 21.82173658 72.50322479
v 139.22287755 20.50170237 74.11849372
v 139.22287755 19.16031401 75.63831925
v 139.22287755 17.79977924 77.06117523
v 139.22287755 16.42169813 78.38555190
v 139.22287755 15.02701133 79.60998095
v 139.22287755 13.61593482 80.73305593
v 139.22287755 12.18787165 81.75344892
v 139.22287755 10.74128461 82.66992445
v 139.22287755 9.27350066 83.48135094
v 139.22287755 7.78039197 84.18671022
v 139.22287755 6.25581963 84.78510548
v 139.22287755 4.69058000 85.27576769
v 139.22287755 3.07016722 85.65806091
v 139.22287755 1.36911102 85.93148636
v 139.22287755 -0.46872613 86.09568561
v 139.22287755 35.04233816 20.07650322
v 139.22287755 35.38451680 21.07177272
v 139.22287755 35.67353936 22.15776731
v 139.22287755 35.90967320 23.35813678
v 139.22287755 36.09312715 24.71277223
v 139.22287755 36.22405767 26.29911334
v 139.22287755 36.30257339 28.31417020
v 140.77712245 36.69815361 32.00812287
v 140.77712245 36.45782098 36.09799834
v 140.77712245 36.05503375 39.37335664
v 140.77712245 35.53359716 42.38696338
v 140.77712245 34.90909874 45.23099566
v 140.77712245 34.19201651 47.94397278
v 140.77712245 33.39083322 50.54567131
v 140.77712245 32.51302383 53.04718701
v 140.77712245 31.56545192 55.45493690
v 140.77712245 30.55454349 57.77256546
v 140.77712245 29.48636088 60.00196686
v 140.77712245 28.36662717 62.14388201
v 140.77712245 27.20072384 64.19827055
v 140.77712245 25.99367368 66.16455499
v 140.77712245 24.75011540 68.04178760
v 140.77712245 23.47427342 69.82876874
v 140.77712245 22.16992497 71.52413319
v 140.77712245 20.84036526 73.12641484
v 140.77712245 19.48837079 74.63409620
v 140.77712245 18.11615999 76.04564701
v 140.77712245 16.72534920 77.35955494
v 140.77712245 15.31690064 78.57435027
v 140.77712245 13.89105677 79.68862595
v 140.77712245 12.44725149 80.70105414
v 140.77712245 10.98398198 81.61039982
v 140.77712245 9.49861202 82.41553217
v 140.77712245 7.98705120 83.11543394
v 140.77712245 6.44319586 83.70920926
v 140.77712245 4.85787036 84.19609005
v 140.77712245 3.21657975 84.57544120
v 140.77712245 1.49382441 84.84676464
v 140.77712245 -0.36667574 85.00970247
v 140.77712245 36.03806436 21.64698374
v 140.77712245 36.27596068 22.83655577
v 140.77712245 36.46078392 24.17900615
v 140.77712245 36.59269170 25.75107797
v 140.77712245 36.67179345 27.74800921
v 142.33129803 37.07911222 31.39930220
v 142.33129803 36.84208854 35.43764055
v 142.33129803 36.44285931 38.67727879
v 142.33129803 35.92463270 41.65974837
v 142.33129803 35.30281154 44.47544646
v 142.33129803 34.58775942 47.16213546
v 142.33129803 33.78787336 49.73918563
v 142.33129803 32.91055841 52.21744689
v 142.33129803 31.96261883 54.60317651
v 142.33129803 30.95042953 56.89991020
v 142.33129803 29.88000882 59.10946576
v 142.33129803 28.75704221 61.23252937
v 142.33129803 27.58687979 63.26902102
v 142.33129803 26.37451909 65.21833430
v 142.33129803 25.12457956 67.07950042
v 142.33129803 23.84127243 68.85130453
v 142.33129803 22.52836776 70.53237061
v 142.33129803 21.18915961 72.12122504
v 142.33129803 19.82642929 73.61634537
v 142.33129803 18.44240586 75.01619831
v 142.33129803 17.03872193 76.31926993
v 142.33129803 15.61636135 77.52408999
v 142.33129803 14.17559320 78.62925171
v 142.33129803 12.71588237 79.63342805
v 142.33129803 11.23576059 80.53538519
v 142.33129803 9.73262860 81.33399365
v 142.33129803 8.20243355 82.02823766
v 142.33129803 6.63910699 82.61722280
v 142.33129803 5.03350103 83.10018231
v 142.33129803 3.37113088 83.47648226
v 142.33129803 1.62646567 83.74562556
v 142.33129803 -0.25692250 83.90725501
v 142.33129803 36.65374725 22.31314182
v 142.33129803 36.83995911 23.64309114
v 142.33129803 36.97285795 25.20052364
v 142.33129803 37.05255401 27.17885922
v 143.88526569 37.46927062 30.78802785
v 143.88526569 37.23555031 34.77454428
v 143.88526569 36.83989860 37.97797033
v 143.88526569 36.32491464 40.92877302
v 143.88526569 35.70581131 43.71559121
v 143.88526569 34.99283419 46.37543975
v 143.88526569 34.19429166 48.92728802
v 143.88526569 33.31751628 51.38174391
v 143.88526569 32.36925071 53.74490785
v 143.88526569 31.35581660 56.02020917
v 143.88526569 30.28318625 58.20939138
v 143.88526569 29.15700576 60.31308781
v 143.88526569 27.98259215 62.33118047
v 143.88526569 26.76491612 64.26303558
v 143.88526569 25.50857651 66.10766474
v 143.88526569 24.21777015 67.86383925
v 143.88526569 22.89625893 69.53017352
v 143.88526569 21.54733494 71.10518764
v 143.88526569 20.17378365 72.58735530
v 143.88526569 18.77784434 73.97514120
v 143.88526569 17.36116564 75.26703079
v 143.88526569 15.92475303 76.46155420
v 143.88526569 14.46890229 77.55730574
v 143.88526569 12.99310958 78.55295995
v 143.88526569 11.49594164 79.44728484
v 143.88526569 9.97483665 80.23915295
v 143.88526569 8.42577982 80.92755050
v 143.88526569 6.84273834 81.51158496
v 143.88526569 5.21659224 81.99049135
v 143.88526569 3.53286634 82.36363722
v 143.88526569 1.76599629 82.63052670
v 143.88526569 -0.14060101 82.79080349
v 143.88526569 37.36221585 24.64887956
v 143.88526569 37.44251233 26.60818418
v 145.43888687 37.86628391 30.17583760
v 145.43888687 37.63586108 34.11032279
v 145.43888687 37.24380761 37.27710470
v 145.43888687 36.73210211 40.19576553
v 145.43888687 36.11576246 42.95320930
v 145.43888687 35.40491273 45.58571346
v 145.43888687 34.60776979 48.11185241
v 145.43888687 33.73159121 50.54199607
v 145.43888687 32.78305573 52.88209108
v 145.43888687 31.76842965 55.13546293
v 145.43888687 30.69363726 57.30378297
v 145.43888687 29.56428338 59.38763359
v 145.43888687 28.38565029 61.38686051
v 145.43888687 27.16268029 63.30080415
v 145.43888687 25.89995024 65.12845798
v 145.43888687 24.60164133 66.86858076
v 145.43888687 23.27150624 68.51977861
v 145.43888687 21.91283423 70.08056649
v 145.43888687 20.52841429 71.54941533
v 145.43888687 19.12049542 72.92478886
v 145.43888687 17.69074204 74.20517283
v 145.43888687 16.24018111 75.38909864
v 145.43888687 14.76913524 76.47516249
v 145.43888687 13.27713212 77.46204124
v 145.43888687 11.76277386 78.34850542
v 145.43888687 10.22353658 79.13343017
v 145.43888687 8.65544409 79.81580423
v 145.43888687 7.05249969 80.39473746
v 145.43888687 5.40561157 80.86946699
v 145.43888687 3.70031389 81.23936221
v 145.43888687 1.91100717 81.50392872
v 145.43888687 -0.01905296 81.66281129
v 145.43888687 37.83932422 26.03744746
v 146.99202307 38.26780781 29.56426756
v 146.99202307 38.04067573 33.44658613
v 146.99202307 37.65224153 36.57635164
v 146.99202307 37.14385248 39.46245014
v 146.99202307 36.53032661 42.19007603
v 146.99202307 35.82166306 44.79478033
v 146.99202307 35.02598442 47.29474873
v 146.99202307 34.15047083 49.70011748
v 146.99202307 33.20173487 52.01668267
v 146.99202307 32.18598537 54.24766854
v 146.99202307 31.10909667 56.39467651
v 146.99202307 29.97663049 58.45823993
v 146.99202307 28.79383265 60.43816998
v 146.99202307 27.56561554 62.33378288
v 146.99202307 26.29653257 64.14405536
v 146.99202307 24.99074812 65.86773502
v 146.99202307 23.65200458 67.50342093
v 146.99202307 22.28358749 69.04962408
v 146.99202307 20.88828866 70.50481373
v 146.99202307 19.46836632 71.86745361
v 146.99202307 18.02550033 73.13603076
v 146.99202307 16.56073905 74.30907867
v 146.99202307 15.07443193 75.38519626
v 146.99202307 13.56613841 76.36306340
v 146.99202307 12.03449633 77.24145382
v 146.99202307 10.47702020 78.01924583
v 146.99202307 8.88977295 78.69543122
v 146.99202307 7.26679452 79.26912267
v 146.99202307 5.59902162 79.73955984
v 146.99202307 3.87199769 80.10611425
v 146.99202307 2.06008692 80.36829322
v 146.99202307 0.10637893 80.52574275
v 148.54453593 38.67150073 28.95485089
v 148.54453593 38.44765128 32.78493986
v 148.54453593 38.06285690 35.87737584
v 148.54453593 37.55782349 38.73054570
v 148.54453593 36.94716465 41.42796119
v 148.54453593 36.24075137 44.00445850
v 148.54453593 35.44660928 46.47784135
v 148.54453593 34.57183872 48.85801679
v 148.54453593 33.62298393 51.15063375
v 148.54453593 32.60619425 53.35881790
v 148.54453593 31.52729212 55.48410299
v 148.54453593 30.39179440 57.52697529
v 148.54453593 29.20490876 59.48721321
v 148.54453593 27.97151612 61.36411030
v 148.54453593 26.69614512 63.15662804
v 148.54453593 25.38294202 64.86350418
v 148.54453593 24.03563785 66.48333198
v 148.54453593 22.65751355 68.01461960
v 148.54453593 21.25136303 69.45583568
v 148.54453593 19.81945319 70.80544499
v 148.54453593 18.36347900 72.06193671
v 148.54453593 16.88450999 73.22384732
v 148.54453593 15.38292250 74.28977919
v 148.54453593 13.85830787 75.25841594
v 148.54453593 12.30933994 76.12853512
v 148.54453593 10.73357210 76.89901879
v 148.54453593 9.12710687 77.56886230
v 148.54453593 7.48402138 78.13718161
v 148.54453593 5.79528129 78.60321924
v 148.54453593 4.04643945 78.96634917
v 148.54453593 2.21182303 79.22608064
v 148.54453593 0.23435211 79.38206111
v 150.09628720 38.85444898 32.12698373
v 150.09628720 38.47331364 35.18183551
v 150.09628720 37.97167533 38.00176429
v 150.09628720 37.36393892 40.66862760
v 150.09628720 36.65984418 43.21655909
v 150.09628720 35.86731730 45.66298757
v 150.09628720 34.99337653 48.01759564
v 150.09628720 34.04449568 50.28588851
v 150.09628720 33.02676266 52.47089609
v 150.09628720 31.94594614 54.57408674
v 150.09628720 30.80751637 56.59590167
v 150.09628720 29.61664126 58.53608821
v 150.09628720 28.37816874 60.39391888
v 150.09628720 27.09660127 62.16834132
v 150.09628720 25.77606579 63.85808475
v 150.09628720 24.42028090 65.46173783
v 150.09628720 23.03252201 66.97780703
v 150.09628720 21.61558436 68.40476141
v 150.09628720 20.17174298 69.74106773
v 150.09628720 18.70270752 70.98521824
v 150.09628720 17.20956849 72.13575321
v 150.09628720 15.69272904 73.19127922
v 150.09628720 14.15181252 74.15048433
v 150.09628720 12.58552905 75.01215053
v 150.09628720 10.99147123 75.77516420
v 150.09628720 9.36578172 76.43852473
v 150.09628720 7.70257531 77.00135177
v 150.09628720 5.99284714 77.46289110
v 150.09628720 4.22215979 77.82251941
v 150.09628720 2.36480311 78.07974814
v 150.09628720 0.36352531 78.23422633
v 151.64713881 38.88127719 34.49138111
v 151.64713881 38.38307277 37.27780984
v 151.64713881 37.77831528 39.91382966
v 151.64713881 37.07661051 42.43288467
v 151.64713881 36.28578276 44.85203613
v 151.64713881 35.41276615 47.18074707
v 151.64713881 34.46396205 49.42438264
v 151.64713881 33.44539505 51.58587977
v 151.64713881 32.36277833 53.66664382
v 151.64713881 31.22153381 55.66707288
v 151.64713881 30.02678807 57.58688503
v 151.64713881 28.78335459 59.42533327
v 151.64713881 27.49570830 61.18135285
v 151.64713881 26.16795560 62.85366578
v 151.64713881 24.80380159 64.44085729
v 151.64713881 23.40651520 65.94143327
v 151.64713881 21.97889227 67.35386425
v 151.64713881 20.52321533 68.67661989
v 151.64713881 19.04120828 69.90819639
v 151.64713881 17.53398234 71.04713861
v 151.64713881 16.00196735 72.09205809
v 151.64713881 14.44481872 73.04164800
v 151.64713881 12.86128305 73.89469536
v 151.64713881 11.24899248 74.65009141
v 151.64713881 9.60413020 75.30684008
v 151.64713881 7.92084924 75.86406509
v 151.64713881 6.19017474 76.32101582
v 151.64713881 4.39767947 76.67707200
v 151.64713881 2.51761610 76.93174747
v 151.64713881 0.49255975 77.08469299
v 153.19695288 38.78968724 36.56037671
v 153.19695288 38.18796531 39.16531200
v 153.19695288 37.48872395 41.65522787
v 153.19695288 36.69968350 44.04682571
v 153.19695288 35.82769190 46.34935407
v 153.19695288 34.87907630 48.56804174
v 153.19695288 33.85979619 50.70573559
v 153.19695288 32.77550757 52.76378029
v 153.19695288 31.63158247 54.74253289
v 153.19695288 30.43310460 56.64168394
v 153.19695288 29.18485159 58.46046851
v 153.19695288 27.89126955 60.19781084
v 153.19695288 26.55644314 61.85242701
v 153.19695288 25.18406287 63.42290002
v 153.19695288 23.77739031 64.90773625
v 153.19695288 22.33922109 66.30540869
v 153.19695288 20.87184460 67.61439084
v 153.19695288 19.37699853 68.83318368
v 153.19695288 17.85581447 69.96033744
v 153.19695288 16.30874880 70.99446936
v 153.19695288 14.73548894 71.93427830
v 153.19695288 13.13481811 72.77855697
v 153.19695288 11.50440826 73.52620195
v 153.19695288 9.84048349 74.17622215
v 153.19695288 8.13723553 74.72774581
v 153.19695288 6.38572011 75.18002623
v 153.19695288 4.57152080 75.53244643
v 153.19695288 2.66885356 75.78452287
v 153.19695288 0.62012025 75.93590822
v 154.74559179 38.59056839 38.42480804
v 154.74559179 37.89386495 40.88536989
v 154.74559179 37.10670308 43.24918344
v 154.74559179 36.23584279 45.52528801
v 154.74559179 35.28753528 47.71877980
v 154.74559179 34.26767336 49.83241855
v 154.74559179 33.18185429 51.86749067
v 154.74559179 32.03539869 53.82431418
v 154.74559179 30.83334601 55.70255382
v 154.74559179 29.58043667 57.50142832
v 154.74559179 28.28108670 59.21985228
v 154.74559179 26.93935786 60.85653710
v 154.74559179 25.55892505 62.41006473
v 154.74559179 24.14304155 63.87894308
v 154.74559179 22.69450197 65.26164855
v 154.74559179 21.21560195 66.55665940
v 154.74559179 19.70809241 67.76248221
v 154.74559179 18.17312494 68.87767333
v 154.74559179 16.61118223 69.90085635
v 154.74559179 15.02198362 70.83073653
v 154.74559179 13.40434900 71.66611274
v 154.74559179 11.75599027 72.40588744
v 154.74559179 10.07317281 73.04907498
v 154.74559179 8.35012748 73.59480848
v 154.74559179 6.57794116 74.04234548
v 154.74559179 4.74220892 74.39107257
v 154.74559179 2.81711087 74.64050903
v 154.74559179 0.74487646 74.79030956
v 156.29291813 38.28972295 40.12507913
v 156.29291813 37.50453306 42.46092350
v 156.29291813 36.63491474 44.71040716
v 156.29291813 35.68704175 46.87849762
v 156.29291813 34.66673874 48.96787048
v 156.29291813 33.57954281 50.97975629
v 156.29291813 32.43072181 52.91443603
v 156.29291813 31.22526958 54.77155044
v 156.29291813 29.96788808 56.55030336
v 156.29291813 28.66296206 58.24960118
v 156.29291813 27.31452929 59.86815185
v 156.29291813 25.92624805 61.40453735
v 156.29291813 24.50136241 62.85726817
v 156.29291813 23.04266517 64.22482508
v 156.29291813 21.55245752 65.50569193
v 156.29291813 20.03250307 66.69838172
v 156.29291813 18.48397300 67.80145762
v 156.29291813 16.90737595 68.81355026
v 156.29291813 15.30246307 69.73337186
v 156.29291813 13.66809083 70.55972804
v 156.29291813 12.00201124 71.29152761
v 156.29291813 10.30053112 71.92779075
v 156.29291813 8.55792089 72.46765584
v 156.29291813 6.76529914 72.91038499
v 156.29291813 4.90827322 73.25536859
v 156.29291813 2.96098855 73.50212895
v 156.29291813 0.86550397 73.65032293
v 157.83879483 37.89087518 41.68384562
v 157.83879483 37.02261287 43.90655525
v 157.83879483 36.07530665 46.04908137
v 157.83879483 35.05471171 48.11401849
v 157.83879483 33.96630371 50.10254371
v 157.83879483 32.81529649 52.01490300
v 157.83879483 31.60663708 53.85071480
v 157.83879483 30.34498779 55.60916960
v 157.83879483 29.03470100 57.28916690
v 157.83879483 27.67978944 58.88941241
v 157.83879483 26.28389378 60.40848924
v 157.83879483 24.85024799 61.84491144
v 157.83879483 23.38164229 63.19716508
v 157.83879483 21.88038268 64.46374044
v 157.83879483 20.34824490 65.64315765
v 157.83879483 18.78641919 66.73398747
v 157.83879483 17.19543983 67.73486815
v 157.83879483 15.57508947 68.64451947
v 157.83879483 13.92426106 69.46175430
v 157.83879483 12.24074668 70.18548825
v 157.83879483 10.52089481 70.81474778
v 157.83879483 8.75901568 71.34867684
v 157.83879483 6.94626014 71.78654239
v 157.83879483 5.06824870 72.12773892
v 157.83879483 3.09909350 72.37179189
v 157.83879483 0.98068554 72.51836052
v 159.38308511 36.45005147 45.23240106
v 159.38308511 35.42932123 47.27277343
v 159.38308511 34.33987622 49.23780316
v 159.38308511 33.18687517 51.12770324
v 159.38308511 31.97521721 52.94207149
v 159.38308511 30.70952398 54.68008657
v 159.38308511 29.39411440 56.34064238
v 159.38308511 28.03297521 57.92244355
v 159.38308511 26.62972855 59.42407541
v 159.38308511 25.18759742 60.84405653
v 159.38308511 23.70936864 62.18087912
v 159.38308511 22.19735234 63.43304071
v 159.38308511 20.65333573 64.59906933
v 159.38308511 19.07852759 65.67754393
v 159.38308511 17.47348736 66.66711103
v 159.38308511 15.83802888 67.56649851
v 159.38308511 14.17108134 68.37452696
v 159.38308511 12.47047681 69.09011926
v 159.38308511 10.73260542 69.71230850
v 159.38308511 8.95181749 70.24024456
v 159.38308511 7.11929662 70.67319954
v 159.38308511 5.22067737 71.01057220
v 159.38308511 3.23004031 71.25189139
v 159.38308511 1.08911224 71.39681877
v 160.92565255 34.70239574 48.38112360
v 160.92565255 33.54747995 50.24832557
v 160.92565255 32.33291539 52.04101327
v 160.92565255 31.06328257 53.75835501
v 160.92565255 29.74286656 55.39924047
v 160.92565255 28.37562757 56.96237445
v 160.92565255 26.96516874 58.44634562
v 160.92565255 25.51470161 59.84967809
v 160.92565255 24.02700914 61.17087120
v 160.92565255 22.50440509 62.40843057
v 160.92565255 20.94868767 63.56089293
v 160.92565255 19.36108373 64.62684620
v 160.92565255 17.74217743 65.60494582
v 160.92565255 16.09181333 66.49392836
v 160.92565255 14.40895643 67.29262273
v 160.92565255 12.69147833 67.99995955
v 160.92565255 10.93581038 68.61497898
v 160.92565255 9.13634250 69.13683718
v 160.92565255 7.28429053 69.56481173
v 160.92565255 5.36530244 69.89830591
v 160.92565255 3.35342638 70.13685218
v 160.92565255 1.19022304 70.28011476
v 162.46636113 32.69436788 51.12361751
v 162.46636113 31.42040060 52.81960256
v 162.46636113 30.09457727 54.44015911
v 162.46636113 28.72083281 55.98399372
v 162.46636113 27.30275235 57.44969986
v 162.46636113 25.84353683 58.83580865
v 162.46636113 24.34596599 60.14082785
v 162.46636113 22.81235768 61.36327248
v 162.46636113 21.24452132 62.50168915
v 162.46636113 19.64370183 63.55467582
v 162.46636113 18.01050782 64.52089792
v 162.46636113 16.34481398 65.39910167
v 162.46636113 14.64562016 66.18812511
v 162.46636113 12.91083610 66.88690739
v 162.46636113 11.13693238 67.49449641
v 162.46636113 9.31833571 68.01005525
v 162.46636113 7.44629003 68.43286744
v 162.46636113 5.50645036 68.76234122
v 162.46636113 3.47282117 68.99801295
v 162.46636113 1.28677220 69.13954967
v 164.00507521 30.44875747 53.46541787
v 164.00507521 29.06817970 54.98937739
v 164.00507521 27.64214999 56.43626779
v 164.00507521 26.17385940 57.80462852
v 164.00507521 24.66608496 59.09297711
v 164.00507521 23.12114895 60.29983915
v 164.00507521 21.54087216 61.42377228
v 164.00507521 19.92651747 62.46338559
v 164.00507521 18.27871756 63.41735543
v 164.00507521 16.59737663 64.28443857
v 164.00507521 14.88152844 65.06348305
v 164.00507521 13.12911949 65.75343723
v 164.00507521 11.33665770 66.35335745
v 164.00507521 9.49860392 66.86241424
v 164.00507521 7.60622646 67.27989756
v 164.00507521 5.64518164 67.60522103
v 164.00507521 3.58942040 67.83792521
v 164.00507521 1.38009984 67.97768018
v 165.54165962 24.98576489 58.03283341
v 165.54165962 23.42934727 59.22373176
v 165.54165962 21.83648364 60.33282430
v 165.54165962 20.20845460 61.35873218
v 165.54165962 18.54591648 62.30014359
v 165.54165962 16.84880226 63.15582665
v 165.54165962 15.11617867 63.92464010
v 165.54165962 13.34602770 64.60554224
v 165.54165962 11.53489298 65.19759837
v 165.54165962 9.67726734 65.69998700
v 165.54165962 7.76444043 66.11200498
v 165.54165962 5.78206549 66.43307161
v 165.54165962 3.70403262 66.66273196
v 165.54165962 1.47127062 66.80065932
v 167.07597965 13.56123548 63.44917179
v 167.07597965 11.73152213 64.03321157
v 167.07597965 9.85442532 64.52880247
v 167.07597965 7.92125381 64.93524855
v 167.07597965 5.91765462 65.25197516
v 167.07597965 3.81745220 65.47853207
v 167.07597965 1.56133726 65.61459601
v 8.59128016 -0.13643249 33.99043828
v 8.60215055 3.37606791 33.98918973
v 8.60385042 3.88914176 33.98887417
v 8.64347746 5.62141462 33.97921489
v 8.64755838 5.78915198 33.97799143
v 8.72364992 7.28825525 33.95619122
v 8.72465136 7.30699502 33.95585844
v 8.73671056 7.44613352 33.95193008
v 8.84920664 8.63439529 33.91929844
v 8.87198305 8.80150189 33.91270018
v 9.02006409 9.85077025 33.86555731
v 9.09924206 10.26991928 33.84016713
v 9.24108146 11.00095112 33.79152459
v 9.43127165 11.76968953 33.72538402
v 9.51853652 12.11550465 33.69355893
v 9.75377706 12.87300924 33.60615919
v 9.86982510 13.21868428 33.56808621
v 9.96294204 13.44939750 33.53654502
v 10.32228760 14.33192467 33.41201130
v 10.78005113 15.28974055 33.24830702
v 10.87601075 15.47606108 33.21804242
v 11.09180277 15.83935010 33.14732082
v 11.58854923 16.67377559 32.98335921
v 11.81551116 17.01091733 32.90587779
v 12.49764533 17.95114384 32.70029499
v 12.86013355 18.40007225 32.58721785
v 13.67891926 19.34024064 32.36193668
v 13.91389264 19.58650351 32.29518696
v 14.43653957 20.09341970 32.16442617
v 14.97676075 20.61726081 32.02876114
v 15.27304137 20.88281771 31.96362491
v 16.04870819 21.52661114 31.78779594
v 16.81136970 22.10972344 31.63705913
v 17.12970326 22.35315964 31.57378030
v 17.53322035 22.63660798 31.50452372
v 18.21971223 23.08970814 31.38377438
v 18.55068116 23.27077907 31.31895060
v 19.31869939 23.69226203 31.16833049
v 19.94700740 23.99093289 31.02816228
v 20.42662705 24.21884795 30.92207839
v 21.50916283 24.81044048 30.76365509
v 21.54345551 24.82901313 30.75868452
v 21.59897656 24.86034104 30.75503141
v 22.66914312 25.42625282 30.68059617
v 23.28391415 25.71997677 30.64910125
v 23.80364626 25.96626216 30.62298869
v 24.94074380 26.44653460 30.58598807
v 24.94691935 26.44911588 30.58578893
v 24.96379859 26.45528909 30.58553357
v 26.09891487 26.84593264 30.56563278
v 26.43586455 26.94443160 30.56501351
v 27.25958337 27.18264234 30.56402972
v 27.85553047 27.32371032 30.57264240
v 28.42887347 27.45737162 30.58078020
v 29.20357008 27.59474468 30.60200925
v 29.60673188 27.66459581 30.61256609
v 30.48249678 27.76675702 30.63911166
v 30.79310342 27.80173678 30.64799228
v 31.72446282 27.86829801 30.66523776
v 31.98793102 27.88626386 30.66969902
v 32.95153567 27.91675634 30.67909673
v 33.19115571 27.92388841 30.68122544
v 34.17254642 27.92028682 30.68504668
v 34.40271670 27.91929989 30.68587935
v 35.39515651 27.90556436 30.68735909
v 35.62255133 27.90235598 30.68767603
v 36.62427997 27.88706773 30.68873812
v 36.85059510 27.88355958 30.68896031
v 37.86129616 27.86711182 30.68996122
v 38.08678170 27.86339181 30.69016799
v 39.10625778 27.84579900 30.69109448
v 39.33104302 27.84187438 30.69128504
v 40.35899785 27.82312000 30.69143801
v 40.58330914 27.81899498 30.69146847
v 41.62026453 27.79953655 30.68680149
v 41.84350839 27.79530797 30.68578552
v 42.88945733 27.77481894 30.67520384
v 43.11156732 27.77042418 30.67293982
v 44.16622821 27.74887586 30.65651534
v 44.38741076 27.74431030 30.65305012
v 45.45050291 27.72175976 30.63095105
v 45.67096179 27.71703451 30.62634435
v 46.74223754 27.69354121 30.59875381
v 46.96214179 27.68866771 30.59306356
v 48.04138783 27.66429328 30.56017859
v 48.26087047 27.65928346 30.55346193
v 49.34790907 27.63409151 30.51549255
v 49.56706584 27.62895798 30.50780674
v 50.66175605 27.60301388 30.46497510
v 50.88064425 27.59777005 30.45637838
v 51.98288301 27.57114079 30.40891792
v 52.20152045 27.56580103 30.39947031
v 53.31124355 27.53855506 30.34762500
v 53.52960753 27.53313480 30.33738898
v 54.64679055 27.50534188 30.28141267
v 54.86481701 27.49985765 30.27045377
v 55.98947614 27.47158880 30.21060959
v 56.20705882 27.46605833 30.19899694
v 57.33925156 27.43738569 30.13555682
v 57.55624133 27.43182790 30.12336349
v 58.69606649 27.40282448 30.05660756
v 58.91227137 27.39725961 30.04391097
v 60.05988752 27.36790140 29.97413483
v 60.27505426 27.36234037 29.96102647
v 61.43126135 27.32957800 29.88876218
v 61.64449383 27.32349146 29.87541993
v 62.80962347 27.28569486 29.80066513
v 63.02049241 27.27881740 29.78712614
v 64.19435975 27.23619421 29.71002086
v 64.40295089 27.22858741 29.69631227
v 65.58531052 27.18156792 29.61720855
v 65.79176873 27.17332812 29.60339037
v 66.98239685 27.12236196 29.52265252
v 67.18684398 27.11358363 29.50878475
v 68.38553932 27.05913891 29.42678886
v 68.58807329 27.04991519 29.41293179
v 69.79367235 26.99205619 29.32967936
v 69.99535197 26.98234365 29.31574028
v 71.20668248 26.92170582 29.22640071
v 71.40857397 26.91152661 29.21146018
v 72.62515370 26.84898734 29.11128578
v 72.82763193 26.83847047 29.09452867
v 74.04880468 26.77444435 28.98375468
v 74.25241718 26.76365142 28.96519119
v 75.47752195 26.69870684 28.84421495
v 75.68281981 26.68769695 28.82384023
v 76.91118416 26.62241574 28.69308616
v 77.11872865 26.61124977 28.67088367
v 78.34966883 26.54622533 28.53080223
v 78.56003130 26.53496747 28.50674458
v 79.79285242 26.47080279 28.35781112
v 80.00661417 26.45952215 28.33186102
v 81.24061044 26.39682776 28.17457454
v 81.45836251 26.38560004 28.14668581
v 82.69281750 26.32499190 27.98156764
v 82.91516042 26.31390111 27.95168629
v 84.14934744 26.25599838 27.77927871
v 84.37689086 26.24513872 27.74734410
v 85.61007344 26.19056141 27.56820881
v 85.84343574 26.18003911 27.53415486
v 87.07486814 26.12940573 27.34887140
v 87.31467586 26.11934105 27.31262798
v 88.54360378 26.07326615 27.12179200
v 88.79049099 26.06379537 27.08328632
v 90.01615235 26.02288697 26.88750782
v 90.27075991 26.01416448 26.84666590
v 91.49238573 25.97902152 26.64656732
v 91.75536039 25.97122195 26.60331563
v 92.97217592 25.94243165 26.39952986
v 93.24416923 25.93575200 26.35379697
v 94.45539516 25.91388719 26.14696523
v 94.73706233 25.90854902 26.09868361
v 95.94191617 25.89416545 25.88945329
v 96.23391466 25.89041710 25.83856115
v 97.43161236 25.88405072 25.62758350
v 97.73460031 25.88216946 25.57402674
v 98.92213724 25.88332681 25.36138573
v 99.23899254 25.88332237 25.30443380
v 100.39949003 25.88783780 25.08599963
v 100.74696377 25.88856129 25.02011214
v 101.86243672 25.90579582 24.79017873
v 102.25838564 25.91065604 24.70763821
v 103.32531265 25.94604594 24.47410362
v 103.77312901 25.95919323 24.37494331
v 104.79630395 26.01147059 24.14057264
v 105.29106402 26.03465156 24.02595859
v 106.27768162 26.10186704 23.79143681
v 106.81206009 26.13581450 23.66302023
v 107.77063549 26.21653523 23.42830359
v 108.33598597 26.26137594 23.28840740
v 109.25949076 26.34545921 23.04980839
v 109.86270975 26.39710854 22.89227790
v 110.77031579 26.50137493 22.64864050
v 111.39209892 26.56865350 22.48042957
v 112.32965677 26.69848486 22.23249552
v 112.92402035 26.77687931 22.07437957
v 113.92570679 26.92944629 21.80895889
v 114.45834038 27.00702921 21.66706137
v 115.54402906 27.18460802 21.37871805
v 115.99492479 27.25531581 21.25836831
v 117.18368548 27.46175087 20.94339560
v 117.53363887 27.52014043 20.85024713
v 118.84569111 27.75965653 20.50501609
v 119.07434745 27.79983580 20.44459979
v 120.53095291 28.07689731 20.06572674
v 120.61691489 28.09266134 20.04328282
v 121.42949646 28.25240998 19.83531043
v 122.16120517 28.39113631 19.64703738
v 122.23350540 28.40552368 19.62878402
v 123.70708187 28.69105106 19.25704277
v 123.95031841 28.74010234 19.19708184
v 125.25440821 28.99640773 18.87605103
v 125.68831088 29.08443022 18.77212102
v 126.80304712 29.30499926 18.50564979
v 127.44710204 29.43544913 18.35652660
v 128.35286119 29.61450780 18.14736288
v 129.20505765 29.77740288 17.95011752
v 129.90371280 29.90733471 17.78870886
v 130.90298552 30.08324779 17.54189167
v 131.45546407 30.17706694 17.40531762
v 132.54329468 30.37448582 17.12251509
v 133.00797693 30.45557948 17.00144387
v 134.17843818 30.68780281 16.69652004
v 134.56111313 30.76103275 16.59662589
v 135.82527479 31.03141777 16.26703104
v 6.57973181 5.52153291 84.24065553
v 6.55155221 5.43389773 84.24512732
v 6.42644027 5.01539128 84.26527095
v 6.37623978 4.84540544 84.27314309
v 6.28916419 4.52206385 84.28705864
v 6.22563323 4.28319516 84.29699096
v 6.16761107 4.03777322 84.30623812
v 6.09810129 3.74007092 84.31707647
v 6.06158725 3.55793953 84.32288198
v 5.99227239 3.20793551 84.33361659
v 5.97101564 3.07671562 84.33697140
v 5.90704713 2.67699244 84.34679334
v 5.89598137 2.58613866 84.34852781
v 5.84160300 2.13409620 84.35686483
v 5.83674537 2.07438139 84.35762521
v 5.79530277 1.55858043 84.36397222
v 5.79370384 1.52130016 84.36422227
v 5.76769862 0.90742001 84.36820247
v 5.76743166 0.87867182 84.36824419
v 5.75852635 -0.09253927 84.36960689
v 7.63132139 8.24412923 84.06415725
v 7.59916129 8.17053460 84.06961980
v 7.38424804 7.66164011 84.10644153
v 7.28136194 7.41528476 84.12377501
v 7.15560588 7.10168984 84.14523041
v 7.00125861 6.71250201 84.17107695
v 6.94453707 6.56233775 84.18065809
v 6.73027634 5.98398002 84.21620702
v 6.75506420 6.05509002 84.21209436
v 6.75034256 6.04166723 84.21288916
v 8.50640117 10.06085208 83.90868278
v 8.40292586 9.85713615 83.92729310
v 8.19436726 9.43514109 83.96510915
v 7.72887115 8.46490977 84.04729469
v 7.97236275 8.98162659 84.00432639
v 7.90201248 8.83341186 84.01688804
v 9.58139742 12.00977672 83.70547548
v 9.47803514 11.83211494 83.72533372
v 9.20067575 11.34364884 83.77885581
v 8.73671056 10.50989848 83.86631645
v 8.89783013 10.80555886 83.83594430
v 8.84107710 10.70203317 83.84677509
v 10.41694903 13.35629367 83.53921790
v 9.75377706 12.30341214 83.67169415
v 10.15463457 12.94727843 83.59163105
v 9.98718683 12.67969224 83.62537328
v 11.34949647 14.73230482 83.34698046
v 10.78005113 13.91772471 83.46522805
v 10.94722148 14.16180039 83.43062762
v 10.87017069 14.04979948 83.44671590
v 12.38063524 16.11964466 83.12787003
v 11.81551116 15.38764797 83.24887027
v 11.88828149 15.48433700 83.23334385
v 11.85163512 15.43584337 83.24120595
v 13.51025841 17.50196664 82.88103287
v 12.86013355 16.73343107 83.02382488
v 13.01867638 16.92514099 82.98903878
v 12.93221222 16.82096815 83.00809128
v 14.73714696 18.86495143 82.60667682
v 13.91389264 17.97190600 82.79137943
v 14.39134257 18.49653562 82.68433302
v 14.11140616 18.18991319 82.74734150
v 14.97676075 19.11828564 82.55237330
v 15.38753169 19.52942727 82.45901649
v 16.75785670 20.82856959 82.14376366
v 16.04870819 20.18624564 82.30755005
v 16.07716610 20.21283945 82.30098559
v 16.05891896 20.19583256 82.30520512
v 18.21835214 22.07910038 81.80280054
v 17.12970326 21.16245981 82.05731490
v 18.21539250 22.07669165 81.80349323
v 17.47808697 21.45725940 81.97617539
v 18.21971223 22.08019934 81.80248058
v 18.98696330 22.66219917 81.62175693
v 19.31869939 22.91207974 81.54328125
v 19.79044361 23.22644400 81.43156362
v 21.53358716 24.25869222 81.01644989
v 20.42662705 23.64469141 81.28037845
v 21.49195569 24.23627354 81.02637901
v 20.63560317 23.76289745 81.23064627
v 21.54345551 24.26388556 81.01409153
v 22.45506283 24.71401669 80.79605111
v 22.66914312 24.81746801 80.74478272
v 23.39624211 25.14408352 80.57061635
v 23.80364626 25.32347623 80.47298639
v 24.35646947 25.54704704 80.34051178
v 24.94691935 25.78158375 80.19909209
v 25.33492976 25.92135137 80.10619202
v 26.09891487 26.19225459 79.92353984
v 26.33079480 26.26561747 79.86814203
v 28.37746055 26.85123134 79.38161976
v 27.25958337 26.55563894 79.64679477
v 27.97234465 26.74680728 79.47770091
v 27.34358195 26.57834660 79.62680370
v 28.42887347 26.86436034 79.36948150
v 29.43883349 27.07642557 79.13152069
v 29.60673188 27.11171701 79.09192861
v 30.53158515 27.25406750 78.87254130
v 30.79310342 27.29591717 78.80803213
v 31.63370064 27.40046678 78.59637393
v 31.98793102 27.44672494 78.50302780
v 32.73846751 27.52071620 78.30339961
v 33.19115571 27.56730209 78.17882444
v 33.84588071 27.61546929 77.99689827
v 34.40271670 27.65805132 77.83766174
v 34.95642859 27.69603826 77.67870566
v 35.62255133 27.74300574 77.48375215
v 36.07109178 27.77413486 77.35197909
v 36.85059510 27.82941416 77.11966089
v 37.19029351 27.85308206 77.01824440
v 38.08678170 27.91632160 76.74875935
v 38.31487878 27.93211847 76.68014414
v 40.58297043 28.08800369 75.99881951
v 39.33104302 28.00286855 76.37410596
v 40.57938107 28.08779004 75.99989510
v 39.44548929 28.01067148 76.33964975
v 40.58330914 28.08802364 75.99871904
v 41.73671324 28.15338508 75.65760034
v 41.84350839 28.15929925 75.62657496
v 42.89998498 28.21550512 75.32043087
v 43.11156732 28.22639931 75.26049420
v 44.07379125 28.27359891 74.99016618
v 44.38741076 28.28820717 74.90489043
v 45.25906773 28.32697636 74.66939115
v 45.67096179 28.34411243 74.56232551
v 46.45720554 28.37460962 74.36190537
v 46.96214179 28.39246260 74.23927154
v 47.66945464 28.41560718 74.07102433
v 48.26087047 28.43266019 73.93831516
v 48.89732068 28.44890379 73.80069744
v 49.56706584 28.46312908 73.66572632
v 50.14315759 28.47281091 73.55711102
v 50.88064425 28.48190513 73.42926943
v 51.40942236 28.48560491 73.34659207
v 52.20152045 28.48775854 73.23402920
v 52.69881051 28.48542643 73.17597923
v 53.52960753 28.47847928 73.08880222
v 54.01545099 28.46938362 73.05581688
v 54.86481701 28.45090137 73.00602313
v 55.36290599 28.43508536 72.99407744
v 56.20705882 28.40724154 72.97603398
v 56.73749150 28.38561293 72.97763760
v 57.55624133 28.35193570 72.97992949
v 58.13657854 28.32320259 72.99704616
v 58.91227137 28.28502115 73.01820581
v 59.56196957 28.24673013 73.05641321
v 60.27505426 28.20531330 73.09553976
v 61.01655608 28.15248830 73.16254072
v 61.64449383 28.10876825 73.21499085
v 62.50289213 28.03597735 73.32115387
v 63.02049241 27.99326131 73.38024009
v 64.02541676 27.89366945 73.54257012
v 64.40295089 27.85744972 73.59861650
v 65.58822555 27.72333783 73.83591083
v 65.79176873 27.70114192 73.87324815
v 67.12158446 27.53126727 74.19606496
v 67.18684398 27.52209219 74.21231362
v 67.19881377 27.52010046 74.21622803
v 68.58807329 27.30080385 74.62921089
v 68.90667959 27.24168124 74.75140482
v 69.99535197 27.05049021 75.13133784
v 70.69827352 26.90574855 75.44278587
v 71.40857397 26.76747194 75.72972691
v 72.59932019 26.49517006 76.33690073
v 72.82763193 26.44591700 76.44299443
v 73.38379845 26.30630592 76.76404909
v 74.25241718 26.05330222 77.31627055
v 74.77243681 25.88298044 77.70230144
v 75.68281981 25.59581301 78.34306512
v 76.95416648 25.15522348 79.35601746
v 77.11872865 25.08918387 79.50015671
v 77.30000752 25.01187558 79.67158584
v 78.56003130 24.48350230 80.83641554
v 79.60089144 24.02443402 81.86308907
v 80.00661417 23.82039503 82.29596105
v 80.80638572 23.40427043 83.18488996
v 81.45836251 23.06737893 83.90296108
v 81.76916361 22.90202695 84.25720489
v 82.91516042 22.21921464 85.64443159
v 83.62955882 21.78541729 86.52831737
v 84.37689086 21.27435523 87.52105221
v 85.23151610 20.67174720 88.69499202
v 85.84343574 20.16421769 89.64719452
v 86.54959303 19.56028064 90.77254197
v 87.31467586 18.80073197 92.13331226
v 87.66023252 18.45025429 92.75602427
v 88.29349446 17.71577778 94.00788942
v 88.61605239 17.34295301 94.64348942
v 88.79049099 17.11568184 95.01445681
v 89.45338259 16.24092712 96.43001510
v 90.13279787 15.24623695 97.96543135
v 90.20276230 15.14410773 98.12329376
v 90.27075991 15.03549098 98.28288762
v 90.87790310 14.05679146 99.70890649
v 91.30247919 13.30655840 100.74454511
v 91.48913825 12.97787456 101.19938146
v 91.75536039 12.44977147 101.89162448
v 92.02567216 11.90951855 102.59447758
v 92.14943193 11.62899978 102.93817413
v 92.49286446 10.85205659 103.89396324
v 92.76957493 10.13755849 104.71594923
v 92.89878815 9.80437592 105.10101810
v 93.24416923 8.78189709 106.19578759
v 93.24957717 8.76581432 106.21289908
v 93.25094560 8.76111917 106.21746788
v 93.54949738 7.73605154 107.22106065
v 93.61327042 7.48163360 107.44539678
v 93.80584225 6.71077137 108.12971492
v 93.90209682 6.25782919 108.48491287
v 94.02329571 5.68595890 108.93647358
v 94.13212723 5.07197550 109.35422119
v 94.20557422 4.65591307 109.63933900
v 94.31315159 3.90773733 110.06689415
v 94.35550253 3.61262913 110.23670155
v 94.45286870 2.74706572 110.63364613
v 94.47551316 2.54460575 110.72714927
v 94.55625496 1.56821354 111.06325121
v 136.06759110 31.20947160 16.31494472
v 136.11473431 31.28316183 16.36676912
v 136.06430668 31.20341522 16.31108910
v 136.04812705 31.17526269 16.29357623
v 136.55618955 31.96847608 16.83831189
v 136.79061371 32.28094290 17.07646508
v 137.09268053 32.68475907 17.38878736
v 137.66870197 33.34946174 17.96124060
v 137.67662185 33.35863409 17.96897256
v 137.68212154 33.36417536 17.97420586
v 138.31319279 33.99814838 18.57925584
v 138.82265392 34.44336805 19.05860120
v 138.99946810 34.59733515 19.22589046
v 139.22287755 34.76602526 19.43413401
v 139.73955616 35.16195128 19.91292661
v 140.28230575 35.52258186 20.41340457
v 140.53678120 35.69084969 20.64823241
v 140.77712245 35.82780201 20.86983573
v 141.39700748 36.18803215 21.44263763
v 142.33129803 36.65365304 22.31267861
v 142.33166133 36.65383772 22.31301934
v 142.33235596 36.65413842 22.31368188
v 143.35759786 37.09644475 23.28865891
v 143.88526569 37.28871985 23.80224864
v 144.51585219 37.52302927 24.42511477
v 145.43888687 37.81154447 25.37133303
v 145.91056759 37.96120395 25.86454232
v 146.99202307 38.25127394 27.07085261
v 148.43840785 38.64204798 28.71650112
v 148.54453593 38.67070221 28.83656965
v 148.62142351 38.69149496 28.92483741
v 150.09628720 38.93977352 30.66561202
v 151.00299462 39.09081611 31.74539736
v 151.64713881 39.12532417 32.54068785
v 152.80367823 39.18212051 33.98115384
v 153.19695288 39.16136292 34.49235332
v 154.36637272 39.09136956 36.02481889
v 154.74559179 39.02734066 36.54701704
v 155.75511197 38.84713308 37.94803306
v 156.29291813 38.68576011 38.73796649
v 156.99998403 38.46548613 39.78250933
v 157.83879483 38.08803171 41.10285780
v 158.11862772 37.95838641 41.54538484
v 158.65021110 37.63119652 42.43611113
v 159.13273612 37.33601707 43.24379031
v 159.38308511 37.14321955 43.68230281
v 160.06374169 36.61047816 44.87580863
v 160.90869999 35.80003493 46.42655897
v 160.91814161 35.79104210 46.44388411
v 160.92565255 35.78239975 46.45836555
v 161.69710077 34.88617637 47.94471341
v 162.35985652 33.96684861 49.28611203
v 162.40934019 33.89872745 49.38644074
v 162.46636113 33.80559443 49.50831919
v 163.05638707 32.83416541 50.76630167
v 163.41998875 32.12787809 51.58358320
v 163.64381326 31.69581388 52.08972736
v 164.00507521 30.87517226 52.95315682
v 164.17457517 30.48785456 53.35673083
v 164.25084141 30.28351005 53.54832075
v 164.65099084 29.21421817 54.56665171
v 164.89933239 28.43572138 55.23496917
v 165.07670285 27.87877322 55.72149697
v 165.42724167 26.58866106 56.73733751
v 165.45514802 26.48532248 56.82028563
v 165.54165962 26.10865343 57.09253852
v 165.78738465 25.03663135 57.86195645
v 165.84593078 24.73782341 58.05418650
v 166.07761988 23.53628854 58.84534621
v 166.18522043 22.88437416 59.22824177
v 166.32968429 21.98726981 59.76871828
v 166.46224834 21.02764188 60.28098732
v 166.54694822 20.39188124 60.62994962
v 166.68676693 19.16563328 61.22164057
v 166.73164705 18.75165471 61.42753940
v 166.86704138 17.29548735 62.05738009
v 166.88679019 17.06759256 62.15927287
v 167.01033031 15.41321297 62.79368390
v 167.01534856 15.33984038 62.82282739
v 167.07597965 14.31245003 63.16694192
v 167.11974382 13.56732506 63.41606286
v 167.12256614 13.51151956 63.43144152
v 167.20363409 11.74776188 63.93595999
v 167.21009871 11.58256838 63.97382049
v 167.26963090 9.87663975 64.38040113
v 167.27710689 9.62106179 64.42729307
v 167.32043149 7.94610183 64.74701570
v 167.32734294 7.61461944 64.79294144
v 167.35807184 5.94248274 65.03394825
v 167.36358741 5.54457227 65.07162911
v 167.38371617 3.84015333 65.24005281
v 167.38712406 3.37749898 65.26466373
v 167.39892911 1.58031100 65.36392926
v 167.40011311 0.99350354 65.37247796
v 135.98621791 31.06469258 16.22499277
v 0.00022440 -0.00010369 55.00231052
v 0.00013631 -0.00010224 55.00139897
v 0.00010147 -0.00010167 55.00103582
v 0.00008199 -0.00010135 55.00083072
v 0.00006925 -0.00010114 55.00069473
v 0.00006010 -0.00010099 55.00059572
v 0.00005314 -0.00010087 55.00051909
v 0.00004760 -0.00010078 55.00045719
v 0.00004307 -0.00010071 55.00040562
v 0.00003927 -0.00010065 55.00036167
v 0.00003603 -0.00010059 55.00032354
v 0.00003323 -0.00010055 55.00029002
v 0.00003078 -0.00010051 55.00026024
v 0.00002862 -0.00010047 55.00023355
v 0.00002671 -0.00010044 55.00020947
v 0.00002500 -0.00010041 55.00018762
v 0.00002348 -0.00010039 55.00016768
v 0.00002211 -0.00010036 55.00014941
v 0.00002087 -0.00010034 55.00013259
v 0.00001976 -0.00010032 55.00011703
v 0.00001875 -0.00010031 55.00010257
v 0.00001784 -0.00010029 55.00008908
v 0.00001702 -0.00010028 55.00007640
v 0.00001627 -0.00010027 55.00006443
v 0.00001560 -0.00010026 55.00005302
v 0.00001499 -0.00010025 55.00004207
v 0.00001445 -0.00010024 55.00003143
v 0.00001396 -0.00010023 55.00002094
v 0.00001352 -0.00010022 55.00001038
v 0.00001313 -0.00010022 54.99999942
v 0.00001280 -0.00010021 54.99998730
v 0.00001252 -0.00010021 54.99996900
v 0.00001253 -0.00010021 54.99995611
v 0.00001256 -0.00010021 54.99994998
v 0.00001260 -0.00010021 54.99994504
v 0.00001266 -0.00010021 54.99994069
v 0.00001274 -0.00010021 54.99993667
v 0.00001283 -0.00010021 54.99993286
v 0.00001295 -0.00010021 54.99992918
v 0.00001309 -0.00010022 54.99992556
v 0.00001325 -0.00010022 54.99992195
v 0.00001343 -0.00010022 54.99991831
v 0.00001364 -0.00010022 54.99991461
v 0.00001388 -0.00010023 54.99991081
v 0.00001414 -0.00010023 54.99990687
v 0.00001445 -0.00010024 54.99990275
v 0.00001479 -0.00010024 54.99989842
v 0.00001518 -0.00010025 54.99989381
v 0.00001562 -0.00010026 54.99988886
v 0.00001613 -0.00010027 54.99988351
v 0.00001670 -0.00010027 54.99987766
v 0.00001736 -0.00010029 54.99987119
v 0.00001812 -0.00010030 54.99986396
v 0.00001902 -0.00010031 54.99985575
v 0.00002008 -0.00010033 54.99984630
v 0.00002135 -0.00010035 54.99983519
v 0.00002292 -0.00010038 54.99982182
v 0.00002490 -0.00010041 54.99980526
v 0.00002748 -0.00010045 54.99978392
v 0.00003105 -0.00010051 54.99975487
v 0.00003637 -0.00010060 54.99971190
v 0.00004551 -0.00010075 54.99963869
v 0.00006684 -0.00010110 54.99946860
v 0.93356524 -0.01555114 64.62271696
v 0.93372611 -0.01555377 64.62360462
v 0.93356524 -0.01555117 47.57420937
v 1.87637250 -0.03094973 44.55677944
v 1.87644001 -0.03095080 69.82585462
v 1.87657319 -0.03095296 69.82644985
v 1.87644001 -0.03095084 44.55656341
v 2.82857284 -0.04631386 42.28334829
v 2.82862121 -0.04631461 74.08203712
v 2.82873816 -0.04631648 74.08249110
v 2.82862121 -0.04631464 42.28323279
v 3.79006367 -0.06165880 40.40414291
v 3.79010370 -0.06165940 77.81494921
v 3.79020977 -0.06166108 77.81531864
v 3.79010370 -0.06165943 40.40406467
v 4.76084511 -0.07700273 38.78319013
v 4.76088025 -0.07700325 81.19667505
v 4.76097844 -0.07700479 81.19698769
v 4.76088025 -0.07700329 38.78313146
v 5.74090972 -0.09236505 37.35073851
v 5.74094158 -0.09236551 84.31779297
v 5.74103330 -0.09236644 84.31806320
v 5.74094158 -0.09236555 37.35069195
v 6.73024686 -0.10776640 36.06541524
v 6.73027634 -0.10776686 36.06537695
v 7.72884348 -0.12322876 34.90036043
v 7.72887115 -0.12322919 34.90032815
v 7.72902958 -0.12323162 34.90016101
v 94.73706233 1.48406218 111.01653363
v 96.19389942 1.42862143 110.37358039
v 94.66247656 1.48695250 111.04790552
v 96.23391466 1.42712011 110.35597692
v 97.46325204 1.37860122 109.79442866
v 97.73460031 1.36765831 109.66973661
v 97.74329529 1.36729871 109.66561484
v 99.23899254 1.30578669 108.95796919
v 99.30977104 1.30280162 108.92364894
v 100.74696377 1.24253931 108.22815911
v 100.89576269 1.23544938 108.15488113
v 102.25838564 1.17093422 107.48548825
v 102.50821520 1.15753813 107.36124304
v 103.77312901 1.09016709 106.73401546
v 104.14708033 1.06802735 106.54720266
v 105.29106402 1.00076751 105.97762548
v 105.81077679 0.96729976 105.71819643
v 106.81206009 0.90327581 105.22025595
v 107.49748043 0.85584975 104.88019189
v 108.33598597 0.79824453 104.46590067
v 109.20517791 0.73428141 104.03962414
v 109.86270975 0.68623951 103.71861172
v 110.93175541 0.60327643 103.19252830
v 111.39209892 0.56778085 102.96697303
v 112.67498727 0.46363892 102.31800874
v 112.92402035 0.44355589 102.19260975
v 114.43252643 0.31633631 101.40971858
v 114.45834038 0.31417417 101.39638715
v 114.62752403 0.29944192 101.30648014
v 115.99492479 0.17767464 100.56424005
v 116.18174197 0.16055761 100.46023549
v 117.53363887 0.03698496 99.71004189
v 117.93658315 -0.00071526 99.48108049
v 119.07434745 -0.10690159 98.83681173
v 119.69741676 -0.16613234 98.47607209
v 120.61691489 -0.25331644 97.94565209
v 121.46025783 -0.33439285 97.44878152
v 122.16120517 -0.40160828 97.03731275
v 123.21991835 -0.50406077 96.40352978
v 123.70708187 -0.55108737 96.11294355
v 124.97424938 -0.67395037 95.34338037
v 125.25440821 -0.70104894 95.17383644
v 126.72190509 -0.84295457 94.27105699
v 126.80304712 -0.85078260 94.22131177
v 127.45778450 -0.91363093 93.81390282
v 128.35286119 -1.00008051 93.24892710
v 128.43476337 -1.00789460 93.19669192
v 129.90371280 -1.14801744 92.26079637
v 130.12198471 -1.16751356 92.12048732
v 131.45546407 -1.28659760 91.26416416
v 131.80368661 -1.31363549 91.03886472
v 133.00797693 -1.40712310 90.26046116
v 133.47971176 -1.43839721 89.95368468
v 134.56111313 -1.51007232 89.25111532
v 135.14944141 -1.54260293 88.86494919
v 136.11473431 -1.59596210 88.23195294
v 136.81233259 -1.62710203 87.76378062
v 137.66870197 -1.66531628 87.18958374
v 138.46791107 -1.69275595 86.64218744
v 139.22287755 -1.71866547 86.12555621
v 140.11576267 -1.74043282 85.50302365
v 140.77712245 -1.75654639 85.04231487
v 141.75557878 -1.77100315 84.34957275
v 142.33129803 -1.77950120 83.94232095
v 143.38730458 -1.78533413 83.18488663
v 143.88526569 -1.78807754 82.82802960
v 145.01056397 -1.78427950 82.01216830
v 145.43888687 -1.78282776 81.70189890
v 146.62497614 -1.76868894 80.83456010
v 146.99202307 -1.76430836 80.56638981
v 148.23021293 -1.73940565 79.65509752
v 148.54453593 -1.73307954 79.42396390
v 149.82599371 -1.69726305 78.47670603
v 150.09628720 -1.68970468 78.27708103
v 151.41208035 -1.64308193 77.30219922
v 151.64713881 -1.63474986 77.12819707
v 152.98827215 -1.57766812 76.13427811
v 153.19695288 -1.56878340 75.97976163
v 154.55440089 -1.50181064 74.97553130
v 154.74559179 -1.49237530 74.83421580
v 156.11046361 -1.41649787 73.82833905
v 156.29291813 -1.40635233 73.69399480
v 157.66138308 -1.33057776 72.69153908
v 157.83879483 -1.32075192 72.56169388
v 159.21023720 -1.25028911 71.56527183
v 159.38308511 -1.24140634 71.43980093
v 160.75722069 -1.17697751 70.44460689
v 160.92565255 -1.16907830 70.32273149
v 162.30221599 -1.10916295 69.30323650
v 162.46636113 -1.10201654 69.18177764
v 163.84515200 -1.04529047 68.14019988
v 164.00507521 -1.03870904 68.01949718
v 165.38588152 -0.98396216 66.96131953
v 165.54165962 -0.97778397 66.84204558
v 166.92425189 -0.92380546 65.77277400
v 167.07597965 -0.91788004 65.65553432
v 167.11617308 -0.91630039 65.62432224
v 8.59128057 -0.13653248 33.99043814
v 5.75852727 -0.09263877 84.36960675
v 94.56261939 1.49087724 111.09004299
v 167.40343673 -0.90501058 65.40124857
f 1 3 2
f 1 4 3
f 1 5 4
f 1 6 5
f 1 7 6
f 1 8 7
f 1 9 8
f 1 10 9
f 1 11 10
f 1 12 11
f 1 13 12
f 1 14 13
f 1 15 14
f 1 16 15
f 1 17 16
f 1 18 17
f 1 19 18
f 1 20 19
f 1 21 20
f 1 22 21
f 1 23 22
f 1 24 23
f 1 25 24
f 1 26 25
f 1 27 26
f 1 28 27
f 1 29 28
f 1 30 29
f 1 31 30
f 1 32 31
f 1 33 32
f 1 34 33
f 1 36 35
f 1 37 36
f 1 38 37
f 1 39 38
f 1 40 39
f 1 41 40
f 1 42 41
f 1 43 42
f 1 44 43
f 1 45 44
f 1 46 45
f 1 47 46
f 1 48 47
f 1 49 48
f 1 50 49
f 1 51 50
f 1 52 51
f 1 53 52
f 1 54 53
f 1 55 54
f 1 56 55
f 1 57 56
f 1 58 57
f 1 59 58
f 1 60 59
f 1 61 60
f 1 62 61
f 1 63 62
f 1 64 63
f 1 65 64
f 1 66 65
f 1 2 66
f 2 3 68
f 2 68 67
f 3 4 69
f 3 69 68
f 4 5 70
f 4 70 69
f 5 6 71
f 5 71 70
f 6 7 72
f 6 72 71
f 7 8 73
f 7 73 72
f 8 9 74
f 8 74 73
f 9 10 75
f 9 75 74
f 10 11 76
f 10 76 75
f 11 12 77
f 11 77 76
f 12 13 78
f 12 78 77
f 13 14 79
f 13 79 78
f 14 15 80
f 14 80 79
f 15 16 81
f 15 81 80
f 16 17 82
f 16 82 81
f 17 18 83
f 17 83 82
f 18 19 84
f 18 84 83
f 19 20 85
f 19 85 84
f 20 21 86
f 20 86 85
f 21 22 87
f 21 87 86
f 22 23 88
f 22 88 87
f 23 24 89
f 23 89 88
f 24 25 90
f 24 90 89
f 25 26 91
f 25 91 90
f 26 27 92
f 26 92 91
f 27 28 93
f 27 93 92
f 28 29 94
f 28 94 93
f 29 30 95
f 29 95 94
f 30 31 96
f 30 96 95
f 31 32 97
f 31 97 96
f 32 33 98
f 32 98 97
f 33 34 99
f 33 99 98
f 35 36 101
f 35 101 100
f 36 37 102
f 36 102 101
f 37 38 103
f 37 103 102
f 38 39 104
f 38 104 103
f 39 40 105
f 39 105 104
f 40 41 106
f 40 106 105
f 41 42 107
f 41 107 106
f 42 43 108
f 42 108 107
f 43 44 109
f 43 109 108
f 44 45 110
f 44 110 109
f 45 46 111
f 45 111 110
f 46 47 112
f 46 112 111
f 47 48 113
f 47 113 112
f 48 49 114
f 48 114 113
f 49 50 115
f 49 115 114
f 50 51 116
f 50 116 115
f 51 52 117
f 51 117 116
f 52 53 118
f 52 118 117
f 53 54 119
f 53 119 118
f 54 55 120
f 54 120 119
f 55 56 121
f 55 121 120
f 56 57 122
f 56 122 121
f 57 58 123
f 57 123 122
f 58 59 124
f 58 124 123
f 59 60 125
f 59 125 124
f 60 61 126
f 60 126 125
f 61 62 127
f 61 127 126
f 62 63 128
f 62 128 127
f 63 64 129
f 63 129 128
f 64 65 130
f 64 130 129
f 65 66 131
f 65 131 130
f 66 2 67
f 66 67 131
f 67 68 133
f 67 133 132
f 68 69 134
f 68 134 133
f 69 70 135
f 69 135 134
f 70 71 136
f 70 136 135
f 71 72 137
f 71 137 136
f 72 73 138
f 72 138 137
f 73 74 139
f 73 139 138
f 74 75 140
f 74 140 139
f 75 76 141
f 75 141 140
f 76 77 142
f 76 142 141
f 77 78 143
f 77 143 142
f 78 79 144
f 78 144 143
f 79 80 145
f 79 145 144
f 80 81 146
f 80 146 145
f 81 82 147
f 81 147 146
f 82 83 148
f 82 148 147
f 83 84 149
f 83 149 148
f 84 85 150
f 84 150 149
f 85 86 151
f 85 151 150
f 86 87 152
f 86 152 151
f 87 88 153
f 87 153 152
f 88 89 154
f 88 154 153
f 89 90 155
f 89 155 154
f 90 91 156
f 90 156 155
f 91 92 157
f 91 157 156
f 92 93 158
f 92 158 157
f 93 94 159
f 93 159 158
f 94 95 160
f 94 160 159
f 95 96 161
f 95 161 160
f 96 97 162
f 96 162 161
f 97 98 163
f 97 163 162
f 98 99 164
f 98 164 163
f 100 101 166
f 100 166 165
f 101 102 167
f 101 167 166
f 102 103 168
f 102 168 167
f 103 104 169
f 103 169 168
f 104 105 170
f 104 170 169
f 105 106 171
f 105 171 170
f 106 107 172
f 106 172 171
f 107 108 173
f 107 173 172
f 108 109 174
f 108 174 173
f 109 110 175
f 109 175 174
f 110 111 176
f 110 176 175
f 111 112 177
f 111 177 176
f 112 113 178
f 112 178 177
f 113 114 179
f 113 179 178
f 114 115 180
f 114 180 179
f 115 116 181
f 115 181 180
f 116 117 182
f 116 182 181
f 117 118 183
f 117 183 182
f 118 119 184
f 118 184 183
f 119 120 185
f 119 185 184
f 120 121 186
f 120 186 185
f 121 122 187
f 121 187 186
f 122 123 188
f 122 188 187
f 123 124 189
f 123 189 188
f 124 125 190
f 124 190 189
f 125 126 191
f 125 191 190
f 126 127 192
f 126 192 191
f 127 128 193
f 127 193 192
f 128 129 194
f 128 194 193
f 129 130 195
f 129 195 194
f 130 131 196
f 130 196 195
f 131 67 132
f 131 132 196
f 132 133 198
f 132 198 197
f 133 134 199
f 133 199 198
f 134 135 200
f 134 200 199
f 135 136 201
f 135 201 200
f 136 137 202
f 136 202 201
f 137 138 203
f 137 203 202
f 138 139 204
f 138 204 203
f 139 140 205
f 139 205 204
f 140 141 206
f 140 206 205
f 141 142 207
f 141 207 206
f 142 143 208
f 142 208 207
f 143 144 209
f 143 209 208
f 144 145 210
f 144 210 209
f 145 146 211
f 145 211 210
f 146 147 212
f 146 212 211
f 147 148 213
f 147 213 212
f 148 149 214
f 148 214 213
f 149 150 215
f 149 215 214
f 150 151 216
f 150 216 215
f 151 152 217
f 151 217 216
f 152 153 218
f 152 218 217
f 153 154 219
f 153 219 218
f 154 155 220
f 154 220 219
f 155 156 221
f 155 221 220
f 156 157 222
f 156 222 221
f 157 158 223
f 157 223 222
f 158 159 224
f 158 224 223
f 159 160 225
f 159 225 224
f 160 161 226
f 160 226 225
f 161 162 227
f 161 227 226
f 162 163 228
f 162 228 227
f 163 164 229
f 163 229 228
f 165 166 231
f 165 231 230
f 166 167 232
f 166 232 231
f 167 168 233
f 167 233 232
f 168 169 234
f 168 234 233
f 169 170 235
f 169 235 234
f 170 171 236
f 170 236 235
f 171 172 237
f 171 237 236
f 172 173 238
f 172 238 237
f 173 174 239
f 173 239 238
f 174 175 240
f 174 240 239
f 175 176 241
f 175 241 240
f 176 177 242
f 176 242 241
f 177 178 243
f 177 243 242
f 178 179 244
f 178 244 243
f 179 180 245
f 179 245 244
f 180 181 246
f 180 246 245
f 181 182 247
f 181 247 246
f 182 183 248
f 182 248 247
f 183 184 249
f 183 249 248
f 184 185 250
f 184 250 249
f 185 186 251
f 185 251 250
f 186 187 252
f 186 252 251
f 187 188 253
f 187 253 252
f 188 189 254
f 188 254 253
f 189 190 255
f 189 255 254
f 190 191 256
f 190 256 255
f 191 192 257
f 191 257 256
f 192 193 258
f 192 258 257
f 193 194 259
f 193 259 258
f 194 195 260
f 194 260 259
f 195 196 261
f 195 261 260
f 196 132 197
f 196 197 261
f 197 198 263
f 197 263 262
f 198 199 264
f 198 264 263
f 199 200 265
f 199 265 264
f 200 201 266
f 200 266 265
f 201 202 267
f 201 267 266
f 202 203 268
f 202 268 267
f 203 204 269
f 203 269 268
f 204 205 270
f 204 270 269
f 205 206 271
f 205 271 270
f 206 207 272
f 206 272 271
f 207 208 273
f 207 273 272
f 208 209 274
f 208 274 273
f 209 210 275
f 209 275 274
f 210 211 276
f 210 276 275
f 211 212 277
f 211 277 276
f 212 213 278
f 212 278 277
f 213 214 279
f 213 279 278
f 214 215 280
f 214 280 279
f 215 216 281
f 215 281 280
f 216 217 282
f 216 282 281
f 217 218 283
f 217 283 282
f 218 219 284
f 218 284 283
f 219 220 285
f 219 285 284
f 220 221 286
f 220 286 285
f 221 222 287
f 221 287 286
f 222 223 288
f 222 288 287
f 223 224 289
f 223 289 288
f 224 225 290
f 224 290 289
f 225 226 291
f 225 291 290
f 226 227 292
f 226 292 291
f 227 228 293
f 227 293 292
f 228 229 294
f 228 294 293
f 230 231 296
f 230 296 295
f 231 232 297
f 231 297 296
f 232 233 298
f 232 298 297
f 233 234 299
f 233 299 298
f 234 235 300
f 234 300 299
f 235 236 301
f 235 301 300
f 236 237 302
f 236 302 301
f 237 238 303
f 237 303 302
f 238 239 304
f 238 304 303
f 239 240 305
f 239 305 304
f 240 241 306
f 240 306 305
f 241 242 307
f 241 307 306
f 242 243 308
f 242 308 307
f 243 244 309
f 243 309 308
f 244 245 310
f 244 310 309
f 245 246 311
f 245 311 310
f 246 247 312
f 246 312 311
f 247 248 313
f 247 313 312
f 248 249 314
f 248 314 313
f 249 250 315
f 249 315 314
f 250 251 316
f 250 316 315
f 251 252 317
f 251 317 316
f 252 253 318
f 252 318 317
f 253 254 319
f 253 319 318
f 254 255 320
f 254 320 319
f 255 256 321
f 255 321 320
f 256 257 322
f 256 322 321
f 257 258 323
f 257 323 322
f 258 259 324
f 258 324 323
f 259 260 325
f 259 325 324
f 260 261 326
f 260 326 325
f 261 197 262
f 261 262 326
f 262 263 328
f 262 328 327
f 263 264 329
f 263 329 328
f 264 265 330
f 264 330 329
f 265 266 331
f 265 331 330
f 266 267 332
f 266 332 331
f 267 268 333
f 267 333 332
f 268 269 334
f 268 334 333
f 269 270 335
f 269 335 334
f 270 271 336
f 270 336 335
f 271 272 337
f 271 337 336
f 272 273 338
f 272 338 337
f 273 274 339
f 273 339 338
f 274 275 340
f 274 340 339
f 275 276 341
f 275 341 340
f 276 277 342
f 276 342 341
f 277 278 343
f 277 343 342
f 278 279 344
f 278 344 343
f 279 280 345
f 279 345 344
f 280 281 346
f 280 346 345
f 281 282 347
f 281 347 346
f 282 283 348
f 282 348 347
f 283 284 349
f 283 349 348
f 284 285 350
f 284 350 349
f 285 286 351
f 285 351 350
f 286 287 352
f 286 352 351
f 287 288 353
f 287 353 352
f 288 289 354
f 288 354 353
f 289 290 355
f 289 355 354
f 290 291 356
f 290 356 355
f 291 292 357
f 291 357 356
f 292 293 358
f 292 358 357
f 293 294 359
f 293 359 358
f 295 296 361
f 295 361 360
f 296 297 362
f 296 362 361
f 297 298 363
f 297 363 362
f 298 299 364
f 298 364 363
f 299 300 365
f 299 365 364
f 300 301 366
f 300 366 365
f 301 302 367
f 301 367 366
f 302 303 368
f 302 368 367
f 303 304 369
f 303 369 368
f 304 305 370
f 304 370 369
f 305 306 371
f 305 371 370
f 306 307 372
f 306 372 371
f 307 308 373
f 307 373 372
f 308 309 374
f 308 374 373
f 309 310 375
f 309 375 374
f 310 311 376
f 310 376 375
f 311 312 377
f 311 377 376
f 312 313 378
f 312 378 377
f 313 314 379
f 313 379 378
f 314 315 380
f 314 380 379
f 315 316 381
f 315 381 380
f 316 317 382
f 316 382 381
f 317 318 383
f 317 383 382
f 318 319 384
f 318 384 383
f 319 320 385
f 319 385 384
f 320 321 386
f 320 386 385
f 321 322 387
f 321 387 386
f 322 323 388
f 322 388 387
f 323 324 389
f 323 389 388
f 324 325 390
f 324 390 389
f 325 326 391
f 325 391 390
f 326 262 327
f 326 327 391
f 327 328 393
f 327 393 392
f 328 329 394
f 328 394 393
f 329 330 395
f 329 395 394
f 330 331 396
f 330 396 395
f 331 332 397
f 331 397 396
f 332 333 398
f 332 398 397
f 333 334 399
f 333 399 398
f 334 335 400
f 334 400 399
f 335 336 401
f 335 401 400
f 336 337 402
f 336 402 401
f 337 338 403
f 337 403 402
f 338 339 404
f 338 404 403
f 339 340 405
f 339 405 404
f 340 341 406
f 340 406 405
f 341 342 407
f 341 407 406
f 342 343 408
f 342 408 407
f 343 344 409
f 343 409 408
f 344 345 410
f 344 410 409
f 345 346 411
f 345 411 410
f 346 347 412
f 346 412 411
f 347 348 413
f 347 413 412
f 348 349 414
f 348 414 413
f 360 361 416
f 360 416 415
f 361 362 417
f 361 417 416
f 362 363 418
f 362 418 417
f 363 364 419
f 363 419 418
f 364 365 420
f 364 420 419
f 365 366 421
f 365 421 420
f 366 367 422
f 366 422 421
f 367 368 423
f 367 423 422
f 368 369 424
f 368 424 423
f 369 370 425
f 369 425 424
f 370 371 426
f 370 426 425
f 371 372 427
f 371 427 426
f 372 373 428
f 372 428 427
f 373 374 429
f 373 429 428
f 374 375 430
f 374 430 429
f 375 376 431
f 375 431 430
f 376 377 432
f 376 432 431
f 377 378 433
f 377 433 432
f 378 379 434
f 378 434 433
f 379 380 435
f 379 435 434
f 380 381 436
f 380 436 435
f 381 382 437
f 381 437 436
f 382 383 438
f 382 438 437
f 383 384 439
f 383 439 438
f 384 385 440
f 384 440 439
f 385 386 441
f 385 441 440
f 386 387 442
f 386 442 441
f 387 388 443
f 387 443 442
f 388 389 444
f 388 444 443
f 389 390 445
f 389 445 444
f 390 391 446
f 390 446 445
f 391 327 392
f 391 392 446
f 392 393 448
f 392 448 447
f 393 394 449
f 393 449 448
f 394 395 450
f 394 450 449
f 395 396 451
f 395 451 450
f 396 397 452
f 396 452 451
f 397 398 453
f 397 453 452
f 398 399 454
f 398 454 453
f 399 400 455
f 399 455 454
f 400 401 456
f 400 456 455
f 401 402 457
f 401 457 456
f 402 403 458
f 402 458 457
f 403 404 459
f 403 459 458
f 404 405 460
f 404 460 459
f 405 406 461
f 405 461 460
f 406 407 462
f 406 462 461
f 407 408 463
f 407 463 462
f 408 409 464
f 408 464 463
f 409 410 465
f 409 465 464
f 415 416 467
f 415 467 466
f 416 417 468
f 416 468 467
f 417 418 469
f 417 469 468
f 418 419 470
f 418 470 469
f 419 420 471
f 419 471 470
f 420 421 472
f 420 472 471
f 421 422 473
f 421 473 472
f 422 423 474
f 422 474 473
f 423 424 475
f 423 475 474
f 424 425 476
f 424 476 475
f 425 426 477
f 425 477 476
f 426 427 478
f 426 478 477
f 427 428 479
f 427 479 478
f 428 429 480
f 428 480 479
f 429 430 481
f 429 481 480
f 430 431 482
f 430 482 481
f 431 432 483
f 431 483 482
f 432 433 484
f 432 484 483
f 433 434 485
f 433 485 484
f 434 435 486
f 434 486 485
f 435 436 487
f 435 487 486
f 436 437 488
f 436 488 487
f 437 438 489
f 437 489 488
f 438 439 490
f 438 490 489
f 439 440 491
f 439 491 490
f 440 441 492
f 440 492 491
f 441 442 493
f 441 493 492
f 442 443 494
f 442 494 493
f 443 444 495
f 443 495 494
f 444 445 496
f 444 496 495
f 445 446 497
f 445 497 496
f 446 392 447
f 446 447 497
f 447 448 499
f 447 499 498
f 448 449 500
f 448 500 499
f 449 450 501
f 449 501 500
f 450 451 502
f 450 502 501
f 451 452 503
f 451 503 502
f 452 453 504
f 452 504 503
f 453 454 505
f 453 505 504
f 454 455 506
f 454 506 505
f 455 456 507
f 455 507 506
f 456 457 508
f 456 508 507
f 457 458 509
f 457 509 508
f 458 459 510
f 458 510 509
f 459 460 511
f 459 511 510
f 460 461 512
f 460 512 511
f 461 462 513
f 461 513 512
f 462 463 514
f 462 514 513
f 469 470 515
f 470 471 516
f 470 516 515
f 471 472 517
f 471 517 516
f 472 473 518
f 472 518 517
f 473 474 519
f 473 519 518
f 474 475 520
f 474 520 519
f 475 476 521
f 475 521 520
f 476 477 522
f 476 522 521
f 477 478 523
f 477 523 522
f 478 479 524
f 478 524 523
f 479 480 525
f 479 525 524
f 480 481 526
f 480 526 525
f 481 482 527
f 481 527 526
f 482 483 528
f 482 528 527
f 483 484 529
f 483 529 528
f 484 485 530
f 484 530 529
f 485 486 531
f 485 531 530
f 486 487 532
f 486 532 531
f 487 488 533
f 487 533 532
f 488 489 534
f 488 534 533
f 489 490 535
f 489 535 534
f 490 491 536
f 490 536 535
f 491 492 537
f 491 537 536
f 492 493 538
f 492 538 537
f 493 494 539
f 493 539 538
f 494 495 540
f 494 540 539
f 495 496 541
f 495 541 540
f 496 497 542
f 496 542 541
f 497 447 498
f 497 498 542
f 498 499 544
f 498 544 543
f 499 500 545
f 499 545 544
f 500 501 546
f 500 546 545
f 501 502 547
f 501 547 546
f 502 503 548
f 502 548 547
f 503 504 549
f 503 549 548
f 504 505 550
f 504 550 549
f 505 506 551
f 505 551 550
f 506 507 552
f 506 552 551
f 507 508 553
f 507 553 552
f 508 509 554
f 508 554 553
f 509 510 555
f 509 555 554
f 510 511 556
f 510 556 555
f 511 512 557
f 511 557 556
f 518 519 558
f 519 520 559
f 519 559 558
f 520 521 560
f 520 560 559
f 521 522 561
f 521 561 560
f 522 523 562
f 522 562 561
f 523 524 563
f 523 563 562
f 524 525 564
f 524 564 563
f 525 526 565
f 525 565 564
f 526 527 566
f 526 566 565
f 527 528 567
f 527 567 566
f 528 529 568
f 528 568 567
f 529 530 569
f 529 569 568
f 530 531 570
f 530 570 569
f 531 532 571
f 531 571 570
f 532 533 572
f 532 572 571
f 533 534 573
f 533 573 572
f 534 535 574
f 534 574 573
f 535 536 575
f 535 575 574
f 536 537 576
f 536 576 575
f 537 538 577
f 537 577 576
f 538 539 578
f 538 578 577
f 539 540 579
f 539 579 578
f 540 541 580
f 540 580 579
f 541 542 581
f 541 581 580
f 542 498 543
f 542 543 581
f 543 544 583
f 543 583 582
f 544 545 584
f 544 584 583
f 545 546 585
f 545 585 584
f 546 547 586
f 546 586 585
f 547 548 587
f 547 587 586
f 548 549 588
f 548 588 587
f 549 550 589
f 549 589 588
f 550 551 590
f 550 590 589
f 551 552 591
f 551 591 590
f 552 553 592
f 552 592 591
f 553 554 593
f 553 593 592
f 554 555 594
f 554 594 593
f 555 556 595
f 555 595 594
f 559 560 596
f 560 561 597
f 560 597 596
f 561 562 598
f 561 598 597
f 562 563 599
f 562 599 598
f 563 564 600
f 563 600 599
f 564 565 601
f 564 601 600
f 565 566 602
f 565 602 601
f 566 567 603
f 566 603 602
f 567 568 604
f 567 604 603
f 568 569 605
f 568 605 604
f 569 570 606
f 569 606 605
f 570 571 607
f 570 607 606
f 571 572 608
f 571 608 607
f 572 573 609
f 572 609 608
f 573 574 610
f 573 610 609
f 574 575 611
f 574 611 610
f 575 576 612
f 575 612 611
f 576 577 613
f 576 613 612
f 577 578 614
f 577 614 613
f 578 579 615
f 578 615 614
f 579 580 616
f 579 616 615
f 580 581 617
f 580 617 616
f 581 543 582
f 581 582 617
f 582 583 619
f 582 619 618
f 583 584 620
f 583 620 619
f 584 585 621
f 584 621 620
f 585 586 622
f 585 622 621
f 586 587 623
f 586 623 622
f 587 588 624
f 587 624 623
f 588 589 625
f 588 625 624
f 589 590 626
f 589 626 625
f 590 591 627
f 590 627 626
f 591 592 628
f 591 628 627
f 592 593 629
f 592 629 628
f 593 594 630
f 593 630 629
f 597 598 631
f 598 599 632
f 598 632 631
f 599 600 633
f 599 633 632
f 600 601 634
f 600 634 633
f 601 602 635
f 601 635 634
f 602 603 636
f 602 636 635
f 603 604 637
f 603 637 636
f 604 605 638
f 604 638 637
f 605 606 639
f 605 639 638
f 606 607 640
f 606 640 639
f 607 608 641
f 607 641 640
f 608 609 642
f 608 642 641
f 609 610 643
f 609 643 642
f 610 611 644
f 610 644 643
f 611 612 645
f 611 645 644
f 612 613 646
f 612 646 645
f 613 614 647
f 613 647 646
f 614 615 648
f 614 648 647
f 615 616 649
f 615 649 648
f 616 617 650
f 616 650 649
f 617 582 618
f 617 618 650
f 618 619 652
f 618 652 651
f 619 620 653
f 619 653 652
f 620 621 654
f 620 654 653
f 621 622 655
f 621 655 654
f 622 623 656
f 622 656 655
f 623 624 657
f 623 657 656
f 624 625 658
f 624 658 657
f 625 626 659
f 625 659 658
f 626 627 660
f 626 660 659
f 627 628 661
f 627 661 660
f 628 629 662
f 628 662 661
f 631 632 663
f 632 633 664
f 632 664 663
f 633 634 665
f 633 665 664
f 634 635 666
f 634 666 665
f 635 636 667
f 635 667 666
f 636 637 668
f 636 668 667
f 637 638 669
f 637 669 668
f 638 639 670
f 638 670 669
f 639 640 671
f 639 671 670
f 640 641 672
f 640 672 671
f 641 642 673
f 641 673 672
f 642 643 674
f 642 674 673
f 643 644 675
f 643 675 674
f 644 645 676
f 644 676 675
f 645 646 677
f 645 677 676
f 646 647 678
f 646 678 677
f 647 648 679
f 647 679 678
f 648 649 680
f 648 680 679
f 649 650 681
f 649 681 680
f 650 618 651
f 650 651 681
f 651 652 683
f 651 683 682
f 652 653 684
f 652 684 683
f 653 654 685
f 653 685 684
f 654 655 686
f 654 686 685
f 655 656 687
f 655 687 686
f 656 657 688
f 656 688 687
f 657 658 689
f 657 689 688
f 658 659 690
f 658 690 689
f 659 660 691
f 659 691 690
f 660 661 692
f 660 692 691
f 663 664 693
f 664 665 694
f 664 694 693
f 665 666 695
f 665 695 694
f 666 667 696
f 666 696 695
f 667 668 697
f 667 697 696
f 668 669 698
f 668 698 697
f 669 670 699
f 669 699 698
f 670 671 700
f 670 700 699
f 671 672 701
f 671 701 700
f 672 673 702
f 672 702 701
f 673 674 703
f 673 703 702
f 674 675 704
f 674 704 703
f 675 676 705
f 675 705 704
f 676 677 706
f 676 706 705
f 677 678 707
f 677 707 706
f 678 679 708
f 678 708 707
f 679 680 709
f 679 709 708
f 680 681 710
f 680 710 709
f 681 651 682
f 681 682 710
f 682 683 712
f 682 712 711
f 683 684 713
f 683 713 712
f 684 685 714
f 684 714 713
f 685 686 715
f 685 715 714
f 686 687 716
f 686 716 715
f 687 688 717
f 687 717 716
f 688 689 718
f 688 718 717
f 689 690 719
f 689 719 718
f 690 691 720
f 690 720 719
f 693 694 722
f 693 722 721
f 694 695 723
f 694 723 722
f 695 696 724
f 695 724 723
f 696 697 725
f 696 725 724
f 697 698 726
f 697 726 725
f 698 699 727
f 698 727 726
f 699 700 728
f 699 728 727
f 700 701 729
f 700 729 728
f 701 702 730
f 701 730 729
f 702 703 731
f 702 731 730
f 703 704 732
f 703 732 731
f 704 705 733
f 704 733 732
f 705 706 734
f 705 734 733
f 706 707 735
f 706 735 734
f 707 708 736
f 707 736 735
f 708 709 737
f 708 737 736
f 709 710 738
f 709 738 737
f 710 682 711
f 710 711 738
f 711 712 740
f 711 740 739
f 712 713 741
f 712 741 740
f 713 714 742
f 713 742 741
f 714 715 743
f 714 743 742
f 715 716 744
f 715 744 743
f 716 717 745
f 716 745 744
f 717 718 746
f 717 746 745
f 718 719 747
f 718 747 746
f 719 720 748
f 719 748 747
f 721 722 749
f 722 723 750
f 722 750 749
f 723 724 751
f 723 751 750
f 724 725 752
f 724 752 751
f 725 726 753
f 725 753 752
f 726 727 754
f 726 754 753
f 727 728 755
f 727 755 754
f 728 729 756
f 728 756 755
f 729 730 757
f 729 757 756
f 730 731 758
f 730 758 757
f 731 732 759
f 731 759 758
f 732 733 760
f 732 760 759
f 733 734 761
f 733 761 760
f 734 735 762
f 734 762 761
f 735 736 763
f 735 763 762
f 736 737 764
f 736 764 763
f 737 738 765
f 737 765 764
f 738 711 739
f 738 739 765
f 739 740 767
f 739 767 766
f 740 741 768
f 740 768 767
f 741 742 769
f 741 769 768
f 742 743 770
f 742 770 769
f 743 744 771
f 743 771 770
f 744 745 772
f 744 772 771
f 745 746 773
f 745 773 772
f 746 747 774
f 746 774 773
f 749 750 776
f 749 776 775
f 750 751 777
f 750 777 776
f 751 752 778
f 751 778 777
f 752 753 779
f 752 779 778
f 753 754 780
f 753 780 779
f 754 755 781
f 754 781 780
f 755 756 782
f 755 782 781
f 756 757 783
f 756 783 782
f 757 758 784
f 757 784 783
f 758 759 785
f 758 785 784
f 759 760 786
f 759 786 785
f 760 761 787
f 760 787 786
f 761 762 788
f 761 788 787
f 762 763 789
f 762 789 788
f 763 764 790
f 763 790 789
f 764 765 791
f 764 791 790
f 765 739 766
f 765 766 791
f 766 767 793
f 766 793 792
f 767 768 794
f 767 794 793
f 768 769 795
f 768 795 794
f 769 770 796
f 769 796 795
f 770 771 797
f 770 797 796
f 771 772 798
f 771 798 797
f 772 773 799
f 772 799 798
f 775 776 800
f 776 777 801
f 776 801 800
f 777 778 802
f 777 802 801
f 778 779 803
f 778 803 802
f 779 780 804
f 779 804 803
f 780 781 805
f 780 805 804
f 781 782 806
f 781 806 805
f 782 783 807
f 782 807 806
f 783 784 808
f 783 808 807
f 784 785 809
f 784 809 808
f 785 786 810
f 785 810 809
f 786 787 811
f 786 811 810
f 787 788 812
f 787 812 811
f 788 789 813
f 788 813 812
f 789 790 814
f 789 814 813
f 790 791 815
f 790 815 814
f 791 766 792
f 791 792 815
f 792 793 817
f 792 817 816
f 793 794 818
f 793 818 817
f 794 795 819
f 794 819 818
f 795 796 820
f 795 820 819
f 796 797 821
f 796 821 820
f 797 798 822
f 797 822 821
f 798 799 823
f 798 823 822
f 800 801 825
f 800 825 824
f 801 802 826
f 801 826 825
f 802 803 827
f 802 827 826
f 803 804 828
f 803 828 827
f 804 805 829
f 804 829 828
f 805 806 830
f 805 830 829
f 806 807 831
f 806 831 830
f 807 808 832
f 807 832 831
f 808 809 833
f 808 833 832
f 809 810 834
f 809 834 833
f 810 811 835
f 810 835 834
f 811 812 836
f 811 836 835
f 812 813 837
f 812 837 836
f 813 814 838
f 813 838 837
f 814 815 839
f 814 839 838
f 815 792 816
f 815 816 839
f 816 817 841
f 816 841 840
f 817 818 842
f 817 842 841
f 818 819 843
f 818 843 842
f 819 820 844
f 819 844 843
f 820 821 845
f 820 845 844
f 821 822 846
f 821 846 845
f 822 823 847
f 822 847 846
f 824 825 849
f 824 849 848
f 825 826 850
f 825 850 849
f 826 827 851
f 826 851 850
f 827 828 852
f 827 852 851
f 828 829 853
f 828 853 852
f 829 830 854
f 829 854 853
f 830 831 855
f 830 855 854
f 831 832 856
f 831 856 855
f 832 833 857
f 832 857 856
f 833 834 858
f 833 858 857
f 834 835 859
f 834 859 858
f 835 836 860
f 835 860 859
f 836 837 861
f 836 861 860
f 837 838 862
f 837 862 861
f 838 839 863
f 838 863 862
f 839 816 840
f 839 840 863
f 840 841 865
f 840 865 864
f 841 842 866
f 841 866 865
f 842 843 867
f 842 867 866
f 843 844 868
f 843 868 867
f 844 845 869
f 844 869 868
f 845 846 870
f 845 870 869
f 848 849 872
f 848 872 871
f 849 850 873
f 849 873 872
f 850 851 874
f 850 874 873
f 851 852 875
f 851 875 874
f 852 853 876
f 852 876 875
f 853 854 877
f 853 877 876
f 854 855 878
f 854 878 877
f 855 856 879
f 855 879 878
f 856 857 880
f 856 880 879
f 857 858 881
f 857 881 880
f 858 859 882
f 858 882 881
f 859 860 883
f 859 883 882
f 860 861 884
f 860 884 883
f 861 862 885
f 861 885 884
f 862 863 886
f 862 886 885
f 863 840 864
f 863 864 886
f 864 865 888
f 864 888 887
f 865 866 889
f 865 889 888
f 866 867 890
f 866 890 889
f 867 868 891
f 867 891 890
f 868 869 892
f 868 892 891
f 869 870 893
f 869 893 892
f 871 872 894
f 872 873 895
f 872 895 894
f 873 874 896
f 873 896 895
f 874 875 897
f 874 897 896
f 875 876 898
f 875 898 897
f 876 877 899
f 876 899 898
f 877 878 900
f 877 900 899
f 878 879 901
f 878 901 900
f 879 880 902
f 879 902 901
f 880 881 903
f 880 903 902
f 881 882 904
f 881 904 903
f 882 883 905
f 882 905 904
f 883 884 906
f 883 906 905
f 884 885 907
f 884 907 906
f 885 886 908
f 885 908 907
f 886 864 887
f 886 887 908
f 887 888 910
f 887 910 909
f 888 889 911
f 888 911 910
f 889 890 912
f 889 912 911
f 890 891 913
f 890 913 912
f 891 892 914
f 891 914 913
f 892 893 915
f 892 915 914
f 894 895 917
f 894 917 916
f 895 896 918
f 895 918 917
f 896 897 919
f 896 919 918
f 897 898 920
f 897 920 919
f 898 899 921
f 898 921 920
f 899 900 922
f 899 922 921
f 900 901 923
f 900 923 922
f 901 902 924
f 901 924 923
f 902 903 925
f 902 925 924
f 903 904 926
f 903 926 925
f 904 905 927
f 904 927 926
f 905 906 928
f 905 928 927
f 906 907 929
f 906 929 928
f 907 908 930
f 907 930 929
f 908 887 909
f 908 909 930
f 909 910 932
f 909 932 931
f 910 911 933
f 910 933 932
f 911 912 934
f 911 934 933
f 912 913 935
f 912 935 934
f 913 914 936
f 913 936 935
f 914 915 937
f 914 937 936
f 916 917 939
f 916 939 938
f 917 918 940
f 917 940 939
f 918 919 941
f 918 941 940
f 919 920 942
f 919 942 941
f 920 921 943
f 920 943 942
f 921 922 944
f 921 944 943
f 922 923 945
f 922 945 944
f 923 924 946
f 923 946 945
f 924 925 947
f 924 947 946
f 925 926 948
f 925 948 947
f 926 927 949
f 926 949 948
f 927 928 950
f 927 950 949
f 928 929 951
f 928 951 950
f 929 930 952
f 929 952 951
f 930 909 931
f 930 931 952
f 931 932 954
f 931 954 953
f 932 933 955
f 932 955 954
f 933 934 956
f 933 956 955
f 934 935 957
f 934 957 956
f 935 936 958
f 935 958 957
f 936 937 959
f 936 959 958
f 938 939 960
f 939 940 961
f 939 961 960
f 940 941 962
f 940 962 961
f 941 942 963
f 941 963 962
f 942 943 964
f 942 964 963
f 943 944 965
f 943 965 964
f 944 945 966
f 944 966 965
f 945 946 967
f 945 967 966
f 946 947 968
f 946 968 967
f 947 948 969
f 947 969 968
f 948 949 970
f 948 970 969
f 949 950 971
f 949 971 970
f 950 951 972
f 950 972 971
f 951 952 973
f 951 973 972
f 952 931 953
f 952 953 973
f 953 954 975
f 953 975 974
f 954 955 976
f 954 976 975
f 955 956 977
f 955 977 976
f 956 957 978
f 956 978 977
f 957 958 979
f 957 979 978
f 958 959 980
f 958 980 979
f 960 961 982
f 960 982 981
f 961 962 983
f 961 983 982
f 962 963 984
f 962 984 983
f 963 964 985
f 963 985 984
f 964 965 986
f 964 986 985
f 965 966 987
f 965 987 986
f 966 967 988
f 966 988 987
f 967 968 989
f 967 989 988
f 968 969 990
f 968 990 989
f 969 970 991
f 969 991 990
f 970 971 992
f 970 992 991
f 971 972 993
f 971 993 992
f 972 973 994
f 972 994 993
f 973 953 974
f 973 974 994
f 974 975 996
f 974 996 995
f 975 976 997
f 975 997 996
f 976 977 998
f 976 998 997
f 977 978 999
f 977 999 998
f 978 979 1000
f 978 1000 999
f 981 982 1002
f 981 1002 1001
f 982 983 1003
f 982 1003 1002
f 983 984 1004
f 983 1004 1003
f 984 985 1005
f 984 1005 1004
f 985 986 1006
f 985 1006 1005
f 986 987 1007
f 986 1007 1006
f 987 988 1008
f 987 1008 1007
f 988 989 1009
f 988 1009 1008
f 989 990 1010
f 989 1010 1009
f 990 991 1011
f 990 1011 1010
f 991 992 1012
f 991 1012 1011
f 992 993 1013
f 992 1013 1012
f 993 994 1014
f 993 1014 1013
f 994 974 995
f 994 995 1014
f 995 996 1016
f 995 1016 1015
f 996 997 1017
f 996 1017 1016
f 997 998 1018
f 997 1018 1017
f 998 999 1019
f 998 1019 1018
f 999 1000 1020
f 999 1020 1019
f 1001 1002 1022
f 1001 1022 1021
f 1002 1003 1023
f 1002 1023 1022
f 1003 1004 1024
f 1003 1024 1023
f 1004 1005 1025
f 1004 1025 1024
f 1005 1006 1026
f 1005 1026 1025
f 1006 1007 1027
f 1006 1027 1026
f 1007 1008 1028
f 1007 1028 1027
f 1008 1009 1029
f 1008 1029 1028
f 1009 1010 1030
f 1009 1030 1029
f 1010 1011 1031
f 1010 1031 1030
f 1011 1012 1032
f 1011 1032 1031
f 1012 1013 1033
f 1012 1033 1032
f 1013 1014 1034
f 1013 1034 1033
f 1014 995 1015
f 1014 1015 1034
f 1015 1016 1036
f 1015 1036 1035
f 1016 1017 1037
f 1016 1037 1036
f 1017 1018 1038
f 1017 1038 1037
f 1018 1019 1039
f 1018 1039 1038
f 1019 1020 1040
f 1019 1040 1039
f 1021 1022 1042
f 1021 1042 1041
f 1022 1023 1043
f 1022 1043 1042
f 1023 1024 1044
f 1023 1044 1043
f 1024 1025 1045
f 1024 1045 1044
f 1025 1026 1046
f 1025 1046 1045
f 1026 1027 1047
f 1026 1047 1046
f 1027 1028 1048
f 1027 1048 1047
f 1028 1029 1049
f 1028 1049 1048
f 1029 1030 1050
f 1029 1050 1049
f 1030 1031 1051
f 1030 1051 1050
f 1031 1032 1052
f 1031 1052 1051
f 1032 1033 1053
f 1032 1053 1052
f 1033 1034 1054
f 1033 1054 1053
f 1034 1015 1035
f 1034 1035 1054
f 1035 1036 1056
f 1035 1056 1055
f 1036 1037 1057
f 1036 1057 1056
f 1037 1038 1058
f 1037 1058 1057
f 1038 1039 1059
f 1038 1059 1058
f 1039 1040 1060
f 1039 1060 1059
f 1041 1042 1062
f 1041 1062 1061
f 1042 1043 1063
f 1042 1063 1062
f 1043 1044 1064
f 1043 1064 1063
f 1044 1045 1065
f 1044 1065 1064
f 1045 1046 1066
f 1045 1066 1065
f 1046 1047 1067
f 1046 1067 1066
f 1047 1048 1068
f 1047 1068 1067
f 1048 1049 1069
f 1048 1069 1068
f 1049 1050 1070
f 1049 1070 1069
f 1050 1051 1071
f 1050 1071 1070
f 1051 1052 1072
f 1051 1072 1071
f 1052 1053 1073
f 1052 1073 1072
f 1053 1054 1074
f 1053 1074 1073
f 1054 1035 1055
f 1054 1055 1074
f 1055 1056 1076
f 1055 1076 1075
f 1056 1057 1077
f 1056 1077 1076
f 1057 1058 1078
f 1057 1078 1077
f 1058 1059 1079
f 1058 1079 1078
f 1059 1060 1080
f 1059 1080 1079
f 1061 1062 1082
f 1061 1082 1081
f 1062 1063 1083
f 1062 1083 1082
f 1063 1064 1084
f 1063 1084 1083
f 1064 1065 1085
f 1064 1085 1084
f 1065 1066 1086
f 1065 1086 1085
f 1066 1067 1087
f 1066 1087 1086
f 1067 1068 1088
f 1067 1088 1087
f 1068 1069 1089
f 1068 1089 1088
f 1069 1070 1090
f 1069 1090 1089
f 1070 1071 1091
f 1070 1091 1090
f 1071 1072 1092
f 1071 1092 1091
f 1072 1073 1093
f 1072 1093 1092
f 1073 1074 1094
f 1073 1094 1093
f 1074 1055 1075
f 1074 1075 1094
f 1075 1076 1096
f 1075 1096 1095
f 1076 1077 1097
f 1076 1097 1096
f 1077 1078 1098
f 1077 1098 1097
f 1078 1079 1099
f 1078 1099 1098
f 1079 1080 1100
f 1079 1100 1099
f 1081 1082 1102
f 1081 1102 1101
f 1082 1083 1103
f 1082 1103 1102
f 1083 1084 1104
f 1083 1104 1103
f 1084 1085 1105
f 1084 1105 1104
f 1085 1086 1106
f 1085 1106 1105
f 1086 1087 1107
f 1086 1107 1106
f 1087 1088 1108
f 1087 1108 1107
f 1088 1089 1109
f 1088 1109 1108
f 1089 1090 1110
f 1089 1110 1109
f 1090 1091 1111
f 1090 1111 1110
f 1091 1092 1112
f 1091 1112 1111
f 1092 1093 1113
f 1092 1113 1112
f 1093 1094 1114
f 1093 1114 1113
f 1094 1075 1095
f 1094 1095 1114
f 1095 1096 1116
f 1095 1116 1115
f 1096 1097 1117
f 1096 1117 1116
f 1097 1098 1118
f 1097 1118 1117
f 1098 1099 1119
f 1098 1119 1118
f 1099 1100 1120
f 1099 1120 1119
f 1101 1102 1122
f 1101 1122 1121
f 1102 1103 1123
f 1102 1123 1122
f 1103 1104 1124
f 1103 1124 1123
f 1104 1105 1125
f 1104 1125 1124
f 1105 1106 1126
f 1105 1126 1125
f 1106 1107 1127
f 1106 1127 1126
f 1107 1108 1128
f 1107 1128 1127
f 1108 1109 1129
f 1108 1129 1128
f 1109 1110 1130
f 1109 1130 1129
f 1110 1111 1131
f 1110 1131 1130
f 1111 1112 1132
f 1111 1132 1131
f 1112 1113 1133
f 1112 1133 1132
f 1113 1114 1134
f 1113 1134 1133
f 1114 1095 1115
f 1114 1115 1134
f 1115 1116 1136
f 1115 1136 1135
f 1116 1117 1137
f 1116 1137 1136
f 1117 1118 1138
f 1117 1138 1137
f 1118 1119 1139
f 1118 1139 1138
f 1119 1120 1140
f 1119 1140 1139
f 1121 1122 1142
f 1121 1142 1141
f 1122 1123 1143
f 1122 1143 1142
f 1123 1124 1144
f 1123 1144 1143
f 1124 1125 1145
f 1124 1145 1144
f 1125 1126 1146
f 1125 1146 1145
f 1126 1127 1147
f 1126 1147 1146
f 1127 1128 1148
f 1127 1148 1147
f 1128 1129 1149
f 1128 1149 1148
f 1129 1130 1150
f 1129 1150 1149
f 1130 1131 1151
f 1130 1151 1150
f 1131 1132 1152
f 1131 1152 1151
f 1132 1133 1153
f 1132 1153 1152
f 1133 1134 1154
f 1133 1154 1153
f 1134 1115 1135
f 1134 1135 1154
f 1135 1136 1156
f 1135 1156 1155
f 1136 1137 1157
f 1136 1157 1156
f 1137 1138 1158
f 1137 1158 1157
f 1138 1139 1159
f 1138 1159 1158
f 1139 1140 1160
f 1139 1160 1159
f 1141 1142 1162
f 1141 1162 1161
f 1142 1143 1163
f 1142 1163 1162
f 1143 1144 1164
f 1143 1164 1163
f 1144 1145 1165
f 1144 1165 1164
f 1145 1146 1166
f 1145 1166 1165
f 1146 1147 1167
f 1146 1167 1166
f 1147 1148 1168
f 1147 1168 1167
f 1148 1149 1169
f 1148 1169 1168
f 1149 1150 1170
f 1149 1170 1169
f 1150 1151 1171
f 1150 1171 1170
f 1151 1152 1172
f 1151 1172 1171
f 1152 1153 1173
f 1152 1173 1172
f 1153 1154 1174
f 1153 1174 1173
f 1154 1135 1155
f 1154 1155 1174
f 1155 1156 1176
f 1155 1176 1175
f 1156 1157 1177
f 1156 1177 1176
f 1157 1158 1178
f 1157 1178 1177
f 1158 1159 1179
f 1158 1179 1178
f 1159 1160 1180
f 1159 1180 1179
f 1161 1162 1182
f 1161 1182 1181
f 1162 1163 1183
f 1162 1183 1182
f 1163 1164 1184
f 1163 1184 1183
f 1164 1165 1185
f 1164 1185 1184
f 1165 1166 1186
f 1165 1186 1185
f 1166 1167 1187
f 1166 1187 1186
f 1167 1168 1188
f 1167 1188 1187
f 1168 1169 1189
f 1168 1189 1188
f 1169 1170 1190
f 1169 1190 1189
f 1170 1171 1191
f 1170 1191 1190
f 1171 1172 1192
f 1171 1192 1191
f 1172 1173 1193
f 1172 1193 1192
f 1173 1174 1194
f 1173 1194 1193
f 1174 1155 1175
f 1174 1175 1194
f 1175 1176 1196
f 1175 1196 1195
f 1176 1177 1197
f 1176 1197 1196
f 1177 1178 1198
f 1177 1198 1197
f 1178 1179 1199
f 1178 1199 1198
f 1181 1182 1201
f 1181 1201 1200
f 1182 1183 1202
f 1182 1202 1201
f 1183 1184 1203
f 1183 1203 1202
f 1184 1185 1204
f 1184 1204 1203
f 1185 1186 1205
f 1185 1205 1204
f 1186 1187 1206
f 1186 1206 1205
f 1187 1188 1207
f 1187 1207 1206
f 1188 1189 1208
f 1188 1208 1207
f 1189 1190 1209
f 1189 1209 1208
f 1190 1191 1210
f 1190 1210 1209
f 1191 1192 1211
f 1191 1211 1210
f 1192 1193 1212
f 1192 1212 1211
f 1193 1194 1213
f 1193 1213 1212
f 1194 1175 1195
f 1194 1195 1213
f 1195 1196 1215
f 1195 1215 1214
f 1196 1197 1216
f 1196 1216 1215
f 1197 1198 1217
f 1197 1217 1216
f 1198 1199 1218
f 1198 1218 1217
f 1200 1201 1220
f 1200 1220 1219
f 1201 1202 1221
f 1201 1221 1220
f 1202 1203 1222
f 1202 1222 1221
f 1203 1204 1223
f 1203 1223 1222
f 1204 1205 1224
f 1204 1224 1223
f 1205 1206 1225
f 1205 1225 1224
f 1206 1207 1226
f 1206 1226 1225
f 1207 1208 1227
f 1207 1227 1226
f 1208 1209 1228
f 1208 1228 1227
f 1209 1210 1229
f 1209 1229 1228
f 1210 1211 1230
f 1210 1230 1229
f 1211 1212 1231
f 1211 1231 1230
f 1212 1213 1232
f 1212 1232 1231
f 1213 1195 1214
f 1213 1214 1232
f 1214 1215 1234
f 1214 1234 1233
f 1215 1216 1235
f 1215 1235 1234
f 1216 1217 1236
f 1216 1236 1235
f 1217 1218 1237
f 1217 1237 1236
f 1219 1220 1239
f 1219 1239 1238
f 1220 1221 1240
f 1220 1240 1239
f 1221 1222 1241
f 1221 1241 1240
f 1222 1223 1242
f 1222 1242 1241
f 1223 1224 1243
f 1223 1243 1242
f 1224 1225 1244
f 1224 1244 1243
f 1225 1226 1245
f 1225 1245 1244
f 1226 1227 1246
f 1226 1246 1245
f 1227 1228 1247
f 1227 1247 1246
f 1228 1229 1248
f 1228 1248 1247
f 1229 1230 1249
f 1229 1249 1248
f 1230 1231 1250
f 1230 1250 1249
f 1231 1232 1251
f 1231 1251 1250
f 1232 1214 1233
f 1232 1233 1251
f 1233 1234 1253
f 1233 1253 1252
f 1234 1235 1254
f 1234 1254 1253
f 1235 1236 1255
f 1235 1255 1254
f 1236 1237 1256
f 1236 1256 1255
f 1238 1239 1258
f 1238 1258 1257
f 1239 1240 1259
f 1239 1259 1258
f 1240 1241 1260
f 1240 1260 1259
f 1241 1242 1261
f 1241 1261 1260
f 1242 1243 1262
f 1242 1262 1261
f 1243 1244 1263
f 1243 1263 1262
f 1244 1245 1264
f 1244 1264 1263
f 1245 1246 1265
f 1245 1265 1264
f 1246 1247 1266
f 1246 1266 1265
f 1247 1248 1267
f 1247 1267 1266
f 1248 1249 1268
f 1248 1268 1267
f 1249 1250 1269
f 1249 1269 1268
f 1250 1251 1270
f 1250 1270 1269
f 1251 1233 1252
f 1251 1252 1270
f 1252 1253 1272
f 1252 1272 1271
f 1253 1254 1273
f 1253 1273 1272
f 1254 1255 1274
f 1254 1274 1273
f 1255 1256 1275
f 1255 1275 1274
f 1257 1258 1277
f 1257 1277 1276
f 1258 1259 1278
f 1258 1278 1277
f 1259 1260 1279
f 1259 1279 1278
f 1260 1261 1280
f 1260 1280 1279
f 1261 1262 1281
f 1261 1281 1280
f 1262 1263 1282
f 1262 1282 1281
f 1263 1264 1283
f 1263 1283 1282
f 1264 1265 1284
f 1264 1284 1283
f 1265 1266 1285
f 1265 1285 1284
f 1266 1267 1286
f 1266 1286 1285
f 1267 1268 1287
f 1267 1287 1286
f 1268 1269 1288
f 1268 1288 1287
f 1269 1270 1289
f 1269 1289 1288
f 1270 1252 1271
f 1270 1271 1289
f 1271 1272 1291
f 1271 1291 1290
f 1272 1273 1292
f 1272 1292 1291
f 1273 1274 1293
f 1273 1293 1292
f 1274 1275 1294
f 1274 1294 1293
f 1276 1277 1296
f 1276 1296 1295
f 1277 1278 1297
f 1277 1297 1296
f 1278 1279 1298
f 1278 1298 1297
f 1279 1280 1299
f 1279 1299 1298
f 1280 1281 1300
f 1280 1300 1299
f 1281 1282 1301
f 1281 1301 1300
f 1282 1283 1302
f 1282 1302 1301
f 1283 1284 1303
f 1283 1303 1302
f 1284 1285 1304
f 1284 1304 1303
f 1285 1286 1305
f 1285 1305 1304
f 1286 1287 1306
f 1286 1306 1305
f 1287 1288 1307
f 1287 1307 1306
f 1288 1289 1308
f 1288 1308 1307
f 1289 1271 1290
f 1289 1290 1308
f 1290 1291 1310
f 1290 1310 1309
f 1291 1292 1311
f 1291 1311 1310
f 1292 1293 1312
f 1292 1312 1311
f 1293 1294 1313
f 1293 1313 1312
f 1295 1296 1315
f 1295 1315 1314
f 1296 1297 1316
f 1296 1316 1315
f 1297 1298 1317
f 1297 1317 1316
f 1298 1299 1318
f 1298 1318 1317
f 1299 1300 1319
f 1299 1319 1318
f 1300 1301 1320
f 1300 1320 1319
f 1301 1302 1321
f 1301 1321 1320
f 1302 1303 1322
f 1302 1322 1321
f 1303 1304 1323
f 1303 1323 1322
f 1304 1305 1324
f 1304 1324 1323
f 1305 1306 1325
f 1305 1325 1324
f 1306 1307 1326
f 1306 1326 1325
f 1307 1308 1327
f 1307 1327 1326
f 1308 1290 1309
f 1308 1309 1327
f 1309 1310 1329
f 1309 1329 1328
f 1310 1311 1330
f 1310 1330 1329
f 1311 1312 1331
f 1311 1331 1330
f 1312 1313 1332
f 1312 1332 1331
f 1314 1315 1334
f 1314 1334 1333
f 1315 1316 1335
f 1315 1335 1334
f 1316 1317 1336
f 1316 1336 1335
f 1317 1318 1337
f 1317 1337 1336
f 1318 1319 1338
f 1318 1338 1337
f 1319 1320 1339
f 1319 1339 1338
f 1320 1321 1340
f 1320 1340 1339
f 1321 1322 1341
f 1321 1341 1340
f 1322 1323 1342
f 1322 1342 1341
f 1323 1324 1343
f 1323 1343 1342
f 1324 1325 1344
f 1324 1344 1343
f 1325 1326 1345
f 1325 1345 1344
f 1326 1327 1346
f 1326 1346 1345
f 1327 1309 1328
f 1327 1328 1346
f 1328 1329 1348
f 1328 1348 1347
f 1329 1330 1349
f 1329 1349 1348
f 1330 1331 1350
f 1330 1350 1349
f 1331 1332 1351
f 1331 1351 1350
f 1333 1334 1353
f 1333 1353 1352
f 1334 1335 1354
f 1334 1354 1353
f 1335 1336 1355
f 1335 1355 1354
f 1336 1337 1356
f 1336 1356 1355
f 1337 1338 1357
f 1337 1357 1356
f 1338 1339 1358
f 1338 1358 1357
f 1339 1340 1359
f 1339 1359 1358
f 1340 1341 1360
f 1340 1360 1359
f 1341 1342 1361
f 1341 1361 1360
f 1342 1343 1362
f 1342 1362 1361
f 1343 1344 1363
f 1343 1363 1362
f 1344 1345 1364
f 1344 1364 1363
f 1345 1346 1365
f 1345 1365 1364
f 1346 1328 1347
f 1346 1347 1365
f 1347 1348 1367
f 1347 1367 1366
f 1348 1349 1368
f 1348 1368 1367
f 1349 1350 1369
f 1349 1369 1368
f 1350 1351 1370
f 1350 1370 1369
f 1352 1353 1372
f 1352 1372 1371
f 1353 1354 1373
f 1353 1373 1372
f 1354 1355 1374
f 1354 1374 1373
f 1355 1356 1375
f 1355 1375 1374
f 1356 1357 1376
f 1356 1376 1375
f 1357 1358 1377
f 1357 1377 1376
f 1358 1359 1378
f 1358 1378 1377
f 1359 1360 1379
f 1359 1379 1378
f 1360 1361 1380
f 1360 1380 1379
f 1361 1362 1381
f 1361 1381 1380
f 1362 1363 1382
f 1362 1382 1381
f 1363 1364 1383
f 1363 1383 1382
f 1364 1365 1384
f 1364 1384 1383
f 1365 1347 1366
f 1365 1366 1384
f 1366 1367 1386
f 1366 1386 1385
f 1367 1368 1387
f 1367 1387 1386
f 1368 1369 1388
f 1368 1388 1387
f 1369 1370 1389
f 1369 1389 1388
f 1371 1372 1391
f 1371 1391 1390
f 1372 1373 1392
f 1372 1392 1391
f 1373 1374 1393
f 1373 1393 1392
f 1374 1375 1394
f 1374 1394 1393
f 1375 1376 1395
f 1375 1395 1394
f 1376 1377 1396
f 1376 1396 1395
f 1377 1378 1397
f 1377 1397 1396
f 1378 1379 1398
f 1378 1398 1397
f 1379 1380 1399
f 1379 1399 1398
f 1380 1381 1400
f 1380 1400 1399
f 1381 1382 1401
f 1381 1401 1400
f 1382 1383 1402
f 1382 1402 1401
f 1383 1384 1403
f 1383 1403 1402
f 1384 1366 1385
f 1384 1385 1403
f 1385 1386 1405
f 1385 1405 1404
f 1386 1387 1406
f 1386 1406 1405
f 1387 1388 1407
f 1387 1407 1406
f 1388 1389 1408
f 1388 1408 1407
f 1390 1391 1410
f 1390 1410 1409
f 1391 1392 1411
f 1391 1411 1410
f 1392 1393 1412
f 1392 1412 1411
f 1393 1394 1413
f 1393 1413 1412
f 1394 1395 1414
f 1394 1414 1413
f 1395 1396 1415
f 1395 1415 1414
f 1396 1397 1416
f 1396 1416 1415
f 1397 1398 1417
f 1397 1417 1416
f 1398 1399 1418
f 1398 1418 1417
f 1399 1400 1419
f 1399 1419 1418
f 1400 1401 1420
f 1400 1420 1419
f 1401 1402 1421
f 1401 1421 1420
f 1402 1403 1422
f 1402 1422 1421
f 1403 1385 1404
f 1403 1404 1422
f 1404 1405 1424
f 1404 1424 1423
f 1405 1406 1425
f 1405 1425 1424
f 1406 1407 1426
f 1406 1426 1425
f 1407 1408 1427
f 1407 1427 1426
f 1409 1410 1429
f 1409 1429 1428
f 1410 1411 1430
f 1410 1430 1429
f 1411 1412 1431
f 1411 1431 1430
f 1412 1413 1432
f 1412 1432 1431
f 1413 1414 1433
f 1413 1433 1432
f 1414 1415 1434
f 1414 1434 1433
f 1415 1416 1435
f 1415 1435 1434
f 1416 1417 1436
f 1416 1436 1435
f 1417 1418 1437
f 1417 1437 1436
f 1418 1419 1438
f 1418 1438 1437
f 1419 1420 1439
f 1419 1439 1438
f 1420 1421 1440
f 1420 1440 1439
f 1421 1422 1441
f 1421 1441 1440
f 1422 1404 1423
f 1422 1423 1441
f 1423 1424 1443
f 1423 1443 1442
f 1424 1425 1444
f 1424 1444 1443
f 1425 1426 1445
f 1425 1445 1444
f 1426 1427 1446
f 1426 1446 1445
f 1428 1429 1448
f 1428 1448 1447
f 1429 1430 1449
f 1429 1449 1448
f 1430 1431 1450
f 1430 1450 1449
f 1431 1432 1451
f 1431 1451 1450
f 1432 1433 1452
f 1432 1452 1451
f 1433 1434 1453
f 1433 1453 1452
f 1434 1435 1454
f 1434 1454 1453
f 1435 1436 1455
f 1435 1455 1454
f 1436 1437 1456
f 1436 1456 1455
f 1437 1438 1457
f 1437 1457 1456
f 1438 1439 1458
f 1438 1458 1457
f 1439 1440 1459
f 1439 1459 1458
f 1440 1441 1460
f 1440 1460 1459
f 1441 1423 1442
f 1441 1442 1460
f 1442 1443 1462
f 1442 1462 1461
f 1443 1444 1463
f 1443 1463 1462
f 1444 1445 1464
f 1444 1464 1463
f 1445 1446 1465
f 1445 1465 1464
f 1447 1448 1467
f 1447 1467 1466
f 1448 1449 1468
f 1448 1468 1467
f 1449 1450 1469
f 1449 1469 1468
f 1450 1451 1470
f 1450 1470 1469
f 1451 1452 1471
f 1451 1471 1470
f 1452 1453 1472
f 1452 1472 1471
f 1453 1454 1473
f 1453 1473 1472
f 1454 1455 1474
f 1454 1474 1473
f 1455 1456 1475
f 1455 1475 1474
f 1456 1457 1476
f 1456 1476 1475
f 1457 1458 1477
f 1457 1477 1476
f 1458 1459 1478
f 1458 1478 1477
f 1459 1460 1479
f 1459 1479 1478
f 1460 1442 1461
f 1460 1461 1479
f 1461 1462 1481
f 1461 1481 1480
f 1462 1463 1482
f 1462 1482 1481
f 1463 1464 1483
f 1463 1483 1482
f 1464 1465 1484
f 1464 1484 1483
f 1466 1467 1486
f 1466 1486 1485
f 1467 1468 1487
f 1467 1487 1486
f 1468 1469 1488
f 1468 1488 1487
f 1469 1470 1489
f 1469 1489 1488
f 1470 1471 1490
f 1470 1490 1489
f 1471 1472 1491
f 1471 1491 1490
f 1472 1473 1492
f 1472 1492 1491
f 1473 1474 1493
f 1473 1493 1492
f 1474 1475 1494
f 1474 1494 1493
f 1475 1476 1495
f 1475 1495 1494
f 1476 1477 1496
f 1476 1496 1495
f 1477 1478 1497
f 1477 1497 1496
f 1478 1479 1498
f 1478 1498 1497
f 1479 1461 1480
f 1479 1480 1498
f 1480 1481 1500
f 1480 1500 1499
f 1481 1482 1501
f 1481 1501 1500
f 1482 1483 1502
f 1482 1502 1501
f 1483 1484 1503
f 1483 1503 1502
f 1485 1486 1505
f 1485 1505 1504
f 1486 1487 1506
f 1486 1506 1505
f 1487 1488 1507
f 1487 1507 1506
f 1488 1489 1508
f 1488 1508 1507
f 1489 1490 1509
f 1489 1509 1508
f 1490 1491 1510
f 1490 1510 1509
f 1491 1492 1511
f 1491 1511 1510
f 1492 1493 1512
f 1492 1512 1511
f 1493 1494 1513
f 1493 1513 1512
f 1494 1495 1514
f 1494 1514 1513
f 1495 1496 1515
f 1495 1515 1514
f 1496 1497 1516
f 1496 1516 1515
f 1497 1498 1517
f 1497 1517 1516
f 1498 1480 1499
f 1498 1499 1517
f 1499 1500 1519
f 1499 1519 1518
f 1500 1501 1520
f 1500 1520 1519
f 1501 1502 1521
f 1501 1521 1520
f 1502 1503 1522
f 1502 1522 1521
f 1504 1505 1524
f 1504 1524 1523
f 1505 1506 1525
f 1505 1525 1524
f 1506 1507 1526
f 1506 1526 1525
f 1507 1508 1527
f 1507 1527 1526
f 1508 1509 1528
f 1508 1528 1527
f 1509 1510 1529
f 1509 1529 1528
f 1510 1511 1530
f 1510 1530 1529
f 1511 1512 1531
f 1511 1531 1530
f 1512 1513 1532
f 1512 1532 1531
f 1513 1514 1533
f 1513 1533 1532
f 1514 1515 1534
f 1514 1534 1533
f 1515 1516 1535
f 1515 1535 1534
f 1516 1517 1536
f 1516 1536 1535
f 1517 1499 1518
f 1517 1518 1536
f 1518 1519 1538
f 1518 1538 1537
f 1519 1520 1539
f 1519 1539 1538
f 1520 1521 1540
f 1520 1540 1539
f 1521 1522 1541
f 1521 1541 1540
f 1523 1524 1543
f 1523 1543 1542
f 1524 1525 1544
f 1524 1544 1543
f 1525 1526 1545
f 1525 1545 1544
f 1526 1527 1546
f 1526 1546 1545
f 1527 1528 1547
f 1527 1547 1546
f 1528 1529 1548
f 1528 1548 1547
f 1529 1530 1549
f 1529 1549 1548
f 1530 1531 1550
f 1530 1550 1549
f 1531 1532 1551
f 1531 1551 1550
f 1532 1533 1552
f 1532 1552 1551
f 1533 1534 1553
f 1533 1553 1552
f 1534 1535 1554
f 1534 1554 1553
f 1535 1536 1555
f 1535 1555 1554
f 1536 1518 1537
f 1536 1537 1555
f 1537 1538 1557
f 1537 1557 1556
f 1538 1539 1558
f 1538 1558 1557
f 1539 1540 1559
f 1539 1559 1558
f 1540 1541 1560
f 1540 1560 1559
f 1542 1543 1562
f 1542 1562 1561
f 1543 1544 1563
f 1543 1563 1562
f 1544 1545 1564
f 1544 1564 1563
f 1545 1546 1565
f 1545 1565 1564
f 1546 1547 1566
f 1546 1566 1565
f 1547 1548 1567
f 1547 1567 1566
f 1548 1549 1568
f 1548 1568 1567
f 1549 1550 1569
f 1549 1569 1568
f 1550 1551 1570
f 1550 1570 1569
f 1551 1552 1571
f 1551 1571 1570
f 1552 1553 1572
f 1552 1572 1571
f 1553 1554 1573
f 1553 1573 1572
f 1554 1555 1574
f 1554 1574 1573
f 1555 1537 1556
f 1555 1556 1574
f 1556 1557 1576
f 1556 1576 1575
f 1557 1558 1577
f 1557 1577 1576
f 1558 1559 1578
f 1558 1578 1577
f 1559 1560 1579
f 1559 1579 1578
f 1560 1580 1579
f 1561 1562 1582
f 1561 1582 1581
f 1562 1563 1583
f 1562 1583 1582
f 1563 1564 1584
f 1563 1584 1583
f 1564 1565 1585
f 1564 1585 1584
f 1565 1566 1586
f 1565 1586 1585
f 1566 1567 1587
f 1566 1587 1586
f 1567 1568 1588
f 1567 1588 1587
f 1568 1569 1589
f 1568 1589 1588
f 1569 1570 1590
f 1569 1590 1589
f 1570 1571 1591
f 1570 1591 1590
f 1571 1572 1592
f 1571 1592 1591
f 1572 1573 1593
f 1572 1593 1592
f 1573 1574 1594
f 1573 1594 1593
f 1574 1556 1575
f 1574 1575 1594
f 1575 1576 1596
f 1575 1596 1595
f 1576 1577 1597
f 1576 1597 1596
f 1577 1578 1598
f 1577 1598 1597
f 1578 1579 1599
f 1578 1599 1598
f 1579 1580 1600
f 1579 1600 1599
f 1581 1582 1602
f 1581 1602 1601
f 1582 1583 1603
f 1582 1603 1602
f 1583 1584 1604
f 1583 1604 1603
f 1584 1585 1605
f 1584 1605 1604
f 1585 1586 1606
f 1585 1606 1605
f 1586 1587 1607
f 1586 1607 1606
f 1587 1588 1608
f 1587 1608 1607
f 1588 1589 1609
f 1588 1609 1608
f 1589 1590 1610
f 1589 1610 1609
f 1590 1591 1611
f 1590 1611 1610
f 1591 1592 1612
f 1591 1612 1611
f 1592 1593 1613
f 1592 1613 1612
f 1593 1594 1614
f 1593 1614 1613
f 1594 1575 1595
f 1594 1595 1614
f 1595 1596 1616
f 1595 1616 1615
f 1596 1597 1617
f 1596 1617 1616
f 1597 1598 1618
f 1597 1618 1617
f 1598 1599 1619
f 1598 1619 1618
f 1599 1600 1620
f 1599 1620 1619
f 1601 1602 1622
f 1601 1622 1621
f 1602 1603 1623
f 1602 1623 1622
f 1603 1604 1624
f 1603 1624 1623
f 1604 1605 1625
f 1604 1625 1624
f 1605 1606 1626
f 1605 1626 1625
f 1606 1607 1627
f 1606 1627 1626
f 1607 1608 1628
f 1607 1628 1627
f 1608 1609 1629
f 1608 1629 1628
f 1609 1610 1630
f 1609 1630 1629
f 1610 1611 1631
f 1610 1631 1630
f 1611 1612 1632
f 1611 1632 1631
f 1612 1613 1633
f 1612 1633 1632
f 1613 1614 1634
f 1613 1634 1633
f 1614 1595 1615
f 1614 1615 1634
f 1615 1616 1636
f 1615 1636 1635
f 1616 1617 1637
f 1616 1637 1636
f 1617 1618 1638
f 1617 1638 1637
f 1618 1619 1639
f 1618 1639 1638
f 1619 1620 1640
f 1619 1640 1639
f 1621 1622 1642
f 1621 1642 1641
f 1622 1623 1643
f 1622 1643 1642
f 1623 1624 1644
f 1623 1644 1643
f 1624 1625 1645
f 1624 1645 1644
f 1625 1626 1646
f 1625 1646 1645
f 1626 1627 1647
f 1626 1647 1646
f 1627 1628 1648
f 1627 1648 1647
f 1628 1629 1649
f 1628 1649 1648
f 1629 1630 1650
f 1629 1650 1649
f 1630 1631 1651
f 1630 1651 1650
f 1631 1632 1652
f 1631 1652 1651
f 1632 1633 1653
f 1632 1653 1652
f 1633 1634 1654
f 1633 1654 1653
f 1634 1615 1635
f 1634 1635 1654
f 1635 1636 1656
f 1635 1656 1655
f 1636 1637 1657
f 1636 1657 1656
f 1637 1638 1658
f 1637 1658 1657
f 1638 1639 1659
f 1638 1659 1658
f 1639 1640 1660
f 1639 1660 1659
f 1641 1642 1662
f 1641 1662 1661
f 1642 1643 1663
f 1642 1663 1662
f 1643 1644 1664
f 1643 1664 1663
f 1644 1645 1665
f 1644 1665 1664
f 1645 1646 1666
f 1645 1666 1665
f 1646 1647 1667
f 1646 1667 1666
f 1647 1648 1668
f 1647 1668 1667
f 1648 1649 1669
f 1648 1669 1668
f 1649 1650 1670
f 1649 1670 1669
f 1650 1651 1671
f 1650 1671 1670
f 1651 1652 1672
f 1651 1672 1671
f 1652 1653 1673
f 1652 1673 1672
f 1653 1654 1674
f 1653 1674 1673
f 1654 1635 1655
f 1654 1655 1674
f 1655 1656 1676
f 1655 1676 1675
f 1656 1657 1677
f 1656 1677 1676
f 1657 1658 1678
f 1657 1678 1677
f 1658 1659 1679
f 1658 1679 1678
f 1659 1660 1680
f 1659 1680 1679
f 1660 1681 1680
f 1661 1662 1683
f 1661 1683 1682
f 1662 1663 1684
f 1662 1684 1683
f 1663 1664 1685
f 1663 1685 1684
f 1664 1665 1686
f 1664 1686 1685
f 1665 1666 1687
f 1665 1687 1686
f 1666 1667 1688
f 1666 1688 1687
f 1667 1668 1689
f 1667 1689 1688
f 1668 1669 1690
f 1668 1690 1689
f 1669 1670 1691
f 1669 1691 1690
f 1670 1671 1692
f 1670 1692 1691
f 1671 1672 1693
f 1671 1693 1692
f 1672 1673 1694
f 1672 1694 1693
f 1673 1674 1695
f 1673 1695 1694
f 1674 1655 1675
f 1674 1675 1695
f 1675 1676 1697
f 1675 1697 1696
f 1676 1677 1698
f 1676 1698 1697
f 1677 1678 1699
f 1677 1699 1698
f 1678 1679 1700
f 1678 1700 1699
f 1679 1680 1701
f 1679 1701 1700
f 1680 1681 1702
f 1680 1702 1701
f 1682 1683 1704
f 1682 1704 1703
f 1683 1684 1705
f 1683 1705 1704
f 1684 1685 1706
f 1684 1706 1705
f 1685 1686 1707
f 1685 1707 1706
f 1686 1687 1708
f 1686 1708 1707
f 1687 1688 1709
f 1687 1709 1708
f 1688 1689 1710
f 1688 1710 1709
f 1689 1690 1711
f 1689 1711 1710
f 1690 1691 1712
f 1690 1712 1711
f 1691 1692 1713
f 1691 1713 1712
f 1692 1693 1714
f 1692 1714 1713
f 1693 1694 1715
f 1693 1715 1714
f 1694 1695 1716
f 1694 1716 1715
f 1695 1675 1696
f 1695 1696 1716
f 1696 1697 1718
f 1696 1718 1717
f 1697 1698 1719
f 1697 1719 1718
f 1698 1699 1720
f 1698 1720 1719
f 1699 1700 1721
f 1699 1721 1720
f 1700 1701 1722
f 1700 1722 1721
f 1701 1702 1723
f 1701 1723 1722
f 1702 1724 1723
f 1703 1704 1726
f 1703 1726 1725
f 1704 1705 1727
f 1704 1727 1726
f 1705 1706 1728
f 1705 1728 1727
f 1706 1707 1729
f 1706 1729 1728
f 1707 1708 1730
f 1707 1730 1729
f 1708 1709 1731
f 1708 1731 1730
f 1709 1710 1732
f 1709 1732 1731
f 1710 1711 1733
f 1710 1733 1732
f 1711 1712 1734
f 1711 1734 1733
f 1712 1713 1735
f 1712 1735 1734
f 1713 1714 1736
f 1713 1736 1735
f 1714 1715 1737
f 1714 1737 1736
f 1715 1716 1738
f 1715 1738 1737
f 1716 1696 1717
f 1716 1717 1738
f 1717 1718 1740
f 1717 1740 1739
f 1718 1719 1741
f 1718 1741 1740
f 1719 1720 1742
f 1719 1742 1741
f 1720 1721 1743
f 1720 1743 1742
f 1721 1722 1744
f 1721 1744 1743
f 1722 1723 1745
f 1722 1745 1744
f 1723 1724 1746
f 1723 1746 1745
f 1725 1726 1748
f 1725 1748 1747
f 1726 1727 1749
f 1726 1749 1748
f 1727 1728 1750
f 1727 1750 1749
f 1728 1729 1751
f 1728 1751 1750
f 1729 1730 1752
f 1729 1752 1751
f 1730 1731 1753
f 1730 1753 1752
f 1731 1732 1754
f 1731 1754 1753
f 1732 1733 1755
f 1732 1755 1754
f 1733 1734 1756
f 1733 1756 1755
f 1734 1735 1757
f 1734 1757 1756
f 1735 1736 1758
f 1735 1758 1757
f 1736 1737 1759
f 1736 1759 1758
f 1737 1738 1760
f 1737 1760 1759
f 1738 1717 1739
f 1738 1739 1760
f 1739 1740 1762
f 1739 1762 1761
f 1740 1741 1763
f 1740 1763 1762
f 1741 1742 1764
f 1741 1764 1763
f 1742 1743 1765
f 1742 1765 1764
f 1743 1744 1766
f 1743 1766 1765
f 1744 1745 1767
f 1744 1767 1766
f 1745 1746 1768
f 1745 1768 1767
f 1746 1769 1768
f 1747 1748 1771
f 1747 1771 1770
f 1748 1749 1772
f 1748 1772 1771
f 1749 1750 1773
f 1749 1773 1772
f 1750 1751 1774
f 1750 1774 1773
f 1751 1752 1775
f 1751 1775 1774
f 1752 1753 1776
f 1752 1776 1775
f 1753 1754 1777
f 1753 1777 1776
f 1754 1755 1778
f 1754 1778 1777
f 1755 1756 1779
f 1755 1779 1778
f 1756 1757 1780
f 1756 1780 1779
f 1757 1758 1781
f 1757 1781 1780
f 1758 1759 1782
f 1758 1782 1781
f 1759 1760 1783
f 1759 1783 1782
f 1760 1739 1761
f 1760 1761 1783
f 1761 1762 1785
f 1761 1785 1784
f 1762 1763 1786
f 1762 1786 1785
f 1763 1764 1787
f 1763 1787 1786
f 1764 1765 1788
f 1764 1788 1787
f 1765 1766 1789
f 1765 1789 1788
f 1766 1767 1790
f 1766 1790 1789
f 1767 1768 1791
f 1767 1791 1790
f 1768 1769 1792
f 1768 1792 1791
f 1770 1771 1794
f 1770 1794 1793
f 1771 1772 1795
f 1771 1795 1794
f 1772 1773 1796
f 1772 1796 1795
f 1773 1774 1797
f 1773 1797 1796
f 1774 1775 1798
f 1774 1798 1797
f 1775 1776 1799
f 1775 1799 1798
f 1776 1777 1800
f 1776 1800 1799
f 1777 1778 1801
f 1777 1801 1800
f 1778 1779 1802
f 1778 1802 1801
f 1779 1780 1803
f 1779 1803 1802
f 1780 1781 1804
f 1780 1804 1803
f 1781 1782 1805
f 1781 1805 1804
f 1782 1783 1806
f 1782 1806 1805
f 1783 1761 1784
f 1783 1784 1806
f 1784 1785 1808
f 1784 1808 1807
f 1785 1786 1809
f 1785 1809 1808
f 1786 1787 1810
f 1786 1810 1809
f 1787 1788 1811
f 1787 1811 1810
f 1788 1789 1812
f 1788 1812 1811
f 1789 1790 1813
f 1789 1813 1812
f 1790 1791 1814
f 1790 1814 1813
f 1791 1792 1815
f 1791 1815 1814
f 1792 1816 1815
f 1793 1794 1818
f 1793 1818 1817
f 1794 1795 1819
f 1794 1819 1818
f 1795 1796 1820
f 1795 1820 1819
f 1796 1797 1821
f 1796 1821 1820
f 1797 1798 1822
f 1797 1822 1821
f 1798 1799 1823
f 1798 1823 1822
f 1799 1800 1824
f 1799 1824 1823
f 1800 1801 1825
f 1800 1825 1824
f 1801 1802 1826
f 1801 1826 1825
f 1802 1803 1827
f 1802 1827 1826
f 1803 1804 1828
f 1803 1828 1827
f 1804 1805 1829
f 1804 1829 1828
f 1805 1806 1830
f 1805 1830 1829
f 1806 1784 1807
f 1806 1807 1830
f 1807 1808 1832
f 1807 1832 1831
f 1808 1809 1833
f 1808 1833 1832
f 1809 1810 1834
f 1809 1834 1833
f 1810 1811 1835
f 1810 1835 1834
f 1811 1812 1836
f 1811 1836 1835
f 1812 1813 1837
f 1812 1837 1836
f 1813 1814 1838
f 1813 1838 1837
f 1814 1815 1839
f 1814 1839 1838
f 1815 1816 1840
f 1815 1840 1839
f 1816 1841 1840
f 1817 1818 1843
f 1817 1843 1842
f 1818 1819 1844
f 1818 1844 1843
f 1819 1820 1845
f 1819 1845 1844
f 1820 1821 1846
f 1820 1846 1845
f 1821 1822 1847
f 1821 1847 1846
f 1822 1823 1848
f 1822 1848 1847
f 1823 1824 1849
f 1823 1849 1848
f 1824 1825 1850
f 1824 1850 1849
f 1825 1826 1851
f 1825 1851 1850
f 1826 1827 1852
f 1826 1852 1851
f 1827 1828 1853
f 1827 1853 1852
f 1828 1829 1854
f 1828 1854 1853
f 1829 1830 1855
f 1829 1855 1854
f 1830 1807 1831
f 1830 1831 1855
f 1831 1832 1857
f 1831 1857 1856
f 1832 1833 1858
f 1832 1858 1857
f 1833 1834 1859
f 1833 1859 1858
f 1834 1835 1860
f 1834 1860 1859
f 1835 1836 1861
f 1835 1861 1860
f 1836 1837 1862
f 1836 1862 1861
f 1837 1838 1863
f 1837 1863 1862
f 1838 1839 1864
f 1838 1864 1863
f 1839 1840 1865
f 1839 1865 1864
f 1840 1841 1866
f 1840 1866 1865
f 1841 1867 1866
f 1842 1843 1869
f 1842 1869 1868
f 1843 1844 1870
f 1843 1870 1869
f 1844 1845 1871
f 1844 1871 1870
f 1845 1846 1872
f 1845 1872 1871
f 1846 1847 1873
f 1846 1873 1872
f 1847 1848 1874
f 1847 1874 1873
f 1848 1849 1875
f 1848 1875 1874
f 1849 1850 1876
f 1849 1876 1875
f 1850 1851 1877
f 1850 1877 1876
f 1851 1852 1878
f 1851 1878 1877
f 1852 1853 1879
f 1852 1879 1878
f 1853 1854 1880
f 1853 1880 1879
f 1854 1855 1881
f 1854 1881 1880
f 1855 1831 1856
f 1855 1856 1881
f 1856 1857 1883
f 1856 1883 1882
f 1857 1858 1884
f 1857 1884 1883
f 1858 1859 1885
f 1858 1885 1884
f 1859 1860 1886
f 1859 1886 1885
f 1860 1861 1887
f 1860 1887 1886
f 1861 1862 1888
f 1861 1888 1887
f 1862 1863 1889
f 1862 1889 1888
f 1863 1864 1890
f 1863 1890 1889
f 1864 1865 1891
f 1864 1891 1890
f 1865 1866 1892
f 1865 1892 1891
f 1866 1867 1893
f 1866 1893 1892
f 1867 1894 1893
f 1868 1869 1896
f 1868 1896 1895
f 1869 1870 1897
f 1869 1897 1896
f 1870 1871 1898
f 1870 1898 1897
f 1871 1872 1899
f 1871 1899 1898
f 1872 1873 1900
f 1872 1900 1899
f 1873 1874 1901
f 1873 1901 1900
f 1874 1875 1902
f 1874 1902 1901
f 1875 1876 1903
f 1875 1903 1902
f 1876 1877 1904
f 1876 1904 1903
f 1877 1878 1905
f 1877 1905 1904
f 1878 1879 1906
f 1878 1906 1905
f 1879 1880 1907
f 1879 1907 1906
f 1880 1881 1908
f 1880 1908 1907
f 1881 1856 1882
f 1881 1882 1908
f 1882 1883 1910
f 1882 1910 1909
f 1883 1884 1911
f 1883 1911 1910
f 1884 1885 1912
f 1884 1912 1911
f 1885 1886 1913
f 1885 1913 1912
f 1886 1887 1914
f 1886 1914 1913
f 1887 1888 1915
f 1887 1915 1914
f 1888 1889 1916
f 1888 1916 1915
f 1889 1890 1917
f 1889 1917 1916
f 1890 1891 1918
f 1890 1918 1917
f 1891 1892 1919
f 1891 1919 1918
f 1892 1893 1920
f 1892 1920 1919
f 1893 1894 1921
f 1893 1921 1920
f 1894 1922 1921
f 1895 1896 1925
f 1895 1925 1924
f 1896 1897 1926
f 1896 1926 1925
f 1897 1898 1927
f 1897 1927 1926
f 1898 1899 1928
f 1898 1928 1927
f 1899 1900 1929
f 1899 1929 1928
f 1900 1901 1930
f 1900 1930 1929
f 1901 1902 1931
f 1901 1931 1930
f 1902 1903 1932
f 1902 1932 1931
f 1903 1904 1933
f 1903 1933 1932
f 1904 1905 1934
f 1904 1934 1933
f 1905 1906 1935
f 1905 1935 1934
f 1906 1907 1936
f 1906 1936 1935
f 1907 1908 1937
f 1907 1937 1936
f 1908 1882 1909
f 1908 1909 1937
f 1909 1910 1939
f 1909 1939 1938
f 1910 1911 1940
f 1910 1940 1939
f 1911 1912 1941
f 1911 1941 1940
f 1912 1913 1942
f 1912 1942 1941
f 1913 1914 1943
f 1913 1943 1942
f 1914 1915 1944
f 1914 1944 1943
f 1915 1916 1945
f 1915 1945 1944
f 1916 1917 1946
f 1916 1946 1945
f 1917 1918 1947
f 1917 1947 1946
f 1918 1919 1948
f 1918 1948 1947
f 1919 1920 1949
f 1919 1949 1948
f 1920 1921 1950
f 1920 1950 1949
f 1921 1922 1951
f 1921 1951 1950
f 1922 1923 1952
f 1922 1952 1951
f 1923 1953 1952
f 1924 1925 1956
f 1924 1956 1955
f 1925 1926 1957
f 1925 1957 1956
f 1926 1927 1958
f 1926 1958 1957
f 1927 1928 1959
f 1927 1959 1958
f 1928 1929 1960
f 1928 1960 1959
f 1929 1930 1961
f 1929 1961 1960
f 1930 1931 1962
f 1930 1962 1961
f 1931 1932 1963
f 1931 1963 1962
f 1932 1933 1964
f 1932 1964 1963
f 1933 1934 1965
f 1933 1965 1964
f 1934 1935 1966
f 1934 1966 1965
f 1935 1936 1967
f 1935 1967 1966
f 1936 1937 1968
f 1936 1968 1967
f 1937 1909 1938
f 1937 1938 1968
f 1938 1939 1970
f 1938 1970 1969
f 1939 1940 1971
f 1939 1971 1970
f 1940 1941 1972
f 1940 1972 1971
f 1941 1942 1973
f 1941 1973 1972
f 1942 1943 1974
f 1942 1974 1973
f 1943 1944 1975
f 1943 1975 1974
f 1944 1945 1976
f 1944 1976 1975
f 1945 1946 1977
f 1945 1977 1976
f 1946 1947 1978
f 1946 1978 1977
f 1947 1948 1979
f 1947 1979 1978
f 1948 1949 1980
f 1948 1980 1979
f 1949 1950 1981
f 1949 1981 1980
f 1950 1951 1982
f 1950 1982 1981
f 1951 1952 1983
f 1951 1983 1982
f 1952 1953 1984
f 1952 1984 1983
f 1953 1954 1985
f 1953 1985 1984
f 1954 1986 1985
f 1955 1956 1989
f 1955 1989 1988
f 1956 1957 1990
f 1956 1990 1989
f 1957 1958 1991
f 1957 1991 1990
f 1958 1959 1992
f 1958 1992 1991
f 1959 1960 1993
f 1959 1993 1992
f 1960 1961 1994
f 1960 1994 1993
f 1961 1962 1995
f 1961 1995 1994
f 1962 1963 1996
f 1962 1996 1995
f 1963 1964 1997
f 1963 1997 1996
f 1964 1965 1998
f 1964 1998 1997
f 1965 1966 1999
f 1965 1999 1998
f 1966 1967 2000
f 1966 2000 1999
f 1967 1968 2001
f 1967 2001 2000
f 1968 1938 1969
f 1968 1969 2001
f 1969 1970 2003
f 1969 2003 2002
f 1970 1971 2004
f 1970 2004 2003
f 1971 1972 2005
f 1971 2005 2004
f 1972 1973 2006
f 1972 2006 2005
f 1973 1974 2007
f 1973 2007 2006
f 1974 1975 2008
f 1974 2008 2007
f 1975 1976 2009
f 1975 2009 2008
f 1976 1977 2010
f 1976 2010 2009
f 1977 1978 2011
f 1977 2011 2010
f 1978 1979 2012
f 1978 2012 2011
f 1979 1980 2013
f 1979 2013 2012
f 1980 1981 2014
f 1980 2014 2013
f 1981 1982 2015
f 1981 2015 2014
f 1982 1983 2016
f 1982 2016 2015
f 1983 1984 2017
f 1983 2017 2016
f 1984 1985 2018
f 1984 2018 2017
f 1985 1986 2019
f 1985 2019 2018
f 1986 1987 2020
f 1986 2020 2019
f 1987 2021 2020
f 1988 1989 2025
f 1988 2025 2024
f 1989 1990 2026
f 1989 2026 2025
f 1990 1991 2027
f 1990 2027 2026
f 1991 1992 2028
f 1991 2028 2027
f 1992 1993 2029
f 1992 2029 2028
f 1993 1994 2030
f 1993 2030 2029
f 1994 1995 2031
f 1994 2031 2030
f 1995 1996 2032
f 1995 2032 2031
f 1996 1997 2033
f 1996 2033 2032
f 1997 1998 2034
f 1997 2034 2033
f 1998 1999 2035
f 1998 2035 2034
f 1999 2000 2036
f 1999 2036 2035
f 2000 2001 2037
f 2000 2037 2036
f 2001 1969 2002
f 2001 2002 2037
f 2002 2003 2039
f 2002 2039 2038
f 2003 2004 2040
f 2003 2040 2039
f 2004 2005 2041
f 2004 2041 2040
f 2005 2006 2042
f 2005 2042 2041
f 2006 2007 2043
f 2006 2043 2042
f 2007 2008 2044
f 2007 2044 2043
f 2008 2009 2045
f 2008 2045 2044
f 2009 2010 2046
f 2009 2046 2045
f 2010 2011 2047
f 2010 2047 2046
f 2011 2012 2048
f 2011 2048 2047
f 2012 2013 2049
f 2012 2049 2048
f 2013 2014 2050
f 2013 2050 2049
f 2014 2015 2051
f 2014 2051 2050
f 2015 2016 2052
f 2015 2052 2051
f 2016 2017 2053
f 2016 2053 2052
f 2017 2018 2054
f 2017 2054 2053
f 2018 2019 2055
f 2018 2055 2054
f 2019 2020 2056
f 2019 2056 2055
f 2020 2021 2057
f 2020 2057 2056
f 2021 2022 2058
f 2021 2058 2057
f 2022 2023 2059
f 2022 2059 2058
f 2023 2060 2059
f 2024 2025 2068
f 2024 2068 2067
f 2025 2026 2069
f 2025 2069 2068
f 2026 2027 2070
f 2026 2070 2069
f 2027 2028 2071
f 2027 2071 2070
f 2028 2029 2072
f 2028 2072 2071
f 2029 2030 2073
f 2029 2073 2072
f 2030 2031 2074
f 2030 2074 2073
f 2031 2032 2075
f 2031 2075 2074
f 2032 2033 2076
f 2032 2076 2075
f 2033 2034 2077
f 2033 2077 2076
f 2034 2035 2078
f 2034 2078 2077
f 2035 2036 2079
f 2035 2079 2078
f 2036 2037 2080
f 2036 2080 2079
f 2037 2002 2038
f 2037 2038 2080
f 2038 2039 2082
f 2038 2082 2081
f 2039 2040 2083
f 2039 2083 2082
f 2040 2041 2084
f 2040 2084 2083
f 2041 2042 2085
f 2041 2085 2084
f 2042 2043 2086
f 2042 2086 2085
f 2043 2044 2087
f 2043 2087 2086
f 2044 2045 2088
f 2044 2088 2087
f 2045 2046 2089
f 2045 2089 2088
f 2046 2047 2090
f 2046 2090 2089
f 2047 2048 2091
f 2047 2091 2090
f 2048 2049 2092
f 2048 2092 2091
f 2049 2050 2093
f 2049 2093 2092
f 2050 2051 2094
f 2050 2094 2093
f 2051 2052 2095
f 2051 2095 2094
f 2052 2053 2096
f 2052 2096 2095
f 2053 2054 2097
f 2053 2097 2096
f 2054 2055 2098
f 2054 2098 2097
f 2055 2056 2099
f 2055 2099 2098
f 2056 2057 2100
f 2056 2100 2099
f 2057 2058 2101
f 2057 2101 2100
f 2058 2059 2102
f 2058 2102 2101
f 2059 2060 2103
f 2059 2103 2102
f 2060 2061 2104
f 2060 2104 2103
f 2061 2062 2105
f 2061 2105 2104
f 2062 2063 2106
f 2062 2106 2105
f 2063 2064 2107
f 2063 2107 2106
f 2064 2065 2108
f 2064 2108 2107
f 2065 2066 2109
f 2065 2109 2108
f 2067 2068 2111
f 2067 2111 2110
f 2068 2069 2112
f 2068 2112 2111
f 2069 2070 2113
f 2069 2113 2112
f 2070 2071 2114
f 2070 2114 2113
f 2071 2072 2115
f 2071 2115 2114
f 2072 2073 2116
f 2072 2116 2115
f 2073 2074 2117
f 2073 2117 2116
f 2074 2075 2118
f 2074 2118 2117
f 2075 2076 2119
f 2075 2119 2118
f 2076 2077 2120
f 2076 2120 2119
f 2077 2078 2121
f 2077 2121 2120
f 2078 2079 2122
f 2078 2122 2121
f 2079 2080 2123
f 2079 2123 2122
f 2080 2038 2081
f 2080 2081 2123
f 2081 2082 2125
f 2081 2125 2124
f 2082 2083 2126
f 2082 2126 2125
f 2083 2084 2127
f 2083 2127 2126
f 2084 2085 2128
f 2084 2128 2127
f 2085 2086 2129
f 2085 2129 2128
f 2086 2087 2130
f 2086 2130 2129
f 2087 2088 2131
f 2087 2131 2130
f 2088 2089 2132
f 2088 2132 2131
f 2089 2090 2133
f 2089 2133 2132
f 2090 2091 2134
f 2090 2134 2133
f 2091 2092 2135
f 2091 2135 2134
f 2092 2093 2136
f 2092 2136 2135
f 2093 2094 2137
f 2093 2137 2136
f 2094 2095 2138
f 2094 2138 2137
f 2095 2096 2139
f 2095 2139 2138
f 2096 2097 2140
f 2096 2140 2139
f 2097 2098 2141
f 2097 2141 2140
f 2098 2099 2142
f 2098 2142 2141
f 2099 2100 2143
f 2099 2143 2142
f 2100 2101 2144
f 2100 2144 2143
f 2101 2102 2145
f 2101 2145 2144
f 2102 2103 2146
f 2102 2146 2145
f 2103 2104 2147
f 2103 2147 2146
f 2104 2105 2148
f 2104 2148 2147
f 2105 2106 2149
f 2105 2149 2148
f 2106 2107 2150
f 2106 2150 2149
f 2107 2108 2151
f 2107 2151 2150
f 2108 2109 2152
f 2108 2152 2151
f 2109 2153 2152
f 2110 2111 2155
f 2110 2155 2154
f 2111 2112 2156
f 2111 2156 2155
f 2112 2113 2157
f 2112 2157 2156
f 2113 2114 2158
f 2113 2158 2157
f 2114 2115 2159
f 2114 2159 2158
f 2115 2116 2160
f 2115 2160 2159
f 2116 2117 2161
f 2116 2161 2160
f 2117 2118 2162
f 2117 2162 2161
f 2118 2119 2163
f 2118 2163 2162
f 2119 2120 2164
f 2119 2164 2163
f 2120 2121 2165
f 2120 2165 2164
f 2121 2122 2166
f 2121 2166 2165
f 2122 2123 2167
f 2122 2167 2166
f 2123 2081 2124
f 2123 2124 2167
f 2124 2125 2169
f 2124 2169 2168
f 2125 2126 2170
f 2125 2170 2169
f 2126 2127 2171
f 2126 2171 2170
f 2127 2128 2172
f 2127 2172 2171
f 2128 2129 2173
f 2128 2173 2172
f 2129 2130 2174
f 2129 2174 2173
f 2130 2131 2175
f 2130 2175 2174
f 2131 2132 2176
f 2131 2176 2175
f 2132 2133 2177
f 2132 2177 2176
f 2133 2134 2178
f 2133 2178 2177
f 2134 2135 2179
f 2134 2179 2178
f 2135 2136 2180
f 2135 2180 2179
f 2136 2137 2181
f 2136 2181 2180
f 2137 2138 2182
f 2137 2182 2181
f 2138 2139 2183
f 2138 2183 2182
f 2139 2140 2184
f 2139 2184 2183
f 2140 2141 2185
f 2140 2185 2184
f 2141 2142 2186
f 2141 2186 2185
f 2142 2143 2187
f 2142 2187 2186
f 2143 2144 2188
f 2143 2188 2187
f 2144 2145 2189
f 2144 2189 2188
f 2145 2146 2190
f 2145 2190 2189
f 2146 2147 2191
f 2146 2191 2190
f 2147 2148 2192
f 2147 2192 2191
f 2148 2149 2193
f 2148 2193 2192
f 2149 2150 2194
f 2149 2194 2193
f 2150 2151 2195
f 2150 2195 2194
f 2151 2152 2196
f 2151 2196 2195
f 2152 2153 2197
f 2152 2197 2196
f 2154 2155 2199
f 2154 2199 2198
f 2155 2156 2200
f 2155 2200 2199
f 2156 2157 2201
f 2156 2201 2200
f 2157 2158 2202
f 2157 2202 2201
f 2158 2159 2203
f 2158 2203 2202
f 2159 2160 2204
f 2159 2204 2203
f 2160 2161 2205
f 2160 2205 2204
f 2161 2162 2206
f 2161 2206 2205
f 2162 2163 2207
f 2162 2207 2206
f 2163 2164 2208
f 2163 2208 2207
f 2164 2165 2209
f 2164 2209 2208
f 2165 2166 2210
f 2165 2210 2209
f 2166 2167 2211
f 2166 2211 2210
f 2167 2124 2168
f 2167 2168 2211
f 2168 2169 2213
f 2168 2213 2212
f 2169 2170 2214
f 2169 2214 2213
f 2170 2171 2215
f 2170 2215 2214
f 2171 2172 2216
f 2171 2216 2215
f 2172 2173 2217
f 2172 2217 2216
f 2173 2174 2218
f 2173 2218 2217
f 2174 2175 2219
f 2174 2219 2218
f 2175 2176 2220
f 2175 2220 2219
f 2176 2177 2221
f 2176 2221 2220
f 2177 2178 2222
f 2177 2222 2221
f 2178 2179 2223
f 2178 2223 2222
f 2179 2180 2224
f 2179 2224 2223
f 2180 2181 2225
f 2180 2225 2224
f 2181 2182 2226
f 2181 2226 2225
f 2182 2183 2227
f 2182 2227 2226
f 2183 2184 2228
f 2183 2228 2227
f 2184 2185 2229
f 2184 2229 2228
f 2185 2186 2230
f 2185 2230 2229
f 2186 2187 2231
f 2186 2231 2230
f 2187 2188 2232
f 2187 2232 2231
f 2188 2189 2233
f 2188 2233 2232
f 2189 2190 2234
f 2189 2234 2233
f 2190 2191 2235
f 2190 2235 2234
f 2191 2192 2236
f 2191 2236 2235
f 2192 2193 2237
f 2192 2237 2236
f 2193 2194 2238
f 2193 2238 2237
f 2194 2195 2239
f 2194 2239 2238
f 2195 2196 2240
f 2195 2240 2239
f 2196 2197 2241
f 2196 2241 2240
f 2198 2199 2243
f 2198 2243 2242
f 2199 2200 2244
f 2199 2244 2243
f 2200 2201 2245
f 2200 2245 2244
f 2201 2202 2246
f 2201 2246 2245
f 2202 2203 2247
f 2202 2247 2246
f 2203 2204 2248
f 2203 2248 2247
f 2204 2205 2249
f 2204 2249 2248
f 2205 2206 2250
f 2205 2250 2249
f 2206 2207 2251
f 2206 2251 2250
f 2207 2208 2252
f 2207 2252 2251
f 2208 2209 2253
f 2208 2253 2252
f 2209 2210 2254
f 2209 2254 2253
f 2210 2211 2255
f 2210 2255 2254
f 2211 2168 2212
f 2211 2212 2255
f 2212 2213 2257
f 2212 2257 2256
f 2213 2214 2258
f 2213 2258 2257
f 2214 2215 2259
f 2214 2259 2258
f 2215 2216 2260
f 2215 2260 2259
f 2216 2217 2261
f 2216 2261 2260
f 2217 2218 2262
f 2217 2262 2261
f 2218 2219 2263
f 2218 2263 2262
f 2219 2220 2264
f 2219 2264 2263
f 2220 2221 2265
f 2220 2265 2264
f 2221 2222 2266
f 2221 2266 2265
f 2222 2223 2267
f 2222 2267 2266
f 2223 2224 2268
f 2223 2268 2267
f 2224 2225 2269
f 2224 2269 2268
f 2225 2226 2270
f 2225 2270 2269
f 2226 2227 2271
f 2226 2271 2270
f 2227 2228 2272
f 2227 2272 2271
f 2228 2229 2273
f 2228 2273 2272
f 2229 2230 2274
f 2229 2274 2273
f 2230 2231 2275
f 2230 2275 2274
f 2231 2232 2276
f 2231 2276 2275
f 2232 2233 2277
f 2232 2277 2276
f 2233 2234 2278
f 2233 2278 2277
f 2234 2235 2279
f 2234 2279 2278
f 2235 2236 2280
f 2235 2280 2279
f 2236 2237 2281
f 2236 2281 2280
f 2237 2238 2282
f 2237 2282 2281
f 2238 2239 2283
f 2238 2283 2282
f 2239 2240 2284
f 2239 2284 2283
f 2240 2241 2285
f 2240 2285 2284
f 2242 2243 2287
f 2242 2287 2286
f 2243 2244 2288
f 2243 2288 2287
f 2244 2245 2289
f 2244 2289 2288
f 2245 2246 2290
f 2245 2290 2289
f 2246 2247 2291
f 2246 2291 2290
f 2247 2248 2292
f 2247 2292 2291
f 2248 2249 2293
f 2248 2293 2292
f 2249 2250 2294
f 2249 2294 2293
f 2250 2251 2295
f 2250 2295 2294
f 2251 2252 2296
f 2251 2296 2295
f 2252 2253 2297
f 2252 2297 2296
f 2253 2254 2298
f 2253 2298 2297
f 2254 2255 2299
f 2254 2299 2298
f 2255 2212 2256
f 2255 2256 2299
f 2256 2257 2301
f 2256 2301 2300
f 2257 2258 2302
f 2257 2302 2301
f 2258 2259 2303
f 2258 2303 2302
f 2259 2260 2304
f 2259 2304 2303
f 2260 2261 2305
f 2260 2305 2304
f 2261 2262 2306
f 2261 2306 2305
f 2262 2263 2307
f 2262 2307 2306
f 2263 2264 2308
f 2263 2308 2307
f 2264 2265 2309
f 2264 2309 2308
f 2265 2266 2310
f 2265 2310 2309
f 2266 2267 2311
f 2266 2311 2310
f 2267 2268 2312
f 2267 2312 2311
f 2268 2269 2313
f 2268 2313 2312
f 2269 2270 2314
f 2269 2314 2313
f 2270 2271 2315
f 2270 2315 2314
f 2271 2272 2316
f 2271 2316 2315
f 2272 2273 2317
f 2272 2317 2316
f 2273 2274 2318
f 2273 2318 2317
f 2274 2275 2319
f 2274 2319 2318
f 2275 2276 2320
f 2275 2320 2319
f 2276 2277 2321
f 2276 2321 2320
f 2277 2278 2322
f 2277 2322 2321
f 2278 2279 2323
f 2278 2323 2322
f 2279 2280 2324
f 2279 2324 2323
f 2280 2281 2325
f 2280 2325 2324
f 2281 2282 2326
f 2281 2326 2325
f 2282 2283 2327
f 2282 2327 2326
f 2283 2284 2328
f 2283 2328 2327
f 2284 2285 2329
f 2284 2329 2328
f 2286 2287 2331
f 2286 2331 2330
f 2287 2288 2332
f 2287 2332 2331
f 2288 2289 2333
f 2288 2333 2332
f 2289 2290 2334
f 2289 2334 2333
f 2290 2291 2335
f 2290 2335 2334
f 2291 2292 2336
f 2291 2336 2335
f 2292 2293 2337
f 2292 2337 2336
f 2293 2294 2338
f 2293 2338 2337
f 2294 2295 2339
f 2294 2339 2338
f 2295 2296 2340
f 2295 2340 2339
f 2296 2297 2341
f 2296 2341 2340
f 2297 2298 2342
f 2297 2342 2341
f 2298 2299 2343
f 2298 2343 2342
f 2299 2256 2300
f 2299 2300 2343
f 2300 2301 2345
f 2300 2345 2344
f 2301 2302 2346
f 2301 2346 2345
f 2302 2303 2347
f 2302 2347 2346
f 2303 2304 2348
f 2303 2348 2347
f 2304 2305 2349
f 2304 2349 2348
f 2305 2306 2350
f 2305 2350 2349
f 2306 2307 2351
f 2306 2351 2350
f 2307 2308 2352
f 2307 2352 2351
f 2308 2309 2353
f 2308 2353 2352
f 2309 2310 2354
f 2309 2354 2353
f 2310 2311 2355
f 2310 2355 2354
f 2311 2312 2356
f 2311 2356 2355
f 2312 2313 2357
f 2312 2357 2356
f 2313 2314 2358
f 2313 2358 2357
f 2314 2315 2359
f 2314 2359 2358
f 2315 2316 2360
f 2315 2360 2359
f 2316 2317 2361
f 2316 2361 2360
f 2317 2318 2362
f 2317 2362 2361
f 2318 2319 2363
f 2318 2363 2362
f 2319 2320 2364
f 2319 2364 2363
f 2320 2321 2365
f 2320 2365 2364
f 2321 2322 2366
f 2321 2366 2365
f 2322 2323 2367
f 2322 2367 2366
f 2323 2324 2368
f 2323 2368 2367
f 2324 2325 2369
f 2324 2369 2368
f 2325 2326 2370
f 2325 2370 2369
f 2326 2327 2371
f 2326 2371 2370
f 2327 2328 2372
f 2327 2372 2371
f 2328 2329 2373
f 2328 2373 2372
f 2330 2331 2375
f 2330 2375 2374
f 2331 2332 2376
f 2331 2376 2375
f 2332 2333 2377
f 2332 2377 2376
f 2333 2334 2378
f 2333 2378 2377
f 2334 2335 2379
f 2334 2379 2378
f 2335 2336 2380
f 2335 2380 2379
f 2336 2337 2381
f 2336 2381 2380
f 2337 2338 2382
f 2337 2382 2381
f 2338 2339 2383
f 2338 2383 2382
f 2339 2340 2384
f 2339 2384 2383
f 2340 2341 2385
f 2340 2385 2384
f 2341 2342 2386
f 2341 2386 2385
f 2342 2343 2387
f 2342 2387 2386
f 2343 2300 2344
f 2343 2344 2387
f 2344 2345 2389
f 2344 2389 2388
f 2345 2346 2390
f 2345 2390 2389
f 2346 2347 2391
f 2346 2391 2390
f 2347 2348 2392
f 2347 2392 2391
f 2348 2349 2393
f 2348 2393 2392
f 2349 2350 2394
f 2349 2394 2393
f 2350 2351 2395
f 2350 2395 2394
f 2351 2352 2396
f 2351 2396 2395
f 2352 2353 2397
f 2352 2397 2396
f 2353 2354 2398
f 2353 2398 2397
f 2354 2355 2399
f 2354 2399 2398
f 2355 2356 2400
f 2355 2400 2399
f 2356 2357 2401
f 2356 2401 2400
f 2357 2358 2402
f 2357 2402 2401
f 2358 2359 2403
f 2358 2403 2402
f 2359 2360 2404
f 2359 2404 2403
f 2360 2361 2405
f 2360 2405 2404
f 2361 2362 2406
f 2361 2406 2405
f 2362 2363 2407
f 2362 2407 2406
f 2363 2364 2408
f 2363 2408 2407
f 2364 2365 2409
f 2364 2409 2408
f 2365 2366 2410
f 2365 2410 2409
f 2366 2367 2411
f 2366 2411 2410
f 2367 2368 2412
f 2367 2412 2411
f 2368 2369 2413
f 2368 2413 2412
f 2369 2370 2414
f 2369 2414 2413
f 2370 2371 2415
f 2370 2415 2414
f 2371 2372 2416
f 2371 2416 2415
f 2372 2373 2417
f 2372 2417 2416
f 2374 2375 2419
f 2374 2419 2418
f 2375 2376 2420
f 2375 2420 2419
f 2376 2377 2421
f 2376 2421 2420
f 2377 2378 2422
f 2377 2422 2421
f 2378 2379 2423
f 2378 2423 2422
f 2379 2380 2424
f 2379 2424 2423
f 2380 2381 2425
f 2380 2425 2424
f 2381 2382 2426
f 2381 2426 2425
f 2382 2383 2427
f 2382 2427 2426
f 2383 2384 2428
f 2383 2428 2427
f 2384 2385 2429
f 2384 2429 2428
f 2385 2386 2430
f 2385 2430 2429
f 2386 2387 2431
f 2386 2431 2430
f 2387 2344 2388
f 2387 2388 2431
f 2388 2389 2433
f 2388 2433 2432
f 2389 2390 2434
f 2389 2434 2433
f 2390 2391 2435
f 2390 2435 2434
f 2391 2392 2436
f 2391 2436 2435
f 2392 2393 2437
f 2392 2437 2436
f 2393 2394 2438
f 2393 2438 2437
f 2394 2395 2439
f 2394 2439 2438
f 2395 2396 2440
f 2395 2440 2439
f 2396 2397 2441
f 2396 2441 2440
f 2397 2398 2442
f 2397 2442 2441
f 2398 2399 2443
f 2398 2443 2442
f 2399 2400 2444
f 2399 2444 2443
f 2400 2401 2445
f 2400 2445 2444
f 2401 2402 2446
f 2401 2446 2445
f 2402 2403 2447
f 2402 2447 2446
f 2403 2404 2448
f 2403 2448 2447
f 2404 2405 2449
f 2404 2449 2448
f 2405 2406 2450
f 2405 2450 2449
f 2406 2407 2451
f 2406 2451 2450
f 2407 2408 2452
f 2407 2452 2451
f 2408 2409 2453
f 2408 2453 2452
f 2409 2410 2454
f 2409 2454 2453
f 2410 2411 2455
f 2410 2455 2454
f 2411 2412 2456
f 2411 2456 2455
f 2412 2413 2457
f 2412 2457 2456
f 2413 2414 2458
f 2413 2458 2457
f 2414 2415 2459
f 2414 2459 2458
f 2415 2416 2460
f 2415 2460 2459
f 2416 2417 2461
f 2416 2461 2460
f 2418 2419 2463
f 2418 2463 2462
f 2419 2420 2464
f 2419 2464 2463
f 2420 2421 2465
f 2420 2465 2464
f 2421 2422 2466
f 2421 2466 2465
f 2422 2423 2467
f 2422 2467 2466
f 2423 2424 2468
f 2423 2468 2467
f 2424 2425 2469
f 2424 2469 2468
f 2425 2426 2470
f 2425 2470 2469
f 2426 2427 2471
f 2426 2471 2470
f 2427 2428 2472
f 2427 2472 2471
f 2428 2429 2473
f 2428 2473 2472
f 2429 2430 2474
f 2429 2474 2473
f 2430 2431 2475
f 2430 2475 2474
f 2431 2388 2432
f 2431 2432 2475
f 2432 2433 2477
f 2432 2477 2476
f 2433 2434 2478
f 2433 2478 2477
f 2434 2435 2479
f 2434 2479 2478
f 2435 2436 2480
f 2435 2480 2479
f 2436 2437 2481
f 2436 2481 2480
f 2437 2438 2482
f 2437 2482 2481
f 2438 2439 2483
f 2438 2483 2482
f 2439 2440 2484
f 2439 2484 2483
f 2440 2441 2485
f 2440 2485 2484
f 2441 2442 2486
f 2441 2486 2485
f 2442 2443 2487
f 2442 2487 2486
f 2443 2444 2488
f 2443 2488 2487
f 2444 2445 2489
f 2444 2489 2488
f 2445 2446 2490
f 2445 2490 2489
f 2446 2447 2491
f 2446 2491 2490
f 2447 2448 2492
f 2447 2492 2491
f 2448 2449 2493
f 2448 2493 2492
f 2449 2450 2494
f 2449 2494 2493
f 2450 2451 2495
f 2450 2495 2494
f 2451 2452 2496
f 2451 2496 2495
f 2452 2453 2497
f 2452 2497 2496
f 2453 2454 2498
f 2453 2498 2497
f 2454 2455 2499
f 2454 2499 2498
f 2455 2456 2500
f 2455 2500 2499
f 2456 2457 2501
f 2456 2501 2500
f 2457 2458 2502
f 2457 2502 2501
f 2458 2459 2503
f 2458 2503 2502
f 2459 2460 2504
f 2459 2504 2503
f 2460 2461 2505
f 2460 2505 2504
f 2462 2463 2507
f 2462 2507 2506
f 2463 2464 2508
f 2463 2508 2507
f 2464 2465 2509
f 2464 2509 2508
f 2465 2466 2510
f 2465 2510 2509
f 2466 2467 2511
f 2466 2511 2510
f 2467 2468 2512
f 2467 2512 2511
f 2468 2469 2513
f 2468 2513 2512
f 2469 2470 2514
f 2469 2514 2513
f 2470 2471 2515
f 2470 2515 2514
f 2471 2472 2516
f 2471 2516 2515
f 2472 2473 2517
f 2472 2517 2516
f 2473 2474 2518
f 2473 2518 2517
f 2474 2475 2519
f 2474 2519 2518
f 2475 2432 2476
f 2475 2476 2519
f 2476 2477 2521
f 2476 2521 2520
f 2477 2478 2522
f 2477 2522 2521
f 2478 2479 2523
f 2478 2523 2522
f 2479 2480 2524
f 2479 2524 2523
f 2480 2481 2525
f 2480 2525 2524
f 2481 2482 2526
f 2481 2526 2525
f 2482 2483 2527
f 2482 2527 2526
f 2483 2484 2528
f 2483 2528 2527
f 2484 2485 2529
f 2484 2529 2528
f 2485 2486 2530
f 2485 2530 2529
f 2486 2487 2531
f 2486 2531 2530
f 2487 2488 2532
f 2487 2532 2531
f 2488 2489 2533
f 2488 2533 2532
f 2489 2490 2534
f 2489 2534 2533
f 2490 2491 2535
f 2490 2535 2534
f 2491 2492 2536
f 2491 2536 2535
f 2492 2493 2537
f 2492 2537 2536
f 2493 2494 2538
f 2493 2538 2537
f 2494 2495 2539
f 2494 2539 2538
f 2495 2496 2540
f 2495 2540 2539
f 2496 2497 2541
f 2496 2541 2540
f 2497 2498 2542
f 2497 2542 2541
f 2498 2499 2543
f 2498 2543 2542
f 2499 2500 2544
f 2499 2544 2543
f 2500 2501 2545
f 2500 2545 2544
f 2501 2502 2546
f 2501 2546 2545
f 2502 2503 2547
f 2502 2547 2546
f 2503 2504 2548
f 2503 2548 2547
f 2504 2505 2549
f 2504 2549 2548
f 2506 2507 2551
f 2506 2551 2550
f 2507 2508 2552
f 2507 2552 2551
f 2508 2509 2553
f 2508 2553 2552
f 2509 2510 2554
f 2509 2554 2553
f 2510 2511 2555
f 2510 2555 2554
f 2511 2512 2556
f 2511 2556 2555
f 2512 2513 2557
f 2512 2557 2556
f 2513 2514 2558
f 2513 2558 2557
f 2514 2515 2559
f 2514 2559 2558
f 2515 2516 2560
f 2515 2560 2559
f 2516 2517 2561
f 2516 2561 2560
f 2517 2518 2562
f 2517 2562 2561
f 2518 2519 2563
f 2518 2563 2562
f 2519 2476 2520
f 2519 2520 2563
f 2520 2521 2565
f 2520 2565 2564
f 2521 2522 2566
f 2521 2566 2565
f 2522 2523 2567
f 2522 2567 2566
f 2523 2524 2568
f 2523 2568 2567
f 2524 2525 2569
f 2524 2569 2568
f 2525 2526 2570
f 2525 2570 2569
f 2526 2527 2571
f 2526 2571 2570
f 2527 2528 2572
f 2527 2572 2571
f 2528 2529 2573
f 2528 2573 2572
f 2529 2530 2574
f 2529 2574 2573
f 2530 2531 2575
f 2530 2575 2574
f 2531 2532 2576
f 2531 2576 2575
f 2532 2533 2577
f 2532 2577 2576
f 2533 2534 2578
f 2533 2578 2577
f 2534 2535 2579
f 2534 2579 2578
f 2535 2536 2580
f 2535 2580 2579
f 2536 2537 2581
f 2536 2581 2580
f 2537 2538 2582
f 2537 2582 2581
f 2538 2539 2583
f 2538 2583 2582
f 2539 2540 2584
f 2539 2584 2583
f 2540 2541 2585
f 2540 2585 2584
f 2541 2542 2586
f 2541 2586 2585
f 2542 2543 2587
f 2542 2587 2586
f 2543 2544 2588
f 2543 2588 2587
f 2544 2545 2589
f 2544 2589 2588
f 2545 2546 2590
f 2545 2590 2589
f 2546 2547 2591
f 2546 2591 2590
f 2547 2548 2592
f 2547 2592 2591
f 2548 2549 2593
f 2548 2593 2592
f 2550 2551 2595
f 2550 2595 2594
f 2551 2552 2596
f 2551 2596 2595
f 2552 2553 2597
f 2552 2597 2596
f 2553 2554 2598
f 2553 2598 2597
f 2554 2555 2599
f 2554 2599 2598
f 2555 2556 2600
f 2555 2600 2599
f 2556 2557 2601
f 2556 2601 2600
f 2557 2558 2602
f 2557 2602 2601
f 2558 2559 2603
f 2558 2603 2602
f 2559 2560 2604
f 2559 2604 2603
f 2560 2561 2605
f 2560 2605 2604
f 2561 2562 2606
f 2561 2606 2605
f 2562 2563 2607
f 2562 2607 2606
f 2563 2520 2564
f 2563 2564 2607
f 2564 2565 2609
f 2564 2609 2608
f 2565 2566 2610
f 2565 2610 2609
f 2566 2567 2611
f 2566 2611 2610
f 2567 2568 2612
f 2567 2612 2611
f 2568 2569 2613
f 2568 2613 2612
f 2569 2570 2614
f 2569 2614 2613
f 2570 2571 2615
f 2570 2615 2614
f 2571 2572 2616
f 2571 2616 2615
f 2572 2573 2617
f 2572 2617 2616
f 2573 2574 2618
f 2573 2618 2617
f 2574 2575 2619
f 2574 2619 2618
f 2575 2576 2620
f 2575 2620 2619
f 2576 2577 2621
f 2576 2621 2620
f 2577 2578 2622
f 2577 2622 2621
f 2578 2579 2623
f 2578 2623 2622
f 2579 2580 2624
f 2579 2624 2623
f 2580 2581 2625
f 2580 2625 2624
f 2581 2582 2626
f 2581 2626 2625
f 2582 2583 2627
f 2582 2627 2626
f 2583 2584 2628
f 2583 2628 2627
f 2584 2585 2629
f 2584 2629 2628
f 2585 2586 2630
f 2585 2630 2629
f 2586 2587 2631
f 2586 2631 2630
f 2587 2588 2632
f 2587 2632 2631
f 2588 2589 2633
f 2588 2633 2632
f 2589 2590 2634
f 2589 2634 2633
f 2590 2591 2635
f 2590 2635 2634
f 2591 2592 2636
f 2591 2636 2635
f 2592 2593 2637
f 2592 2637 2636
f 2594 2595 2639
f 2594 2639 2638
f 2595 2596 2640
f 2595 2640 2639
f 2596 2597 2641
f 2596 2641 2640
f 2597 2598 2642
f 2597 2642 2641
f 2598 2599 2643
f 2598 2643 2642
f 2599 2600 2644
f 2599 2644 2643
f 2600 2601 2645
f 2600 2645 2644
f 2601 2602 2646
f 2601 2646 2645
f 2602 2603 2647
f 2602 2647 2646
f 2603 2604 2648
f 2603 2648 2647
f 2604 2605 2649
f 2604 2649 2648
f 2605 2606 2650
f 2605 2650 2649
f 2606 2607 2651
f 2606 2651 2650
f 2607 2564 2608
f 2607 2608 2651
f 2608 2609 2653
f 2608 2653 2652
f 2609 2610 2654
f 2609 2654 2653
f 2610 2611 2655
f 2610 2655 2654
f 2611 2612 2656
f 2611 2656 2655
f 2612 2613 2657
f 2612 2657 2656
f 2613 2614 2658
f 2613 2658 2657
f 2614 2615 2659
f 2614 2659 2658
f 2615 2616 2660
f 2615 2660 2659
f 2616 2617 2661
f 2616 2661 2660
f 2617 2618 2662
f 2617 2662 2661
f 2618 2619 2663
f 2618 2663 2662
f 2619 2620 2664
f 2619 2664 2663
f 2620 2621 2665
f 2620 2665 2664
f 2621 2622 2666
f 2621 2666 2665
f 2622 2623 2667
f 2622 2667 2666
f 2623 2624 2668
f 2623 2668 2667
f 2624 2625 2669
f 2624 2669 2668
f 2625 2626 2670
f 2625 2670 2669
f 2626 2627 2671
f 2626 2671 2670
f 2627 2628 2672
f 2627 2672 2671
f 2628 2629 2673
f 2628 2673 2672
f 2629 2630 2674
f 2629 2674 2673
f 2630 2631 2675
f 2630 2675 2674
f 2631 2632 2676
f 2631 2676 2675
f 2632 2633 2677
f 2632 2677 2676
f 2633 2634 2678
f 2633 2678 2677
f 2634 2635 2679
f 2634 2679 2678
f 2635 2636 2680
f 2635 2680 2679
f 2636 2637 2681
f 2636 2681 2680
f 2637 2682 2681
f 2638 2639 2684
f 2638 2684 2683
f 2639 2640 2685
f 2639 2685 2684
f 2640 2641 2686
f 2640 2686 2685
f 2641 2642 2687
f 2641 2687 2686
f 2642 2643 2688
f 2642 2688 2687
f 2643 2644 2689
f 2643 2689 2688
f 2644 2645 2690
f 2644 2690 2689
f 2645 2646 2691
f 2645 2691 2690
f 2646 2647 2692
f 2646 2692 2691
f 2647 2648 2693
f 2647 2693 2692
f 2648 2649 2694
f 2648 2694 2693
f 2649 2650 2695
f 2649 2695 2694
f 2650 2651 2696
f 2650 2696 2695
f 2651 2608 2652
f 2651 2652 2696
f 2652 2653 2698
f 2652 2698 2697
f 2653 2654 2699
f 2653 2699 2698
f 2654 2655 2700
f 2654 2700 2699
f 2655 2656 2701
f 2655 2701 2700
f 2656 2657 2702
f 2656 2702 2701
f 2657 2658 2703
f 2657 2703 2702
f 2658 2659 2704
f 2658 2704 2703
f 2659 2660 2705
f 2659 2705 2704
f 2660 2661 2706
f 2660 2706 2705
f 2661 2662 2707
f 2661 2707 2706
f 2662 2663 2708
f 2662 2708 2707
f 2663 2664 2709
f 2663 2709 2708
f 2664 2665 2710
f 2664 2710 2709
f 2665 2666 2711
f 2665 2711 2710
f 2666 2667 2712
f 2666 2712 2711
f 2667 2668 2713
f 2667 2713 2712
f 2668 2669 2714
f 2668 2714 2713
f 2669 2670 2715
f 2669 2715 2714
f 2670 2671 2716
f 2670 2716 2715
f 2671 2672 2717
f 2671 2717 2716
f 2672 2673 2718
f 2672 2718 2717
f 2673 2674 2719
f 2673 2719 2718
f 2674 2675 2720
f 2674 2720 2719
f 2675 2676 2721
f 2675 2721 2720
f 2676 2677 2722
f 2676 2722 2721
f 2677 2678 2723
f 2677 2723 2722
f 2678 2679 2724
f 2678 2724 2723
f 2679 2680 2725
f 2679 2725 2724
f 2680 2681 2726
f 2680 2726 2725
f 2681 2682 2727
f 2681 2727 2726
f 2683 2684 2729
f 2683 2729 2728
f 2684 2685 2730
f 2684 2730 2729
f 2685 2686 2731
f 2685 2731 2730
f 2686 2687 2732
f 2686 2732 2731
f 2687 2688 2733
f 2687 2733 2732
f 2688 2689 2734
f 2688 2734 2733
f 2689 2690 2735
f 2689 2735 2734
f 2690 2691 2736
f 2690 2736 2735
f 2691 2692 2737
f 2691 2737 2736
f 2692 2693 2738
f 2692 2738 2737
f 2693 2694 2739
f 2693 2739 2738
f 2694 2695 2740
f 2694 2740 2739
f 2695 2696 2741
f 2695 2741 2740
f 2696 2652 2697
f 2696 2697 2741
f 2697 2698 2743
f 2697 2743 2742
f 2698 2699 2744
f 2698 2744 2743
f 2699 2700 2745
f 2699 2745 2744
f 2700 2701 2746
f 2700 2746 2745
f 2701 2702 2747
f 2701 2747 2746
f 2702 2703 2748
f 2702 2748 2747
f 2703 2704 2749
f 2703 2749 2748
f 2704 2705 2750
f 2704 2750 2749
f 2705 2706 2751
f 2705 2751 2750
f 2706 2707 2752
f 2706 2752 2751
f 2707 2708 2753
f 2707 2753 2752
f 2708 2709 2754
f 2708 2754 2753
f 2709 2710 2755
f 2709 2755 2754
f 2710 2711 2756
f 2710 2756 2755
f 2711 2712 2757
f 2711 2757 2756
f 2712 2713 2758
f 2712 2758 2757
f 2713 2714 2759
f 2713 2759 2758
f 2714 2715 2760
f 2714 2760 2759
f 2715 2716 2761
f 2715 2761 2760
f 2716 2717 2762
f 2716 2762 2761
f 2717 2718 2763
f 2717 2763 2762
f 2718 2719 2764
f 2718 2764 2763
f 2719 2720 2765
f 2719 2765 2764
f 2720 2721 2766
f 2720 2766 2765
f 2721 2722 2767
f 2721 2767 2766
f 2722 2723 2768
f 2722 2768 2767
f 2723 2724 2769
f 2723 2769 2768
f 2724 2725 2770
f 2724 2770 2769
f 2725 2726 2771
f 2725 2771 2770
f 2726 2727 2772
f 2726 2772 2771
f 2728 2729 2774
f 2728 2774 2773
f 2729 2730 2775
f 2729 2775 2774
f 2730 2731 2776
f 2730 2776 2775
f 2731 2732 2777
f 2731 2777 2776
f 2732 2733 2778
f 2732 2778 2777
f 2733 2734 2779
f 2733 2779 2778
f 2734 2735 2780
f 2734 2780 2779
f 2735 2736 2781
f 2735 2781 2780
f 2736 2737 2782
f 2736 2782 2781
f 2737 2738 2783
f 2737 2783 2782
f 2738 2739 2784
f 2738 2784 2783
f 2739 2740 2785
f 2739 2785 2784
f 2740 2741 2786
f 2740 2786 2785
f 2741 2697 2742
f 2741 2742 2786
f 2742 2743 2788
f 2742 2788 2787
f 2743 2744 2789
f 2743 2789 2788
f 2744 2745 2790
f 2744 2790 2789
f 2745 2746 2791
f 2745 2791 2790
f 2746 2747 2792
f 2746 2792 2791
f 2747 2748 2793
f 2747 2793 2792
f 2748 2749 2794
f 2748 2794 2793
f 2749 2750 2795
f 2749 2795 2794
f 2750 2751 2796
f 2750 2796 2795
f 2751 2752 2797
f 2751 2797 2796
f 2752 2753 2798
f 2752 2798 2797
f 2753 2754 2799
f 2753 2799 2798
f 2754 2755 2800
f 2754 2800 2799
f 2755 2756 2801
f 2755 2801 2800
f 2756 2757 2802
f 2756 2802 2801
f 2757 2758 2803
f 2757 2803 2802
f 2758 2759 2804
f 2758 2804 2803
f 2759 2760 2805
f 2759 2805 2804
f 2760 2761 2806
f 2760 2806 2805
f 2761 2762 2807
f 2761 2807 2806
f 2762 2763 2808
f 2762 2808 2807
f 2763 2764 2809
f 2763 2809 2808
f 2764 2765 2810
f 2764 2810 2809
f 2765 2766 2811
f 2765 2811 2810
f 2766 2767 2812
f 2766 2812 2811
f 2767 2768 2813
f 2767 2813 2812
f 2768 2769 2814
f 2768 2814 2813
f 2769 2770 2815
f 2769 2815 2814
f 2770 2771 2816
f 2770 2816 2815
f 2771 2772 2817
f 2771 2817 2816
f 2773 2774 2819
f 2773 2819 2818
f 2774 2775 2820
f 2774 2820 2819
f 2775 2776 2821
f 2775 2821 2820
f 2776 2777 2822
f 2776 2822 2821
f 2777 2778 2823
f 2777 2823 2822
f 2778 2779 2824
f 2778 2824 2823
f 2779 2780 2825
f 2779 2825 2824
f 2780 2781 2826
f 2780 2826 2825
f 2781 2782 2827
f 2781 2827 2826
f 2782 2783 2828
f 2782 2828 2827
f 2783 2784 2829
f 2783 2829 2828
f 2784 2785 2830
f 2784 2830 2829
f 2785 2786 2831
f 2785 2831 2830
f 2786 2742 2787
f 2786 2787 2831
f 2787 2788 2833
f 2787 2833 2832
f 2788 2789 2834
f 2788 2834 2833
f 2789 2790 2835
f 2789 2835 2834
f 2790 2791 2836
f 2790 2836 2835
f 2791 2792 2837
f 2791 2837 2836
f 2792 2793 2838
f 2792 2838 2837
f 2793 2794 2839
f 2793 2839 2838
f 2794 2795 2840
f 2794 2840 2839
f 2795 2796 2841
f 2795 2841 2840
f 2796 2797 2842
f 2796 2842 2841
f 2797 2798 2843
f 2797 2843 2842
f 2798 2799 2844
f 2798 2844 2843
f 2799 2800 2845
f 2799 2845 2844
f 2800 2801 2846
f 2800 2846 2845
f 2801 2802 2847
f 2801 2847 2846
f 2802 2803 2848
f 2802 2848 2847
f 2803 2804 2849
f 2803 2849 2848
f 2804 2805 2850
f 2804 2850 2849
f 2805 2806 2851
f 2805 2851 2850
f 2806 2807 2852
f 2806 2852 2851
f 2807 2808 2853
f 2807 2853 2852
f 2808 2809 2854
f 2808 2854 2853
f 2809 2810 2855
f 2809 2855 2854
f 2810 2811 2856
f 2810 2856 2855
f 2811 2812 2857
f 2811 2857 2856
f 2812 2813 2858
f 2812 2858 2857
f 2813 2814 2859
f 2813 2859 2858
f 2814 2815 2860
f 2814 2860 2859
f 2815 2816 2861
f 2815 2861 2860
f 2816 2817 2862
f 2816 2862 2861
f 2818 2819 2863
f 2819 2820 2864
f 2819 2864 2863
f 2820 2821 2865
f 2820 2865 2864
f 2821 2822 2866
f 2821 2866 2865
f 2822 2823 2867
f 2822 2867 2866
f 2823 2824 2868
f 2823 2868 2867
f 2824 2825 2869
f 2824 2869 2868
f 2825 2826 2870
f 2825 2870 2869
f 2826 2827 2871
f 2826 2871 2870
f 2827 2828 2872
f 2827 2872 2871
f 2828 2829 2873
f 2828 2873 2872
f 2829 2830 2874
f 2829 2874 2873
f 2830 2831 2875
f 2830 2875 2874
f 2831 2787 2832
f 2831 2832 2875
f 2832 2833 2877
f 2832 2877 2876
f 2833 2834 2878
f 2833 2878 2877
f 2834 2835 2879
f 2834 2879 2878
f 2835 2836 2880
f 2835 2880 2879
f 2836 2837 2881
f 2836 2881 2880
f 2837 2838 2882
f 2837 2882 2881
f 2838 2839 2883
f 2838 2883 2882
f 2839 2840 2884
f 2839 2884 2883
f 2840 2841 2885
f 2840 2885 2884
f 2841 2842 2886
f 2841 2886 2885
f 2842 2843 2887
f 2842 2887 2886
f 2843 2844 2888
f 2843 2888 2887
f 2844 2845 2889
f 2844 2889 2888
f 2845 2846 2890
f 2845 2890 2889
f 2846 2847 2891
f 2846 2891 2890
f 2847 2848 2892
f 2847 2892 2891
f 2848 2849 2893
f 2848 2893 2892
f 2849 2850 2894
f 2849 2894 2893
f 2850 2851 2895
f 2850 2895 2894
f 2851 2852 2896
f 2851 2896 2895
f 2852 2853 2897
f 2852 2897 2896
f 2853 2854 2898
f 2853 2898 2897
f 2854 2855 2899
f 2854 2899 2898
f 2855 2856 2900
f 2855 2900 2899
f 2856 2857 2901
f 2856 2901 2900
f 2857 2858 2902
f 2857 2902 2901
f 2858 2859 2903
f 2858 2903 2902
f 2859 2860 2904
f 2859 2904 2903
f 2860 2861 2905
f 2860 2905 2904
f 2861 2862 2906
f 2861 2906 2905
f 2863 2864 2908
f 2863 2908 2907
f 2864 2865 2909
f 2864 2909 2908
f 2865 2866 2910
f 2865 2910 2909
f 2866 2867 2911
f 2866 2911 2910
f 2867 2868 2912
f 2867 2912 2911
f 2868 2869 2913
f 2868 2913 2912
f 2869 2870 2914
f 2869 2914 2913
f 2870 2871 2915
f 2870 2915 2914
f 2871 2872 2916
f 2871 2916 2915
f 2872 2873 2917
f 2872 2917 2916
f 2873 2874 2918
f 2873 2918 2917
f 2874 2875 2919
f 2874 2919 2918
f 2875 2832 2876
f 2875 2876 2919
f 2876 2877 2921
f 2876 2921 2920
f 2877 2878 2922
f 2877 2922 2921
f 2878 2879 2923
f 2878 2923 2922
f 2879 2880 2924
f 2879 2924 2923
f 2880 2881 2925
f 2880 2925 2924
f 2881 2882 2926
f 2881 2926 2925
f 2882 2883 2927
f 2882 2927 2926
f 2883 2884 2928
f 2883 2928 2927
f 2884 2885 2929
f 2884 2929 2928
f 2885 2886 2930
f 2885 2930 2929
f 2886 2887 2931
f 2886 2931 2930
f 2887 2888 2932
f 2887 2932 2931
f 2888 2889 2933
f 2888 2933 2932
f 2889 2890 2934
f 2889 2934 2933
f 2890 2891 2935
f 2890 2935 2934
f 2891 2892 2936
f 2891 2936 2935
f 2892 2893 2937
f 2892 2937 2936
f 2893 2894 2938
f 2893 2938 2937
f 2894 2895 2939
f 2894 2939 2938
f 2895 2896 2940
f 2895 2940 2939
f 2896 2897 2941
f 2896 2941 2940
f 2897 2898 2942
f 2897 2942 2941
f 2898 2899 2943
f 2898 2943 2942
f 2899 2900 2944
f 2899 2944 2943
f 2900 2901 2945
f 2900 2945 2944
f 2901 2902 2946
f 2901 2946 2945
f 2902 2903 2947
f 2902 2947 2946
f 2903 2904 2948
f 2903 2948 2947
f 2904 2905 2949
f 2904 2949 2948
f 2905 2906 2950
f 2905 2950 2949
f 2907 2908 2952
f 2907 2952 2951
f 2908 2909 2953
f 2908 2953 2952
f 2909 2910 2954
f 2909 2954 2953
f 2910 2911 2955
f 2910 2955 2954
f 2911 2912 2956
f 2911 2956 2955
f 2912 2913 2957
f 2912 2957 2956
f 2913 2914 2958
f 2913 2958 2957
f 2914 2915 2959
f 2914 2959 2958
f 2915 2916 2960
f 2915 2960 2959
f 2916 2917 2961
f 2916 2961 2960
f 2917 2918 2962
f 2917 2962 2961
f 2918 2919 2963
f 2918 2963 2962
f 2919 2876 2920
f 2919 2920 2963
f 2920 2921 2965
f 2920 2965 2964
f 2921 2922 2966
f 2921 2966 2965
f 2922 2923 2967
f 2922 2967 2966
f 2923 2924 2968
f 2923 2968 2967
f 2924 2925 2969
f 2924 2969 2968
f 2925 2926 2970
f 2925 2970 2969
f 2926 2927 2971
f 2926 2971 2970
f 2927 2928 2972
f 2927 2972 2971
f 2928 2929 2973
f 2928 2973 2972
f 2929 2930 2974
f 2929 2974 2973
f 2930 2931 2975
f 2930 2975 2974
f 2931 2932 2976
f 2931 2976 2975
f 2932 2933 2977
f 2932 2977 2976
f 2933 2934 2978
f 2933 2978 2977
f 2934 2935 2979
f 2934 2979 2978
f 2935 2936 2980
f 2935 2980 2979
f 2936 2937 2981
f 2936 2981 2980
f 2937 2938 2982
f 2937 2982 2981
f 2938 2939 2983
f 2938 2983 2982
f 2939 2940 2984
f 2939 2984 2983
f 2940 2941 2985
f 2940 2985 2984
f 2941 2942 2986
f 2941 2986 2985
f 2942 2943 2987
f 2942 2987 2986
f 2943 2944 2988
f 2943 2988 2987
f 2944 2945 2989
f 2944 2989 2988
f 2945 2946 2990
f 2945 2990 2989
f 2946 2947 2991
f 2946 2991 2990
f 2947 2948 2992
f 2947 2992 2991
f 2948 2949 2993
f 2948 2993 2992
f 2949 2950 2994
f 2949 2994 2993
f 2951 2952 2996
f 2951 2996 2995
f 2952 2953 2997
f 2952 2997 2996
f 2953 2954 2998
f 2953 2998 2997
f 2954 2955 2999
f 2954 2999 2998
f 2955 2956 3000
f 2955 3000 2999
f 2956 2957 3001
f 2956 3001 3000
f 2957 2958 3002
f 2957 3002 3001
f 2958 2959 3003
f 2958 3003 3002
f 2959 2960 3004
f 2959 3004 3003
f 2960 2961 3005
f 2960 3005 3004
f 2961 2962 3006
f 2961 3006 3005
f 2962 2963 3007
f 2962 3007 3006
f 2963 2920 2964
f 2963 2964 3007
f 2964 2965 3009
f 2964 3009 3008
f 2965 2966 3010
f 2965 3010 3009
f 2966 2967 3011
f 2966 3011 3010
f 2967 2968 3012
f 2967 3012 3011
f 2968 2969 3013
f 2968 3013 3012
f 2969 2970 3014
f 2969 3014 3013
f 2970 2971 3015
f 2970 3015 3014
f 2971 2972 3016
f 2971 3016 3015
f 2972 2973 3017
f 2972 3017 3016
f 2973 2974 3018
f 2973 3018 3017
f 2974 2975 3019
f 2974 3019 3018
f 2975 2976 3020
f 2975 3020 3019
f 2976 2977 3021
f 2976 3021 3020
f 2977 2978 3022
f 2977 3022 3021
f 2978 2979 3023
f 2978 3023 3022
f 2979 2980 3024
f 2979 3024 3023
f 2980 2981 3025
f 2980 3025 3024
f 2981 2982 3026
f 2981 3026 3025
f 2982 2983 3027
f 2982 3027 3026
f 2983 2984 3028
f 2983 3028 3027
f 2984 2985 3029
f 2984 3029 3028
f 2985 2986 3030
f 2985 3030 3029
f 2986 2987 3031
f 2986 3031 3030
f 2987 2988 3032
f 2987 3032 3031
f 2988 2989 3033
f 2988 3033 3032
f 2989 2990 3034
f 2989 3034 3033
f 2990 2991 3035
f 2990 3035 3034
f 2991 2992 3036
f 2991 3036 3035
f 2992 2993 3037
f 2992 3037 3036
f 2993 2994 3038
f 2993 3038 3037
f 2994 3039 3038
f 2995 2996 3041
f 2995 3041 3040
f 2996 2997 3042
f 2996 3042 3041
f 2997 2998 3043
f 2997 3043 3042
f 2998 2999 3044
f 2998 3044 3043
f 2999 3000 3045
f 2999 3045 3044
f 3000 3001 3046
f 3000 3046 3045
f 3001 3002 3047
f 3001 3047 3046
f 3002 3003 3048
f 3002 3048 3047
f 3003 3004 3049
f 3003 3049 3048
f 3004 3005 3050
f 3004 3050 3049
f 3005 3006 3051
f 3005 3051 3050
f 3006 3007 3052
f 3006 3052 3051
f 3007 2964 3008
f 3007 3008 3052
f 3008 3009 3054
f 3008 3054 3053
f 3009 3010 3055
f 3009 3055 3054
f 3010 3011 3056
f 3010 3056 3055
f 3011 3012 3057
f 3011 3057 3056
f 3012 3013 3058
f 3012 3058 3057
f 3013 3014 3059
f 3013 3059 3058
f 3014 3015 3060
f 3014 3060 3059
f 3015 3016 3061
f 3015 3061 3060
f 3016 3017 3062
f 3016 3062 3061
f 3017 3018 3063
f 3017 3063 3062
f 3018 3019 3064
f 3018 3064 3063
f 3019 3020 3065
f 3019 3065 3064
f 3020 3021 3066
f 3020 3066 3065
f 3021 3022 3067
f 3021 3067 3066
f 3022 3023 3068
f 3022 3068 3067
f 3023 3024 3069
f 3023 3069 3068
f 3024 3025 3070
f 3024 3070 3069
f 3025 3026 3071
f 3025 3071 3070
f 3026 3027 3072
f 3026 3072 3071
f 3027 3028 3073
f 3027 3073 3072
f 3028 3029 3074
f 3028 3074 3073
f 3029 3030 3075
f 3029 3075 3074
f 3030 3031 3076
f 3030 3076 3075
f 3031 3032 3077
f 3031 3077 3076
f 3032 3033 3078
f 3032 3078 3077
f 3033 3034 3079
f 3033 3079 3078
f 3034 3035 3080
f 3034 3080 3079
f 3035 3036 3081
f 3035 3081 3080
f 3036 3037 3082
f 3036 3082 3081
f 3037 3038 3083
f 3037 3083 3082
f 3038 3039 3084
f 3038 3084 3083
f 3040 3041 3086
f 3040 3086 3085
f 3041 3042 3087
f 3041 3087 3086
f 3042 3043 3088
f 3042 3088 3087
f 3043 3044 3089
f 3043 3089 3088
f 3044 3045 3090
f 3044 3090 3089
f 3045 3046 3091
f 3045 3091 3090
f 3046 3047 3092
f 3046 3092 3091
f 3047 3048 3093
f 3047 3093 3092
f 3048 3049 3094
f 3048 3094 3093
f 3049 3050 3095
f 3049 3095 3094
f 3050 3051 3096
f 3050 3096 3095
f 3051 3052 3097
f 3051 3097 3096
f 3052 3008 3053
f 3052 3053 3097
f 3053 3054 3099
f 3053 3099 3098
f 3054 3055 3100
f 3054 3100 3099
f 3055 3056 3101
f 3055 3101 3100
f 3056 3057 3102
f 3056 3102 3101
f 3057 3058 3103
f 3057 3103 3102
f 3058 3059 3104
f 3058 3104 3103
f 3059 3060 3105
f 3059 3105 3104
f 3060 3061 3106
f 3060 3106 3105
f 3061 3062 3107
f 3061 3107 3106
f 3062 3063 3108
f 3062 3108 3107
f 3063 3064 3109
f 3063 3109 3108
f 3064 3065 3110
f 3064 3110 3109
f 3065 3066 3111
f 3065 3111 3110
f 3066 3067 3112
f 3066 3112 3111
f 3067 3068 3113
f 3067 3113 3112
f 3068 3069 3114
f 3068 3114 3113
f 3069 3070 3115
f 3069 3115 3114
f 3070 3071 3116
f 3070 3116 3115
f 3071 3072 3117
f 3071 3117 3116
f 3072 3073 3118
f 3072 3118 3117
f 3073 3074 3119
f 3073 3119 3118
f 3074 3075 3120
f 3074 3120 3119
f 3075 3076 3121
f 3075 3121 3120
f 3076 3077 3122
f 3076 3122 3121
f 3077 3078 3123
f 3077 3123 3122
f 3078 3079 3124
f 3078 3124 3123
f 3079 3080 3125
f 3079 3125 3124
f 3080 3081 3126
f 3080 3126 3125
f 3081 3082 3127
f 3081 3127 3126
f 3082 3083 3128
f 3082 3128 3127
f 3083 3084 3129
f 3083 3129 3128
f 3085 3086 3131
f 3085 3131 3130
f 3086 3087 3132
f 3086 3132 3131
f 3087 3088 3133
f 3087 3133 3132
f 3088 3089 3134
f 3088 3134 3133
f 3089 3090 3135
f 3089 3135 3134
f 3090 3091 3136
f 3090 3136 3135
f 3091 3092 3137
f 3091 3137 3136
f 3092 3093 3138
f 3092 3138 3137
f 3093 3094 3139
f 3093 3139 3138
f 3094 3095 3140
f 3094 3140 3139
f 3095 3096 3141
f 3095 3141 3140
f 3096 3097 3142
f 3096 3142 3141
f 3097 3053 3098
f 3097 3098 3142
f 3098 3099 3144
f 3098 3144 3143
f 3099 3100 3145
f 3099 3145 3144
f 3100 3101 3146
f 3100 3146 3145
f 3101 3102 3147
f 3101 3147 3146
f 3102 3103 3148
f 3102 3148 3147
f 3103 3104 3149
f 3103 3149 3148
f 3104 3105 3150
f 3104 3150 3149
f 3105 3106 3151
f 3105 3151 3150
f 3106 3107 3152
f 3106 3152 3151
f 3107 3108 3153
f 3107 3153 3152
f 3108 3109 3154
f 3108 3154 3153
f 3109 3110 3155
f 3109 3155 3154
f 3110 3111 3156
f 3110 3156 3155
f 3111 3112 3157
f 3111 3157 3156
f 3112 3113 3158
f 3112 3158 3157
f 3113 3114 3159
f 3113 3159 3158
f 3114 3115 3160
f 3114 3160 3159
f 3115 3116 3161
f 3115 3161 3160
f 3116 3117 3162
f 3116 3162 3161
f 3117 3118 3163
f 3117 3163 3162
f 3118 3119 3164
f 3118 3164 3163
f 3119 3120 3165
f 3119 3165 3164
f 3120 3121 3166
f 3120 3166 3165
f 3121 3122 3167
f 3121 3167 3166
f 3122 3123 3168
f 3122 3168 3167
f 3123 3124 3169
f 3123 3169 3168
f 3124 3125 3170
f 3124 3170 3169
f 3125 3126 3171
f 3125 3171 3170
f 3126 3127 3172
f 3126 3172 3171
f 3127 3128 3173
f 3127 3173 3172
f 3128 3129 3174
f 3128 3174 3173
f 3130 3131 3176
f 3130 3176 3175
f 3131 3132 3177
f 3131 3177 3176
f 3132 3133 3178
f 3132 3178 3177
f 3133 3134 3179
f 3133 3179 3178
f 3134 3135 3180
f 3134 3180 3179
f 3135 3136 3181
f 3135 3181 3180
f 3136 3137 3182
f 3136 3182 3181
f 3137 3138 3183
f 3137 3183 3182
f 3138 3139 3184
f 3138 3184 3183
f 3139 3140 3185
f 3139 3185 3184
f 3140 3141 3186
f 3140 3186 3185
f 3141 3142 3187
f 3141 3187 3186
f 3142 3098 3143
f 3142 3143 3187
f 3143 3144 3189
f 3143 3189 3188
f 3144 3145 3190
f 3144 3190 3189
f 3145 3146 3191
f 3145 3191 3190
f 3146 3147 3192
f 3146 3192 3191
f 3147 3148 3193
f 3147 3193 3192
f 3148 3149 3194
f 3148 3194 3193
f 3149 3150 3195
f 3149 3195 3194
f 3150 3151 3196
f 3150 3196 3195
f 3151 3152 3197
f 3151 3197 3196
f 3152 3153 3198
f 3152 3198 3197
f 3153 3154 3199
f 3153 3199 3198
f 3154 3155 3200
f 3154 3200 3199
f 3155 3156 3201
f 3155 3201 3200
f 3156 3157 3202
f 3156 3202 3201
f 3157 3158 3203
f 3157 3203 3202
f 3158 3159 3204
f 3158 3204 3203
f 3159 3160 3205
f 3159 3205 3204
f 3160 3161 3206
f 3160 3206 3205
f 3161 3162 3207
f 3161 3207 3206
f 3162 3163 3208
f 3162 3208 3207
f 3163 3164 3209
f 3163 3209 3208
f 3164 3165 3210
f 3164 3210 3209
f 3165 3166 3211
f 3165 3211 3210
f 3166 3167 3212
f 3166 3212 3211
f 3167 3168 3213
f 3167 3213 3212
f 3168 3169 3214
f 3168 3214 3213
f 3169 3170 3215
f 3169 3215 3214
f 3170 3171 3216
f 3170 3216 3215
f 3171 3172 3217
f 3171 3217 3216
f 3172 3173 3218
f 3172 3218 3217
f 3173 3174 3219
f 3173 3219 3218
f 3175 3176 3221
f 3175 3221 3220
f 3176 3177 3222
f 3176 3222 3221
f 3177 3178 3223
f 3177 3223 3222
f 3178 3179 3224
f 3178 3224 3223
f 3179 3180 3225
f 3179 3225 3224
f 3180 3181 3226
f 3180 3226 3225
f 3181 3182 3227
f 3181 3227 3226
f 3182 3183 3228
f 3182 3228 3227
f 3183 3184 3229
f 3183 3229 3228
f 3184 3185 3230
f 3184 3230 3229
f 3185 3186 3231
f 3185 3231 3230
f 3186 3187 3232
f 3186 3232 3231
f 3187 3143 3188
f 3187 3188 3232
f 3188 3189 3234
f 3188 3234 3233
f 3189 3190 3235
f 3189 3235 3234
f 3190 3191 3236
f 3190 3236 3235
f 3191 3192 3237
f 3191 3237 3236
f 3192 3193 3238
f 3192 3238 3237
f 3193 3194 3239
f 3193 3239 3238
f 3194 3195 3240
f 3194 3240 3239
f 3195 3196 3241
f 3195 3241 3240
f 3196 3197 3242
f 3196 3242 3241
f 3197 3198 3243
f 3197 3243 3242
f 3198 3199 3244
f 3198 3244 3243
f 3199 3200 3245
f 3199 3245 3244
f 3200 3201 3246
f 3200 3246 3245
f 3201 3202 3247
f 3201 3247 3246
f 3202 3203 3248
f 3202 3248 3247
f 3203 3204 3249
f 3203 3249 3248
f 3204 3205 3250
f 3204 3250 3249
f 3205 3206 3251
f 3205 3251 3250
f 3206 3207 3252
f 3206 3252 3251
f 3207 3208 3253
f 3207 3253 3252
f 3208 3209 3254
f 3208 3254 3253
f 3209 3210 3255
f 3209 3255 3254
f 3210 3211 3256
f 3210 3256 3255
f 3211 3212 3257
f 3211 3257 3256
f 3212 3213 3258
f 3212 3258 3257
f 3213 3214 3259
f 3213 3259 3258
f 3214 3215 3260
f 3214 3260 3259
f 3215 3216 3261
f 3215 3261 3260
f 3216 3217 3262
f 3216 3262 3261
f 3217 3218 3263
f 3217 3263 3262
f 3218 3219 3264
f 3218 3264 3263
f 3220 3221 3265
f 3221 3222 3266
f 3221 3266 3265
f 3222 3223 3267
f 3222 3267 3266
f 3223 3224 3268
f 3223 3268 3267
f 3224 3225 3269
f 3224 3269 3268
f 3225 3226 3270
f 3225 3270 3269
f 3226 3227 3271
f 3226 3271 3270
f 3227 3228 3272
f 3227 3272 3271
f 3228 3229 3273
f 3228 3273 3272
f 3229 3230 3274
f 3229 3274 3273
f 3230 3231 3275
f 3230 3275 3274
f 3231 3232 3276
f 3231 3276 3275
f 3232 3188 3233
f 3232 3233 3276
f 3233 3234 3278
f 3233 3278 3277
f 3234 3235 3279
f 3234 3279 3278
f 3235 3236 3280
f 3235 3280 3279
f 3236 3237 3281
f 3236 3281 3280
f 3237 3238 3282
f 3237 3282 3281
f 3238 3239 3283
f 3238 3283 3282
f 3239 3240 3284
f 3239 3284 3283
f 3240 3241 3285
f 3240 3285 3284
f 3241 3242 3286
f 3241 3286 3285
f 3242 3243 3287
f 3242 3287 3286
f 3243 3244 3288
f 3243 3288 3287
f 3244 3245 3289
f 3244 3289 3288
f 3245 3246 3290
f 3245 3290 3289
f 3246 3247 3291
f 3246 3291 3290
f 3247 3248 3292
f 3247 3292 3291
f 3248 3249 3293
f 3248 3293 3292
f 3249 3250 3294
f 3249 3294 3293
f 3250 3251 3295
f 3250 3295 3294
f 3251 3252 3296
f 3251 3296 3295
f 3252 3253 3297
f 3252 3297 3296
f 3253 3254 3298
f 3253 3298 3297
f 3254 3255 3299
f 3254 3299 3298
f 3255 3256 3300
f 3255 3300 3299
f 3256 3257 3301
f 3256 3301 3300
f 3257 3258 3302
f 3257 3302 3301
f 3258 3259 3303
f 3258 3303 3302
f 3259 3260 3304
f 3259 3304 3303
f 3260 3261 3305
f 3260 3305 3304
f 3261 3262 3306
f 3261 3306 3305
f 3262 3263 3307
f 3262 3307 3306
f 3263 3264 3308
f 3263 3308 3307
f 3266 3267 3309
f 3267 3268 3310
f 3267 3310 3309
f 3268 3269 3311
f 3268 3311 3310
f 3269 3270 3312
f 3269 3312 3311
f 3270 3271 3313
f 3270 3313 3312
f 3271 3272 3314
f 3271 3314 3313
f 3272 3273 3315
f 3272 3315 3314
f 3273 3274 3316
f 3273 3316 3315
f 3274 3275 3317
f 3274 3317 3316
f 3275 3276 3318
f 3275 3318 3317
f 3276 3233 3277
f 3276 3277 3318
f 3277 3278 3320
f 3277 3320 3319
f 3278 3279 3321
f 3278 3321 3320
f 3279 3280 3322
f 3279 3322 3321
f 3280 3281 3323
f 3280 3323 3322
f 3281 3282 3324
f 3281 3324 3323
f 3282 3283 3325
f 3282 3325 3324
f 3283 3284 3326
f 3283 3326 3325
f 3284 3285 3327
f 3284 3327 3326
f 3285 3286 3328
f 3285 3328 3327
f 3286 3287 3329
f 3286 3329 3328
f 3287 3288 3330
f 3287 3330 3329
f 3288 3289 3331
f 3288 3331 3330
f 3289 3290 3332
f 3289 3332 3331
f 3290 3291 3333
f 3290 3333 3332
f 3291 3292 3334
f 3291 3334 3333
f 3292 3293 3335
f 3292 3335 3334
f 3293 3294 3336
f 3293 3336 3335
f 3294 3295 3337
f 3294 3337 3336
f 3295 3296 3338
f 3295 3338 3337
f 3296 3297 3339
f 3296 3339 3338
f 3297 3298 3340
f 3297 3340 3339
f 3298 3299 3341
f 3298 3341 3340
f 3299 3300 3342
f 3299 3342 3341
f 3300 3301 3343
f 3300 3343 3342
f 3301 3302 3344
f 3301 3344 3343
f 3302 3303 3345
f 3302 3345 3344
f 3303 3304 3346
f 3303 3346 3345
f 3304 3305 3347
f 3304 3347 3346
f 3305 3306 3348
f 3305 3348 3347
f 3306 3307 3349
f 3306 3349 3348
f 3307 3308 3350
f 3307 3350 3349
f 3311 3312 3351
f 3312 3313 3352
f 3312 3352 3351
f 3313 3314 3353
f 3313 3353 3352
f 3314 3315 3354
f 3314 3354 3353
f 3315 3316 3355
f 3315 3355 3354
f 3316 3317 3356
f 3316 3356 3355
f 3317 3318 3357
f 3317 3357 3356
f 3318 3277 3319
f 3318 3319 3357
f 3319 3320 3359
f 3319 3359 3358
f 3320 3321 3360
f 3320 3360 3359
f 3321 3322 3361
f 3321 3361 3360
f 3322 3323 3362
f 3322 3362 3361
f 3323 3324 3363
f 3323 3363 3362
f 3324 3325 3364
f 3324 3364 3363
f 3325 3326 3365
f 3325 3365 3364
f 3326 3327 3366
f 3326 3366 3365
f 3327 3328 3367
f 3327 3367 3366
f 3328 3329 3368
f 3328 3368 3367
f 3329 3330 3369
f 3329 3369 3368
f 3330 3331 3370
f 3330 3370 3369
f 3331 3332 3371
f 3331 3371 3370
f 3332 3333 3372
f 3332 3372 3371
f 3333 3334 3373
f 3333 3373 3372
f 3334 3335 3374
f 3334 3374 3373
f 3335 3336 3375
f 3335 3375 3374
f 3336 3337 3376
f 3336 3376 3375
f 3337 3338 3377
f 3337 3377 3376
f 3338 3339 3378
f 3338 3378 3377
f 3339 3340 3379
f 3339 3379 3378
f 3340 3341 3380
f 3340 3380 3379
f 3341 3342 3381
f 3341 3381 3380
f 3342 3343 3382
f 3342 3382 3381
f 3343 3344 3383
f 3343 3383 3382
f 3344 3345 3384
f 3344 3384 3383
f 3345 3346 3385
f 3345 3385 3384
f 3346 3347 3386
f 3346 3386 3385
f 3347 3348 3387
f 3347 3387 3386
f 3348 3349 3388
f 3348 3388 3387
f 3349 3350 3389
f 3349 3389 3388
f 3352 3353 3390
f 3353 3354 3391
f 3353 3391 3390
f 3354 3355 3392
f 3354 3392 3391
f 3355 3356 3393
f 3355 3393 3392
f 3356 3357 3394
f 3356 3394 3393
f 3357 3319 3358
f 3357 3358 3394
f 3358 3359 3396
f 3358 3396 3395
f 3359 3360 3397
f 3359 3397 3396
f 3360 3361 3398
f 3360 3398 3397
f 3361 3362 3399
f 3361 3399 3398
f 3362 3363 3400
f 3362 3400 3399
f 3363 3364 3401
f 3363 3401 3400
f 3364 3365 3402
f 3364 3402 3401
f 3365 3366 3403
f 3365 3403 3402
f 3366 3367 3404
f 3366 3404 3403
f 3367 3368 3405
f 3367 3405 3404
f 3368 3369 3406
f 3368 3406 3405
f 3369 3370 3407
f 3369 3407 3406
f 3370 3371 3408
f 3370 3408 3407
f 3371 3372 3409
f 3371 3409 3408
f 3372 3373 3410
f 3372 3410 3409
f 3373 3374 3411
f 3373 3411 3410
f 3374 3375 3412
f 3374 3412 3411
f 3375 3376 3413
f 3375 3413 3412
f 3376 3377 3414
f 3376 3414 3413
f 3377 3378 3415
f 3377 3415 3414
f 3378 3379 3416
f 3378 3416 3415
f 3379 3380 3417
f 3379 3417 3416
f 3380 3381 3418
f 3380 3418 3417
f 3381 3382 3419
f 3381 3419 3418
f 3382 3383 3420
f 3382 3420 3419
f 3383 3384 3421
f 3383 3421 3420
f 3384 3385 3422
f 3384 3422 3421
f 3385 3386 3423
f 3385 3423 3422
f 3386 3387 3424
f 3386 3424 3423
f 3387 3388 3425
f 3387 3425 3424
f 3388 3389 3426
f 3388 3426 3425
f 3390 3391 3427
f 3391 3392 3428
f 3391 3428 3427
f 3392 3393 3429
f 3392 3429 3428
f 3393 3394 3430
f 3393 3430 3429
f 3394 3358 3395
f 3394 3395 3430
f 3395 3396 3432
f 3395 3432 3431
f 3396 3397 3433
f 3396 3433 3432
f 3397 3398 3434
f 3397 3434 3433
f 3398 3399 3435
f 3398 3435 3434
f 3399 3400 3436
f 3399 3436 3435
f 3400 3401 3437
f 3400 3437 3436
f 3401 3402 3438
f 3401 3438 3437
f 3402 3403 3439
f 3402 3439 3438
f 3403 3404 3440
f 3403 3440 3439
f 3404 3405 3441
f 3404 3441 3440
f 3405 3406 3442
f 3405 3442 3441
f 3406 3407 3443
f 3406 3443 3442
f 3407 3408 3444
f 3407 3444 3443
f 3408 3409 3445
f 3408 3445 3444
f 3409 3410 3446
f 3409 3446 3445
f 3410 3411 3447
f 3410 3447 3446
f 3411 3412 3448
f 3411 3448 3447
f 3412 3413 3449
f 3412 3449 3448
f 3413 3414 3450
f 3413 3450 3449
f 3414 3415 3451
f 3414 3451 3450
f 3415 3416 3452
f 3415 3452 3451
f 3416 3417 3453
f 3416 3453 3452
f 3417 3418 3454
f 3417 3454 3453
f 3418 3419 3455
f 3418 3455 3454
f 3419 3420 3456
f 3419 3456 3455
f 3420 3421 3457
f 3420 3457 3456
f 3421 3422 3458
f 3421 3458 3457
f 3422 3423 3459
f 3422 3459 3458
f 3423 3424 3460
f 3423 3460 3459
f 3424 3425 3461
f 3424 3461 3460
f 3425 3426 3462
f 3425 3462 3461
f 3428 3429 3463
f 3429 3430 3464
f 3429 3464 3463
f 3430 3395 3431
f 3430 3431 3464
f 3431 3432 3466
f 3431 3466 3465
f 3432 3433 3467
f 3432 3467 3466
f 3433 3434 3468
f 3433 3468 3467
f 3434 3435 3469
f 3434 3469 3468
f 3435 3436 3470
f 3435 3470 3469
f 3436 3437 3471
f 3436 3471 3470
f 3437 3438 3472
f 3437 3472 3471
f 3438 3439 3473
f 3438 3473 3472
f 3439 3440 3474
f 3439 3474 3473
f 3440 3441 3475
f 3440 3475 3474
f 3441 3442 3476
f 3441 3476 3475
f 3442 3443 3477
f 3442 3477 3476
f 3443 3444 3478
f 3443 3478 3477
f 3444 3445 3479
f 3444 3479 3478
f 3445 3446 3480
f 3445 3480 3479
f 3446 3447 3481
f 3446 3481 3480
f 3447 3448 3482
f 3447 3482 3481
f 3448 3449 3483
f 3448 3483 3482
f 3449 3450 3484
f 3449 3484 3483
f 3450 3451 3485
f 3450 3485 3484
f 3451 3452 3486
f 3451 3486 3485
f 3452 3453 3487
f 3452 3487 3486
f 3453 3454 3488
f 3453 3488 3487
f 3454 3455 3489
f 3454 3489 3488
f 3455 3456 3490
f 3455 3490 3489
f 3456 3457 3491
f 3456 3491 3490
f 3457 3458 3492
f 3457 3492 3491
f 3458 3459 3493
f 3458 3493 3492
f 3459 3460 3494
f 3459 3494 3493
f 3460 3461 3495
f 3460 3495 3494
f 3461 3462 3496
f 3461 3496 3495
f 3463 3464 3497
f 3464 3431 3465
f 3464 3465 3497
f 3465 3466 3499
f 3465 3499 3498
f 3466 3467 3500
f 3466 3500 3499
f 3467 3468 3501
f 3467 3501 3500
f 3468 3469 3502
f 3468 3502 3501
f 3469 3470 3503
f 3469 3503 3502
f 3470 3471 3504
f 3470 3504 3503
f 3471 3472 3505
f 3471 3505 3504
f 3472 3473 3506
f 3472 3506 3505
f 3473 3474 3507
f 3473 3507 3506
f 3474 3475 3508
f 3474 3508 3507
f 3475 3476 3509
f 3475 3509 3508
f 3476 3477 3510
f 3476 3510 3509
f 3477 3478 3511
f 3477 3511 3510
f 3478 3479 3512
f 3478 3512 3511
f 3479 3480 3513
f 3479 3513 3512
f 3480 3481 3514
f 3480 3514 3513
f 3481 3482 3515
f 3481 3515 3514
f 3482 3483 3516
f 3482 3516 3515
f 3483 3484 3517
f 3483 3517 3516
f 3484 3485 3518
f 3484 3518 3517
f 3485 3486 3519
f 3485 3519 3518
f 3486 3487 3520
f 3486 3520 3519
f 3487 3488 3521
f 3487 3521 3520
f 3488 3489 3522
f 3488 3522 3521
f 3489 3490 3523
f 3489 3523 3522
f 3490 3491 3524
f 3490 3524 3523
f 3491 3492 3525
f 3491 3525 3524
f 3492 3493 3526
f 3492 3526 3525
f 3493 3494 3527
f 3493 3527 3526
f 3494 3495 3528
f 3494 3528 3527
f 3495 3496 3529
f 3495 3529 3528
f 3497 3465 3498
f 3498 3499 3531
f 3498 3531 3530
f 3499 3500 3532
f 3499 3532 3531
f 3500 3501 3533
f 3500 3533 3532
f 3501 3502 3534
f 3501 3534 3533
f 3502 3503 3535
f 3502 3535 3534
f 3503 3504 3536
f 3503 3536 3535
f 3504 3505 3537
f 3504 3537 3536
f 3505 3506 3538
f 3505 3538 3537
f 3506 3507 3539
f 3506 3539 3538
f 3507 3508 3540
f 3507 3540 3539
f 3508 3509 3541
f 3508 3541 3540
f 3509 3510 3542
f 3509 3542 3541
f 3510 3511 3543
f 3510 3543 3542
f 3511 3512 3544
f 3511 3544 3543
f 3512 3513 3545
f 3512 3545 3544
f 3513 3514 3546
f 3513 3546 3545
f 3514 3515 3547
f 3514 3547 3546
f 3515 3516 3548
f 3515 3548 3547
f 3516 3517 3549
f 3516 3549 3548
f 3517 3518 3550
f 3517 3550 3549
f 3518 3519 3551
f 3518 3551 3550
f 3519 3520 3552
f 3519 3552 3551
f 3520 3521 3553
f 3520 3553 3552
f 3521 3522 3554
f 3521 3554 3553
f 3522 3523 3555
f 3522 3555 3554
f 3523 3524 3556
f 3523 3556 3555
f 3524 3525 3557
f 3524 3557 3556
f 3525 3526 3558
f 3525 3558 3557
f 3526 3527 3559
f 3526 3559 3558
f 3527 3528 3560
f 3527 3560 3559
f 3528 3529 3561
f 3528 3561 3560
f 3530 3531 3562
f 3531 3532 3563
f 3531 3563 3562
f 3532 3533 3564
f 3532 3564 3563
f 3533 3534 3565
f 3533 3565 3564
f 3534 3535 3566
f 3534 3566 3565
f 3535 3536 3567
f 3535 3567 3566
f 3536 3537 3568
f 3536 3568 3567
f 3537 3538 3569
f 3537 3569 3568
f 3538 3539 3570
f 3538 3570 3569
f 3539 3540 3571
f 3539 3571 3570
f 3540 3541 3572
f 3540 3572 3571
f 3541 3542 3573
f 3541 3573 3572
f 3542 3543 3574
f 3542 3574 3573
f 3543 3544 3575
f 3543 3575 3574
f 3544 3545 3576
f 3544 3576 3575
f 3545 3546 3577
f 3545 3577 3576
f 3546 3547 3578
f 3546 3578 3577
f 3547 3548 3579
f 3547 3579 3578
f 3548 3549 3580
f 3548 3580 3579
f 3549 3550 3581
f 3549 3581 3580
f 3550 3551 3582
f 3550 3582 3581
f 3551 3552 3583
f 3551 3583 3582
f 3552 3553 3584
f 3552 3584 3583
f 3553 3554 3585
f 3553 3585 3584
f 3554 3555 3586
f 3554 3586 3585
f 3555 3556 3587
f 3555 3587 3586
f 3556 3557 3588
f 3556 3588 3587
f 3557 3558 3589
f 3557 3589 3588
f 3558 3559 3590
f 3558 3590 3589
f 3559 3560 3591
f 3559 3591 3590
f 3560 3561 3592
f 3560 3592 3591
f 3562 3563 3593
f 3563 3564 3594
f 3563 3594 3593
f 3564 3565 3595
f 3564 3595 3594
f 3565 3566 3596
f 3565 3596 3595
f 3566 3567 3597
f 3566 3597 3596
f 3567 3568 3598
f 3567 3598 3597
f 3568 3569 3599
f 3568 3599 3598
f 3569 3570 3600
f 3569 3600 3599
f 3570 3571 3601
f 3570 3601 3600
f 3571 3572 3602
f 3571 3602 3601
f 3572 3573 3603
f 3572 3603 3602
f 3573 3574 3604
f 3573 3604 3603
f 3574 3575 3605
f 3574 3605 3604
f 3575 3576 3606
f 3575 3606 3605
f 3576 3577 3607
f 3576 3607 3606
f 3577 3578 3608
f 3577 3608 3607
f 3578 3579 3609
f 3578 3609 3608
f 3579 3580 3610
f 3579 3610 3609
f 3580 3581 3611
f 3580 3611 3610
f 3581 3582 3612
f 3581 3612 3611
f 3582 3583 3613
f 3582 3613 3612
f 3583 3584 3614
f 3583 3614 3613
f 3584 3585 3615
f 3584 3615 3614
f 3585 3586 3616
f 3585 3616 3615
f 3586 3587 3617
f 3586 3617 3616
f 3587 3588 3618
f 3587 3618 3617
f 3588 3589 3619
f 3588 3619 3618
f 3589 3590 3620
f 3589 3620 3619
f 3590 3591 3621
f 3590 3621 3620
f 3591 3592 3622
f 3591 3622 3621
f 3593 3594 3623
f 3594 3595 3624
f 3594 3624 3623
f 3595 3596 3625
f 3595 3625 3624
f 3596 3597 3626
f 3596 3626 3625
f 3597 3598 3627
f 3597 3627 3626
f 3598 3599 3628
f 3598 3628 3627
f 3599 3600 3629
f 3599 3629 3628
f 3600 3601 3630
f 3600 3630 3629
f 3601 3602 3631
f 3601 3631 3630
f 3602 3603 3632
f 3602 3632 3631
f 3603 3604 3633
f 3603 3633 3632
f 3604 3605 3634
f 3604 3634 3633
f 3605 3606 3635
f 3605 3635 3634
f 3606 3607 3636
f 3606 3636 3635
f 3607 3608 3637
f 3607 3637 3636
f 3608 3609 3638
f 3608 3638 3637
f 3609 3610 3639
f 3609 3639 3638
f 3610 3611 3640
f 3610 3640 3639
f 3611 3612 3641
f 3611 3641 3640
f 3612 3613 3642
f 3612 3642 3641
f 3613 3614 3643
f 3613 3643 3642
f 3614 3615 3644
f 3614 3644 3643
f 3615 3616 3645
f 3615 3645 3644
f 3616 3617 3646
f 3616 3646 3645
f 3617 3618 3647
f 3617 3647 3646
f 3618 3619 3648
f 3618 3648 3647
f 3619 3620 3649
f 3619 3649 3648
f 3620 3621 3650
f 3620 3650 3649
f 3621 3622 3651
f 3621 3651 3650
f 3623 3624 3652
f 3624 3625 3653
f 3624 3653 3652
f 3625 3626 3654
f 3625 3654 3653
f 3626 3627 3655
f 3626 3655 3654
f 3627 3628 3656
f 3627 3656 3655
f 3628 3629 3657
f 3628 3657 3656
f 3629 3630 3658
f 3629 3658 3657
f 3630 3631 3659
f 3630 3659 3658
f 3631 3632 3660
f 3631 3660 3659
f 3632 3633 3661
f 3632 3661 3660
f 3633 3634 3662
f 3633 3662 3661
f 3634 3635 3663
f 3634 3663 3662
f 3635 3636 3664
f 3635 3664 3663
f 3636 3637 3665
f 3636 3665 3664
f 3637 3638 3666
f 3637 3666 3665
f 3638 3639 3667
f 3638 3667 3666
f 3639 3640 3668
f 3639 3668 3667
f 3640 3641 3669
f 3640 3669 3668
f 3641 3642 3670
f 3641 3670 3669
f 3642 3643 3671
f 3642 3671 3670
f 3643 3644 3672
f 3643 3672 3671
f 3644 3645 3673
f 3644 3673 3672
f 3645 3646 3674
f 3645 3674 3673
f 3646 3647 3675
f 3646 3675 3674
f 3647 3648 3676
f 3647 3676 3675
f 3648 3649 3677
f 3648 3677 3676
f 3649 3650 3678
f 3649 3678 3677
f 3650 3651 3679
f 3650 3679 3678
f 3652 3653 3680
f 3653 3654 3681
f 3653 3681 3680
f 3654 3655 3682
f 3654 3682 3681
f 3655 3656 3683
f 3655 3683 3682
f 3656 3657 3684
f 3656 3684 3683
f 3657 3658 3685
f 3657 3685 3684
f 3658 3659 3686
f 3658 3686 3685
f 3659 3660 3687
f 3659 3687 3686
f 3660 3661 3688
f 3660 3688 3687
f 3661 3662 3689
f 3661 3689 3688
f 3662 3663 3690
f 3662 3690 3689
f 3663 3664 3691
f 3663 3691 3690
f 3664 3665 3692
f 3664 3692 3691
f 3665 3666 3693
f 3665 3693 3692
f 3666 3667 3694
f 3666 3694 3693
f 3667 3668 3695
f 3667 3695 3694
f 3668 3669 3696
f 3668 3696 3695
f 3669 3670 3697
f 3669 3697 3696
f 3670 3671 3698
f 3670 3698 3697
f 3671 3672 3699
f 3671 3699 3698
f 3672 3673 3700
f 3672 3700 3699
f 3673 3674 3701
f 3673 3701 3700
f 3674 3675 3702
f 3674 3702 3701
f 3675 3676 3703
f 3675 3703 3702
f 3676 3677 3704
f 3676 3704 3703
f 3677 3678 3705
f 3677 3705 3704
f 3678 3679 3706
f 3678 3706 3705
f 3680 3681 3707
f 3681 3682 3708
f 3681 3708 3707
f 3682 3683 3709
f 3682 3709 3708
f 3683 3684 3710
f 3683 3710 3709
f 3684 3685 3711
f 3684 3711 3710
f 3685 3686 3712
f 3685 3712 3711
f 3686 3687 3713
f 3686 3713 3712
f 3687 3688 3714
f 3687 3714 3713
f 3688 3689 3715
f 3688 3715 3714
f 3689 3690 3716
f 3689 3716 3715
f 3690 3691 3717
f 3690 3717 3716
f 3691 3692 3718
f 3691 3718 3717
f 3692 3693 3719
f 3692 3719 3718
f 3693 3694 3720
f 3693 3720 3719
f 3694 3695 3721
f 3694 3721 3720
f 3695 3696 3722
f 3695 3722 3721
f 3696 3697 3723
f 3696 3723 3722
f 3697 3698 3724
f 3697 3724 3723
f 3698 3699 3725
f 3698 3725 3724
f 3699 3700 3726
f 3699 3726 3725
f 3700 3701 3727
f 3700 3727 3726
f 3701 3702 3728
f 3701 3728 3727
f 3702 3703 3729
f 3702 3729 3728
f 3703 3704 3730
f 3703 3730 3729
f 3704 3705 3731
f 3704 3731 3730
f 3705 3706 3732
f 3705 3732 3731
f 3708 3709 3733
f 3709 3710 3734
f 3709 3734 3733
f 3710 3711 3735
f 3710 3735 3734
f 3711 3712 3736
f 3711 3736 3735
f 3712 3713 3737
f 3712 3737 3736
f 3713 3714 3738
f 3713 3738 3737
f 3714 3715 3739
f 3714 3739 3738
f 3715 3716 3740
f 3715 3740 3739
f 3716 3717 3741
f 3716 3741 3740
f 3717 3718 3742
f 3717 3742 3741
f 3718 3719 3743
f 3718 3743 3742
f 3719 3720 3744
f 3719 3744 3743
f 3720 3721 3745
f 3720 3745 3744
f 3721 3722 3746
f 3721 3746 3745
f 3722 3723 3747
f 3722 3747 3746
f 3723 3724 3748
f 3723 3748 3747
f 3724 3725 3749
f 3724 3749 3748
f 3725 3726 3750
f 3725 3750 3749
f 3726 3727 3751
f 3726 3751 3750
f 3727 3728 3752
f 3727 3752 3751
f 3728 3729 3753
f 3728 3753 3752
f 3729 3730 3754
f 3729 3754 3753
f 3730 3731 3755
f 3730 3755 3754
f 3731 3732 3756
f 3731 3756 3755
f 3734 3735 3757
f 3735 3736 3758
f 3735 3758 3757
f 3736 3737 3759
f 3736 3759 3758
f 3737 3738 3760
f 3737 3760 3759
f 3738 3739 3761
f 3738 3761 3760
f 3739 3740 3762
f 3739 3762 3761
f 3740 3741 3763
f 3740 3763 3762
f 3741 3742 3764
f 3741 3764 3763
f 3742 3743 3765
f 3742 3765 3764
f 3743 3744 3766
f 3743 3766 3765
f 3744 3745 3767
f 3744 3767 3766
f 3745 3746 3768
f 3745 3768 3767
f 3746 3747 3769
f 3746 3769 3768
f 3747 3748 3770
f 3747 3770 3769
f 3748 3749 3771
f 3748 3771 3770
f 3749 3750 3772
f 3749 3772 3771
f 3750 3751 3773
f 3750 3773 3772
f 3751 3752 3774
f 3751 3774 3773
f 3752 3753 3775
f 3752 3775 3774
f 3753 3754 3776
f 3753 3776 3775
f 3754 3755 3777
f 3754 3777 3776
f 3755 3756 3778
f 3755 3778 3777
f 3758 3759 3779
f 3759 3760 3780
f 3759 3780 3779
f 3760 3761 3781
f 3760 3781 3780
f 3761 3762 3782
f 3761 3782 3781
f 3762 3763 3783
f 3762 3783 3782
f 3763 3764 3784
f 3763 3784 3783
f 3764 3765 3785
f 3764 3785 3784
f 3765 3766 3786
f 3765 3786 3785
f 3766 3767 3787
f 3766 3787 3786
f 3767 3768 3788
f 3767 3788 3787
f 3768 3769 3789
f 3768 3789 3788
f 3769 3770 3790
f 3769 3790 3789
f 3770 3771 3791
f 3770 3791 3790
f 3771 3772 3792
f 3771 3792 3791
f 3772 3773 3793
f 3772 3793 3792
f 3773 3774 3794
f 3773 3794 3793
f 3774 3775 3795
f 3774 3795 3794
f 3775 3776 3796
f 3775 3796 3795
f 3776 3777 3797
f 3776 3797 3796
f 3777 3778 3798
f 3777 3798 3797
f 3780 3781 3799
f 3781 3782 3800
f 3781 3800 3799
f 3782 3783 3801
f 3782 3801 3800
f 3783 3784 3802
f 3783 3802 3801
f 3784 3785 3803
f 3784 3803 3802
f 3785 3786 3804
f 3785 3804 3803
f 3786 3787 3805
f 3786 3805 3804
f 3787 3788 3806
f 3787 3806 3805
f 3788 3789 3807
f 3788 3807 3806
f 3789 3790 3808
f 3789 3808 3807
f 3790 3791 3809
f 3790 3809 3808
f 3791 3792 3810
f 3791 3810 3809
f 3792 3793 3811
f 3792 3811 3810
f 3793 3794 3812
f 3793 3812 3811
f 3794 3795 3813
f 3794 3813 3812
f 3795 3796 3814
f 3795 3814 3813
f 3796 3797 3815
f 3796 3815 3814
f 3797 3798 3816
f 3797 3816 3815
f 3802 3803 3817
f 3803 3804 3818
f 3803 3818 3817
f 3804 3805 3819
f 3804 3819 3818
f 3805 3806 3820
f 3805 3820 3819
f 3806 3807 3821
f 3806 3821 3820
f 3807 3808 3822
f 3807 3822 3821
f 3808 3809 3823
f 3808 3823 3822
f 3809 3810 3824
f 3809 3824 3823
f 3810 3811 3825
f 3810 3825 3824
f 3811 3812 3826
f 3811 3826 3825
f 3812 3813 3827
f 3812 3827 3826
f 3813 3814 3828
f 3813 3828 3827
f 3814 3815 3829
f 3814 3829 3828
f 3815 3816 3830
f 3815 3830 3829
f 3823 3824 3831
f 3824 3825 3832
f 3824 3832 3831
f 3825 3826 3833
f 3825 3833 3832
f 3826 3827 3834
f 3826 3834 3833
f 3827 3828 3835
f 3827 3835 3834
f 3828 3829 3836
f 3828 3836 3835
f 3829 3830 3837
f 3829 3837 3836
f 466 3839 3838
f 467 3841 3840
f 468 3843 3842
f 515 3846 3845
f 515 3847 3846
f 516 3849 3848
f 517 3851 3850
f 558 3854 3853
f 558 3855 3854
f 596 3858 3857
f 596 3859 3858
f 631 3862 3861
f 663 3864 3863
f 721 3867 3866
f 721 3868 3867
f 775 3871 3870
f 775 3872 3871
f 824 3875 3874
f 848 3877 3876
f 871 3879 3878
f 871 3880 3879
f 916 3883 3882
f 938 3885 3884
f 938 3886 3885
f 981 3889 3888
f 1001 3891 3890
f 1021 3893 3892
f 1041 3895 3894
f 1061 3897 3896
f 1081 3899 3898
f 1101 3901 3900
f 1121 3903 3902
f 1141 3905 3904
f 1161 3907 3906
f 1181 3909 3908
f 1200 3911 3910
f 1219 3913 3912
f 1238 3915 3914
f 1257 3917 3916
f 1276 3919 3918
f 1295 3921 3920
f 1314 3923 3922
f 1333 3925 3924
f 1352 3927 3926
f 1371 3929 3928
f 1390 3931 3930
f 1409 3933 3932
f 1428 3935 3934
f 1447 3937 3936
f 1466 3939 3938
f 1485 3941 3940
f 1504 3943 3942
f 1523 3945 3944
f 1542 3947 3946
f 1561 3949 3948
f 1581 3951 3950
f 1601 3953 3952
f 1621 3955 3954
f 1641 3957 3956
f 1661 3959 3958
f 1682 3961 3960
f 1703 3963 3962
f 1725 3965 3964
f 1747 3967 3966
f 1770 3969 3968
f 1793 3971 3970
f 1817 3973 3972
f 1842 3975 3974
f 1868 3977 3976
f 1895 3979 3978
f 1924 3981 3980
f 1955 3983 3982
f 1988 3985 3984
f 2024 3987 3986
f 2067 3989 3988
f 2110 3991 3990
f 2154 3993 3992
f 2198 3995 3994
f 2242 3997 3996
f 2286 3999 3998
f 2330 4001 4000
f 2374 4003 4002
f 2418 4005 4004
f 2462 4007 4006
f 2506 4009 4008
f 2550 4011 4010
f 2594 4013 4012
f 2638 4015 4014
f 2683 4017 4016
f 2728 4019 4018
f 2773 4021 4020
f 2818 4023 4022
f 2818 4024 4023
f 2907 4027 4026
f 2951 4029 4028
f 2995 4031 4030
f 3040 4033 4032
f 3085 4035 4034
f 3130 4037 4036
f 3175 4039 4038
f 3220 4041 4040
f 3839 466 467
f 3841 467 468
f 3843 468 469
f 3844 469 515
f 3847 515 516
f 3849 516 517
f 3851 517 518
f 3852 518 558
f 3855 558 559
f 3856 559 596
f 3859 596 597
f 3860 597 631
f 3862 631 663
f 3864 663 693
f 3865 693 721
f 3868 721 749
f 3869 749 775
f 3872 775 800
f 3873 800 824
f 3875 824 848
f 3877 848 871
f 3880 871 894
f 3881 894 916
f 3883 916 938
f 3886 938 960
f 3887 960 981
f 3889 981 1001
f 3891 1001 1021
f 3893 1021 1041
f 3895 1041 1061
f 3897 1061 1081
f 3899 1081 1101
f 3901 1101 1121
f 3903 1121 1141
f 3905 1141 1161
f 3907 1161 1181
f 3909 1181 1200
f 3911 1200 1219
f 3913 1219 1238
f 3915 1238 1257
f 3917 1257 1276
f 3919 1276 1295
f 3921 1295 1314
f 3923 1314 1333
f 3925 1333 1352
f 3927 1352 1371
f 3929 1371 1390
f 3931 1390 1409
f 3933 1409 1428
f 3935 1428 1447
f 3937 1447 1466
f 3939 1466 1485
f 3941 1485 1504
f 3943 1504 1523
f 3945 1523 1542
f 3947 1542 1561
f 3949 1561 1581
f 3951 1581 1601
f 3953 1601 1621
f 3955 1621 1641
f 3957 1641 1661
f 3959 1661 1682
f 3961 1682 1703
f 3963 1703 1725
f 3965 1725 1747
f 3967 1747 1770
f 3969 1770 1793
f 3971 1793 1817
f 3973 1817 1842
f 3975 1842 1868
f 3977 1868 1895
f 3979 1895 1924
f 3981 1924 1955
f 3983 1955 1988
f 3985 1988 2024
f 3987 2024 2067
f 3989 2067 2110
f 3991 2110 2154
f 3993 2154 2198
f 3995 2198 2242
f 3997 2242 2286
f 3999 2286 2330
f 4001 2330 2374
f 4003 2374 2418
f 4005 2418 2462
f 4007 2462 2506
f 4009 2506 2550
f 4011 2550 2594
f 4013 2594 2638
f 4015 2638 2683
f 4017 2683 2728
f 4019 2728 2773
f 4021 2773 2818
f 4024 2818 2863
f 4025 2863 2907
f 4027 2907 2951
f 4029 2951 2995
f 4031 2995 3040
f 4033 3040 3085
f 4035 3085 3130
f 4037 3130 3175
f 4039 3175 3220
f 3839 467 3840
f 3841 468 3842
f 3843 469 3844
f 3844 515 3845
f 3847 516 3848
f 3849 517 3850
f 3851 518 3852
f 3852 558 3853
f 3855 559 3856
f 3856 596 3857
f 3859 597 3860
f 3860 631 3861
f 3862 663 3863
f 3864 693 3865
f 3865 721 3866
f 3868 749 3869
f 3869 775 3870
f 3872 800 3873
f 3873 824 3874
f 3875 848 3876
f 3877 871 3878
f 3880 894 3881
f 3881 916 3882
f 3883 938 3884
f 3886 960 3887
f 3887 981 3888
f 3889 1001 3890
f 3891 1021 3892
f 3893 1041 3894
f 3895 1061 3896
f 3897 1081 3898
f 3899 1101 3900
f 3901 1121 3902
f 3903 1141 3904
f 3905 1161 3906
f 3907 1181 3908
f 3909 1200 3910
f 3911 1219 3912
f 3913 1238 3914
f 3915 1257 3916
f 3917 1276 3918
f 3919 1295 3920
f 3921 1314 3922
f 3923 1333 3924
f 3925 1352 3926
f 3927 1371 3928
f 3929 1390 3930
f 3931 1409 3932
f 3933 1428 3934
f 3935 1447 3936
f 3937 1466 3938
f 3939 1485 3940
f 3941 1504 3942
f 3943 1523 3944
f 3945 1542 3946
f 3947 1561 3948
f 3949 1581 3950
f 3951 1601 3952
f 3953 1621 3954
f 3955 1641 3956
f 3957 1661 3958
f 3959 1682 3960
f 3961 1703 3962
f 3963 1725 3964
f 3965 1747 3966
f 3967 1770 3968
f 3969 1793 3970
f 3971 1817 3972
f 3973 1842 3974
f 3975 1868 3976
f 3977 1895 3978
f 3979 1924 3980
f 3981 1955 3982
f 3983 1988 3984
f 3985 2024 3986
f 3987 2067 3988
f 3989 2110 3990
f 3991 2154 3992
f 3993 2198 3994
f 3995 2242 3996
f 3997 2286 3998
f 3999 2330 4000
f 4001 2374 4002
f 4003 2418 4004
f 4005 2462 4006
f 4007 2506 4008
f 4009 2550 4010
f 4011 2594 4012
f 4013 2638 4014
f 4015 2683 4016
f 4017 2728 4018
f 4019 2773 4020
f 4021 2818 4022
f 4024 2863 4025
f 4025 2907 4026
f 4027 2951 4028
f 4029 2995 4030
f 4031 3040 4032
f 4033 3085 4034
f 4035 3130 4036
f 4037 3175 4038
f 4039 3220 4040
f 350 4045 4044
f 351 4047 4046
f 352 4049 4048
f 353 4051 4050
f 354 4053 4052
f 355 4055 4054
f 356 4057 4056
f 357 4059 4058
f 358 4061 4060
f 411 4065 4064
f 412 4067 4066
f 413 4069 4068
f 414 4070 4072
f 414 4072 4071
f 464 4075 4074
f 465 4076 4078
f 465 4078 4077
f 513 4081 4080
f 514 4082 4084
f 514 4084 4083
f 557 4086 4088
f 557 4088 4087
f 595 4090 4092
f 595 4092 4091
f 630 4094 4096
f 630 4096 4095
f 662 4098 4100
f 662 4100 4099
f 692 4102 4104
f 692 4104 4103
f 720 4105 4106
f 748 4108 4110
f 748 4110 4109
f 774 4112 4114
f 774 4114 4113
f 799 4115 4116
f 823 4117 4118
f 847 4120 4122
f 847 4122 4121
f 870 4123 4124
f 893 4125 4126
f 915 4127 4128
f 937 4129 4130
f 959 4131 4132
f 980 4134 4136
f 980 4136 4135
f 1000 4137 4138
f 1020 4139 4140
f 1040 4141 4142
f 1060 4143 4144
f 1080 4145 4146
f 1100 4147 4148
f 1120 4149 4150
f 1140 4151 4152
f 1160 4153 4154
f 1180 4156 4158
f 1180 4158 4157
f 1199 4159 4160
f 1218 4161 4162
f 1237 4163 4164
f 1256 4165 4166
f 1275 4167 4168
f 1294 4169 4170
f 1313 4171 4172
f 1332 4173 4174
f 1351 4175 4176
f 1370 4177 4178
f 1389 4179 4180
f 1408 4181 4182
f 1427 4183 4184
f 1446 4185 4186
f 1465 4187 4188
f 1484 4189 4190
f 1503 4191 4192
f 1522 4193 4194
f 1541 4195 4196
f 1580 4198 4199
f 1580 4199 4200
f 1600 4201 4202
f 1620 4203 4204
f 1640 4205 4206
f 1681 4208 4209
f 1681 4209 4210
f 1724 4212 4213
f 1724 4213 4214
f 1769 4216 4217
f 1769 4217 4218
f 1816 4220 4221
f 1841 4222 4223
f 1867 4224 4225
f 1894 4226 4227
f 1923 4229 4230
f 1923 4230 4231
f 1954 4233 4234
f 1954 4234 4235
f 1987 4237 4238
f 1987 4238 4239
f 2022 4241 4242
f 2023 4243 4244
f 2023 4244 4245
f 2061 4247 4248
f 2062 4249 4250
f 2063 4251 4252
f 2064 4253 4254
f 2065 4255 4256
f 2066 4257 4258
f 4043 349 350
f 4070 414 349
f 4045 350 351
f 4047 351 352
f 4049 352 353
f 4051 353 354
f 4053 354 355
f 4055 355 356
f 4057 356 357
f 4059 357 358
f 4061 358 359
f 4063 410 411
f 4076 465 410
f 4065 411 412
f 4067 412 413
f 4069 413 414
f 4073 463 464
f 4082 514 463
f 4075 464 465
f 4079 512 513
f 4086 557 512
f 4081 513 514
f 4085 556 557
f 4090 595 556
f 4089 594 595
f 4094 630 594
f 4093 629 630
f 4098 662 629
f 4097 661 662
f 4102 692 661
f 4101 691 692
f 4105 720 691
f 4108 748 720
f 4107 747 748
f 4112 774 747
f 4111 773 774
f 4115 799 773
f 4117 823 799
f 4120 847 823
f 4119 846 847
f 4123 870 846
f 4125 893 870
f 4127 915 893
f 4129 937 915
f 4131 959 937
f 4134 980 959
f 4133 979 980
f 4137 1000 979
f 4139 1020 1000
f 4141 1040 1020
f 4143 1060 1040
f 4145 1080 1060
f 4147 1100 1080
f 4149 1120 1100
f 4151 1140 1120
f 4153 1160 1140
f 4156 1180 1160
f 4155 1179 1180
f 4159 1199 1179
f 4161 1218 1199
f 4163 1237 1218
f 4165 1256 1237
f 4167 1275 1256
f 4169 1294 1275
f 4171 1313 1294
f 4173 1332 1313
f 4175 1351 1332
f 4177 1370 1351
f 4179 1389 1370
f 4181 1408 1389
f 4183 1427 1408
f 4185 1446 1427
f 4187 1465 1446
f 4189 1484 1465
f 4191 1503 1484
f 4193 1522 1503
f 4195 1541 1522
f 4197 1560 1541
f 4198 1580 1560
f 4201 1600 1580
f 4203 1620 1600
f 4205 1640 1620
f 4207 1660 1640
f 4208 1681 1660
f 4211 1702 1681
f 4212 1724 1702
f 4215 1746 1724
f 4216 1769 1746
f 4219 1792 1769
f 4220 1816 1792
f 4222 1841 1816
f 4224 1867 1841
f 4226 1894 1867
f 4228 1922 1894
f 4229 1923 1922
f 4232 1953 1923
f 4233 1954 1953
f 4236 1986 1954
f 4237 1987 1986
f 4240 2021 1987
f 4241 2022 2021
f 4243 2023 2022
f 4246 2060 2023
f 4247 2061 2060
f 4249 2062 2061
f 4251 2063 2062
f 4253 2064 2063
f 4255 2065 2064
f 4257 2066 2065
f 4043 350 4044
f 4070 349 4043
f 4045 351 4046
f 4047 352 4048
f 4049 353 4050
f 4051 354 4052
f 4053 355 4054
f 4055 356 4056
f 4057 357 4058
f 4059 358 4060
f 4061 359 4062
f 4063 411 4064
f 4076 410 4063
f 4065 412 4066
f 4067 413 4068
f 4069 414 4071
f 4073 464 4074
f 4082 463 4073
f 4075 465 4077
f 4079 513 4080
f 4086 512 4079
f 4081 514 4083
f 4085 557 4087
f 4090 556 4085
f 4089 595 4091
f 4094 594 4089
f 4093 630 4095
f 4098 629 4093
f 4097 662 4099
f 4102 661 4097
f 4101 692 4103
f 4105 691 4101
f 4108 720 4106
f 4107 748 4109
f 4112 747 4107
f 4111 774 4113
f 4115 773 4111
f 4117 799 4116
f 4120 823 4118
f 4119 847 4121
f 4123 846 4119
f 4125 870 4124
f 4127 893 4126
f 4129 915 4128
f 4131 937 4130
f 4134 959 4132
f 4133 980 4135
f 4137 979 4133
f 4139 1000 4138
f 4141 1020 4140
f 4143 1040 4142
f 4145 1060 4144
f 4147 1080 4146
f 4149 1100 4148
f 4151 1120 4150
f 4153 1140 4152
f 4156 1160 4154
f 4155 1180 4157
f 4159 1179 4155
f 4161 1199 4160
f 4163 1218 4162
f 4165 1237 4164
f 4167 1256 4166
f 4169 1275 4168
f 4171 1294 4170
f 4173 1313 4172
f 4175 1332 4174
f 4177 1351 4176
f 4179 1370 4178
f 4181 1389 4180
f 4183 1408 4182
f 4185 1427 4184
f 4187 1446 4186
f 4189 1465 4188
f 4191 1484 4190
f 4193 1503 4192
f 4195 1522 4194
f 4197 1541 4196
f 4198 1560 4197
f 4201 1580 4200
f 4203 1600 4202
f 4205 1620 4204
f 4207 1640 4206
f 4208 1660 4207
f 4211 1681 4210
f 4212 1702 4211
f 4215 1724 4214
f 4216 1746 4215
f 4219 1769 4218
f 4220 1792 4219
f 4222 1816 4221
f 4224 1841 4223
f 4226 1867 4225
f 4228 1894 4227
f 4229 1922 4228
f 4232 1923 4231
f 4233 1953 4232
f 4236 1954 4235
f 4237 1986 4236
f 4240 1987 4239
f 4241 2021 4240
f 4243 2022 4242
f 4246 2023 4245
f 4247 2060 4246
f 4249 2061 4248
f 4251 2062 4250
f 4253 2063 4252
f 4255 2064 4254
f 4257 2065 4256
f 4259 2066 4258
f 3265 4264 4261
f 3265 4265 4264
f 3309 4268 4267
f 3309 4269 4268
f 3310 4271 4270
f 3351 4274 4273
f 3351 4275 4274
f 3390 4278 4277
f 3427 4280 4279
f 3427 4281 4280
f 3463 4284 4283
f 3497 4286 4285
f 3530 4289 4288
f 3530 4290 4289
f 3562 4292 4291
f 3593 4294 4293
f 3623 4296 4295
f 3652 4298 4297
f 3680 4300 4299
f 3707 4302 4301
f 3707 4303 4302
f 3733 4306 4305
f 3733 4307 4306
f 3757 4310 4309
f 3757 4311 4310
f 3779 4314 4313
f 3779 4315 4314
f 3799 4318 4317
f 3799 4319 4318
f 3800 4321 4320
f 3801 4323 4322
f 3817 4326 4325
f 3817 4327 4326
f 3818 4329 4328
f 3819 4331 4330
f 3820 4333 4332
f 3821 4335 4334
f 3822 4337 4336
f 3831 4340 4339
f 3831 4341 4340
f 3832 4343 4342
f 3833 4345 4344
f 3834 4347 4346
f 3835 4349 4348
f 3836 4351 4350
f 3837 4353 4352
f 4042 4263 4354
f 4260 3220 3265
f 4265 3265 3266
f 4266 3266 3309
f 4269 3309 3310
f 4271 3310 3311
f 4272 3311 3351
f 4275 3351 3352
f 4276 3352 3390
f 4278 3390 3427
f 4281 3427 3428
f 4282 3428 3463
f 4284 3463 3497
f 4286 3497 3498
f 4287 3498 3530
f 4290 3530 3562
f 4292 3562 3593
f 4294 3593 3623
f 4296 3623 3652
f 4298 3652 3680
f 4300 3680 3707
f 4303 3707 3708
f 4304 3708 3733
f 4307 3733 3734
f 4308 3734 3757
f 4311 3757 3758
f 4312 3758 3779
f 4315 3779 3780
f 4316 3780 3799
f 4319 3799 3800
f 4321 3800 3801
f 4323 3801 3802
f 4324 3802 3817
f 4327 3817 3818
f 4329 3818 3819
f 4331 3819 3820
f 4333 3820 3821
f 4335 3821 3822
f 4337 3822 3823
f 4338 3823 3831
f 4341 3831 3832
f 4343 3832 3833
f 4345 3833 3834
f 4347 3834 3835
f 4349 3835 3836
f 4351 3836 3837
f 4262 4041 3220
f 4263 4042 4041
f 4260 3265 4261
f 4265 3266 4266
f 4266 3309 4267
f 4269 3310 4270
f 4271 3311 4272
f 4272 3351 4273
f 4275 3352 4276
f 4276 3390 4277
f 4278 3427 4279
f 4281 3428 4282
f 4282 3463 4283
f 4284 3497 4285
f 4286 3498 4287
f 4287 3530 4288
f 4290 3562 4291
f 4292 3593 4293
f 4294 3623 4295
f 4296 3652 4297
f 4298 3680 4299
f 4300 3707 4301
f 4303 3708 4304
f 4304 3733 4305
f 4307 3734 4308
f 4308 3757 4309
f 4311 3758 4312
f 4312 3779 4313
f 4315 3780 4316
f 4316 3799 4317
f 4319 3800 4320
f 4321 3801 4322
f 4323 3802 4324
f 4324 3817 4325
f 4327 3818 4328
f 4329 3819 4330
f 4331 3820 4332
f 4333 3821 4334
f 4335 3822 4336
f 4337 3823 4338
f 4338 3831 4339
f 4341 3832 4342
f 4343 3833 4344
f 4345 3834 4346
f 4347 3835 4348
f 4349 3836 4350
f 4351 3837 4352
f 4262 3220 4260
f 4263 4041 4262
f 1 4356 4355
f 1 4357 4356
f 1 4358 4357
f 1 4359 4358
f 1 4360 4359
f 1 4361 4360
f 1 4362 4361
f 1 4363 4362
f 1 4364 4363
f 1 4365 4364
f 1 4366 4365
f 1 4367 4366
f 1 4368 4367
f 1 4369 4368
f 1 4370 4369
f 1 4371 4370
f 1 4372 4371
f 1 4373 4372
f 1 4374 4373
f 1 4375 4374
f 1 4376 4375
f 1 4377 4376
f 1 4378 4377
f 1 4379 4378
f 1 4380 4379
f 1 4381 4380
f 1 4382 4381
f 1 4383 4382
f 1 4384 4383
f 1 4385 4384
f 1 4386 4385
f 1 4387 4386
f 1 4388 4387
f 1 4389 4388
f 1 4390 4389
f 1 4391 4390
f 1 4392 4391
f 1 4393 4392
f 1 4394 4393
f 1 4395 4394
f 1 4396 4395
f 1 4397 4396
f 1 4398 4397
f 1 4399 4398
f 1 4400 4399
f 1 4401 4400
f 1 4402 4401
f 1 4403 4402
f 1 4404 4403
f 1 4405 4404
f 1 4406 4405
f 1 4407 4406
f 1 4408 4407
f 1 4409 4408
f 1 4410 4409
f 1 4411 4410
f 1 4412 4411
f 1 4413 4412
f 1 4414 4413
f 1 4415 4414
f 1 4416 4415
f 1 4417 4416
f 34 4418 4419
f 100 4424 4421
f 99 4422 4423
f 165 4428 4425
f 164 4426 4427
f 230 4432 4429
f 229 4430 4431
f 295 4436 4433
f 294 4434 4435
f 360 4440 4437
f 415 4442 4441
f 466 4444 4443
f 2066 4446 4447
f 2153 4450 4451
f 2153 4451 4452
f 2197 4453 4454
f 2241 4455 4456
f 2285 4457 4458
f 2329 4459 4460
f 2373 4461 4462
f 2417 4463 4464
f 2461 4465 4466
f 2505 4467 4468
f 2549 4469 4470
f 2593 4471 4472
f 2682 4474 4475
f 2682 4475 4476
f 2727 4477 4478
f 2772 4479 4480
f 2817 4481 4482
f 2862 4483 4484
f 2906 4485 4486
f 2950 4487 4488
f 3039 4490 4491
f 3039 4491 4492
f 3084 4493 4494
f 3129 4495 4496
f 3174 4497 4498
f 3219 4499 4500
f 3264 4501 4502
f 3308 4503 4504
f 3350 4505 4506
f 3389 4507 4508
f 3426 4509 4510
f 3462 4511 4512
f 3496 4513 4514
f 3529 4515 4516
f 3561 4517 4518
f 3592 4519 4520
f 3622 4521 4522
f 3651 4523 4524
f 3679 4525 4526
f 3706 4527 4528
f 3732 4529 4530
f 3756 4531 4532
f 3778 4533 4534
f 3798 4535 4536
f 3816 4537 4538
f 3830 4539 4540
f 466 4445 4444
f 4259 4545 4448
f 359 4438 4439
f 4353 4542 4546
f 4418 34 1
f 4417 1 35
f 4422 99 34
f 4420 35 100
f 4426 164 99
f 4424 100 165
f 4430 229 164
f 4428 165 230
f 4434 294 229
f 4432 230 295
f 4438 359 294
f 4436 295 360
f 4440 360 415
f 4442 415 466
f 4449 2109 2066
f 4450 2153 2109
f 4453 2197 2153
f 4455 2241 2197
f 4457 2285 2241
f 4459 2329 2285
f 4461 2373 2329
f 4463 2417 2373
f 4465 2461 2417
f 4467 2505 2461
f 4469 2549 2505
f 4471 2593 2549
f 4473 2637 2593
f 4474 2682 2637
f 4477 2727 2682
f 4479 2772 2727
f 4481 2817 2772
f 4483 2862 2817
f 4485 2906 2862
f 4487 2950 2906
f 4489 2994 2950
f 4490 3039 2994
f 4493 3084 3039
f 4495 3129 3084
f 4497 3174 3129
f 4499 3219 3174
f 4501 3264 3219
f 4503 3308 3264
f 4505 3350 3308
f 4507 3389 3350
f 4509 3426 3389
f 4511 3462 3426
f 4513 3496 3462
f 4515 3529 3496
f 4517 3561 3529
f 4519 3592 3561
f 4521 3622 3592
f 4523 3651 3622
f 4525 3679 3651
f 4527 3706 3679
f 4529 3732 3706
f 4531 3756 3732
f 4533 3778 3756
f 4535 3798 3778
f 4537 3816 3798
f 4539 3830 3816
f 4541 3837 3830
f 4445 466 3838
f 4544 4062 359
f 4446 2066 4259
f 4542 4353 3837
f 4418 1 4355
f 4417 35 4420
f 4422 34 4419
f 4420 100 4421
f 4426 99 4423
f 4424 165 4425
f 4430 164 4427
f 4428 230 4429
f 4434 229 4431
f 4432 295 4433
f 4438 294 4435
f 4436 360 4437
f 4440 415 4441
f 4442 466 4443
f 4449 2066 4447
f 4450 2109 4449
f 4453 2153 4452
f 4455 2197 4454
f 4457 2241 4456
f 4459 2285 4458
f 4461 2329 4460
f 4463 2373 4462
f 4465 2417 4464
f 4467 2461 4466
f 4469 2505 4468
f 4471 2549 4470
f 4473 2593 4472
f 4474 2637 4473
f 4477 2682 4476
f 4479 2727 4478
f 4481 2772 4480
f 4483 2817 4482
f 4485 2862 4484
f 4487 2906 4486
f 4489 2950 4488
f 4490 2994 4489
f 4493 3039 4492
f 4495 3084 4494
f 4497 3129 4496
f 4499 3174 4498
f 4501 3219 4500
f 4503 3264 4502
f 4505 3308 4504
f 4507 3350 4506
f 4509 3389 4508
f 4511 3426 4510
f 4513 3462 4512
f 4515 3496 4514
f 4517 3529 4516
f 4519 3561 4518
f 4521 3592 4520
f 4523 3622 4522
f 4525 3651 4524
f 4527 3679 4526
f 4529 3706 4528
f 4531 3732 4530
f 4533 3756 4532
f 4535 3778 4534
f 4537 3798 4536
f 4539 3816 4538
f 4541 3830 4540
f 4445 3838 4543
f 4544 359 4439
f 4446 4259 4448
f 4542 3837 4541

