# https://github.com/mikedh/trimesh
v 208.59142603 -42.99891983 10.65463813
v 208.59142603 -42.90586240 9.53336985
v 208.59142603 -42.75068253 8.65065829
v 208.59142603 -42.53325149 7.89687818
v 208.59142603 -42.25338384 7.22893862
v 208.59142603 -41.91083207 6.62464237
v 208.59142603 -41.50527931 6.07082965
v 208.59142603 48.10207500 6.07082965
v 208.59142603 48.50762777 6.62464237
v 208.59142603 48.85017953 7.22893862
v 208.59142603 49.13004718 7.89687818
v 208.59142603 49.34747823 8.65065829
v 208.59142603 49.50265809 9.53336985
v 208.59142603 49.59571553 10.65463813
v 210.00464803 49.52528271 12.96526898
v 210.00464803 49.37814611 15.12757247
v 210.00464803 49.09031242 16.90287837
v 210.00464803 -42.26466395 16.90287837
v 210.00464803 -42.55249765 15.12757247
v 210.00464803 -42.69963425 12.96526898
v 210.00464803 -42.66876794 10.60091806
v 210.00464803 -42.57614411 9.49262692
v 210.00464803 -42.42168732 8.62013155
v 210.00464803 -42.20526941 7.87507542
v 210.00464803 -41.92670583 7.21486634
v 210.00464803 -41.58575020 6.61756400
v 210.00464803 -41.18208714 6.07016090
v 210.00464803 48.00773560 6.07016090
v 210.00464803 48.41139867 6.61756400
v 210.00464803 48.75235429 7.21486634
v 210.00464803 49.03091788 7.87507542
v 210.00464803 49.24733579 8.62013155
v 210.00464803 49.40179258 9.49262692
v 210.00464803 49.49441641 10.60091806
v 211.41192671 49.39861887 12.89110014
v 211.41192671 49.25268784 15.03167335
v 211.41192671 48.96713404 16.78793397
v 211.41192671 48.56495432 18.41718777
v 211.41192671 48.05466037 19.96293145
v 211.41192671 47.44215606 21.44322566
v 211.41192671 46.73237036 22.86719962
v 211.41192671 -39.68586010 22.86719962
v 211.41192671 -40.39564580 21.44322566
v 211.41192671 -41.00815011 19.96293145
v 211.41192671 -41.51844407 18.41718777
v 211.41192671 -41.92062379 16.78793397
v 211.41192671 -42.20617758 15.03167335
v 211.41192671 -42.35210861 12.89110014
v 211.41192671 -42.32140101 10.55365843
v 211.41192671 -42.22925342 9.45798100
v 211.41192671 -42.07559079 8.59541569
v 211.41192671 -41.86028563 7.85883921
v 211.41192671 -41.58315433 7.20614412
v 211.41192671 -41.24395178 6.61563980
v 211.41192671 -40.84236422 6.07446682
v 211.41192671 47.88887447 6.07446682
v 211.41192671 48.29046204 6.61563980
v 211.41192671 48.62966458 7.20614412
v 211.41192671 48.90679589 7.85883921
v 211.41192671 49.12210105 8.59541569
v 211.41192671 49.27576368 9.45798100
v 211.41192671 49.36791127 10.55365843
v 212.81315602 49.25025655 12.82285052
v 212.81315602 49.10555268 14.94244243
v 212.81315602 48.82234386 16.68024057
v 212.81315602 48.42336792 18.29197132
v 212.81315602 47.91703631 19.82084828
v 212.81315602 47.30918302 21.28481894
v 212.81315602 46.60467878 22.69296036
v 212.81315602 45.80794405 24.05022948
v 212.81315602 44.92315350 25.35935975
v 212.81315602 43.95432325 26.62176736
v 212.81315602 42.90534518 27.83803868
v 212.81315602 41.77999442 29.00821571
v 212.81315602 -34.51963718 29.00821571
v 212.81315602 -35.64498795 27.83803868
v 212.81315602 -36.69396602 26.62176736
v 212.81315602 -37.66279627 25.35935975
v 212.81315602 -38.54758682 24.05022948
v 212.81315602 -39.34432154 22.69296036
v 212.81315602 -40.04882579 21.28481894
v 212.81315602 -40.65667908 19.82084828
v 212.81315602 -41.16301068 18.29197132
v 212.81315602 -41.56198662 16.68024057
v 212.81315602 -41.84519545 14.94244243
v 212.81315602 -41.98989931 12.82285052
v 212.81315602 -41.95936259 10.51157960
v 212.81315602 -41.86772778 9.42816975
v 212.81315602 -41.71492025 8.57526202
v 212.81315602 -41.50081322 7.84693250
v 212.81315602 -41.22522408 7.20154520
v 212.81315602 -40.88790912 6.61765238
v 212.81315602 -40.48855630 6.08253856
v 212.81315602 47.74891353 6.08253856
v 212.81315602 48.14826635 6.61765238
v 212.81315602 48.48558132 7.20154520
v 212.81315602 48.76117045 7.84693250
v 212.81315602 48.97527749 8.57526202
v 212.81315602 49.12808502 9.42816975
v 212.81315602 49.21971983 10.51157960
v 214.20823127 49.08364051 12.75923399
v 214.20823127 48.94017605 14.85855105
v 214.20823127 48.65935829 16.57843836
v 214.20823127 48.26366604 18.17314947
v 214.20823127 47.76141030 19.68563237
v 214.20823127 47.15835488 21.13372866
v 214.20823127 46.45931198 22.52646703
v 214.20823127 45.66864913 23.86878313
v 214.20823127 44.79049124 25.16340382
v 214.20823127 43.82880682 26.41174737
v 214.20823127 42.78744190 27.61440764
v 214.20823127 41.67012732 28.77143757
v 214.20823127 40.48047152 29.88252641
v 214.20823127 39.22194465 30.94711634
v 214.20823127 37.89785728 31.96448249
v 214.20823127 36.51133524 32.93378991
v 214.20823127 35.06529148 33.85413528
v 214.20823127 33.56239457 34.72457831
v 214.20823127 -26.09425066 34.72457831
v 214.20823127 -27.59714757 33.85413528
v 214.20823127 -29.04319133 32.93378991
v 214.20823127 -30.42971336 31.96448249
v 214.20823127 -31.75380074 30.94711634
v 214.20823127 -33.01232760 29.88252641
v 214.20823127 -34.20198340 28.77143757
v 214.20823127 -35.31929798 27.61440764
v 214.20823127 -36.36066291 26.41174737
v 214.20823127 -37.32234732 25.16340382
v 214.20823127 -38.20050521 23.86878313
v 214.20823127 -38.99116806 22.52646703
v 214.20823127 -39.69021097 21.13372866
v 214.20823127 -40.29326639 19.68563237
v 214.20823127 -40.79552213 18.17314947
v 214.20823127 -41.19121438 16.57843836
v 214.20823127 -41.47203214 14.85855105
v 214.20823127 -41.61549660 12.75923399
v 214.20823127 -41.58514095 10.47343178
v 214.20823127 -41.49404950 9.40196041
v 214.20823127 -41.34214806 8.55845117
v 214.20823127 -41.12931059 7.83814738
v 214.20823127 -40.85535559 7.19987183
v 214.20823127 -40.52004078 6.62241313
v 214.20823127 -40.12305596 6.09319592
v 214.20823127 47.59119988 6.09319592
v 214.20823127 47.98818469 6.62241313
v 214.20823127 48.32349951 7.19987183
v 214.20823127 48.59745451 7.83814738
v 214.20823127 48.81029197 8.55845117
v 214.20823127 48.96219341 9.40196041
v 214.20823127 49.05328486 10.47343178
v 215.59704911 48.90213689 12.69992637
v 215.59704911 48.75991509 14.77956481
v 215.59704911 48.48151622 16.48200616
v 215.59704911 48.08916152 18.06012181
v 215.59704911 47.59106191 19.55660885
v 215.59704911 46.99291117 20.98920916
v 215.59704911 46.29946301 22.36690628
v 215.59704911 45.51503198 23.69461640
v 215.59704911 44.64369312 24.97506087
v 215.59704911 43.68936718 26.20966070
v 215.59704911 42.65585406 27.39901759
v 215.59704911 41.54684008 28.54319562
v 215.59704911 40.36589079 29.64189727
v 215.59704911 39.11643524 30.69457923
v 215.59704911 37.80174486 31.70053190
v 215.59704911 36.42490859 32.65893597
v 215.59704911 34.98880484 33.56890379
v 215.59704911 33.49607030 34.42951057
v 215.59704911 31.94906480 35.23981836
v 215.59704911 30.34983065 35.99889486
v 215.59704911 28.70004405 36.70582842
v 215.59704911 27.00095399 37.35974018
v 215.59704911 25.25330217 37.95979401
v 215.59704911 23.45721244 38.50520471
v 215.59704911 21.61203063 38.99524487
v 215.59704911 19.71608048 39.42925051
v 215.59704911 17.76627012 39.80662587
v 215.59704911 15.75741469 40.12684734
v 215.59704911 13.68096755 40.38946673
v 215.59704911 11.52235052 40.59411392
v 215.59704911 9.25424511 40.74049894
v 215.59704911 6.81339943 40.82841354
v 215.59704911 3.83540136 40.85773237
v 215.59704911 0.85740329 40.82841354
v 215.59704911 -1.58344239 40.74049894
v 215.59704911 -3.85154780 40.59411392
v 215.59704911 -6.01016483 40.38946673
v 215.59704911 -8.08661197 40.12684734
v 215.59704911 -10.09546740 39.80662587
v 215.59704911 -12.04527777 39.42925051
v 215.59704911 -13.94122792 38.99524487
v 215.59704911 -15.78640972 38.50520471
v 215.59704911 -17.58249945 37.95979401
v 215.59704911 -19.33015127 37.35974018
v 215.59704911 -21.02924133 36.70582842
v 215.59704911 -22.67902794 35.99889486
v 215.59704911 -24.27826208 35.23981836
v 215.59704911 -25.82526759 34.42951057
v 215.59704911 -27.31800213 33.56890379
v 215.59704911 -28.75410587 32.65893597
v 215.59704911 -30.13094215 31.70053190
v 215.59704911 -31.44563253 30.69457923
v 215.59704911 -32.69508808 29.64189727
v 215.59704911 -33.87603736 28.54319562
v 215.59704911 -34.98505134 27.39901759
v 215.59704911 -36.01856446 26.20966070
v 215.59704911 -36.97289041 24.97506087
v 215.59704911 -37.84422926 23.69461640
v 215.59704911 -38.62866029 22.36690628
v 215.59704911 -39.32210846 20.98920916
v 215.59704911 -39.92025919 19.55660885
v 215.59704911 -40.41835881 18.06012181
v 215.59704911 -40.81071351 16.48200616
v 215.59704911 -41.08911238 14.77956481
v 215.59704911 -41.23133417 12.69992637
v 215.59704911 -41.20116784 10.43900124
v 215.59704911 -41.11064451 9.37919102
v 215.59704911 -40.95969043 8.54486195
v 215.59704911 -40.74818038 7.83239744
v 215.59704911 -40.47593396 7.20106844
v 215.59704911 -40.14271042 6.62989440
v 215.59704911 -39.74820149 6.10643682
v 215.59704911 47.41900420 6.10643682
v 215.59704911 47.81351313 6.62989440
v 215.59704911 48.14673668 7.20106844
v 215.59704911 48.41898309 7.83239744
v 215.59704911 48.63049315 8.54486195
v 215.59704911 48.78144722 9.37919102
v 215.59704911 48.87197056 10.43900124
v 216.97950759 48.70903164 12.65120627
v 216.97950759 48.56804714 14.71116662
v 216.97950759 48.29207740 16.39614302
v 216.97950759 47.90308899 17.95764009
v 216.97950759 47.40919366 19.43810610
v 216.97950759 46.81601573 20.85518410
v 216.97950759 46.12825075 22.21781297
v 216.97950759 45.35016056 23.53088979
v 216.97950759 44.48577051 24.79713063
v 216.97950759 43.53895367 26.01795944
v 216.97950759 42.51346389 27.19398594
v 216.97950759 41.41294294 28.32528548
v 216.97950759 40.24091341 29.41157388
v 216.97950759 39.00076312 30.45232246
v 216.97950759 37.69572420 31.44683700
v 216.97950759 36.32884843 32.39431391
v 216.97950759 34.90297943 33.29388128
v 216.97950759 33.42072168 34.14462992
v 216.97950759 31.88440553 34.94563709
v 216.97950759 30.29604680 35.69598516
v 216.97950759 28.65729823 36.39477655
v 216.97950759 26.96938865 37.04114572
v 216.97950759 25.23304294 37.63426905
v 216.97950759 23.44837165 38.17337297
v 216.97950759 21.61471102 38.65774073
v 216.97950759 19.73037912 39.08671802
v 216.97950759 17.79228273 39.45971771
v 216.97950759 15.79524065 39.77622375
v 216.97950759 13.73071618 40.03579438
v 216.97950759 11.58414991 40.23806478
v 216.97950759 9.32825689 40.38274911
v 216.97950759 6.89985016 40.46964212
v 216.97950759 3.93462176 40.49862022
v 216.97950759 0.96939336 40.46964212
v 216.97950759 -1.45901337 40.38274911
v 216.97950759 -3.71490639 40.23806478
v 216.97950759 -5.86147266 40.03579438
v 216.97950759 -7.92599713 39.77622375
v 216.97950759 -9.92303921 39.45971771
v 216.97950759 -11.86113560 39.08671802
v 216.97950759 -13.74546750 38.65774073
v 216.97950759 -15.57912813 38.17337297
v 216.97950759 -17.36379942 37.63426905
v 216.97950759 -19.10014513 37.04114572
v 216.97950759 -20.78805471 36.39477655
v 216.97950759 -22.42680328 35.69598516
v 216.97950759 -24.01516201 34.94563709
v 216.97950759 -25.55147816 34.14462992
v 216.97950759 -27.03373591 33.29388128
v 216.97950759 -28.45960491 32.39431391
v 216.97950759 -29.82648068 31.44683700
v 216.97950759 -31.13151960 30.45232246
v 216.97950759 -32.37166989 29.41157388
v 216.97950759 -33.54369942 28.32528548
v 216.97950759 -34.64422037 27.19398594
v 216.97950759 -35.66971015 26.01795944
v 216.97950759 -36.61652699 24.79713063
v 216.97950759 -37.48091704 23.53088979
v 216.97950759 -38.25900723 22.21781297
v 216.97950759 -38.94677221 20.85518410
v 216.97950759 -39.53995014 19.43810610
v 216.97950759 -40.03384547 17.95764009
v 216.97950759 -40.42283388 16.39614302
v 216.97950759 -40.69880362 14.71116662
v 216.97950759 -40.83978812 12.65120627
v 216.97950759 -40.80981747 10.41520402
v 216.97950759 -40.71988131 9.36707640
v 216.97950759 -40.56990640 8.54194439
v 216.97950759 -40.35976831 7.83733360
v 216.97950759 -40.08928782 7.21296393
v 216.97950759 -39.75822573 6.64808611
v 216.97950759 -39.36627579 6.13039877
v 216.97950759 47.23551931 6.13039877
v 216.97950759 47.62746925 6.64808611
v 216.97950759 47.95853134 7.21296393
v 216.97950759 48.22901183 7.83733360
v 216.97950759 48.43914992 8.54194439
v 216.97950759 48.58912483 9.36707640
v 216.97950759 48.67906099 10.41520402
v 218.35550617 48.50752915 12.61354941
v 218.35550617 48.36776827 14.65366617
v 218.35550617 48.09422096 16.32102736
v 218.35550617 47.70860337 17.86576253
v 218.35550617 47.21892952 19.33006925
v 218.35550617 46.63075516 20.73149102
v 218.35550617 45.94871836 22.07892169
v 218.35550617 45.17702878 23.37723904
v 218.35550617 44.31966254 24.62915385
v 218.35550617 43.38044539 25.83609304
v 218.35550617 42.36308543 26.99867440
v 218.35550617 41.27118013 28.11698464
v 218.35550617 40.10820930 29.19075304
v 218.35550617 38.87751961 30.21946566
v 218.35550617 37.58230396 31.20244379
v 218.35550617 36.22557697 32.13889968
v 218.35550617 34.81014740 33.02797733
v 218.35550617 33.33858734 33.86878323
v 218.35550617 31.81319751 34.66040997
v 218.35550617 30.23596695 35.40195475
v 218.35550617 28.60852467 36.09253416
v 218.35550617 26.93207895 36.73129609
v 218.35550617 25.20733750 37.31742953
v 218.35550617 23.43439715 37.85017264
v 218.35550617 21.61258414 38.32881941
v 218.35550617 19.74021046 38.75272529
v 218.35550617 17.81418124 39.12131185
v 218.35550617 15.82931874 39.43407065
v 218.35550617 13.77709625 39.69056642
v 218.35550617 11.64297375 39.89043968
v 218.35550617 9.39970149 40.03340878
v 218.35550617 6.98416224 40.11927144
v 218.35550617 4.03217664 40.14790588
v 218.35550617 1.08019104 40.11927144
v 218.35550617 -1.33534821 40.03340878
v 218.35550617 -3.57862047 39.89043968
v 218.35550617 -5.71274298 39.69056642
v 218.35550617 -7.76496546 39.43407065
v 218.35550617 -9.74982796 39.12131185
v 218.35550617 -11.67585718 38.75272529
v 218.35550617 -13.54823086 38.32881941
v 218.35550617 -15.37004387 37.85017264
v 218.35550617 -17.14298422 37.31742953
v 218.35550617 -18.86772568 36.73129609
v 218.35550617 -20.54417139 36.09253416
v 218.35550617 -22.17161367 35.40195475
v 218.35550617 -23.74884424 34.66040997
v 218.35550617 -25.27423407 33.86878323
v 218.35550617 -26.74579412 33.02797733
v 218.35550617 -28.16122370 32.13889968
v 218.35550617 -29.51795069 31.20244379
v 218.35550617 -30.81316633 30.21946566
v 218.35550617 -32.04385602 29.19075304
v 218.35550617 -33.20682686 28.11698464
v 218.35550617 -34.29873215 26.99867440
v 218.35550617 -35.31609211 25.83609304
v 218.35550617 -36.25530926 24.62915385
v 218.35550617 -37.11267551 23.37723904
v 218.35550617 -37.88436508 22.07892169
v 218.35550617 -38.56640188 20.73149102
v 218.35550617 -39.15457625 19.33006925
v 218.35550617 -39.64425009 17.86576253
v 218.35550617 -40.02986768 16.32102736
v 218.35550617 -40.30341499 14.65366617
v 218.35550617 -40.44317587 12.61354941
v 218.35550617 -40.41340540 10.40268403
v 218.35550617 -40.32406994 9.36633935
v 218.35550617 -40.17509675 8.55048338
v 218.35550617 -39.96636221 7.85379374
v 218.35550617 -39.69768832 7.23644316
v 218.35550617 -39.36883746 6.67791564
v 218.35550617 -38.97950543 6.16604807
v 218.35550617 47.04385870 6.16604807
v 218.35550617 47.43319073 6.67791564
v 218.35550617 47.76204159 7.23644316
v 218.35550617 48.03071549 7.85379374
v 218.35550617 48.23945002 8.55048338
v 218.35550617 48.38842322 9.36633935
v 218.35550617 48.47775867 10.40268403
v 219.72494574 48.30075087 12.58582965
v 219.72494574 48.16219196 14.60589267
v 219.72494574 47.89104410 16.25545640
v 219.72494574 47.50877855 17.78325822
v 219.72494574 47.02331352 19.23124168
v 219.72494574 46.44013742 20.61684929
v 219.72494574 45.76383184 21.94892920
v 219.72494574 44.99855506 23.23233957
v 219.72494574 44.14823465 24.46978570
v 219.72494574 43.21664970 25.66269737
v 219.72494574 42.20746308 26.81170050
v 219.72494574 41.12422844 27.91689319
v 219.72494574 39.97038319 28.97801824
v 219.72494574 38.74923324 29.99457657
v 219.72494574 37.46393251 30.96590510
v 219.72494574 36.11745864 31.89123200
v 219.72494574 34.71258563 32.76971732
v 219.72494574 33.25185329 33.60048337
v 219.72494574 31.73753264 34.38263819
v 219.72494574 30.17158584 35.11529391
v 219.72494574 28.55561801 35.79758141
v 219.72494574 26.89081666 36.42866214
v 219.72494574 25.17787198 37.00773779
v 219.72494574 23.41686676 37.53405834
v 219.72494574 21.60711683 38.00692862
v 219.72494574 19.74692768 38.42571393
v 219.72494574 17.83320235 38.78984460
v 219.72494574 15.86076617 39.09881987
v 219.72494574 13.82110217 39.35221101
v 219.72494574 11.69968962 39.54966392
v 219.72494574 9.46931449 39.69090118
v 219.72494574 7.06693122 39.77572353
v 219.72494574 4.12849782 39.80401100
v 219.72494574 1.19006442 39.77572353
v 219.72494574 -1.21231885 39.69090118
v 219.72494574 -3.44269398 39.54966392
v 219.72494574 -5.56410654 39.35221101
v 219.72494574 -7.60377054 39.09881987
v 219.72494574 -9.57620671 38.78984460
v 219.72494574 -11.48993204 38.42571393
v 219.72494574 -13.35012119 38.00692862
v 219.72494574 -15.15987113 37.53405834
v 219.72494574 -16.92087634 37.00773779
v 219.72494574 -18.63382102 36.42866214
v 219.72494574 -20.29862237 35.79758141
v 219.72494574 -21.91459020 35.11529391
v 219.72494574 -23.48053700 34.38263819
v 219.72494574 -24.99485766 33.60048337
v 219.72494574 -26.45559000 32.76971732
v 219.72494574 -27.86046300 31.89123200
v 219.72494574 -29.20693688 30.96590510
v 219.72494574 -30.49223761 29.99457657
v 219.72494574 -31.71338755 28.97801824
v 219.72494574 -32.86723280 27.91689319
v 219.72494574 -33.95046744 26.81170050
v 219.72494574 -34.95965407 25.66269737
v 219.72494574 -35.89123902 24.46978570
v 219.72494574 -36.74155943 23.23233957
v 219.72494574 -37.50683621 21.94892920
v 219.72494574 -38.18314179 20.61684929
v 219.72494574 -38.76631789 19.23124168
v 219.72494574 -39.25178292 17.78325822
v 219.72494574 -39.63404847 16.25545640
v 219.72494574 -39.90519633 14.60589267
v 219.72494574 -40.04375523 12.58582965
v 219.72494574 -40.01418764 10.40035150
v 219.72494574 -39.92546101 9.37590709
v 219.72494574 -39.77750306 8.56941953
v 219.72494574 -39.57019105 7.88072993
v 219.72494574 -39.30334817 7.27046835
v 219.72494574 -38.97673843 6.71835436
v 219.72494574 -38.59005970 6.21236454
v 219.72494574 46.84705533 6.21236454
v 219.72494574 47.23373406 6.71835436
v 219.72494574 47.56034381 7.27046835
v 219.72494574 47.82718669 7.88072993
v 219.72494574 48.03449870 8.56941953
v 219.72494574 48.18245664 9.37590709
v 219.72494574 48.27118328 10.40035150
v 221.08772863 48.09173411 12.56694670
v 221.08772863 47.95434787 14.56670242
v 221.08772863 47.68556081 16.19825554
v 221.08772863 47.30660605 17.70892537
v 221.08772863 46.82530840 19.14039670
v 221.08772863 46.24709051 20.51000906
v 221.08772863 45.57647871 21.82656390
v 221.08772863 44.81758096 23.09489916
v 221.08772863 43.97427726 24.31771438
v 221.08772863 43.05030086 25.49644209
v 221.08772863 42.04927019 26.63171621
v 221.08772863 40.97469578 27.72364628
v 221.08772863 39.82997328 28.77198866
v 221.08772863 38.61836839 29.77625921
v 221.08772863 37.34299649 30.73581054
v 221.08772863 36.00679866 31.64988692
v 221.08772863 34.61251447 32.51766450
v 221.08772863 33.16265163 33.33828154
v 221.08772863 31.65945160 34.11086167
v 221.08772863 30.10484973 34.83453206
v 221.08772863 28.50042719 35.50843800
v 221.08772863 26.84735058 36.13175459
v 221.08772863 25.14629237 36.70369636
v 221.08772863 23.39732098 37.22352518
v 221.08772863 21.59974143 37.69055683
v 221.08772863 19.75185227 38.10416653
v 221.08772863 17.85055392 38.46379346
v 221.08772863 15.89067419 38.76894459
v 221.08772863 13.86370519 39.01919780
v 221.08772863 11.75514480 39.21420442
v 221.08772863 9.53781402 39.35369128
v 221.08772863 7.14873808 39.43746217
v 221.08772863 4.22400530 39.46539895
v 221.08772863 1.29927252 39.43746217
v 221.08772863 -1.08980342 39.35369128
v 221.08772863 -3.30713420 39.21420442
v 221.08772863 -5.41569459 39.01919780
v 221.08772863 -7.44266360 38.76894459
v 221.08772863 -9.40254332 38.46379346
v 221.08772863 -11.30384167 38.10416653
v 221.08772863 -13.15173083 37.69055683
v 221.08772863 -14.94931038 37.22352518
v 221.08772863 -16.69828177 36.70369636
v 221.08772863 -18.39933998 36.13175459
v 221.08772863 -20.05241659 35.50843800
v 221.08772863 -21.65683913 34.83453206
v 221.08772863 -23.21144100 34.11086167
v 221.08772863 -24.71464103 33.33828154
v 221.08772863 -26.16450387 32.51766450
v 221.08772863 -27.55878806 31.64988692
v 221.08772863 -28.89498589 30.73581054
v 221.08772863 -30.17035779 29.77625921
v 221.08772863 -31.38196268 28.77198866
v 221.08772863 -32.52668518 27.72364628
v 221.08772863 -33.60125959 26.63171621
v 221.08772863 -34.60229026 25.49644209
v 221.08772863 -35.52626666 24.31771438
v 221.08772863 -36.36957036 23.09489916
v 221.08772863 -37.12846811 21.82656390
v 221.08772863 -37.79907991 20.51000906
v 221.08772863 -38.37729780 19.14039670
v 221.08772863 -38.85859545 17.70892537
v 221.08772863 -39.23755021 16.19825554
v 221.08772863 -39.50633727 14.56670242
v 221.08772863 -39.64372351 12.56694670
v 221.08772863 -39.61435976 10.40714112
v 221.08772863 -39.52624481 9.39473075
v 221.08772863 -39.37930689 8.59771692
v 221.08772863 -39.17342409 7.91711728
v 221.08772863 -38.90842083 7.31402438
v 221.08772863 -38.58406274 6.76839602
v 221.08772863 -38.20004978 6.26835000
v 221.08772863 46.64806038 6.26835000
v 221.08772863 47.03207334 6.76839602
v 221.08772863 47.35643143 7.31402438
v 221.08772863 47.62143469 7.91711728
v 221.08772863 47.82731749 8.59771692
v 221.08772863 47.97425541 9.39473075
v 221.08772863 48.06237036 10.40714112
v 222.44375867 47.88343094 12.55582644
v 222.44375867 47.74718066 14.53497928
v 222.44375867 47.48070068 16.14827873
v 222.44375867 47.10499387 17.64159170
v 222.44375867 46.62779445 19.05633806
v 222.44375867 46.05446120 20.40975177
v 222.44375867 45.38946671 21.71058622
v 222.44375867 44.63686994 22.96365843
v 222.44375867 43.80050444 24.17166171
v 222.44375867 42.88405873 25.33603110
v 222.44375867 41.89110780 26.45740845
v 222.44375867 40.82511996 27.53591465
v 222.44375867 39.68944994 28.57131968
v 222.44375867 38.48732396 29.56315437
v 222.44375867 37.22181959 30.51078711
v 222.44375867 35.89584188 31.41347835
v 222.44375867 34.51209647 32.27042047
v 222.44375867 33.07305935 33.08076779
v 222.44375867 31.58094273 33.84365962
v 222.44375867 30.03765531 34.55823833
v 222.44375867 28.44475438 35.22366370
v 222.44375867 26.80338559 35.83912462
v 222.44375867 25.11420356 36.40384853
v 222.44375867 23.37726207 36.91710933
v 222.44375867 21.59185495 37.37823383
v 222.44375867 19.75627333 37.78660725
v 222.44375867 17.86741432 38.14167770
v 222.44375867 15.92010746 38.44295994
v 222.44375867 13.90585290 38.69003853
v 222.44375867 11.81016588 38.88257028
v 222.44375867 9.60590046 39.02028629
v 222.44375867 7.23014898 39.10299345
v 222.44375867 4.31910711 39.13057544
v 222.44375867 1.40806524 39.10299345
v 222.44375867 -0.96768623 39.02028629
v 222.44375867 -3.17195166 38.88257028
v 222.44375867 -5.26763868 38.69003853
v 222.44375867 -7.28189323 38.44295994
v 222.44375867 -9.22920010 38.14167770
v 222.44375867 -11.11805910 37.78660725
v 222.44375867 -12.95364073 37.37823383
v 222.44375867 -14.73904784 36.91710933
v 222.44375867 -16.47598933 36.40384853
v 222.44375867 -18.16517137 35.83912462
v 222.44375867 -19.80654016 35.22366370
v 222.44375867 -21.39944109 34.55823833
v 222.44375867 -22.94272851 33.84365962
v 222.44375867 -24.43484512 33.08076779
v 222.44375867 -25.87388224 32.27042047
v 222.44375867 -27.25762766 31.41347835
v 222.44375867 -28.58360537 30.51078711
v 222.44375867 -29.84910974 29.56315437
v 222.44375867 -31.05123571 28.57131968
v 222.44375867 -32.18690573 27.53591465
v 222.44375867 -33.25289358 26.45740845
v 222.44375867 -34.24584451 25.33603110
v 222.44375867 -35.16229022 24.17166171
v 222.44375867 -35.99865571 22.96365843
v 222.44375867 -36.75125249 21.71058622
v 222.44375867 -37.41624698 20.40975177
v 222.44375867 -37.98958023 19.05633806
v 222.44375867 -38.46677965 17.64159170
v 222.44375867 -38.84248646 16.14827873
v 222.44375867 -39.10896644 14.53497928
v 222.44375867 -39.24521672 12.55582644
v 222.44375867 -39.21605606 10.42201255
v 222.44375867 -39.12855054 9.42178580
v 222.44375867 -38.98262890 8.63436345
v 222.44375867 -38.77817006 7.96195434
v 222.44375867 -38.51499965 7.36611922
v 222.44375867 -38.19288494 6.82705709
v 222.44375867 -37.81152795 6.33302876
v 222.44375867 46.44974217 6.33302876
v 222.44375867 46.83109916 6.82705709
v 222.44375867 47.15321388 7.36611922
v 222.44375867 47.41638428 7.96195434
v 222.44375867 47.62084312 8.63436345
v 222.44375867 47.76676476 9.42178580
v 222.44375867 47.85427028 10.42201255
v 223.79294118 47.67870714 12.55142142
v 223.79294118 47.54354900 14.50963504
v 223.79294118 47.27930789 16.10440897
v 223.79294118 46.90676540 17.58011492
v 223.79294118 46.43356839 18.97790038
v 223.79294118 45.86501398 20.31489056
v 223.79294118 45.20552275 21.59978914
v 223.79294118 44.45910616 22.83739126
v 223.79294118 43.62955275 24.03038350
v 223.79294118 42.72050758 25.18020306
v 223.79294118 41.73550339 26.28749953
v 223.79294118 40.67796739 27.35240511
v 223.79294118 39.55121444 28.37470335
v 223.79294118 38.35843223 29.35394011
v 223.79294118 37.10266132 30.28949962
v 223.79294118 35.78677154 31.18065857
v 223.79294118 34.41343522 32.02662570
v 223.79294118 32.98509720 32.82657148
v 223.79294118 31.50394085 33.57965105
v 223.79294118 29.97184854 34.28502203
v 223.79294118 28.39035387 34.94185888
v 223.79294118 26.76058160 35.54936433
v 223.79294118 25.08316839 36.10677889
v 223.79294118 23.35815319 36.61338854
v 223.79294118 21.58481827 37.06853126
v 223.79294118 19.76144674 37.47160232
v 223.79294118 17.88493172 37.82205885
v 223.79294118 15.95010343 38.11942350
v 223.79294118 13.94846874 38.36328753
v 223.79294118 11.86555828 38.55331329
v 223.79294118 9.67425604 38.68923621
v 223.79294118 7.31171499 38.77086627
v 223.79294118 4.41419916 38.79808902
v 223.79294118 1.51668333 38.77086627
v 223.79294118 -0.84585772 38.68923621
v 223.79294118 -3.03715996 38.55331329
v 223.79294118 -5.12007042 38.36328753
v 223.79294118 -7.12170510 38.11942350
v 223.79294118 -9.05653340 37.82205885
v 223.79294118 -10.93304842 37.47160232
v 223.79294118 -12.75641995 37.06853126
v 223.79294118 -14.52975487 36.61338854
v 223.79294118 -16.25477007 36.10677889
v 223.79294118 -17.93218328 35.54936433
v 223.79294118 -19.56195555 34.94185888
v 223.79294118 -21.14345022 34.28502203
v 223.79294118 -22.67554253 33.57965105
v 223.79294118 -24.15669887 32.82657148
v 223.79294118 -25.58503689 32.02662570
v 223.79294118 -26.95837321 31.18065857
v 223.79294118 -28.27426299 30.28949962
v 223.79294118 -29.53003390 29.35394011
v 223.79294118 -30.72281612 28.37470335
v 223.79294118 -31.84956907 27.35240511
v 223.79294118 -32.90710507 26.28749953
v 223.79294118 -33.89210926 25.18020306
v 223.79294118 -34.80115443 24.03038350
v 223.79294118 -35.63070783 22.83739126
v 223.79294118 -36.37712442 21.59978914
v 223.79294118 -37.03661566 20.31489056
v 223.79294118 -37.60517007 18.97790038
v 223.79294118 -38.07836707 17.58011492
v 223.79294118 -38.45090957 16.10440897
v 223.79294118 -38.71515068 14.50963504
v 223.79294118 -38.85030881 12.55142142
v 223.79294118 -38.82134884 10.44395075
v 223.79294118 -38.73444555 9.45607241
v 223.79294118 -38.58952816 8.67837127
v 223.79294118 -38.38647643 8.01426345
v 223.79294118 -38.12511721 7.42578428
v 223.79294118 -37.80521933 6.89337720
v 223.79294118 -37.42648689 6.40544796
v 223.79294118 46.25488522 6.40544796
v 223.79294118 46.63361766 6.89337720
v 223.79294118 46.95351553 7.42578428
v 223.79294118 47.21487476 8.01426345
v 223.79294118 47.41792648 8.67837127
v 223.79294118 47.56284387 9.45607241
v 223.79294118 47.64974716 10.44395075
v 225.13518299 47.48016236 12.55271906
v 225.13518299 47.34604625 14.48961913
v 225.13518299 47.08396291 16.06556903
v 225.13518299 46.71448261 17.52339454
v 225.13518299 46.24516848 18.90396197
v 225.13518299 45.68125835 20.22428405
v 225.13518299 45.02712278 21.49301281
v 225.13518299 44.28672747 22.71492042
v 225.13518299 43.46381754 23.89268600
v 225.13518299 42.56199602 25.02774855
v 225.13518299 41.58475481 26.12076518
v 225.13518299 40.53548131 27.17187926
v 225.13518299 39.41745169 28.18088788
v 225.13518299 38.23381623 29.14735191
v 225.13518299 36.98757953 30.07067151
v 225.13518299 35.68157709 30.95013967
v 225.13518299 34.31844873 31.78498157
v 225.13518299 32.90060882 32.57438396
v 225.13518299 31.43021246 33.31751787
v 225.13518299 29.90911609 34.01355635
v 225.13518299 28.33882992 34.66168859
v 225.13518299 26.72045796 35.26113133
v 225.13518299 25.05461889 35.81113820
v 225.13518299 23.34133664 36.31100742
v 225.13518299 21.57988153 36.76008818
v 225.13518299 19.76852810 37.15778593
v 225.13518299 17.90416460 37.50356689
v 225.13518299 15.98162077 37.79696166
v 225.13518299 13.99240852 38.03756826
v 225.13518299 11.92207132 38.22505464
v 225.13518299 9.74351889 38.35916058
v 225.13518299 7.39395573 38.43969919
v 225.13518299 4.50966064 38.46655792
v 225.13518299 1.62536555 38.43969919
v 225.13518299 -0.72419761 38.35916058
v 225.13518299 -2.90275004 38.22505464
v 225.13518299 -4.97308724 38.03756826
v 225.13518299 -6.96229949 37.79696166
v 225.13518299 -8.88484332 37.50356689
v 225.13518299 -10.74920682 37.15778593
v 225.13518299 -12.56056025 36.76008818
v 225.13518299 -14.32201536 36.31100742
v 225.13518299 -16.03529761 35.81113820
v 225.13518299 -17.70113668 35.26113133
v 225.13518299 -19.31950864 34.66168859
v 225.13518299 -20.88979481 34.01355635
v 225.13518299 -22.41089118 33.31751787
v 225.13518299 -23.88128754 32.57438396
v 225.13518299 -25.29912745 31.78498157
v 225.13518299 -26.66225581 30.95013967
v 225.13518299 -27.96825825 30.07067151
v 225.13518299 -29.21449495 29.14735191
v 225.13518299 -30.39813041 28.18088788
v 225.13518299 -31.51616002 27.17187926
v 225.13518299 -32.56543353 26.12076518
v 225.13518299 -33.54267474 25.02774855
v 225.13518299 -34.44449626 23.89268600
v 225.13518299 -35.26740619 22.71492042
v 225.13518299 -36.00780149 21.49301281
v 225.13518299 -36.66193707 20.22428405
v 225.13518299 -37.22584720 18.90396197
v 225.13518299 -37.69516133 17.52339454
v 225.13518299 -38.06464163 16.06556903
v 225.13518299 -38.32672497 14.48961913
v 225.13518299 -38.46084108 12.55271906
v 225.13518299 -38.43207790 10.47197281
v 225.13518299 -38.34576517 9.49662155
v 225.13518299 -38.20183257 8.72878228
v 225.13518299 -38.00016069 8.07309588
v 225.13518299 -37.74057755 7.49207910
v 225.13518299 -37.42285356 6.96642337
v 225.13518299 -37.04669481 6.48468145
v 225.13518299 46.06601609 6.48468145
v 225.13518299 46.44217484 6.96642337
v 225.13518299 46.75989883 7.49207910
v 225.13518299 47.01948197 8.07309588
v 225.13518299 47.22115385 8.72878228
v 225.13518299 47.36508645 9.49662155
v 225.13518299 47.45139918 10.47197281
v 226.47039247 47.26957507 12.55973342
v 226.47039247 47.13650743 14.47508359
v 226.47039247 46.87661078 16.03202732
v 226.47039247 46.51024528 17.47180791
v 226.47039247 46.04489076 18.83500415
v 226.47039247 45.48572601 20.13851358
v 226.47039247 44.83707168 21.39093511
v 226.47039247 44.10284781 22.59701705
v 226.47039247 43.28675605 23.75943059
v 226.47039247 42.39235744 24.87961614
v 226.47039247 41.42310292 25.95823810
v 226.47039247 40.38233997 26.99545088
v 226.47039247 39.27330594 27.99106501
v 226.47039247 38.09911349 28.94465636
v 226.47039247 36.86273102 29.85564093
v 226.47039247 35.56695943 30.72332808
v 226.47039247 34.21440577 31.54695940
v 226.47039247 32.80745361 32.32573795
v 226.47039247 31.34822946 33.05885071
v 226.47039247 29.83856352 33.74548616
v 226.47039247 28.27994226 34.38484828
v 226.47039247 26.67344864 34.97616784
v 226.47039247 25.01968315 35.51871167
v 226.47039247 23.31865451 36.01179024
v 226.47039247 21.56962108 36.45476399
v 226.47039247 19.77084899 36.84704861
v 226.47039247 17.91922219 37.18811941
v 226.47039247 16.00957094 37.47751496
v 226.47039247 14.03341421 37.71484011
v 226.47039247 11.97631201 37.89976839
v 226.47039247 9.81120719 38.03204399
v 226.47039247 7.47537367 38.11148312
v 226.47039247 4.60520791 38.13797515
v 226.47039247 1.73504215 38.11148312
v 226.47039247 -0.60079138 38.03204399
v 226.47039247 -2.76589620 37.89976839
v 226.47039247 -4.82299839 37.71484011
v 226.47039247 -6.79915513 37.47751496
v 226.47039247 -8.70880637 37.18811941
v 226.47039247 -10.56043318 36.84704861
v 226.47039247 -12.35920526 36.45476399
v 226.47039247 -14.10823869 36.01179024
v 226.47039247 -15.80926734 35.51871167
v 226.47039247 -17.46303283 34.97616784
v 226.47039247 -19.06952644 34.38484828
v 226.47039247 -20.62814770 33.74548616
v 226.47039247 -22.13781365 33.05885071
v 226.47039247 -23.59703780 32.32573795
v 226.47039247 -25.00398995 31.54695940
v 226.47039247 -26.35654362 30.72332808
v 226.47039247 -27.65231520 29.85564093
v 226.47039247 -28.88869767 28.94465636
v 226.47039247 -30.06289013 27.99106501
v 226.47039247 -31.17192416 26.99545088
v 226.47039247 -32.21268711 25.95823810
v 226.47039247 -33.18194162 24.87961614
v 226.47039247 -34.07634024 23.75943059
v 226.47039247 -34.89243199 22.59701705
v 226.47039247 -35.62665586 21.39093511
v 226.47039247 -36.27531020 20.13851358
v 226.47039247 -36.83447494 18.83500415
v 226.47039247 -37.29982947 17.47180791
v 226.47039247 -37.66619496 16.03202732
v 226.47039247 -37.92609162 14.47508359
v 226.47039247 -38.05915925 12.55973342
v 226.47039247 -38.03060100 10.50593387
v 226.47039247 -37.94490318 9.54321390
v 226.47039247 -37.80199600 8.78531853
v 226.47039247 -37.60176089 8.13812359
v 226.47039247 -37.34402709 7.56463127
v 226.47039247 -37.02856666 7.04578304
v 226.47039247 -36.65508779 6.57027992
v 226.47039247 45.86550360 6.57027992
v 226.47039247 46.23898248 7.04578304
v 226.47039247 46.55444291 7.56463127
v 226.47039247 46.81217671 8.13812359
v 226.47039247 47.01241181 8.78531853
v 226.47039247 47.15531899 9.54321390
v 226.47039247 47.24101681 10.50593387
v 227.79847955 47.03465823 12.57250913
v 227.79847955 46.90268256 14.46621421
v 227.79847955 46.64507313 16.00408802
v 227.79847955 46.28197567 17.42576985
v 227.79847955 45.82078504 18.77154719
v 227.79847955 45.26661983 20.05820072
v 227.79847955 44.62374973 21.29427533
v 227.79847955 43.89604810 22.48449489
v 227.79847955 43.08717219 23.63152223
v 227.79847955 42.20063999 24.73679892
v 227.79847955 41.23986053 25.80099642
v 227.79847955 40.20814033 26.82428001
v 227.79847955 39.10867687 27.80647355
v 227.79847955 37.94454419 28.74716778
v 227.79847955 36.71867348 29.64579448
v 227.79847955 35.43383004 30.50167928
v 227.79847955 34.09258714 31.31408013
v 227.79847955 32.69729665 32.08221636
v 227.79847955 31.25005558 32.80529084
v 227.79847955 29.75266710 33.48250745
v 227.79847955 28.20659327 34.11308493
v 227.79847955 26.61289544 34.69626805
v 227.79847955 24.97215551 35.23133680
v 227.79847955 23.28436691 35.71761389
v 227.79847955 21.54877627 36.15447099
v 227.79847955 19.76364208 36.54133400
v 227.79847955 17.92584539 36.87768732
v 227.79847955 16.03021967 37.16307749
v 227.79847955 14.06829537 37.39711615
v 227.79847955 12.02565704 37.57948244
v 227.79847955 9.87529594 37.70992489
v 227.79847955 7.55459168 37.78826289
v 227.79847955 4.70026841 37.81438766
v 227.79847955 1.84594513 37.78826289
v 227.79847955 -0.47475913 37.70992489
v 227.79847955 -2.62512022 37.57948244
v 227.79847955 -4.66775855 37.39711615
v 227.79847955 -6.62968285 37.16307749
v 227.79847955 -8.52530858 36.87768732
v 227.79847955 -10.36310527 36.54133400
v 227.79847955 -12.14823946 36.15447099
v 227.79847955 -13.88383009 35.71761389
v 227.79847955 -15.57161870 35.23133680
v 227.79847955 -17.21235862 34.69626805
v 227.79847955 -18.80605645 34.11308493
v 227.79847955 -20.35213029 33.48250745
v 227.79847955 -21.84951877 32.80529084
v 227.79847955 -23.29675983 32.08221636
v 227.79847955 -24.69205032 31.31408013
v 227.79847955 -26.03329322 30.50167928
v 227.79847955 -27.31813667 29.64579448
v 227.79847955 -28.54400738 28.74716778
v 227.79847955 -29.70814006 27.80647355
v 227.79847955 -30.80760351 26.82428001
v 227.79847955 -31.83932371 25.80099642
v 227.79847955 -32.80010318 24.73679892
v 227.79847955 -33.68663537 23.63152223
v 227.79847955 -34.49551129 22.48449489
v 227.79847955 -35.22321291 21.29427533
v 227.79847955 -35.86608302 20.05820072
v 227.79847955 -36.42024823 18.77154719
v 227.79847955 -36.88143886 17.42576985
v 227.79847955 -37.24453632 16.00408802
v 227.79847955 -37.50214575 14.46621421
v 227.79847955 -37.63412142 12.57250913
v 227.79847955 -37.60578404 10.54571779
v 227.79847955 -37.52074903 9.59565794
v 227.79847955 -37.37894714 8.84772917
v 227.79847955 -37.18026070 8.20904509
v 227.79847955 -36.92452028 7.64309439
v 227.79847955 -36.61149970 7.13106921
v 227.79847955 -36.24090941 6.66181913
v 227.79847955 45.64144622 6.66181913
v 227.79847955 46.01203652 7.13106921
v 227.79847955 46.32505709 7.64309439
v 227.79847955 46.58079751 8.20904509
v 227.79847955 46.77948395 8.84772917
v 227.79847955 46.92128585 9.59565794
v 227.79847955 47.00632085 10.54571779
v 229.11935575 46.77716308 12.59053792
v 229.11935575 46.64631701 14.46254480
v 229.11935575 46.39108314 15.98132229
v 229.11935575 46.03138930 17.38488706
v 229.11935575 45.57454416 18.71323207
v 229.11935575 45.02560514 19.98301966
v 229.11935575 44.38879019 21.20273989
v 229.11935575 43.66792520 22.37709165
v 229.11935575 42.86662219 23.50872902
v 229.11935575 41.98835536 24.59909442
v 229.11935575 41.03649094 25.64886617
v 229.11935575 40.01429370 26.65822023
v 229.11935575 38.92492042 27.62699361
v 229.11935575 37.77140564 28.55479179
v 229.11935575 36.55664250 29.44106223
v 229.11935575 35.28335985 30.28514669
v 229.11935575 33.95409638 31.08631944
v 229.11935575 32.57117147 31.84381593
v 229.11935575 31.13665189 32.55685488
v 229.11935575 29.65231310 33.22465551
v 229.11935575 28.11959216 33.84645122
v 229.11935575 26.53952837 34.42150076
v 229.11935575 24.91268477 34.94909720
v 229.11935575 23.23903941 35.42857544
v 229.11935575 21.51782751 35.85931838
v 229.11935575 19.74730060 36.24076205
v 229.11935575 17.92433831 36.57239993
v 229.11935575 16.04377977 36.85378649
v 229.11935575 14.09717125 37.08454015
v 229.11935575 12.07012936 37.26434561
v 229.11935575 9.93570841 37.39295577
v 229.11935575 7.63142818 37.47019314
v 229.11935575 4.79454136 37.49595083
v 229.11935575 1.95765455 37.47019314
v 229.11935575 -0.34662568 37.39295577
v 229.11935575 -2.48104663 37.26434561
v 229.11935575 -4.50808852 37.08454015
v 229.11935575 -6.45469704 36.85378649
v 229.11935575 -8.33525558 36.57239993
v 229.11935575 -10.15821787 36.24076205
v 229.11935575 -11.92874478 35.85931838
v 229.11935575 -13.64995669 35.42857544
v 229.11935575 -15.32360205 34.94909720
v 229.11935575 -16.95044564 34.42150076
v 229.11935575 -18.53050943 33.84645122
v 229.11935575 -20.06323038 33.22465551
v 229.11935575 -21.54756917 32.55685488
v 229.11935575 -22.98208874 31.84381593
v 229.11935575 -24.36501366 31.08631944
v 229.11935575 -25.69427712 30.28514669
v 229.11935575 -26.96755977 29.44106223
v 229.11935575 -28.18232292 28.55479179
v 229.11935575 -29.33583769 27.62699361
v 229.11935575 -30.42521097 26.65822023
v 229.11935575 -31.44740821 25.64886617
v 229.11935575 -32.39927263 24.59909442
v 229.11935575 -33.27753947 23.50872902
v 229.11935575 -34.07884247 22.37709165
v 229.11935575 -34.79970746 21.20273989
v 229.11935575 -35.43652241 19.98301966
v 229.11935575 -35.98546143 18.71323207
v 229.11935575 -36.44230658 17.38488706
v 229.11935575 -36.80200041 15.98132229
v 229.11935575 -37.05723429 14.46254480
v 229.11935575 -37.18808035 12.59053792
v 229.11935575 -37.15997844 10.59076302
v 229.11935575 -37.07565001 9.65336714
v 229.11935575 -36.93502638 8.91540801
v 229.11935575 -36.73799089 8.28523736
v 229.11935575 -36.48437548 7.72683060
v 229.11935575 -36.17395588 7.22163053
v 229.11935575 -35.80644492 6.75863540
v 229.11935575 45.39552765 6.75863540
v 229.11935575 45.76303861 7.22163053
v 229.11935575 46.07345821 7.72683060
v 229.11935575 46.32707361 8.28523736
v 229.11935575 46.52410911 8.91540801
v 229.11935575 46.66473273 9.65336714
v 229.11935575 46.74906116 10.59076302
v 230.43293416 46.49880147 12.61332410
v 230.43293416 46.36911707 14.46362102
v 230.43293416 46.11633535 15.96331228
v 230.43293416 45.76016377 17.34877634
v 230.43293416 45.30782383 18.65970892
v 230.43293416 44.76431117 19.91265283
v 230.43293416 44.13379134 21.11604252
v 230.43293416 43.42004217 22.27455142
v 230.43293416 42.62662988 23.39082451
v 230.43293416 41.75698419 24.46630477
v 230.43293416 40.81442796 25.50167710
v 230.43293416 39.80218352 26.49712794
v 230.43293416 38.72336626 27.45250731
v 230.43293416 37.58097058 28.36743521
v 230.43293416 36.37785084 29.24137466
v 230.43293416 35.11669879 30.07368341
v 230.43293416 33.80001787 30.86365190
v 230.43293416 32.43009428 31.61053164
v 230.43293416 31.00896399 32.31355705
v 230.43293416 29.53837417 32.97196256
v 230.43293416 28.01973642 33.58499622
v 230.43293416 26.45406762 34.15193060
v 230.43293416 24.84191175 34.67207183
v 230.43293416 23.18323149 35.14476690
v 230.43293416 21.47725091 35.56940987
v 230.43293416 19.72221537 35.94544685
v 230.43293416 17.91500444 36.27238036
v 230.43293416 16.05046531 36.54977276
v 230.43293416 14.12016413 36.77724919
v 230.43293416 12.10975676 36.95449990
v 230.43293416 9.99237441 37.08128213
v 230.43293416 7.70570981 37.15742149
v 230.43293416 4.88773577 37.18281297
v 230.43293416 2.06976172 37.15742149
v 230.43293416 -0.21690287 37.08128213
v 230.43293416 -2.33428523 36.95449990
v 230.43293416 -4.34469259 36.77724919
v 230.43293416 -6.27499378 36.54977276
v 230.43293416 -8.13953291 36.27238036
v 230.43293416 -9.94674384 35.94544685
v 230.43293416 -11.70177937 35.56940987
v 230.43293416 -13.40775995 35.14476690
v 230.43293416 -15.06644022 34.67207183
v 230.43293416 -16.67859609 34.15193060
v 230.43293416 -18.24426489 33.58499622
v 230.43293416 -19.76290264 32.97196256
v 230.43293416 -21.23349245 32.31355705
v 230.43293416 -22.65462274 31.61053164
v 230.43293416 -24.02454634 30.86365190
v 230.43293416 -25.34122726 30.07368341
v 230.43293416 -26.60237931 29.24137466
v 230.43293416 -27.80549905 28.36743521
v 230.43293416 -28.94789473 27.45250731
v 230.43293416 -30.02671198 26.49712794
v 230.43293416 -31.03895643 25.50167710
v 230.43293416 -31.98151266 24.46630477
v 230.43293416 -32.85115834 23.39082451
v 230.43293416 -33.64457064 22.27455142
v 230.43293416 -34.35831980 21.11604252
v 230.43293416 -34.98883963 19.91265283
v 230.43293416 -35.53235229 18.65970892
v 230.43293416 -35.98469223 17.34877634
v 230.43293416 -36.34086382 15.96331228
v 230.43293416 -36.59364554 14.46362102
v 230.43293416 -36.72332994 12.61332410
v 230.43293416 -36.69547673 10.64052215
v 230.43293416 -36.61189463 9.71576987
v 230.43293416 -36.47251555 8.98776432
v 230.43293416 -36.27722387 8.36609341
v 230.43293416 -36.02585302 7.81521843
v 230.43293416 -35.71818071 7.31683251
v 230.43293416 -35.35392231 6.86008225
v 230.43293416 45.12939384 6.86008225
v 230.43293416 45.49365224 7.31683251
v 230.43293416 45.80132456 7.81521843
v 230.43293416 46.05269540 8.36609341
v 230.43293416 46.24798709 8.98776432
v 230.43293416 46.38736616 9.71576987
v 230.43293416 46.47094827 10.64052215
v 231.73912953 46.20124543 12.64038473
v 231.73912953 46.07274941 14.46900056
v 231.73912953 45.82248521 15.94965128
v 231.73912953 45.46993820 17.31706470
v 231.73912953 45.02224215 18.61063717
v 231.73912953 44.48433045 19.84679096
v 231.73912953 43.86031586 21.03390431
v 231.73912953 43.15392772 22.17662475
v 231.73912953 42.36868599 23.27758779
v 231.73912953 41.50797552 24.33823668
v 231.73912953 40.57507526 25.35926266
v 231.73912953 39.57316465 26.34086244
v 231.73912953 38.50531718 27.28289877
v 231.73912953 37.37448655 28.18500606
v 231.73912953 36.18348784 29.04666266
v 231.73912953 34.93497515 29.86724219
v 231.73912953 33.63141614 30.64605106
v 231.73912953 32.27506333 31.38235670
v 231.73912953 30.86792139 32.07540911
v 231.73912953 29.41170878 32.72445783
v 231.73912953 27.90781126 33.32876537
v 231.73912953 26.35722302 33.88761808
v 231.73912953 24.76046883 34.40033499
v 231.73912953 23.11749606 34.86627515
v 231.73912953 21.42751798 35.28484364
v 231.73912953 19.68877450 35.65549662
v 231.73912953 17.89814644 35.97774555
v 231.73912953 16.05049137 36.25116062
v 231.73912953 14.13739915 36.47537366
v 231.73912953 12.14457173 36.65008044
v 231.73912953 10.04523026 36.77504248
v 231.73912953 7.77727151 36.85008849
v 231.73912953 4.97957043 36.87511531
v 231.73912953 2.18186936 36.85008849
v 231.73912953 -0.08608940 36.77504248
v 231.73912953 -2.18543087 36.65008044
v 231.73912953 -4.17825829 36.47537366
v 231.73912953 -6.09135051 36.25116062
v 231.73912953 -7.93900558 35.97774555
v 231.73912953 -9.72963363 35.65549662
v 231.73912953 -11.46837711 35.28484364
v 231.73912953 -13.15835519 34.86627515
v 231.73912953 -14.80132796 34.40033499
v 231.73912953 -16.39808216 33.88761808
v 231.73912953 -17.94867040 33.32876537
v 231.73912953 -19.45256792 32.72445783
v 231.73912953 -20.90878053 32.07540911
v 231.73912953 -22.31592247 31.38235670
v 231.73912953 -23.67227528 30.64605106
v 231.73912953 -24.97583429 29.86724219
v 231.73912953 -26.22434698 29.04666266
v 231.73912953 -27.41534569 28.18500606
v 231.73912953 -28.54617632 27.28289877
v 231.73912953 -29.61402379 26.34086244
v 231.73912953 -30.61593440 25.35926266
v 231.73912953 -31.54883465 24.33823668
v 231.73912953 -32.40954513 23.27758779
v 231.73912953 -33.19478686 22.17662475
v 231.73912953 -33.90117500 21.03390431
v 231.73912953 -34.52518959 19.84679096
v 231.73912953 -35.06310129 18.61063717
v 231.73912953 -35.51079734 17.31706470
v 231.73912953 -35.86334435 15.94965128
v 231.73912953 -36.11360855 14.46900056
v 231.73912953 -36.24210457 12.64038473
v 231.73912953 -36.21451201 10.69446213
v 231.73912953 -36.13171205 9.78230956
v 231.73912953 -35.99363727 9.06422306
v 231.73912953 -35.80017310 8.45102239
v 231.73912953 -35.55115455 7.90765306
v 231.73912953 -35.24636138 7.41605762
v 231.73912953 -34.88551167 6.96553057
v 231.73912953 44.84465253 6.96553057
v 231.73912953 45.20550225 7.41605762
v 231.73912953 45.51029541 7.90765306
v 231.73912953 45.75931396 8.45102239
v 231.73912953 45.95277813 9.06422306
v 231.73912953 46.09085292 9.78230956
v 231.73912953 46.17365287 10.69446213
v 233.03785821 45.88612667 12.67124971
v 233.03785821 45.75884064 14.47825318
v 233.03785821 45.51114855 15.93994376
v 233.03785821 45.16231277 17.28938937
v 233.03785821 44.71937907 18.56568552
v 233.03785821 44.18721833 19.78513314
v 233.03785821 43.56989030 20.95605378
v 233.03785821 42.87107559 22.08306867
v 233.03785821 42.09424764 23.16880351
v 233.03785821 41.24274611 24.21470154
v 233.03785821 40.31980578 25.22146011
v 233.03785821 39.32856279 26.18928588
v 233.03785821 38.27204840 27.11805419
v 233.03785821 37.15317526 28.00741360
v 233.03785821 35.97471876 28.85685759
v 233.03785821 34.73929496 29.66577543
v 233.03785821 33.44933532 30.43348938
v 233.03785821 32.10705834 31.15928257
v 233.03785821 30.71443699 31.84242044
v 233.03785821 29.27316070 32.48216747
v 233.03785821 27.78458911 33.07780051
v 233.03785821 26.24969354 33.62861953
v 233.03785821 24.66897947 34.13395636
v 233.03785821 23.04237909 34.59318197
v 233.03785821 21.36909519 35.00571238
v 233.03785821 19.64736298 35.37101369
v 233.03785821 17.87406582 35.68860623
v 233.03785821 16.04407379 35.95806795
v 233.03785821 14.14900415 36.17903731
v 233.03785821 12.17461132 36.35121552
v 233.03785821 10.09421875 36.47436838
v 233.03785821 7.84595644 36.54832766
v 233.03785821 5.06977404 36.57299203
v 233.03785821 2.29359164 36.54832766
v 233.03785821 0.04532934 36.47436838
v 233.03785821 -2.03506323 36.35121552
v 233.03785821 -4.00945607 36.17903731
v 233.03785821 -5.90452570 35.95806795
v 233.03785821 -7.73451774 35.68860623
v 233.03785821 -9.50781489 35.37101369
v 233.03785821 -11.22954711 35.00571238
v 233.03785821 -12.90283100 34.59318197
v 233.03785821 -14.52943138 34.13395636
v 233.03785821 -16.11014545 33.62861953
v 233.03785821 -17.64504102 33.07780051
v 233.03785821 -19.13361261 32.48216747
v 233.03785821 -20.57488890 31.84242044
v 233.03785821 -21.96751025 31.15928257
v 233.03785821 -23.30978724 30.43348938
v 233.03785821 -24.59974687 29.66577543
v 233.03785821 -25.83517068 28.85685759
v 233.03785821 -27.01362717 28.00741360
v 233.03785821 -28.13250032 27.11805419
v 233.03785821 -29.18901470 26.18928588
v 233.03785821 -30.18025769 25.22146011
v 233.03785821 -31.10319803 24.21470154
v 233.03785821 -31.95469956 23.16880351
v 233.03785821 -32.73152751 22.08306867
v 233.03785821 -33.43034221 20.95605378
v 233.03785821 -34.04767024 19.78513314
v 233.03785821 -34.57983098 18.56568552
v 233.03785821 -35.02276468 17.28938937
v 233.03785821 -35.37160046 15.93994376
v 233.03785821 -35.61929255 14.47825318
v 233.03785821 -35.74657858 12.67124971
v 233.03785821 -35.71925733 10.75206433
v 233.03785821 -35.63727153 9.85244484
v 233.03785821 -35.50055440 9.14422494
v 233.03785821 -35.30899251 8.53944973
v 233.03785821 -35.06242249 8.00354637
v 233.03785821 -34.76062629 7.51870551
v 233.03785821 -34.40332471 7.07436875
v 233.03785821 44.54287280 7.07436875
v 233.03785821 44.90017437 7.51870551
v 233.03785821 45.20197058 8.00354637
v 233.03785821 45.44854060 8.53944973
v 233.03785821 45.64010248 9.14422494
v 233.03785821 45.77681961 9.85244484
v 233.03785821 45.85880541 10.75206433
v 234.32903821 45.55503619 12.70546188
v 234.32903821 45.42897690 14.49096085
v 234.32903821 45.18390118 15.93380543
v 234.32903821 44.83884826 17.26539793
v 234.32903821 44.40077589 18.52453204
v 234.32903821 43.87449243 19.72738689
v 234.32903821 43.26400456 20.88222691
v 234.32903821 42.57294407 21.99364670
v 234.32903821 41.80473777 23.06426189
v 234.32903821 40.96267997 24.09551542
v 234.32903821 40.04996111 25.08811043
v 234.32903821 39.06967387 26.04226336
v 234.32903821 38.02480707 26.95786182
v 234.32903821 36.91823202 27.83456830
v 234.32903821 35.75268421 28.67189121
v 234.32903821 34.53074138 29.46923525
v 234.32903821 33.25479855 30.22593829
v 234.32903821 31.92703989 30.94129900
v 234.32903821 30.54940645 31.61459804
v 234.32903821 29.12355840 32.24511466
v 234.32903821 27.65082908 32.83213989
v 234.32903821 26.13216681 33.37498716
v 234.32903821 24.56805779 33.87300097
v 234.32903821 22.95841916 34.32556405
v 234.32903821 21.30244364 34.73210326
v 234.32903821 19.59836241 35.09209453
v 234.32903821 17.84306264 35.40506695
v 234.32903821 16.03142895 35.67060617
v 234.32903821 14.15510945 35.88835717
v 234.32903821 12.19991701 36.05802657
v 234.32903821 10.13928898 36.17938441
v 234.32903821 7.91161605 36.25226545
v 234.32903821 5.15808520 36.27657021
v 234.32903821 2.40455434 36.25226545
v 234.32903821 0.17688141 36.17938441
v 234.32903821 -1.88374662 36.05802657
v 234.32903821 -3.83893906 35.88835717
v 234.32903821 -5.71525856 35.67060617
v 234.32903821 -7.52689225 35.40506695
v 234.32903821 -9.28219202 35.09209453
v 234.32903821 -10.98627325 34.73210326
v 234.32903821 -12.64224876 34.32556405
v 234.32903821 -14.25188740 33.87300097
v 234.32903821 -15.81599642 33.37498716
v 234.32903821 -17.33465869 32.83213989
v 234.32903821 -18.80738801 32.24511466
v 234.32903821 -20.23323606 31.61459804
v 234.32903821 -21.61086950 30.94129900
v 234.32903821 -22.93862816 30.22593829
v 234.32903821 -24.21457099 29.46923525
v 234.32903821 -25.43651382 28.67189121
v 234.32903821 -26.60206163 27.83456830
v 234.32903821 -27.70863668 26.95786182
v 234.32903821 -28.75350348 26.04226336
v 234.32903821 -29.73379072 25.08811043
v 234.32903821 -30.64650958 24.09551542
v 234.32903821 -31.48856738 23.06426189
v 234.32903821 -32.25677368 21.99364670
v 234.32903821 -32.94783417 20.88222691
v 234.32903821 -33.55832204 19.72738689
v 234.32903821 -34.08460550 18.52453204
v 234.32903821 -34.52267787 17.26539793
v 234.32903821 -34.86773079 15.93380543
v 234.32903821 -35.11280651 14.49096085
v 234.32903821 -35.23886579 12.70546188
v 234.32903821 -35.21182528 10.81282469
v 234.32903821 -35.13068191 9.92564968
v 234.32903821 -34.99536959 9.22722662
v 234.32903821 -34.80577607 8.63081730
v 234.32903821 -34.56173964 8.10232711
v 234.32903821 -34.26304449 7.62419308
v 234.32903821 -33.90941431 7.18600286
v 234.32903821 44.22558470 7.18600286
v 234.32903821 44.57921488 7.62419308
v 234.32903821 44.87791003 8.10232711
v 234.32903821 45.12194646 8.63081730
v 234.32903821 45.31153998 9.22722662
v 234.32903821 45.44685230 9.92564968
v 234.32903821 45.52799567 10.81282469
v 235.61258924 45.20952394 12.74257714
v 235.61258924 45.08470347 14.50671776
v 235.61258924 44.84227850 15.93086336
v 235.61258924 44.50106563 17.24474831
v 235.61258924 44.06793488 18.48686422
v 235.61258924 43.54763226 19.67326813
v 235.61258924 42.94411145 20.81216714
v 235.61258924 42.26095550 21.90812893
v 235.61258924 41.50154461 22.96375879
v 235.61258924 40.66912778 23.98049906
v 235.61258924 39.76685104 24.95905845
v 235.61258924 38.79776356 25.89966287
v 235.61258924 37.76481163 26.80221197
v 235.61258924 36.67082515 27.66638191
v 235.61258924 35.51849957 28.49169577
v 235.61258924 34.31037418 29.27757344
v 235.61258924 33.04880740 30.02336818
v 235.61258924 31.73594893 30.72839396
v 235.61258924 30.37370774 31.39194647
v 235.61258924 28.96371460 32.01331953
v 235.61258924 27.50727647 32.59181815
v 235.61258924 26.00531863 33.12676904
v 235.61258924 24.45830807 33.61752920
v 235.61258924 22.86614705 34.06349299
v 235.61258924 21.22801862 34.46409797
v 235.61258924 19.54215063 34.81882975
v 235.61258924 17.80543522 35.12722610
v 235.61258924 16.01277350 35.38888023
v 235.61258924 14.15584764 35.60344362
v 235.61258924 12.22053459 35.77062820
v 235.61258924 10.18039634 35.89020817
v 235.61258924 7.97410994 35.96202130
v 235.61258924 5.24425241 35.98596988
v 235.61258924 2.51439488 35.96202130
v 235.61258924 0.30810847 35.89020817
v 235.61258924 -1.73202977 35.77062820
v 235.61258924 -3.66734282 35.60344362
v 235.61258924 -5.52426868 35.38888023
v 235.61258924 -7.31693040 35.12722610
v 235.61258924 -9.05364581 34.81882975
v 235.61258924 -10.73951380 34.46409797
v 235.61258924 -12.37764223 34.06349299
v 235.61258924 -13.96980325 33.61752920
v 235.61258924 -15.51681381 33.12676904
v 235.61258924 -17.01877165 32.59181815
v 235.61258924 -18.47520978 32.01331953
v 235.61258924 -19.88520292 31.39194647
v 235.61258924 -21.24744411 30.72839396
v 235.61258924 -22.56030258 30.02336818
v 235.61258924 -23.82186936 29.27757344
v 235.61258924 -25.02999475 28.49169577
v 235.61258924 -26.18232033 27.66638191
v 235.61258924 -27.27630681 26.80221197
v 235.61258924 -28.30925874 25.89966287
v 235.61258924 -29.27834622 24.95905845
v 235.61258924 -30.18062296 23.98049906
v 235.61258924 -31.01303979 22.96375879
v 235.61258924 -31.77245068 21.90812893
v 235.61258924 -32.45560663 20.81216714
v 235.61258924 -33.05912744 19.67326813
v 235.61258924 -33.57943006 18.48686422
v 235.61258924 -34.01256081 17.24474831
v 235.61258924 -34.35377368 15.93086336
v 235.61258924 -34.59619865 14.50671776
v 235.61258924 -34.72101912 12.74257714
v 235.61258924 -34.69426756 10.87625380
v 235.61258924 -34.61399128 10.00141343
v 235.61258924 -34.48012491 9.31270074
v 235.61258924 -34.29255737 8.72458346
v 235.61258924 -34.05112870 8.20344101
v 235.61258924 -33.75562539 7.73195461
v 235.61258924 -33.40577408 7.29985667
v 235.61258924 43.89427890 7.29985667
v 235.61258924 44.24413021 7.73195461
v 235.61258924 44.53963352 8.20344101
v 235.61258924 44.78106219 8.72458346
v 235.61258924 44.96862973 9.31270074
v 235.61258924 45.10249610 10.00141343
v 235.61258924 45.18277238 10.87625380
v 236.88843268 44.85109852 12.78216449
v 236.88843268 44.72752450 14.52513041
v 236.88843268 44.48777516 15.93075592
v 236.88843268 44.15044571 17.22710880
v 236.88843268 43.72231892 18.45237892
v 236.88843268 43.20807878 19.62250126
v 236.88843268 42.61162625 20.74562541
v 236.88843268 41.93649585 21.82629198
v 236.88843268 41.18602131 22.86709562
v 236.88843268 40.36340645 23.86947789
v 236.88843268 39.47175300 24.83415275
v 236.88843268 38.51406671 25.76135532
v 236.88843268 37.49325136 26.65099702
v 236.88843268 36.41209550 27.50276741
v 236.88843268 35.27325450 28.31620394
v 236.88843268 34.07922918 29.09074148
v 236.88843268 32.83234136 29.82574839
v 236.88843268 31.53470619 30.52055372
v 236.88843268 30.18820052 31.17446793
v 236.88843268 28.79442570 31.78679921
v 236.88843268 27.35466227 32.35686633
v 236.88843268 25.86981254 32.88400910
v 236.88843268 24.34032433 33.36759683
v 236.88843268 22.76608531 33.80703533
v 236.88843268 21.14626924 34.20177270
v 236.88843268 19.47910134 34.55130413
v 236.88843268 17.76147983 34.85517590
v 236.88843268 15.98832411 35.11298870
v 236.88843268 14.15135339 35.32440040
v 236.88843268 12.23651392 35.48912818
v 236.88843268 10.21750237 35.60695034
v 236.88843268 8.03330586 35.67770760
v 236.88843268 5.32803416 35.70130403
v 236.88843268 2.62276245 35.67770760
v 236.88843268 0.43856595 35.60695034
v 236.88843268 -1.58044561 35.48912818
v 236.88843268 -3.49528508 35.32440040
v 236.88843268 -5.33225580 35.11298870
v 236.88843268 -7.10541151 34.85517590
v 236.88843268 -8.82303303 34.55130413
v 236.88843268 -10.49020093 34.20177270
v 236.88843268 -12.11001700 33.80703533
v 236.88843268 -13.68425602 33.36759683
v 236.88843268 -15.21374423 32.88400910
v 236.88843268 -16.69859396 32.35686633
v 236.88843268 -18.13835739 31.78679921
v 236.88843268 -19.53213221 31.17446793
v 236.88843268 -20.87863788 30.52055372
v 236.88843268 -22.17627305 29.82574839
v 236.88843268 -23.42316087 29.09074148
v 236.88843268 -24.61718619 28.31620394
v 236.88843268 -25.75602718 27.50276741
v 236.88843268 -26.83718305 26.65099702
v 236.88843268 -27.85799840 25.76135532
v 236.88843268 -28.81568468 24.83415275
v 236.88843268 -29.70733814 23.86947789
v 236.88843268 -30.52995300 22.86709562
v 236.88843268 -31.28042754 21.82629198
v 236.88843268 -31.95555794 20.74562541
v 236.88843268 -32.55201046 19.62250126
v 236.88843268 -33.06625061 18.45237892
v 236.88843268 -33.49437740 17.22710880
v 236.88843268 -33.83170684 15.93075592
v 236.88843268 -34.07145618 14.52513041
v 236.88843268 -34.19503021 12.78216449
v 236.88843268 -34.16857465 10.94187699
v 236.88843268 -34.08918661 10.07924094
v 236.88843268 -33.95680144 9.40013603
v 236.88843268 -33.77130929 8.82022318
v 236.88843268 -33.53255198 8.30635085
v 236.88843268 -33.24031835 7.84144184
v 236.88843268 -32.89433807 7.41537181
v 236.88843268 43.55040638 7.41537181
v 236.88843268 43.89638666 7.84144184
v 236.88843268 44.18862029 8.30635085
v 236.88843268 44.42737760 8.82022318
v 236.88843268 44.61286975 9.40013603
v 236.88843268 44.74525492 10.07924094
v 236.88843268 44.82464296 10.94187699
v 238.15649161 44.48122688 12.82380611
v 238.15649161 44.35890267 14.54581763
v 238.15649161 44.12184479 15.93313288
v 238.15649161 43.78842886 17.21215813
v 238.15649161 43.36535113 18.42078248
v 238.15649161 42.85723409 19.57481912
v 238.15649161 42.26792639 20.68236016
v 238.15649161 41.60091431 21.74791898
v 238.15649161 40.85948545 22.77407945
v 238.15649161 40.04679868 23.76228204
v 238.15649161 39.16591167 24.71324573
v 238.15649161 38.21978693 25.62721457
v 238.15649161 37.21128591 26.50411144
v 238.15649161 36.14315591 27.34363902
v 238.15649161 35.01801239 28.14534889
v 238.15649161 33.83831778 28.90869055
v 238.15649161 32.60635733 29.63304725
v 238.15649161 31.32421172 30.31776281
v 238.15649161 29.99372574 30.96216225
v 238.15649161 28.61647134 31.56556785
v 238.15649161 27.19370273 32.12731194
v 238.15649161 25.72629929 32.64674719
v 238.15649161 24.21468992 33.12325503
v 238.15649161 22.65874789 33.55625255
v 238.15649161 21.05763809 33.94519821
v 238.15649161 19.40958380 34.28959660
v 238.15649161 17.71149035 34.58900242
v 238.15649161 15.95829715 34.84302372
v 238.15649161 14.14176320 35.05132462
v 238.15649161 12.24790883 35.21362748
v 238.15649161 10.25057459 35.32971466
v 238.15649161 8.08907967 35.39942977
v 238.15649161 5.40919885 35.42267863
v 238.15649161 2.72931804 35.39942977
v 238.15649161 0.56782312 35.32971466
v 238.15649161 -1.42951112 35.21362748
v 238.15649161 -3.32336550 35.05132462
v 238.15649161 -5.13989944 34.84302372
v 238.15649161 -6.89309265 34.58900242
v 238.15649161 -8.59118610 34.28959660
v 238.15649161 -10.23924039 33.94519821
v 238.15649161 -11.84035018 33.55625255
v 238.15649161 -13.39629222 33.12325503
v 238.15649161 -14.90790159 32.64674719
v 238.15649161 -16.37530502 32.12731194
v 238.15649161 -17.79807363 31.56556785
v 238.15649161 -19.17532803 30.96216225
v 238.15649161 -20.50581402 30.31776281
v 238.15649161 -21.78795962 29.63304725
v 238.15649161 -23.01992008 28.90869055
v 238.15649161 -24.19961469 28.14534889
v 238.15649161 -25.32475821 27.34363902
v 238.15649161 -26.39288820 26.50411144
v 238.15649161 -27.40138923 25.62721457
v 238.15649161 -28.34751396 24.71324573
v 238.15649161 -29.22840098 23.76228204
v 238.15649161 -30.04108775 22.77407945
v 238.15649161 -30.78251661 21.74791898
v 238.15649161 -31.44952869 20.68236016
v 238.15649161 -32.03883639 19.57481912
v 238.15649161 -32.54695343 18.42078248
v 238.15649161 -32.97003115 17.21215813
v 238.15649161 -33.30344709 15.93313288
v 238.15649161 -33.54050496 14.54581763
v 238.15649161 -33.66282918 12.82380611
v 238.15649161 -33.63667553 11.00923439
v 238.15649161 -33.55819346 10.15865263
v 238.15649161 -33.42731907 9.48903738
v 238.15649161 -33.24394376 8.91722810
v 238.15649161 -33.00791114 8.41053651
v 238.15649161 -32.71901247 7.95212404
v 238.15649161 -32.37698051 7.53200782
v 238.15649161 43.19537822 7.53200782
v 238.15649161 43.53741018 7.95212404
v 238.15649161 43.82630884 8.41053651
v 238.15649161 44.06234146 8.91722810
v 238.15649161 44.24571677 9.48903738
v 238.15649161 44.37659117 10.15865263
v 238.15649161 44.45507323 11.00923439
v 239.41669086 44.10133416 12.86709742
v 239.41669086 43.98025904 14.56841059
v 239.41669086 43.74589976 15.93765539
v 239.41669086 43.41641472 17.19958540
v 239.41669086 42.99841463 18.39179061
v 239.41669086 42.49646113 19.52996298
v 239.41669086 41.91435108 20.62213729
v 239.41669086 41.25552299 21.67279962
v 239.41669086 40.52321874 22.68452290
v 239.41669086 39.72055260 23.65874630
v 239.41669086 38.85053855 24.59619355
v 239.41669086 37.91609615 25.49711733
v 239.41669086 36.92004480 26.36145173
v 239.41669086 35.86509082 27.18891222
v 239.41669086 34.75380995 27.97906421
v 239.41669086 33.58862643 28.73137154
v 239.41669086 32.37178913 29.44523204
v 239.41669086 31.10534441 30.12000406
v 239.41669086 29.79110510 30.75502688
v 239.41669086 28.43061390 31.34963661
v 239.41669086 27.02509881 31.90317889
v 239.41669086 25.57541648 32.41501904
v 239.41669086 24.08197703 32.88455038
v 239.41669086 22.54463965 33.31120108
v 239.41669086 20.96256081 33.69443978
v 239.41669086 19.33396245 34.03378032
v 239.41669086 17.65575803 34.32878565
v 239.41669086 15.92290848 34.57907104
v 239.41669086 14.12721516 34.78430679
v 239.41669086 12.25477686 34.94422034
v 239.41669086 10.27958643 35.05859802
v 239.41669086 8.14131518 35.12728628
v 239.41669086 5.48752486 35.15019266
v 239.41669086 2.83373454 35.12728628
v 239.41669086 0.69546329 35.05859802
v 239.41669086 -1.27972715 34.94422034
v 239.41669086 -3.15216545 34.78430679
v 239.41669086 -4.94785876 34.57907104
v 239.41669086 -6.68070831 34.32878565
v 239.41669086 -8.35891273 34.03378032
v 239.41669086 -9.98751110 33.69443978
v 239.41669086 -11.56958993 33.31120108
v 239.41669086 -13.10692731 32.88455038
v 239.41669086 -14.60036677 32.41501904
v 239.41669086 -16.05004910 31.90317889
v 239.41669086 -17.45556418 31.34963661
v 239.41669086 -18.81605538 30.75502688
v 239.41669086 -20.13029469 30.12000406
v 239.41669086 -21.39673941 29.44523204
v 239.41669086 -22.61357672 28.73137154
v 239.41669086 -23.77876023 27.97906421
v 239.41669086 -24.89004110 27.18891222
v 239.41669086 -25.94499508 26.36145173
v 239.41669086 -26.94104643 25.49711733
v 239.41669086 -27.87548883 24.59619355
v 239.41669086 -28.74550289 23.65874630
v 239.41669086 -29.54816902 22.68452290
v 239.41669086 -30.28047327 21.67279962
v 239.41669086 -30.93930136 20.62213729
v 239.41669086 -31.52141141 19.52996298
v 239.41669086 -32.02336491 18.39179061
v 239.41669086 -32.44136500 17.19958540
v 239.41669086 -32.77085005 15.93765539
v 239.41669086 -33.00520932 14.56841059
v 239.41669086 -33.12628444 12.86709742
v 239.41669086 -33.10043751 11.07788096
v 239.41669086 -33.02287585 10.23918450
v 239.41669086 -32.89353628 9.57892588
v 239.41669086 -32.71231151 9.01510658
v 239.41669086 -32.47904698 8.51549506
v 239.41669086 -32.19353638 8.06348806
v 239.41669086 -31.85551561 7.64924218
v 239.41669086 42.83056533 7.64924218
v 239.41669086 43.16858610 8.06348806
v 239.41669086 43.45409669 8.51549506
v 239.41669086 43.68736123 9.01510658
v 239.41669086 43.86858600 9.57892588
v 239.41669086 43.99792556 10.23918450
v 239.41669086 44.07548722 11.07788096
v 240.66895698 43.71280347 12.91269498
v 240.66895698 43.59297655 14.59352058
v 240.66895698 43.36131998 15.94489927
v 240.66895698 43.03577700 17.18993401
v 240.66895698 42.62287372 18.36591626
v 240.66895698 42.12711150 19.48841684
v 240.66895698 41.55223592 20.56541308
v 240.66895698 40.90163819 21.60136360
v 240.66895698 40.17851482 22.59883013
v 240.66895698 39.38593592 23.55925026
v 240.66895698 38.52687206 24.48335219
v 240.66895698 37.60420022 25.37139696
v 240.66895698 36.62069804 26.22332953
v 240.66895698 35.57903113 27.03887789
v 240.66895698 34.48173577 27.81762096
v 240.66895698 33.33119825 28.55903668
v 240.66895698 32.12963124 29.26253715
v 240.66895698 30.87904700 29.92749498
v 240.66895698 29.58122660 30.55326343
v 240.66895698 28.23768365 31.13919226
v 240.66895698 26.84962013 31.68464015
v 240.66895698 25.41787015 32.18898485
v 240.66895698 23.94282532 32.65163138
v 240.66895698 22.42433108 33.07201878
v 240.66895698 20.86153592 33.44962573
v 240.66895698 19.25266106 33.78397514
v 240.66895698 17.59462906 34.07463808
v 240.66895698 15.88242382 34.32123694
v 240.66895698 14.10789138 34.52344807
v 240.66895698 12.25721294 34.68100392
v 240.66895698 10.30454121 34.79369472
v 240.66895698 8.18991757 34.86136974
v 240.66895698 5.56280046 34.88393818
v 240.66895698 2.93568336 34.86136974
v 240.66895698 0.82105972 34.79369472
v 240.66895698 -1.13161202 34.68100392
v 240.66895698 -2.98229045 34.52344807
v 240.66895698 -4.75682289 34.32123694
v 240.66895698 -6.46902813 34.07463808
v 240.66895698 -8.12706014 33.78397514
v 240.66895698 -9.73593499 33.44962573
v 240.66895698 -11.29873016 33.07201878
v 240.66895698 -12.81722440 32.65163138
v 240.66895698 -14.29226923 32.18898485
v 240.66895698 -15.72401920 31.68464015
v 240.66895698 -17.11208272 31.13919226
v 240.66895698 -18.45562567 30.55326343
v 240.66895698 -19.75344608 29.92749498
v 240.66895698 -21.00403031 29.26253715
v 240.66895698 -22.20559732 28.55903668
v 240.66895698 -23.35613484 27.81762096
v 240.66895698 -24.45343020 27.03887789
v 240.66895698 -25.49509711 26.22332953
v 240.66895698 -26.47859929 25.37139696
v 240.66895698 -27.40127114 24.48335219
v 240.66895698 -28.26033500 23.55925026
v 240.66895698 -29.05291390 22.59883013
v 240.66895698 -29.77603726 21.60136360
v 240.66895698 -30.42663499 20.56541308
v 240.66895698 -31.00151057 19.48841684
v 240.66895698 -31.49727279 18.36591626
v 240.66895698 -31.91017608 17.18993401
v 240.66895698 -32.23571905 15.94489927
v 240.66895698 -32.46737562 14.59352058
v 240.66895698 -32.58720254 12.91269498
v 240.66895698 -32.56166606 11.14851862
v 240.66895698 -32.48503603 10.32155972
v 240.66895698 -32.35725002 9.67054142
v 240.66895698 -32.17820201 9.11461277
v 240.66895698 -31.94773931 8.62199332
v 240.66895698 -31.66565810 8.17631216
v 240.66895698 -31.33169744 7.76786365
v 240.66895698 42.45729836 7.76786365
v 240.66895698 42.79125902 8.17631216
v 240.66895698 43.07334024 8.62199332
v 240.66895698 43.30380294 9.11461277
v 240.66895698 43.48285094 9.67054142
v 240.66895698 43.61063695 10.32155972
v 240.66895698 43.68726699 11.14851862
v 241.91321830 43.31697580 12.96564005
v 241.91321830 43.19841162 14.62580690
v 241.91321830 42.96948097 15.95921800
v 241.91321830 42.64791038 17.18727604
v 241.91321830 42.24014087 18.34696592
v 241.91321830 41.75061336 19.45373380
v 241.91321830 41.18302198 20.51549765
v 241.91321830 40.54071049 21.53668738
v 241.91321830 39.82682999 22.51985268
v 241.91321830 39.04440630 23.46642898
v 241.91321830 38.19636656 24.37714846
v 241.91321830 37.28554510 25.25228016
v 241.91321830 36.31467780 26.09177962
v 241.91321830 35.28638954 26.89538711
v 241.91321830 34.20317714 27.66269486
v 241.91321830 33.06738896 28.39319471
v 241.91321830 31.88120154 29.08631291
v 241.91321830 30.64659309 29.74143618
v 241.91321830 29.36531300 30.35793169
v 241.91321830 28.03884595 30.93516267
v 241.91321830 26.66836806 31.47250081
v 241.91321830 25.25469116 31.96933619
v 241.91321830 23.79818863 32.42508547
v 241.91321830 22.29869257 32.83919850
v 241.91321830 20.75534402 33.21116392
v 241.91321830 19.16636425 33.54051369
v 241.91321830 17.52868588 33.82682694
v 241.91321830 15.83731727 34.06973316
v 241.91321830 14.08415129 34.26891471
v 241.91321830 12.25545510 34.42410903
v 241.91321830 10.32554772 34.53511022
v 241.91321830 8.23485552 34.60177036
v 241.91321830 5.63482385 34.62400032
v 241.91321830 3.03479218 34.60177036
v 241.91321830 0.94409998 34.53511022
v 241.91321830 -0.98580740 34.42410903
v 241.91321830 -2.81450359 34.26891471
v 241.91321830 -4.56766957 34.06973316
v 241.91321830 -6.25903818 33.82682694
v 241.91321830 -7.89671655 33.54051369
v 241.91321830 -9.48569631 33.21116392
v 241.91321830 -11.02904487 32.83919850
v 241.91321830 -12.52854093 32.42508547
v 241.91321830 -13.98504345 31.96933619
v 241.91321830 -15.39872036 31.47250081
v 241.91321830 -16.76919824 30.93516267
v 241.91321830 -18.09566529 30.35793169
v 241.91321830 -19.37694539 29.74143618
v 241.91321830 -20.61155384 29.08631291
v 241.91321830 -21.79774125 28.39319471
v 241.91321830 -22.93352943 27.66269486
v 241.91321830 -24.01674184 26.89538711
v 241.91321830 -25.04503010 26.09177962
v 241.91321830 -26.01589740 25.25228016
v 241.91321830 -26.92671886 24.37714846
v 241.91321830 -27.77475860 23.46642898
v 241.91321830 -28.55718229 22.51985268
v 241.91321830 -29.27106279 21.53668738
v 241.91321830 -29.91337428 20.51549765
v 241.91321830 -30.48096566 19.45373380
v 241.91321830 -30.97049317 18.34696592
v 241.91321830 -31.37826268 17.18727604
v 241.91321830 -31.69983327 15.95921800
v 241.91321830 -31.92876392 14.62580690
v 241.91321830 -32.04732810 12.96564005
v 241.91321830 -32.02210479 11.22658656
v 241.91321830 -31.94641450 10.41140403
v 241.91321830 -31.82019559 9.76965659
v 241.91321830 -31.64334333 9.22164468
v 241.91321830 -31.41570690 8.73604041
v 241.91321830 -31.13708498 8.29670600
v 241.91321830 -30.80721983 7.89407403
v 241.91321830 42.07686754 7.89407403
v 241.91321830 42.40673268 8.29670600
v 241.91321830 42.68535460 8.73604041
v 241.91321830 42.91299103 9.22164468
v 241.91321830 43.08984329 9.76965659
v 241.91321830 43.21606220 10.41140403
v 241.91321830 43.29175249 11.22658656
v 243.14940490 42.91514996 13.02620316
v 243.14940490 42.79786150 14.66552137
v 243.14940490 42.57167512 15.98085007
v 243.14940490 42.25409910 17.19183824
v 243.14940490 41.85148905 18.33515555
v 243.14940490 41.36822522 19.42611976
v 243.14940490 40.80795019 20.47258736
v 243.14940490 40.17396018 21.47895831
v 243.14940490 39.46936082 22.44776932
v 243.14940490 38.69713364 23.38045303
v 243.14940490 37.86016234 24.27774513
v 243.14940490 36.96123859 25.13992225
v 243.14940490 36.00305654 25.96695023
v 243.14940490 34.98820039 26.75858135
v 243.14940490 33.91912756 27.51442097
v 243.14940490 32.79814858 28.23397464
v 243.14940490 31.62740395 28.91668260
v 243.14940490 30.40883794 29.56194555
v 243.14940490 29.14416843 30.16914446
v 243.14940490 27.83485136 30.73765595
v 243.14940490 26.48203724 31.26686460
v 243.14940490 25.08651583 31.75617277
v 243.14940490 23.64864270 32.20500866
v 243.14940490 22.16823699 32.61283289
v 243.14940490 20.64443284 32.97914400
v 243.14940490 19.07545228 33.30348296
v 243.14940490 17.45823894 33.58543694
v 243.14940490 15.78782695 33.82464244
v 243.14940490 14.05615795 34.02078785
v 243.14940490 12.24958818 34.17361555
v 243.14940490 10.34260855 34.28292353
v 243.14940490 8.27604330 34.34856661
v 243.14940490 5.70340308 34.37045738
v 243.14940490 3.13076286 34.34856661
v 243.14940490 1.06419760 34.28292353
v 243.14940490 -0.84278203 34.17361555
v 243.14940490 -2.64935180 34.02078785
v 243.14940490 -4.38102080 33.82464244
v 243.14940490 -6.05143279 33.58543694
v 243.14940490 -7.66864613 33.30348296
v 243.14940490 -9.23762669 32.97914400
v 243.14940490 -10.76143084 32.61283289
v 243.14940490 -12.24183655 32.20500866
v 243.14940490 -13.67970968 31.75617277
v 243.14940490 -15.07523109 31.26686460
v 243.14940490 -16.42804521 30.73765595
v 243.14940490 -17.73736228 30.16914446
v 243.14940490 -19.00203179 29.56194555
v 243.14940490 -20.22059780 28.91668260
v 243.14940490 -21.39134243 28.23397464
v 243.14940490 -22.51232141 27.51442097
v 243.14940490 -23.58139424 26.75858135
v 243.14940490 -24.59625039 25.96695023
v 243.14940490 -25.55443244 25.13992225
v 243.14940490 -26.45335618 24.27774513
v 243.14940490 -27.29032749 23.38045303
v 243.14940490 -28.06255467 22.44776932
v 243.14940490 -28.76715403 21.47895831
v 243.14940490 -29.40114404 20.47258736
v 243.14940490 -29.96141907 19.42611976
v 243.14940490 -30.44468290 18.33515555
v 243.14940490 -30.84729295 17.19183824
v 243.14940490 -31.16486897 15.98085007
v 243.14940490 -31.39105535 14.66552137
v 243.14940490 -31.50834381 13.02620316
v 243.14940490 -31.48343537 11.31237075
v 243.14940490 -31.40868997 10.50901062
v 243.14940490 -31.28404671 9.87657030
v 243.14940490 -31.10940218 9.33650607
v 243.14940490 -30.88460745 8.85794441
v 243.14940490 -30.60946371 8.42498156
v 243.14940490 -30.28371643 8.02818886
v 243.14940490 41.69052258 8.02818886
v 243.14940490 42.01626986 8.42498156
v 243.14940490 42.29141360 8.85794441
v 243.14940490 42.51620833 9.33650607
v 243.14940490 42.69085286 9.87657030
v 243.14940490 42.81549612 10.50901062
v 243.14940490 42.89024152 11.31237075
v 244.37744867 42.50858250 13.09387071
v 244.37744867 42.39257844 14.71219163
v 244.37744867 42.16914607 16.00935787
v 244.37744867 41.85557457 17.20321545
v 244.37744867 41.45813403 18.33011089
v 244.37744867 40.98114401 19.40523012
v 244.37744867 40.42819555 20.43636626
v 244.37744867 39.80253742 21.42788804
v 244.37744867 39.10722985 22.38231839
v 244.37744867 38.34521016 23.30108652
v 244.37744867 37.51931871 24.18493114
v 244.37744867 36.63230468 25.03413612
v 244.37744867 35.68682059 25.84867724
v 244.37744867 34.68541012 26.62831856
v 244.37744867 33.63049148 27.37267832
v 244.37744867 32.52433751 28.08127559
v 244.37744867 31.36905289 28.75356443
v 244.37744867 30.16654817 29.38895939
v 244.37744867 28.91850996 29.98685506
v 244.37744867 27.62636568 30.54664137
v 244.37744867 26.29124050 31.06771565
v 244.37744867 24.91390250 31.54949245
v 244.37744867 23.49468974 31.99141144
v 244.37744867 22.03340888 32.39294392
v 244.37744867 20.52918767 32.75359827
v 244.37744867 18.98024956 33.07292439
v 244.37744867 17.38355006 33.35051743
v 244.37744867 15.73415021 33.58602089
v 244.37744867 14.02404215 33.77912913
v 244.37744867 12.23967383 33.92958944
v 244.37744867 10.35571287 34.03720367
v 244.37744867 8.31339233 34.10182940
v 244.37744867 5.76835600 34.12338086
v 244.37744867 3.22331968 34.10182940
v 244.37744867 1.18099913 34.03720367
v 244.37744867 -0.70296183 33.92958944
v 244.37744867 -2.48733015 33.77912913
v 244.37744867 -4.19743821 33.58602089
v 244.37744867 -5.84683805 33.35051743
v 244.37744867 -7.44353756 33.07292439
v 244.37744867 -8.99247566 32.75359827
v 244.37744867 -10.49669687 32.39294392
v 244.37744867 -11.95797773 31.99141144
v 244.37744867 -13.37719050 31.54949245
v 244.37744867 -14.75452850 31.06771565
v 244.37744867 -16.08965367 30.54664137
v 244.37744867 -17.38179796 29.98685506
v 244.37744867 -18.62983617 29.38895939
v 244.37744867 -19.83234089 28.75356443
v 244.37744867 -20.98762551 28.08127559
v 244.37744867 -22.09377948 27.37267832
v 244.37744867 -23.14869812 26.62831856
v 244.37744867 -24.15010859 25.84867724
v 244.37744867 -25.09559267 25.03413612
v 244.37744867 -25.98260670 24.18493114
v 244.37744867 -26.80849816 23.30108652
v 244.37744867 -27.57051785 22.38231839
v 244.37744867 -28.26582542 21.42788804
v 244.37744867 -28.89148354 20.43636626
v 244.37744867 -29.44443201 19.40523012
v 244.37744867 -29.92142203 18.33011089
v 244.37744867 -30.31886257 17.20321545
v 244.37744867 -30.63243406 16.00935787
v 244.37744867 -30.85586644 14.71219163
v 244.37744867 -30.97187049 13.09387071
v 244.37744867 -30.94727768 11.40531061
v 244.37744867 -30.87347939 10.61379688
v 244.37744867 -30.75041552 9.99068258
v 244.37744867 -30.57798397 9.45858218
v 244.37744867 -30.35603767 8.98707742
v 244.37744867 -30.08438035 8.56049908
v 244.37744867 -29.76276071 8.16955752
v 244.37744867 41.29947271 8.16955752
v 244.37744867 41.62109236 8.56049908
v 244.37744867 41.89274968 8.98707742
v 244.37744867 42.11469597 9.45858218
v 244.37744867 42.28712753 9.99068258
v 244.37744867 42.41019139 10.61379688
v 244.37744867 42.48398968 11.40531061
v 245.59728330 42.09422653 13.16834173
v 245.59728330 41.97952556 14.76559294
v 245.59728330 41.75887583 16.04457910
v 245.59728330 41.44934518 17.22130321
v 245.59728330 41.05711752 18.33178232
v 245.59728330 40.58645136 19.39106773
v 245.59728330 40.04088595 20.40688762
v 245.59728330 39.42362238 21.38357843
v 245.59728330 38.73767530 22.32364860
v 245.59728330 37.98593767 23.22852331
v 245.59728330 37.17120642 24.09894385
v 245.59728330 36.29618811 24.93520092
v 245.59728330 35.36349358 25.73727996
v 245.59728330 34.37562592 26.50495651
v 245.59728330 33.33496410 27.23786141
v 245.59728330 32.24374329 27.93552708
v 245.59728330 31.10403235 28.59742116
v 245.59728330 29.91770818 29.22297186
v 245.59728330 28.68642620 29.81158725
v 245.59728330 27.41158549 30.36267037
v 245.59728330 26.09428607 30.87563121
v 245.59728330 24.73527459 31.34989636
v 245.59728330 23.33487197 31.78491682
v 245.59728330 21.89287284 32.18017450
v 245.59728330 20.40839920 32.53518750
v 245.59728330 18.87967674 32.84951458
v 245.59728330 17.30367399 33.12275879
v 245.59728330 15.67548054 33.35457056
v 245.59728330 13.98714142 33.54465018
v 245.59728330 12.22520020 33.69274980
v 245.59728330 10.36450827 33.79867508
v 245.59728330 8.34672380 33.86228634
v 245.59728330 5.82972317 33.88349946
v 245.59728330 3.31272255 33.86228634
v 245.59728330 1.29493808 33.79867508
v 245.59728330 -0.56575385 33.69274980
v 245.59728330 -2.32769507 33.54465018
v 245.59728330 -4.01603420 33.35457056
v 245.59728330 -5.64422765 33.12275879
v 245.59728330 -7.22023040 32.84951458
v 245.59728330 -8.74895286 32.53518750
v 245.59728330 -10.23342650 32.18017450
v 245.59728330 -11.67542562 31.78491682
v 245.59728330 -13.07582825 31.34989636
v 245.59728330 -14.43483973 30.87563121
v 245.59728330 -15.75213914 30.36267037
v 245.59728330 -17.02697986 29.81158725
v 245.59728330 -18.25826183 29.22297186
v 245.59728330 -19.44458600 28.59742116
v 245.59728330 -20.58429695 27.93552708
v 245.59728330 -21.67551776 27.23786141
v 245.59728330 -22.71617958 26.50495651
v 245.59728330 -23.70404723 25.73727996
v 245.59728330 -24.63674177 24.93520092
v 245.59728330 -25.51176007 24.09894385
v 245.59728330 -26.32649132 23.22852331
v 245.59728330 -27.07822895 22.32364860
v 245.59728330 -27.76417603 21.38357843
v 245.59728330 -28.38143960 20.40688762
v 245.59728330 -28.92700502 19.39106773
v 245.59728330 -29.39767117 18.33178232
v 245.59728330 -29.78989884 17.22130321
v 245.59728330 -30.09942949 16.04457910
v 245.59728330 -30.32007921 14.76559294
v 245.59728330 -30.43478019 13.16834173
v 245.59728330 -30.41050581 11.50502249
v 245.59728330 -30.33766308 10.72534043
v 245.59728330 -30.21619268 10.11154054
v 245.59728330 -30.04599382 9.58739407
v 245.59728330 -29.82692135 9.12293743
v 245.59728330 -29.55878153 8.70273565
v 245.59728330 -29.24132631 8.31763795
v 245.59728330 40.90077265 8.31763795
v 245.59728330 41.21822787 8.70273565
v 245.59728330 41.48636769 9.12293743
v 245.59728330 41.70544016 9.58739407
v 245.59728330 41.87563902 10.11154054
v 245.59728330 41.99710943 10.72534043
v 245.59728330 42.06995215 11.50502249
v 246.80884429 41.64859068 13.25017539
v 246.80884429 41.53529010 14.82651264
v 246.80884429 41.31760241 16.08748472
v 246.80884429 41.01236014 17.24724168
v 246.80884429 40.62565619 18.34146981
v 246.80884429 40.16168479 19.38508512
v 246.80884429 39.62393067 20.38575031
v 246.80884429 39.01554491 21.34776914
v 246.80884429 38.33949434 22.27363513
v 246.80884429 37.59862546 23.16476908
v 246.80884429 36.79568974 24.02191449
v 246.80884429 35.93334918 24.84536856
v 246.80884429 35.01417111 25.63512604
v 246.80884429 34.04061630 26.39097363
v 246.80884429 33.01502280 27.11255450
v 246.80884429 31.93958663 27.79941406
v 246.80884429 30.81633944 28.45103330
v 246.80884429 29.64712330 29.06685381
v 246.80884429 28.43356141 29.64629686
v 246.80884429 27.17702371 30.18877839
v 246.80884429 25.87858456 30.69372081
v 246.80884429 24.53896893 31.16056251
v 246.80884429 23.15848078 31.58876568
v 246.80884429 21.73690333 31.97782260
v 246.80884429 20.27335409 32.32726096
v 246.80884429 18.76606306 32.63664820
v 246.80884429 17.21201505 32.90559517
v 246.80884429 15.60633323 33.13375911
v 246.80884429 13.94112346 33.32084611
v 246.80884429 12.20303816 33.46661313
v 246.80884429 10.36713698 33.57086957
v 246.80884429 8.37555995 33.63347845
v 246.80884429 5.88875319 33.65435726
v 246.80884429 3.40194644 33.63347845
v 246.80884429 1.41036941 33.57086957
v 246.80884429 -0.42553177 33.46661313
v 246.80884429 -2.16361708 33.32084611
v 246.80884429 -3.82882684 33.13375911
v 246.80884429 -5.43450866 32.90559517
v 246.80884429 -6.98855668 32.63664820
v 246.80884429 -8.49584771 32.32726096
v 246.80884429 -9.95939695 31.97782260
v 246.80884429 -11.38097439 31.58876568
v 246.80884429 -12.76146255 31.16056251
v 246.80884429 -14.10107818 30.69372081
v 246.80884429 -15.39951733 30.18877839
v 246.80884429 -16.65605503 29.64629686
v 246.80884429 -17.86961691 29.06685381
v 246.80884429 -19.03883306 28.45103330
v 246.80884429 -20.16208024 27.79941406
v 246.80884429 -21.23751642 27.11255450
v 246.80884429 -22.26310991 26.39097363
v 246.80884429 -23.23666473 25.63512604
v 246.80884429 -24.15584280 24.84536856
v 246.80884429 -25.01818335 24.02191449
v 246.80884429 -25.82111907 23.16476908
v 246.80884429 -26.56198795 22.27363513
v 246.80884429 -27.23803853 21.34776914
v 246.80884429 -27.84642429 20.38575031
v 246.80884429 -28.38417840 19.38508512
v 246.80884429 -28.84814981 18.34146981
v 246.80884429 -29.23485375 17.24724168
v 246.80884429 -29.54009602 16.08748472
v 246.80884429 -29.75778372 14.82651264
v 246.80884429 -29.87108430 13.25017539
v 246.80884429 -29.84714773 11.61182589
v 246.80884429 -29.77531870 10.84384842
v 246.80884429 -29.65553871 10.23926289
v 246.80884429 -29.48770838 9.72298490
v 246.80884429 -29.27168458 9.26550069
v 246.80884429 -29.00727625 8.85160697
v 246.80884429 -28.69423882 8.47229035
v 246.80884429 -28.33226687 8.12171912
v 246.80884429 40.47174521 8.47229035
v 246.80884429 40.78478264 8.85160697
v 246.80884429 41.04919096 9.26550069
v 246.80884429 41.26521476 9.72298490
v 246.80884429 41.43304509 10.23926289
v 246.80884429 41.55282508 10.84384842
v 246.80884429 41.62465411 11.61182589
v 248.01206898 41.17302862 13.33861768
v 248.01206898 41.06122301 14.89418575
v 248.01206898 40.84667059 16.13730147
v 248.01206898 40.54595520 17.28025007
v 248.01206898 40.16507409 18.35838552
v 248.01206898 39.70815405 19.38648773
v 248.01206898 39.17862280 20.37215338
v 248.01206898 38.57957907 21.31965308
v 248.01206898 37.91393980 22.23146501
v 248.01206898 37.18450302 23.10900519
v 248.01206898 36.39397281 23.95301898
v 248.01206898 35.54496481 24.76380973
v 248.01206898 34.64000106 25.54138118
v 248.01206898 33.68149835 26.28553085
v 248.01206898 32.67175232 26.99591393
v 248.01206898 31.61291836 27.67208856
v 248.01206898 30.50698967 28.31354876
v 248.01206898 29.35577232 28.91974924
v 248.01206898 28.16085641 29.49012426
v 248.01206898 26.92358197 30.02410237
v 248.01206898 25.64499724 30.52111818
v 248.01206898 24.32580536 30.98062172
v 248.01206898 22.96629351 31.40208610
v 248.01206898 21.56623421 31.78501385
v 248.01206898 20.12474171 32.12894207
v 248.01206898 18.64005244 32.43344674
v 248.01206898 17.10917072 32.69814637
v 248.01206898 15.52725830 32.92270488
v 248.01206898 13.88648975 33.10683409
v 248.01206898 12.17363937 33.25029568
v 248.01206898 10.36399931 33.35290274
v 248.01206898 8.40024749 33.41452093
v 248.01206898 5.94573399 33.43506933
v 248.01206898 3.49122049 33.41452093
v 248.01206898 1.52746867 33.35290274
v 248.01206898 -0.28217139 33.25029568
v 248.01206898 -1.99502177 33.10683409
v 248.01206898 -3.63579032 32.92270488
v 248.01206898 -5.21770274 32.69814637
v 248.01206898 -6.74858446 32.43344674
v 248.01206898 -8.23327374 32.12894207
v 248.01206898 -9.67476623 31.78501385
v 248.01206898 -11.07482553 31.40208610
v 248.01206898 -12.43433738 30.98062172
v 248.01206898 -13.75352926 30.52111818
v 248.01206898 -15.03211399 30.02410237
v 248.01206898 -16.26938843 29.49012426
v 248.01206898 -17.46430435 28.91974924
v 248.01206898 -18.61552169 28.31354876
v 248.01206898 -19.72145038 27.67208856
v 248.01206898 -20.78028434 26.99591393
v 248.01206898 -21.79003037 26.28553085
v 248.01206898 -22.74853308 25.54138118
v 248.01206898 -23.65349683 24.76380973
v 248.01206898 -24.50250483 23.95301898
v 248.01206898 -25.29303504 23.10900519
v 248.01206898 -26.02247182 22.23146501
v 248.01206898 -26.68811110 21.31965308
v 248.01206898 -27.28715482 20.37215338
v 248.01206898 -27.81668607 19.38648773
v 248.01206898 -28.27360611 18.35838552
v 248.01206898 -28.65448722 17.28025007
v 248.01206898 -28.95520261 16.13730147
v 248.01206898 -29.16975503 14.89418575
v 248.01206898 -29.28156064 13.33861768
v 248.01206898 -29.25798054 11.72497731
v 248.01206898 -29.18722121 10.96858227
v 248.01206898 -29.06922500 10.37311493
v 248.01206898 -28.90389404 9.86462330
v 248.01206898 -28.69108731 9.41403874
v 248.01206898 -28.43061661 9.00638725
v 248.01206898 -28.12224099 8.63279138
v 248.01206898 -27.76565960 8.28750737
v 248.01206898 40.01370897 8.63279138
v 248.01206898 40.32208458 9.00638725
v 248.01206898 40.58255528 9.41403874
v 248.01206898 40.79536201 9.86462330
v 248.01206898 40.96069298 10.37311493
v 248.01206898 41.07868918 10.96858227
v 248.01206898 41.14944852 11.72497731
v 249.20689658 40.67349772 13.43271005
v 249.20689658 40.56326352 14.96760196
v 249.20689658 40.35198406 16.19297806
v 249.20689658 40.05598382 17.31923948
v 249.20689658 39.68116081 18.38140514
v 249.20689658 39.23157195 19.39411751
v 249.20689658 38.71058599 20.36490645
v 249.20689658 38.12124758 21.29800880
v 249.20689658 37.46642213 22.19588688
v 249.20689658 36.74885771 23.05995152
v 249.20689658 35.97120956 23.89094955
v 249.20689658 35.13604557 24.68919010
v 249.20689658 34.24584121 25.45468555
v 249.20689658 33.30296806 26.18724395
v 249.20689658 32.30967817 26.88653223
v 249.20689658 31.26808531 27.55212093
v 249.20689658 30.18014327 28.18351689
v 249.20689658 29.04762135 28.78018767
v 249.20689658 27.87207585 29.34158026
v 249.20689658 26.65481648 29.86713564
v 249.20689658 25.39686505 30.35630039
v 249.20689658 24.09890288 30.80853598
v 249.20689658 22.76120065 31.22332631
v 249.20689658 21.38352084 31.60018394
v 249.20689658 19.96497562 31.93865524
v 249.20689658 18.50380968 32.23832464
v 249.20689658 16.99704970 32.49881814
v 249.20689658 15.43990029 32.71980628
v 249.20689658 13.82461140 32.90100650
v 249.20689658 12.13809029 33.04218514
v 249.20689658 10.35588209 33.14315891
v 249.20689658 8.42125001 33.20379608
v 249.20689658 6.00073247 33.22401730
v 249.20689658 3.58021492 33.20379608
v 249.20689658 1.64558285 33.14315891
v 249.20689658 -0.13662536 33.04218514
v 249.20689658 -1.82314646 32.90100650
v 249.20689658 -3.43843536 32.71980628
v 249.20689658 -4.99558477 32.49881814
v 249.20689658 -6.50234475 32.23832464
v 249.20689658 -7.96351069 31.93865524
v 249.20689658 -9.38205590 31.60018394
v 249.20689658 -10.75973572 31.22332631
v 249.20689658 -12.09743795 30.80853598
v 249.20689658 -13.39540012 30.35630039
v 249.20689658 -14.65335155 29.86713564
v 249.20689658 -15.87061092 29.34158026
v 249.20689658 -17.04615642 28.78018767
v 249.20689658 -18.17867834 28.18351689
v 249.20689658 -19.26662037 27.55212093
v 249.20689658 -20.30821324 26.88653223
v 249.20689658 -21.30150312 26.18724395
v 249.20689658 -22.24437628 25.45468555
v 249.20689658 -23.13458064 24.68919010
v 249.20689658 -23.96974463 23.89094955
v 249.20689658 -24.74739278 23.05995152
v 249.20689658 -25.46495719 22.19588688
v 249.20689658 -26.11978264 21.29800880
v 249.20689658 -26.70912105 20.36490645
v 249.20689658 -27.23010702 19.39411751
v 249.20689658 -27.67969588 18.38140514
v 249.20689658 -28.05451889 17.31923948
v 249.20689658 -28.35051913 16.19297806
v 249.20689658 -28.56179859 14.96760196
v 249.20689658 -28.67203279 13.43271005
v 249.20689658 -28.64882387 11.84357119
v 249.20689658 -28.57917839 11.09866124
v 249.20689658 -28.46303963 10.51223547
v 249.20689658 -28.30031121 10.01146478
v 249.20689658 -28.09085437 9.56772189
v 249.20689658 -27.83448386 9.16626018
v 249.20689658 -27.53096253 8.79833699
v 249.20689658 -27.17999426 8.45829576
v 249.20689658 39.53242747 8.79833699
v 249.20689658 39.83594880 9.16626018
v 249.20689658 40.09231930 9.56772189
v 249.20689658 40.30177614 10.01146478
v 249.20689658 40.46450456 10.51223547
v 249.20689658 40.58064333 11.09866124
v 249.20689658 40.65028881 11.84357119
v 250.39326812 40.15573557 13.53152757
v 250.39326812 40.04713166 15.04578651
v 250.39326812 39.83922852 16.25350037
v 250.39326812 39.54808335 17.36315973
v 250.39326812 39.17949223 18.40944448
v 250.39326812 38.73744052 19.40685791
v 250.39326812 38.22523656 20.36286194
v 250.39326812 37.64586972 21.28165890
v 250.39326812 37.00215276 22.16569469
v 250.39326812 36.29678270 23.01637444
v 250.39326812 35.53236497 23.83444603
v 250.39326812 34.71141876 24.62022402
v 250.39326812 33.83637208 25.37372910
v 250.39326812 32.90955048 26.09477953
v 250.39326812 31.93316168 26.78305366
v 250.39326812 30.90927711 27.43813423
v 250.39326812 29.83981061 28.05954060
v 250.39326812 28.72649418 28.64675297
v 250.39326812 27.57084998 29.19923084
v 250.39326812 26.37415712 29.71642741
v 250.39326812 25.13741095 30.19780106
v 250.39326812 23.86127105 30.64282450
v 250.39326812 22.54599198 31.05099225
v 250.39326812 21.19132681 31.42182680
v 250.39326812 19.79638674 31.75488364
v 250.39326812 18.35942630 32.04975549
v 250.39326812 16.87749691 32.30607578
v 250.39326812 15.34584962 32.52352156
v 250.39326812 13.75681530 32.70181582
v 250.39326812 12.09744329 32.84072948
v 250.39326812 10.34354844 32.94008283
v 250.39326812 8.43901819 32.99974672
v 250.39326812 6.05381420 33.01964334
v 250.39326812 3.66861022 32.99974672
v 250.39326812 1.76407996 32.94008283
v 250.39326812 0.01018512 32.84072948
v 250.39326812 -1.64918689 32.70181582
v 250.39326812 -3.23822122 32.52352156
v 250.39326812 -4.76986850 32.30607578
v 250.39326812 -6.25179790 32.04975549
v 250.39326812 -7.68875833 31.75488364
v 250.39326812 -9.08369841 31.42182680
v 250.39326812 -10.43836357 31.05099225
v 250.39326812 -11.75364265 30.64282450
v 250.39326812 -13.02978255 30.19780106
v 250.39326812 -14.26652872 29.71642741
v 250.39326812 -15.46322158 29.19923084
v 250.39326812 -16.61886578 28.64675297
v 250.39326812 -17.73218221 28.05954060
v 250.39326812 -18.80164871 27.43813423
v 250.39326812 -19.82553328 26.78305366
v 250.39326812 -20.80192207 26.09477953
v 250.39326812 -21.72874368 25.37372910
v 250.39326812 -22.60379036 24.62022402
v 250.39326812 -23.42473657 23.83444603
v 250.39326812 -24.18915430 23.01637444
v 250.39326812 -24.89452435 22.16569469
v 250.39326812 -25.53824132 21.28165890
v 250.39326812 -26.11760816 20.36286194
v 250.39326812 -26.62981211 19.40685791
v 250.39326812 -27.07186383 18.40944448
v 250.39326812 -27.44045494 17.36315973
v 250.39326812 -27.73160012 16.25350037
v 250.39326812 -27.93950326 15.04578651
v 250.39326812 -28.04810716 13.53152757
v 250.39326812 -28.02528035 11.96673341
v 250.39326812 -27.95678150 11.23323505
v 250.39326812 -27.84255481 10.65579299
v 250.39326812 -27.68250552 10.16269382
v 250.39326812 -27.47649712 9.72574882
v 250.39326812 -27.22434744 9.33043727
v 250.39326812 -26.92582321 8.96815045
v 250.39326812 -26.58063319 8.63331847
v 250.39326812 38.68826159 8.63331847
v 250.39326812 39.03345161 8.96815045
v 250.39326812 39.33197584 9.33043727
v 250.39326812 39.58412553 9.72574882
v 250.39326812 39.79013392 10.16269382
v 250.39326812 39.95018321 10.65579299
v 250.39326812 40.06440990 11.23323505
v 250.39326812 40.13290876 11.96673341
v 251.57112653 39.62526097 13.63417884
v 251.57112653 39.51832921 15.12780009
v 251.57112653 39.31387270 16.31789135
v 251.57112653 39.02767596 17.41099918
v 251.57112653 38.66543150 18.44145934
v 251.57112653 38.23105196 19.42363369
v 251.57112653 37.72778447 20.36491491
v 251.57112653 37.15856233 21.26946991
v 251.57112653 36.52614500 22.13972751
v 251.57112653 35.83317786 22.97708661
v 251.57112653 35.08221592 23.78229571
v 251.57112653 34.27572917 24.55567440
v 251.57112653 33.41609765 25.29725135
v 251.57112653 32.50560045 26.00685472
v 251.57112653 31.54640058 26.68417404
v 251.57112653 30.54052681 27.32880394
v 251.57112653 29.48985270 27.94027611
v 251.57112653 28.39607281 28.51808315
v 251.57112653 27.26067501 29.06169687
v 251.57112653 26.08490781 29.57058251
v 251.57112653 24.86974017 30.04421008
v 251.57112653 23.61581019 30.48206338
v 251.57112653 22.32335672 30.88364740
v 251.57112653 20.99212409 31.24849440
v 251.57112653 19.62122344 31.57616889
v 251.57112653 18.20892052 31.86627178
v 251.57112653 16.75229344 32.11844384
v 251.57112653 15.24664257 32.33236852
v 251.57112653 13.68438406 32.50777432
v 251.57112653 12.05271651 32.64443666
v 251.57112653 10.32773768 32.74217939
v 251.57112653 8.45398962 32.80087589
v 251.57112653 6.10504344 32.82044988
v 251.57112653 3.75609726 32.80087589
v 251.57112653 1.88234921 32.74217939
v 251.57112653 0.15737037 32.64443666
v 251.57112653 -1.47429718 32.50777432
v 251.57112653 -3.03655568 32.33236852
v 251.57112653 -4.54220655 32.11844384
v 251.57112653 -5.99883364 31.86627178
v 251.57112653 -7.41113655 31.57616889
v 251.57112653 -8.78203721 31.24849440
v 251.57112653 -10.11326984 30.88364740
v 251.57112653 -11.40572331 30.48206338
v 251.57112653 -12.65965329 30.04421008
v 251.57112653 -13.87482093 29.57058251
v 251.57112653 -15.05058812 29.06169687
v 251.57112653 -16.18598593 28.51808315
v 251.57112653 -17.27976582 27.94027611
v 251.57112653 -18.33043992 27.32880394
v 251.57112653 -19.33631370 26.68417404
v 251.57112653 -20.29551356 26.00685472
v 251.57112653 -21.20601076 25.29725135
v 251.57112653 -22.06564228 24.55567440
v 251.57112653 -22.87212904 23.78229571
v 251.57112653 -23.62309098 22.97708661
v 251.57112653 -24.31605812 22.13972751
v 251.57112653 -24.94847545 21.26946991
v 251.57112653 -25.51769758 20.36491491
v 251.57112653 -26.02096508 19.42363369
v 251.57112653 -26.45534461 18.44145934
v 251.57112653 -26.81758908 17.41099918
v 251.57112653 -27.10378582 16.31789135
v 251.57112653 -27.30824233 15.12780009
v 251.57112653 -27.41517409 13.63417884
v 251.57112653 -27.39273665 12.09362124
v 251.57112653 -27.32540624 11.37148379
v 251.57112653 -27.21312801 10.80298553
v 251.57112653 -27.05580880 10.31752380
v 251.57112653 -26.85331446 9.88734649
v 251.57112653 -26.60546589 9.49815778
v 251.57112653 -26.31203383 9.14148230
v 251.57112653 -25.97273199 8.81183641
v 251.57112653 38.18281888 8.81183641
v 251.57112653 38.52212071 9.14148230
v 251.57112653 38.81555277 9.49815778
v 251.57112653 39.06340134 9.88734649
v 251.57112653 39.26589569 10.31752380
v 251.57112653 39.42321489 10.80298553
v 251.57112653 39.53549312 11.37148379
v 251.57112653 39.60282354 12.09362124
v 252.74041663 39.08737521 13.73980577
v 252.74041663 38.98214099 15.21273870
v 252.74041663 38.78116959 16.38521084
v 252.74041663 38.49996996 17.46178456
v 252.74041663 38.14413023 18.47644530
v 252.74041663 37.71748988 19.44341077
v 252.74041663 37.22323443 20.37000287
v 252.74041663 36.66424089 21.26035205
v 252.74041663 36.04321515 22.11686931
v 252.74041663 35.36275075 22.94094677
v 252.74041663 34.62535216 23.73333306
v 252.74041663 33.83343998 24.49435241
v 252.74041663 32.98934621 25.22404112
v 252.74041663 32.09530341 25.92223698
v 252.74041663 31.15342981 26.58864040
v 252.74041663 30.16571151 27.22285770
v 252.74041663 29.13398185 27.82443263
v 252.74041663 28.05989797 28.39287002
v 252.74041663 26.94491362 28.92765381
v 252.74041663 25.79024687 29.42826109
v 252.74041663 24.59684058 29.89417335
v 252.74041663 23.36531169 30.32488532
v 252.74041663 22.09588382 30.71991235
v 252.74041663 20.78829317 31.07879636
v 252.74041663 19.44165164 31.40111076
v 252.74041663 18.05423733 31.68646456
v 252.74041663 16.62315655 31.93450575
v 252.74041663 15.14376118 32.14492417
v 252.74041663 13.60855590 32.31745372
v 252.74041663 12.00489381 32.45187430
v 252.74041663 10.30916513 32.54801325
v 252.74041663 8.46658876 32.60574648
v 252.74041663 6.15448309 32.62499922
v 252.74041663 3.84237741 32.60574648
v 252.74041663 1.99980104 32.54801325
v 252.74041663 0.30407236 32.45187430
v 252.74041663 -1.29958973 32.31745372
v 252.74041663 -2.83479500 32.14492417
v 252.74041663 -4.31419038 31.93450575
v 252.74041663 -5.74527116 31.68646456
v 252.74041663 -7.13268547 31.40111076
v 252.74041663 -8.47932700 31.07879636
v 252.74041663 -9.78691765 30.71991235
v 252.74041663 -11.05634552 30.32488532
v 252.74041663 -12.28787441 29.89417335
v 252.74041663 -13.48128070 29.42826109
v 252.74041663 -14.63594745 28.92765381
v 252.74041663 -15.75093180 28.39287002
v 252.74041663 -16.82501568 27.82443263
v 252.74041663 -17.85674533 27.22285770
v 252.74041663 -18.84446364 26.58864040
v 252.74041663 -19.78633724 25.92223698
v 252.74041663 -20.68038004 25.22404112
v 252.74041663 -21.52447380 24.49435241
v 252.74041663 -22.31638599 23.73333306
v 252.74041663 -23.05378458 22.94094677
v 252.74041663 -23.73424898 22.11686931
v 252.74041663 -24.35527471 21.26035205
v 252.74041663 -24.91426826 20.37000287
v 252.74041663 -25.40852371 19.44341077
v 252.74041663 -25.83516406 18.47644530
v 252.74041663 -26.19100379 17.46178456
v 252.74041663 -26.47220342 16.38521084
v 252.74041663 -26.67317482 15.21273870
v 252.74041663 -26.77840904 13.73980577
v 252.74041663 -26.75636475 12.22342313
v 252.74041663 -26.69021406 11.51261771
v 252.74041663 -26.57990312 10.95304052
v 252.74041663 -26.42534039 10.47519682
v 252.74041663 -26.22639405 10.05177000
v 252.74041663 -25.98288817 9.66868858
v 252.74041663 -25.69459749 9.31761018
v 252.74041663 -25.36124074 8.99313720
v 252.74041663 37.67020691 8.99313720
v 252.74041663 38.00356366 9.31761018
v 252.74041663 38.29185434 9.66868858
v 252.74041663 38.53536022 10.05177000
v 252.74041663 38.73430656 10.47519682
v 252.74041663 38.88886929 10.95304052
v 252.74041663 38.99918023 11.51261771
v 252.74041663 39.06533092 12.22342313
v 253.90108513 38.54716346 13.84758341
v 253.90108513 38.44363626 15.29973340
v 253.90108513 38.24615786 16.45455538
v 253.90108513 37.96996116 17.51458078
v 253.90108513 37.62052992 18.51343752
v 253.90108513 37.20163060 19.46519599
v 253.90108513 36.71638728 20.37710552
v 253.90108513 36.16762080 21.25325898
v 253.90108513 35.55798370 22.09604872
v 253.90108513 34.89001788 22.90685945
v 253.90108513 34.16617745 23.68643944
v 253.90108513 33.38883392 24.43511717
v 253.90108513 32.56027147 25.15293624
v 253.90108513 31.68267638 25.83974374
v 253.90108513 30.75812241 26.49525074
v 253.90108513 29.78855327 27.11907497
v 253.90108513 28.77576240 27.71077208
v 253.90108513 27.72136986 28.26985891
v 253.90108513 26.62679561 28.79583135
v 253.90108513 25.49322768 29.28817823
v 253.90108513 24.32158319 29.74639234
v 253.90108513 23.11245842 30.16997924
v 253.90108513 21.86606224 30.55846450
v 253.90108513 20.58212332 30.91139960
v 253.90108513 19.25975502 31.22836675
v 253.90108513 17.89724863 31.50898298
v 253.90108513 16.49173978 31.75290347
v 253.90108513 15.03863331 31.95982430
v 253.90108513 13.53052461 32.12948479
v 253.90108513 11.95492461 32.26166924
v 253.90108513 10.28852210 32.35620847
v 253.90108513 8.47722681 32.41298086
v 253.90108513 6.20219469 32.43191315
v 253.90108513 3.92716257 32.41298086
v 253.90108513 2.11586728 32.35620847
v 253.90108513 0.44946477 32.26166924
v 253.90108513 -1.12613522 32.12948479
v 253.90108513 -2.63424393 31.95982430
v 253.90108513 -4.08735040 31.75290347
v 253.90108513 -5.49285925 31.50898298
v 253.90108513 -6.85536564 31.22836675
v 253.90108513 -8.17773394 30.91139960
v 253.90108513 -9.46167286 30.55846450
v 253.90108513 -10.70806904 30.16997924
v 253.90108513 -11.91719380 29.74639234
v 253.90108513 -13.08883829 29.28817823
v 253.90108513 -14.22240623 28.79583135
v 253.90108513 -15.31698048 28.26985891
v 253.90108513 -16.37137302 27.71077208
v 253.90108513 -17.38416389 27.11907497
v 253.90108513 -18.35373303 26.49525074
v 253.90108513 -19.27828700 25.83974374
v 253.90108513 -20.15588209 25.15293624
v 253.90108513 -20.98444453 24.43511717
v 253.90108513 -21.76178807 23.68643944
v 253.90108513 -22.48562850 22.90685945
v 253.90108513 -23.15359432 22.09604872
v 253.90108513 -23.76323142 21.25325898
v 253.90108513 -24.31199790 20.37710552
v 253.90108513 -24.79724122 19.46519599
v 253.90108513 -25.21614054 18.51343752
v 253.90108513 -25.56557177 17.51458078
v 253.90108513 -25.84176848 16.45455538
v 253.90108513 -26.03924687 15.29973340
v 253.90108513 -26.14277408 13.84758341
v 253.90108513 -26.12112332 12.35535855
v 253.90108513 -26.05615357 11.65587711
v 253.90108513 -25.94781192 11.10521466
v 253.90108513 -25.79600846 10.63498358
v 253.90108513 -25.60061375 10.21830246
v 253.90108513 -25.36145498 9.84132398
v 253.90108513 -25.07831091 9.49583868
v 253.90108513 -24.75090530 9.17653495
v 253.90108513 37.15529468 9.17653495
v 253.90108513 37.48270029 9.49583868
v 253.90108513 37.76584436 9.84132398
v 253.90108513 38.00500313 10.21830246
v 253.90108513 38.20039785 10.63498358
v 253.90108513 38.35220130 11.10521466
v 253.90108513 38.46054296 11.65587711
v 253.90108513 38.52551270 12.35535855
v 255.05308065 38.00949641 13.95671973
v 255.05308065 37.90767034 15.38795013
v 255.05308065 37.71366350 16.52505795
v 255.05308065 37.44243446 17.56849067
v 255.05308065 37.09936352 18.55151046
v 255.05308065 36.68814479 19.48803682
v 255.05308065 36.21184149 20.38524450
v 255.05308065 35.67321893 21.24718752
v 255.05308065 35.07487684 22.07623870
v 255.05308065 34.41930606 22.87377466
v 255.05308065 33.70891096 23.64054282
v 255.05308065 32.94601451 24.37687549
v 255.05308065 32.13285370 25.08282320
v 255.05308065 31.27156910 25.75824209
v 255.05308065 30.36419058 26.40285359
v 255.05308065 29.41262007 27.01628666
v 255.05308065 28.41861168 27.59810863
v 255.05308065 27.38374896 28.14784819
v 255.05308065 26.30941862 28.66501303
v 255.05308065 25.19677922 29.14910355
v 255.05308065 24.04672271 29.59962373
v 255.05308065 22.85982522 30.01608984
v 255.05308065 21.63628140 30.39803758
v 255.05308065 20.37581296 30.74502788
v 255.05308065 19.07753526 31.05665168
v 255.05308065 17.73975340 31.33253395
v 255.05308065 16.35963300 31.57233697
v 255.05308065 14.93263267 31.77576307
v 255.05308065 13.45143954 31.94255687
v 255.05308065 11.90372391 32.07250709
v 255.05308065 10.26647572 32.16544797
v 255.05308065 8.48630158 32.22126037
v 255.05308065 6.24823846 32.23987249
v 255.05308065 4.01017535 32.22126037
v 255.05308065 2.23000121 32.16544797
v 255.05308065 0.59275302 32.07250709
v 255.05308065 -0.95496261 31.94255687
v 255.05308065 -2.43615575 31.77576307
v 255.05308065 -3.86315607 31.57233697
v 255.05308065 -5.24327647 31.33253395
v 255.05308065 -6.58105833 31.05665168
v 255.05308065 -7.87933603 30.74502788
v 255.05308065 -9.13980447 30.39803758
v 255.05308065 -10.36334829 30.01608984
v 255.05308065 -11.55024578 29.59962373
v 255.05308065 -12.70030230 29.14910355
v 255.05308065 -13.81294169 28.66501303
v 255.05308065 -14.88727203 28.14784819
v 255.05308065 -15.92213475 27.59810863
v 255.05308065 -16.91614315 27.01628666
v 255.05308065 -17.86771366 26.40285359
v 255.05308065 -18.77509217 25.75824209
v 255.05308065 -19.63637677 25.08282320
v 255.05308065 -20.44953758 24.37687549
v 255.05308065 -21.21243403 23.64054282
v 255.05308065 -21.92282913 22.87377466
v 255.05308065 -22.57839991 22.07623870
v 255.05308065 -23.17674200 21.24718752
v 255.05308065 -23.71536457 20.38524450
v 255.05308065 -24.19166786 19.48803682
v 255.05308065 -24.60288659 18.55151046
v 255.05308065 -24.94595753 17.56849067
v 255.05308065 -25.21718657 16.52505795
v 255.05308065 -25.41119341 15.38795013
v 255.05308065 -25.51301948 13.95671973
v 255.05308065 -25.49175944 12.48867782
v 255.05308065 -25.42796216 11.80053215
v 255.05308065 -25.32157568 11.25879371
v 255.05308065 -25.17251174 10.79618318
v 255.05308065 -24.98064320 10.38625478
v 255.05308065 -24.74580038 10.01538560
v 255.05308065 -24.46776605 9.67549922
v 255.05308065 -24.14626894 9.36137011
v 255.05308065 36.64274587 9.36137011
v 255.05308065 36.96424298 9.67549922
v 255.05308065 37.24227731 10.01538560
v 255.05308065 37.47712013 10.38625478
v 255.05308065 37.66898866 10.79618318
v 255.05308065 37.81805261 11.25879371
v 255.05308065 37.92443909 11.80053215
v 255.05308065 37.98823637 12.48867782
v 256.19635374 37.47866915 14.06645536
v 256.19635374 37.37852474 15.47658944
v 256.19635374 37.18794211 16.59588771
v 256.19635374 36.92160928 17.62265471
v 256.19635374 36.58480473 18.58977762
v 256.19635374 36.18115135 19.51102106
v 256.19635374 35.71365254 20.39348305
v 256.19635374 35.18501900 21.24117731
v 256.19635374 34.59779862 22.05645620
v 256.19635374 33.95443209 22.84068756
v 256.19635374 33.25727491 23.59461739
v 256.19635374 32.50860243 24.31858142
v 256.19635374 31.71060532 25.01263677
v 256.19635374 30.86537933 25.67664833
v 256.19635374 29.97491131 26.31034765
v 256.19635374 29.04106222 26.91337471
v 256.19635374 28.06554764 27.48530834
v 256.19635374 27.04991541 28.02568891
v 256.19635374 25.99551975 28.53403577
v 256.19635374 24.90349041 29.00986075
v 256.19635374 23.77469483 29.45267891
v 256.19635374 22.60968962 29.86201714
v 256.19635374 21.40865579 30.23742118
v 256.19635374 20.17130855 30.57846131
v 256.19635374 18.89676572 30.88473714
v 256.19635374 17.58334658 31.15588153
v 256.19635374 16.22824702 31.39156379
v 256.19635374 14.82697962 31.59149245
v 256.19635374 13.37232328 31.75541741
v 256.19635374 11.85210752 31.88313175
v 256.19635374 10.24362293 31.97447312
v 256.19635374 8.49417184 32.02932482
v 256.19635374 6.29267326 32.04761655
v 256.19635374 4.09117468 32.02932482
v 256.19635374 2.34172358 31.97447312
v 256.19635374 0.73323900 31.88313175
v 256.19635374 -0.78697676 31.75541741
v 256.19635374 -2.24163311 31.59149245
v 256.19635374 -3.64290051 31.39156379
v 256.19635374 -4.99800006 31.15588153
v 256.19635374 -6.31141920 30.88473714
v 256.19635374 -7.58596203 30.57846131
v 256.19635374 -8.82330927 30.23742118
v 256.19635374 -10.02434310 29.86201714
v 256.19635374 -11.18934832 29.45267891
v 256.19635374 -12.31814389 29.00986075
v 256.19635374 -13.41017323 28.53403577
v 256.19635374 -14.46456890 28.02568891
v 256.19635374 -15.48020112 27.48530834
v 256.19635374 -16.45571570 26.91337471
v 256.19635374 -17.38956480 26.31034765
v 256.19635374 -18.28003282 25.67664833
v 256.19635374 -19.12525880 25.01263677
v 256.19635374 -19.92325591 24.31858142
v 256.19635374 -20.67192839 23.59461739
v 256.19635374 -21.36908557 22.84068756
v 256.19635374 -22.01245211 22.05645620
v 256.19635374 -22.59967249 21.24117731
v 256.19635374 -23.12830603 20.39348305
v 256.19635374 -23.59580483 19.51102106
v 256.19635374 -23.99945821 18.58977762
v 256.19635374 -24.33626277 17.62265471
v 256.19635374 -24.60259559 16.59588771
v 256.19635374 -24.79317823 15.47658944
v 256.19635374 -24.89332264 14.06645536
v 256.19635374 -24.87244766 12.62266179
v 256.19635374 -24.80980588 11.94588255
v 256.19635374 -24.70534628 11.41309227
v 256.19635374 -24.55898220 10.95812290
v 256.19635374 -24.37058879 10.55496548
v 256.19635374 -24.13999947 10.19022213
v 256.19635374 -23.86700091 9.85594981
v 256.19635374 -23.55132677 9.54700932
v 256.19635374 36.13667329 9.54700932
v 256.19635374 36.45234743 9.85594981
v 256.19635374 36.72534598 10.19022213
v 256.19635374 36.95593531 10.55496548
v 256.19635374 37.14432871 10.95812290
v 256.19635374 37.29069280 11.41309227
v 256.19635374 37.39515240 11.94588255
v 256.19635374 37.45779418 12.62266179
v 257.33085688 36.93620295 14.17606329
v 257.33085688 36.83778023 15.56488618
v 257.33085688 36.65068772 16.66624971
v 257.33085688 36.38933798 17.67625069
v 257.33085688 36.05890609 18.62739118
v 257.33085688 35.66294277 19.53327655
v 257.33085688 35.20439084 20.40092566
v 257.33085688 34.68590572 21.23431047
v 257.33085688 34.10998286 22.03576181
v 257.33085688 33.47901225 22.80663803
v 257.33085688 32.79530005 23.54768315
v 257.33085688 32.06107353 24.25923586
v 257.33085688 31.27847660 24.94135956
v 257.33085688 30.44955986 25.59392757
v 257.33085688 29.57626676 26.21668133
v 257.33085688 28.66041704 26.80927165
v 257.33085688 27.70368756 27.37128865
v 257.33085688 26.70759027 27.90228427
v 257.33085688 25.67344684 28.40178936
v 257.33085688 24.60235826 28.86932709
v 257.33085688 23.49516760 29.30442349
v 257.33085688 22.35241220 29.70661598
v 257.33085688 21.17425989 30.07546023
v 257.33085688 19.96042005 30.41053585
v 257.33085688 18.71001393 30.71145104
v 257.33085688 17.42137634 30.97784647
v 257.33085688 16.09173541 31.20939847
v 257.33085688 14.71666051 31.40582171
v 257.33085688 13.28902665 31.56687135
v 257.33085688 11.79682964 31.69234479
v 257.33085688 10.21767372 31.78208308
v 257.33085688 8.49958702 31.83597196
v 257.33085688 6.33555657 31.85394259
v 257.33085688 4.17152612 31.83597196
v 257.33085688 2.45343943 31.78208308
v 257.33085688 0.87428350 31.69234479
v 257.33085688 -0.61791350 31.56687135
v 257.33085688 -2.04554736 31.40582171
v 257.33085688 -3.42062226 31.20939847
v 257.33085688 -4.75026320 30.97784647
v 257.33085688 -6.03890078 30.71145104
v 257.33085688 -7.28930690 30.41053585
v 257.33085688 -8.50314674 30.07546023
v 257.33085688 -9.68129906 29.70661598
v 257.33085688 -10.82405446 29.30442349
v 257.33085688 -11.93124512 28.86932709
v 257.33085688 -13.00233369 28.40178936
v 257.33085688 -14.03647713 27.90228427
v 257.33085688 -15.03257441 27.37128865
v 257.33085688 -15.98930390 26.80927165
v 257.33085688 -16.90515361 26.21668133
v 257.33085688 -17.77844671 25.59392757
v 257.33085688 -18.60736346 24.94135956
v 257.33085688 -19.38996038 24.25923586
v 257.33085688 -20.12418691 23.54768315
v 257.33085688 -20.80789910 22.80663803
v 257.33085688 -21.43886971 22.03576181
v 257.33085688 -22.01479258 21.23431047
v 257.33085688 -22.53327770 20.40092566
v 257.33085688 -22.99182963 19.53327655
v 257.33085688 -23.38779294 18.62739118
v 257.33085688 -23.71822484 17.67625069
v 257.33085688 -23.97957457 16.66624971
v 257.33085688 -24.16666709 15.56488618
v 257.33085688 -24.26508981 14.17606329
v 257.33085688 -24.24460665 12.75662168
v 257.33085688 -24.18314063 12.09125744
v 257.33085688 -24.08064170 11.56745354
v 257.33085688 -23.93702481 11.12015798
v 257.33085688 -23.75216748 10.72380047
v 257.33085688 -23.52590623 10.36520912
v 257.33085688 -23.25803176 10.03657485
v 257.33085688 -22.94828271 9.73284516
v 257.33085688 35.61939585 9.73284516
v 257.33085688 35.92914490 10.03657485
v 257.33085688 36.19701938 10.36520912
v 257.33085688 36.42328063 10.72380047
v 257.33085688 36.60813796 11.12015798
v 257.33085688 36.75175485 11.56745354
v 257.33085688 36.85425378 12.09125744
v 257.33085688 36.91571979 12.75662168
v 258.45654449 36.36632202 14.28484861
v 258.45654449 36.26971220 15.65210923
v 258.45654449 36.08627267 16.73538457
v 258.45654449 35.83012813 17.72849343
v 258.45654449 35.50634608 18.66354168
v 258.45654449 35.11840225 19.55397075
v 258.45654449 34.66917658 20.40671771
v 258.45654449 34.16126721 21.22571117
v 258.45654449 33.59711525 22.01325934
v 258.45654449 32.97905825 22.77071028
v 258.45654449 32.30935135 23.49880548
v 258.45654449 31.59017209 24.19788614
v 258.45654449 30.82361616 24.86802157
v 258.45654449 30.01168752 25.50909323
v 258.45654449 29.15628495 26.12085225
v 258.45654449 28.25918576 26.70296003
v 258.45654449 27.32202697 27.25501787
v 258.45654449 26.34628378 27.77658910
v 258.45654449 25.33324453 28.26721597
v 258.45654449 24.28398093 28.72643287
v 258.45654449 23.19931139 29.15377673
v 258.45654449 22.07975401 29.54879540
v 258.45654449 20.92546379 29.91105444
v 258.45654449 19.73614513 30.24014270
v 258.45654449 18.51092414 30.53567693
v 258.45654449 17.24815341 30.79730558
v 258.45654449 15.94509669 31.02471194
v 258.45654449 14.59738537 31.21761681
v 258.45654449 13.19799862 31.37578055
v 258.45654449 11.73511192 31.49900489
v 258.45654449 10.18666786 31.58713426
v 258.45654449 8.50147782 31.64005682
v 258.45654449 6.37694455 31.65770518
v 258.45654449 4.25241128 31.64005682
v 258.45654449 2.56722125 31.58713426
v 258.45654449 1.01877719 31.49900489
v 258.45654449 -0.44410951 31.37578055
v 258.45654449 -1.84349626 31.21761681
v 258.45654449 -3.19120759 31.02471194
v 258.45654449 -4.49426430 30.79730558
v 258.45654449 -5.75703503 30.53567693
v 258.45654449 -6.98225602 30.24014270
v 258.45654449 -8.17157468 29.91105444
v 258.45654449 -9.32586490 29.54879540
v 258.45654449 -10.44542229 29.15377673
v 258.45654449 -11.53009182 28.72643287
v 258.45654449 -12.57935542 28.26721597
v 258.45654449 -13.59239467 27.77658910
v 258.45654449 -14.56813786 27.25501787
v 258.45654449 -15.50529665 26.70296003
v 258.45654449 -16.40239584 26.12085225
v 258.45654449 -17.25779841 25.50909323
v 258.45654449 -18.06972705 24.86802157
v 258.45654449 -18.83628298 24.19788614
v 258.45654449 -19.55546224 23.49880548
v 258.45654449 -20.22516915 22.77071028
v 258.45654449 -20.84322614 22.01325934
v 258.45654449 -21.40737810 21.22571117
v 258.45654449 -21.91528747 20.40671771
v 258.45654449 -22.36451314 19.55397075
v 258.45654449 -22.75245697 18.66354168
v 258.45654449 -23.07623902 17.72849343
v 258.45654449 -23.33238356 16.73538457
v 258.45654449 -23.51582309 15.65210923
v 258.45654449 -23.61243291 14.28484861
v 258.45654449 -23.59235891 12.88989873
v 258.45654449 -23.53212073 12.23601501
v 258.45654449 -23.43166928 11.72124908
v 258.45654449 -23.29092124 11.28167137
v 258.45654449 -23.10975656 10.89215281
v 258.45654449 -22.88801504 10.53974877
v 258.45654449 -22.62549154 10.21678491
v 258.45654449 -22.32192994 9.91829592
v 258.45654449 35.07581904 9.91829592
v 258.45654449 35.37938064 10.21678491
v 258.45654449 35.64190414 10.53974877
v 258.45654449 35.86364567 10.89215281
v 258.45654449 36.04481035 11.28167137
v 258.45654449 36.18555839 11.72124908
v 258.45654449 36.28600983 12.23601501
v 258.45654449 36.34624802 12.88989873
v 259.57337295 35.76994671 14.39214810
v 259.57337295 35.67523862 15.73756111
v 259.57337295 35.49560983 16.80256811
v 259.57337295 35.24488527 17.77863434
v 259.57337295 34.92802077 18.69745763
v 259.57337295 34.54841440 19.57231035
v 259.57337295 34.10888104 20.41004504
v 259.57337295 33.61195958 21.21454523
v 259.57337295 33.06003503 21.98809536
v 259.57337295 32.45539079 22.73203240
v 259.57337295 31.80022934 23.44709468
v 259.57337295 31.09667703 24.13362549
v 259.57337295 30.34677982 24.79169965
v 259.57337295 29.55249372 25.42120654
v 259.57337295 28.71567157 26.02190670
v 259.57337295 27.83804709 26.59347197
v 259.57337295 26.92121649 27.13551464
v 259.57337295 25.96661731 27.64760931
v 259.57337295 24.97550390 28.12930953
v 259.57337295 23.94891822 28.58016083
v 259.57337295 22.88765374 28.99971095
v 259.57337295 21.79220938 29.38751808
v 259.57337295 20.66272771 29.74315764
v 259.57337295 19.49890901 30.06622767
v 259.57337295 18.29988567 30.35635342
v 259.57337295 17.06403031 30.61319108
v 259.57337295 15.78864570 30.83643089
v 259.57337295 14.46943030 31.02579971
v 259.57337295 13.09947546 31.18106314
v 259.57337295 11.66714945 31.30202718
v 259.57337295 10.15075765 31.38853964
v 259.57337295 8.49995118 31.44049108
v 259.57337295 6.41689200 31.45781557
v 259.57337295 4.33383281 31.44049108
v 259.57337295 2.68302634 31.38853964
v 259.57337295 1.16663454 31.30202718
v 259.57337295 -0.26569146 31.18106314
v 259.57337295 -1.63564631 31.02579971
v 259.57337295 -2.95486170 30.83643089
v 259.57337295 -4.23024632 30.61319108
v 259.57337295 -5.46610168 30.35635342
v 259.57337295 -6.66512502 30.06622767
v 259.57337295 -7.82894372 29.74315764
v 259.57337295 -8.95842538 29.38751808
v 259.57337295 -10.05386975 28.99971095
v 259.57337295 -11.11513422 28.58016083
v 259.57337295 -12.14171991 28.12930953
v 259.57337295 -13.13283331 27.64760931
v 259.57337295 -14.08743249 27.13551464
v 259.57337295 -15.00426310 26.59347197
v 259.57337295 -15.88188758 26.02190670
v 259.57337295 -16.71870973 25.42120654
v 259.57337295 -17.51299583 24.79169965
v 259.57337295 -18.26289303 24.13362549
v 259.57337295 -18.96644535 23.44709468
v 259.57337295 -19.62160679 22.73203240
v 259.57337295 -20.22625104 21.98809536
v 259.57337295 -20.77817559 21.21454523
v 259.57337295 -21.27509705 20.41004504
v 259.57337295 -21.71463041 19.57231035
v 259.57337295 -22.09423677 18.69745763
v 259.57337295 -22.41110128 17.77863434
v 259.57337295 -22.66182584 16.80256811
v 259.57337295 -22.84145462 15.73756111
v 259.57337295 -22.93616272 14.39214810
v 259.57337295 -22.91651466 13.02186392
v 259.57337295 -22.85755462 12.37954225
v 259.57337295 -22.75923458 11.87387847
v 259.57337295 -22.62147297 11.44207344
v 259.57337295 -22.44415229 11.05944240
v 259.57337295 -22.22711574 10.71326961
v 259.57337295 -21.97016253 10.39601644
v 259.57337295 -21.67304199 10.10280537
v 259.57337295 34.50682598 10.10280537
v 259.57337295 34.80394653 10.39601644
v 259.57337295 35.06089973 10.71326961
v 259.57337295 35.27793629 11.05944240
v 259.57337295 35.45525696 11.44207344
v 259.57337295 35.59301857 11.87387847
v 259.57337295 35.69133861 12.37954225
v 259.57337295 35.75029865 13.02186392
v 260.68130061 35.14986578 14.49732996
v 260.68130061 35.05713975 15.82057765
v 260.68130061 34.88146294 16.86711099
v 260.68130061 34.63634978 17.82596108
v 260.68130061 34.32664094 18.72840508
v 260.68130061 33.95565441 19.58754086
v 260.68130061 33.52613811 20.41013351
v 260.68130061 33.04056998 21.20001963
v 260.68130061 32.50127738 21.95945873
v 260.68130061 31.91048805 22.68977580
v 260.68130061 31.27035049 23.39170543
v 260.68130061 30.58293847 24.06559249
v 260.68130061 29.85024703 24.71151701
v 260.68130061 29.07418303 25.32937595
v 260.68130061 28.25655230 25.91893908
v 260.68130061 27.39904402 26.47988847
v 260.68130061 26.50321273 27.01184728
v 260.68130061 25.57045759 27.51440125
v 260.68130061 24.60199843 27.98711514
v 260.68130061 23.59884703 28.42954552
v 260.68130061 22.56177183 28.84125085
v 260.68130061 21.49125263 29.22179968
v 260.68130061 20.38742004 29.57077717
v 260.68130061 19.24997102 29.88779054
v 260.68130061 18.07804567 30.17247349
v 260.68130061 16.87003871 30.42448995
v 260.68130061 15.62329511 30.64353706
v 260.68130061 14.33358519 30.82934775
v 260.68130061 12.99411986 30.98169280
v 260.68130061 11.59347242 31.10038252
v 260.68130061 10.11033355 31.18526805
v 260.68130061 8.49524660 31.23624237
v 260.68130061 6.45545235 31.25324099
v 260.68130061 4.41565809 31.23624237
v 260.68130061 2.80057114 31.18526805
v 260.68130061 1.31743227 31.10038252
v 260.68130061 -0.08321517 30.98169280
v 260.68130061 -1.42268050 30.82934775
v 260.68130061 -2.71239042 30.64353706
v 260.68130061 -3.95913402 30.42448995
v 260.68130061 -5.16714098 30.17247349
v 260.68130061 -6.33906633 29.88779054
v 260.68130061 -7.47651535 29.57077717
v 260.68130061 -8.58034794 29.22179968
v 260.68130061 -9.65086714 28.84125085
v 260.68130061 -10.68794234 28.42954552
v 260.68130061 -11.69109374 27.98711514
v 260.68130061 -12.65955290 27.51440125
v 260.68130061 -13.59230804 27.01184728
v 260.68130061 -14.48813933 26.47988847
v 260.68130061 -15.34564761 25.91893908
v 260.68130061 -16.16327834 25.32937595
v 260.68130061 -16.93934234 24.71151701
v 260.68130061 -17.67203378 24.06559249
v 260.68130061 -18.35944580 23.39170543
v 260.68130061 -18.99958336 22.68977580
v 260.68130061 -19.59037269 21.95945873
v 260.68130061 -20.12966529 21.20001963
v 260.68130061 -20.61523342 20.41013351
v 260.68130061 -21.04474972 19.58754086
v 260.68130061 -21.41573625 18.72840508
v 260.68130061 -21.72544509 17.82596108
v 260.68130061 -21.97055825 16.86711099
v 260.68130061 -22.14623506 15.82057765
v 260.68130061 -22.23896109 14.49732996
v 260.68130061 -22.21975390 13.15191761
v 260.68130061 -22.16211684 12.52125463
v 260.68130061 -22.06600297 12.02476908
v 260.68130061 -21.93133253 11.60080167
v 260.68130061 -21.75799068 11.22511571
v 260.68130061 -21.54582412 10.88522625
v 260.68130061 -21.29463659 10.57373151
v 260.68130061 -21.00418301 10.28584246
v 260.68130061 33.91508770 10.28584246
v 260.68130061 34.20554128 10.57373151
v 260.68130061 34.45672881 10.88522625
v 260.68130061 34.66889537 11.22511571
v 260.68130061 34.84223722 11.60080167
v 260.68130061 34.97690766 12.02476908
v 260.68130061 35.07302153 12.52125463
v 260.68130061 35.13065859 13.15191761
v 261.78028777 34.50920124 14.59979335
v 261.78028777 34.41852799 15.90052757
v 261.78028777 34.24692572 16.92835824
v 261.78028777 34.00758923 17.86979710
v 261.78028777 33.70524093 18.75568717
v 261.78028777 33.34311678 19.59894613
v 261.78028777 32.92389606 20.40624849
v 261.78028777 32.44999440 21.18138204
v 261.78028777 31.92368014 21.92658007
v 261.78028777 31.34712422 22.64315474
v 261.78028777 30.72241992 23.33183625
v 261.78028777 30.05158741 23.99297058
v 261.78028777 29.33656973 24.62664260
v 261.78028777 28.57922368 25.23275658
v 261.78028777 27.78130720 25.81109129
v 261.78028777 26.94446415 26.36133888
v 261.78028777 26.07020670 26.88313322
v 261.78028777 25.15989512 27.37607110
v 261.78028777 24.21471426 27.83972837
v 261.78028777 23.23564550 28.27367258
v 261.78028777 22.22343216 28.67747290
v 261.78028777 21.17853512 29.05070811
v 261.78028777 20.10107347 29.39297313
v 261.78028777 18.99074170 29.70388431
v 261.78028777 17.84668889 29.98308379
v 261.78028777 16.66733387 30.23024318
v 261.78028777 15.45006671 30.44506654
v 261.78028777 14.19073395 30.62729284
v 261.78028777 12.88267277 30.77669806
v 261.78028777 11.51467262 30.89309676
v 261.78028777 10.06582997 30.97634344
v 261.78028777 8.48762792 31.02633349
v 261.78028777 6.49267770 31.04300385
v 261.78028777 4.49772748 31.02633349
v 261.78028777 2.91952543 30.97634344
v 261.78028777 1.47068278 30.89309676
v 261.78028777 0.10268263 30.77669806
v 261.78028777 -1.20537855 30.62729284
v 261.78028777 -2.46471131 30.44506654
v 261.78028777 -3.68197847 30.23024318
v 261.78028777 -4.86133349 29.98308379
v 261.78028777 -6.00538630 29.70388431
v 261.78028777 -7.11571808 29.39297313
v 261.78028777 -8.19317972 29.05070811
v 261.78028777 -9.23807676 28.67747290
v 261.78028777 -10.25029010 28.27367258
v 261.78028777 -11.22935886 27.83972837
v 261.78028777 -12.17453972 27.37607110
v 261.78028777 -13.08485130 26.88313322
v 261.78028777 -13.95910875 26.36133888
v 261.78028777 -14.79595180 25.81109129
v 261.78028777 -15.59386828 25.23275658
v 261.78028777 -16.35121433 24.62664260
v 261.78028777 -17.06623201 23.99297058
v 261.78028777 -17.73706452 23.33183625
v 261.78028777 -18.36176882 22.64315474
v 261.78028777 -18.93832475 21.92658007
v 261.78028777 -19.46463900 21.18138204
v 261.78028777 -19.93854066 20.40624849
v 261.78028777 -20.35776138 19.59894613
v 261.78028777 -20.71988553 18.75568717
v 261.78028777 -21.02223384 17.86979710
v 261.78028777 -21.26157032 16.92835824
v 261.78028777 -21.43317259 15.90052757
v 261.78028777 -21.52384584 14.59979335
v 261.78028777 -21.50509241 13.27948921
v 261.78028777 -21.44881700 12.66059573
v 261.78028777 -21.35497376 12.17337564
v 261.78028777 -21.22348484 11.75732036
v 261.78028777 -21.05423810 11.38864549
v 261.78028777 -20.84708386 11.05509908
v 261.78028777 -20.60183049 10.74941748
v 261.78028777 -20.31823872 10.46690105
v 261.78028777 33.30359412 10.46690105
v 261.78028777 33.58718589 10.74941748
v 261.78028777 33.83243926 11.05509908
v 261.78028777 34.03959350 11.38864549
v 261.78028777 34.20884024 11.75732036
v 261.78028777 34.34032916 12.17337564
v 261.78028777 34.43417240 12.66059573
v 261.78028777 34.49044781 13.27948921
v 262.87029674 33.84523884 14.70088065
v 262.87029674 33.75669783 15.97862771
v 262.87029674 33.58930888 16.98742794
v 262.87029674 33.35593675 17.91117006
v 262.87029674 33.06118214 18.78024656
v 262.87029674 32.70819664 19.60738792
v 262.87029674 32.29958909 20.39917432
v 262.87029674 31.83771111 21.15934248
v 262.87029674 31.32477056 21.89009797
v 262.87029674 30.76288011 22.59273912
v 262.87029674 30.15407651 23.26799102
v 262.87029674 29.50032502 23.91620028
v 262.87029674 28.80351554 24.53745620
v 262.87029674 28.06545364 25.13167013
v 262.87029674 27.28784836 25.69862962
v 262.87029674 26.47229731 26.23803675
v 262.87029674 25.62026951 26.74953602
v 262.87029674 24.73308564 27.23273516
v 262.87029674 23.81189505 27.68722111
v 262.87029674 22.85764839 28.11257235
v 262.87029674 21.87106374 28.50836871
v 262.87029674 20.85258319 28.87419924
v 262.87029674 19.80231478 29.20966860
v 262.87029674 18.71995139 29.51440226
v 262.87029674 17.60465251 29.78805083
v 262.87029674 16.45486319 30.03029362
v 262.87029674 15.26802179 30.24084159
v 262.87029674 14.04005587 30.41943980
v 262.87029674 12.76443628 30.56586939
v 262.87029674 11.43018083 30.67994924
v 262.87029674 10.01681440 30.76153718
v 262.87029674 8.47681235 30.81053101
v 262.87029674 6.52847762 30.82686914
v 262.87029674 4.58014289 30.81053101
v 262.87029674 3.04014083 30.76153718
v 262.87029674 1.62677440 30.67994924
v 262.87029674 0.29251896 30.56586939
v 262.87029674 -0.98310063 30.41943980
v 262.87029674 -2.21106655 30.24084159
v 262.87029674 -3.39790795 30.03029362
v 262.87029674 -4.54769727 29.78805083
v 262.87029674 -5.66299616 29.51440226
v 262.87029674 -6.74535955 29.20966860
v 262.87029674 -7.79562796 28.87419924
v 262.87029674 -8.81410850 28.50836871
v 262.87029674 -9.80069315 28.11257235
v 262.87029674 -10.75493981 27.68722111
v 262.87029674 -11.67613040 27.23273516
v 262.87029674 -12.56331428 26.74953602
v 262.87029674 -13.41534208 26.23803675
v 262.87029674 -14.23089313 25.69862962
v 262.87029674 -15.00849841 25.13167013
v 262.87029674 -15.74656030 24.53745620
v 262.87029674 -16.44336979 23.91620028
v 262.87029674 -17.09712127 23.26799102
v 262.87029674 -17.70592487 22.59273912
v 262.87029674 -18.26781533 21.89009797
v 262.87029674 -18.78075588 21.15934248
v 262.87029674 -19.24263385 20.39917432
v 262.87029674 -19.65124140 19.60738792
v 262.87029674 -20.00422690 18.78024656
v 262.87029674 -20.29898151 17.91117006
v 262.87029674 -20.53235364 16.98742794
v 262.87029674 -20.69974259 15.97862771
v 262.87029674 -20.78828360 14.70088065
v 262.87029674 -20.76999857 13.40604779
v 262.87029674 -20.71512874 12.79909398
v 262.87029674 -20.62362940 12.32127334
v 262.87029674 -20.49542465 11.91324458
v 262.87029674 -20.33040515 11.55168218
v 262.87029674 -20.12842495 11.22457054
v 262.87029674 -19.88929722 10.92478614
v 262.87029674 -19.61278866 10.64772001
v 262.87029674 32.66974389 10.64772001
v 262.87029674 32.94625246 10.92478614
v 262.87029674 33.18538019 11.22457054
v 262.87029674 33.38736038 11.55168218
v 262.87029674 33.55237989 11.91324458
v 262.87029674 33.68058464 12.32127334
v 262.87029674 33.77208398 12.79909398
v 262.87029674 33.82695381 13.40604779
v 263.95129181 33.14674409 14.80408765
v 263.95129181 33.06045089 16.05820906
v 263.95129181 32.89748193 17.04752160
v 263.95129181 32.67035632 17.95316309
v 263.95129181 32.38354773 18.80505508
v 263.95129181 32.04011982 19.61573218
v 263.95129181 31.64260807 20.39167564
v 263.95129181 31.19329751 21.13656832
v 263.95129181 30.69433312 21.85258633
v 263.95129181 30.14776703 22.54101299
v 263.95129181 29.55557730 23.20256746
v 263.95129181 28.91967225 23.83759643
v 263.95129181 28.24188663 24.44619327
v 263.95129181 27.52397300 25.02827610
v 263.95129181 26.76758976 25.58364112
v 263.95129181 25.97428671 26.11200021
v 263.95129181 25.14548832 26.61300843
v 263.95129181 24.28247448 27.08628448
v 263.95129181 23.38635809 27.53142634
v 263.95129181 22.45805835 27.94802345
v 263.95129181 21.49826769 28.33566635
v 263.95129181 20.50740941 28.69395440
v 263.95129181 19.48558089 29.02250205
v 263.95129181 18.43247446 29.32094396
v 263.95129181 17.34726174 29.58893923
v 263.95129181 16.22841684 29.82617494
v 263.95129181 15.07343065 30.03236900
v 263.95129181 13.87831819 30.20727258
v 263.95129181 12.63669416 30.35067207
v 263.95129181 11.33782147 30.46239064
v 263.95129181 9.96168450 30.54228953
v 263.95129181 8.46182303 30.59026895
v 263.95129181 6.56267048 30.60626879
v 263.95129181 4.66351793 30.59026895
v 263.95129181 3.16365647 30.54228953
v 263.95129181 1.78751949 30.46239064
v 263.95129181 0.48864681 30.35067207
v 263.95129181 -0.75297723 30.20727258
v 263.95129181 -1.94808968 30.03236900
v 263.95129181 -3.10307588 29.82617494
v 263.95129181 -4.22192078 29.58893923
v 263.95129181 -5.30713350 29.32094396
v 263.95129181 -6.36023993 29.02250205
v 263.95129181 -7.38206844 28.69395440
v 263.95129181 -8.37292673 28.33566635
v 263.95129181 -9.33271738 27.94802345
v 263.95129181 -10.26101713 27.53142634
v 263.95129181 -11.15713352 27.08628448
v 263.95129181 -12.02014736 26.61300843
v 263.95129181 -12.84894575 26.11200021
v 263.95129181 -13.64224880 25.58364112
v 263.95129181 -14.39863204 25.02827610
v 263.95129181 -15.11654567 24.44619327
v 263.95129181 -15.79433129 23.83759643
v 263.95129181 -16.43023634 23.20256746
v 263.95129181 -17.02242606 22.54101299
v 263.95129181 -17.56899216 21.85258633
v 263.95129181 -18.06795655 21.13656832
v 263.95129181 -18.51726711 20.39167564
v 263.95129181 -18.91477886 19.61573218
v 263.95129181 -19.25820677 18.80505508
v 263.95129181 -19.54501536 17.95316309
v 263.95129181 -19.77214097 17.04752160
v 263.95129181 -19.93510993 16.05820906
v 263.95129181 -20.02140313 14.80408765
v 263.95129181 -20.00360854 13.53525483
v 263.95129181 -19.95021042 12.94048856
v 263.95129181 -19.86116527 12.47226248
v 263.95129181 -19.73639921 12.07242688
v 263.95129181 -19.57580585 11.71812459
v 263.95129181 -19.37924315 11.39758131
v 263.95129181 -19.14652928 11.10381653
v 263.95129181 -18.87743720 10.83231385
v 263.95129181 -18.57168778 10.57997148
v 263.95129181 32.00277816 10.83231385
v 263.95129181 32.27187024 11.10381653
v 263.95129181 32.50458411 11.39758131
v 263.95129181 32.70114681 11.71812459
v 263.95129181 32.86174018 12.07242688
v 263.95129181 32.98650623 12.47226248
v 263.95129181 33.07555138 12.94048856
v 263.95129181 33.12894950 13.53525483
v 265.02323925 32.41166031 14.90916068
v 265.02323925 32.32773806 16.13909925
v 265.02323925 32.16940948 17.10853167
v 265.02323925 31.94883143 17.99572816
v 265.02323925 31.67034487 18.83012076
v 265.02323925 31.33692172 19.62404036
v 265.02323925 30.95102099 20.38386506
v 265.02323925 30.51485836 21.11322135
v 265.02323925 30.03051336 21.81425424
v 265.02323925 29.49997515 22.48823091
v 265.02323925 28.92516081 23.13586387
v 265.02323925 28.30791948 23.75749932
v 265.02323925 27.65002869 24.35323432
v 265.02323925 26.95318600 24.92299353
v 265.02323925 26.21899735 25.46658156
v 265.02323925 25.44896305 25.98372000
v 265.02323925 24.64446152 26.47407439
v 265.02323925 23.80673058 26.93727430
v 265.02323925 22.93684561 27.37292876
v 265.02323925 22.03569360 27.78063818
v 265.02323925 21.10394090 28.16000381
v 265.02323925 20.14199195 28.51063532
v 265.02323925 19.14993397 28.83215698
v 265.02323925 18.12745974 29.12421265
v 265.02323925 17.07375492 29.38647000
v 265.02323925 15.98732560 29.61862386
v 265.02323925 14.86571972 29.82039915
v 265.02323925 13.70504667 29.99155318
v 265.02323925 12.49907566 30.13187758
v 265.02323925 11.23733258 30.24119987
v 265.02323925 9.90029426 30.31938469
v 265.02323925 8.44264163 30.36633469
v 265.02323925 6.59540458 30.38199122
v 265.02323925 4.74816752 30.36633469
v 265.02323925 3.29051489 30.31938469
v 265.02323925 1.95347657 30.24119987
v 265.02323925 0.69173350 30.13187758
v 265.02323925 -0.51423751 29.99155318
v 265.02323925 -1.67491057 29.82039915
v 265.02323925 -2.79651645 29.61862386
v 265.02323925 -3.88294577 29.38647000
v 265.02323925 -4.93665058 29.12421265
v 265.02323925 -5.95912482 28.83215698
v 265.02323925 -6.95118280 28.51063532
v 265.02323925 -7.91313174 28.16000381
v 265.02323925 -8.84488444 27.78063818
v 265.02323925 -9.74603646 27.37292876
v 265.02323925 -10.61592142 26.93727430
v 265.02323925 -11.45365237 26.47407439
v 265.02323925 -12.25815389 25.98372000
v 265.02323925 -13.02818819 25.46658156
v 265.02323925 -13.76237684 24.92299353
v 265.02323925 -14.45921953 24.35323432
v 265.02323925 -15.11711032 23.75749932
v 265.02323925 -15.73435165 23.13586387
v 265.02323925 -16.30916599 22.48823091
v 265.02323925 -16.83970420 21.81425424
v 265.02323925 -17.32404921 21.11322135
v 265.02323925 -17.76021183 20.38386506
v 265.02323925 -18.14611257 19.62404036
v 265.02323925 -18.47953571 18.83012076
v 265.02323925 -18.75802227 17.99572816
v 265.02323925 -18.97860033 17.10853167
v 265.02323925 -19.13692890 16.13909925
v 265.02323925 -19.22085116 14.90916068
v 265.02323925 -19.20357052 13.66677300
v 265.02323925 -19.15171468 13.08440291
v 265.02323925 -19.06524139 12.62593565
v 265.02323925 -18.94407890 12.23443346
v 265.02323925 -18.78812390 11.88751557
v 265.02323925 -18.59723844 11.57365308
v 265.02323925 -18.37124596 11.28601098
v 265.02323925 -18.10992597 11.02016698
v 265.02323925 -17.81300740 10.77308396
v 265.02323925 31.00381655 10.77308396
v 265.02323925 31.30073512 11.02016698
v 265.02323925 31.56205512 11.28601098
v 265.02323925 31.78804760 11.57365308
v 265.02323925 31.97893305 11.88751557
v 265.02323925 32.13488806 12.23443346
v 265.02323925 32.25605054 12.62593565
v 265.02323925 32.34252384 13.08440291
v 265.02323925 32.39437968 13.66677300
v 266.08610736 31.63797079 15.01574147
v 266.08610736 31.55655005 16.22102534
v 266.08610736 31.40309577 17.17025294
v 266.08610736 31.18938489 18.03872210
v 266.08610736 30.91961966 18.85535883
v 266.08610736 30.59667620 19.63228330
v 266.08610736 30.22293374 20.37576666
v 266.08610736 29.80053568 21.08937676
v 266.08610736 29.33149336 21.77522601
v 266.08610736 28.81773042 22.43456447
v 266.08610736 28.26110046 23.06809724
v 266.08610736 27.66339109 23.67616953
v 266.08610736 27.02632043 24.25888173
v 266.08610736 26.35152889 24.81616474
v 266.08610736 25.64056802 25.34783140
v 266.08610736 24.89488685 25.85361286
v 266.08610736 24.11581615 26.33318500
v 266.08610736 23.30455027 26.78618824
v 266.08610736 22.46212597 27.21224257
v 266.08610736 21.58939719 27.61095934
v 266.08610736 20.68700372 27.98195048
v 266.08610736 19.75533109 28.32483599
v 266.08610736 18.79445680 28.63924993
v 266.08610736 17.80407522 28.92484539
v 266.08610736 16.78338800 29.18129858
v 266.08610736 15.73093633 29.40831212
v 266.08610736 14.64432995 29.60561794
v 266.08610736 13.51977987 29.77297949
v 266.08610736 12.35122120 29.91019366
v 266.08610736 11.12846160 30.01709234
v 266.08610736 9.83250529 30.09354355
v 266.08610736 8.41925542 30.13945241
v 266.08610736 6.62683150 30.15476173
v 266.08610736 4.83440758 30.13945241
v 266.08610736 3.42115772 30.09354355
v 266.08610736 2.12520141 30.01709234
v 266.08610736 0.90244181 29.91019366
v 266.08610736 -0.26611686 29.77297949
v 266.08610736 -1.39066694 29.60561794
v 266.08610736 -2.47727332 29.40831212
v 266.08610736 -3.52972499 29.18129858
v 266.08610736 -4.55041221 28.92484539
v 266.08610736 -5.54079379 28.63924993
v 266.08610736 -6.50166808 28.32483599
v 266.08610736 -7.43334071 27.98195048
v 266.08610736 -8.33573418 27.61095934
v 266.08610736 -9.20846297 27.21224257
v 266.08610736 -10.05088726 26.78618824
v 266.08610736 -10.86215315 26.33318500
v 266.08610736 -11.64122385 25.85361286
v 266.08610736 -12.38690502 25.34783140
v 266.08610736 -13.09786589 24.81616474
v 266.08610736 -13.77265742 24.25888173
v 266.08610736 -14.40972809 23.67616953
v 266.08610736 -15.00743745 23.06809724
v 266.08610736 -15.56406741 22.43456447
v 266.08610736 -16.07783036 21.77522601
v 266.08610736 -16.54687268 21.08937676
v 266.08610736 -16.96927073 20.37576666
v 266.08610736 -17.34301319 19.63228330
v 266.08610736 -17.66595665 18.85535883
v 266.08610736 -17.93572188 18.03872210
v 266.08610736 -18.14943277 17.17025294
v 266.08610736 -18.30288705 16.22102534
v 266.08610736 -18.38430778 15.01574147
v 266.08610736 -18.36756607 13.80015702
v 266.08610736 -18.31732742 13.23035096
v 266.08610736 -18.23355092 12.78177465
v 266.08610736 -18.11616706 12.39871872
v 266.08610736 -17.96507573 12.05928522
v 266.08610736 -17.78014331 11.75219399
v 266.08610736 -17.56119872 11.47075747
v 266.08610736 -17.30802836 11.21064878
v 266.08610736 -17.02036962 10.96889632
v 266.08610736 30.27403263 10.96889632
v 266.08610736 30.56169137 11.21064878
v 266.08610736 30.81486173 11.47075747
v 266.08610736 31.03380632 11.75219399
v 266.08610736 31.21873874 12.05928522
v 266.08610736 31.36983007 12.39871872
v 266.08610736 31.48721393 12.78177465
v 266.08610736 31.57099043 13.23035096
v 266.08610736 31.62122907 13.80015702
v 267.13986645 30.82325111 15.12365328
v 267.13986645 30.74447125 16.30382476
v 267.13986645 30.59614115 17.23253420
v 267.13986645 30.38963905 18.08200413
v 267.13986645 30.12902205 18.88063836
v 267.13986645 29.81706613 19.64033940
v 267.13986645 29.45606721 20.36726779
v 267.13986645 29.04809327 21.06493048
v 267.13986645 28.59508451 21.73540582
v 267.13986645 28.09889628 22.37992574
v 267.13986645 27.56131607 22.99918725
v 267.13986645 26.98406747 23.59353406
v 267.13986645 26.36880673 24.16306948
v 267.13986645 25.71711490 24.70773040
v 267.13986645 25.03048702 25.22733769
v 267.13986645 24.31031891 25.72163188
v 267.13986645 23.55789197 26.19029913
v 267.13986645 22.77435560 26.63299057
v 267.13986645 21.96070673 27.04933715
v 267.13986645 21.11776532 27.43896108
v 267.13986645 20.24614409 27.80148497
v 267.13986645 19.34620960 28.13653911
v 267.13986645 18.41803009 28.44376737
v 267.13986645 17.46130268 28.72283206
v 267.13986645 16.47524709 28.97341792
v 267.13986645 15.45844291 29.19523539
v 267.13986645 14.40856674 29.38802339
v 267.13986645 13.32193890 29.55155153
v 267.13986645 12.19267247 29.68562198
v 267.13986645 11.01087693 29.79007098
v 267.13986645 9.75812097 29.86476997
v 267.13986645 8.39161628 29.90962651
v 267.13986645 6.65709653 29.92458489
v 267.13986645 4.92257678 29.90962651
v 267.13986645 3.55607209 29.86476997
v 267.13986645 2.30331613 29.79007098
v 267.13986645 1.12152059 29.68562198
v 267.13986645 -0.00774584 29.55155153
v 267.13986645 -1.09437368 29.38802339
v 267.13986645 -2.14424985 29.19523539
v 267.13986645 -3.16105403 28.97341792
v 267.13986645 -4.14710962 28.72283206
v 267.13986645 -5.10383703 28.44376737
v 267.13986645 -6.03201654 28.13653911
v 267.13986645 -6.93195103 27.80148497
v 267.13986645 -7.80357226 27.43896108
v 267.13986645 -8.64651367 27.04933715
v 267.13986645 -9.46016254 26.63299057
v 267.13986645 -10.24369891 26.19029913
v 267.13986645 -10.99612585 25.72163188
v 267.13986645 -11.71629396 25.22733769
v 267.13986645 -12.40292184 24.70773040
v 267.13986645 -13.05461366 24.16306948
v 267.13986645 -13.66987441 23.59353406
v 267.13986645 -14.24712301 22.99918725
v 267.13986645 -14.78470322 22.37992574
v 267.13986645 -15.28089145 21.73540582
v 267.13986645 -15.73390021 21.06493048
v 267.13986645 -16.14187415 20.36726779
v 267.13986645 -16.50287307 19.64033940
v 267.13986645 -16.81482898 18.88063836
v 267.13986645 -17.07544599 18.08200413
v 267.13986645 -17.28194808 17.23253420
v 267.13986645 -17.43027819 16.30382476
v 267.13986645 -17.50905805 15.12365328
v 267.13986645 -17.49288194 13.93521558
v 267.13986645 -17.44434058 13.37813459
v 267.13986645 -17.36339441 12.93957600
v 267.13986645 -17.24997629 12.56507458
v 267.13986645 -17.10398948 12.23322140
v 267.13986645 -16.92530487 11.93298821
v 267.13986645 -16.71375718 11.65783681
v 267.13986645 -16.46914002 11.40353694
v 267.13986645 -16.19119963 11.16718335
v 267.13986645 29.50539269 11.16718335
v 267.13986645 29.78333308 11.40353694
v 267.13986645 30.02795025 11.65783681
v 267.13986645 30.23949793 11.93298821
v 267.13986645 30.41818254 12.23322140
v 267.13986645 30.56416935 12.56507458
v 267.13986645 30.67758747 12.93957600
v 267.13986645 30.75853364 13.37813459
v 267.13986645 30.80707501 13.93521558
v 268.18448884 29.96452942 15.24358168
v 268.18448884 29.88854033 16.39366375
v 268.18448884 29.74560360 17.29798822
v 268.18448884 29.54667854 18.12493760
v 268.18448884 29.29567010 18.90226818
v 268.18448884 28.99524949 19.64161228
v 268.18448884 28.64762547 20.34899244
v 268.18448884 28.25478718 21.02783897
v 268.18448884 27.81860056 21.68018674
v 268.18448884 27.34084964 22.30724378
v 268.18448884 26.82325295 22.90969560
v 268.18448884 26.26746731 23.48788257
v 268.18448884 25.67508454 24.04191017
v 268.18448884 25.04762386 24.57172118
v 268.18448884 24.38652152 25.07714499
v 268.18448884 23.69311803 25.55793236
v 268.18448884 22.96864356 26.01378075
v 268.18448884 22.21420094 26.44435332
v 268.18448884 21.43074591 26.84929325
v 268.18448884 20.61906351 27.22823507
v 268.18448884 19.77973878 27.58081344
v 268.18448884 18.91311919 27.90667035
v 268.18448884 18.01926421 28.20546084
v 268.18448884 17.09787497 28.47685770
v 268.18448884 16.14819143 28.72055542
v 268.18448884 15.16883510 28.93627336
v 268.18448884 14.15755486 29.12375845
v 268.18448884 13.11078858 29.28278733
v 268.18448884 12.02284023 29.41316822
v 268.18448884 10.88414253 29.51474233
v 268.18448884 9.67686843 29.58738502
v 268.18448884 8.35963056 29.63100665
v 268.18448884 6.68633870 29.64555321
v 268.18448884 5.01304684 29.63100665
v 268.18448884 3.69580897 29.58738502
v 268.18448884 2.48853488 29.51474233
v 268.18448884 1.34983717 29.41316822
v 268.18448884 0.26188882 29.28278733
v 268.18448884 -0.78487746 29.12375845
v 268.18448884 -1.79615770 28.93627336
v 268.18448884 -2.77551402 28.72055542
v 268.18448884 -3.72519756 28.47685770
v 268.18448884 -4.64658681 28.20546084
v 268.18448884 -5.54044178 27.90667035
v 268.18448884 -6.40706138 27.58081344
v 268.18448884 -7.24638611 27.22823507
v 268.18448884 -8.05806851 26.84929325
v 268.18448884 -8.84152353 26.44435332
v 268.18448884 -9.59596616 26.01378075
v 268.18448884 -10.32044063 25.55793236
v 268.18448884 -11.01384411 25.07714499
v 268.18448884 -11.67494646 24.57172118
v 268.18448884 -12.30240713 24.04191017
v 268.18448884 -12.89478991 23.48788257
v 268.18448884 -13.45057555 22.90969560
v 268.18448884 -13.96817223 22.30724378
v 268.18448884 -14.44592315 21.68018674
v 268.18448884 -14.88210977 21.02783897
v 268.18448884 -15.27494806 20.34899244
v 268.18448884 -15.62257208 19.64161228
v 268.18448884 -15.92299270 18.90226818
v 268.18448884 -16.17400113 18.12493760
v 268.18448884 -16.37292620 17.29798822
v 268.18448884 -16.51586292 16.39366375
v 268.18448884 -16.59185202 15.24358168
v 268.18448884 -16.57627029 14.08717841
v 268.18448884 -16.52951253 13.54511356
v 268.18448884 -16.45154066 13.11837635
v 268.18448884 -16.34228998 12.75396964
v 268.18448884 -16.20166733 12.43106159
v 268.18448884 -16.02954833 12.13892120
v 268.18448884 -15.82577377 11.87118652
v 268.18448884 -15.59014485 11.62374132
v 268.18448884 -15.32241714 11.39375867
v 268.18448884 -15.02229307 11.17921149
v 268.18448884 28.69509454 11.39375867
v 268.18448884 28.96282225 11.62374132
v 268.18448884 29.19845118 11.87118652
v 268.18448884 29.40222574 12.13892120
v 268.18448884 29.57434473 12.43106159
v 268.18448884 29.71496739 12.75396964
v 268.18448884 29.82421806 13.11837635
v 268.18448884 29.90218993 13.54511356
v 268.18448884 29.94894769 14.08717841
v 269.21994887 29.05810550 15.38022568
v 269.21994887 28.98507001 16.49293714
v 269.21994887 28.84781962 17.36720761
v 269.21994887 28.65687264 18.16646997
v 269.21994887 28.41597433 18.91765110
v 269.21994887 28.12768598 19.63203676
v 269.21994887 27.79412505 20.31547181
v 269.21994887 27.41719812 20.97128720
v 269.21994887 26.99869338 21.60146060
v 269.21994887 26.54032030 22.20716791
v 269.21994887 26.04372529 22.78907829
v 269.21994887 25.51049542 23.34752616
v 269.21994887 24.94215522 23.88261809
v 269.21994887 24.34015941 24.39430280
v 269.21994887 23.70588292 24.88241893
v 269.21994887 23.04060869 25.34672872
v 269.21994887 22.34551357 25.78694265
v 269.21994887 21.62165204 26.20273770
v 269.21994887 20.86993720 26.59377138
v 269.21994887 20.09111803 26.95969258
v 269.21994887 19.28575124 27.30015017
v 269.21994887 18.45416507 27.61479988
v 269.21994887 17.59641074 27.90330993
v 269.21994887 16.71219465 28.16536554
v 269.21994887 15.80077940 28.40067273
v 269.21994887 14.86083220 28.60896143
v 269.21994887 13.89018001 28.78998805
v 269.21994887 12.88538715 28.94353761
v 269.21994887 11.84096242 29.06942549
v 269.21994887 10.74768497 29.16749882
v 269.21994887 9.58837500 29.23763761
v 269.21994887 8.32314595 29.27975556
v 269.21994887 6.71469092 29.29380067
v 269.21994887 5.10623590 29.27975556
v 269.21994887 3.84100685 29.23763761
v 269.21994887 2.68169687 29.16749882
v 269.21994887 1.58841942 29.06942549
v 269.21994887 0.54399469 28.94353761
v 269.21994887 -0.46079817 28.78998805
v 269.21994887 -1.43145036 28.60896143
v 269.21994887 -2.37139756 28.40067273
v 269.21994887 -3.28281281 28.16536554
v 269.21994887 -4.16702890 27.90330993
v 269.21994887 -5.02478323 27.61479988
v 269.21994887 -5.85636940 27.30015017
v 269.21994887 -6.66173619 26.95969258
v 269.21994887 -7.44055536 26.59377138
v 269.21994887 -8.19227020 26.20273770
v 269.21994887 -8.91613173 25.78694265
v 269.21994887 -9.61122685 25.34672872
v 269.21994887 -10.27650107 24.88241893
v 269.21994887 -10.91077756 24.39430280
v 269.21994887 -11.51277337 23.88261809
v 269.21994887 -12.08111358 23.34752616
v 269.21994887 -12.61434345 22.78907829
v 269.21994887 -13.11093845 22.20716791
v 269.21994887 -13.56931154 21.60146060
v 269.21994887 -13.98781628 20.97128720
v 269.21994887 -14.36474321 20.31547181
v 269.21994887 -14.69830414 19.63203676
v 269.21994887 -14.98659249 18.91765110
v 269.21994887 -15.22749079 18.16646997
v 269.21994887 -15.41843778 17.36720761
v 269.21994887 -15.55568817 16.49293714
v 269.21994887 -15.62872366 15.38022568
v 269.21994887 -15.61376765 14.26303810
v 269.21994887 -15.56888753 13.73935565
v 269.21994887 -15.49404675 13.32708985
v 269.21994887 -15.38918322 12.97504082
v 269.21994887 -15.25420752 12.66308316
v 269.21994887 -15.08900026 12.38084978
v 269.21994887 -14.89340862 12.12219446
v 269.21994887 -14.66724178 11.88314056
v 269.21994887 -14.41026514 11.66095703
v 269.21994887 -14.12219308 11.45368553
v 269.21994887 27.55157492 11.45368553
v 269.21994887 27.83964698 11.66095703
v 269.21994887 28.09662362 11.88314056
v 269.21994887 28.32279046 12.12219446
v 269.21994887 28.51838210 12.38084978
v 269.21994887 28.68358936 12.66308316
v 269.21994887 28.81856507 12.97504082
v 269.21994887 28.92342859 13.32708985
v 269.21994887 28.99826937 13.73935565
v 269.21994887 29.04314949 14.26303810
v 270.24622294 28.09929897 15.53126517
v 270.24622294 28.02939607 16.59985808
v 270.24622294 27.89815474 17.43883600
v 270.24622294 27.71562801 18.20564188
v 270.24622294 27.48539310 18.92620298
v 270.24622294 27.20989573 19.61138702
v 270.24622294 26.89115743 20.26682400
v 270.24622294 26.53099810 20.89572410
v 270.24622294 26.13112437 21.49999499
v 270.24622294 25.69316746 22.08077258
v 270.24622294 25.21869825 22.63870506
v 270.24622294 24.70923071 23.17411836
v 270.24622294 24.16621892 23.68711908
v 270.24622294 23.59105011 24.17766177
v 270.24622294 22.98503513 24.64559493
v 270.24622294 22.34939676 25.09069344
v 270.24622294 21.68525625 25.51268219
v 270.24622294 20.99361772 25.91125371
v 270.24622294 20.27534997 26.28608161
v 270.24622294 19.53116470 26.63683105
v 270.24622294 18.76158953 26.96316699
v 270.24622294 17.96693325 27.26476081
v 270.24622294 17.14723933 27.54129572
v 270.24622294 16.30222089 27.79247110
v 270.24622294 15.43116567 28.01800612
v 270.24622294 14.53279071 28.21764278
v 270.24622294 13.60500738 28.39114835
v 270.24622294 12.64451616 28.53831739
v 270.24622294 11.64604593 28.65897348
v 270.24622294 10.60074755 28.75297054
v 270.24622294 9.49213543 28.82019388
v 270.24622294 8.28193304 28.86056102
v 270.24622294 6.74228005 28.87402227
v 270.24622294 5.20262706 28.86056102
v 270.24622294 3.99242467 28.82019388
v 270.24622294 2.88381255 28.75297054
v 270.24622294 1.83851417 28.65897348
v 270.24622294 0.84004393 28.53831739
v 270.24622294 -0.12044728 28.39114835
v 270.24622294 -1.04823062 28.21764278
v 270.24622294 -1.94660557 28.01800612
v 270.24622294 -2.81766079 27.79247110
v 270.24622294 -3.66267924 27.54129572
v 270.24622294 -4.48237315 27.26476081
v 270.24622294 -5.27702943 26.96316699
v 270.24622294 -6.04660461 26.63683105
v 270.24622294 -6.79078988 26.28608161
v 270.24622294 -7.50905763 25.91125371
v 270.24622294 -8.20069616 25.51268219
v 270.24622294 -8.86483666 25.09069344
v 270.24622294 -9.50047503 24.64559493
v 270.24622294 -10.10649001 24.17766177
v 270.24622294 -10.68165882 23.68711908
v 270.24622294 -11.22467061 23.17411836
v 270.24622294 -11.73413816 22.63870506
v 270.24622294 -12.20860736 22.08077258
v 270.24622294 -12.64656427 21.49999499
v 270.24622294 -13.04643800 20.89572410
v 270.24622294 -13.40659734 20.26682400
v 270.24622294 -13.72533563 19.61138702
v 270.24622294 -14.00083300 18.92620298
v 270.24622294 -14.23106791 18.20564188
v 270.24622294 -14.41359464 17.43883600
v 270.24622294 -14.54483597 16.59985808
v 270.24622294 -14.61473887 15.53126517
v 270.24622294 -14.60044312 14.45991128
v 270.24622294 -14.55754432 13.95771341
v 270.24622294 -14.48600755 13.56236122
v 270.24622294 -14.38577343 13.22475534
v 270.24622294 -14.25675651 12.92559604
v 270.24622294 -14.09884266 12.65494156
v 270.24622294 -13.91188581 12.40689782
v 270.24622294 -13.69570357 12.17765134
v 270.24622294 -13.45007169 11.96458310
v 270.24622294 -13.17471716 11.76581512
v 270.24622294 -12.86930958 11.57995635
v 270.24622294 26.65927726 11.76581512
v 270.24622294 26.93463179 11.96458310
v 270.24622294 27.18026367 12.17765134
v 270.24622294 27.39644591 12.40689782
v 270.24622294 27.58340276 12.65494156
v 270.24622294 27.74131660 12.92559604
v 270.24622294 27.87033353 13.22475534
v 270.24622294 27.97056764 13.56236122
v 270.24622294 28.04210442 13.95771341
v 270.24622294 28.08500322 14.45991128
v 271.26328944 27.08208011 15.69471698
v 271.26328944 27.01550939 16.71283342
v 271.26328944 26.89063790 17.51159650
v 271.26328944 26.71702623 18.24146852
v 271.26328944 26.49807416 18.92721527
v 271.26328944 26.23610553 19.57921846
v 271.26328944 25.93304074 20.20285785
v 271.26328944 25.59060837 20.80120250
v 271.26328944 25.21042918 21.37607773
v 271.26328944 24.79405209 21.92857200
v 271.26328944 24.34296849 22.45930802
v 271.26328944 23.85861551 22.96860077
v 271.26328944 23.34237323 23.45655573
v 271.26328944 22.79555803 23.92313316
v 271.26328944 22.21941350 24.36819193
v 271.26328944 21.61509940 24.79152050
v 271.26328944 20.98367875 25.19285951
v 271.26328944 20.32610305 25.57191854
v 271.26328944 19.64319492 25.92838895
v 271.26328944 18.93562734 26.26195392
v 271.26328944 18.20389792 26.57229623
v 271.26328944 17.44829579 26.85910466
v 271.26328944 16.66885720 27.12207907
v 271.26328944 15.86530343 27.36093458
v 271.26328944 15.03695022 27.57540506
v 271.26328944 14.18256892 27.76524593
v 271.26328944 13.30016232 27.93023656
v 271.26328944 12.38657779 28.07018219
v 271.26328944 11.43678111 28.18491553
v 271.26328944 10.44232293 28.27429806
v 271.26328944 9.38746389 28.33822104
v 271.26328944 8.23565844 28.37660626
v 271.26328944 6.76922700 28.38940658
v 271.26328944 5.30279557 28.37660626
v 271.26328944 4.15099011 28.33822104
v 271.26328944 3.09613108 28.27429806
v 271.26328944 2.10167290 28.18491553
v 271.26328944 1.15187622 28.07018219
v 271.26328944 0.23829169 27.93023656
v 271.26328944 -0.64411492 27.76524593
v 271.26328944 -1.49849621 27.57540506
v 271.26328944 -2.32684943 27.36093458
v 271.26328944 -3.13040319 27.12207907
v 271.26328944 -3.90984179 26.85910466
v 271.26328944 -4.66544391 26.57229623
v 271.26328944 -5.39717333 26.26195392
v 271.26328944 -6.10474091 25.92838895
v 271.26328944 -6.78764904 25.57191854
v 271.26328944 -7.44522474 25.19285951
v 271.26328944 -8.07664539 24.79152050
v 271.26328944 -8.68095950 24.36819193
v 271.26328944 -9.25710402 23.92313316
v 271.26328944 -9.80391922 23.45655573
v 271.26328944 -10.32016150 22.96860077
v 271.26328944 -10.80451448 22.45930802
v 271.26328944 -11.25559809 21.92857200
v 271.26328944 -11.67197517 21.37607773
v 271.26328944 -12.05215436 20.80120250
v 271.26328944 -12.39458673 20.20285785
v 271.26328944 -12.69765152 19.57921846
v 271.26328944 -12.95962015 18.92721527
v 271.26328944 -13.17857222 18.24146852
v 271.26328944 -13.35218389 17.51159650
v 271.26328944 -13.47705538 16.71283342
v 271.26328944 -13.54362610 15.69471698
v 271.26328944 -13.53002928 14.67539954
v 271.26328944 -13.48922785 14.19759378
v 271.26328944 -13.42118858 13.82144414
v 271.26328944 -13.32585501 13.50023602
v 271.26328944 -13.20314585 13.21560711
v 271.26328944 -13.05295257 12.95809851
v 271.26328944 -12.87513623 12.72210245
v 271.26328944 -12.66952335 12.50399064
v 271.26328944 -12.43590065 12.30127128
v 271.26328944 -12.17400848 12.11215760
v 271.26328944 -11.88353258 11.93532612
v 271.26328944 25.42198659 11.93532612
v 271.26328944 25.71246249 12.11215760
v 271.26328944 25.97435466 12.30127128
v 271.26328944 26.20797736 12.50399064
v 271.26328944 26.41359024 12.72210245
v 271.26328944 26.59140658 12.95809851
v 271.26328944 26.74159986 13.21560711
v 271.26328944 26.86430902 13.50023602
v 271.26328944 26.95964259 13.82144414
v 271.26328944 27.02768186 14.19759378
v 271.26328944 27.06848329 14.67539954
v 272.27112885 25.99850428 15.86893647
v 272.27112885 25.93549226 16.83045218
v 272.27112885 25.81740121 17.58427030
v 272.27112885 25.65326834 18.27290935
v 272.27112885 25.44630529 18.91981650
v 272.27112885 25.19870676 19.53482152
v 272.27112885 24.91228610 20.12301950
v 272.27112885 24.58867528 20.68731855
v 272.27112885 24.22940423 21.22944969
v 272.27112885 23.83593486 21.75044654
v 272.27112885 23.40967459 22.25090192
v 272.27112885 22.95197945 22.73111740
v 272.27112885 22.46415138 23.19119620
v 272.27112885 21.94743205 23.63110405
v 272.27112885 21.40299418 24.05071061
v 272.27112885 20.83193113 24.44981885
v 272.27112885 20.23524472 24.82818633
v 272.27112885 19.61383119 25.18554109
v 272.27112885 18.96846480 25.52159384
v 272.27112885 18.29977811 25.83604734
v 272.27112885 17.60823769 26.12860389
v 272.27112885 16.89411263 26.39897125
v 272.27112885 16.15743247 26.64686755
v 272.27112885 15.39792837 26.87202517
v 272.27112885 14.61494712 27.07419406
v 272.27112885 13.80731945 27.25314439
v 272.27112885 12.97314741 27.40866881
v 272.27112885 12.10943732 27.54058428
v 272.27112885 11.21141086 27.64873355
v 272.27112885 10.27105001 27.73298642
v 272.27112885 9.27342028 27.79324066
v 272.27112885 8.18384335 27.82942275
v 272.27112885 6.79564687 27.84148838
v 272.27112885 5.40745038 27.82942275
v 272.27112885 4.31787345 27.79324066
v 272.27112885 3.32024372 27.73298642
v 272.27112885 2.37988287 27.64873355
v 272.27112885 1.48185641 27.54058428
v 272.27112885 0.61814632 27.40866881
v 272.27112885 -0.21602572 27.25314439
v 272.27112885 -1.02365338 27.07419406
v 272.27112885 -1.80663464 26.87202517
v 272.27112885 -2.56613874 26.64686755
v 272.27112885 -3.30281890 26.39897125
v 272.27112885 -4.01694396 26.12860389
v 272.27112885 -4.70848438 25.83604734
v 272.27112885 -5.37717106 25.52159384
v 272.27112885 -6.02253746 25.18554109
v 272.27112885 -6.64395099 24.82818633
v 272.27112885 -7.24063740 24.44981885
v 272.27112885 -7.81170045 24.05071061
v 272.27112885 -8.35613832 23.63110405
v 272.27112885 -8.87285765 23.19119620
v 272.27112885 -9.36068572 22.73111740
v 272.27112885 -9.81838086 22.25090192
v 272.27112885 -10.24464113 21.75044654
v 272.27112885 -10.63811049 21.22944969
v 272.27112885 -10.99738155 20.68731855
v 272.27112885 -11.32099237 20.12301950
v 272.27112885 -11.60741303 19.53482152
v 272.27112885 -11.85501156 18.91981650
v 272.27112885 -12.06197461 18.27290935
v 272.27112885 -12.22610748 17.58427030
v 272.27112885 -12.34419853 16.83045218
v 272.27112885 -12.40721055 15.86893647
v 272.27112885 -12.39435673 14.90760293
v 272.27112885 -12.35578489 14.45697716
v 272.27112885 -12.29146363 14.10222480
v 272.27112885 -12.20133956 13.79928862
v 272.27112885 -12.08533584 13.53085083
v 272.27112885 -11.94334987 13.28799061
v 272.27112885 -11.77525030 13.06541919
v 272.27112885 -11.58087314 12.85971467
v 272.27112885 -11.36001675 12.66852701
v 272.27112885 -11.11243567 12.49017107
v 272.27112885 -10.83783282 12.32339865
v 272.27112885 -10.53584985 12.16726170
v 272.27112885 24.42912656 12.32339865
v 272.27112885 24.70372940 12.49017107
v 272.27112885 24.95131048 12.66852701
v 272.27112885 25.17216687 12.85971467
v 272.27112885 25.36654403 13.06541919
v 272.27112885 25.53464360 13.28799061
v 272.27112885 25.67662957 13.53085083
v 272.27112885 25.79263329 13.79928862
v 272.27112885 25.88275736 14.10222480
v 272.27112885 25.94707863 14.45697716
v 272.27112885 25.98565046 14.90760293
v 273.26972366 24.83780390 16.05265340
v 273.26972366 24.77861338 16.95148896
v 273.26972366 24.66778057 17.65567521
v 273.26972366 24.51378328 18.29882403
v 273.26972366 24.31963249 18.90290713
v 273.26972366 24.08738529 19.47713639
v 273.26972366 23.81874106 20.02628793
v 273.26972366 23.51522890 20.55308906
v 273.26972366 23.17828215 21.05916446
v 273.26972366 22.80927021 21.54548555
v 273.26972366 22.40951126 22.01261082
v 273.26972366 21.98027515 22.46082589
v 273.26972366 21.52278092 22.89023054
v 273.26972366 21.03819091 23.30079568
v 273.26972366 20.52760273 23.69240218
v 273.26972366 19.99203942 24.06486833
v 273.26972366 19.43243802 24.41796975
v 273.26972366 18.84963640 24.75145437
v 273.26972366 18.24435784 25.06505369
v 273.26972366 17.61719252 25.35849168
v 273.26972366 16.96857460 25.63149173
v 273.26972366 16.29875268 25.88378220
v 273.26972366 15.60775018 26.11510102
v 273.26972366 14.89530994 26.32519931
v 273.26972366 14.16081330 26.51384450
v 273.26972366 13.40315619 26.68082279
v 273.26972366 12.62054887 26.82594127
v 273.26972366 11.81017048 26.94902962
v 273.26972366 10.96752039 27.04994154
v 273.26972366 10.08504827 27.12855587
v 273.26972366 9.14869194 27.18477747
v 273.26972366 8.12579720 27.21853793
v 273.26972366 6.82164898 27.22979601
v 273.26972366 5.51750076 27.21853793
v 273.26972366 4.49460601 27.18477747
v 273.26972366 3.55824969 27.12855587
v 273.26972366 2.67577756 27.04994154
v 273.26972366 1.83312748 26.94902962
v 273.26972366 1.02274909 26.82594127
v 273.26972366 0.24014177 26.68082279
v 273.26972366 -0.51751534 26.51384450
v 273.26972366 -1.25201198 26.32519931
v 273.26972366 -1.96445222 26.11510102
v 273.26972366 -2.65545472 25.88378220
v 273.26972366 -3.32527664 25.63149173
v 273.26972366 -3.97389456 25.35849168
v 273.26972366 -4.60105988 25.06505369
v 273.26972366 -5.20633844 24.75145437
v 273.26972366 -5.78914006 24.41796975
v 273.26972366 -6.34874146 24.06486833
v 273.26972366 -6.88430477 23.69240218
v 273.26972366 -7.39489295 23.30079568
v 273.26972366 -7.87948296 22.89023054
v 273.26972366 -8.33697720 22.46082589
v 273.26972366 -8.76621330 22.01261082
v 273.26972366 -9.16597226 21.54548555
v 273.26972366 -9.53498419 21.05916446
v 273.26972366 -9.87193094 20.55308906
v 273.26972366 -10.17544310 20.02628793
v 273.26972366 -10.44408734 19.47713639
v 273.26972366 -10.67633453 18.90290713
v 273.26972366 -10.87048532 18.29882403
v 273.26972366 -11.02448261 17.65567521
v 273.26972366 -11.13531542 16.95148896
v 273.26972366 -11.19450594 16.05265340
v 273.26972366 -11.18244646 15.15518708
v 273.26972366 -11.14625830 14.73449912
v 273.26972366 -11.08591197 14.40331511
v 273.26972366 -11.00135741 14.12050481
v 273.26972366 -10.89252251 13.86990097
v 273.26972366 -10.75931102 13.64317544
v 273.26972366 -10.60159971 13.43539078
v 273.26972366 -10.41923471 13.24335247
v 273.26972366 -10.21202686 13.06486656
v 273.26972366 -9.97974585 12.89835989
v 273.26972366 -9.72211297 12.74266718
v 273.26972366 -9.43879201 12.59690335
v 273.26972366 23.08208997 12.59690335
v 273.26972366 23.36541093 12.74266718
v 273.26972366 23.62304381 12.89835989
v 273.26972366 23.85532481 13.06486656
v 273.26972366 24.06253267 13.24335247
v 273.26972366 24.24489767 13.43539078
v 273.26972366 24.40260898 13.64317544
v 273.26972366 24.53582047 13.86990097
v 273.26972366 24.64465537 14.12050481
v 273.26972366 24.72920993 14.40331511
v 273.26972366 24.78955625 14.73449912
v 273.26972366 24.82574442 15.15518708
v 274.25905842 23.58484866 16.24505995
v 274.25905842 23.52979319 17.07492824
v 274.25905842 23.42679050 17.72464053
v 274.25905842 23.28371585 18.31790239
v 274.25905842 23.10336454 18.87504729
v 274.25905842 22.88764586 19.40460092
v 274.25905842 22.63813681 19.91098471
v 274.25905842 22.35625620 20.39672460
v 274.25905842 22.04333375 20.86332648
v 274.25905842 21.70063973 21.31169185
v 274.25905842 21.32939668 21.74234022
v 274.25905842 20.93078222 22.15553863
v 274.25905842 20.50592660 22.55138216
v 274.25905842 20.05590739 22.92984661
v 274.25905842 19.58174186 23.29082440
v 274.25905842 19.08437796 23.63414998
v 274.25905842 18.56468363 23.95961826
v 274.25905842 18.02343459 24.26699839
v 274.25905842 17.46129994 24.55604425
v 274.25905842 16.87882498 24.82650261
v 274.25905842 16.27640985 25.07811960
v 274.25905842 15.65428200 25.31064583
v 274.25905842 15.01245927 25.52384060
v 274.25905842 14.35069832 25.71747529
v 274.25905842 13.66841912 25.89133623
v 274.25905842 12.96458955 26.04522697
v 274.25905842 12.23753869 26.17897023
v 274.25905842 11.48463481 26.29240948
v 274.25905842 10.70168078 26.38541026
v 274.25905842 9.88163690 26.45786119
v 274.25905842 9.01139314 26.50967483
v 274.25905842 8.06050496 26.54078829
v 274.25905842 6.84733707 26.55116366
v 274.25905842 5.63416918 26.54078829
v 274.25905842 4.68328099 26.50967483
v 274.25905842 3.81303724 26.45786119
v 274.25905842 2.99299335 26.38541026
v 274.25905842 2.21003932 26.29240948
v 274.25905842 1.45713545 26.17897023
v 274.25905842 0.73008458 26.04522697
v 274.25905842 0.02625501 25.89133623
v 274.25905842 -0.65602418 25.71747529
v 274.25905842 -1.31778514 25.52384060
v 274.25905842 -1.95960786 25.31064583
v 274.25905842 -2.58173572 25.07811960
v 274.25905842 -3.18415085 24.82650261
v 274.25905842 -3.76662580 24.55604425
v 274.25905842 -4.32876046 24.26699839
v 274.25905842 -4.87000950 23.95961826
v 274.25905842 -5.38970383 23.63414998
v 274.25905842 -5.88706773 23.29082440
v 274.25905842 -6.36123325 22.92984661
v 274.25905842 -6.81125247 22.55138216
v 274.25905842 -7.23610808 22.15553863
v 274.25905842 -7.63472255 21.74234022
v 274.25905842 -8.00596559 21.31169185
v 274.25905842 -8.34865962 20.86332648
v 274.25905842 -8.66158207 20.39672460
v 274.25905842 -8.94346268 19.91098471
v 274.25905842 -9.19297173 19.40460092
v 274.25905842 -9.40869040 18.87504729
v 274.25905842 -9.58904171 18.31790239
v 274.25905842 -9.73211636 17.72464053
v 274.25905842 -9.83511905 17.07492824
v 274.25905842 -9.89017452 16.24505995
v 274.25905842 -9.87897093 15.41753352
v 274.25905842 -9.84535111 15.02962993
v 274.25905842 -9.78928769 14.72425521
v 274.25905842 -9.71073414 14.46348443
v 274.25905842 -9.60962348 14.23241024
v 274.25905842 -9.48586628 14.02335351
v 274.25905842 -9.33934806 13.83176159
v 274.25905842 -9.16992588 13.65468889
v 274.25905842 -8.97742399 13.49011246
v 274.25905842 -8.76162844 13.33658171
v 274.25905842 -8.52228029 13.19302220
v 274.25905842 -8.25906720 13.05861780
v 274.25905842 -7.97161287 12.93273623
v 274.25905842 21.66628700 12.93273623
v 274.25905842 21.95374133 13.05861780
v 274.25905842 22.21695443 13.19302220
v 274.25905842 22.45630257 13.33658171
v 274.25905842 22.67209812 13.49011246
v 274.25905842 22.86460001 13.65468889
v 274.25905842 23.03402220 13.83176159
v 274.25905842 23.18054041 14.02335351
v 274.25905842 23.30429761 14.23241024
v 274.25905842 23.40540828 14.46348443
v 274.25905842 23.48396182 14.72425521
v 274.25905842 23.54002525 15.02962993
v 274.25905842 23.57364507 15.41753352
v 275.23911975 22.21734659 16.44599498
v 275.23911975 22.16681418 17.20002577
v 275.23911975 22.07235174 17.78997300
v 275.23911975 21.94117829 18.32854339
v 275.23911975 21.77585469 18.83425438
v 275.23911975 21.57812973 19.31487073
v 275.23911975 21.34944759 19.77442023
v 275.23911975 21.09110739 20.21520499
v 275.23911975 20.80432651 20.63859842
v 275.23911975 20.49026775 21.04542375
v 275.23911975 20.15005010 21.43615642
v 275.23911975 19.78475121 21.81104202
v 275.23911975 19.39540531 22.17016954
v 275.23911975 18.98299820 22.51351933
v 275.23911975 18.54846035 22.84099578
v 275.23911975 18.09265858 23.15245042
v 275.23911975 17.61638629 23.44769873
v 275.23911975 17.12035223 23.72653263
v 275.23911975 16.60516728 23.98873004
v 275.23911975 16.07132870 24.23406232
v 275.23911975 15.51920045 24.46230013
v 275.23911975 14.94898791 24.67321810
v 275.23911975 14.36070397 24.86659866
v 275.23911975 13.75412154 25.04223510
v 275.23911975 13.12870420 25.19993421
v 275.23911975 12.48349997 25.33951833
v 275.23911975 11.81696966 25.46082710
v 275.23911975 11.12669071 25.56371894
v 275.23911975 10.40880103 25.64807220
v 275.23911975 9.65682428 25.71378614
v 275.23911975 8.85870049 25.76078165
v 275.23911975 7.98642240 25.78900182
v 275.23911975 6.87280934 25.79841236
v 275.23911975 5.75919629 25.78900182
v 275.23911975 4.88691820 25.76078165
v 275.23911975 4.08879441 25.71378614
v 275.23911975 3.33681765 25.64807220
v 275.23911975 2.61892797 25.56371894
v 275.23911975 1.92864903 25.46082710
v 275.23911975 1.26211872 25.33951833
v 275.23911975 0.61691449 25.19993421
v 275.23911975 -0.00850285 25.04223510
v 275.23911975 -0.61508528 24.86659866
v 275.23911975 -1.20336922 24.67321810
v 275.23911975 -1.77358176 24.46230013
v 275.23911975 -2.32571001 24.23406232
v 275.23911975 -2.85954860 23.98873004
v 275.23911975 -3.37473354 23.72653263
v 275.23911975 -3.87076760 23.44769873
v 275.23911975 -4.34703989 23.15245042
v 275.23911975 -4.80284166 22.84099578
v 275.23911975 -5.23737951 22.51351933
v 275.23911975 -5.64978663 22.17016954
v 275.23911975 -6.03913252 21.81104202
v 275.23911975 -6.40443141 21.43615642
v 275.23911975 -6.74464907 21.04542375
v 275.23911975 -7.05870783 20.63859842
v 275.23911975 -7.34548870 20.21520499
v 275.23911975 -7.60382891 19.77442023
v 275.23911975 -7.83251105 19.31487073
v 275.23911975 -8.03023601 18.83425438
v 275.23911975 -8.19555960 18.32854339
v 275.23911975 -8.32673306 17.78997300
v 275.23911975 -8.42119549 17.20002577
v 275.23911975 -8.47172790 16.44599498
v 275.23911975 -8.46145673 15.69504459
v 275.23911975 -8.43063491 15.34303607
v 275.23911975 -8.37923735 15.06591953
v 275.23911975 -8.30722139 14.82927945
v 275.23911975 -8.21452563 14.61958796
v 275.23911975 -8.10106809 14.42987652
v 275.23911975 -7.96674381 14.25601376
v 275.23911975 -7.81142173 14.09532668
v 275.23911975 -7.63494076 13.94597950
v 275.23911975 -7.43710472 13.80665589
v 275.23911975 -7.21767626 13.67638080
v 275.23911975 -6.97636899 13.55441366
v 275.23911975 -6.71283796 13.44018068
v 275.23911975 -6.42666742 13.33323020
v 275.23911975 20.17228611 13.33323020
v 275.23911975 20.45845665 13.44018068
v 275.23911975 20.72198768 13.55441366
v 275.23911975 20.96329494 13.67638080
v 275.23911975 21.18272341 13.80665589
v 275.23911975 21.38055944 13.94597950
v 275.23911975 21.55704042 14.09532668
v 275.23911975 21.71236249 14.25601376
v 275.23911975 21.84668678 14.42987652
v 275.23911975 21.96014432 14.61958796
v 275.23911975 22.05284008 14.82927945
v 275.23911975 22.12485603 15.06591953
v 275.23911975 22.17625360 15.34303607
v 275.23911975 22.20707541 15.69504459
v 276.20989630 20.70026303 16.65633512
v 276.20989630 20.65475845 17.32644965
v 276.20989630 20.56976322 17.85040332
v 276.20989630 20.45176992 18.32862442
v 276.20989630 20.30308043 18.77760596
v 276.20989630 20.12526632 19.20426428
v 276.20989630 19.91962524 19.61218791
v 276.20989630 19.68732429 20.00342877
v 276.20989630 19.42945704 20.37921190
v 276.20989630 19.14706786 20.74027242
v 276.20989630 18.84116165 21.08703583
v 276.20989630 18.51270608 21.41972290
v 276.20989630 18.16262965 21.73841499
v 276.20989630 17.79181726 22.04309663
v 276.20989630 17.40110398 22.33368472
v 276.20989630 16.99126754 22.61004900
v 276.20989630 16.56301957 22.87202703
v 276.20989630 16.11699546 23.11943534
v 276.20989630 15.65374248 23.35207792
v 276.20989630 15.17370555 23.56975282
v 276.20989630 14.67720955 23.77225735
v 276.20989630 14.16443648 23.95939231
v 276.20989630 13.63539487 24.13096529
v 276.20989630 13.08987698 24.28679350
v 276.20989630 12.52739620 24.42670601
v 276.20989630 11.94709122 24.55054565
v 276.20989630 11.34757116 24.65817055
v 276.20989630 10.72664832 24.74945543
v 276.20989630 10.08083636 24.82429264
v 276.20989630 9.40429018 24.88259304
v 276.20989630 8.68612616 24.92428660
v 276.20989630 7.90106777 24.94932298
v 276.20989630 6.89815863 24.95767182
v 276.20989630 5.89524948 24.94932298
v 276.20989630 5.11019109 24.92428660
v 276.20989630 4.39202707 24.88259304
v 276.20989630 3.71548089 24.82429264
v 276.20989630 3.06966893 24.74945543
v 276.20989630 2.44874609 24.65817055
v 276.20989630 1.84922603 24.55054565
v 276.20989630 1.26892105 24.42670601
v 276.20989630 0.70644027 24.28679350
v 276.20989630 0.16092238 24.13096529
v 276.20989630 -0.36811923 23.95939231
v 276.20989630 -0.88089230 23.77225735
v 276.20989630 -1.37738830 23.56975282
v 276.20989630 -1.85742523 23.35207792
v 276.20989630 -2.32067821 23.11943534
v 276.20989630 -2.76670232 22.87202703
v 276.20989630 -3.19495029 22.61004900
v 276.20989630 -3.60478673 22.33368472
v 276.20989630 -3.99550001 22.04309663
v 276.20989630 -4.36631240 21.73841499
v 276.20989630 -4.71638883 21.41972290
v 276.20989630 -5.04484440 21.08703583
v 276.20989630 -5.35075061 20.74027242
v 276.20989630 -5.63313979 20.37921190
v 276.20989630 -5.89100704 20.00342877
v 276.20989630 -6.12330799 19.61218791
v 276.20989630 -6.32894907 19.20426428
v 276.20989630 -6.50676318 18.77760596
v 276.20989630 -6.65545267 18.32862442
v 276.20989630 -6.77344597 17.85040332
v 276.20989630 -6.85844120 17.32644965
v 276.20989630 -6.90394578 16.65633512
v 276.20989630 -6.89470706 15.98978104
v 276.20989630 -6.86698345 15.67733335
v 276.20989630 -6.82075237 15.43136082
v 276.20989630 -6.75597546 15.22131577
v 276.20989630 -6.67259748 15.03519067
v 276.20989630 -6.57054469 14.86680013
v 276.20989630 -6.44972268 14.71247711
v 276.20989630 -6.31001358 14.56984901
v 276.20989630 -6.15127247 14.43728636
v 276.20989630 -5.97332292 14.31362077
v 276.20989630 -5.77595140 14.19798678
v 276.20989630 -5.55890034 14.08972703
v 276.20989630 -5.32185945 13.98833224
v 276.20989630 -5.06445477 13.89340149
v 276.20989630 -4.78623491 13.80461514
v 276.20989630 -4.48665341 13.72171562
v 276.20989630 18.28297066 13.72171562
v 276.20989630 18.58255216 13.80461514
v 276.20989630 18.86077202 13.89340149
v 276.20989630 19.11817670 13.98833224
v 276.20989630 19.35521759 14.08972703
v 276.20989630 19.57226865 14.19798678
v 276.20989630 19.76964017 14.31362077
v 276.20989630 19.94758972 14.43728636
v 276.20989630 20.10633083 14.56984901
v 276.20989630 20.24603993 14.71247711
v 276.20989630 20.36686194 14.86680013
v 276.20989630 20.46891473 15.03519067
v 276.20989630 20.55229271 15.22131577
v 276.20989630 20.61706962 15.43136082
v 276.20989630 20.66330070 15.67733335
v 276.20989630 20.69102431 15.98978104
v 277.17137879 18.97314163 16.87891226
v 277.17137879 18.93337075 17.45462753
v 277.17137879 18.85914330 17.90448923
v 277.17137879 18.75612686 18.31499944
v 277.17137879 18.62632967 18.70035819
v 277.17137879 18.47112256 19.06652060
v 277.17137879 18.29163725 19.41657719
v 277.17137879 18.08889145 19.75229585
v 277.17137879 17.86383865 20.07473275
v 277.17137879 17.61738930 20.38452241
v 277.17137879 17.35041936 20.68203283
v 277.17137879 17.06377220 20.96745583
v 277.17137879 16.75825697 21.24086313
v 277.17137879 16.43464466 21.50224317
v 277.17137879 16.09366271 21.75152607
v 277.17137879 15.73598847 21.98860132
v 277.17137879 15.36224148 22.21333069
v 277.17137879 14.97297468 22.42555774
v 277.17137879 14.56866397 22.62511520
v 277.17137879 14.14969580 22.81183060
v 277.17137879 13.71635165 22.98553078
v 277.17137879 13.26878810 23.14604545
v 277.17137879 12.80701001 23.29321015
v 277.17137879 12.33083306 23.42686855
v 277.17137879 11.83982894 23.54687449
v 277.17137879 11.33324142 23.65309352
v 277.17137879 10.80985079 23.74540430
v 277.17137879 10.26773975 23.82369964
v 277.17137879 9.70385403 23.88788745
v 277.17137879 9.11307389 23.93789145
v 277.17137879 8.48586708 23.97365173
v 277.17137879 7.80009452 23.99512522
v 277.17137879 6.92347245 24.00228595
v 277.17137879 6.04685039 23.99512522
v 277.17137879 5.36107783 23.97365173
v 277.17137879 4.73387101 23.93789145
v 277.17137879 4.14309088 23.88788745
v 277.17137879 3.57920516 23.82369964
v 277.17137879 3.03709412 23.74540430
v 277.17137879 2.51370348 23.65309352
v 277.17137879 2.00711597 23.54687449
v 277.17137879 1.51611184 23.42686855
v 277.17137879 1.03993489 23.29321015
v 277.17137879 0.57815681 23.14604545
v 277.17137879 0.13059326 22.98553078
v 277.17137879 -0.30275089 22.81183060
v 277.17137879 -0.72171906 22.62511520
v 277.17137879 -1.12602977 22.42555774
v 277.17137879 -1.51529658 22.21333069
v 277.17137879 -1.88904356 21.98860132
v 277.17137879 -2.24671781 21.75152607
v 277.17137879 -2.58769975 21.50224317
v 277.17137879 -2.91131206 21.24086313
v 277.17137879 -3.21682730 20.96745583
v 277.17137879 -3.50347446 20.68203283
v 277.17137879 -3.77044440 20.38452241
v 277.17137879 -4.01689374 20.07473275
v 277.17137879 -4.24194655 19.75229585
v 277.17137879 -4.44469234 19.41657719
v 277.17137879 -4.62417766 19.06652060
v 277.17137879 -4.77938476 18.70035819
v 277.17137879 -4.90918195 18.31499944
v 277.17137879 -5.01219840 17.90448923
v 277.17137879 -5.08642584 17.45462753
v 277.17137879 -5.12619672 16.87891226
v 277.17137879 -5.11813103 16.30694246
v 277.17137879 -5.09392746 16.03883122
v 277.17137879 -5.05356628 15.82776230
v 277.17137879 -4.99701401 15.64752273
v 277.17137879 -4.92422242 15.48780885
v 277.17137879 -4.83512714 15.34331300
v 277.17137879 -4.72964574 15.21088848
v 277.17137879 -4.60767533 15.08849935
v 277.17137879 -4.46908937 14.97474740
v 277.17137879 -4.31373384 14.86863001
v 277.17137879 -4.14142232 14.76940452
v 277.17137879 -3.95192996 14.67650688
v 277.17137879 -3.74498584 14.58950005
v 277.17137879 -3.52026350 14.50804001
v 277.17137879 -3.27736885 14.43185248
v 277.17137879 -3.01582483 14.36071643
v 277.17137879 -2.73505146 14.29445228
v 277.17137879 -2.43433991 14.23291310
v 277.17137879 16.28128482 14.23291310
v 277.17137879 16.58199637 14.29445228
v 277.17137879 16.86276973 14.36071643
v 277.17137879 17.12431376 14.43185248
v 277.17137879 17.36720840 14.50804001
v 277.17137879 17.59193074 14.58950005
v 277.17137879 17.79887486 14.67650688
v 277.17137879 17.98836723 14.76940452
v 277.17137879 18.16067874 14.86863001
v 277.17137879 18.31603427 14.97474740
v 277.17137879 18.45462023 15.08849935
v 277.17137879 18.57659065 15.21088848
v 277.17137879 18.68207204 15.34331300
v 277.17137879 18.77116733 15.48780885
v 277.17137879 18.84395891 15.64752273
v 277.17137879 18.90051118 15.82776230
v 277.17137879 18.94087236 16.03883122
v 277.17137879 18.96507594 16.30694246
v 278.12355999 16.91489386 17.12110651
v 278.12355999 16.88196469 17.58676351
v 278.12355999 16.82055326 17.95040418
v 278.12355999 16.73534653 18.28216805
v 278.12355999 16.62800441 18.59356439
v 278.12355999 16.49965971 18.88942018
v 278.12355999 16.35124749 19.17224102
v 278.12355999 16.18360855 19.44346076
v 278.12355999 15.99753047 19.70393658
v 278.12355999 15.79376525 19.95418402
v 278.12355999 15.57303626 20.19450265
v 278.12355999 15.33603991 20.42504926
v 278.12355999 15.08344423 20.64588336
v 278.12355999 14.81588567 20.85699689
v 278.12355999 14.53396460 21.05833455
v 278.12355999 14.23823990 21.24980806
v 278.12355999 13.92922262 21.43130663
v 278.12355999 13.60736863 21.60270467
v 278.12355999 13.27307004 21.76386777
v 278.12355999 12.92664489 21.91465724
v 278.12355999 12.56832426 22.05493377
v 278.12355999 12.19823580 22.18456033
v 278.12355999 11.81638144 22.30340451
v 278.12355999 11.42260636 22.41134047
v 278.12355999 11.01655349 22.50825050
v 278.12355999 10.59759398 22.59402633
v 278.12355999 10.16471461 22.66857022
v 278.12355999 9.71632373 22.73179583
v 278.12355999 9.24988669 22.78362898
v 278.12355999 8.76115556 22.82400822
v 278.12355999 8.24222180 22.85288529
v 278.12355999 7.67471681 22.87022549
v 278.12355999 6.94883321 22.87600789
v 278.12355999 6.22294962 22.87022549
v 278.12355999 5.65544462 22.85288529
v 278.12355999 5.13651087 22.82400822
v 278.12355999 4.64777973 22.78362898
v 278.12355999 4.18134269 22.73179583
v 278.12355999 3.73295181 22.66857022
v 278.12355999 3.30007244 22.59402633
v 278.12355999 2.88111293 22.50825050
v 278.12355999 2.47506006 22.41134047
v 278.12355999 2.08128498 22.30340451
v 278.12355999 1.69943062 22.18456033
v 278.12355999 1.32934216 22.05493377
v 278.12355999 0.97102153 21.91465724
v 278.12355999 0.62459638 21.76386777
v 278.12355999 0.29029779 21.60270467
v 278.12355999 -0.03155619 21.43130663
v 278.12355999 -0.34057348 21.24980806
v 278.12355999 -0.63629817 21.05833455
v 278.12355999 -0.91821925 20.85699689
v 278.12355999 -1.18577781 20.64588336
v 278.12355999 -1.43837349 20.42504926
v 278.12355999 -1.67536984 20.19450265
v 278.12355999 -1.89609882 19.95418402
v 278.12355999 -2.09986405 19.70393658
v 278.12355999 -2.28594213 19.44346076
v 278.12355999 -2.45358107 19.17224102
v 278.12355999 -2.60199329 18.88942018
v 278.12355999 -2.73033799 18.59356439
v 278.12355999 -2.83768011 18.28216805
v 278.12355999 -2.92288684 17.95040418
v 278.12355999 -2.98429827 17.58676351
v 278.12355999 -3.01722744 17.12110651
v 278.12355999 -3.01055645 16.65901792
v 278.12355999 -2.99053812 16.44241356
v 278.12355999 -2.95715612 16.27189312
v 278.12355999 -2.91038278 16.12627940
v 278.12355999 -2.85017819 15.99724818
v 278.12355999 -2.77648911 15.88051144
v 278.12355999 -2.68924739 15.77352702
v 278.12355999 -2.58836789 15.67465009
v 278.12355999 -2.47374598 15.58275104
v 278.12355999 -2.34525427 15.49701987
v 278.12355999 -2.20273857 15.41685661
v 278.12355999 -2.04601290 15.34180554
v 278.12355999 -1.87485321 15.27151361
v 278.12355999 -1.68898948 15.20570287
v 278.12355999 -1.48809577 15.14415173
v 278.12355999 -1.27177750 15.08668164
v 278.12355999 -1.03955499 15.03314751
v 278.12355999 -0.79084198 14.98343062
v 278.12355999 -0.52491698 14.93743334
v 278.12355999 -0.24088454 14.89507498
v 278.12355999 0.06237836 14.85628874
v 278.12355999 0.38629838 14.82101916
v 278.12355999 0.73271695 14.78922022
v 278.12355999 1.10405842 14.76085375
v 278.12355999 1.50359579 14.73588824
v 278.12355999 12.39407064 14.73588824
v 278.12355999 12.79360800 14.76085375
v 278.12355999 13.16494947 14.78922022
v 278.12355999 13.51136804 14.82101916
v 278.12355999 13.83528806 14.85628874
v 278.12355999 14.13855096 14.89507498
v 278.12355999 14.42258340 14.93743334
v 278.12355999 14.68850840 14.98343062
v 278.12355999 14.93722141 15.03314751
v 278.12355999 15.16944392 15.08668164
v 278.12355999 15.38576219 15.14415173
v 278.12355999 15.58665590 15.20570287
v 278.12355999 15.77251964 15.27151361
v 278.12355999 15.94367933 15.34180554
v 278.12355999 16.10040499 15.41685661
v 278.12355999 16.24292069 15.49701987
v 278.12355999 16.37141240 15.58275104
v 278.12355999 16.48603431 15.67465009
v 278.12355999 16.58691381 15.77352702
v 278.12355999 16.67415554 15.88051144
v 278.12355999 16.74784461 15.99724818
v 278.12355999 16.80804920 16.12627940
v 278.12355999 16.85482255 16.27189312
v 278.12355999 16.88820454 16.44241356
v 278.12355999 16.90822288 16.65901792
v 279.06643476 14.20271602 17.40532967
v 279.06643476 14.17880747 17.73108322
v 279.06643476 14.13425209 17.98531990
v 279.06643476 14.07244891 18.21722437
v 279.06643476 13.99460108 18.43486419
v 279.06643476 13.90152957 18.64162307
v 279.06643476 13.79391189 18.83925783
v 279.06643476 13.67235720 19.02877418
v 279.06643476 13.53743604 19.21077374
v 279.06643476 13.38969309 19.38561873
v 279.06643476 13.22965224 19.55352002
v 279.06643476 13.05781779 19.71458841
v 279.06643476 12.87467344 19.86886653
v 279.06643476 12.68067992 20.01634965
v 279.06643476 12.47627178 20.15699987
v 279.06643476 12.26185346 20.29075620
v 279.06643476 12.03779463 20.41754183
v 279.06643476 11.80442494 20.53726954
v 279.06643476 11.56202772 20.64984589
v 279.06643476 11.31083251 20.75517441
v 279.06643476 11.05100573 20.85315816
v 279.06643476 10.78263863 20.94370174
v 279.06643476 10.50573117 21.02671296
v 279.06643476 10.22016935 21.10210419
v 279.06643476 9.92569225 21.16979341
v 279.06643476 9.62184133 21.22970522
v 279.06643476 9.30787861 21.28177151
v 279.06643476 8.98264553 21.32593214
v 279.06643476 8.64429767 21.36213541
v 279.06643476 8.28974452 21.39033851
v 279.06643476 7.91323269 21.41050780
v 279.06643476 7.50139865 21.42261909
v 279.06643476 6.97431825 21.42665782
v 279.06643476 6.44723785 21.42261909
v 279.06643476 6.03540380 21.41050780
v 279.06643476 5.65889198 21.39033851
v 279.06643476 5.30433882 21.36213541
v 279.06643476 4.96599096 21.32593214
v 279.06643476 4.64075788 21.28177151
v 279.06643476 4.32679517 21.22970522
v 279.06643476 4.02294424 21.16979341
v 279.06643476 3.72846714 21.10210419
v 279.06643476 3.44290533 21.02671296
v 279.06643476 3.16599786 20.94370174
v 279.06643476 2.89763076 20.85315816
v 279.06643476 2.63780398 20.75517441
v 279.06643476 2.38660878 20.64984589
v 279.06643476 2.14421156 20.53726954
v 279.06643476 1.91084187 20.41754183
v 279.06643476 1.68678304 20.29075620
v 279.06643476 1.47236471 20.15699987
v 279.06643476 1.26795658 20.01634965
v 279.06643476 1.07396306 19.86886653
v 279.06643476 0.89081870 19.71458841
v 279.06643476 0.71898426 19.55352002
v 279.06643476 0.55894341 19.38561873
v 279.06643476 0.41120045 19.21077374
v 279.06643476 0.27627929 19.02877418
v 279.06643476 0.15472460 18.83925783
v 279.06643476 0.04710693 18.64162307
v 279.06643476 -0.04596459 18.43486419
v 279.06643476 -0.12381241 18.21722437
v 279.06643476 -0.18561559 17.98531990
v 279.06643476 -0.23017097 17.73108322
v 279.06643476 -0.25407952 17.40532967
v 279.06643476 -0.24924105 17.08243797
v 279.06643476 -0.23472172 16.93108226
v 279.06643476 -0.21050971 16.81192841
v 279.06643476 -0.17658494 16.71017852
v 279.06643476 -0.13291847 16.62001592
v 279.06643476 -0.07947168 16.53844429
v 279.06643476 -0.01619513 16.46368723
v 279.06643476 0.05697291 16.39459542
v 279.06643476 0.14010834 16.33037950
v 279.06643476 0.23330356 16.27047350
v 279.06643476 0.33667040 16.21445815
v 279.06643476 0.45034374 16.16201504
v 279.06643476 0.57448611 16.11289744
v 279.06643476 0.70929333 16.06691115
v 279.06643476 0.85500182 16.02390132
v 279.06643476 1.01189777 15.98374319
v 279.06643476 1.18032908 15.94633537
v 279.06643476 1.36072098 15.91159491
v 279.06643476 1.55359675 15.87945358
v 279.06643476 1.75960588 15.84985501
v 279.06643476 1.97956288 15.82275251
v 279.06643476 2.21450253 15.79810734
v 279.06643476 2.46576041 15.77588732
v 279.06643476 2.73509489 15.75606581
v 279.06643476 3.02487991 15.73862076
v 279.06643476 3.33842608 15.72353409
v 279.06643476 3.68055397 15.71079107
v 279.06643476 4.05871411 15.70037992
v 279.06643476 4.48547367 15.69229143
v 279.06643476 4.98522895 15.68651869
v 279.06643476 5.62004532 15.68305693
v 279.06643476 6.97431823 15.68190332
v 279.06643476 8.32859117 15.68305693
v 279.06643476 8.96340755 15.68651869
v 279.06643476 9.46316283 15.69229143
v 279.06643476 9.88992238 15.70037992
v 279.06643476 10.26808252 15.71079107
v 279.06643476 10.61021041 15.72353409
v 279.06643476 10.92375659 15.73862076
v 279.06643476 11.21354160 15.75606581
v 279.06643476 11.48287609 15.77588732
v 279.06643476 11.73413396 15.79810734
v 279.06643476 11.96907361 15.82275251
v 279.06643476 12.18903062 15.84985501
v 279.06643476 12.39503974 15.87945358
v 279.06643476 12.58791552 15.91159491
v 279.06643476 12.76830742 15.94633537
v 279.06643476 12.93673873 15.98374319
v 279.06643476 13.09363467 16.02390132
v 279.06643476 13.23934316 16.06691115
v 279.06643476 13.37415039 16.11289744
v 279.06643476 13.49829275 16.16201504
v 279.06643476 13.61196610 16.21445815
v 279.06643476 13.71533293 16.27047350
v 279.06643476 13.80852815 16.33037950
v 279.06643476 13.89166358 16.39459542
v 279.06643476 13.96483162 16.46368723
v 279.06643476 14.02810817 16.53844429
v 279.06643476 14.08155496 16.62001592
v 279.06643476 14.12522143 16.71017852
v 279.06643476 14.15914621 16.81192841
v 279.06643476 14.18335821 16.93108226
v 279.06643476 14.19787754 17.08243797
v 280.00000000 7.00000000 18.00000000
v 208.53568214 -41.06669955 5.57936266
v 207.33469789 47.74378864 5.61823015
v 208.59142603 -41.05509996 5.57947294
v 209.92865855 -40.75779906 5.59148058
v 208.59142603 47.69920458 5.63110915
v 208.79609250 47.68737756 5.63301565
v 210.00464803 -40.74082952 5.59188752
v 211.31805341 -40.43163692 5.60738137
v 210.00464803 47.61843466 5.64820268
v 210.24364727 47.60005595 5.65089315
v 211.41192671 -40.40942332 5.60815092
v 212.70279567 -40.09101145 5.62629255
v 211.41192671 47.51137409 5.66786530
v 211.67930961 47.48641283 5.67128627
v 212.81315602 -40.06363175 5.62744887
v 214.08244697 -39.73835714 5.64722282
v 212.81315602 47.38194087 5.68951473
v 213.10468205 47.35067341 5.69355137
v 214.20823127 -39.70592473 5.64874017
v 215.46060926 -39.37366446 5.66887536
v 214.20823127 47.23384520 5.71243243
v 214.52061374 47.19667723 5.71707655
v 215.59704911 -39.33727286 5.67063723
v 216.83813506 -38.99845902 5.69842014
v 215.59704911 47.07006405 5.73637748
v 215.92612720 47.02773669 5.74351207
v 216.97950759 -38.95968602 5.70116967
v 218.20848672 -38.61873827 5.73970813
v 216.97950759 46.89365037 5.76949422
v 217.32202998 46.84740820 5.77991719
v 218.35550617 -38.57776914 5.74389078
v 219.56881754 -38.23831116 5.79275481
v 218.35550617 46.70925180 5.81443248
v 218.71248169 46.65971743 5.82836262
v 219.72494574 -38.19443724 5.79858578
v 220.91818570 -37.85977120 5.85672934
v 219.72494574 46.52054694 5.87087170
v 220.09924883 46.46808195 5.88854040
v 221.08772863 -37.81201512 5.86449045
v 222.25589956 -37.48547136 5.93073274
v 221.08772863 46.33077961 5.93812983
v 221.48324815 46.27568942 5.95986150
v 222.44375867 -37.43274075 5.94082551
v 223.58147825 -37.11753905 6.01382413
v 222.44375867 46.14306089 6.01548531
v 222.86523274 46.08565505 6.04169720
v 223.79294118 -37.05872416 6.02675448
v 224.90720915 -36.75011645 6.10161058
v 223.79294118 45.96034113 6.10214934
v 224.24161929 45.90020575 6.13172315
v 225.13518299 -36.68670671 6.11619020
v 226.24444389 -36.36257620 6.19069446
v 225.13518299 45.78146309 6.19340712
v 225.60130794 45.71290198 6.22476204
v 226.47039247 -36.29620231 6.20507303
v 227.58600470 -35.94720772 6.28286888
v 226.47039247 45.58625261 6.28611019
v 226.94112335 45.50729664 6.31902325
v 227.79847955 -35.88033693 6.29689831
v 228.92214258 -35.50980039 6.38016062
v 227.79847955 45.36491893 6.38195704
v 228.26730043 45.27773625 6.41642306
v 229.11935575 -35.44434697 6.39402591
v 230.25063225 -35.05397997 6.48245165
v 229.11935575 45.12094030 6.48214349
v 229.58361250 45.02670088 6.51781650
v 230.43293416 -34.99064365 6.49599549
v 231.57085327 -34.58235346 6.58920315
v 230.43293416 44.85616710 6.58624773
v 230.89060585 44.75600705 6.62280353
v 231.73912953 -34.52154326 6.60232378
v 232.88229046 -34.09741745 6.69985883
v 231.73912953 44.57238630 6.69383407
v 232.18874452 44.46737246 6.73097573
v 233.03785821 -34.03927032 6.71250978
v 234.18452302 -33.60155219 6.81385265
v 233.03785821 44.27132178 6.80445531
v 233.47841836 44.16242794 6.84191671
v 234.32903821 -33.54596078 6.82603973
v 235.47721378 -33.09701881 6.93061540
v 234.32903821 43.95463516 6.91765536
v 234.75995042 43.84272774 6.95520294
v 235.61258924 -33.04366514 6.94239152
v 236.76009907 -32.58595894 7.04958029
v 235.61258924 43.62392688 7.03297172
v 236.03360379 43.50975809 7.07040480
v 236.88843268 -32.53435147 7.06103870
v 238.03297933 -32.07039619 7.17018760
v 236.88843268 43.28073762 7.14993812
v 237.29958786 43.16494447 7.18708793
v 238.15649161 -32.01990820 7.18145400
v 239.29687121 -31.55139874 7.29164374
v 238.15649161 42.92654973 7.26808690
v 238.55781223 42.80965149 7.30471365
v 239.41669086 -31.50175735 7.30273106
v 240.55797766 -31.02617684 7.41331034
v 239.41669086 42.56249188 7.38666052
v 239.80634239 42.44517903 7.42242620
v 240.66895698 -30.97958152 7.42365370
v 241.81660770 -30.49612879 7.54104795
v 240.66895698 42.18831796 7.50492260
v 241.04143446 42.07284927 7.54115572
v 241.91321830 -30.45515249 7.55060046
v 243.06470420 -29.96872555 7.67740370
v 241.91321830 41.80531549 7.62915042
v 242.26488247 41.69403921 7.66596539
v 243.14940490 -29.93270027 7.68644104
v 244.30509888 -29.44346701 7.82120039
v 243.14940490 41.41691554 7.76180623
v 243.48072350 41.30997399 7.79854589
v 244.37744867 -29.41262408 7.82938237
v 245.56789181 -28.89565443 7.96673141
v 244.37744867 41.02341264 7.90135143
v 244.68059209 40.92091578 7.93483319
v 245.59728330 -28.88279167 7.97000948
v 246.06810457 -28.66362902 8.02389909
v 245.59728330 40.61437590 8.03995302
v 245.84877802 40.52083340 8.06770669
v 246.80884429 -28.31385796 8.10713498
v 246.86671614 -28.28552764 8.11425786
v 246.80884429 40.16803804 8.17814878
v 246.99165644 40.09517771 8.19936897
v 248.01206898 -27.71833206 8.25002017
v 248.16086641 -27.64306215 8.26941801
v 248.01206898 39.69344149 8.32267076
v 248.12744338 39.64508635 8.33683386
v 249.20689658 -27.10782910 8.40110280
v 249.43368726 -26.99044153 8.43226320
v 250.39138884 38.68841116 8.63254059
v 249.20689658 39.19814299 8.47446013
v 250.36011279 38.70204490 8.62842713
v 249.26069448 39.17474755 8.48141594
v 250.39326812 -26.48809618 8.55989490
v 250.68384230 -26.33555824 8.60177470
v 250.39326812 38.68760545 8.63279785
v 251.51488687 38.18822526 8.78845354
v 251.57112653 -25.86452643 8.72584356
v 251.91050883 -25.68531258 8.77692740
v 251.57112653 38.16353962 8.79651485
v 252.64026669 37.68109205 8.95136704
v 252.74041663 -25.24220087 8.89835801
v 253.11322831 -25.04570822 8.95672154
v 252.74041663 37.63655150 8.96634087
v 253.76978007 37.17069645 9.12167061
v 253.90108513 -24.62592126 9.07682839
v 254.29196414 -24.42180230 9.14018665
v 253.90108513 37.11209320 9.14207078
v 254.90393274 36.66094173 9.29901708
v 255.05308065 -24.02007431 9.26050910
v 255.45780356 -23.80868416 9.32543911
v 255.05308065 36.59473069 9.32299400
v 256.01646914 36.15882374 9.47186293
v 256.19635374 -23.41854190 9.44070871
v 256.64423138 -23.17431749 9.50892927
v 256.19635374 36.07859346 9.50051365
v 257.08434567 35.65385741 9.63007472
v 257.33085688 -22.79518103 9.61004228
v 257.86422277 -22.48808320 9.68926690
v 257.33085688 35.53792524 9.66749757
v 258.12334922 35.13254067 9.77984659
v 258.45654449 -22.14256142 9.77402492
v 259.08914384 -21.76316090 9.86844526
v 258.45654449 34.96515211 9.82928348
v 259.15096789 34.59157658 9.92809356
v 259.57337295 -21.46892730 9.93803722
v 260.30061747 -21.01737650 10.04731639
v 259.57337295 34.36837910 9.99104645
v 260.17321246 34.03163559 10.07692762
v 260.68130061 -20.77791190 10.10238777
v 261.50506851 -20.24848996 10.22473731
v 260.68130061 33.75139015 10.15312077
v 261.18649683 33.45567590 10.22450243
v 261.78028777 -20.06934586 10.26407962
v 262.73344285 -19.42662957 10.39983601
v 261.78028777 33.11409640 10.31248040
v 262.17813319 32.86762857 10.36615920
v 262.87029674 -19.33323210 10.41858268
v 263.68126937 -18.75326675 10.53257005
v 262.87029674 32.44624904 10.46453342
v 263.13938276 32.26774976 10.50025804
v 263.95129181 -18.55672267 10.56969310
v 264.00820314 -18.51373691 10.57798653
v 264.99234079 31.01391859 10.76073208
v 263.95129181 31.73862764 10.61430405
v 264.83696410 31.12427788 10.73952629
v 264.07559694 31.65107376 10.63101742
v 265.02323925 -17.73566778 10.71952553
v 265.32963210 -17.49155633 10.76451811
v 265.02323925 30.99249371 10.76524278
v 265.86759068 30.35563947 10.88125014
v 266.08610736 -16.88007416 10.87077640
v 266.71531795 -16.33922033 10.95563839
v 266.08610736 30.19475978 10.91345443
v 266.70501708 29.68951266 10.99229016
v 267.13986645 -15.97038894 11.01092226
v 267.95806629 -15.20812076 11.12881293
v 267.13986645 29.34184813 11.05144777
v 267.50157903 29.02113066 11.10149455
v 268.18448884 -14.99034354 11.15995684
v 268.37506703 -14.79782119 11.19405784
v 268.96433457 27.67760098 11.33640521
v 268.18448884 28.42460310 11.20039472
v 268.43601015 28.19010313 11.24588337
v 268.25781287 28.35564636 11.21332533
v 269.21994887 -13.93950038 11.34286794
v 270.16241819 -12.94552788 11.55381879
v 269.21994887 27.43402487 11.38238211
v 269.66120350 26.98578856 11.47740824
v 270.24622294 -12.85409998 11.57207637
v 270.34827603 -12.73834342 11.59900253
v 271.01810380 25.56567090 11.80770873
v 270.24622294 26.40163616 11.60902511
v 270.58188559 26.04632012 11.69723910
v 270.35472736 26.28544198 11.63673355
v 271.26328944 -11.69414438 11.83717248
v 272.00207116 -10.81035486 12.06114582
v 271.26328944 25.30158579 11.87292637
v 271.66366735 24.83502211 11.98970748
v 272.27112885 -10.47829403 12.14174057
v 272.81176141 -9.77439534 12.32595544
v 272.89442069 23.35090646 12.38047062
v 272.27112885 24.14314007 12.17553251
v 272.35992007 24.03422142 12.20546379
v 272.30432590 24.10182072 12.18639034
v 273.26972366 -9.17498697 12.48050644
v 273.46873939 -8.89648056 12.55540187
v 274.01821372 21.85383242 12.78663000
v 273.26972366 22.88509831 12.50998606
v 273.74658585 22.23939327 12.68805844
v 273.47415070 22.60345878 12.58399648
v 274.25905842 -7.75969026 12.85272174
v 274.58653160 -7.24754291 12.98807900
v 275.00324355 20.37552663 13.18194708
v 274.25905842 21.52463074 12.87925183
v 274.79985189 20.70199738 13.10090323
v 274.52644366 21.10977369 12.98547750
v 275.23911975 -6.19965196 13.25981586
v 275.43305475 -5.85143350 13.34735502
v 275.81510573 -5.14981923 13.52304937
v 276.07469885 -4.66737245 13.64067465
v 276.20797568 18.28473027 13.72039222
v 276.20693199 18.28677826 13.71993873
v 275.82597450 18.95721372 13.54169711
v 275.23911975 20.01470314 13.28226957
v 275.58599120 19.40546228 13.43737562
v 275.43811909 19.65753294 13.36853626
v 276.20989630 -4.41003017 13.70331742
v 276.53106308 -3.68738076 13.86160121
v 276.74147744 -3.20817914 13.96981697
v 276.90725531 -2.81515185 14.05157107
v 277.03013376 16.42339190 14.12618995
v 276.98479231 16.54047941 14.10480646
v 276.76697179 17.01729240 13.99091046
v 276.20989630 18.28124141 13.72130040
v 276.61884667 17.37467277 13.92094260
v 276.49370563 17.63708162 13.85590749
v 277.17137879 -2.18244348 14.18830730
v 277.21748099 -2.03593572 14.21284574
v 277.22940619 -1.99873933 14.21980089
v 277.40508464 -1.39423915 14.31291296
v 277.45709709 -1.21974532 14.34341883
v 277.57188643 -0.78647803 14.40393825
v 277.64851236 -0.50625940 14.44909506
v 277.71997604 -0.20598938 14.48654151
v 277.80992557 0.15833128 14.53976400
v 277.85091776 0.35333337 14.56109780
v 277.94586127 0.78748861 14.61746533
v 277.96589171 0.89751745 14.62781423
v 278.05964389 1.39304817 14.68363206
v 278.06579452 1.43299222 14.68678594
v 278.08453628 12.41826724 14.70162171
v 278.08155704 12.44317110 14.70018453
v 277.99667865 12.88868960 14.64967424
v 277.98513659 12.96756508 14.64405294
v 277.89804321 13.36040767 14.59221217
v 277.87395687 13.49897791 14.58037485
v 277.78870854 13.83765481 14.52966302
v 277.74715632 14.04371627 14.50906767
v 277.66869937 14.32386023 14.46246618
v 277.60360725 14.60763860 14.42994807
v 277.53795920 14.82190706 14.39105159
v 277.44181981 15.19661985 14.34267853
v 277.39631091 15.33434670 14.31581008
v 277.17137879 16.09763383 14.20039219
v 277.25980703 15.81700624 14.24669370
v 277.24340125 15.86360578 14.23705328
v 278.12355999 1.79649076 14.72126005
v 278.13279523 1.94963104 14.72418302
v 278.13304063 1.95343617 14.72431756
v 278.15640111 2.45193611 14.73140520
v 278.15710218 2.46633543 14.73178934
v 278.17531749 2.99099618 14.73711020
v 278.17616264 3.01581758 14.73757252
v 278.18979769 3.58538069 14.74143240
v 278.19055698 3.62167094 14.74184578
v 278.20002856 4.26956592 14.74446998
v 278.20054793 4.32182918 14.74475204
v 278.20620992 5.12884140 14.74636772
v 278.20636002 5.24785471 14.74642985
v 278.20824094 6.95112204 14.74697301
v 278.20810010 7.07254515 14.74692301
v 278.20654562 8.77311938 14.74673326
v 278.20601046 8.82890808 14.74645325
v 278.20088629 9.63157212 14.74540260
v 278.20004574 9.67276100 14.74495694
v 278.19130637 10.31439893 14.74306882
v 278.19026298 10.34560463 14.74250929
v 278.17759691 10.90686023 14.73957418
v 278.17651655 10.92933566 14.73899108
v 278.15956761 11.44340179 14.73481302
v 278.15867885 11.45729673 14.73433116
v 278.12355999 12.17245635 14.72482005
v 278.13696765 11.94255369 14.72864910
v 278.13657207 11.94744780 14.72843388
v 208.44816256 -43.03339437 10.90521502
v 208.39064958 -43.04282841 10.66333800
v 208.19961804 -43.01724195 9.85993432
v 208.12572409 -43.00758228 9.54916539
v 208.00374156 -42.94331190 9.03615475
v 207.91633403 -42.89783273 8.66855299
v 207.83337000 -42.81463634 8.31963883
v 207.73694677 -42.71896152 7.91412057
v 207.68036335 -42.63107199 7.67615292
v 207.57753856 -42.47291244 7.24371222
v 207.54040160 -42.39211239 7.08752876
v 207.43295381 -42.16051018 6.63564551
v 207.41087129 -42.09710761 6.54277511
v 207.30014184 -41.78205573 6.07709049
v 207.29005968 -41.74532377 6.03468888
v 207.29043256 -41.74668227 6.03625708
v 207.30014184 48.16242584 6.07709049
v 207.31319512 48.20206275 6.13198747
v 207.43295381 48.56314023 6.63564551
v 207.46223884 48.63170993 6.75880688
v 207.57753856 48.89977561 7.24371222
v 207.62840169 48.98722683 7.45762256
v 207.73694677 49.17254228 7.91412057
v 207.81811783 49.26744861 8.25549422
v 207.91633403 49.38147968 8.66855299
v 208.04452447 49.47039720 9.20767166
v 208.12572409 49.52632404 9.54916539
v 208.34410972 49.59206536 10.46760961
v 208.39064958 49.60597298 10.66333800
v 208.59142603 49.60677511 11.50772495
v 208.95240961 49.60081428 13.02588017
v 209.15449227 49.52768518 13.87576054
v 209.46164038 49.41667300 15.16750494
v 209.82326684 49.14012384 16.68836389
v 209.87692939 49.09917578 16.91404747
v 209.90444396 -42.25889858 17.02976295
v 209.87692939 -42.29420968 16.91404747
v 209.58592457 -42.56408060 15.69019546
v 209.46164038 -42.67895750 15.16750494
v 209.23243953 -42.79907424 14.20357610
v 208.59142603 -43.00997941 11.50772495
v 208.95240961 -42.94556203 13.02588017
v 208.85067278 -42.96367760 12.59801502
v 207.19227781 47.75456891 5.62345674
v 210.00464803 48.95541681 17.45118195
v 210.26022360 48.66322785 18.52603249
v 210.34790207 48.53127885 18.89477371
v 210.62195610 48.11992646 20.04733739
v 210.82110428 47.74811855 20.88487645
v 210.96644930 47.47754798 21.49614056
v 211.26024669 46.82092339 22.73173706
v 211.29604836 46.74116045 22.88230484
v 211.31752793 -39.65362370 22.97263948
v 211.29604836 -39.71283642 22.88230484
v 211.05170213 -40.29782000 21.85468052
v 210.96644930 -40.50095205 21.49614056
v 210.77826999 -40.88214710 20.70473224
v 210.62195610 -41.19739614 20.04733739
v 210.49664368 -41.40581885 19.52032254
v 210.00464803 -42.12976834 17.45118195
v 210.26022360 -41.79746872 18.52603249
v 210.20601022 -41.86814945 18.29803230
v 211.41192671 46.43858586 23.36964369
v 211.61238881 45.91234679 24.21270862
v 211.66736552 45.74627277 24.44391907
v 211.91616583 44.99705468 25.49027551
v 212.04781820 44.54654352 26.04395369
v 212.20770484 44.00123702 26.71637415
v 212.40540518 43.24218748 27.54782416
v 212.48729198 42.92889609 27.89220790
v 212.74121152 41.84297384 28.96009384
v 212.75508229 41.78387251 29.01842885
v 212.76415517 -34.48820969 29.05658580
v 212.75508229 -34.53237813 29.01842885
v 212.54006034 -35.48557538 28.11413094
v 212.48729198 -35.71827021 27.89220790
v 212.30915299 -36.43000617 27.14302526
v 212.20770484 -36.83328001 26.71637415
v 212.07147697 -37.32064858 26.14345318
v 211.91616583 -37.87359056 25.49027551
v 211.82704136 -38.15665446 25.11545296
v 211.41192671 -39.39207560 23.36964369
v 211.61238881 -38.83524324 24.21270862
v 211.57581826 -38.93719234 24.05890723
v 212.81315602 41.50871940 29.26266418
v 213.01142892 40.56750347 30.09652213
v 213.05321028 40.34790710 30.27223814
v 213.25613695 39.28520536 31.12566808
v 213.34430729 38.77522315 31.49647792
v 213.48908693 37.94097090 32.10536424
v 213.61578746 37.13566454 32.63821694
v 213.71021273 36.53786427 33.03533258
v 213.86803420 35.43603953 33.69906772
v 213.91942957 35.07869816 33.91521648
v 214.10140106 33.68244065 34.68051715
v 214.11664087 33.56600612 34.74460977
v 214.12748670 -26.01874918 34.79022309
v 214.11664087 -26.11150396 34.74460977
v 213.95553643 -27.37252389 34.06706776
v 213.91942957 -27.65356924 33.91521648
v 213.77567414 -28.67933730 33.31063755
v 213.71021273 -29.14389672 33.03533258
v 213.58810393 -29.93878530 32.52179087
v 213.48908693 -30.57993849 32.10536424
v 213.39301426 -31.15035989 31.70132031
v 213.25613695 -31.95886922 31.12566808
v 213.19057742 -32.31346969 30.84995041
v 212.81315602 -34.24836216 29.26266418
v 213.01142892 -33.27761488 30.09652213
v 212.98094902 -33.42745728 29.96833566
v 214.20823127 32.79239601 35.12980307
v 214.30187791 32.00125951 35.52364407
v 214.31507578 31.87769539 35.57914913
v 214.47502047 30.38654642 36.25181370
v 214.50964579 30.02736094 36.39743421
v 214.63583133 28.72411490 36.92812107
v 214.68659533 28.13760953 37.14161451
v 214.78420538 27.01499325 37.55212408
v 214.84626069 26.21104202 37.81310436
v 214.92004181 25.25968207 38.12339881
v 214.98898639 24.24932022 38.41335261
v 215.04324555 23.45804699 38.64154535
v 215.11512548 22.25304006 38.94384413
v 215.15372827 21.60916155 39.10619231
v 215.22503924 20.22152366 39.40609825
v 215.25140930 19.71106569 39.51700038
v 215.31909624 18.15246522 39.80166510
v 215.33621625 17.76037450 39.87366512
v 215.39767123 16.04129826 40.13212063
v 215.40808553 15.75160265 40.17591910
v 215.46114366 13.87998220 40.39906075
v 215.46696276 13.67589696 40.42353363
v 215.50989628 11.65441366 40.60409515
v 215.51280308 11.51836742 40.61632004
v 215.54431359 9.33787522 40.74884085
v 215.54557139 9.25137875 40.75413066
v 215.56478033 6.86831500 40.83491591
v 215.56524248 6.81135659 40.83685954
v 215.57168003 3.88817010 40.86393337
v 215.57180120 3.83355925 40.86444293
v 215.56539367 0.92297143 40.83749541
v 215.56524248 0.85480484 40.83685954
v 215.54629836 -1.49839409 40.75718801
v 215.54557139 -1.58808775 40.75413066
v 215.51476616 -3.72459514 40.62457596
v 215.51280308 -3.85985804 40.61632004
v 215.47116304 -5.82691986 40.44119835
v 215.46696276 -6.02407668 40.42353363
v 215.41584788 -7.83507291 40.20856451
v 215.40808553 -8.10837384 40.17591910
v 215.34917162 -9.76547169 39.92815034
v 215.33621625 -10.12763298 39.87366512
v 215.27147649 -11.62834408 39.60139512
v 215.25140930 -12.09069935 39.51700038
v 215.18309533 -13.43051622 39.22969864
v 215.15372827 -14.00304901 39.10619231
v 215.08435101 -15.17673536 38.81441878
v 215.04324555 -15.86805629 38.64154535
v 214.97555591 -16.87037887 38.35686932
v 214.92004181 -17.68766948 38.12339881
v 214.85701151 -18.51386893 37.85831809
v 214.78420538 -19.46280216 37.55212408
v 214.72900796 -20.10893210 37.31998542
v 214.63583133 -21.19357481 36.92812107
v 214.59182381 -21.65677082 36.74304273
v 214.47502047 -22.87947214 36.25181370
v 214.44572570 -23.15818210 36.12861142
v 214.20823127 -25.32425209 35.12980307
v 214.30187791 -24.51945051 35.52364407
v 214.29096815 -24.61364283 35.47776190
v 207.17997736 -41.34780897 5.57172586
v 207.19079486 47.74896154 5.61722001
f 1 2 22
f 1 22 21
f 2 3 23
f 2 23 22
f 3 4 24
f 3 24 23
f 4 5 25
f 4 25 24
f 5 6 26
f 5 26 25
f 6 7 27
f 6 27 26
f 8 9 29
f 8 29 28
f 9 10 30
f 9 30 29
f 10 11 31
f 10 31 30
f 11 12 32
f 11 32 31
f 12 13 33
f 12 33 32
f 13 14 34
f 13 34 33
f 14 15 34
f 15 16 36
f 15 36 35
f 16 17 37
f 16 37 36
f 17 38 37
f 18 19 47
f 18 47 46
f 19 20 48
f 19 48 47
f 20 21 49
f 20 49 48
f 21 22 50
f 21 50 49
f 22 23 51
f 22 51 50
f 23 24 52
f 23 52 51
f 24 25 53
f 24 53 52
f 25 26 54
f 25 54 53
f 26 27 55
f 26 55 54
f 28 29 57
f 28 57 56
f 29 30 58
f 29 58 57
f 30 31 59
f 30 59 58
f 31 32 60
f 31 60 59
f 32 33 61
f 32 61 60
f 33 34 62
f 33 62 61
f 34 15 35
f 34 35 62
f 35 36 64
f 35 64 63
f 36 37 65
f 36 65 64
f 37 38 66
f 37 66 65
f 38 39 67
f 38 67 66
f 39 40 68
f 39 68 67
f 40 41 69
f 40 69 68
f 41 70 69
f 42 43 81
f 42 81 80
f 43 44 82
f 43 82 81
f 44 45 83
f 44 83 82
f 45 46 84
f 45 84 83
f 46 47 85
f 46 85 84
f 47 48 86
f 47 86 85
f 48 49 87
f 48 87 86
f 49 50 88
f 49 88 87
f 50 51 89
f 50 89 88
f 51 52 90
f 51 90 89
f 52 53 91
f 52 91 90
f 53 54 92
f 53 92 91
f 54 55 93
f 54 93 92
f 56 57 95
f 56 95 94
f 57 58 96
f 57 96 95
f 58 59 97
f 58 97 96
f 59 60 98
f 59 98 97
f 60 61 99
f 60 99 98
f 61 62 100
f 61 100 99
f 62 35 63
f 62 63 100
f 63 64 102
f 63 102 101
f 64 65 103
f 64 103 102
f 65 66 104
f 65 104 103
f 66 67 105
f 66 105 104
f 67 68 106
f 67 106 105
f 68 69 107
f 68 107 106
f 69 70 108
f 69 108 107
f 70 71 109
f 70 109 108
f 71 72 110
f 71 110 109
f 72 73 111
f 72 111 110
f 73 74 112
f 73 112 111
f 74 113 112
f 75 76 126
f 75 126 125
f 76 77 127
f 76 127 126
f 77 78 128
f 77 128 127
f 78 79 129
f 78 129 128
f 79 80 130
f 79 130 129
f 80 81 131
f 80 131 130
f 81 82 132
f 81 132 131
f 82 83 133
f 82 133 132
f 83 84 134
f 83 134 133
f 84 85 135
f 84 135 134
f 85 86 136
f 85 136 135
f 86 87 137
f 86 137 136
f 87 88 138
f 87 138 137
f 88 89 139
f 88 139 138
f 89 90 140
f 89 140 139
f 90 91 141
f 90 141 140
f 91 92 142
f 91 142 141
f 92 93 143
f 92 143 142
f 94 95 145
f 94 145 144
f 95 96 146
f 95 146 145
f 96 97 147
f 96 147 146
f 97 98 148
f 97 148 147
f 98 99 149
f 98 149 148
f 99 100 150
f 99 150 149
f 100 63 101
f 100 101 150
f 101 102 152
f 101 152 151
f 102 103 153
f 102 153 152
f 103 104 154
f 103 154 153
f 104 105 155
f 104 155 154
f 105 106 156
f 105 156 155
f 106 107 157
f 106 157 156
f 107 108 158
f 107 158 157
f 108 109 159
f 108 159 158
f 109 110 160
f 109 160 159
f 110 111 161
f 110 161 160
f 111 112 162
f 111 162 161
f 112 113 163
f 112 163 162
f 113 114 164
f 113 164 163
f 114 115 165
f 114 165 164
f 115 116 166
f 115 166 165
f 116 117 167
f 116 167 166
f 117 118 168
f 117 168 167
f 118 169 168
f 119 120 199
f 119 199 198
f 120 121 200
f 120 200 199
f 121 122 201
f 121 201 200
f 122 123 202
f 122 202 201
f 123 124 203
f 123 203 202
f 124 125 204
f 124 204 203
f 125 126 205
f 125 205 204
f 126 127 206
f 126 206 205
f 127 128 207
f 127 207 206
f 128 129 208
f 128 208 207
f 129 130 209
f 129 209 208
f 130 131 210
f 130 210 209
f 131 132 211
f 131 211 210
f 132 133 212
f 132 212 211
f 133 134 213
f 133 213 212
f 134 135 214
f 134 214 213
f 135 136 215
f 135 215 214
f 136 137 216
f 136 216 215
f 137 138 217
f 137 217 216
f 138 139 218
f 138 218 217
f 139 140 219
f 139 219 218
f 140 141 220
f 140 220 219
f 141 142 221
f 141 221 220
f 142 143 222
f 142 222 221
f 144 145 224
f 144 224 223
f 145 146 225
f 145 225 224
f 146 147 226
f 146 226 225
f 147 148 227
f 147 227 226
f 148 149 228
f 148 228 227
f 149 150 229
f 149 229 228
f 150 101 151
f 150 151 229
f 151 152 231
f 151 231 230
f 152 153 232
f 152 232 231
f 153 154 233
f 153 233 232
f 154 155 234
f 154 234 233
f 155 156 235
f 155 235 234
f 156 157 236
f 156 236 235
f 157 158 237
f 157 237 236
f 158 159 238
f 158 238 237
f 159 160 239
f 159 239 238
f 160 161 240
f 160 240 239
f 161 162 241
f 161 241 240
f 162 163 242
f 162 242 241
f 163 164 243
f 163 243 242
f 164 165 244
f 164 244 243
f 165 166 245
f 165 245 244
f 166 167 246
f 166 246 245
f 167 168 247
f 167 247 246
f 168 169 248
f 168 248 247
f 169 170 249
f 169 249 248
f 170 171 250
f 170 250 249
f 171 172 251
f 171 251 250
f 172 173 252
f 172 252 251
f 173 174 253
f 173 253 252
f 174 175 254
f 174 254 253
f 175 176 255
f 175 255 254
f 176 177 256
f 176 256 255
f 177 178 257
f 177 257 256
f 178 179 258
f 178 258 257
f 179 180 259
f 179 259 258
f 180 181 260
f 180 260 259
f 181 182 261
f 181 261 260
f 182 183 262
f 182 262 261
f 183 184 263
f 183 263 262
f 184 185 264
f 184 264 263
f 185 186 265
f 185 265 264
f 186 187 266
f 186 266 265
f 187 188 267
f 187 267 266
f 188 189 268
f 188 268 267
f 189 190 269
f 189 269 268
f 190 191 270
f 190 270 269
f 191 192 271
f 191 271 270
f 192 193 272
f 192 272 271
f 193 194 273
f 193 273 272
f 194 195 274
f 194 274 273
f 195 196 275
f 195 275 274
f 196 197 276
f 196 276 275
f 197 198 277
f 197 277 276
f 198 199 278
f 198 278 277
f 199 200 279
f 199 279 278
f 200 201 280
f 200 280 279
f 201 202 281
f 201 281 280
f 202 203 282
f 202 282 281
f 203 204 283
f 203 283 282
f 204 205 284
f 204 284 283
f 205 206 285
f 205 285 284
f 206 207 286
f 206 286 285
f 207 208 287
f 207 287 286
f 208 209 288
f 208 288 287
f 209 210 289
f 209 289 288
f 210 211 290
f 210 290 289
f 211 212 291
f 211 291 290
f 212 213 292
f 212 292 291
f 213 214 293
f 213 293 292
f 214 215 294
f 214 294 293
f 215 216 295
f 215 295 294
f 216 217 296
f 216 296 295
f 217 218 297
f 217 297 296
f 218 219 298
f 218 298 297
f 219 220 299
f 219 299 298
f 220 221 300
f 220 300 299
f 221 222 301
f 221 301 300
f 223 224 303
f 223 303 302
f 224 225 304
f 224 304 303
f 225 226 305
f 225 305 304
f 226 227 306
f 226 306 305
f 227 228 307
f 227 307 306
f 228 229 308
f 228 308 307
f 229 151 230
f 229 230 308
f 230 231 310
f 230 310 309
f 231 232 311
f 231 311 310
f 232 233 312
f 232 312 311
f 233 234 313
f 233 313 312
f 234 235 314
f 234 314 313
f 235 236 315
f 235 315 314
f 236 237 316
f 236 316 315
f 237 238 317
f 237 317 316
f 238 239 318
f 238 318 317
f 239 240 319
f 239 319 318
f 240 241 320
f 240 320 319
f 241 242 321
f 241 321 320
f 242 243 322
f 242 322 321
f 243 244 323
f 243 323 322
f 244 245 324
f 244 324 323
f 245 246 325
f 245 325 324
f 246 247 326
f 246 326 325
f 247 248 327
f 247 327 326
f 248 249 328
f 248 328 327
f 249 250 329
f 249 329 328
f 250 251 330
f 250 330 329
f 251 252 331
f 251 331 330
f 252 253 332
f 252 332 331
f 253 254 333
f 253 333 332
f 254 255 334
f 254 334 333
f 255 256 335
f 255 335 334
f 256 257 336
f 256 336 335
f 257 258 337
f 257 337 336
f 258 259 338
f 258 338 337
f 259 260 339
f 259 339 338
f 260 261 340
f 260 340 339
f 261 262 341
f 261 341 340
f 262 263 342
f 262 342 341
f 263 264 343
f 263 343 342
f 264 265 344
f 264 344 343
f 265 266 345
f 265 345 344
f 266 267 346
f 266 346 345
f 267 268 347
f 267 347 346
f 268 269 348
f 268 348 347
f 269 270 349
f 269 349 348
f 270 271 350
f 270 350 349
f 271 272 351
f 271 351 350
f 272 273 352
f 272 352 351
f 273 274 353
f 273 353 352
f 274 275 354
f 274 354 353
f 275 276 355
f 275 355 354
f 276 277 356
f 276 356 355
f 277 278 357
f 277 357 356
f 278 279 358
f 278 358 357
f 279 280 359
f 279 359 358
f 280 281 360
f 280 360 359
f 281 282 361
f 281 361 360
f 282 283 362
f 282 362 361
f 283 284 363
f 283 363 362
f 284 285 364
f 284 364 363
f 285 286 365
f 285 365 364
f 286 287 366
f 286 366 365
f 287 288 367
f 287 367 366
f 288 289 368
f 288 368 367
f 289 290 369
f 289 369 368
f 290 291 370
f 290 370 369
f 291 292 371
f 291 371 370
f 292 293 372
f 292 372 371
f 293 294 373
f 293 373 372
f 294 295 374
f 294 374 373
f 295 296 375
f 295 375 374
f 296 297 376
f 296 376 375
f 297 298 377
f 297 377 376
f 298 299 378
f 298 378 377
f 299 300 379
f 299 379 378
f 300 301 380
f 300 380 379
f 302 303 382
f 302 382 381
f 303 304 383
f 303 383 382
f 304 305 384
f 304 384 383
f 305 306 385
f 305 385 384
f 306 307 386
f 306 386 385
f 307 308 387
f 307 387 386
f 308 230 309
f 308 309 387
f 309 310 389
f 309 389 388
f 310 311 390
f 310 390 389
f 311 312 391
f 311 391 390
f 312 313 392
f 312 392 391
f 313 314 393
f 313 393 392
f 314 315 394
f 314 394 393
f 315 316 395
f 315 395 394
f 316 317 396
f 316 396 395
f 317 318 397
f 317 397 396
f 318 319 398
f 318 398 397
f 319 320 399
f 319 399 398
f 320 321 400
f 320 400 399
f 321 322 401
f 321 401 400
f 322 323 402
f 322 402 401
f 323 324 403
f 323 403 402
f 324 325 404
f 324 404 403
f 325 326 405
f 325 405 404
f 326 327 406
f 326 406 405
f 327 328 407
f 327 407 406
f 328 329 408
f 328 408 407
f 329 330 409
f 329 409 408
f 330 331 410
f 330 410 409
f 331 332 411
f 331 411 410
f 332 333 412
f 332 412 411
f 333 334 413
f 333 413 412
f 334 335 414
f 334 414 413
f 335 336 415
f 335 415 414
f 336 337 416
f 336 416 415
f 337 338 417
f 337 417 416
f 338 339 418
f 338 418 417
f 339 340 419
f 339 419 418
f 340 341 420
f 340 420 419
f 341 342 421
f 341 421 420
f 342 343 422
f 342 422 421
f 343 344 423
f 343 423 422
f 344 345 424
f 344 424 423
f 345 346 425
f 345 425 424
f 346 347 426
f 346 426 425
f 347 348 427
f 347 427 426
f 348 349 428
f 348 428 427
f 349 350 429
f 349 429 428
f 350 351 430
f 350 430 429
f 351 352 431
f 351 431 430
f 352 353 432
f 352 432 431
f 353 354 433
f 353 433 432
f 354 355 434
f 354 434 433
f 355 356 435
f 355 435 434
f 356 357 436
f 356 436 435
f 357 358 437
f 357 437 436
f 358 359 438
f 358 438 437
f 359 360 439
f 359 439 438
f 360 361 440
f 360 440 439
f 361 362 441
f 361 441 440
f 362 363 442
f 362 442 441
f 363 364 443
f 363 443 442
f 364 365 444
f 364 444 443
f 365 366 445
f 365 445 444
f 366 367 446
f 366 446 445
f 367 368 447
f 367 447 446
f 368 369 448
f 368 448 447
f 369 370 449
f 369 449 448
f 370 371 450
f 370 450 449
f 371 372 451
f 371 451 450
f 372 373 452
f 372 452 451
f 373 374 453
f 373 453 452
f 374 375 454
f 374 454 453
f 375 376 455
f 375 455 454
f 376 377 456
f 376 456 455
f 377 378 457
f 377 457 456
f 378 379 458
f 378 458 457
f 379 380 459
f 379 459 458
f 381 382 461
f 381 461 460
f 382 383 462
f 382 462 461
f 383 384 463
f 383 463 462
f 384 385 464
f 384 464 463
f 385 386 465
f 385 465 464
f 386 387 466
f 386 466 465
f 387 309 388
f 387 388 466
f 388 389 468
f 388 468 467
f 389 390 469
f 389 469 468
f 390 391 470
f 390 470 469
f 391 392 471
f 391 471 470
f 392 393 472
f 392 472 471
f 393 394 473
f 393 473 472
f 394 395 474
f 394 474 473
f 395 396 475
f 395 475 474
f 396 397 476
f 396 476 475
f 397 398 477
f 397 477 476
f 398 399 478
f 398 478 477
f 399 400 479
f 399 479 478
f 400 401 480
f 400 480 479
f 401 402 481
f 401 481 480
f 402 403 482
f 402 482 481
f 403 404 483
f 403 483 482
f 404 405 484
f 404 484 483
f 405 406 485
f 405 485 484
f 406 407 486
f 406 486 485
f 407 408 487
f 407 487 486
f 408 409 488
f 408 488 487
f 409 410 489
f 409 489 488
f 410 411 490
f 410 490 489
f 411 412 491
f 411 491 490
f 412 413 492
f 412 492 491
f 413 414 493
f 413 493 492
f 414 415 494
f 414 494 493
f 415 416 495
f 415 495 494
f 416 417 496
f 416 496 495
f 417 418 497
f 417 497 496
f 418 419 498
f 418 498 497
f 419 420 499
f 419 499 498
f 420 421 500
f 420 500 499
f 421 422 501
f 421 501 500
f 422 423 502
f 422 502 501
f 423 424 503
f 423 503 502
f 424 425 504
f 424 504 503
f 425 426 505
f 425 505 504
f 426 427 506
f 426 506 505
f 427 428 507
f 427 507 506
f 428 429 508
f 428 508 507
f 429 430 509
f 429 509 508
f 430 431 510
f 430 510 509
f 431 432 511
f 431 511 510
f 432 433 512
f 432 512 511
f 433 434 513
f 433 513 512
f 434 435 514
f 434 514 513
f 435 436 515
f 435 515 514
f 436 437 516
f 436 516 515
f 437 438 517
f 437 517 516
f 438 439 518
f 438 518 517
f 439 440 519
f 439 519 518
f 440 441 520
f 440 520 519
f 441 442 521
f 441 521 520
f 442 443 522
f 442 522 521
f 443 444 523
f 443 523 522
f 444 445 524
f 444 524 523
f 445 446 525
f 445 525 524
f 446 447 526
f 446 526 525
f 447 448 527
f 447 527 526
f 448 449 528
f 448 528 527
f 449 450 529
f 449 529 528
f 450 451 530
f 450 530 529
f 451 452 531
f 451 531 530
f 452 453 532
f 452 532 531
f 453 454 533
f 453 533 532
f 454 455 534
f 454 534 533
f 455 456 535
f 455 535 534
f 456 457 536
f 456 536 535
f 457 458 537
f 457 537 536
f 458 459 538
f 458 538 537
f 460 461 540
f 460 540 539
f 461 462 541
f 461 541 540
f 462 463 542
f 462 542 541
f 463 464 543
f 463 543 542
f 464 465 544
f 464 544 543
f 465 466 545
f 465 545 544
f 466 388 467
f 466 467 545
f 467 468 547
f 467 547 546
f 468 469 548
f 468 548 547
f 469 470 549
f 469 549 548
f 470 471 550
f 470 550 549
f 471 472 551
f 471 551 550
f 472 473 552
f 472 552 551
f 473 474 553
f 473 553 552
f 474 475 554
f 474 554 553
f 475 476 555
f 475 555 554
f 476 477 556
f 476 556 555
f 477 478 557
f 477 557 556
f 478 479 558
f 478 558 557
f 479 480 559
f 479 559 558
f 480 481 560
f 480 560 559
f 481 482 561
f 481 561 560
f 482 483 562
f 482 562 561
f 483 484 563
f 483 563 562
f 484 485 564
f 484 564 563
f 485 486 565
f 485 565 564
f 486 487 566
f 486 566 565
f 487 488 567
f 487 567 566
f 488 489 568
f 488 568 567
f 489 490 569
f 489 569 568
f 490 491 570
f 490 570 569
f 491 492 571
f 491 571 570
f 492 493 572
f 492 572 571
f 493 494 573
f 493 573 572
f 494 495 574
f 494 574 573
f 495 496 575
f 495 575 574
f 496 497 576
f 496 576 575
f 497 498 577
f 497 577 576
f 498 499 578
f 498 578 577
f 499 500 579
f 499 579 578
f 500 501 580
f 500 580 579
f 501 502 581
f 501 581 580
f 502 503 582
f 502 582 581
f 503 504 583
f 503 583 582
f 504 505 584
f 504 584 583
f 505 506 585
f 505 585 584
f 506 507 586
f 506 586 585
f 507 508 587
f 507 587 586
f 508 509 588
f 508 588 587
f 509 510 589
f 509 589 588
f 510 511 590
f 510 590 589
f 511 512 591
f 511 591 590
f 512 513 592
f 512 592 591
f 513 514 593
f 513 593 592
f 514 515 594
f 514 594 593
f 515 516 595
f 515 595 594
f 516 517 596
f 516 596 595
f 517 518 597
f 517 597 596
f 518 519 598
f 518 598 597
f 519 520 599
f 519 599 598
f 520 521 600
f 520 600 599
f 521 522 601
f 521 601 600
f 522 523 602
f 522 602 601
f 523 524 603
f 523 603 602
f 524 525 604
f 524 604 603
f 525 526 605
f 525 605 604
f 526 527 606
f 526 606 605
f 527 528 607
f 527 607 606
f 528 529 608
f 528 608 607
f 529 530 609
f 529 609 608
f 530 531 610
f 530 610 609
f 531 532 611
f 531 611 610
f 532 533 612
f 532 612 611
f 533 534 613
f 533 613 612
f 534 535 614
f 534 614 613
f 535 536 615
f 535 615 614
f 536 537 616
f 536 616 615
f 537 538 617
f 537 617 616
f 539 540 619
f 539 619 618
f 540 541 620
f 540 620 619
f 541 542 621
f 541 621 620
f 542 543 622
f 542 622 621
f 543 544 623
f 543 623 622
f 544 545 624
f 544 624 623
f 545 467 546
f 545 546 624
f 546 547 626
f 546 626 625
f 547 548 627
f 547 627 626
f 548 549 628
f 548 628 627
f 549 550 629
f 549 629 628
f 550 551 630
f 550 630 629
f 551 552 631
f 551 631 630
f 552 553 632
f 552 632 631
f 553 554 633
f 553 633 632
f 554 555 634
f 554 634 633
f 555 556 635
f 555 635 634
f 556 557 636
f 556 636 635
f 557 558 637
f 557 637 636
f 558 559 638
f 558 638 637
f 559 560 639
f 559 639 638
f 560 561 640
f 560 640 639
f 561 562 641
f 561 641 640
f 562 563 642
f 562 642 641
f 563 564 643
f 563 643 642
f 564 565 644
f 564 644 643
f 565 566 645
f 565 645 644
f 566 567 646
f 566 646 645
f 567 568 647
f 567 647 646
f 568 569 648
f 568 648 647
f 569 570 649
f 569 649 648
f 570 571 650
f 570 650 649
f 571 572 651
f 571 651 650
f 572 573 652
f 572 652 651
f 573 574 653
f 573 653 652
f 574 575 654
f 574 654 653
f 575 576 655
f 575 655 654
f 576 577 656
f 576 656 655
f 577 578 657
f 577 657 656
f 578 579 658
f 578 658 657
f 579 580 659
f 579 659 658
f 580 581 660
f 580 660 659
f 581 582 661
f 581 661 660
f 582 583 662
f 582 662 661
f 583 584 663
f 583 663 662
f 584 585 664
f 584 664 663
f 585 586 665
f 585 665 664
f 586 587 666
f 586 666 665
f 587 588 667
f 587 667 666
f 588 589 668
f 588 668 667
f 589 590 669
f 589 669 668
f 590 591 670
f 590 670 669
f 591 592 671
f 591 671 670
f 592 593 672
f 592 672 671
f 593 594 673
f 593 673 672
f 594 595 674
f 594 674 673
f 595 596 675
f 595 675 674
f 596 597 676
f 596 676 675
f 597 598 677
f 597 677 676
f 598 599 678
f 598 678 677
f 599 600 679
f 599 679 678
f 600 601 680
f 600 680 679
f 601 602 681
f 601 681 680
f 602 603 682
f 602 682 681
f 603 604 683
f 603 683 682
f 604 605 684
f 604 684 683
f 605 606 685
f 605 685 684
f 606 607 686
f 606 686 685
f 607 608 687
f 607 687 686
f 608 609 688
f 608 688 687
f 609 610 689
f 609 689 688
f 610 611 690
f 610 690 689
f 611 612 691
f 611 691 690
f 612 613 692
f 612 692 691
f 613 614 693
f 613 693 692
f 614 615 694
f 614 694 693
f 615 616 695
f 615 695 694
f 616 617 696
f 616 696 695
f 618 619 698
f 618 698 697
f 619 620 699
f 619 699 698
f 620 621 700
f 620 700 699
f 621 622 701
f 621 701 700
f 622 623 702
f 622 702 701
f 623 624 703
f 623 703 702
f 624 546 625
f 624 625 703
f 625 626 705
f 625 705 704
f 626 627 706
f 626 706 705
f 627 628 707
f 627 707 706
f 628 629 708
f 628 708 707
f 629 630 709
f 629 709 708
f 630 631 710
f 630 710 709
f 631 632 711
f 631 711 710
f 632 633 712
f 632 712 711
f 633 634 713
f 633 713 712
f 634 635 714
f 634 714 713
f 635 636 715
f 635 715 714
f 636 637 716
f 636 716 715
f 637 638 717
f 637 717 716
f 638 639 718
f 638 718 717
f 639 640 719
f 639 719 718
f 640 641 720
f 640 720 719
f 641 642 721
f 641 721 720
f 642 643 722
f 642 722 721
f 643 644 723
f 643 723 722
f 644 645 724
f 644 724 723
f 645 646 725
f 645 725 724
f 646 647 726
f 646 726 725
f 647 648 727
f 647 727 726
f 648 649 728
f 648 728 727
f 649 650 729
f 649 729 728
f 650 651 730
f 650 730 729
f 651 652 731
f 651 731 730
f 652 653 732
f 652 732 731
f 653 654 733
f 653 733 732
f 654 655 734
f 654 734 733
f 655 656 735
f 655 735 734
f 656 657 736
f 656 736 735
f 657 658 737
f 657 737 736
f 658 659 738
f 658 738 737
f 659 660 739
f 659 739 738
f 660 661 740
f 660 740 739
f 661 662 741
f 661 741 740
f 662 663 742
f 662 742 741
f 663 664 743
f 663 743 742
f 664 665 744
f 664 744 743
f 665 666 745
f 665 745 744
f 666 667 746
f 666 746 745
f 667 668 747
f 667 747 746
f 668 669 748
f 668 748 747
f 669 670 749
f 669 749 748
f 670 671 750
f 670 750 749
f 671 672 751
f 671 751 750
f 672 673 752
f 672 752 751
f 673 674 753
f 673 753 752
f 674 675 754
f 674 754 753
f 675 676 755
f 675 755 754
f 676 677 756
f 676 756 755
f 677 678 757
f 677 757 756
f 678 679 758
f 678 758 757
f 679 680 759
f 679 759 758
f 680 681 760
f 680 760 759
f 681 682 761
f 681 761 760
f 682 683 762
f 682 762 761
f 683 684 763
f 683 763 762
f 684 685 764
f 684 764 763
f 685 686 765
f 685 765 764
f 686 687 766
f 686 766 765
f 687 688 767
f 687 767 766
f 688 689 768
f 688 768 767
f 689 690 769
f 689 769 768
f 690 691 770
f 690 770 769
f 691 692 771
f 691 771 770
f 692 693 772
f 692 772 771
f 693 694 773
f 693 773 772
f 694 695 774
f 694 774 773
f 695 696 775
f 695 775 774
f 697 698 777
f 697 777 776
f 698 699 778
f 698 778 777
f 699 700 779
f 699 779 778
f 700 701 780
f 700 780 779
f 701 702 781
f 701 781 780
f 702 703 782
f 702 782 781
f 703 625 704
f 703 704 782
f 704 705 784
f 704 784 783
f 705 706 785
f 705 785 784
f 706 707 786
f 706 786 785
f 707 708 787
f 707 787 786
f 708 709 788
f 708 788 787
f 709 710 789
f 709 789 788
f 710 711 790
f 710 790 789
f 711 712 791
f 711 791 790
f 712 713 792
f 712 792 791
f 713 714 793
f 713 793 792
f 714 715 794
f 714 794 793
f 715 716 795
f 715 795 794
f 716 717 796
f 716 796 795
f 717 718 797
f 717 797 796
f 718 719 798
f 718 798 797
f 719 720 799
f 719 799 798
f 720 721 800
f 720 800 799
f 721 722 801
f 721 801 800
f 722 723 802
f 722 802 801
f 723 724 803
f 723 803 802
f 724 725 804
f 724 804 803
f 725 726 805
f 725 805 804
f 726 727 806
f 726 806 805
f 727 728 807
f 727 807 806
f 728 729 808
f 728 808 807
f 729 730 809
f 729 809 808
f 730 731 810
f 730 810 809
f 731 732 811
f 731 811 810
f 732 733 812
f 732 812 811
f 733 734 813
f 733 813 812
f 734 735 814
f 734 814 813
f 735 736 815
f 735 815 814
f 736 737 816
f 736 816 815
f 737 738 817
f 737 817 816
f 738 739 818
f 738 818 817
f 739 740 819
f 739 819 818
f 740 741 820
f 740 820 819
f 741 742 821
f 741 821 820
f 742 743 822
f 742 822 821
f 743 744 823
f 743 823 822
f 744 745 824
f 744 824 823
f 745 746 825
f 745 825 824
f 746 747 826
f 746 826 825
f 747 748 827
f 747 827 826
f 748 749 828
f 748 828 827
f 749 750 829
f 749 829 828
f 750 751 830
f 750 830 829
f 751 752 831
f 751 831 830
f 752 753 832
f 752 832 831
f 753 754 833
f 753 833 832
f 754 755 834
f 754 834 833
f 755 756 835
f 755 835 834
f 756 757 836
f 756 836 835
f 757 758 837
f 757 837 836
f 758 759 838
f 758 838 837
f 759 760 839
f 759 839 838
f 760 761 840
f 760 840 839
f 761 762 841
f 761 841 840
f 762 763 842
f 762 842 841
f 763 764 843
f 763 843 842
f 764 765 844
f 764 844 843
f 765 766 845
f 765 845 844
f 766 767 846
f 766 846 845
f 767 768 847
f 767 847 846
f 768 769 848
f 768 848 847
f 769 770 849
f 769 849 848
f 770 771 850
f 770 850 849
f 771 772 851
f 771 851 850
f 772 773 852
f 772 852 851
f 773 774 853
f 773 853 852
f 774 775 854
f 774 854 853
f 776 777 856
f 776 856 855
f 777 778 857
f 777 857 856
f 778 779 858
f 778 858 857
f 779 780 859
f 779 859 858
f 780 781 860
f 780 860 859
f 781 782 861
f 781 861 860
f 782 704 783
f 782 783 861
f 783 784 863
f 783 863 862
f 784 785 864
f 784 864 863
f 785 786 865
f 785 865 864
f 786 787 866
f 786 866 865
f 787 788 867
f 787 867 866
f 788 789 868
f 788 868 867
f 789 790 869
f 789 869 868
f 790 791 870
f 790 870 869
f 791 792 871
f 791 871 870
f 792 793 872
f 792 872 871
f 793 794 873
f 793 873 872
f 794 795 874
f 794 874 873
f 795 796 875
f 795 875 874
f 796 797 876
f 796 876 875
f 797 798 877
f 797 877 876
f 798 799 878
f 798 878 877
f 799 800 879
f 799 879 878
f 800 801 880
f 800 880 879
f 801 802 881
f 801 881 880
f 802 803 882
f 802 882 881
f 803 804 883
f 803 883 882
f 804 805 884
f 804 884 883
f 805 806 885
f 805 885 884
f 806 807 886
f 806 886 885
f 807 808 887
f 807 887 886
f 808 809 888
f 808 888 887
f 809 810 889
f 809 889 888
f 810 811 890
f 810 890 889
f 811 812 891
f 811 891 890
f 812 813 892
f 812 892 891
f 813 814 893
f 813 893 892
f 814 815 894
f 814 894 893
f 815 816 895
f 815 895 894
f 816 817 896
f 816 896 895
f 817 818 897
f 817 897 896
f 818 819 898
f 818 898 897
f 819 820 899
f 819 899 898
f 820 821 900
f 820 900 899
f 821 822 901
f 821 901 900
f 822 823 902
f 822 902 901
f 823 824 903
f 823 903 902
f 824 825 904
f 824 904 903
f 825 826 905
f 825 905 904
f 826 827 906
f 826 906 905
f 827 828 907
f 827 907 906
f 828 829 908
f 828 908 907
f 829 830 909
f 829 909 908
f 830 831 910
f 830 910 909
f 831 832 911
f 831 911 910
f 832 833 912
f 832 912 911
f 833 834 913
f 833 913 912
f 834 835 914
f 834 914 913
f 835 836 915
f 835 915 914
f 836 837 916
f 836 916 915
f 837 838 917
f 837 917 916
f 838 839 918
f 838 918 917
f 839 840 919
f 839 919 918
f 840 841 920
f 840 920 919
f 841 842 921
f 841 921 920
f 842 843 922
f 842 922 921
f 843 844 923
f 843 923 922
f 844 845 924
f 844 924 923
f 845 846 925
f 845 925 924
f 846 847 926
f 846 926 925
f 847 848 927
f 847 927 926
f 848 849 928
f 848 928 927
f 849 850 929
f 849 929 928
f 850 851 930
f 850 930 929
f 851 852 931
f 851 931 930
f 852 853 932
f 852 932 931
f 853 854 933
f 853 933 932
f 855 856 935
f 855 935 934
f 856 857 936
f 856 936 935
f 857 858 937
f 857 937 936
f 858 859 938
f 858 938 937
f 859 860 939
f 859 939 938
f 860 861 940
f 860 940 939
f 861 783 862
f 861 862 940
f 862 863 942
f 862 942 941
f 863 864 943
f 863 943 942
f 864 865 944
f 864 944 943
f 865 866 945
f 865 945 944
f 866 867 946
f 866 946 945
f 867 868 947
f 867 947 946
f 868 869 948
f 868 948 947
f 869 870 949
f 869 949 948
f 870 871 950
f 870 950 949
f 871 872 951
f 871 951 950
f 872 873 952
f 872 952 951
f 873 874 953
f 873 953 952
f 874 875 954
f 874 954 953
f 875 876 955
f 875 955 954
f 876 877 956
f 876 956 955
f 877 878 957
f 877 957 956
f 878 879 958
f 878 958 957
f 879 880 959
f 879 959 958
f 880 881 960
f 880 960 959
f 881 882 961
f 881 961 960
f 882 883 962
f 882 962 961
f 883 884 963
f 883 963 962
f 884 885 964
f 884 964 963
f 885 886 965
f 885 965 964
f 886 887 966
f 886 966 965
f 887 888 967
f 887 967 966
f 888 889 968
f 888 968 967
f 889 890 969
f 889 969 968
f 890 891 970
f 890 970 969
f 891 892 971
f 891 971 970
f 892 893 972
f 892 972 971
f 893 894 973
f 893 973 972
f 894 895 974
f 894 974 973
f 895 896 975
f 895 975 974
f 896 897 976
f 896 976 975
f 897 898 977
f 897 977 976
f 898 899 978
f 898 978 977
f 899 900 979
f 899 979 978
f 900 901 980
f 900 980 979
f 901 902 981
f 901 981 980
f 902 903 982
f 902 982 981
f 903 904 983
f 903 983 982
f 904 905 984
f 904 984 983
f 905 906 985
f 905 985 984
f 906 907 986
f 906 986 985
f 907 908 987
f 907 987 986
f 908 909 988
f 908 988 987
f 909 910 989
f 909 989 988
f 910 911 990
f 910 990 989
f 911 912 991
f 911 991 990
f 912 913 992
f 912 992 991
f 913 914 993
f 913 993 992
f 914 915 994
f 914 994 993
f 915 916 995
f 915 995 994
f 916 917 996
f 916 996 995
f 917 918 997
f 917 997 996
f 918 919 998
f 918 998 997
f 919 920 999
f 919 999 998
f 920 921 1000
f 920 1000 999
f 921 922 1001
f 921 1001 1000
f 922 923 1002
f 922 1002 1001
f 923 924 1003
f 923 1003 1002
f 924 925 1004
f 924 1004 1003
f 925 926 1005
f 925 1005 1004
f 926 927 1006
f 926 1006 1005
f 927 928 1007
f 927 1007 1006
f 928 929 1008
f 928 1008 1007
f 929 930 1009
f 929 1009 1008
f 930 931 1010
f 930 1010 1009
f 931 932 1011
f 931 1011 1010
f 932 933 1012
f 932 1012 1011
f 934 935 1014
f 934 1014 1013
f 935 936 1015
f 935 1015 1014
f 936 937 1016
f 936 1016 1015
f 937 938 1017
f 937 1017 1016
f 938 939 1018
f 938 1018 1017
f 939 940 1019
f 939 1019 1018
f 940 862 941
f 940 941 1019
f 941 942 1021
f 941 1021 1020
f 942 943 1022
f 942 1022 1021
f 943 944 1023
f 943 1023 1022
f 944 945 1024
f 944 1024 1023
f 945 946 1025
f 945 1025 1024
f 946 947 1026
f 946 1026 1025
f 947 948 1027
f 947 1027 1026
f 948 949 1028
f 948 1028 1027
f 949 950 1029
f 949 1029 1028
f 950 951 1030
f 950 1030 1029
f 951 952 1031
f 951 1031 1030
f 952 953 1032
f 952 1032 1031
f 953 954 1033
f 953 1033 1032
f 954 955 1034
f 954 1034 1033
f 955 956 1035
f 955 1035 1034
f 956 957 1036
f 956 1036 1035
f 957 958 1037
f 957 1037 1036
f 958 959 1038
f 958 1038 1037
f 959 960 1039
f 959 1039 1038
f 960 961 1040
f 960 1040 1039
f 961 962 1041
f 961 1041 1040
f 962 963 1042
f 962 1042 1041
f 963 964 1043
f 963 1043 1042
f 964 965 1044
f 964 1044 1043
f 965 966 1045
f 965 1045 1044
f 966 967 1046
f 966 1046 1045
f 967 968 1047
f 967 1047 1046
f 968 969 1048
f 968 1048 1047
f 969 970 1049
f 969 1049 1048
f 970 971 1050
f 970 1050 1049
f 971 972 1051
f 971 1051 1050
f 972 973 1052
f 972 1052 1051
f 973 974 1053
f 973 1053 1052
f 974 975 1054
f 974 1054 1053
f 975 976 1055
f 975 1055 1054
f 976 977 1056
f 976 1056 1055
f 977 978 1057
f 977 1057 1056
f 978 979 1058
f 978 1058 1057
f 979 980 1059
f 979 1059 1058
f 980 981 1060
f 980 1060 1059
f 981 982 1061
f 981 1061 1060
f 982 983 1062
f 982 1062 1061
f 983 984 1063
f 983 1063 1062
f 984 985 1064
f 984 1064 1063
f 985 986 1065
f 985 1065 1064
f 986 987 1066
f 986 1066 1065
f 987 988 1067
f 987 1067 1066
f 988 989 1068
f 988 1068 1067
f 989 990 1069
f 989 1069 1068
f 990 991 1070
f 990 1070 1069
f 991 992 1071
f 991 1071 1070
f 992 993 1072
f 992 1072 1071
f 993 994 1073
f 993 1073 1072
f 994 995 1074
f 994 1074 1073
f 995 996 1075
f 995 1075 1074
f 996 997 1076
f 996 1076 1075
f 997 998 1077
f 997 1077 1076
f 998 999 1078
f 998 1078 1077
f 999 1000 1079
f 999 1079 1078
f 1000 1001 1080
f 1000 1080 1079
f 1001 1002 1081
f 1001 1081 1080
f 1002 1003 1082
f 1002 1082 1081
f 1003 1004 1083
f 1003 1083 1082
f 1004 1005 1084
f 1004 1084 1083
f 1005 1006 1085
f 1005 1085 1084
f 1006 1007 1086
f 1006 1086 1085
f 1007 1008 1087
f 1007 1087 1086
f 1008 1009 1088
f 1008 1088 1087
f 1009 1010 1089
f 1009 1089 1088
f 1010 1011 1090
f 1010 1090 1089
f 1011 1012 1091
f 1011 1091 1090
f 1013 1014 1093
f 1013 1093 1092
f 1014 1015 1094
f 1014 1094 1093
f 1015 1016 1095
f 1015 1095 1094
f 1016 1017 1096
f 1016 1096 1095
f 1017 1018 1097
f 1017 1097 1096
f 1018 1019 1098
f 1018 1098 1097
f 1019 941 1020
f 1019 1020 1098
f 1020 1021 1100
f 1020 1100 1099
f 1021 1022 1101
f 1021 1101 1100
f 1022 1023 1102
f 1022 1102 1101
f 1023 1024 1103
f 1023 1103 1102
f 1024 1025 1104
f 1024 1104 1103
f 1025 1026 1105
f 1025 1105 1104
f 1026 1027 1106
f 1026 1106 1105
f 1027 1028 1107
f 1027 1107 1106
f 1028 1029 1108
f 1028 1108 1107
f 1029 1030 1109
f 1029 1109 1108
f 1030 1031 1110
f 1030 1110 1109
f 1031 1032 1111
f 1031 1111 1110
f 1032 1033 1112
f 1032 1112 1111
f 1033 1034 1113
f 1033 1113 1112
f 1034 1035 1114
f 1034 1114 1113
f 1035 1036 1115
f 1035 1115 1114
f 1036 1037 1116
f 1036 1116 1115
f 1037 1038 1117
f 1037 1117 1116
f 1038 1039 1118
f 1038 1118 1117
f 1039 1040 1119
f 1039 1119 1118
f 1040 1041 1120
f 1040 1120 1119
f 1041 1042 1121
f 1041 1121 1120
f 1042 1043 1122
f 1042 1122 1121
f 1043 1044 1123
f 1043 1123 1122
f 1044 1045 1124
f 1044 1124 1123
f 1045 1046 1125
f 1045 1125 1124
f 1046 1047 1126
f 1046 1126 1125
f 1047 1048 1127
f 1047 1127 1126
f 1048 1049 1128
f 1048 1128 1127
f 1049 1050 1129
f 1049 1129 1128
f 1050 1051 1130
f 1050 1130 1129
f 1051 1052 1131
f 1051 1131 1130
f 1052 1053 1132
f 1052 1132 1131
f 1053 1054 1133
f 1053 1133 1132
f 1054 1055 1134
f 1054 1134 1133
f 1055 1056 1135
f 1055 1135 1134
f 1056 1057 1136
f 1056 1136 1135
f 1057 1058 1137
f 1057 1137 1136
f 1058 1059 1138
f 1058 1138 1137
f 1059 1060 1139
f 1059 1139 1138
f 1060 1061 1140
f 1060 1140 1139
f 1061 1062 1141
f 1061 1141 1140
f 1062 1063 1142
f 1062 1142 1141
f 1063 1064 1143
f 1063 1143 1142
f 1064 1065 1144
f 1064 1144 1143
f 1065 1066 1145
f 1065 1145 1144
f 1066 1067 1146
f 1066 1146 1145
f 1067 1068 1147
f 1067 1147 1146
f 1068 1069 1148
f 1068 1148 1147
f 1069 1070 1149
f 1069 1149 1148
f 1070 1071 1150
f 1070 1150 1149
f 1071 1072 1151
f 1071 1151 1150
f 1072 1073 1152
f 1072 1152 1151
f 1073 1074 1153
f 1073 1153 1152
f 1074 1075 1154
f 1074 1154 1153
f 1075 1076 1155
f 1075 1155 1154
f 1076 1077 1156
f 1076 1156 1155
f 1077 1078 1157
f 1077 1157 1156
f 1078 1079 1158
f 1078 1158 1157
f 1079 1080 1159
f 1079 1159 1158
f 1080 1081 1160
f 1080 1160 1159
f 1081 1082 1161
f 1081 1161 1160
f 1082 1083 1162
f 1082 1162 1161
f 1083 1084 1163
f 1083 1163 1162
f 1084 1085 1164
f 1084 1164 1163
f 1085 1086 1165
f 1085 1165 1164
f 1086 1087 1166
f 1086 1166 1165
f 1087 1088 1167
f 1087 1167 1166
f 1088 1089 1168
f 1088 1168 1167
f 1089 1090 1169
f 1089 1169 1168
f 1090 1091 1170
f 1090 1170 1169
f 1092 1093 1172
f 1092 1172 1171
f 1093 1094 1173
f 1093 1173 1172
f 1094 1095 1174
f 1094 1174 1173
f 1095 1096 1175
f 1095 1175 1174
f 1096 1097 1176
f 1096 1176 1175
f 1097 1098 1177
f 1097 1177 1176
f 1098 1020 1099
f 1098 1099 1177
f 1099 1100 1179
f 1099 1179 1178
f 1100 1101 1180
f 1100 1180 1179
f 1101 1102 1181
f 1101 1181 1180
f 1102 1103 1182
f 1102 1182 1181
f 1103 1104 1183
f 1103 1183 1182
f 1104 1105 1184
f 1104 1184 1183
f 1105 1106 1185
f 1105 1185 1184
f 1106 1107 1186
f 1106 1186 1185
f 1107 1108 1187
f 1107 1187 1186
f 1108 1109 1188
f 1108 1188 1187
f 1109 1110 1189
f 1109 1189 1188
f 1110 1111 1190
f 1110 1190 1189
f 1111 1112 1191
f 1111 1191 1190
f 1112 1113 1192
f 1112 1192 1191
f 1113 1114 1193
f 1113 1193 1192
f 1114 1115 1194
f 1114 1194 1193
f 1115 1116 1195
f 1115 1195 1194
f 1116 1117 1196
f 1116 1196 1195
f 1117 1118 1197
f 1117 1197 1196
f 1118 1119 1198
f 1118 1198 1197
f 1119 1120 1199
f 1119 1199 1198
f 1120 1121 1200
f 1120 1200 1199
f 1121 1122 1201
f 1121 1201 1200
f 1122 1123 1202
f 1122 1202 1201
f 1123 1124 1203
f 1123 1203 1202
f 1124 1125 1204
f 1124 1204 1203
f 1125 1126 1205
f 1125 1205 1204
f 1126 1127 1206
f 1126 1206 1205
f 1127 1128 1207
f 1127 1207 1206
f 1128 1129 1208
f 1128 1208 1207
f 1129 1130 1209
f 1129 1209 1208
f 1130 1131 1210
f 1130 1210 1209
f 1131 1132 1211
f 1131 1211 1210
f 1132 1133 1212
f 1132 1212 1211
f 1133 1134 1213
f 1133 1213 1212
f 1134 1135 1214
f 1134 1214 1213
f 1135 1136 1215
f 1135 1215 1214
f 1136 1137 1216
f 1136 1216 1215
f 1137 1138 1217
f 1137 1217 1216
f 1138 1139 1218
f 1138 1218 1217
f 1139 1140 1219
f 1139 1219 1218
f 1140 1141 1220
f 1140 1220 1219
f 1141 1142 1221
f 1141 1221 1220
f 1142 1143 1222
f 1142 1222 1221
f 1143 1144 1223
f 1143 1223 1222
f 1144 1145 1224
f 1144 1224 1223
f 1145 1146 1225
f 1145 1225 1224
f 1146 1147 1226
f 1146 1226 1225
f 1147 1148 1227
f 1147 1227 1226
f 1148 1149 1228
f 1148 1228 1227
f 1149 1150 1229
f 1149 1229 1228
f 1150 1151 1230
f 1150 1230 1229
f 1151 1152 1231
f 1151 1231 1230
f 1152 1153 1232
f 1152 1232 1231
f 1153 1154 1233
f 1153 1233 1232
f 1154 1155 1234
f 1154 1234 1233
f 1155 1156 1235
f 1155 1235 1234
f 1156 1157 1236
f 1156 1236 1235
f 1157 1158 1237
f 1157 1237 1236
f 1158 1159 1238
f 1158 1238 1237
f 1159 1160 1239
f 1159 1239 1238
f 1160 1161 1240
f 1160 1240 1239
f 1161 1162 1241
f 1161 1241 1240
f 1162 1163 1242
f 1162 1242 1241
f 1163 1164 1243
f 1163 1243 1242
f 1164 1165 1244
f 1164 1244 1243
f 1165 1166 1245
f 1165 1245 1244
f 1166 1167 1246
f 1166 1246 1245
f 1167 1168 1247
f 1167 1247 1246
f 1168 1169 1248
f 1168 1248 1247
f 1169 1170 1249
f 1169 1249 1248
f 1171 1172 1251
f 1171 1251 1250
f 1172 1173 1252
f 1172 1252 1251
f 1173 1174 1253
f 1173 1253 1252
f 1174 1175 1254
f 1174 1254 1253
f 1175 1176 1255
f 1175 1255 1254
f 1176 1177 1256
f 1176 1256 1255
f 1177 1099 1178
f 1177 1178 1256
f 1178 1179 1258
f 1178 1258 1257
f 1179 1180 1259
f 1179 1259 1258
f 1180 1181 1260
f 1180 1260 1259
f 1181 1182 1261
f 1181 1261 1260
f 1182 1183 1262
f 1182 1262 1261
f 1183 1184 1263
f 1183 1263 1262
f 1184 1185 1264
f 1184 1264 1263
f 1185 1186 1265
f 1185 1265 1264
f 1186 1187 1266
f 1186 1266 1265
f 1187 1188 1267
f 1187 1267 1266
f 1188 1189 1268
f 1188 1268 1267
f 1189 1190 1269
f 1189 1269 1268
f 1190 1191 1270
f 1190 1270 1269
f 1191 1192 1271
f 1191 1271 1270
f 1192 1193 1272
f 1192 1272 1271
f 1193 1194 1273
f 1193 1273 1272
f 1194 1195 1274
f 1194 1274 1273
f 1195 1196 1275
f 1195 1275 1274
f 1196 1197 1276
f 1196 1276 1275
f 1197 1198 1277
f 1197 1277 1276
f 1198 1199 1278
f 1198 1278 1277
f 1199 1200 1279
f 1199 1279 1278
f 1200 1201 1280
f 1200 1280 1279
f 1201 1202 1281
f 1201 1281 1280
f 1202 1203 1282
f 1202 1282 1281
f 1203 1204 1283
f 1203 1283 1282
f 1204 1205 1284
f 1204 1284 1283
f 1205 1206 1285
f 1205 1285 1284
f 1206 1207 1286
f 1206 1286 1285
f 1207 1208 1287
f 1207 1287 1286
f 1208 1209 1288
f 1208 1288 1287
f 1209 1210 1289
f 1209 1289 1288
f 1210 1211 1290
f 1210 1290 1289
f 1211 1212 1291
f 1211 1291 1290
f 1212 1213 1292
f 1212 1292 1291
f 1213 1214 1293
f 1213 1293 1292
f 1214 1215 1294
f 1214 1294 1293
f 1215 1216 1295
f 1215 1295 1294
f 1216 1217 1296
f 1216 1296 1295
f 1217 1218 1297
f 1217 1297 1296
f 1218 1219 1298
f 1218 1298 1297
f 1219 1220 1299
f 1219 1299 1298
f 1220 1221 1300
f 1220 1300 1299
f 1221 1222 1301
f 1221 1301 1300
f 1222 1223 1302
f 1222 1302 1301
f 1223 1224 1303
f 1223 1303 1302
f 1224 1225 1304
f 1224 1304 1303
f 1225 1226 1305
f 1225 1305 1304
f 1226 1227 1306
f 1226 1306 1305
f 1227 1228 1307
f 1227 1307 1306
f 1228 1229 1308
f 1228 1308 1307
f 1229 1230 1309
f 1229 1309 1308
f 1230 1231 1310
f 1230 1310 1309
f 1231 1232 1311
f 1231 1311 1310
f 1232 1233 1312
f 1232 1312 1311
f 1233 1234 1313
f 1233 1313 1312
f 1234 1235 1314
f 1234 1314 1313
f 1235 1236 1315
f 1235 1315 1314
f 1236 1237 1316
f 1236 1316 1315
f 1237 1238 1317
f 1237 1317 1316
f 1238 1239 1318
f 1238 1318 1317
f 1239 1240 1319
f 1239 1319 1318
f 1240 1241 1320
f 1240 1320 1319
f 1241 1242 1321
f 1241 1321 1320
f 1242 1243 1322
f 1242 1322 1321
f 1243 1244 1323
f 1243 1323 1322
f 1244 1245 1324
f 1244 1324 1323
f 1245 1246 1325
f 1245 1325 1324
f 1246 1247 1326
f 1246 1326 1325
f 1247 1248 1327
f 1247 1327 1326
f 1248 1249 1328
f 1248 1328 1327
f 1250 1251 1330
f 1250 1330 1329
f 1251 1252 1331
f 1251 1331 1330
f 1252 1253 1332
f 1252 1332 1331
f 1253 1254 1333
f 1253 1333 1332
f 1254 1255 1334
f 1254 1334 1333
f 1255 1256 1335
f 1255 1335 1334
f 1256 1178 1257
f 1256 1257 1335
f 1257 1258 1337
f 1257 1337 1336
f 1258 1259 1338
f 1258 1338 1337
f 1259 1260 1339
f 1259 1339 1338
f 1260 1261 1340
f 1260 1340 1339
f 1261 1262 1341
f 1261 1341 1340
f 1262 1263 1342
f 1262 1342 1341
f 1263 1264 1343
f 1263 1343 1342
f 1264 1265 1344
f 1264 1344 1343
f 1265 1266 1345
f 1265 1345 1344
f 1266 1267 1346
f 1266 1346 1345
f 1267 1268 1347
f 1267 1347 1346
f 1268 1269 1348
f 1268 1348 1347
f 1269 1270 1349
f 1269 1349 1348
f 1270 1271 1350
f 1270 1350 1349
f 1271 1272 1351
f 1271 1351 1350
f 1272 1273 1352
f 1272 1352 1351
f 1273 1274 1353
f 1273 1353 1352
f 1274 1275 1354
f 1274 1354 1353
f 1275 1276 1355
f 1275 1355 1354
f 1276 1277 1356
f 1276 1356 1355
f 1277 1278 1357
f 1277 1357 1356
f 1278 1279 1358
f 1278 1358 1357
f 1279 1280 1359
f 1279 1359 1358
f 1280 1281 1360
f 1280 1360 1359
f 1281 1282 1361
f 1281 1361 1360
f 1282 1283 1362
f 1282 1362 1361
f 1283 1284 1363
f 1283 1363 1362
f 1284 1285 1364
f 1284 1364 1363
f 1285 1286 1365
f 1285 1365 1364
f 1286 1287 1366
f 1286 1366 1365
f 1287 1288 1367
f 1287 1367 1366
f 1288 1289 1368
f 1288 1368 1367
f 1289 1290 1369
f 1289 1369 1368
f 1290 1291 1370
f 1290 1370 1369
f 1291 1292 1371
f 1291 1371 1370
f 1292 1293 1372
f 1292 1372 1371
f 1293 1294 1373
f 1293 1373 1372
f 1294 1295 1374
f 1294 1374 1373
f 1295 1296 1375
f 1295 1375 1374
f 1296 1297 1376
f 1296 1376 1375
f 1297 1298 1377
f 1297 1377 1376
f 1298 1299 1378
f 1298 1378 1377
f 1299 1300 1379
f 1299 1379 1378
f 1300 1301 1380
f 1300 1380 1379
f 1301 1302 1381
f 1301 1381 1380
f 1302 1303 1382
f 1302 1382 1381
f 1303 1304 1383
f 1303 1383 1382
f 1304 1305 1384
f 1304 1384 1383
f 1305 1306 1385
f 1305 1385 1384
f 1306 1307 1386
f 1306 1386 1385
f 1307 1308 1387
f 1307 1387 1386
f 1308 1309 1388
f 1308 1388 1387
f 1309 1310 1389
f 1309 1389 1388
f 1310 1311 1390
f 1310 1390 1389
f 1311 1312 1391
f 1311 1391 1390
f 1312 1313 1392
f 1312 1392 1391
f 1313 1314 1393
f 1313 1393 1392
f 1314 1315 1394
f 1314 1394 1393
f 1315 1316 1395
f 1315 1395 1394
f 1316 1317 1396
f 1316 1396 1395
f 1317 1318 1397
f 1317 1397 1396
f 1318 1319 1398
f 1318 1398 1397
f 1319 1320 1399
f 1319 1399 1398
f 1320 1321 1400
f 1320 1400 1399
f 1321 1322 1401
f 1321 1401 1400
f 1322 1323 1402
f 1322 1402 1401
f 1323 1324 1403
f 1323 1403 1402
f 1324 1325 1404
f 1324 1404 1403
f 1325 1326 1405
f 1325 1405 1404
f 1326 1327 1406
f 1326 1406 1405
f 1327 1328 1407
f 1327 1407 1406
f 1329 1330 1409
f 1329 1409 1408
f 1330 1331 1410
f 1330 1410 1409
f 1331 1332 1411
f 1331 1411 1410
f 1332 1333 1412
f 1332 1412 1411
f 1333 1334 1413
f 1333 1413 1412
f 1334 1335 1414
f 1334 1414 1413
f 1335 1257 1336
f 1335 1336 1414
f 1336 1337 1416
f 1336 1416 1415
f 1337 1338 1417
f 1337 1417 1416
f 1338 1339 1418
f 1338 1418 1417
f 1339 1340 1419
f 1339 1419 1418
f 1340 1341 1420
f 1340 1420 1419
f 1341 1342 1421
f 1341 1421 1420
f 1342 1343 1422
f 1342 1422 1421
f 1343 1344 1423
f 1343 1423 1422
f 1344 1345 1424
f 1344 1424 1423
f 1345 1346 1425
f 1345 1425 1424
f 1346 1347 1426
f 1346 1426 1425
f 1347 1348 1427
f 1347 1427 1426
f 1348 1349 1428
f 1348 1428 1427
f 1349 1350 1429
f 1349 1429 1428
f 1350 1351 1430
f 1350 1430 1429
f 1351 1352 1431
f 1351 1431 1430
f 1352 1353 1432
f 1352 1432 1431
f 1353 1354 1433
f 1353 1433 1432
f 1354 1355 1434
f 1354 1434 1433
f 1355 1356 1435
f 1355 1435 1434
f 1356 1357 1436
f 1356 1436 1435
f 1357 1358 1437
f 1357 1437 1436
f 1358 1359 1438
f 1358 1438 1437
f 1359 1360 1439
f 1359 1439 1438
f 1360 1361 1440
f 1360 1440 1439
f 1361 1362 1441
f 1361 1441 1440
f 1362 1363 1442
f 1362 1442 1441
f 1363 1364 1443
f 1363 1443 1442
f 1364 1365 1444
f 1364 1444 1443
f 1365 1366 1445
f 1365 1445 1444
f 1366 1367 1446
f 1366 1446 1445
f 1367 1368 1447
f 1367 1447 1446
f 1368 1369 1448
f 1368 1448 1447
f 1369 1370 1449
f 1369 1449 1448
f 1370 1371 1450
f 1370 1450 1449
f 1371 1372 1451
f 1371 1451 1450
f 1372 1373 1452
f 1372 1452 1451
f 1373 1374 1453
f 1373 1453 1452
f 1374 1375 1454
f 1374 1454 1453
f 1375 1376 1455
f 1375 1455 1454
f 1376 1377 1456
f 1376 1456 1455
f 1377 1378 1457
f 1377 1457 1456
f 1378 1379 1458
f 1378 1458 1457
f 1379 1380 1459
f 1379 1459 1458
f 1380 1381 1460
f 1380 1460 1459
f 1381 1382 1461
f 1381 1461 1460
f 1382 1383 1462
f 1382 1462 1461
f 1383 1384 1463
f 1383 1463 1462
f 1384 1385 1464
f 1384 1464 1463
f 1385 1386 1465
f 1385 1465 1464
f 1386 1387 1466
f 1386 1466 1465
f 1387 1388 1467
f 1387 1467 1466
f 1388 1389 1468
f 1388 1468 1467
f 1389 1390 1469
f 1389 1469 1468
f 1390 1391 1470
f 1390 1470 1469
f 1391 1392 1471
f 1391 1471 1470
f 1392 1393 1472
f 1392 1472 1471
f 1393 1394 1473
f 1393 1473 1472
f 1394 1395 1474
f 1394 1474 1473
f 1395 1396 1475
f 1395 1475 1474
f 1396 1397 1476
f 1396 1476 1475
f 1397 1398 1477
f 1397 1477 1476
f 1398 1399 1478
f 1398 1478 1477
f 1399 1400 1479
f 1399 1479 1478
f 1400 1401 1480
f 1400 1480 1479
f 1401 1402 1481
f 1401 1481 1480
f 1402 1403 1482
f 1402 1482 1481
f 1403 1404 1483
f 1403 1483 1482
f 1404 1405 1484
f 1404 1484 1483
f 1405 1406 1485
f 1405 1485 1484
f 1406 1407 1486
f 1406 1486 1485
f 1408 1409 1488
f 1408 1488 1487
f 1409 1410 1489
f 1409 1489 1488
f 1410 1411 1490
f 1410 1490 1489
f 1411 1412 1491
f 1411 1491 1490
f 1412 1413 1492
f 1412 1492 1491
f 1413 1414 1493
f 1413 1493 1492
f 1414 1336 1415
f 1414 1415 1493
f 1415 1416 1495
f 1415 1495 1494
f 1416 1417 1496
f 1416 1496 1495
f 1417 1418 1497
f 1417 1497 1496
f 1418 1419 1498
f 1418 1498 1497
f 1419 1420 1499
f 1419 1499 1498
f 1420 1421 1500
f 1420 1500 1499
f 1421 1422 1501
f 1421 1501 1500
f 1422 1423 1502
f 1422 1502 1501
f 1423 1424 1503
f 1423 1503 1502
f 1424 1425 1504
f 1424 1504 1503
f 1425 1426 1505
f 1425 1505 1504
f 1426 1427 1506
f 1426 1506 1505
f 1427 1428 1507
f 1427 1507 1506
f 1428 1429 1508
f 1428 1508 1507
f 1429 1430 1509
f 1429 1509 1508
f 1430 1431 1510
f 1430 1510 1509
f 1431 1432 1511
f 1431 1511 1510
f 1432 1433 1512
f 1432 1512 1511
f 1433 1434 1513
f 1433 1513 1512
f 1434 1435 1514
f 1434 1514 1513
f 1435 1436 1515
f 1435 1515 1514
f 1436 1437 1516
f 1436 1516 1515
f 1437 1438 1517
f 1437 1517 1516
f 1438 1439 1518
f 1438 1518 1517
f 1439 1440 1519
f 1439 1519 1518
f 1440 1441 1520
f 1440 1520 1519
f 1441 1442 1521
f 1441 1521 1520
f 1442 1443 1522
f 1442 1522 1521
f 1443 1444 1523
f 1443 1523 1522
f 1444 1445 1524
f 1444 1524 1523
f 1445 1446 1525
f 1445 1525 1524
f 1446 1447 1526
f 1446 1526 1525
f 1447 1448 1527
f 1447 1527 1526
f 1448 1449 1528
f 1448 1528 1527
f 1449 1450 1529
f 1449 1529 1528
f 1450 1451 1530
f 1450 1530 1529
f 1451 1452 1531
f 1451 1531 1530
f 1452 1453 1532
f 1452 1532 1531
f 1453 1454 1533
f 1453 1533 1532
f 1454 1455 1534
f 1454 1534 1533
f 1455 1456 1535
f 1455 1535 1534
f 1456 1457 1536
f 1456 1536 1535
f 1457 1458 1537
f 1457 1537 1536
f 1458 1459 1538
f 1458 1538 1537
f 1459 1460 1539
f 1459 1539 1538
f 1460 1461 1540
f 1460 1540 1539
f 1461 1462 1541
f 1461 1541 1540
f 1462 1463 1542
f 1462 1542 1541
f 1463 1464 1543
f 1463 1543 1542
f 1464 1465 1544
f 1464 1544 1543
f 1465 1466 1545
f 1465 1545 1544
f 1466 1467 1546
f 1466 1546 1545
f 1467 1468 1547
f 1467 1547 1546
f 1468 1469 1548
f 1468 1548 1547
f 1469 1470 1549
f 1469 1549 1548
f 1470 1471 1550
f 1470 1550 1549
f 1471 1472 1551
f 1471 1551 1550
f 1472 1473 1552
f 1472 1552 1551
f 1473 1474 1553
f 1473 1553 1552
f 1474 1475 1554
f 1474 1554 1553
f 1475 1476 1555
f 1475 1555 1554
f 1476 1477 1556
f 1476 1556 1555
f 1477 1478 1557
f 1477 1557 1556
f 1478 1479 1558
f 1478 1558 1557
f 1479 1480 1559
f 1479 1559 1558
f 1480 1481 1560
f 1480 1560 1559
f 1481 1482 1561
f 1481 1561 1560
f 1482 1483 1562
f 1482 1562 1561
f 1483 1484 1563
f 1483 1563 1562
f 1484 1485 1564
f 1484 1564 1563
f 1485 1486 1565
f 1485 1565 1564
f 1487 1488 1567
f 1487 1567 1566
f 1488 1489 1568
f 1488 1568 1567
f 1489 1490 1569
f 1489 1569 1568
f 1490 1491 1570
f 1490 1570 1569
f 1491 1492 1571
f 1491 1571 1570
f 1492 1493 1572
f 1492 1572 1571
f 1493 1415 1494
f 1493 1494 1572
f 1494 1495 1574
f 1494 1574 1573
f 1495 1496 1575
f 1495 1575 1574
f 1496 1497 1576
f 1496 1576 1575
f 1497 1498 1577
f 1497 1577 1576
f 1498 1499 1578
f 1498 1578 1577
f 1499 1500 1579
f 1499 1579 1578
f 1500 1501 1580
f 1500 1580 1579
f 1501 1502 1581
f 1501 1581 1580
f 1502 1503 1582
f 1502 1582 1581
f 1503 1504 1583
f 1503 1583 1582
f 1504 1505 1584
f 1504 1584 1583
f 1505 1506 1585
f 1505 1585 1584
f 1506 1507 1586
f 1506 1586 1585
f 1507 1508 1587
f 1507 1587 1586
f 1508 1509 1588
f 1508 1588 1587
f 1509 1510 1589
f 1509 1589 1588
f 1510 1511 1590
f 1510 1590 1589
f 1511 1512 1591
f 1511 1591 1590
f 1512 1513 1592
f 1512 1592 1591
f 1513 1514 1593
f 1513 1593 1592
f 1514 1515 1594
f 1514 1594 1593
f 1515 1516 1595
f 1515 1595 1594
f 1516 1517 1596
f 1516 1596 1595
f 1517 1518 1597
f 1517 1597 1596
f 1518 1519 1598
f 1518 1598 1597
f 1519 1520 1599
f 1519 1599 1598
f 1520 1521 1600
f 1520 1600 1599
f 1521 1522 1601
f 1521 1601 1600
f 1522 1523 1602
f 1522 1602 1601
f 1523 1524 1603
f 1523 1603 1602
f 1524 1525 1604
f 1524 1604 1603
f 1525 1526 1605
f 1525 1605 1604
f 1526 1527 1606
f 1526 1606 1605
f 1527 1528 1607
f 1527 1607 1606
f 1528 1529 1608
f 1528 1608 1607
f 1529 1530 1609
f 1529 1609 1608
f 1530 1531 1610
f 1530 1610 1609
f 1531 1532 1611
f 1531 1611 1610
f 1532 1533 1612
f 1532 1612 1611
f 1533 1534 1613
f 1533 1613 1612
f 1534 1535 1614
f 1534 1614 1613
f 1535 1536 1615
f 1535 1615 1614
f 1536 1537 1616
f 1536 1616 1615
f 1537 1538 1617
f 1537 1617 1616
f 1538 1539 1618
f 1538 1618 1617
f 1539 1540 1619
f 1539 1619 1618
f 1540 1541 1620
f 1540 1620 1619
f 1541 1542 1621
f 1541 1621 1620
f 1542 1543 1622
f 1542 1622 1621
f 1543 1544 1623
f 1543 1623 1622
f 1544 1545 1624
f 1544 1624 1623
f 1545 1546 1625
f 1545 1625 1624
f 1546 1547 1626
f 1546 1626 1625
f 1547 1548 1627
f 1547 1627 1626
f 1548 1549 1628
f 1548 1628 1627
f 1549 1550 1629
f 1549 1629 1628
f 1550 1551 1630
f 1550 1630 1629
f 1551 1552 1631
f 1551 1631 1630
f 1552 1553 1632
f 1552 1632 1631
f 1553 1554 1633
f 1553 1633 1632
f 1554 1555 1634
f 1554 1634 1633
f 1555 1556 1635
f 1555 1635 1634
f 1556 1557 1636
f 1556 1636 1635
f 1557 1558 1637
f 1557 1637 1636
f 1558 1559 1638
f 1558 1638 1637
f 1559 1560 1639
f 1559 1639 1638
f 1560 1561 1640
f 1560 1640 1639
f 1561 1562 1641
f 1561 1641 1640
f 1562 1563 1642
f 1562 1642 1641
f 1563 1564 1643
f 1563 1643 1642
f 1564 1565 1644
f 1564 1644 1643
f 1566 1567 1646
f 1566 1646 1645
f 1567 1568 1647
f 1567 1647 1646
f 1568 1569 1648
f 1568 1648 1647
f 1569 1570 1649
f 1569 1649 1648
f 1570 1571 1650
f 1570 1650 1649
f 1571 1572 1651
f 1571 1651 1650
f 1572 1494 1573
f 1572 1573 1651
f 1573 1574 1653
f 1573 1653 1652
f 1574 1575 1654
f 1574 1654 1653
f 1575 1576 1655
f 1575 1655 1654
f 1576 1577 1656
f 1576 1656 1655
f 1577 1578 1657
f 1577 1657 1656
f 1578 1579 1658
f 1578 1658 1657
f 1579 1580 1659
f 1579 1659 1658
f 1580 1581 1660
f 1580 1660 1659
f 1581 1582 1661
f 1581 1661 1660
f 1582 1583 1662
f 1582 1662 1661
f 1583 1584 1663
f 1583 1663 1662
f 1584 1585 1664
f 1584 1664 1663
f 1585 1586 1665
f 1585 1665 1664
f 1586 1587 1666
f 1586 1666 1665
f 1587 1588 1667
f 1587 1667 1666
f 1588 1589 1668
f 1588 1668 1667
f 1589 1590 1669
f 1589 1669 1668
f 1590 1591 1670
f 1590 1670 1669
f 1591 1592 1671
f 1591 1671 1670
f 1592 1593 1672
f 1592 1672 1671
f 1593 1594 1673
f 1593 1673 1672
f 1594 1595 1674
f 1594 1674 1673
f 1595 1596 1675
f 1595 1675 1674
f 1596 1597 1676
f 1596 1676 1675
f 1597 1598 1677
f 1597 1677 1676
f 1598 1599 1678
f 1598 1678 1677
f 1599 1600 1679
f 1599 1679 1678
f 1600 1601 1680
f 1600 1680 1679
f 1601 1602 1681
f 1601 1681 1680
f 1602 1603 1682
f 1602 1682 1681
f 1603 1604 1683
f 1603 1683 1682
f 1604 1605 1684
f 1604 1684 1683
f 1605 1606 1685
f 1605 1685 1684
f 1606 1607 1686
f 1606 1686 1685
f 1607 1608 1687
f 1607 1687 1686
f 1608 1609 1688
f 1608 1688 1687
f 1609 1610 1689
f 1609 1689 1688
f 1610 1611 1690
f 1610 1690 1689
f 1611 1612 1691
f 1611 1691 1690
f 1612 1613 1692
f 1612 1692 1691
f 1613 1614 1693
f 1613 1693 1692
f 1614 1615 1694
f 1614 1694 1693
f 1615 1616 1695
f 1615 1695 1694
f 1616 1617 1696
f 1616 1696 1695
f 1617 1618 1697
f 1617 1697 1696
f 1618 1619 1698
f 1618 1698 1697
f 1619 1620 1699
f 1619 1699 1698
f 1620 1621 1700
f 1620 1700 1699
f 1621 1622 1701
f 1621 1701 1700
f 1622 1623 1702
f 1622 1702 1701
f 1623 1624 1703
f 1623 1703 1702
f 1624 1625 1704
f 1624 1704 1703
f 1625 1626 1705
f 1625 1705 1704
f 1626 1627 1706
f 1626 1706 1705
f 1627 1628 1707
f 1627 1707 1706
f 1628 1629 1708
f 1628 1708 1707
f 1629 1630 1709
f 1629 1709 1708
f 1630 1631 1710
f 1630 1710 1709
f 1631 1632 1711
f 1631 1711 1710
f 1632 1633 1712
f 1632 1712 1711
f 1633 1634 1713
f 1633 1713 1712
f 1634 1635 1714
f 1634 1714 1713
f 1635 1636 1715
f 1635 1715 1714
f 1636 1637 1716
f 1636 1716 1715
f 1637 1638 1717
f 1637 1717 1716
f 1638 1639 1718
f 1638 1718 1717
f 1639 1640 1719
f 1639 1719 1718
f 1640 1641 1720
f 1640 1720 1719
f 1641 1642 1721
f 1641 1721 1720
f 1642 1643 1722
f 1642 1722 1721
f 1643 1644 1723
f 1643 1723 1722
f 1645 1646 1725
f 1645 1725 1724
f 1646 1647 1726
f 1646 1726 1725
f 1647 1648 1727
f 1647 1727 1726
f 1648 1649 1728
f 1648 1728 1727
f 1649 1650 1729
f 1649 1729 1728
f 1650 1651 1730
f 1650 1730 1729
f 1651 1573 1652
f 1651 1652 1730
f 1652 1653 1732
f 1652 1732 1731
f 1653 1654 1733
f 1653 1733 1732
f 1654 1655 1734
f 1654 1734 1733
f 1655 1656 1735
f 1655 1735 1734
f 1656 1657 1736
f 1656 1736 1735
f 1657 1658 1737
f 1657 1737 1736
f 1658 1659 1738
f 1658 1738 1737
f 1659 1660 1739
f 1659 1739 1738
f 1660 1661 1740
f 1660 1740 1739
f 1661 1662 1741
f 1661 1741 1740
f 1662 1663 1742
f 1662 1742 1741
f 1663 1664 1743
f 1663 1743 1742
f 1664 1665 1744
f 1664 1744 1743
f 1665 1666 1745
f 1665 1745 1744
f 1666 1667 1746
f 1666 1746 1745
f 1667 1668 1747
f 1667 1747 1746
f 1668 1669 1748
f 1668 1748 1747
f 1669 1670 1749
f 1669 1749 1748
f 1670 1671 1750
f 1670 1750 1749
f 1671 1672 1751
f 1671 1751 1750
f 1672 1673 1752
f 1672 1752 1751
f 1673 1674 1753
f 1673 1753 1752
f 1674 1675 1754
f 1674 1754 1753
f 1675 1676 1755
f 1675 1755 1754
f 1676 1677 1756
f 1676 1756 1755
f 1677 1678 1757
f 1677 1757 1756
f 1678 1679 1758
f 1678 1758 1757
f 1679 1680 1759
f 1679 1759 1758
f 1680 1681 1760
f 1680 1760 1759
f 1681 1682 1761
f 1681 1761 1760
f 1682 1683 1762
f 1682 1762 1761
f 1683 1684 1763
f 1683 1763 1762
f 1684 1685 1764
f 1684 1764 1763
f 1685 1686 1765
f 1685 1765 1764
f 1686 1687 1766
f 1686 1766 1765
f 1687 1688 1767
f 1687 1767 1766
f 1688 1689 1768
f 1688 1768 1767
f 1689 1690 1769
f 1689 1769 1768
f 1690 1691 1770
f 1690 1770 1769
f 1691 1692 1771
f 1691 1771 1770
f 1692 1693 1772
f 1692 1772 1771
f 1693 1694 1773
f 1693 1773 1772
f 1694 1695 1774
f 1694 1774 1773
f 1695 1696 1775
f 1695 1775 1774
f 1696 1697 1776
f 1696 1776 1775
f 1697 1698 1777
f 1697 1777 1776
f 1698 1699 1778
f 1698 1778 1777
f 1699 1700 1779
f 1699 1779 1778
f 1700 1701 1780
f 1700 1780 1779
f 1701 1702 1781
f 1701 1781 1780
f 1702 1703 1782
f 1702 1782 1781
f 1703 1704 1783
f 1703 1783 1782
f 1704 1705 1784
f 1704 1784 1783
f 1705 1706 1785
f 1705 1785 1784
f 1706 1707 1786
f 1706 1786 1785
f 1707 1708 1787
f 1707 1787 1786
f 1708 1709 1788
f 1708 1788 1787
f 1709 1710 1789
f 1709 1789 1788
f 1710 1711 1790
f 1710 1790 1789
f 1711 1712 1791
f 1711 1791 1790
f 1712 1713 1792
f 1712 1792 1791
f 1713 1714 1793
f 1713 1793 1792
f 1714 1715 1794
f 1714 1794 1793
f 1715 1716 1795
f 1715 1795 1794
f 1716 1717 1796
f 1716 1796 1795
f 1717 1718 1797
f 1717 1797 1796
f 1718 1719 1798
f 1718 1798 1797
f 1719 1720 1799
f 1719 1799 1798
f 1720 1721 1800
f 1720 1800 1799
f 1721 1722 1801
f 1721 1801 1800
f 1722 1723 1802
f 1722 1802 1801
f 1724 1725 1804
f 1724 1804 1803
f 1725 1726 1805
f 1725 1805 1804
f 1726 1727 1806
f 1726 1806 1805
f 1727 1728 1807
f 1727 1807 1806
f 1728 1729 1808
f 1728 1808 1807
f 1729 1730 1809
f 1729 1809 1808
f 1730 1652 1731
f 1730 1731 1809
f 1731 1732 1811
f 1731 1811 1810
f 1732 1733 1812
f 1732 1812 1811
f 1733 1734 1813
f 1733 1813 1812
f 1734 1735 1814
f 1734 1814 1813
f 1735 1736 1815
f 1735 1815 1814
f 1736 1737 1816
f 1736 1816 1815
f 1737 1738 1817
f 1737 1817 1816
f 1738 1739 1818
f 1738 1818 1817
f 1739 1740 1819
f 1739 1819 1818
f 1740 1741 1820
f 1740 1820 1819
f 1741 1742 1821
f 1741 1821 1820
f 1742 1743 1822
f 1742 1822 1821
f 1743 1744 1823
f 1743 1823 1822
f 1744 1745 1824
f 1744 1824 1823
f 1745 1746 1825
f 1745 1825 1824
f 1746 1747 1826
f 1746 1826 1825
f 1747 1748 1827
f 1747 1827 1826
f 1748 1749 1828
f 1748 1828 1827
f 1749 1750 1829
f 1749 1829 1828
f 1750 1751 1830
f 1750 1830 1829
f 1751 1752 1831
f 1751 1831 1830
f 1752 1753 1832
f 1752 1832 1831
f 1753 1754 1833
f 1753 1833 1832
f 1754 1755 1834
f 1754 1834 1833
f 1755 1756 1835
f 1755 1835 1834
f 1756 1757 1836
f 1756 1836 1835
f 1757 1758 1837
f 1757 1837 1836
f 1758 1759 1838
f 1758 1838 1837
f 1759 1760 1839
f 1759 1839 1838
f 1760 1761 1840
f 1760 1840 1839
f 1761 1762 1841
f 1761 1841 1840
f 1762 1763 1842
f 1762 1842 1841
f 1763 1764 1843
f 1763 1843 1842
f 1764 1765 1844
f 1764 1844 1843
f 1765 1766 1845
f 1765 1845 1844
f 1766 1767 1846
f 1766 1846 1845
f 1767 1768 1847
f 1767 1847 1846
f 1768 1769 1848
f 1768 1848 1847
f 1769 1770 1849
f 1769 1849 1848
f 1770 1771 1850
f 1770 1850 1849
f 1771 1772 1851
f 1771 1851 1850
f 1772 1773 1852
f 1772 1852 1851
f 1773 1774 1853
f 1773 1853 1852
f 1774 1775 1854
f 1774 1854 1853
f 1775 1776 1855
f 1775 1855 1854
f 1776 1777 1856
f 1776 1856 1855
f 1777 1778 1857
f 1777 1857 1856
f 1778 1779 1858
f 1778 1858 1857
f 1779 1780 1859
f 1779 1859 1858
f 1780 1781 1860
f 1780 1860 1859
f 1781 1782 1861
f 1781 1861 1860
f 1782 1783 1862
f 1782 1862 1861
f 1783 1784 1863
f 1783 1863 1862
f 1784 1785 1864
f 1784 1864 1863
f 1785 1786 1865
f 1785 1865 1864
f 1786 1787 1866
f 1786 1866 1865
f 1787 1788 1867
f 1787 1867 1866
f 1788 1789 1868
f 1788 1868 1867
f 1789 1790 1869
f 1789 1869 1868
f 1790 1791 1870
f 1790 1870 1869
f 1791 1792 1871
f 1791 1871 1870
f 1792 1793 1872
f 1792 1872 1871
f 1793 1794 1873
f 1793 1873 1872
f 1794 1795 1874
f 1794 1874 1873
f 1795 1796 1875
f 1795 1875 1874
f 1796 1797 1876
f 1796 1876 1875
f 1797 1798 1877
f 1797 1877 1876
f 1798 1799 1878
f 1798 1878 1877
f 1799 1800 1879
f 1799 1879 1878
f 1800 1801 1880
f 1800 1880 1879
f 1801 1802 1881
f 1801 1881 1880
f 1803 1804 1883
f 1803 1883 1882
f 1804 1805 1884
f 1804 1884 1883
f 1805 1806 1885
f 1805 1885 1884
f 1806 1807 1886
f 1806 1886 1885
f 1807 1808 1887
f 1807 1887 1886
f 1808 1809 1888
f 1808 1888 1887
f 1809 1731 1810
f 1809 1810 1888
f 1810 1811 1890
f 1810 1890 1889
f 1811 1812 1891
f 1811 1891 1890
f 1812 1813 1892
f 1812 1892 1891
f 1813 1814 1893
f 1813 1893 1892
f 1814 1815 1894
f 1814 1894 1893
f 1815 1816 1895
f 1815 1895 1894
f 1816 1817 1896
f 1816 1896 1895
f 1817 1818 1897
f 1817 1897 1896
f 1818 1819 1898
f 1818 1898 1897
f 1819 1820 1899
f 1819 1899 1898
f 1820 1821 1900
f 1820 1900 1899
f 1821 1822 1901
f 1821 1901 1900
f 1822 1823 1902
f 1822 1902 1901
f 1823 1824 1903
f 1823 1903 1902
f 1824 1825 1904
f 1824 1904 1903
f 1825 1826 1905
f 1825 1905 1904
f 1826 1827 1906
f 1826 1906 1905
f 1827 1828 1907
f 1827 1907 1906
f 1828 1829 1908
f 1828 1908 1907
f 1829 1830 1909
f 1829 1909 1908
f 1830 1831 1910
f 1830 1910 1909
f 1831 1832 1911
f 1831 1911 1910
f 1832 1833 1912
f 1832 1912 1911
f 1833 1834 1913
f 1833 1913 1912
f 1834 1835 1914
f 1834 1914 1913
f 1835 1836 1915
f 1835 1915 1914
f 1836 1837 1916
f 1836 1916 1915
f 1837 1838 1917
f 1837 1917 1916
f 1838 1839 1918
f 1838 1918 1917
f 1839 1840 1919
f 1839 1919 1918
f 1840 1841 1920
f 1840 1920 1919
f 1841 1842 1921
f 1841 1921 1920
f 1842 1843 1922
f 1842 1922 1921
f 1843 1844 1923
f 1843 1923 1922
f 1844 1845 1924
f 1844 1924 1923
f 1845 1846 1925
f 1845 1925 1924
f 1846 1847 1926
f 1846 1926 1925
f 1847 1848 1927
f 1847 1927 1926
f 1848 1849 1928
f 1848 1928 1927
f 1849 1850 1929
f 1849 1929 1928
f 1850 1851 1930
f 1850 1930 1929
f 1851 1852 1931
f 1851 1931 1930
f 1852 1853 1932
f 1852 1932 1931
f 1853 1854 1933
f 1853 1933 1932
f 1854 1855 1934
f 1854 1934 1933
f 1855 1856 1935
f 1855 1935 1934
f 1856 1857 1936
f 1856 1936 1935
f 1857 1858 1937
f 1857 1937 1936
f 1858 1859 1938
f 1858 1938 1937
f 1859 1860 1939
f 1859 1939 1938
f 1860 1861 1940
f 1860 1940 1939
f 1861 1862 1941
f 1861 1941 1940
f 1862 1863 1942
f 1862 1942 1941
f 1863 1864 1943
f 1863 1943 1942
f 1864 1865 1944
f 1864 1944 1943
f 1865 1866 1945
f 1865 1945 1944
f 1866 1867 1946
f 1866 1946 1945
f 1867 1868 1947
f 1867 1947 1946
f 1868 1869 1948
f 1868 1948 1947
f 1869 1870 1949
f 1869 1949 1948
f 1870 1871 1950
f 1870 1950 1949
f 1871 1872 1951
f 1871 1951 1950
f 1872 1873 1952
f 1872 1952 1951
f 1873 1874 1953
f 1873 1953 1952
f 1874 1875 1954
f 1874 1954 1953
f 1875 1876 1955
f 1875 1955 1954
f 1876 1877 1956
f 1876 1956 1955
f 1877 1878 1957
f 1877 1957 1956
f 1878 1879 1958
f 1878 1958 1957
f 1879 1880 1959
f 1879 1959 1958
f 1880 1881 1960
f 1880 1960 1959
f 1882 1883 1962
f 1882 1962 1961
f 1883 1884 1963
f 1883 1963 1962
f 1884 1885 1964
f 1884 1964 1963
f 1885 1886 1965
f 1885 1965 1964
f 1886 1887 1966
f 1886 1966 1965
f 1887 1888 1967
f 1887 1967 1966
f 1888 1810 1889
f 1888 1889 1967
f 1889 1890 1969
f 1889 1969 1968
f 1890 1891 1970
f 1890 1970 1969
f 1891 1892 1971
f 1891 1971 1970
f 1892 1893 1972
f 1892 1972 1971
f 1893 1894 1973
f 1893 1973 1972
f 1894 1895 1974
f 1894 1974 1973
f 1895 1896 1975
f 1895 1975 1974
f 1896 1897 1976
f 1896 1976 1975
f 1897 1898 1977
f 1897 1977 1976
f 1898 1899 1978
f 1898 1978 1977
f 1899 1900 1979
f 1899 1979 1978
f 1900 1901 1980
f 1900 1980 1979
f 1901 1902 1981
f 1901 1981 1980
f 1902 1903 1982
f 1902 1982 1981
f 1903 1904 1983
f 1903 1983 1982
f 1904 1905 1984
f 1904 1984 1983
f 1905 1906 1985
f 1905 1985 1984
f 1906 1907 1986
f 1906 1986 1985
f 1907 1908 1987
f 1907 1987 1986
f 1908 1909 1988
f 1908 1988 1987
f 1909 1910 1989
f 1909 1989 1988
f 1910 1911 1990
f 1910 1990 1989
f 1911 1912 1991
f 1911 1991 1990
f 1912 1913 1992
f 1912 1992 1991
f 1913 1914 1993
f 1913 1993 1992
f 1914 1915 1994
f 1914 1994 1993
f 1915 1916 1995
f 1915 1995 1994
f 1916 1917 1996
f 1916 1996 1995
f 1917 1918 1997
f 1917 1997 1996
f 1918 1919 1998
f 1918 1998 1997
f 1919 1920 1999
f 1919 1999 1998
f 1920 1921 2000
f 1920 2000 1999
f 1921 1922 2001
f 1921 2001 2000
f 1922 1923 2002
f 1922 2002 2001
f 1923 1924 2003
f 1923 2003 2002
f 1924 1925 2004
f 1924 2004 2003
f 1925 1926 2005
f 1925 2005 2004
f 1926 1927 2006
f 1926 2006 2005
f 1927 1928 2007
f 1927 2007 2006
f 1928 1929 2008
f 1928 2008 2007
f 1929 1930 2009
f 1929 2009 2008
f 1930 1931 2010
f 1930 2010 2009
f 1931 1932 2011
f 1931 2011 2010
f 1932 1933 2012
f 1932 2012 2011
f 1933 1934 2013
f 1933 2013 2012
f 1934 1935 2014
f 1934 2014 2013
f 1935 1936 2015
f 1935 2015 2014
f 1936 1937 2016
f 1936 2016 2015
f 1937 1938 2017
f 1937 2017 2016
f 1938 1939 2018
f 1938 2018 2017
f 1939 1940 2019
f 1939 2019 2018
f 1940 1941 2020
f 1940 2020 2019
f 1941 1942 2021
f 1941 2021 2020
f 1942 1943 2022
f 1942 2022 2021
f 1943 1944 2023
f 1943 2023 2022
f 1944 1945 2024
f 1944 2024 2023
f 1945 1946 2025
f 1945 2025 2024
f 1946 1947 2026
f 1946 2026 2025
f 1947 1948 2027
f 1947 2027 2026
f 1948 1949 2028
f 1948 2028 2027
f 1949 1950 2029
f 1949 2029 2028
f 1950 1951 2030
f 1950 2030 2029
f 1951 1952 2031
f 1951 2031 2030
f 1952 1953 2032
f 1952 2032 2031
f 1953 1954 2033
f 1953 2033 2032
f 1954 1955 2034
f 1954 2034 2033
f 1955 1956 2035
f 1955 2035 2034
f 1956 1957 2036
f 1956 2036 2035
f 1957 1958 2037
f 1957 2037 2036
f 1958 1959 2038
f 1958 2038 2037
f 1959 1960 2039
f 1959 2039 2038
f 1961 1962 2041
f 1961 2041 2040
f 1962 1963 2042
f 1962 2042 2041
f 1963 1964 2043
f 1963 2043 2042
f 1964 1965 2044
f 1964 2044 2043
f 1965 1966 2045
f 1965 2045 2044
f 1966 1967 2046
f 1966 2046 2045
f 1967 1889 1968
f 1967 1968 2046
f 1968 1969 2048
f 1968 2048 2047
f 1969 1970 2049
f 1969 2049 2048
f 1970 1971 2050
f 1970 2050 2049
f 1971 1972 2051
f 1971 2051 2050
f 1972 1973 2052
f 1972 2052 2051
f 1973 1974 2053
f 1973 2053 2052
f 1974 1975 2054
f 1974 2054 2053
f 1975 1976 2055
f 1975 2055 2054
f 1976 1977 2056
f 1976 2056 2055
f 1977 1978 2057
f 1977 2057 2056
f 1978 1979 2058
f 1978 2058 2057
f 1979 1980 2059
f 1979 2059 2058
f 1980 1981 2060
f 1980 2060 2059
f 1981 1982 2061
f 1981 2061 2060
f 1982 1983 2062
f 1982 2062 2061
f 1983 1984 2063
f 1983 2063 2062
f 1984 1985 2064
f 1984 2064 2063
f 1985 1986 2065
f 1985 2065 2064
f 1986 1987 2066
f 1986 2066 2065
f 1987 1988 2067
f 1987 2067 2066
f 1988 1989 2068
f 1988 2068 2067
f 1989 1990 2069
f 1989 2069 2068
f 1990 1991 2070
f 1990 2070 2069
f 1991 1992 2071
f 1991 2071 2070
f 1992 1993 2072
f 1992 2072 2071
f 1993 1994 2073
f 1993 2073 2072
f 1994 1995 2074
f 1994 2074 2073
f 1995 1996 2075
f 1995 2075 2074
f 1996 1997 2076
f 1996 2076 2075
f 1997 1998 2077
f 1997 2077 2076
f 1998 1999 2078
f 1998 2078 2077
f 1999 2000 2079
f 1999 2079 2078
f 2000 2001 2080
f 2000 2080 2079
f 2001 2002 2081
f 2001 2081 2080
f 2002 2003 2082
f 2002 2082 2081
f 2003 2004 2083
f 2003 2083 2082
f 2004 2005 2084
f 2004 2084 2083
f 2005 2006 2085
f 2005 2085 2084
f 2006 2007 2086
f 2006 2086 2085
f 2007 2008 2087
f 2007 2087 2086
f 2008 2009 2088
f 2008 2088 2087
f 2009 2010 2089
f 2009 2089 2088
f 2010 2011 2090
f 2010 2090 2089
f 2011 2012 2091
f 2011 2091 2090
f 2012 2013 2092
f 2012 2092 2091
f 2013 2014 2093
f 2013 2093 2092
f 2014 2015 2094
f 2014 2094 2093
f 2015 2016 2095
f 2015 2095 2094
f 2016 2017 2096
f 2016 2096 2095
f 2017 2018 2097
f 2017 2097 2096
f 2018 2019 2098
f 2018 2098 2097
f 2019 2020 2099
f 2019 2099 2098
f 2020 2021 2100
f 2020 2100 2099
f 2021 2022 2101
f 2021 2101 2100
f 2022 2023 2102
f 2022 2102 2101
f 2023 2024 2103
f 2023 2103 2102
f 2024 2025 2104
f 2024 2104 2103
f 2025 2026 2105
f 2025 2105 2104
f 2026 2027 2106
f 2026 2106 2105
f 2027 2028 2107
f 2027 2107 2106
f 2028 2029 2108
f 2028 2108 2107
f 2029 2030 2109
f 2029 2109 2108
f 2030 2031 2110
f 2030 2110 2109
f 2031 2032 2111
f 2031 2111 2110
f 2032 2033 2112
f 2032 2112 2111
f 2033 2034 2113
f 2033 2113 2112
f 2034 2035 2114
f 2034 2114 2113
f 2035 2036 2115
f 2035 2115 2114
f 2036 2037 2116
f 2036 2116 2115
f 2037 2038 2117
f 2037 2117 2116
f 2038 2039 2118
f 2038 2118 2117
f 2039 2119 2118
f 2040 2041 2121
f 2040 2121 2120
f 2041 2042 2122
f 2041 2122 2121
f 2042 2043 2123
f 2042 2123 2122
f 2043 2044 2124
f 2043 2124 2123
f 2044 2045 2125
f 2044 2125 2124
f 2045 2046 2126
f 2045 2126 2125
f 2046 1968 2047
f 2046 2047 2126
f 2047 2048 2128
f 2047 2128 2127
f 2048 2049 2129
f 2048 2129 2128
f 2049 2050 2130
f 2049 2130 2129
f 2050 2051 2131
f 2050 2131 2130
f 2051 2052 2132
f 2051 2132 2131
f 2052 2053 2133
f 2052 2133 2132
f 2053 2054 2134
f 2053 2134 2133
f 2054 2055 2135
f 2054 2135 2134
f 2055 2056 2136
f 2055 2136 2135
f 2056 2057 2137
f 2056 2137 2136
f 2057 2058 2138
f 2057 2138 2137
f 2058 2059 2139
f 2058 2139 2138
f 2059 2060 2140
f 2059 2140 2139
f 2060 2061 2141
f 2060 2141 2140
f 2061 2062 2142
f 2061 2142 2141
f 2062 2063 2143
f 2062 2143 2142
f 2063 2064 2144
f 2063 2144 2143
f 2064 2065 2145
f 2064 2145 2144
f 2065 2066 2146
f 2065 2146 2145
f 2066 2067 2147
f 2066 2147 2146
f 2067 2068 2148
f 2067 2148 2147
f 2068 2069 2149
f 2068 2149 2148
f 2069 2070 2150
f 2069 2150 2149
f 2070 2071 2151
f 2070 2151 2150
f 2071 2072 2152
f 2071 2152 2151
f 2072 2073 2153
f 2072 2153 2152
f 2073 2074 2154
f 2073 2154 2153
f 2074 2075 2155
f 2074 2155 2154
f 2075 2076 2156
f 2075 2156 2155
f 2076 2077 2157
f 2076 2157 2156
f 2077 2078 2158
f 2077 2158 2157
f 2078 2079 2159
f 2078 2159 2158
f 2079 2080 2160
f 2079 2160 2159
f 2080 2081 2161
f 2080 2161 2160
f 2081 2082 2162
f 2081 2162 2161
f 2082 2083 2163
f 2082 2163 2162
f 2083 2084 2164
f 2083 2164 2163
f 2084 2085 2165
f 2084 2165 2164
f 2085 2086 2166
f 2085 2166 2165
f 2086 2087 2167
f 2086 2167 2166
f 2087 2088 2168
f 2087 2168 2167
f 2088 2089 2169
f 2088 2169 2168
f 2089 2090 2170
f 2089 2170 2169
f 2090 2091 2171
f 2090 2171 2170
f 2091 2092 2172
f 2091 2172 2171
f 2092 2093 2173
f 2092 2173 2172
f 2093 2094 2174
f 2093 2174 2173
f 2094 2095 2175
f 2094 2175 2174
f 2095 2096 2176
f 2095 2176 2175
f 2096 2097 2177
f 2096 2177 2176
f 2097 2098 2178
f 2097 2178 2177
f 2098 2099 2179
f 2098 2179 2178
f 2099 2100 2180
f 2099 2180 2179
f 2100 2101 2181
f 2100 2181 2180
f 2101 2102 2182
f 2101 2182 2181
f 2102 2103 2183
f 2102 2183 2182
f 2103 2104 2184
f 2103 2184 2183
f 2104 2105 2185
f 2104 2185 2184
f 2105 2106 2186
f 2105 2186 2185
f 2106 2107 2187
f 2106 2187 2186
f 2107 2108 2188
f 2107 2188 2187
f 2108 2109 2189
f 2108 2189 2188
f 2109 2110 2190
f 2109 2190 2189
f 2110 2111 2191
f 2110 2191 2190
f 2111 2112 2192
f 2111 2192 2191
f 2112 2113 2193
f 2112 2193 2192
f 2113 2114 2194
f 2113 2194 2193
f 2114 2115 2195
f 2114 2195 2194
f 2115 2116 2196
f 2115 2196 2195
f 2116 2117 2197
f 2116 2197 2196
f 2117 2118 2198
f 2117 2198 2197
f 2118 2119 2199
f 2118 2199 2198
f 2120 2121 2201
f 2120 2201 2200
f 2121 2122 2202
f 2121 2202 2201
f 2122 2123 2203
f 2122 2203 2202
f 2123 2124 2204
f 2123 2204 2203
f 2124 2125 2205
f 2124 2205 2204
f 2125 2126 2206
f 2125 2206 2205
f 2126 2047 2127
f 2126 2127 2206
f 2127 2128 2208
f 2127 2208 2207
f 2128 2129 2209
f 2128 2209 2208
f 2129 2130 2210
f 2129 2210 2209
f 2130 2131 2211
f 2130 2211 2210
f 2131 2132 2212
f 2131 2212 2211
f 2132 2133 2213
f 2132 2213 2212
f 2133 2134 2214
f 2133 2214 2213
f 2134 2135 2215
f 2134 2215 2214
f 2135 2136 2216
f 2135 2216 2215
f 2136 2137 2217
f 2136 2217 2216
f 2137 2138 2218
f 2137 2218 2217
f 2138 2139 2219
f 2138 2219 2218
f 2139 2140 2220
f 2139 2220 2219
f 2140 2141 2221
f 2140 2221 2220
f 2141 2142 2222
f 2141 2222 2221
f 2142 2143 2223
f 2142 2223 2222
f 2143 2144 2224
f 2143 2224 2223
f 2144 2145 2225
f 2144 2225 2224
f 2145 2146 2226
f 2145 2226 2225
f 2146 2147 2227
f 2146 2227 2226
f 2147 2148 2228
f 2147 2228 2227
f 2148 2149 2229
f 2148 2229 2228
f 2149 2150 2230
f 2149 2230 2229
f 2150 2151 2231
f 2150 2231 2230
f 2151 2152 2232
f 2151 2232 2231
f 2152 2153 2233
f 2152 2233 2232
f 2153 2154 2234
f 2153 2234 2233
f 2154 2155 2235
f 2154 2235 2234
f 2155 2156 2236
f 2155 2236 2235
f 2156 2157 2237
f 2156 2237 2236
f 2157 2158 2238
f 2157 2238 2237
f 2158 2159 2239
f 2158 2239 2238
f 2159 2160 2240
f 2159 2240 2239
f 2160 2161 2241
f 2160 2241 2240
f 2161 2162 2242
f 2161 2242 2241
f 2162 2163 2243
f 2162 2243 2242
f 2163 2164 2244
f 2163 2244 2243
f 2164 2165 2245
f 2164 2245 2244
f 2165 2166 2246
f 2165 2246 2245
f 2166 2167 2247
f 2166 2247 2246
f 2167 2168 2248
f 2167 2248 2247
f 2168 2169 2249
f 2168 2249 2248
f 2169 2170 2250
f 2169 2250 2249
f 2170 2171 2251
f 2170 2251 2250
f 2171 2172 2252
f 2171 2252 2251
f 2172 2173 2253
f 2172 2253 2252
f 2173 2174 2254
f 2173 2254 2253
f 2174 2175 2255
f 2174 2255 2254
f 2175 2176 2256
f 2175 2256 2255
f 2176 2177 2257
f 2176 2257 2256
f 2177 2178 2258
f 2177 2258 2257
f 2178 2179 2259
f 2178 2259 2258
f 2179 2180 2260
f 2179 2260 2259
f 2180 2181 2261
f 2180 2261 2260
f 2181 2182 2262
f 2181 2262 2261
f 2182 2183 2263
f 2182 2263 2262
f 2183 2184 2264
f 2183 2264 2263
f 2184 2185 2265
f 2184 2265 2264
f 2185 2186 2266
f 2185 2266 2265
f 2186 2187 2267
f 2186 2267 2266
f 2187 2188 2268
f 2187 2268 2267
f 2188 2189 2269
f 2188 2269 2268
f 2189 2190 2270
f 2189 2270 2269
f 2190 2191 2271
f 2190 2271 2270
f 2191 2192 2272
f 2191 2272 2271
f 2192 2193 2273
f 2192 2273 2272
f 2193 2194 2274
f 2193 2274 2273
f 2194 2195 2275
f 2194 2275 2274
f 2195 2196 2276
f 2195 2276 2275
f 2196 2197 2277
f 2196 2277 2276
f 2197 2198 2278
f 2197 2278 2277
f 2198 2199 2279
f 2198 2279 2278
f 2200 2201 2281
f 2200 2281 2280
f 2201 2202 2282
f 2201 2282 2281
f 2202 2203 2283
f 2202 2283 2282
f 2203 2204 2284
f 2203 2284 2283
f 2204 2205 2285
f 2204 2285 2284
f 2205 2206 2286
f 2205 2286 2285
f 2206 2127 2207
f 2206 2207 2286
f 2207 2208 2288
f 2207 2288 2287
f 2208 2209 2289
f 2208 2289 2288
f 2209 2210 2290
f 2209 2290 2289
f 2210 2211 2291
f 2210 2291 2290
f 2211 2212 2292
f 2211 2292 2291
f 2212 2213 2293
f 2212 2293 2292
f 2213 2214 2294
f 2213 2294 2293
f 2214 2215 2295
f 2214 2295 2294
f 2215 2216 2296
f 2215 2296 2295
f 2216 2217 2297
f 2216 2297 2296
f 2217 2218 2298
f 2217 2298 2297
f 2218 2219 2299
f 2218 2299 2298
f 2219 2220 2300
f 2219 2300 2299
f 2220 2221 2301
f 2220 2301 2300
f 2221 2222 2302
f 2221 2302 2301
f 2222 2223 2303
f 2222 2303 2302
f 2223 2224 2304
f 2223 2304 2303
f 2224 2225 2305
f 2224 2305 2304
f 2225 2226 2306
f 2225 2306 2305
f 2226 2227 2307
f 2226 2307 2306
f 2227 2228 2308
f 2227 2308 2307
f 2228 2229 2309
f 2228 2309 2308
f 2229 2230 2310
f 2229 2310 2309
f 2230 2231 2311
f 2230 2311 2310
f 2231 2232 2312
f 2231 2312 2311
f 2232 2233 2313
f 2232 2313 2312
f 2233 2234 2314
f 2233 2314 2313
f 2234 2235 2315
f 2234 2315 2314
f 2235 2236 2316
f 2235 2316 2315
f 2236 2237 2317
f 2236 2317 2316
f 2237 2238 2318
f 2237 2318 2317
f 2238 2239 2319
f 2238 2319 2318
f 2239 2240 2320
f 2239 2320 2319
f 2240 2241 2321
f 2240 2321 2320
f 2241 2242 2322
f 2241 2322 2321
f 2242 2243 2323
f 2242 2323 2322
f 2243 2244 2324
f 2243 2324 2323
f 2244 2245 2325
f 2244 2325 2324
f 2245 2246 2326
f 2245 2326 2325
f 2246 2247 2327
f 2246 2327 2326
f 2247 2248 2328
f 2247 2328 2327
f 2248 2249 2329
f 2248 2329 2328
f 2249 2250 2330
f 2249 2330 2329
f 2250 2251 2331
f 2250 2331 2330
f 2251 2252 2332
f 2251 2332 2331
f 2252 2253 2333
f 2252 2333 2332
f 2253 2254 2334
f 2253 2334 2333
f 2254 2255 2335
f 2254 2335 2334
f 2255 2256 2336
f 2255 2336 2335
f 2256 2257 2337
f 2256 2337 2336
f 2257 2258 2338
f 2257 2338 2337
f 2258 2259 2339
f 2258 2339 2338
f 2259 2260 2340
f 2259 2340 2339
f 2260 2261 2341
f 2260 2341 2340
f 2261 2262 2342
f 2261 2342 2341
f 2262 2263 2343
f 2262 2343 2342
f 2263 2264 2344
f 2263 2344 2343
f 2264 2265 2345
f 2264 2345 2344
f 2265 2266 2346
f 2265 2346 2345
f 2266 2267 2347
f 2266 2347 2346
f 2267 2268 2348
f 2267 2348 2347
f 2268 2269 2349
f 2268 2349 2348
f 2269 2270 2350
f 2269 2350 2349
f 2270 2271 2351
f 2270 2351 2350
f 2271 2272 2352
f 2271 2352 2351
f 2272 2273 2353
f 2272 2353 2352
f 2273 2274 2354
f 2273 2354 2353
f 2274 2275 2355
f 2274 2355 2354
f 2275 2276 2356
f 2275 2356 2355
f 2276 2277 2357
f 2276 2357 2356
f 2277 2278 2358
f 2277 2358 2357
f 2278 2279 2359
f 2278 2359 2358
f 2280 2281 2362
f 2280 2362 2361
f 2281 2282 2363
f 2281 2363 2362
f 2282 2283 2364
f 2282 2364 2363
f 2283 2284 2365
f 2283 2365 2364
f 2284 2285 2366
f 2284 2366 2365
f 2285 2286 2367
f 2285 2367 2366
f 2286 2207 2287
f 2286 2287 2367
f 2287 2288 2369
f 2287 2369 2368
f 2288 2289 2370
f 2288 2370 2369
f 2289 2290 2371
f 2289 2371 2370
f 2290 2291 2372
f 2290 2372 2371
f 2291 2292 2373
f 2291 2373 2372
f 2292 2293 2374
f 2292 2374 2373
f 2293 2294 2375
f 2293 2375 2374
f 2294 2295 2376
f 2294 2376 2375
f 2295 2296 2377
f 2295 2377 2376
f 2296 2297 2378
f 2296 2378 2377
f 2297 2298 2379
f 2297 2379 2378
f 2298 2299 2380
f 2298 2380 2379
f 2299 2300 2381
f 2299 2381 2380
f 2300 2301 2382
f 2300 2382 2381
f 2301 2302 2383
f 2301 2383 2382
f 2302 2303 2384
f 2302 2384 2383
f 2303 2304 2385
f 2303 2385 2384
f 2304 2305 2386
f 2304 2386 2385
f 2305 2306 2387
f 2305 2387 2386
f 2306 2307 2388
f 2306 2388 2387
f 2307 2308 2389
f 2307 2389 2388
f 2308 2309 2390
f 2308 2390 2389
f 2309 2310 2391
f 2309 2391 2390
f 2310 2311 2392
f 2310 2392 2391
f 2311 2312 2393
f 2311 2393 2392
f 2312 2313 2394
f 2312 2394 2393
f 2313 2314 2395
f 2313 2395 2394
f 2314 2315 2396
f 2314 2396 2395
f 2315 2316 2397
f 2315 2397 2396
f 2316 2317 2398
f 2316 2398 2397
f 2317 2318 2399
f 2317 2399 2398
f 2318 2319 2400
f 2318 2400 2399
f 2319 2320 2401
f 2319 2401 2400
f 2320 2321 2402
f 2320 2402 2401
f 2321 2322 2403
f 2321 2403 2402
f 2322 2323 2404
f 2322 2404 2403
f 2323 2324 2405
f 2323 2405 2404
f 2324 2325 2406
f 2324 2406 2405
f 2325 2326 2407
f 2325 2407 2406
f 2326 2327 2408
f 2326 2408 2407
f 2327 2328 2409
f 2327 2409 2408
f 2328 2329 2410
f 2328 2410 2409
f 2329 2330 2411
f 2329 2411 2410
f 2330 2331 2412
f 2330 2412 2411
f 2331 2332 2413
f 2331 2413 2412
f 2332 2333 2414
f 2332 2414 2413
f 2333 2334 2415
f 2333 2415 2414
f 2334 2335 2416
f 2334 2416 2415
f 2335 2336 2417
f 2335 2417 2416
f 2336 2337 2418
f 2336 2418 2417
f 2337 2338 2419
f 2337 2419 2418
f 2338 2339 2420
f 2338 2420 2419
f 2339 2340 2421
f 2339 2421 2420
f 2340 2341 2422
f 2340 2422 2421
f 2341 2342 2423
f 2341 2423 2422
f 2342 2343 2424
f 2342 2424 2423
f 2343 2344 2425
f 2343 2425 2424
f 2344 2345 2426
f 2344 2426 2425
f 2345 2346 2427
f 2345 2427 2426
f 2346 2347 2428
f 2346 2428 2427
f 2347 2348 2429
f 2347 2429 2428
f 2348 2349 2430
f 2348 2430 2429
f 2349 2350 2431
f 2349 2431 2430
f 2350 2351 2432
f 2350 2432 2431
f 2351 2352 2433
f 2351 2433 2432
f 2352 2353 2434
f 2352 2434 2433
f 2353 2354 2435
f 2353 2435 2434
f 2354 2355 2436
f 2354 2436 2435
f 2355 2356 2437
f 2355 2437 2436
f 2356 2357 2438
f 2356 2438 2437
f 2357 2358 2439
f 2357 2439 2438
f 2358 2359 2440
f 2358 2440 2439
f 2360 2361 2442
f 2360 2442 2441
f 2361 2362 2443
f 2361 2443 2442
f 2362 2363 2444
f 2362 2444 2443
f 2363 2364 2445
f 2363 2445 2444
f 2364 2365 2446
f 2364 2446 2445
f 2365 2366 2447
f 2365 2447 2446
f 2366 2367 2448
f 2366 2448 2447
f 2367 2287 2368
f 2367 2368 2448
f 2368 2369 2450
f 2368 2450 2449
f 2369 2370 2451
f 2369 2451 2450
f 2370 2371 2452
f 2370 2452 2451
f 2371 2372 2453
f 2371 2453 2452
f 2372 2373 2454
f 2372 2454 2453
f 2373 2374 2455
f 2373 2455 2454
f 2374 2375 2456
f 2374 2456 2455
f 2375 2376 2457
f 2375 2457 2456
f 2376 2377 2458
f 2376 2458 2457
f 2377 2378 2459
f 2377 2459 2458
f 2378 2379 2460
f 2378 2460 2459
f 2379 2380 2461
f 2379 2461 2460
f 2380 2381 2462
f 2380 2462 2461
f 2381 2382 2463
f 2381 2463 2462
f 2382 2383 2464
f 2382 2464 2463
f 2383 2384 2465
f 2383 2465 2464
f 2384 2385 2466
f 2384 2466 2465
f 2385 2386 2467
f 2385 2467 2466
f 2386 2387 2468
f 2386 2468 2467
f 2387 2388 2469
f 2387 2469 2468
f 2388 2389 2470
f 2388 2470 2469
f 2389 2390 2471
f 2389 2471 2470
f 2390 2391 2472
f 2390 2472 2471
f 2391 2392 2473
f 2391 2473 2472
f 2392 2393 2474
f 2392 2474 2473
f 2393 2394 2475
f 2393 2475 2474
f 2394 2395 2476
f 2394 2476 2475
f 2395 2396 2477
f 2395 2477 2476
f 2396 2397 2478
f 2396 2478 2477
f 2397 2398 2479
f 2397 2479 2478
f 2398 2399 2480
f 2398 2480 2479
f 2399 2400 2481
f 2399 2481 2480
f 2400 2401 2482
f 2400 2482 2481
f 2401 2402 2483
f 2401 2483 2482
f 2402 2403 2484
f 2402 2484 2483
f 2403 2404 2485
f 2403 2485 2484
f 2404 2405 2486
f 2404 2486 2485
f 2405 2406 2487
f 2405 2487 2486
f 2406 2407 2488
f 2406 2488 2487
f 2407 2408 2489
f 2407 2489 2488
f 2408 2409 2490
f 2408 2490 2489
f 2409 2410 2491
f 2409 2491 2490
f 2410 2411 2492
f 2410 2492 2491
f 2411 2412 2493
f 2411 2493 2492
f 2412 2413 2494
f 2412 2494 2493
f 2413 2414 2495
f 2413 2495 2494
f 2414 2415 2496
f 2414 2496 2495
f 2415 2416 2497
f 2415 2497 2496
f 2416 2417 2498
f 2416 2498 2497
f 2417 2418 2499
f 2417 2499 2498
f 2418 2419 2500
f 2418 2500 2499
f 2419 2420 2501
f 2419 2501 2500
f 2420 2421 2502
f 2420 2502 2501
f 2421 2422 2503
f 2421 2503 2502
f 2422 2423 2504
f 2422 2504 2503
f 2423 2424 2505
f 2423 2505 2504
f 2424 2425 2506
f 2424 2506 2505
f 2425 2426 2507
f 2425 2507 2506
f 2426 2427 2508
f 2426 2508 2507
f 2427 2428 2509
f 2427 2509 2508
f 2428 2429 2510
f 2428 2510 2509
f 2429 2430 2511
f 2429 2511 2510
f 2430 2431 2512
f 2430 2512 2511
f 2431 2432 2513
f 2431 2513 2512
f 2432 2433 2514
f 2432 2514 2513
f 2433 2434 2515
f 2433 2515 2514
f 2434 2435 2516
f 2434 2516 2515
f 2435 2436 2517
f 2435 2517 2516
f 2436 2437 2518
f 2436 2518 2517
f 2437 2438 2519
f 2437 2519 2518
f 2438 2439 2520
f 2438 2520 2519
f 2439 2440 2521
f 2439 2521 2520
f 2441 2442 2523
f 2441 2523 2522
f 2442 2443 2524
f 2442 2524 2523
f 2443 2444 2525
f 2443 2525 2524
f 2444 2445 2526
f 2444 2526 2525
f 2445 2446 2527
f 2445 2527 2526
f 2446 2447 2528
f 2446 2528 2527
f 2447 2448 2529
f 2447 2529 2528
f 2448 2368 2449
f 2448 2449 2529
f 2449 2450 2531
f 2449 2531 2530
f 2450 2451 2532
f 2450 2532 2531
f 2451 2452 2533
f 2451 2533 2532
f 2452 2453 2534
f 2452 2534 2533
f 2453 2454 2535
f 2453 2535 2534
f 2454 2455 2536
f 2454 2536 2535
f 2455 2456 2537
f 2455 2537 2536
f 2456 2457 2538
f 2456 2538 2537
f 2457 2458 2539
f 2457 2539 2538
f 2458 2459 2540
f 2458 2540 2539
f 2459 2460 2541
f 2459 2541 2540
f 2460 2461 2542
f 2460 2542 2541
f 2461 2462 2543
f 2461 2543 2542
f 2462 2463 2544
f 2462 2544 2543
f 2463 2464 2545
f 2463 2545 2544
f 2464 2465 2546
f 2464 2546 2545
f 2465 2466 2547
f 2465 2547 2546
f 2466 2467 2548
f 2466 2548 2547
f 2467 2468 2549
f 2467 2549 2548
f 2468 2469 2550
f 2468 2550 2549
f 2469 2470 2551
f 2469 2551 2550
f 2470 2471 2552
f 2470 2552 2551
f 2471 2472 2553
f 2471 2553 2552
f 2472 2473 2554
f 2472 2554 2553
f 2473 2474 2555
f 2473 2555 2554
f 2474 2475 2556
f 2474 2556 2555
f 2475 2476 2557
f 2475 2557 2556
f 2476 2477 2558
f 2476 2558 2557
f 2477 2478 2559
f 2477 2559 2558
f 2478 2479 2560
f 2478 2560 2559
f 2479 2480 2561
f 2479 2561 2560
f 2480 2481 2562
f 2480 2562 2561
f 2481 2482 2563
f 2481 2563 2562
f 2482 2483 2564
f 2482 2564 2563
f 2483 2484 2565
f 2483 2565 2564
f 2484 2485 2566
f 2484 2566 2565
f 2485 2486 2567
f 2485 2567 2566
f 2486 2487 2568
f 2486 2568 2567
f 2487 2488 2569
f 2487 2569 2568
f 2488 2489 2570
f 2488 2570 2569
f 2489 2490 2571
f 2489 2571 2570
f 2490 2491 2572
f 2490 2572 2571
f 2491 2492 2573
f 2491 2573 2572
f 2492 2493 2574
f 2492 2574 2573
f 2493 2494 2575
f 2493 2575 2574
f 2494 2495 2576
f 2494 2576 2575
f 2495 2496 2577
f 2495 2577 2576
f 2496 2497 2578
f 2496 2578 2577
f 2497 2498 2579
f 2497 2579 2578
f 2498 2499 2580
f 2498 2580 2579
f 2499 2500 2581
f 2499 2581 2580
f 2500 2501 2582
f 2500 2582 2581
f 2501 2502 2583
f 2501 2583 2582
f 2502 2503 2584
f 2502 2584 2583
f 2503 2504 2585
f 2503 2585 2584
f 2504 2505 2586
f 2504 2586 2585
f 2505 2506 2587
f 2505 2587 2586
f 2506 2507 2588
f 2506 2588 2587
f 2507 2508 2589
f 2507 2589 2588
f 2508 2509 2590
f 2508 2590 2589
f 2509 2510 2591
f 2509 2591 2590
f 2510 2511 2592
f 2510 2592 2591
f 2511 2512 2593
f 2511 2593 2592
f 2512 2513 2594
f 2512 2594 2593
f 2513 2514 2595
f 2513 2595 2594
f 2514 2515 2596
f 2514 2596 2595
f 2515 2516 2597
f 2515 2597 2596
f 2516 2517 2598
f 2516 2598 2597
f 2517 2518 2599
f 2517 2599 2598
f 2518 2519 2600
f 2518 2600 2599
f 2519 2520 2601
f 2519 2601 2600
f 2520 2521 2602
f 2520 2602 2601
f 2522 2523 2604
f 2522 2604 2603
f 2523 2524 2605
f 2523 2605 2604
f 2524 2525 2606
f 2524 2606 2605
f 2525 2526 2607
f 2525 2607 2606
f 2526 2527 2608
f 2526 2608 2607
f 2527 2528 2609
f 2527 2609 2608
f 2528 2529 2610
f 2528 2610 2609
f 2529 2449 2530
f 2529 2530 2610
f 2530 2531 2612
f 2530 2612 2611
f 2531 2532 2613
f 2531 2613 2612
f 2532 2533 2614
f 2532 2614 2613
f 2533 2534 2615
f 2533 2615 2614
f 2534 2535 2616
f 2534 2616 2615
f 2535 2536 2617
f 2535 2617 2616
f 2536 2537 2618
f 2536 2618 2617
f 2537 2538 2619
f 2537 2619 2618
f 2538 2539 2620
f 2538 2620 2619
f 2539 2540 2621
f 2539 2621 2620
f 2540 2541 2622
f 2540 2622 2621
f 2541 2542 2623
f 2541 2623 2622
f 2542 2543 2624
f 2542 2624 2623
f 2543 2544 2625
f 2543 2625 2624
f 2544 2545 2626
f 2544 2626 2625
f 2545 2546 2627
f 2545 2627 2626
f 2546 2547 2628
f 2546 2628 2627
f 2547 2548 2629
f 2547 2629 2628
f 2548 2549 2630
f 2548 2630 2629
f 2549 2550 2631
f 2549 2631 2630
f 2550 2551 2632
f 2550 2632 2631
f 2551 2552 2633
f 2551 2633 2632
f 2552 2553 2634
f 2552 2634 2633
f 2553 2554 2635
f 2553 2635 2634
f 2554 2555 2636
f 2554 2636 2635
f 2555 2556 2637
f 2555 2637 2636
f 2556 2557 2638
f 2556 2638 2637
f 2557 2558 2639
f 2557 2639 2638
f 2558 2559 2640
f 2558 2640 2639
f 2559 2560 2641
f 2559 2641 2640
f 2560 2561 2642
f 2560 2642 2641
f 2561 2562 2643
f 2561 2643 2642
f 2562 2563 2644
f 2562 2644 2643
f 2563 2564 2645
f 2563 2645 2644
f 2564 2565 2646
f 2564 2646 2645
f 2565 2566 2647
f 2565 2647 2646
f 2566 2567 2648
f 2566 2648 2647
f 2567 2568 2649
f 2567 2649 2648
f 2568 2569 2650
f 2568 2650 2649
f 2569 2570 2651
f 2569 2651 2650
f 2570 2571 2652
f 2570 2652 2651
f 2571 2572 2653
f 2571 2653 2652
f 2572 2573 2654
f 2572 2654 2653
f 2573 2574 2655
f 2573 2655 2654
f 2574 2575 2656
f 2574 2656 2655
f 2575 2576 2657
f 2575 2657 2656
f 2576 2577 2658
f 2576 2658 2657
f 2577 2578 2659
f 2577 2659 2658
f 2578 2579 2660
f 2578 2660 2659
f 2579 2580 2661
f 2579 2661 2660
f 2580 2581 2662
f 2580 2662 2661
f 2581 2582 2663
f 2581 2663 2662
f 2582 2583 2664
f 2582 2664 2663
f 2583 2584 2665
f 2583 2665 2664
f 2584 2585 2666
f 2584 2666 2665
f 2585 2586 2667
f 2585 2667 2666
f 2586 2587 2668
f 2586 2668 2667
f 2587 2588 2669
f 2587 2669 2668
f 2588 2589 2670
f 2588 2670 2669
f 2589 2590 2671
f 2589 2671 2670
f 2590 2591 2672
f 2590 2672 2671
f 2591 2592 2673
f 2591 2673 2672
f 2592 2593 2674
f 2592 2674 2673
f 2593 2594 2675
f 2593 2675 2674
f 2594 2595 2676
f 2594 2676 2675
f 2595 2596 2677
f 2595 2677 2676
f 2596 2597 2678
f 2596 2678 2677
f 2597 2598 2679
f 2597 2679 2678
f 2598 2599 2680
f 2598 2680 2679
f 2599 2600 2681
f 2599 2681 2680
f 2600 2601 2682
f 2600 2682 2681
f 2601 2602 2683
f 2601 2683 2682
f 2603 2604 2685
f 2603 2685 2684
f 2604 2605 2686
f 2604 2686 2685
f 2605 2606 2687
f 2605 2687 2686
f 2606 2607 2688
f 2606 2688 2687
f 2607 2608 2689
f 2607 2689 2688
f 2608 2609 2690
f 2608 2690 2689
f 2609 2610 2691
f 2609 2691 2690
f 2610 2530 2611
f 2610 2611 2691
f 2611 2612 2693
f 2611 2693 2692
f 2612 2613 2694
f 2612 2694 2693
f 2613 2614 2695
f 2613 2695 2694
f 2614 2615 2696
f 2614 2696 2695
f 2615 2616 2697
f 2615 2697 2696
f 2616 2617 2698
f 2616 2698 2697
f 2617 2618 2699
f 2617 2699 2698
f 2618 2619 2700
f 2618 2700 2699
f 2619 2620 2701
f 2619 2701 2700
f 2620 2621 2702
f 2620 2702 2701
f 2621 2622 2703
f 2621 2703 2702
f 2622 2623 2704
f 2622 2704 2703
f 2623 2624 2705
f 2623 2705 2704
f 2624 2625 2706
f 2624 2706 2705
f 2625 2626 2707
f 2625 2707 2706
f 2626 2627 2708
f 2626 2708 2707
f 2627 2628 2709
f 2627 2709 2708
f 2628 2629 2710
f 2628 2710 2709
f 2629 2630 2711
f 2629 2711 2710
f 2630 2631 2712
f 2630 2712 2711
f 2631 2632 2713
f 2631 2713 2712
f 2632 2633 2714
f 2632 2714 2713
f 2633 2634 2715
f 2633 2715 2714
f 2634 2635 2716
f 2634 2716 2715
f 2635 2636 2717
f 2635 2717 2716
f 2636 2637 2718
f 2636 2718 2717
f 2637 2638 2719
f 2637 2719 2718
f 2638 2639 2720
f 2638 2720 2719
f 2639 2640 2721
f 2639 2721 2720
f 2640 2641 2722
f 2640 2722 2721
f 2641 2642 2723
f 2641 2723 2722
f 2642 2643 2724
f 2642 2724 2723
f 2643 2644 2725
f 2643 2725 2724
f 2644 2645 2726
f 2644 2726 2725
f 2645 2646 2727
f 2645 2727 2726
f 2646 2647 2728
f 2646 2728 2727
f 2647 2648 2729
f 2647 2729 2728
f 2648 2649 2730
f 2648 2730 2729
f 2649 2650 2731
f 2649 2731 2730
f 2650 2651 2732
f 2650 2732 2731
f 2651 2652 2733
f 2651 2733 2732
f 2652 2653 2734
f 2652 2734 2733
f 2653 2654 2735
f 2653 2735 2734
f 2654 2655 2736
f 2654 2736 2735
f 2655 2656 2737
f 2655 2737 2736
f 2656 2657 2738
f 2656 2738 2737
f 2657 2658 2739
f 2657 2739 2738
f 2658 2659 2740
f 2658 2740 2739
f 2659 2660 2741
f 2659 2741 2740
f 2660 2661 2742
f 2660 2742 2741
f 2661 2662 2743
f 2661 2743 2742
f 2662 2663 2744
f 2662 2744 2743
f 2663 2664 2745
f 2663 2745 2744
f 2664 2665 2746
f 2664 2746 2745
f 2665 2666 2747
f 2665 2747 2746
f 2666 2667 2748
f 2666 2748 2747
f 2667 2668 2749
f 2667 2749 2748
f 2668 2669 2750
f 2668 2750 2749
f 2669 2670 2751
f 2669 2751 2750
f 2670 2671 2752
f 2670 2752 2751
f 2671 2672 2753
f 2671 2753 2752
f 2672 2673 2754
f 2672 2754 2753
f 2673 2674 2755
f 2673 2755 2754
f 2674 2675 2756
f 2674 2756 2755
f 2675 2676 2757
f 2675 2757 2756
f 2676 2677 2758
f 2676 2758 2757
f 2677 2678 2759
f 2677 2759 2758
f 2678 2679 2760
f 2678 2760 2759
f 2679 2680 2761
f 2679 2761 2760
f 2680 2681 2762
f 2680 2762 2761
f 2681 2682 2763
f 2681 2763 2762
f 2682 2683 2764
f 2682 2764 2763
f 2684 2685 2766
f 2684 2766 2765
f 2685 2686 2767
f 2685 2767 2766
f 2686 2687 2768
f 2686 2768 2767
f 2687 2688 2769
f 2687 2769 2768
f 2688 2689 2770
f 2688 2770 2769
f 2689 2690 2771
f 2689 2771 2770
f 2690 2691 2772
f 2690 2772 2771
f 2691 2611 2692
f 2691 2692 2772
f 2692 2693 2774
f 2692 2774 2773
f 2693 2694 2775
f 2693 2775 2774
f 2694 2695 2776
f 2694 2776 2775
f 2695 2696 2777
f 2695 2777 2776
f 2696 2697 2778
f 2696 2778 2777
f 2697 2698 2779
f 2697 2779 2778
f 2698 2699 2780
f 2698 2780 2779
f 2699 2700 2781
f 2699 2781 2780
f 2700 2701 2782
f 2700 2782 2781
f 2701 2702 2783
f 2701 2783 2782
f 2702 2703 2784
f 2702 2784 2783
f 2703 2704 2785
f 2703 2785 2784
f 2704 2705 2786
f 2704 2786 2785
f 2705 2706 2787
f 2705 2787 2786
f 2706 2707 2788
f 2706 2788 2787
f 2707 2708 2789
f 2707 2789 2788
f 2708 2709 2790
f 2708 2790 2789
f 2709 2710 2791
f 2709 2791 2790
f 2710 2711 2792
f 2710 2792 2791
f 2711 2712 2793
f 2711 2793 2792
f 2712 2713 2794
f 2712 2794 2793
f 2713 2714 2795
f 2713 2795 2794
f 2714 2715 2796
f 2714 2796 2795
f 2715 2716 2797
f 2715 2797 2796
f 2716 2717 2798
f 2716 2798 2797
f 2717 2718 2799
f 2717 2799 2798
f 2718 2719 2800
f 2718 2800 2799
f 2719 2720 2801
f 2719 2801 2800
f 2720 2721 2802
f 2720 2802 2801
f 2721 2722 2803
f 2721 2803 2802
f 2722 2723 2804
f 2722 2804 2803
f 2723 2724 2805
f 2723 2805 2804
f 2724 2725 2806
f 2724 2806 2805
f 2725 2726 2807
f 2725 2807 2806
f 2726 2727 2808
f 2726 2808 2807
f 2727 2728 2809
f 2727 2809 2808
f 2728 2729 2810
f 2728 2810 2809
f 2729 2730 2811
f 2729 2811 2810
f 2730 2731 2812
f 2730 2812 2811
f 2731 2732 2813
f 2731 2813 2812
f 2732 2733 2814
f 2732 2814 2813
f 2733 2734 2815
f 2733 2815 2814
f 2734 2735 2816
f 2734 2816 2815
f 2735 2736 2817
f 2735 2817 2816
f 2736 2737 2818
f 2736 2818 2817
f 2737 2738 2819
f 2737 2819 2818
f 2738 2739 2820
f 2738 2820 2819
f 2739 2740 2821
f 2739 2821 2820
f 2740 2741 2822
f 2740 2822 2821
f 2741 2742 2823
f 2741 2823 2822
f 2742 2743 2824
f 2742 2824 2823
f 2743 2744 2825
f 2743 2825 2824
f 2744 2745 2826
f 2744 2826 2825
f 2745 2746 2827
f 2745 2827 2826
f 2746 2747 2828
f 2746 2828 2827
f 2747 2748 2829
f 2747 2829 2828
f 2748 2749 2830
f 2748 2830 2829
f 2749 2750 2831
f 2749 2831 2830
f 2750 2751 2832
f 2750 2832 2831
f 2751 2752 2833
f 2751 2833 2832
f 2752 2753 2834
f 2752 2834 2833
f 2753 2754 2835
f 2753 2835 2834
f 2754 2755 2836
f 2754 2836 2835
f 2755 2756 2837
f 2755 2837 2836
f 2756 2757 2838
f 2756 2838 2837
f 2757 2758 2839
f 2757 2839 2838
f 2758 2759 2840
f 2758 2840 2839
f 2759 2760 2841
f 2759 2841 2840
f 2760 2761 2842
f 2760 2842 2841
f 2761 2762 2843
f 2761 2843 2842
f 2762 2763 2844
f 2762 2844 2843
f 2763 2764 2845
f 2763 2845 2844
f 2765 2766 2847
f 2765 2847 2846
f 2766 2767 2848
f 2766 2848 2847
f 2767 2768 2849
f 2767 2849 2848
f 2768 2769 2850
f 2768 2850 2849
f 2769 2770 2851
f 2769 2851 2850
f 2770 2771 2852
f 2770 2852 2851
f 2771 2772 2853
f 2771 2853 2852
f 2772 2692 2773
f 2772 2773 2853
f 2773 2774 2855
f 2773 2855 2854
f 2774 2775 2856
f 2774 2856 2855
f 2775 2776 2857
f 2775 2857 2856
f 2776 2777 2858
f 2776 2858 2857
f 2777 2778 2859
f 2777 2859 2858
f 2778 2779 2860
f 2778 2860 2859
f 2779 2780 2861
f 2779 2861 2860
f 2780 2781 2862
f 2780 2862 2861
f 2781 2782 2863
f 2781 2863 2862
f 2782 2783 2864
f 2782 2864 2863
f 2783 2784 2865
f 2783 2865 2864
f 2784 2785 2866
f 2784 2866 2865
f 2785 2786 2867
f 2785 2867 2866
f 2786 2787 2868
f 2786 2868 2867
f 2787 2788 2869
f 2787 2869 2868
f 2788 2789 2870
f 2788 2870 2869
f 2789 2790 2871
f 2789 2871 2870
f 2790 2791 2872
f 2790 2872 2871
f 2791 2792 2873
f 2791 2873 2872
f 2792 2793 2874
f 2792 2874 2873
f 2793 2794 2875
f 2793 2875 2874
f 2794 2795 2876
f 2794 2876 2875
f 2795 2796 2877
f 2795 2877 2876
f 2796 2797 2878
f 2796 2878 2877
f 2797 2798 2879
f 2797 2879 2878
f 2798 2799 2880
f 2798 2880 2879
f 2799 2800 2881
f 2799 2881 2880
f 2800 2801 2882
f 2800 2882 2881
f 2801 2802 2883
f 2801 2883 2882
f 2802 2803 2884
f 2802 2884 2883
f 2803 2804 2885
f 2803 2885 2884
f 2804 2805 2886
f 2804 2886 2885
f 2805 2806 2887
f 2805 2887 2886
f 2806 2807 2888
f 2806 2888 2887
f 2807 2808 2889
f 2807 2889 2888
f 2808 2809 2890
f 2808 2890 2889
f 2809 2810 2891
f 2809 2891 2890
f 2810 2811 2892
f 2810 2892 2891
f 2811 2812 2893
f 2811 2893 2892
f 2812 2813 2894
f 2812 2894 2893
f 2813 2814 2895
f 2813 2895 2894
f 2814 2815 2896
f 2814 2896 2895
f 2815 2816 2897
f 2815 2897 2896
f 2816 2817 2898
f 2816 2898 2897
f 2817 2818 2899
f 2817 2899 2898
f 2818 2819 2900
f 2818 2900 2899
f 2819 2820 2901
f 2819 2901 2900
f 2820 2821 2902
f 2820 2902 2901
f 2821 2822 2903
f 2821 2903 2902
f 2822 2823 2904
f 2822 2904 2903
f 2823 2824 2905
f 2823 2905 2904
f 2824 2825 2906
f 2824 2906 2905
f 2825 2826 2907
f 2825 2907 2906
f 2826 2827 2908
f 2826 2908 2907
f 2827 2828 2909
f 2827 2909 2908
f 2828 2829 2910
f 2828 2910 2909
f 2829 2830 2911
f 2829 2911 2910
f 2830 2831 2912
f 2830 2912 2911
f 2831 2832 2913
f 2831 2913 2912
f 2832 2833 2914
f 2832 2914 2913
f 2833 2834 2915
f 2833 2915 2914
f 2834 2835 2916
f 2834 2916 2915
f 2835 2836 2917
f 2835 2917 2916
f 2836 2837 2918
f 2836 2918 2917
f 2837 2838 2919
f 2837 2919 2918
f 2838 2839 2920
f 2838 2920 2919
f 2839 2840 2921
f 2839 2921 2920
f 2840 2841 2922
f 2840 2922 2921
f 2841 2842 2923
f 2841 2923 2922
f 2842 2843 2924
f 2842 2924 2923
f 2843 2844 2925
f 2843 2925 2924
f 2844 2845 2926
f 2844 2926 2925
f 2846 2847 2928
f 2846 2928 2927
f 2847 2848 2929
f 2847 2929 2928
f 2848 2849 2930
f 2848 2930 2929
f 2849 2850 2931
f 2849 2931 2930
f 2850 2851 2932
f 2850 2932 2931
f 2851 2852 2933
f 2851 2933 2932
f 2852 2853 2934
f 2852 2934 2933
f 2853 2773 2854
f 2853 2854 2934
f 2854 2855 2936
f 2854 2936 2935
f 2855 2856 2937
f 2855 2937 2936
f 2856 2857 2938
f 2856 2938 2937
f 2857 2858 2939
f 2857 2939 2938
f 2858 2859 2940
f 2858 2940 2939
f 2859 2860 2941
f 2859 2941 2940
f 2860 2861 2942
f 2860 2942 2941
f 2861 2862 2943
f 2861 2943 2942
f 2862 2863 2944
f 2862 2944 2943
f 2863 2864 2945
f 2863 2945 2944
f 2864 2865 2946
f 2864 2946 2945
f 2865 2866 2947
f 2865 2947 2946
f 2866 2867 2948
f 2866 2948 2947
f 2867 2868 2949
f 2867 2949 2948
f 2868 2869 2950
f 2868 2950 2949
f 2869 2870 2951
f 2869 2951 2950
f 2870 2871 2952
f 2870 2952 2951
f 2871 2872 2953
f 2871 2953 2952
f 2872 2873 2954
f 2872 2954 2953
f 2873 2874 2955
f 2873 2955 2954
f 2874 2875 2956
f 2874 2956 2955
f 2875 2876 2957
f 2875 2957 2956
f 2876 2877 2958
f 2876 2958 2957
f 2877 2878 2959
f 2877 2959 2958
f 2878 2879 2960
f 2878 2960 2959
f 2879 2880 2961
f 2879 2961 2960
f 2880 2881 2962
f 2880 2962 2961
f 2881 2882 2963
f 2881 2963 2962
f 2882 2883 2964
f 2882 2964 2963
f 2883 2884 2965
f 2883 2965 2964
f 2884 2885 2966
f 2884 2966 2965
f 2885 2886 2967
f 2885 2967 2966
f 2886 2887 2968
f 2886 2968 2967
f 2887 2888 2969
f 2887 2969 2968
f 2888 2889 2970
f 2888 2970 2969
f 2889 2890 2971
f 2889 2971 2970
f 2890 2891 2972
f 2890 2972 2971
f 2891 2892 2973
f 2891 2973 2972
f 2892 2893 2974
f 2892 2974 2973
f 2893 2894 2975
f 2893 2975 2974
f 2894 2895 2976
f 2894 2976 2975
f 2895 2896 2977
f 2895 2977 2976
f 2896 2897 2978
f 2896 2978 2977
f 2897 2898 2979
f 2897 2979 2978
f 2898 2899 2980
f 2898 2980 2979
f 2899 2900 2981
f 2899 2981 2980
f 2900 2901 2982
f 2900 2982 2981
f 2901 2902 2983
f 2901 2983 2982
f 2902 2903 2984
f 2902 2984 2983
f 2903 2904 2985
f 2903 2985 2984
f 2904 2905 2986
f 2904 2986 2985
f 2905 2906 2987
f 2905 2987 2986
f 2906 2907 2988
f 2906 2988 2987
f 2907 2908 2989
f 2907 2989 2988
f 2908 2909 2990
f 2908 2990 2989
f 2909 2910 2991
f 2909 2991 2990
f 2910 2911 2992
f 2910 2992 2991
f 2911 2912 2993
f 2911 2993 2992
f 2912 2913 2994
f 2912 2994 2993
f 2913 2914 2995
f 2913 2995 2994
f 2914 2915 2996
f 2914 2996 2995
f 2915 2916 2997
f 2915 2997 2996
f 2916 2917 2998
f 2916 2998 2997
f 2917 2918 2999
f 2917 2999 2998
f 2918 2919 3000
f 2918 3000 2999
f 2919 2920 3001
f 2919 3001 3000
f 2920 2921 3002
f 2920 3002 3001
f 2921 2922 3003
f 2921 3003 3002
f 2922 2923 3004
f 2922 3004 3003
f 2923 2924 3005
f 2923 3005 3004
f 2924 2925 3006
f 2924 3006 3005
f 2925 2926 3007
f 2925 3007 3006
f 2927 2928 3009
f 2927 3009 3008
f 2928 2929 3010
f 2928 3010 3009
f 2929 2930 3011
f 2929 3011 3010
f 2930 2931 3012
f 2930 3012 3011
f 2931 2932 3013
f 2931 3013 3012
f 2932 2933 3014
f 2932 3014 3013
f 2933 2934 3015
f 2933 3015 3014
f 2934 2854 2935
f 2934 2935 3015
f 2935 2936 3017
f 2935 3017 3016
f 2936 2937 3018
f 2936 3018 3017
f 2937 2938 3019
f 2937 3019 3018
f 2938 2939 3020
f 2938 3020 3019
f 2939 2940 3021
f 2939 3021 3020
f 2940 2941 3022
f 2940 3022 3021
f 2941 2942 3023
f 2941 3023 3022
f 2942 2943 3024
f 2942 3024 3023
f 2943 2944 3025
f 2943 3025 3024
f 2944 2945 3026
f 2944 3026 3025
f 2945 2946 3027
f 2945 3027 3026
f 2946 2947 3028
f 2946 3028 3027
f 2947 2948 3029
f 2947 3029 3028
f 2948 2949 3030
f 2948 3030 3029
f 2949 2950 3031
f 2949 3031 3030
f 2950 2951 3032
f 2950 3032 3031
f 2951 2952 3033
f 2951 3033 3032
f 2952 2953 3034
f 2952 3034 3033
f 2953 2954 3035
f 2953 3035 3034
f 2954 2955 3036
f 2954 3036 3035
f 2955 2956 3037
f 2955 3037 3036
f 2956 2957 3038
f 2956 3038 3037
f 2957 2958 3039
f 2957 3039 3038
f 2958 2959 3040
f 2958 3040 3039
f 2959 2960 3041
f 2959 3041 3040
f 2960 2961 3042
f 2960 3042 3041
f 2961 2962 3043
f 2961 3043 3042
f 2962 2963 3044
f 2962 3044 3043
f 2963 2964 3045
f 2963 3045 3044
f 2964 2965 3046
f 2964 3046 3045
f 2965 2966 3047
f 2965 3047 3046
f 2966 2967 3048
f 2966 3048 3047
f 2967 2968 3049
f 2967 3049 3048
f 2968 2969 3050
f 2968 3050 3049
f 2969 2970 3051
f 2969 3051 3050
f 2970 2971 3052
f 2970 3052 3051
f 2971 2972 3053
f 2971 3053 3052
f 2972 2973 3054
f 2972 3054 3053
f 2973 2974 3055
f 2973 3055 3054
f 2974 2975 3056
f 2974 3056 3055
f 2975 2976 3057
f 2975 3057 3056
f 2976 2977 3058
f 2976 3058 3057
f 2977 2978 3059
f 2977 3059 3058
f 2978 2979 3060
f 2978 3060 3059
f 2979 2980 3061
f 2979 3061 3060
f 2980 2981 3062
f 2980 3062 3061
f 2981 2982 3063
f 2981 3063 3062
f 2982 2983 3064
f 2982 3064 3063
f 2983 2984 3065
f 2983 3065 3064
f 2984 2985 3066
f 2984 3066 3065
f 2985 2986 3067
f 2985 3067 3066
f 2986 2987 3068
f 2986 3068 3067
f 2987 2988 3069
f 2987 3069 3068
f 2988 2989 3070
f 2988 3070 3069
f 2989 2990 3071
f 2989 3071 3070
f 2990 2991 3072
f 2990 3072 3071
f 2991 2992 3073
f 2991 3073 3072
f 2992 2993 3074
f 2992 3074 3073
f 2993 2994 3075
f 2993 3075 3074
f 2994 2995 3076
f 2994 3076 3075
f 2995 2996 3077
f 2995 3077 3076
f 2996 2997 3078
f 2996 3078 3077
f 2997 2998 3079
f 2997 3079 3078
f 2998 2999 3080
f 2998 3080 3079
f 2999 3000 3081
f 2999 3081 3080
f 3000 3001 3082
f 3000 3082 3081
f 3001 3002 3083
f 3001 3083 3082
f 3002 3003 3084
f 3002 3084 3083
f 3003 3004 3085
f 3003 3085 3084
f 3004 3005 3086
f 3004 3086 3085
f 3005 3006 3087
f 3005 3087 3086
f 3006 3007 3088
f 3006 3088 3087
f 3008 3009 3090
f 3008 3090 3089
f 3009 3010 3091
f 3009 3091 3090
f 3010 3011 3092
f 3010 3092 3091
f 3011 3012 3093
f 3011 3093 3092
f 3012 3013 3094
f 3012 3094 3093
f 3013 3014 3095
f 3013 3095 3094
f 3014 3015 3096
f 3014 3096 3095
f 3015 2935 3016
f 3015 3016 3096
f 3016 3017 3098
f 3016 3098 3097
f 3017 3018 3099
f 3017 3099 3098
f 3018 3019 3100
f 3018 3100 3099
f 3019 3020 3101
f 3019 3101 3100
f 3020 3021 3102
f 3020 3102 3101
f 3021 3022 3103
f 3021 3103 3102
f 3022 3023 3104
f 3022 3104 3103
f 3023 3024 3105
f 3023 3105 3104
f 3024 3025 3106
f 3024 3106 3105
f 3025 3026 3107
f 3025 3107 3106
f 3026 3027 3108
f 3026 3108 3107
f 3027 3028 3109
f 3027 3109 3108
f 3028 3029 3110
f 3028 3110 3109
f 3029 3030 3111
f 3029 3111 3110
f 3030 3031 3112
f 3030 3112 3111
f 3031 3032 3113
f 3031 3113 3112
f 3032 3033 3114
f 3032 3114 3113
f 3033 3034 3115
f 3033 3115 3114
f 3034 3035 3116
f 3034 3116 3115
f 3035 3036 3117
f 3035 3117 3116
f 3036 3037 3118
f 3036 3118 3117
f 3037 3038 3119
f 3037 3119 3118
f 3038 3039 3120
f 3038 3120 3119
f 3039 3040 3121
f 3039 3121 3120
f 3040 3041 3122
f 3040 3122 3121
f 3041 3042 3123
f 3041 3123 3122
f 3042 3043 3124
f 3042 3124 3123
f 3043 3044 3125
f 3043 3125 3124
f 3044 3045 3126
f 3044 3126 3125
f 3045 3046 3127
f 3045 3127 3126
f 3046 3047 3128
f 3046 3128 3127
f 3047 3048 3129
f 3047 3129 3128
f 3048 3049 3130
f 3048 3130 3129
f 3049 3050 3131
f 3049 3131 3130
f 3050 3051 3132
f 3050 3132 3131
f 3051 3052 3133
f 3051 3133 3132
f 3052 3053 3134
f 3052 3134 3133
f 3053 3054 3135
f 3053 3135 3134
f 3054 3055 3136
f 3054 3136 3135
f 3055 3056 3137
f 3055 3137 3136
f 3056 3057 3138
f 3056 3138 3137
f 3057 3058 3139
f 3057 3139 3138
f 3058 3059 3140
f 3058 3140 3139
f 3059 3060 3141
f 3059 3141 3140
f 3060 3061 3142
f 3060 3142 3141
f 3061 3062 3143
f 3061 3143 3142
f 3062 3063 3144
f 3062 3144 3143
f 3063 3064 3145
f 3063 3145 3144
f 3064 3065 3146
f 3064 3146 3145
f 3065 3066 3147
f 3065 3147 3146
f 3066 3067 3148
f 3066 3148 3147
f 3067 3068 3149
f 3067 3149 3148
f 3068 3069 3150
f 3068 3150 3149
f 3069 3070 3151
f 3069 3151 3150
f 3070 3071 3152
f 3070 3152 3151
f 3071 3072 3153
f 3071 3153 3152
f 3072 3073 3154
f 3072 3154 3153
f 3073 3074 3155
f 3073 3155 3154
f 3074 3075 3156
f 3074 3156 3155
f 3075 3076 3157
f 3075 3157 3156
f 3076 3077 3158
f 3076 3158 3157
f 3077 3078 3159
f 3077 3159 3158
f 3078 3079 3160
f 3078 3160 3159
f 3079 3080 3161
f 3079 3161 3160
f 3080 3081 3162
f 3080 3162 3161
f 3081 3082 3163
f 3081 3163 3162
f 3082 3083 3164
f 3082 3164 3163
f 3083 3084 3165
f 3083 3165 3164
f 3084 3085 3166
f 3084 3166 3165
f 3085 3086 3167
f 3085 3167 3166
f 3086 3087 3168
f 3086 3168 3167
f 3087 3088 3169
f 3087 3169 3168
f 3089 3090 3171
f 3089 3171 3170
f 3090 3091 3172
f 3090 3172 3171
f 3091 3092 3173
f 3091 3173 3172
f 3092 3093 3174
f 3092 3174 3173
f 3093 3094 3175
f 3093 3175 3174
f 3094 3095 3176
f 3094 3176 3175
f 3095 3096 3177
f 3095 3177 3176
f 3096 3016 3097
f 3096 3097 3177
f 3097 3098 3179
f 3097 3179 3178
f 3098 3099 3180
f 3098 3180 3179
f 3099 3100 3181
f 3099 3181 3180
f 3100 3101 3182
f 3100 3182 3181
f 3101 3102 3183
f 3101 3183 3182
f 3102 3103 3184
f 3102 3184 3183
f 3103 3104 3185
f 3103 3185 3184
f 3104 3105 3186
f 3104 3186 3185
f 3105 3106 3187
f 3105 3187 3186
f 3106 3107 3188
f 3106 3188 3187
f 3107 3108 3189
f 3107 3189 3188
f 3108 3109 3190
f 3108 3190 3189
f 3109 3110 3191
f 3109 3191 3190
f 3110 3111 3192
f 3110 3192 3191
f 3111 3112 3193
f 3111 3193 3192
f 3112 3113 3194
f 3112 3194 3193
f 3113 3114 3195
f 3113 3195 3194
f 3114 3115 3196
f 3114 3196 3195
f 3115 3116 3197
f 3115 3197 3196
f 3116 3117 3198
f 3116 3198 3197
f 3117 3118 3199
f 3117 3199 3198
f 3118 3119 3200
f 3118 3200 3199
f 3119 3120 3201
f 3119 3201 3200
f 3120 3121 3202
f 3120 3202 3201
f 3121 3122 3203
f 3121 3203 3202
f 3122 3123 3204
f 3122 3204 3203
f 3123 3124 3205
f 3123 3205 3204
f 3124 3125 3206
f 3124 3206 3205
f 3125 3126 3207
f 3125 3207 3206
f 3126 3127 3208
f 3126 3208 3207
f 3127 3128 3209
f 3127 3209 3208
f 3128 3129 3210
f 3128 3210 3209
f 3129 3130 3211
f 3129 3211 3210
f 3130 3131 3212
f 3130 3212 3211
f 3131 3132 3213
f 3131 3213 3212
f 3132 3133 3214
f 3132 3214 3213
f 3133 3134 3215
f 3133 3215 3214
f 3134 3135 3216
f 3134 3216 3215
f 3135 3136 3217
f 3135 3217 3216
f 3136 3137 3218
f 3136 3218 3217
f 3137 3138 3219
f 3137 3219 3218
f 3138 3139 3220
f 3138 3220 3219
f 3139 3140 3221
f 3139 3221 3220
f 3140 3141 3222
f 3140 3222 3221
f 3141 3142 3223
f 3141 3223 3222
f 3142 3143 3224
f 3142 3224 3223
f 3143 3144 3225
f 3143 3225 3224
f 3144 3145 3226
f 3144 3226 3225
f 3145 3146 3227
f 3145 3227 3226
f 3146 3147 3228
f 3146 3228 3227
f 3147 3148 3229
f 3147 3229 3228
f 3148 3149 3230
f 3148 3230 3229
f 3149 3150 3231
f 3149 3231 3230
f 3150 3151 3232
f 3150 3232 3231
f 3151 3152 3233
f 3151 3233 3232
f 3152 3153 3234
f 3152 3234 3233
f 3153 3154 3235
f 3153 3235 3234
f 3154 3155 3236
f 3154 3236 3235
f 3155 3156 3237
f 3155 3237 3236
f 3156 3157 3238
f 3156 3238 3237
f 3157 3158 3239
f 3157 3239 3238
f 3158 3159 3240
f 3158 3240 3239
f 3159 3160 3241
f 3159 3241 3240
f 3160 3161 3242
f 3160 3242 3241
f 3161 3162 3243
f 3161 3243 3242
f 3162 3163 3244
f 3162 3244 3243
f 3163 3164 3245
f 3163 3245 3244
f 3164 3165 3246
f 3164 3246 3245
f 3165 3166 3247
f 3165 3247 3246
f 3166 3167 3248
f 3166 3248 3247
f 3167 3168 3249
f 3167 3249 3248
f 3168 3169 3250
f 3168 3250 3249
f 3170 3171 3252
f 3170 3252 3251
f 3171 3172 3253
f 3171 3253 3252
f 3172 3173 3254
f 3172 3254 3253
f 3173 3174 3255
f 3173 3255 3254
f 3174 3175 3256
f 3174 3256 3255
f 3175 3176 3257
f 3175 3257 3256
f 3176 3177 3258
f 3176 3258 3257
f 3177 3097 3178
f 3177 3178 3258
f 3178 3179 3260
f 3178 3260 3259
f 3179 3180 3261
f 3179 3261 3260
f 3180 3181 3262
f 3180 3262 3261
f 3181 3182 3263
f 3181 3263 3262
f 3182 3183 3264
f 3182 3264 3263
f 3183 3184 3265
f 3183 3265 3264
f 3184 3185 3266
f 3184 3266 3265
f 3185 3186 3267
f 3185 3267 3266
f 3186 3187 3268
f 3186 3268 3267
f 3187 3188 3269
f 3187 3269 3268
f 3188 3189 3270
f 3188 3270 3269
f 3189 3190 3271
f 3189 3271 3270
f 3190 3191 3272
f 3190 3272 3271
f 3191 3192 3273
f 3191 3273 3272
f 3192 3193 3274
f 3192 3274 3273
f 3193 3194 3275
f 3193 3275 3274
f 3194 3195 3276
f 3194 3276 3275
f 3195 3196 3277
f 3195 3277 3276
f 3196 3197 3278
f 3196 3278 3277
f 3197 3198 3279
f 3197 3279 3278
f 3198 3199 3280
f 3198 3280 3279
f 3199 3200 3281
f 3199 3281 3280
f 3200 3201 3282
f 3200 3282 3281
f 3201 3202 3283
f 3201 3283 3282
f 3202 3203 3284
f 3202 3284 3283
f 3203 3204 3285
f 3203 3285 3284
f 3204 3205 3286
f 3204 3286 3285
f 3205 3206 3287
f 3205 3287 3286
f 3206 3207 3288
f 3206 3288 3287
f 3207 3208 3289
f 3207 3289 3288
f 3208 3209 3290
f 3208 3290 3289
f 3209 3210 3291
f 3209 3291 3290
f 3210 3211 3292
f 3210 3292 3291
f 3211 3212 3293
f 3211 3293 3292
f 3212 3213 3294
f 3212 3294 3293
f 3213 3214 3295
f 3213 3295 3294
f 3214 3215 3296
f 3214 3296 3295
f 3215 3216 3297
f 3215 3297 3296
f 3216 3217 3298
f 3216 3298 3297
f 3217 3218 3299
f 3217 3299 3298
f 3218 3219 3300
f 3218 3300 3299
f 3219 3220 3301
f 3219 3301 3300
f 3220 3221 3302
f 3220 3302 3301
f 3221 3222 3303
f 3221 3303 3302
f 3222 3223 3304
f 3222 3304 3303
f 3223 3224 3305
f 3223 3305 3304
f 3224 3225 3306
f 3224 3306 3305
f 3225 3226 3307
f 3225 3307 3306
f 3226 3227 3308
f 3226 3308 3307
f 3227 3228 3309
f 3227 3309 3308
f 3228 3229 3310
f 3228 3310 3309
f 3229 3230 3311
f 3229 3311 3310
f 3230 3231 3312
f 3230 3312 3311
f 3231 3232 3313
f 3231 3313 3312
f 3232 3233 3314
f 3232 3314 3313
f 3233 3234 3315
f 3233 3315 3314
f 3234 3235 3316
f 3234 3316 3315
f 3235 3236 3317
f 3235 3317 3316
f 3236 3237 3318
f 3236 3318 3317
f 3237 3238 3319
f 3237 3319 3318
f 3238 3239 3320
f 3238 3320 3319
f 3239 3240 3321
f 3239 3321 3320
f 3240 3241 3322
f 3240 3322 3321
f 3241 3242 3323
f 3241 3323 3322
f 3242 3243 3324
f 3242 3324 3323
f 3243 3244 3325
f 3243 3325 3324
f 3244 3245 3326
f 3244 3326 3325
f 3245 3246 3327
f 3245 3327 3326
f 3246 3247 3328
f 3246 3328 3327
f 3247 3248 3329
f 3247 3329 3328
f 3248 3249 3330
f 3248 3330 3329
f 3249 3250 3331
f 3249 3331 3330
f 3250 3332 3331
f 3251 3252 3334
f 3251 3334 3333
f 3252 3253 3335
f 3252 3335 3334
f 3253 3254 3336
f 3253 3336 3335
f 3254 3255 3337
f 3254 3337 3336
f 3255 3256 3338
f 3255 3338 3337
f 3256 3257 3339
f 3256 3339 3338
f 3257 3258 3340
f 3257 3340 3339
f 3258 3178 3259
f 3258 3259 3340
f 3259 3260 3342
f 3259 3342 3341
f 3260 3261 3343
f 3260 3343 3342
f 3261 3262 3344
f 3261 3344 3343
f 3262 3263 3345
f 3262 3345 3344
f 3263 3264 3346
f 3263 3346 3345
f 3264 3265 3347
f 3264 3347 3346
f 3265 3266 3348
f 3265 3348 3347
f 3266 3267 3349
f 3266 3349 3348
f 3267 3268 3350
f 3267 3350 3349
f 3268 3269 3351
f 3268 3351 3350
f 3269 3270 3352
f 3269 3352 3351
f 3270 3271 3353
f 3270 3353 3352
f 3271 3272 3354
f 3271 3354 3353
f 3272 3273 3355
f 3272 3355 3354
f 3273 3274 3356
f 3273 3356 3355
f 3274 3275 3357
f 3274 3357 3356
f 3275 3276 3358
f 3275 3358 3357
f 3276 3277 3359
f 3276 3359 3358
f 3277 3278 3360
f 3277 3360 3359
f 3278 3279 3361
f 3278 3361 3360
f 3279 3280 3362
f 3279 3362 3361
f 3280 3281 3363
f 3280 3363 3362
f 3281 3282 3364
f 3281 3364 3363
f 3282 3283 3365
f 3282 3365 3364
f 3283 3284 3366
f 3283 3366 3365
f 3284 3285 3367
f 3284 3367 3366
f 3285 3286 3368
f 3285 3368 3367
f 3286 3287 3369
f 3286 3369 3368
f 3287 3288 3370
f 3287 3370 3369
f 3288 3289 3371
f 3288 3371 3370
f 3289 3290 3372
f 3289 3372 3371
f 3290 3291 3373
f 3290 3373 3372
f 3291 3292 3374
f 3291 3374 3373
f 3292 3293 3375
f 3292 3375 3374
f 3293 3294 3376
f 3293 3376 3375
f 3294 3295 3377
f 3294 3377 3376
f 3295 3296 3378
f 3295 3378 3377
f 3296 3297 3379
f 3296 3379 3378
f 3297 3298 3380
f 3297 3380 3379
f 3298 3299 3381
f 3298 3381 3380
f 3299 3300 3382
f 3299 3382 3381
f 3300 3301 3383
f 3300 3383 3382
f 3301 3302 3384
f 3301 3384 3383
f 3302 3303 3385
f 3302 3385 3384
f 3303 3304 3386
f 3303 3386 3385
f 3304 3305 3387
f 3304 3387 3386
f 3305 3306 3388
f 3305 3388 3387
f 3306 3307 3389
f 3306 3389 3388
f 3307 3308 3390
f 3307 3390 3389
f 3308 3309 3391
f 3308 3391 3390
f 3309 3310 3392
f 3309 3392 3391
f 3310 3311 3393
f 3310 3393 3392
f 3311 3312 3394
f 3311 3394 3393
f 3312 3313 3395
f 3312 3395 3394
f 3313 3314 3396
f 3313 3396 3395
f 3314 3315 3397
f 3314 3397 3396
f 3315 3316 3398
f 3315 3398 3397
f 3316 3317 3399
f 3316 3399 3398
f 3317 3318 3400
f 3317 3400 3399
f 3318 3319 3401
f 3318 3401 3400
f 3319 3320 3402
f 3319 3402 3401
f 3320 3321 3403
f 3320 3403 3402
f 3321 3322 3404
f 3321 3404 3403
f 3322 3323 3405
f 3322 3405 3404
f 3323 3324 3406
f 3323 3406 3405
f 3324 3325 3407
f 3324 3407 3406
f 3325 3326 3408
f 3325 3408 3407
f 3326 3327 3409
f 3326 3409 3408
f 3327 3328 3410
f 3327 3410 3409
f 3328 3329 3411
f 3328 3411 3410
f 3329 3330 3412
f 3329 3412 3411
f 3330 3331 3413
f 3330 3413 3412
f 3331 3332 3414
f 3331 3414 3413
f 3333 3334 3417
f 3333 3417 3416
f 3334 3335 3418
f 3334 3418 3417
f 3335 3336 3419
f 3335 3419 3418
f 3336 3337 3420
f 3336 3420 3419
f 3337 3338 3421
f 3337 3421 3420
f 3338 3339 3422
f 3338 3422 3421
f 3339 3340 3423
f 3339 3423 3422
f 3340 3259 3341
f 3340 3341 3423
f 3341 3342 3425
f 3341 3425 3424
f 3342 3343 3426
f 3342 3426 3425
f 3343 3344 3427
f 3343 3427 3426
f 3344 3345 3428
f 3344 3428 3427
f 3345 3346 3429
f 3345 3429 3428
f 3346 3347 3430
f 3346 3430 3429
f 3347 3348 3431
f 3347 3431 3430
f 3348 3349 3432
f 3348 3432 3431
f 3349 3350 3433
f 3349 3433 3432
f 3350 3351 3434
f 3350 3434 3433
f 3351 3352 3435
f 3351 3435 3434
f 3352 3353 3436
f 3352 3436 3435
f 3353 3354 3437
f 3353 3437 3436
f 3354 3355 3438
f 3354 3438 3437
f 3355 3356 3439
f 3355 3439 3438
f 3356 3357 3440
f 3356 3440 3439
f 3357 3358 3441
f 3357 3441 3440
f 3358 3359 3442
f 3358 3442 3441
f 3359 3360 3443
f 3359 3443 3442
f 3360 3361 3444
f 3360 3444 3443
f 3361 3362 3445
f 3361 3445 3444
f 3362 3363 3446
f 3362 3446 3445
f 3363 3364 3447
f 3363 3447 3446
f 3364 3365 3448
f 3364 3448 3447
f 3365 3366 3449
f 3365 3449 3448
f 3366 3367 3450
f 3366 3450 3449
f 3367 3368 3451
f 3367 3451 3450
f 3368 3369 3452
f 3368 3452 3451
f 3369 3370 3453
f 3369 3453 3452
f 3370 3371 3454
f 3370 3454 3453
f 3371 3372 3455
f 3371 3455 3454
f 3372 3373 3456
f 3372 3456 3455
f 3373 3374 3457
f 3373 3457 3456
f 3374 3375 3458
f 3374 3458 3457
f 3375 3376 3459
f 3375 3459 3458
f 3376 3377 3460
f 3376 3460 3459
f 3377 3378 3461
f 3377 3461 3460
f 3378 3379 3462
f 3378 3462 3461
f 3379 3380 3463
f 3379 3463 3462
f 3380 3381 3464
f 3380 3464 3463
f 3381 3382 3465
f 3381 3465 3464
f 3382 3383 3466
f 3382 3466 3465
f 3383 3384 3467
f 3383 3467 3466
f 3384 3385 3468
f 3384 3468 3467
f 3385 3386 3469
f 3385 3469 3468
f 3386 3387 3470
f 3386 3470 3469
f 3387 3388 3471
f 3387 3471 3470
f 3388 3389 3472
f 3388 3472 3471
f 3389 3390 3473
f 3389 3473 3472
f 3390 3391 3474
f 3390 3474 3473
f 3391 3392 3475
f 3391 3475 3474
f 3392 3393 3476
f 3392 3476 3475
f 3393 3394 3477
f 3393 3477 3476
f 3394 3395 3478
f 3394 3478 3477
f 3395 3396 3479
f 3395 3479 3478
f 3396 3397 3480
f 3396 3480 3479
f 3397 3398 3481
f 3397 3481 3480
f 3398 3399 3482
f 3398 3482 3481
f 3399 3400 3483
f 3399 3483 3482
f 3400 3401 3484
f 3400 3484 3483
f 3401 3402 3485
f 3401 3485 3484
f 3402 3403 3486
f 3402 3486 3485
f 3403 3404 3487
f 3403 3487 3486
f 3404 3405 3488
f 3404 3488 3487
f 3405 3406 3489
f 3405 3489 3488
f 3406 3407 3490
f 3406 3490 3489
f 3407 3408 3491
f 3407 3491 3490
f 3408 3409 3492
f 3408 3492 3491
f 3409 3410 3493
f 3409 3493 3492
f 3410 3411 3494
f 3410 3494 3493
f 3411 3412 3495
f 3411 3495 3494
f 3412 3413 3496
f 3412 3496 3495
f 3413 3414 3497
f 3413 3497 3496
f 3415 3416 3499
f 3415 3499 3498
f 3416 3417 3500
f 3416 3500 3499
f 3417 3418 3501
f 3417 3501 3500
f 3418 3419 3502
f 3418 3502 3501
f 3419 3420 3503
f 3419 3503 3502
f 3420 3421 3504
f 3420 3504 3503
f 3421 3422 3505
f 3421 3505 3504
f 3422 3423 3506
f 3422 3506 3505
f 3423 3341 3424
f 3423 3424 3506
f 3424 3425 3508
f 3424 3508 3507
f 3425 3426 3509
f 3425 3509 3508
f 3426 3427 3510
f 3426 3510 3509
f 3427 3428 3511
f 3427 3511 3510
f 3428 3429 3512
f 3428 3512 3511
f 3429 3430 3513
f 3429 3513 3512
f 3430 3431 3514
f 3430 3514 3513
f 3431 3432 3515
f 3431 3515 3514
f 3432 3433 3516
f 3432 3516 3515
f 3433 3434 3517
f 3433 3517 3516
f 3434 3435 3518
f 3434 3518 3517
f 3435 3436 3519
f 3435 3519 3518
f 3436 3437 3520
f 3436 3520 3519
f 3437 3438 3521
f 3437 3521 3520
f 3438 3439 3522
f 3438 3522 3521
f 3439 3440 3523
f 3439 3523 3522
f 3440 3441 3524
f 3440 3524 3523
f 3441 3442 3525
f 3441 3525 3524
f 3442 3443 3526
f 3442 3526 3525
f 3443 3444 3527
f 3443 3527 3526
f 3444 3445 3528
f 3444 3528 3527
f 3445 3446 3529
f 3445 3529 3528
f 3446 3447 3530
f 3446 3530 3529
f 3447 3448 3531
f 3447 3531 3530
f 3448 3449 3532
f 3448 3532 3531
f 3449 3450 3533
f 3449 3533 3532
f 3450 3451 3534
f 3450 3534 3533
f 3451 3452 3535
f 3451 3535 3534
f 3452 3453 3536
f 3452 3536 3535
f 3453 3454 3537
f 3453 3537 3536
f 3454 3455 3538
f 3454 3538 3537
f 3455 3456 3539
f 3455 3539 3538
f 3456 3457 3540
f 3456 3540 3539
f 3457 3458 3541
f 3457 3541 3540
f 3458 3459 3542
f 3458 3542 3541
f 3459 3460 3543
f 3459 3543 3542
f 3460 3461 3544
f 3460 3544 3543
f 3461 3462 3545
f 3461 3545 3544
f 3462 3463 3546
f 3462 3546 3545
f 3463 3464 3547
f 3463 3547 3546
f 3464 3465 3548
f 3464 3548 3547
f 3465 3466 3549
f 3465 3549 3548
f 3466 3467 3550
f 3466 3550 3549
f 3467 3468 3551
f 3467 3551 3550
f 3468 3469 3552
f 3468 3552 3551
f 3469 3470 3553
f 3469 3553 3552
f 3470 3471 3554
f 3470 3554 3553
f 3471 3472 3555
f 3471 3555 3554
f 3472 3473 3556
f 3472 3556 3555
f 3473 3474 3557
f 3473 3557 3556
f 3474 3475 3558
f 3474 3558 3557
f 3475 3476 3559
f 3475 3559 3558
f 3476 3477 3560
f 3476 3560 3559
f 3477 3478 3561
f 3477 3561 3560
f 3478 3479 3562
f 3478 3562 3561
f 3479 3480 3563
f 3479 3563 3562
f 3480 3481 3564
f 3480 3564 3563
f 3481 3482 3565
f 3481 3565 3564
f 3482 3483 3566
f 3482 3566 3565
f 3483 3484 3567
f 3483 3567 3566
f 3484 3485 3568
f 3484 3568 3567
f 3485 3486 3569
f 3485 3569 3568
f 3486 3487 3570
f 3486 3570 3569
f 3487 3488 3571
f 3487 3571 3570
f 3488 3489 3572
f 3488 3572 3571
f 3489 3490 3573
f 3489 3573 3572
f 3490 3491 3574
f 3490 3574 3573
f 3491 3492 3575
f 3491 3575 3574
f 3492 3493 3576
f 3492 3576 3575
f 3493 3494 3577
f 3493 3577 3576
f 3494 3495 3578
f 3494 3578 3577
f 3495 3496 3579
f 3495 3579 3578
f 3496 3497 3580
f 3496 3580 3579
f 3498 3499 3582
f 3498 3582 3581
f 3499 3500 3583
f 3499 3583 3582
f 3500 3501 3584
f 3500 3584 3583
f 3501 3502 3585
f 3501 3585 3584
f 3502 3503 3586
f 3502 3586 3585
f 3503 3504 3587
f 3503 3587 3586
f 3504 3505 3588
f 3504 3588 3587
f 3505 3506 3589
f 3505 3589 3588
f 3506 3424 3507
f 3506 3507 3589
f 3507 3508 3591
f 3507 3591 3590
f 3508 3509 3592
f 3508 3592 3591
f 3509 3510 3593
f 3509 3593 3592
f 3510 3511 3594
f 3510 3594 3593
f 3511 3512 3595
f 3511 3595 3594
f 3512 3513 3596
f 3512 3596 3595
f 3513 3514 3597
f 3513 3597 3596
f 3514 3515 3598
f 3514 3598 3597
f 3515 3516 3599
f 3515 3599 3598
f 3516 3517 3600
f 3516 3600 3599
f 3517 3518 3601
f 3517 3601 3600
f 3518 3519 3602
f 3518 3602 3601
f 3519 3520 3603
f 3519 3603 3602
f 3520 3521 3604
f 3520 3604 3603
f 3521 3522 3605
f 3521 3605 3604
f 3522 3523 3606
f 3522 3606 3605
f 3523 3524 3607
f 3523 3607 3606
f 3524 3525 3608
f 3524 3608 3607
f 3525 3526 3609
f 3525 3609 3608
f 3526 3527 3610
f 3526 3610 3609
f 3527 3528 3611
f 3527 3611 3610
f 3528 3529 3612
f 3528 3612 3611
f 3529 3530 3613
f 3529 3613 3612
f 3530 3531 3614
f 3530 3614 3613
f 3531 3532 3615
f 3531 3615 3614
f 3532 3533 3616
f 3532 3616 3615
f 3533 3534 3617
f 3533 3617 3616
f 3534 3535 3618
f 3534 3618 3617
f 3535 3536 3619
f 3535 3619 3618
f 3536 3537 3620
f 3536 3620 3619
f 3537 3538 3621
f 3537 3621 3620
f 3538 3539 3622
f 3538 3622 3621
f 3539 3540 3623
f 3539 3623 3622
f 3540 3541 3624
f 3540 3624 3623
f 3541 3542 3625
f 3541 3625 3624
f 3542 3543 3626
f 3542 3626 3625
f 3543 3544 3627
f 3543 3627 3626
f 3544 3545 3628
f 3544 3628 3627
f 3545 3546 3629
f 3545 3629 3628
f 3546 3547 3630
f 3546 3630 3629
f 3547 3548 3631
f 3547 3631 3630
f 3548 3549 3632
f 3548 3632 3631
f 3549 3550 3633
f 3549 3633 3632
f 3550 3551 3634
f 3550 3634 3633
f 3551 3552 3635
f 3551 3635 3634
f 3552 3553 3636
f 3552 3636 3635
f 3553 3554 3637
f 3553 3637 3636
f 3554 3555 3638
f 3554 3638 3637
f 3555 3556 3639
f 3555 3639 3638
f 3556 3557 3640
f 3556 3640 3639
f 3557 3558 3641
f 3557 3641 3640
f 3558 3559 3642
f 3558 3642 3641
f 3559 3560 3643
f 3559 3643 3642
f 3560 3561 3644
f 3560 3644 3643
f 3561 3562 3645
f 3561 3645 3644
f 3562 3563 3646
f 3562 3646 3645
f 3563 3564 3647
f 3563 3647 3646
f 3564 3565 3648
f 3564 3648 3647
f 3565 3566 3649
f 3565 3649 3648
f 3566 3567 3650
f 3566 3650 3649
f 3567 3568 3651
f 3567 3651 3650
f 3568 3569 3652
f 3568 3652 3651
f 3569 3570 3653
f 3569 3653 3652
f 3570 3571 3654
f 3570 3654 3653
f 3571 3572 3655
f 3571 3655 3654
f 3572 3573 3656
f 3572 3656 3655
f 3573 3574 3657
f 3573 3657 3656
f 3574 3575 3658
f 3574 3658 3657
f 3575 3576 3659
f 3575 3659 3658
f 3576 3577 3660
f 3576 3660 3659
f 3577 3578 3661
f 3577 3661 3660
f 3578 3579 3662
f 3578 3662 3661
f 3579 3580 3663
f 3579 3663 3662
f 3580 3664 3663
f 3581 3582 3666
f 3581 3666 3665
f 3582 3583 3667
f 3582 3667 3666
f 3583 3584 3668
f 3583 3668 3667
f 3584 3585 3669
f 3584 3669 3668
f 3585 3586 3670
f 3585 3670 3669
f 3586 3587 3671
f 3586 3671 3670
f 3587 3588 3672
f 3587 3672 3671
f 3588 3589 3673
f 3588 3673 3672
f 3589 3507 3590
f 3589 3590 3673
f 3590 3591 3675
f 3590 3675 3674
f 3591 3592 3676
f 3591 3676 3675
f 3592 3593 3677
f 3592 3677 3676
f 3593 3594 3678
f 3593 3678 3677
f 3594 3595 3679
f 3594 3679 3678
f 3595 3596 3680
f 3595 3680 3679
f 3596 3597 3681
f 3596 3681 3680
f 3597 3598 3682
f 3597 3682 3681
f 3598 3599 3683
f 3598 3683 3682
f 3599 3600 3684
f 3599 3684 3683
f 3600 3601 3685
f 3600 3685 3684
f 3601 3602 3686
f 3601 3686 3685
f 3602 3603 3687
f 3602 3687 3686
f 3603 3604 3688
f 3603 3688 3687
f 3604 3605 3689
f 3604 3689 3688
f 3605 3606 3690
f 3605 3690 3689
f 3606 3607 3691
f 3606 3691 3690
f 3607 3608 3692
f 3607 3692 3691
f 3608 3609 3693
f 3608 3693 3692
f 3609 3610 3694
f 3609 3694 3693
f 3610 3611 3695
f 3610 3695 3694
f 3611 3612 3696
f 3611 3696 3695
f 3612 3613 3697
f 3612 3697 3696
f 3613 3614 3698
f 3613 3698 3697
f 3614 3615 3699
f 3614 3699 3698
f 3615 3616 3700
f 3615 3700 3699
f 3616 3617 3701
f 3616 3701 3700
f 3617 3618 3702
f 3617 3702 3701
f 3618 3619 3703
f 3618 3703 3702
f 3619 3620 3704
f 3619 3704 3703
f 3620 3621 3705
f 3620 3705 3704
f 3621 3622 3706
f 3621 3706 3705
f 3622 3623 3707
f 3622 3707 3706
f 3623 3624 3708
f 3623 3708 3707
f 3624 3625 3709
f 3624 3709 3708
f 3625 3626 3710
f 3625 3710 3709
f 3626 3627 3711
f 3626 3711 3710
f 3627 3628 3712
f 3627 3712 3711
f 3628 3629 3713
f 3628 3713 3712
f 3629 3630 3714
f 3629 3714 3713
f 3630 3631 3715
f 3630 3715 3714
f 3631 3632 3716
f 3631 3716 3715
f 3632 3633 3717
f 3632 3717 3716
f 3633 3634 3718
f 3633 3718 3717
f 3634 3635 3719
f 3634 3719 3718
f 3635 3636 3720
f 3635 3720 3719
f 3636 3637 3721
f 3636 3721 3720
f 3637 3638 3722
f 3637 3722 3721
f 3638 3639 3723
f 3638 3723 3722
f 3639 3640 3724
f 3639 3724 3723
f 3640 3641 3725
f 3640 3725 3724
f 3641 3642 3726
f 3641 3726 3725
f 3642 3643 3727
f 3642 3727 3726
f 3643 3644 3728
f 3643 3728 3727
f 3644 3645 3729
f 3644 3729 3728
f 3645 3646 3730
f 3645 3730 3729
f 3646 3647 3731
f 3646 3731 3730
f 3647 3648 3732
f 3647 3732 3731
f 3648 3649 3733
f 3648 3733 3732
f 3649 3650 3734
f 3649 3734 3733
f 3650 3651 3735
f 3650 3735 3734
f 3651 3652 3736
f 3651 3736 3735
f 3652 3653 3737
f 3652 3737 3736
f 3653 3654 3738
f 3653 3738 3737
f 3654 3655 3739
f 3654 3739 3738
f 3655 3656 3740
f 3655 3740 3739
f 3656 3657 3741
f 3656 3741 3740
f 3657 3658 3742
f 3657 3742 3741
f 3658 3659 3743
f 3658 3743 3742
f 3659 3660 3744
f 3659 3744 3743
f 3660 3661 3745
f 3660 3745 3744
f 3661 3662 3746
f 3661 3746 3745
f 3662 3663 3747
f 3662 3747 3746
f 3663 3664 3748
f 3663 3748 3747
f 3665 3666 3751
f 3665 3751 3750
f 3666 3667 3752
f 3666 3752 3751
f 3667 3668 3753
f 3667 3753 3752
f 3668 3669 3754
f 3668 3754 3753
f 3669 3670 3755
f 3669 3755 3754
f 3670 3671 3756
f 3670 3756 3755
f 3671 3672 3757
f 3671 3757 3756
f 3672 3673 3758
f 3672 3758 3757
f 3673 3590 3674
f 3673 3674 3758
f 3674 3675 3760
f 3674 3760 3759
f 3675 3676 3761
f 3675 3761 3760
f 3676 3677 3762
f 3676 3762 3761
f 3677 3678 3763
f 3677 3763 3762
f 3678 3679 3764
f 3678 3764 3763
f 3679 3680 3765
f 3679 3765 3764
f 3680 3681 3766
f 3680 3766 3765
f 3681 3682 3767
f 3681 3767 3766
f 3682 3683 3768
f 3682 3768 3767
f 3683 3684 3769
f 3683 3769 3768
f 3684 3685 3770
f 3684 3770 3769
f 3685 3686 3771
f 3685 3771 3770
f 3686 3687 3772
f 3686 3772 3771
f 3687 3688 3773
f 3687 3773 3772
f 3688 3689 3774
f 3688 3774 3773
f 3689 3690 3775
f 3689 3775 3774
f 3690 3691 3776
f 3690 3776 3775
f 3691 3692 3777
f 3691 3777 3776
f 3692 3693 3778
f 3692 3778 3777
f 3693 3694 3779
f 3693 3779 3778
f 3694 3695 3780
f 3694 3780 3779
f 3695 3696 3781
f 3695 3781 3780
f 3696 3697 3782
f 3696 3782 3781
f 3697 3698 3783
f 3697 3783 3782
f 3698 3699 3784
f 3698 3784 3783
f 3699 3700 3785
f 3699 3785 3784
f 3700 3701 3786
f 3700 3786 3785
f 3701 3702 3787
f 3701 3787 3786
f 3702 3703 3788
f 3702 3788 3787
f 3703 3704 3789
f 3703 3789 3788
f 3704 3705 3790
f 3704 3790 3789
f 3705 3706 3791
f 3705 3791 3790
f 3706 3707 3792
f 3706 3792 3791
f 3707 3708 3793
f 3707 3793 3792
f 3708 3709 3794
f 3708 3794 3793
f 3709 3710 3795
f 3709 3795 3794
f 3710 3711 3796
f 3710 3796 3795
f 3711 3712 3797
f 3711 3797 3796
f 3712 3713 3798
f 3712 3798 3797
f 3713 3714 3799
f 3713 3799 3798
f 3714 3715 3800
f 3714 3800 3799
f 3715 3716 3801
f 3715 3801 3800
f 3716 3717 3802
f 3716 3802 3801
f 3717 3718 3803
f 3717 3803 3802
f 3718 3719 3804
f 3718 3804 3803
f 3719 3720 3805
f 3719 3805 3804
f 3720 3721 3806
f 3720 3806 3805
f 3721 3722 3807
f 3721 3807 3806
f 3722 3723 3808
f 3722 3808 3807
f 3723 3724 3809
f 3723 3809 3808
f 3724 3725 3810
f 3724 3810 3809
f 3725 3726 3811
f 3725 3811 3810
f 3726 3727 3812
f 3726 3812 3811
f 3727 3728 3813
f 3727 3813 3812
f 3728 3729 3814
f 3728 3814 3813
f 3729 3730 3815
f 3729 3815 3814
f 3730 3731 3816
f 3730 3816 3815
f 3731 3732 3817
f 3731 3817 3816
f 3732 3733 3818
f 3732 3818 3817
f 3733 3734 3819
f 3733 3819 3818
f 3734 3735 3820
f 3734 3820 3819
f 3735 3736 3821
f 3735 3821 3820
f 3736 3737 3822
f 3736 3822 3821
f 3737 3738 3823
f 3737 3823 3822
f 3738 3739 3824
f 3738 3824 3823
f 3739 3740 3825
f 3739 3825 3824
f 3740 3741 3826
f 3740 3826 3825
f 3741 3742 3827
f 3741 3827 3826
f 3742 3743 3828
f 3742 3828 3827
f 3743 3744 3829
f 3743 3829 3828
f 3744 3745 3830
f 3744 3830 3829
f 3745 3746 3831
f 3745 3831 3830
f 3746 3747 3832
f 3746 3832 3831
f 3747 3748 3833
f 3747 3833 3832
f 3748 3834 3833
f 3749 3750 3836
f 3749 3836 3835
f 3750 3751 3837
f 3750 3837 3836
f 3751 3752 3838
f 3751 3838 3837
f 3752 3753 3839
f 3752 3839 3838
f 3753 3754 3840
f 3753 3840 3839
f 3754 3755 3841
f 3754 3841 3840
f 3755 3756 3842
f 3755 3842 3841
f 3756 3757 3843
f 3756 3843 3842
f 3757 3758 3844
f 3757 3844 3843
f 3758 3674 3759
f 3758 3759 3844
f 3759 3760 3846
f 3759 3846 3845
f 3760 3761 3847
f 3760 3847 3846
f 3761 3762 3848
f 3761 3848 3847
f 3762 3763 3849
f 3762 3849 3848
f 3763 3764 3850
f 3763 3850 3849
f 3764 3765 3851
f 3764 3851 3850
f 3765 3766 3852
f 3765 3852 3851
f 3766 3767 3853
f 3766 3853 3852
f 3767 3768 3854
f 3767 3854 3853
f 3768 3769 3855
f 3768 3855 3854
f 3769 3770 3856
f 3769 3856 3855
f 3770 3771 3857
f 3770 3857 3856
f 3771 3772 3858
f 3771 3858 3857
f 3772 3773 3859
f 3772 3859 3858
f 3773 3774 3860
f 3773 3860 3859
f 3774 3775 3861
f 3774 3861 3860
f 3775 3776 3862
f 3775 3862 3861
f 3776 3777 3863
f 3776 3863 3862
f 3777 3778 3864
f 3777 3864 3863
f 3778 3779 3865
f 3778 3865 3864
f 3779 3780 3866
f 3779 3866 3865
f 3780 3781 3867
f 3780 3867 3866
f 3781 3782 3868
f 3781 3868 3867
f 3782 3783 3869
f 3782 3869 3868
f 3783 3784 3870
f 3783 3870 3869
f 3784 3785 3871
f 3784 3871 3870
f 3785 3786 3872
f 3785 3872 3871
f 3786 3787 3873
f 3786 3873 3872
f 3787 3788 3874
f 3787 3874 3873
f 3788 3789 3875
f 3788 3875 3874
f 3789 3790 3876
f 3789 3876 3875
f 3790 3791 3877
f 3790 3877 3876
f 3791 3792 3878
f 3791 3878 3877
f 3792 3793 3879
f 3792 3879 3878
f 3793 3794 3880
f 3793 3880 3879
f 3794 3795 3881
f 3794 3881 3880
f 3795 3796 3882
f 3795 3882 3881
f 3796 3797 3883
f 3796 3883 3882
f 3797 3798 3884
f 3797 3884 3883
f 3798 3799 3885
f 3798 3885 3884
f 3799 3800 3886
f 3799 3886 3885
f 3800 3801 3887
f 3800 3887 3886
f 3801 3802 3888
f 3801 3888 3887
f 3802 3803 3889
f 3802 3889 3888
f 3803 3804 3890
f 3803 3890 3889
f 3804 3805 3891
f 3804 3891 3890
f 3805 3806 3892
f 3805 3892 3891
f 3806 3807 3893
f 3806 3893 3892
f 3807 3808 3894
f 3807 3894 3893
f 3808 3809 3895
f 3808 3895 3894
f 3809 3810 3896
f 3809 3896 3895
f 3810 3811 3897
f 3810 3897 3896
f 3811 3812 3898
f 3811 3898 3897
f 3812 3813 3899
f 3812 3899 3898
f 3813 3814 3900
f 3813 3900 3899
f 3814 3815 3901
f 3814 3901 3900
f 3815 3816 3902
f 3815 3902 3901
f 3816 3817 3903
f 3816 3903 3902
f 3817 3818 3904
f 3817 3904 3903
f 3818 3819 3905
f 3818 3905 3904
f 3819 3820 3906
f 3819 3906 3905
f 3820 3821 3907
f 3820 3907 3906
f 3821 3822 3908
f 3821 3908 3907
f 3822 3823 3909
f 3822 3909 3908
f 3823 3824 3910
f 3823 3910 3909
f 3824 3825 3911
f 3824 3911 3910
f 3825 3826 3912
f 3825 3912 3911
f 3826 3827 3913
f 3826 3913 3912
f 3827 3828 3914
f 3827 3914 3913
f 3828 3829 3915
f 3828 3915 3914
f 3829 3830 3916
f 3829 3916 3915
f 3830 3831 3917
f 3830 3917 3916
f 3831 3832 3918
f 3831 3918 3917
f 3832 3833 3919
f 3832 3919 3918
f 3833 3834 3920
f 3833 3920 3919
f 3835 3836 3923
f 3835 3923 3922
f 3836 3837 3924
f 3836 3924 3923
f 3837 3838 3925
f 3837 3925 3924
f 3838 3839 3926
f 3838 3926 3925
f 3839 3840 3927
f 3839 3927 3926
f 3840 3841 3928
f 3840 3928 3927
f 3841 3842 3929
f 3841 3929 3928
f 3842 3843 3930
f 3842 3930 3929
f 3843 3844 3931
f 3843 3931 3930
f 3844 3759 3845
f 3844 3845 3931
f 3845 3846 3933
f 3845 3933 3932
f 3846 3847 3934
f 3846 3934 3933
f 3847 3848 3935
f 3847 3935 3934
f 3848 3849 3936
f 3848 3936 3935
f 3849 3850 3937
f 3849 3937 3936
f 3850 3851 3938
f 3850 3938 3937
f 3851 3852 3939
f 3851 3939 3938
f 3852 3853 3940
f 3852 3940 3939
f 3853 3854 3941
f 3853 3941 3940
f 3854 3855 3942
f 3854 3942 3941
f 3855 3856 3943
f 3855 3943 3942
f 3856 3857 3944
f 3856 3944 3943
f 3857 3858 3945
f 3857 3945 3944
f 3858 3859 3946
f 3858 3946 3945
f 3859 3860 3947
f 3859 3947 3946
f 3860 3861 3948
f 3860 3948 3947
f 3861 3862 3949
f 3861 3949 3948
f 3862 3863 3950
f 3862 3950 3949
f 3863 3864 3951
f 3863 3951 3950
f 3864 3865 3952
f 3864 3952 3951
f 3865 3866 3953
f 3865 3953 3952
f 3866 3867 3954
f 3866 3954 3953
f 3867 3868 3955
f 3867 3955 3954
f 3868 3869 3956
f 3868 3956 3955
f 3869 3870 3957
f 3869 3957 3956
f 3870 3871 3958
f 3870 3958 3957
f 3871 3872 3959
f 3871 3959 3958
f 3872 3873 3960
f 3872 3960 3959
f 3873 3874 3961
f 3873 3961 3960
f 3874 3875 3962
f 3874 3962 3961
f 3875 3876 3963
f 3875 3963 3962
f 3876 3877 3964
f 3876 3964 3963
f 3877 3878 3965
f 3877 3965 3964
f 3878 3879 3966
f 3878 3966 3965
f 3879 3880 3967
f 3879 3967 3966
f 3880 3881 3968
f 3880 3968 3967
f 3881 3882 3969
f 3881 3969 3968
f 3882 3883 3970
f 3882 3970 3969
f 3883 3884 3971
f 3883 3971 3970
f 3884 3885 3972
f 3884 3972 3971
f 3885 3886 3973
f 3885 3973 3972
f 3886 3887 3974
f 3886 3974 3973
f 3887 3888 3975
f 3887 3975 3974
f 3888 3889 3976
f 3888 3976 3975
f 3889 3890 3977
f 3889 3977 3976
f 3890 3891 3978
f 3890 3978 3977
f 3891 3892 3979
f 3891 3979 3978
f 3892 3893 3980
f 3892 3980 3979
f 3893 3894 3981
f 3893 3981 3980
f 3894 3895 3982
f 3894 3982 3981
f 3895 3896 3983
f 3895 3983 3982
f 3896 3897 3984
f 3896 3984 3983
f 3897 3898 3985
f 3897 3985 3984
f 3898 3899 3986
f 3898 3986 3985
f 3899 3900 3987
f 3899 3987 3986
f 3900 3901 3988
f 3900 3988 3987
f 3901 3902 3989
f 3901 3989 3988
f 3902 3903 3990
f 3902 3990 3989
f 3903 3904 3991
f 3903 3991 3990
f 3904 3905 3992
f 3904 3992 3991
f 3905 3906 3993
f 3905 3993 3992
f 3906 3907 3994
f 3906 3994 3993
f 3907 3908 3995
f 3907 3995 3994
f 3908 3909 3996
f 3908 3996 3995
f 3909 3910 3997
f 3909 3997 3996
f 3910 3911 3998
f 3910 3998 3997
f 3911 3912 3999
f 3911 3999 3998
f 3912 3913 4000
f 3912 4000 3999
f 3913 3914 4001
f 3913 4001 4000
f 3914 3915 4002
f 3914 4002 4001
f 3915 3916 4003
f 3915 4003 4002
f 3916 3917 4004
f 3916 4004 4003
f 3917 3918 4005
f 3917 4005 4004
f 3918 3919 4006
f 3918 4006 4005
f 3919 3920 4007
f 3919 4007 4006
f 3920 4008 4007
f 3921 3922 4010
f 3921 4010 4009
f 3922 3923 4011
f 3922 4011 4010
f 3923 3924 4012
f 3923 4012 4011
f 3924 3925 4013
f 3924 4013 4012
f 3925 3926 4014
f 3925 4014 4013
f 3926 3927 4015
f 3926 4015 4014
f 3927 3928 4016
f 3927 4016 4015
f 3928 3929 4017
f 3928 4017 4016
f 3929 3930 4018
f 3929 4018 4017
f 3930 3931 4019
f 3930 4019 4018
f 3931 3845 3932
f 3931 3932 4019
f 3932 3933 4021
f 3932 4021 4020
f 3933 3934 4022
f 3933 4022 4021
f 3934 3935 4023
f 3934 4023 4022
f 3935 3936 4024
f 3935 4024 4023
f 3936 3937 4025
f 3936 4025 4024
f 3937 3938 4026
f 3937 4026 4025
f 3938 3939 4027
f 3938 4027 4026
f 3939 3940 4028
f 3939 4028 4027
f 3940 3941 4029
f 3940 4029 4028
f 3941 3942 4030
f 3941 4030 4029
f 3942 3943 4031
f 3942 4031 4030
f 3943 3944 4032
f 3943 4032 4031
f 3944 3945 4033
f 3944 4033 4032
f 3945 3946 4034
f 3945 4034 4033
f 3946 3947 4035
f 3946 4035 4034
f 3947 3948 4036
f 3947 4036 4035
f 3948 3949 4037
f 3948 4037 4036
f 3949 3950 4038
f 3949 4038 4037
f 3950 3951 4039
f 3950 4039 4038
f 3951 3952 4040
f 3951 4040 4039
f 3952 3953 4041
f 3952 4041 4040
f 3953 3954 4042
f 3953 4042 4041
f 3954 3955 4043
f 3954 4043 4042
f 3955 3956 4044
f 3955 4044 4043
f 3956 3957 4045
f 3956 4045 4044
f 3957 3958 4046
f 3957 4046 4045
f 3958 3959 4047
f 3958 4047 4046
f 3959 3960 4048
f 3959 4048 4047
f 3960 3961 4049
f 3960 4049 4048
f 3961 3962 4050
f 3961 4050 4049
f 3962 3963 4051
f 3962 4051 4050
f 3963 3964 4052
f 3963 4052 4051
f 3964 3965 4053
f 3964 4053 4052
f 3965 3966 4054
f 3965 4054 4053
f 3966 3967 4055
f 3966 4055 4054
f 3967 3968 4056
f 3967 4056 4055
f 3968 3969 4057
f 3968 4057 4056
f 3969 3970 4058
f 3969 4058 4057
f 3970 3971 4059
f 3970 4059 4058
f 3971 3972 4060
f 3971 4060 4059
f 3972 3973 4061
f 3972 4061 4060
f 3973 3974 4062
f 3973 4062 4061
f 3974 3975 4063
f 3974 4063 4062
f 3975 3976 4064
f 3975 4064 4063
f 3976 3977 4065
f 3976 4065 4064
f 3977 3978 4066
f 3977 4066 4065
f 3978 3979 4067
f 3978 4067 4066
f 3979 3980 4068
f 3979 4068 4067
f 3980 3981 4069
f 3980 4069 4068
f 3981 3982 4070
f 3981 4070 4069
f 3982 3983 4071
f 3982 4071 4070
f 3983 3984 4072
f 3983 4072 4071
f 3984 3985 4073
f 3984 4073 4072
f 3985 3986 4074
f 3985 4074 4073
f 3986 3987 4075
f 3986 4075 4074
f 3987 3988 4076
f 3987 4076 4075
f 3988 3989 4077
f 3988 4077 4076
f 3989 3990 4078
f 3989 4078 4077
f 3990 3991 4079
f 3990 4079 4078
f 3991 3992 4080
f 3991 4080 4079
f 3992 3993 4081
f 3992 4081 4080
f 3993 3994 4082
f 3993 4082 4081
f 3994 3995 4083
f 3994 4083 4082
f 3995 3996 4084
f 3995 4084 4083
f 3996 3997 4085
f 3996 4085 4084
f 3997 3998 4086
f 3997 4086 4085
f 3998 3999 4087
f 3998 4087 4086
f 3999 4000 4088
f 3999 4088 4087
f 4000 4001 4089
f 4000 4089 4088
f 4001 4002 4090
f 4001 4090 4089
f 4002 4003 4091
f 4002 4091 4090
f 4003 4004 4092
f 4003 4092 4091
f 4004 4005 4093
f 4004 4093 4092
f 4005 4006 4094
f 4005 4094 4093
f 4006 4007 4095
f 4006 4095 4094
f 4007 4008 4096
f 4007 4096 4095
f 4009 4010 4099
f 4009 4099 4098
f 4010 4011 4100
f 4010 4100 4099
f 4011 4012 4101
f 4011 4101 4100
f 4012 4013 4102
f 4012 4102 4101
f 4013 4014 4103
f 4013 4103 4102
f 4014 4015 4104
f 4014 4104 4103
f 4015 4016 4105
f 4015 4105 4104
f 4016 4017 4106
f 4016 4106 4105
f 4017 4018 4107
f 4017 4107 4106
f 4018 4019 4108
f 4018 4108 4107
f 4019 3932 4020
f 4019 4020 4108
f 4020 4021 4110
f 4020 4110 4109
f 4021 4022 4111
f 4021 4111 4110
f 4022 4023 4112
f 4022 4112 4111
f 4023 4024 4113
f 4023 4113 4112
f 4024 4025 4114
f 4024 4114 4113
f 4025 4026 4115
f 4025 4115 4114
f 4026 4027 4116
f 4026 4116 4115
f 4027 4028 4117
f 4027 4117 4116
f 4028 4029 4118
f 4028 4118 4117
f 4029 4030 4119
f 4029 4119 4118
f 4030 4031 4120
f 4030 4120 4119
f 4031 4032 4121
f 4031 4121 4120
f 4032 4033 4122
f 4032 4122 4121
f 4033 4034 4123
f 4033 4123 4122
f 4034 4035 4124
f 4034 4124 4123
f 4035 4036 4125
f 4035 4125 4124
f 4036 4037 4126
f 4036 4126 4125
f 4037 4038 4127
f 4037 4127 4126
f 4038 4039 4128
f 4038 4128 4127
f 4039 4040 4129
f 4039 4129 4128
f 4040 4041 4130
f 4040 4130 4129
f 4041 4042 4131
f 4041 4131 4130
f 4042 4043 4132
f 4042 4132 4131
f 4043 4044 4133
f 4043 4133 4132
f 4044 4045 4134
f 4044 4134 4133
f 4045 4046 4135
f 4045 4135 4134
f 4046 4047 4136
f 4046 4136 4135
f 4047 4048 4137
f 4047 4137 4136
f 4048 4049 4138
f 4048 4138 4137
f 4049 4050 4139
f 4049 4139 4138
f 4050 4051 4140
f 4050 4140 4139
f 4051 4052 4141
f 4051 4141 4140
f 4052 4053 4142
f 4052 4142 4141
f 4053 4054 4143
f 4053 4143 4142
f 4054 4055 4144
f 4054 4144 4143
f 4055 4056 4145
f 4055 4145 4144
f 4056 4057 4146
f 4056 4146 4145
f 4057 4058 4147
f 4057 4147 4146
f 4058 4059 4148
f 4058 4148 4147
f 4059 4060 4149
f 4059 4149 4148
f 4060 4061 4150
f 4060 4150 4149
f 4061 4062 4151
f 4061 4151 4150
f 4062 4063 4152
f 4062 4152 4151
f 4063 4064 4153
f 4063 4153 4152
f 4064 4065 4154
f 4064 4154 4153
f 4065 4066 4155
f 4065 4155 4154
f 4066 4067 4156
f 4066 4156 4155
f 4067 4068 4157
f 4067 4157 4156
f 4068 4069 4158
f 4068 4158 4157
f 4069 4070 4159
f 4069 4159 4158
f 4070 4071 4160
f 4070 4160 4159
f 4071 4072 4161
f 4071 4161 4160
f 4072 4073 4162
f 4072 4162 4161
f 4073 4074 4163
f 4073 4163 4162
f 4074 4075 4164
f 4074 4164 4163
f 4075 4076 4165
f 4075 4165 4164
f 4076 4077 4166
f 4076 4166 4165
f 4077 4078 4167
f 4077 4167 4166
f 4078 4079 4168
f 4078 4168 4167
f 4079 4080 4169
f 4079 4169 4168
f 4080 4081 4170
f 4080 4170 4169
f 4081 4082 4171
f 4081 4171 4170
f 4082 4083 4172
f 4082 4172 4171
f 4083 4084 4173
f 4083 4173 4172
f 4084 4085 4174
f 4084 4174 4173
f 4085 4086 4175
f 4085 4175 4174
f 4086 4087 4176
f 4086 4176 4175
f 4087 4088 4177
f 4087 4177 4176
f 4088 4089 4178
f 4088 4178 4177
f 4089 4090 4179
f 4089 4179 4178
f 4090 4091 4180
f 4090 4180 4179
f 4091 4092 4181
f 4091 4181 4180
f 4092 4093 4182
f 4092 4182 4181
f 4093 4094 4183
f 4093 4183 4182
f 4094 4095 4184
f 4094 4184 4183
f 4095 4096 4185
f 4095 4185 4184
f 4096 4186 4185
f 4097 4098 4189
f 4097 4189 4188
f 4098 4099 4190
f 4098 4190 4189
f 4099 4100 4191
f 4099 4191 4190
f 4100 4101 4192
f 4100 4192 4191
f 4101 4102 4193
f 4101 4193 4192
f 4102 4103 4194
f 4102 4194 4193
f 4103 4104 4195
f 4103 4195 4194
f 4104 4105 4196
f 4104 4196 4195
f 4105 4106 4197
f 4105 4197 4196
f 4106 4107 4198
f 4106 4198 4197
f 4107 4108 4199
f 4107 4199 4198
f 4108 4020 4109
f 4108 4109 4199
f 4109 4110 4201
f 4109 4201 4200
f 4110 4111 4202
f 4110 4202 4201
f 4111 4112 4203
f 4111 4203 4202
f 4112 4113 4204
f 4112 4204 4203
f 4113 4114 4205
f 4113 4205 4204
f 4114 4115 4206
f 4114 4206 4205
f 4115 4116 4207
f 4115 4207 4206
f 4116 4117 4208
f 4116 4208 4207
f 4117 4118 4209
f 4117 4209 4208
f 4118 4119 4210
f 4118 4210 4209
f 4119 4120 4211
f 4119 4211 4210
f 4120 4121 4212
f 4120 4212 4211
f 4121 4122 4213
f 4121 4213 4212
f 4122 4123 4214
f 4122 4214 4213
f 4123 4124 4215
f 4123 4215 4214
f 4124 4125 4216
f 4124 4216 4215
f 4125 4126 4217
f 4125 4217 4216
f 4126 4127 4218
f 4126 4218 4217
f 4127 4128 4219
f 4127 4219 4218
f 4128 4129 4220
f 4128 4220 4219
f 4129 4130 4221
f 4129 4221 4220
f 4130 4131 4222
f 4130 4222 4221
f 4131 4132 4223
f 4131 4223 4222
f 4132 4133 4224
f 4132 4224 4223
f 4133 4134 4225
f 4133 4225 4224
f 4134 4135 4226
f 4134 4226 4225
f 4135 4136 4227
f 4135 4227 4226
f 4136 4137 4228
f 4136 4228 4227
f 4137 4138 4229
f 4137 4229 4228
f 4138 4139 4230
f 4138 4230 4229
f 4139 4140 4231
f 4139 4231 4230
f 4140 4141 4232
f 4140 4232 4231
f 4141 4142 4233
f 4141 4233 4232
f 4142 4143 4234
f 4142 4234 4233
f 4143 4144 4235
f 4143 4235 4234
f 4144 4145 4236
f 4144 4236 4235
f 4145 4146 4237
f 4145 4237 4236
f 4146 4147 4238
f 4146 4238 4237
f 4147 4148 4239
f 4147 4239 4238
f 4148 4149 4240
f 4148 4240 4239
f 4149 4150 4241
f 4149 4241 4240
f 4150 4151 4242
f 4150 4242 4241
f 4151 4152 4243
f 4151 4243 4242
f 4152 4153 4244
f 4152 4244 4243
f 4153 4154 4245
f 4153 4245 4244
f 4154 4155 4246
f 4154 4246 4245
f 4155 4156 4247
f 4155 4247 4246
f 4156 4157 4248
f 4156 4248 4247
f 4157 4158 4249
f 4157 4249 4248
f 4158 4159 4250
f 4158 4250 4249
f 4159 4160 4251
f 4159 4251 4250
f 4160 4161 4252
f 4160 4252 4251
f 4161 4162 4253
f 4161 4253 4252
f 4162 4163 4254
f 4162 4254 4253
f 4163 4164 4255
f 4163 4255 4254
f 4164 4165 4256
f 4164 4256 4255
f 4165 4166 4257
f 4165 4257 4256
f 4166 4167 4258
f 4166 4258 4257
f 4167 4168 4259
f 4167 4259 4258
f 4168 4169 4260
f 4168 4260 4259
f 4169 4170 4261
f 4169 4261 4260
f 4170 4171 4262
f 4170 4262 4261
f 4171 4172 4263
f 4171 4263 4262
f 4172 4173 4264
f 4172 4264 4263
f 4173 4174 4265
f 4173 4265 4264
f 4174 4175 4266
f 4174 4266 4265
f 4175 4176 4267
f 4175 4267 4266
f 4176 4177 4268
f 4176 4268 4267
f 4177 4178 4269
f 4177 4269 4268
f 4178 4179 4270
f 4178 4270 4269
f 4179 4180 4271
f 4179 4271 4270
f 4180 4181 4272
f 4180 4272 4271
f 4181 4182 4273
f 4181 4273 4272
f 4182 4183 4274
f 4182 4274 4273
f 4183 4184 4275
f 4183 4275 4274
f 4184 4185 4276
f 4184 4276 4275
f 4185 4186 4277
f 4185 4277 4276
f 4186 4278 4277
f 4187 4188 4281
f 4187 4281 4280
f 4188 4189 4282
f 4188 4282 4281
f 4189 4190 4283
f 4189 4283 4282
f 4190 4191 4284
f 4190 4284 4283
f 4191 4192 4285
f 4191 4285 4284
f 4192 4193 4286
f 4192 4286 4285
f 4193 4194 4287
f 4193 4287 4286
f 4194 4195 4288
f 4194 4288 4287
f 4195 4196 4289
f 4195 4289 4288
f 4196 4197 4290
f 4196 4290 4289
f 4197 4198 4291
f 4197 4291 4290
f 4198 4199 4292
f 4198 4292 4291
f 4199 4109 4200
f 4199 4200 4292
f 4200 4201 4294
f 4200 4294 4293
f 4201 4202 4295
f 4201 4295 4294
f 4202 4203 4296
f 4202 4296 4295
f 4203 4204 4297
f 4203 4297 4296
f 4204 4205 4298
f 4204 4298 4297
f 4205 4206 4299
f 4205 4299 4298
f 4206 4207 4300
f 4206 4300 4299
f 4207 4208 4301
f 4207 4301 4300
f 4208 4209 4302
f 4208 4302 4301
f 4209 4210 4303
f 4209 4303 4302
f 4210 4211 4304
f 4210 4304 4303
f 4211 4212 4305
f 4211 4305 4304
f 4212 4213 4306
f 4212 4306 4305
f 4213 4214 4307
f 4213 4307 4306
f 4214 4215 4308
f 4214 4308 4307
f 4215 4216 4309
f 4215 4309 4308
f 4216 4217 4310
f 4216 4310 4309
f 4217 4218 4311
f 4217 4311 4310
f 4218 4219 4312
f 4218 4312 4311
f 4219 4220 4313
f 4219 4313 4312
f 4220 4221 4314
f 4220 4314 4313
f 4221 4222 4315
f 4221 4315 4314
f 4222 4223 4316
f 4222 4316 4315
f 4223 4224 4317
f 4223 4317 4316
f 4224 4225 4318
f 4224 4318 4317
f 4225 4226 4319
f 4225 4319 4318
f 4226 4227 4320
f 4226 4320 4319
f 4227 4228 4321
f 4227 4321 4320
f 4228 4229 4322
f 4228 4322 4321
f 4229 4230 4323
f 4229 4323 4322
f 4230 4231 4324
f 4230 4324 4323
f 4231 4232 4325
f 4231 4325 4324
f 4232 4233 4326
f 4232 4326 4325
f 4233 4234 4327
f 4233 4327 4326
f 4234 4235 4328
f 4234 4328 4327
f 4235 4236 4329
f 4235 4329 4328
f 4236 4237 4330
f 4236 4330 4329
f 4237 4238 4331
f 4237 4331 4330
f 4238 4239 4332
f 4238 4332 4331
f 4239 4240 4333
f 4239 4333 4332
f 4240 4241 4334
f 4240 4334 4333
f 4241 4242 4335
f 4241 4335 4334
f 4242 4243 4336
f 4242 4336 4335
f 4243 4244 4337
f 4243 4337 4336
f 4244 4245 4338
f 4244 4338 4337
f 4245 4246 4339
f 4245 4339 4338
f 4246 4247 4340
f 4246 4340 4339
f 4247 4248 4341
f 4247 4341 4340
f 4248 4249 4342
f 4248 4342 4341
f 4249 4250 4343
f 4249 4343 4342
f 4250 4251 4344
f 4250 4344 4343
f 4251 4252 4345
f 4251 4345 4344
f 4252 4253 4346
f 4252 4346 4345
f 4253 4254 4347
f 4253 4347 4346
f 4254 4255 4348
f 4254 4348 4347
f 4255 4256 4349
f 4255 4349 4348
f 4256 4257 4350
f 4256 4350 4349
f 4257 4258 4351
f 4257 4351 4350
f 4258 4259 4352
f 4258 4352 4351
f 4259 4260 4353
f 4259 4353 4352
f 4260 4261 4354
f 4260 4354 4353
f 4261 4262 4355
f 4261 4355 4354
f 4262 4263 4356
f 4262 4356 4355
f 4263 4264 4357
f 4263 4357 4356
f 4264 4265 4358
f 4264 4358 4357
f 4265 4266 4359
f 4265 4359 4358
f 4266 4267 4360
f 4266 4360 4359
f 4267 4268 4361
f 4267 4361 4360
f 4268 4269 4362
f 4268 4362 4361
f 4269 4270 4363
f 4269 4363 4362
f 4270 4271 4364
f 4270 4364 4363
f 4271 4272 4365
f 4271 4365 4364
f 4272 4273 4366
f 4272 4366 4365
f 4273 4274 4367
f 4273 4367 4366
f 4274 4275 4368
f 4274 4368 4367
f 4275 4276 4369
f 4275 4369 4368
f 4276 4277 4370
f 4276 4370 4369
f 4277 4278 4371
f 4277 4371 4370
f 4278 4372 4371
f 4279 4280 4377
f 4279 4377 4376
f 4280 4281 4378
f 4280 4378 4377
f 4281 4282 4379
f 4281 4379 4378
f 4282 4283 4380
f 4282 4380 4379
f 4283 4284 4381
f 4283 4381 4380
f 4284 4285 4382
f 4284 4382 4381
f 4285 4286 4383
f 4285 4383 4382
f 4286 4287 4384
f 4286 4384 4383
f 4287 4288 4385
f 4287 4385 4384
f 4288 4289 4386
f 4288 4386 4385
f 4289 4290 4387
f 4289 4387 4386
f 4290 4291 4388
f 4290 4388 4387
f 4291 4292 4389
f 4291 4389 4388
f 4292 4200 4293
f 4292 4293 4389
f 4293 4294 4391
f 4293 4391 4390
f 4294 4295 4392
f 4294 4392 4391
f 4295 4296 4393
f 4295 4393 4392
f 4296 4297 4394
f 4296 4394 4393
f 4297 4298 4395
f 4297 4395 4394
f 4298 4299 4396
f 4298 4396 4395
f 4299 4300 4397
f 4299 4397 4396
f 4300 4301 4398
f 4300 4398 4397
f 4301 4302 4399
f 4301 4399 4398
f 4302 4303 4400
f 4302 4400 4399
f 4303 4304 4401
f 4303 4401 4400
f 4304 4305 4402
f 4304 4402 4401
f 4305 4306 4403
f 4305 4403 4402
f 4306 4307 4404
f 4306 4404 4403
f 4307 4308 4405
f 4307 4405 4404
f 4308 4309 4406
f 4308 4406 4405
f 4309 4310 4407
f 4309 4407 4406
f 4310 4311 4408
f 4310 4408 4407
f 4311 4312 4409
f 4311 4409 4408
f 4312 4313 4410
f 4312 4410 4409
f 4313 4314 4411
f 4313 4411 4410
f 4314 4315 4412
f 4314 4412 4411
f 4315 4316 4413
f 4315 4413 4412
f 4316 4317 4414
f 4316 4414 4413
f 4317 4318 4415
f 4317 4415 4414
f 4318 4319 4416
f 4318 4416 4415
f 4319 4320 4417
f 4319 4417 4416
f 4320 4321 4418
f 4320 4418 4417
f 4321 4322 4419
f 4321 4419 4418
f 4322 4323 4420
f 4322 4420 4419
f 4323 4324 4421
f 4323 4421 4420
f 4324 4325 4422
f 4324 4422 4421
f 4325 4326 4423
f 4325 4423 4422
f 4326 4327 4424
f 4326 4424 4423
f 4327 4328 4425
f 4327 4425 4424
f 4328 4329 4426
f 4328 4426 4425
f 4329 4330 4427
f 4329 4427 4426
f 4330 4331 4428
f 4330 4428 4427
f 4331 4332 4429
f 4331 4429 4428
f 4332 4333 4430
f 4332 4430 4429
f 4333 4334 4431
f 4333 4431 4430
f 4334 4335 4432
f 4334 4432 4431
f 4335 4336 4433
f 4335 4433 4432
f 4336 4337 4434
f 4336 4434 4433
f 4337 4338 4435
f 4337 4435 4434
f 4338 4339 4436
f 4338 4436 4435
f 4339 4340 4437
f 4339 4437 4436
f 4340 4341 4438
f 4340 4438 4437
f 4341 4342 4439
f 4341 4439 4438
f 4342 4343 4440
f 4342 4440 4439
f 4343 4344 4441
f 4343 4441 4440
f 4344 4345 4442
f 4344 4442 4441
f 4345 4346 4443
f 4345 4443 4442
f 4346 4347 4444
f 4346 4444 4443
f 4347 4348 4445
f 4347 4445 4444
f 4348 4349 4446
f 4348 4446 4445
f 4349 4350 4447
f 4349 4447 4446
f 4350 4351 4448
f 4350 4448 4447
f 4351 4352 4449
f 4351 4449 4448
f 4352 4353 4450
f 4352 4450 4449
f 4353 4354 4451
f 4353 4451 4450
f 4354 4355 4452
f 4354 4452 4451
f 4355 4356 4453
f 4355 4453 4452
f 4356 4357 4454
f 4356 4454 4453
f 4357 4358 4455
f 4357 4455 4454
f 4358 4359 4456
f 4358 4456 4455
f 4359 4360 4457
f 4359 4457 4456
f 4360 4361 4458
f 4360 4458 4457
f 4361 4362 4459
f 4361 4459 4458
f 4362 4363 4460
f 4362 4460 4459
f 4363 4364 4461
f 4363 4461 4460
f 4364 4365 4462
f 4364 4462 4461
f 4365 4366 4463
f 4365 4463 4462
f 4366 4367 4464
f 4366 4464 4463
f 4367 4368 4465
f 4367 4465 4464
f 4368 4369 4466
f 4368 4466 4465
f 4369 4370 4467
f 4369 4467 4466
f 4370 4371 4468
f 4370 4468 4467
f 4371 4372 4469
f 4371 4469 4468
f 4372 4373 4470
f 4372 4470 4469
f 4373 4471 4470
f 4374 4375 4476
f 4374 4476 4475
f 4375 4376 4477
f 4375 4477 4476
f 4376 4377 4478
f 4376 4478 4477
f 4377 4378 4479
f 4377 4479 4478
f 4378 4379 4480
f 4378 4480 4479
f 4379 4380 4481
f 4379 4481 4480
f 4380 4381 4482
f 4380 4482 4481
f 4381 4382 4483
f 4381 4483 4482
f 4382 4383 4484
f 4382 4484 4483
f 4383 4384 4485
f 4383 4485 4484
f 4384 4385 4486
f 4384 4486 4485
f 4385 4386 4487
f 4385 4487 4486
f 4386 4387 4488
f 4386 4488 4487
f 4387 4388 4489
f 4387 4489 4488
f 4388 4389 4490
f 4388 4490 4489
f 4389 4293 4390
f 4389 4390 4490
f 4390 4391 4492
f 4390 4492 4491
f 4391 4392 4493
f 4391 4493 4492
f 4392 4393 4494
f 4392 4494 4493
f 4393 4394 4495
f 4393 4495 4494
f 4394 4395 4496
f 4394 4496 4495
f 4395 4396 4497
f 4395 4497 4496
f 4396 4397 4498
f 4396 4498 4497
f 4397 4398 4499
f 4397 4499 4498
f 4398 4399 4500
f 4398 4500 4499
f 4399 4400 4501
f 4399 4501 4500
f 4400 4401 4502
f 4400 4502 4501
f 4401 4402 4503
f 4401 4503 4502
f 4402 4403 4504
f 4402 4504 4503
f 4403 4404 4505
f 4403 4505 4504
f 4404 4405 4506
f 4404 4506 4505
f 4405 4406 4507
f 4405 4507 4506
f 4406 4407 4508
f 4406 4508 4507
f 4407 4408 4509
f 4407 4509 4508
f 4408 4409 4510
f 4408 4510 4509
f 4409 4410 4511
f 4409 4511 4510
f 4410 4411 4512
f 4410 4512 4511
f 4411 4412 4513
f 4411 4513 4512
f 4412 4413 4514
f 4412 4514 4513
f 4413 4414 4515
f 4413 4515 4514
f 4414 4415 4516
f 4414 4516 4515
f 4415 4416 4517
f 4415 4517 4516
f 4416 4417 4518
f 4416 4518 4517
f 4417 4418 4519
f 4417 4519 4518
f 4418 4419 4520
f 4418 4520 4519
f 4419 4420 4521
f 4419 4521 4520
f 4420 4421 4522
f 4420 4522 4521
f 4421 4422 4523
f 4421 4523 4522
f 4422 4423 4524
f 4422 4524 4523
f 4423 4424 4525
f 4423 4525 4524
f 4424 4425 4526
f 4424 4526 4525
f 4425 4426 4527
f 4425 4527 4526
f 4426 4427 4528
f 4426 4528 4527
f 4427 4428 4529
f 4427 4529 4528
f 4428 4429 4530
f 4428 4530 4529
f 4429 4430 4531
f 4429 4531 4530
f 4430 4431 4532
f 4430 4532 4531
f 4431 4432 4533
f 4431 4533 4532
f 4432 4433 4534
f 4432 4534 4533
f 4433 4434 4535
f 4433 4535 4534
f 4434 4435 4536
f 4434 4536 4535
f 4435 4436 4537
f 4435 4537 4536
f 4436 4437 4538
f 4436 4538 4537
f 4437 4438 4539
f 4437 4539 4538
f 4438 4439 4540
f 4438 4540 4539
f 4439 4440 4541
f 4439 4541 4540
f 4440 4441 4542
f 4440 4542 4541
f 4441 4442 4543
f 4441 4543 4542
f 4442 4443 4544
f 4442 4544 4543
f 4443 4444 4545
f 4443 4545 4544
f 4444 4445 4546
f 4444 4546 4545
f 4445 4446 4547
f 4445 4547 4546
f 4446 4447 4548
f 4446 4548 4547
f 4447 4448 4549
f 4447 4549 4548
f 4448 4449 4550
f 4448 4550 4549
f 4449 4450 4551
f 4449 4551 4550
f 4450 4451 4552
f 4450 4552 4551
f 4451 4452 4553
f 4451 4553 4552
f 4452 4453 4554
f 4452 4554 4553
f 4453 4454 4555
f 4453 4555 4554
f 4454 4455 4556
f 4454 4556 4555
f 4455 4456 4557
f 4455 4557 4556
f 4456 4457 4558
f 4456 4558 4557
f 4457 4458 4559
f 4457 4559 4558
f 4458 4459 4560
f 4458 4560 4559
f 4459 4460 4561
f 4459 4561 4560
f 4460 4461 4562
f 4460 4562 4561
f 4461 4462 4563
f 4461 4563 4562
f 4462 4463 4564
f 4462 4564 4563
f 4463 4464 4565
f 4463 4565 4564
f 4464 4465 4566
f 4464 4566 4565
f 4465 4466 4567
f 4465 4567 4566
f 4466 4467 4568
f 4466 4568 4567
f 4467 4468 4569
f 4467 4569 4568
f 4468 4469 4570
f 4468 4570 4569
f 4469 4470 4571
f 4469 4571 4570
f 4470 4471 4572
f 4470 4572 4571
f 4471 4472 4573
f 4471 4573 4572
f 4472 4574 4573
f 4473 4474 4589
f 4473 4589 4588
f 4474 4475 4590
f 4474 4590 4589
f 4475 4476 4591
f 4475 4591 4590
f 4476 4477 4592
f 4476 4592 4591
f 4477 4478 4593
f 4477 4593 4592
f 4478 4479 4594
f 4478 4594 4593
f 4479 4480 4595
f 4479 4595 4594
f 4480 4481 4596
f 4480 4596 4595
f 4481 4482 4597
f 4481 4597 4596
f 4482 4483 4598
f 4482 4598 4597
f 4483 4484 4599
f 4483 4599 4598
f 4484 4485 4600
f 4484 4600 4599
f 4485 4486 4601
f 4485 4601 4600
f 4486 4487 4602
f 4486 4602 4601
f 4487 4488 4603
f 4487 4603 4602
f 4488 4489 4604
f 4488 4604 4603
f 4489 4490 4605
f 4489 4605 4604
f 4490 4390 4491
f 4490 4491 4605
f 4491 4492 4607
f 4491 4607 4606
f 4492 4493 4608
f 4492 4608 4607
f 4493 4494 4609
f 4493 4609 4608
f 4494 4495 4610
f 4494 4610 4609
f 4495 4496 4611
f 4495 4611 4610
f 4496 4497 4612
f 4496 4612 4611
f 4497 4498 4613
f 4497 4613 4612
f 4498 4499 4614
f 4498 4614 4613
f 4499 4500 4615
f 4499 4615 4614
f 4500 4501 4616
f 4500 4616 4615
f 4501 4502 4617
f 4501 4617 4616
f 4502 4503 4618
f 4502 4618 4617
f 4503 4504 4619
f 4503 4619 4618
f 4504 4505 4620
f 4504 4620 4619
f 4505 4506 4621
f 4505 4621 4620
f 4506 4507 4622
f 4506 4622 4621
f 4507 4508 4623
f 4507 4623 4622
f 4508 4509 4624
f 4508 4624 4623
f 4509 4510 4625
f 4509 4625 4624
f 4510 4511 4626
f 4510 4626 4625
f 4511 4512 4627
f 4511 4627 4626
f 4512 4513 4628
f 4512 4628 4627
f 4513 4514 4629
f 4513 4629 4628
f 4514 4515 4630
f 4514 4630 4629
f 4515 4516 4631
f 4515 4631 4630
f 4516 4517 4632
f 4516 4632 4631
f 4517 4518 4633
f 4517 4633 4632
f 4518 4519 4634
f 4518 4634 4633
f 4519 4520 4635
f 4519 4635 4634
f 4520 4521 4636
f 4520 4636 4635
f 4521 4522 4637
f 4521 4637 4636
f 4522 4523 4638
f 4522 4638 4637
f 4523 4524 4639
f 4523 4639 4638
f 4524 4525 4640
f 4524 4640 4639
f 4525 4526 4641
f 4525 4641 4640
f 4526 4527 4642
f 4526 4642 4641
f 4527 4528 4643
f 4527 4643 4642
f 4528 4529 4644
f 4528 4644 4643
f 4529 4530 4645
f 4529 4645 4644
f 4530 4531 4646
f 4530 4646 4645
f 4531 4532 4647
f 4531 4647 4646
f 4532 4533 4648
f 4532 4648 4647
f 4533 4534 4649
f 4533 4649 4648
f 4534 4535 4650
f 4534 4650 4649
f 4535 4536 4651
f 4535 4651 4650
f 4536 4537 4652
f 4536 4652 4651
f 4537 4538 4653
f 4537 4653 4652
f 4538 4539 4654
f 4538 4654 4653
f 4539 4540 4655
f 4539 4655 4654
f 4540 4541 4656
f 4540 4656 4655
f 4541 4542 4657
f 4541 4657 4656
f 4542 4543 4658
f 4542 4658 4657
f 4543 4544 4659
f 4543 4659 4658
f 4544 4545 4660
f 4544 4660 4659
f 4545 4546 4661
f 4545 4661 4660
f 4546 4547 4662
f 4546 4662 4661
f 4547 4548 4663
f 4547 4663 4662
f 4548 4549 4664
f 4548 4664 4663
f 4549 4550 4665
f 4549 4665 4664
f 4550 4551 4666
f 4550 4666 4665
f 4551 4552 4667
f 4551 4667 4666
f 4552 4553 4668
f 4552 4668 4667
f 4553 4554 4669
f 4553 4669 4668
f 4554 4555 4670
f 4554 4670 4669
f 4555 4556 4671
f 4555 4671 4670
f 4556 4557 4672
f 4556 4672 4671
f 4557 4558 4673
f 4557 4673 4672
f 4558 4559 4674
f 4558 4674 4673
f 4559 4560 4675
f 4559 4675 4674
f 4560 4561 4676
f 4560 4676 4675
f 4561 4562 4677
f 4561 4677 4676
f 4562 4563 4678
f 4562 4678 4677
f 4563 4564 4679
f 4563 4679 4678
f 4564 4565 4680
f 4564 4680 4679
f 4565 4566 4681
f 4565 4681 4680
f 4566 4567 4682
f 4566 4682 4681
f 4567 4568 4683
f 4567 4683 4682
f 4568 4569 4684
f 4568 4684 4683
f 4569 4570 4685
f 4569 4685 4684
f 4570 4571 4686
f 4570 4686 4685
f 4571 4572 4687
f 4571 4687 4686
f 4572 4573 4688
f 4572 4688 4687
f 4573 4574 4689
f 4573 4689 4688
f 4574 4575 4690
f 4574 4690 4689
f 4575 4576 4691
f 4575 4691 4690
f 4576 4577 4692
f 4576 4692 4691
f 4577 4578 4693
f 4577 4693 4692
f 4578 4579 4694
f 4578 4694 4693
f 4579 4580 4695
f 4579 4695 4694
f 4580 4696 4695
f 4581 4582 4710
f 4581 4710 4709
f 4582 4583 4711
f 4582 4711 4710
f 4583 4584 4712
f 4583 4712 4711
f 4584 4585 4713
f 4584 4713 4712
f 4585 4586 4714
f 4585 4714 4713
f 4586 4587 4715
f 4586 4715 4714
f 4587 4588 4716
f 4587 4716 4715
f 4588 4589 4717
f 4588 4717 4716
f 4589 4590 4718
f 4589 4718 4717
f 4590 4591 4719
f 4590 4719 4718
f 4591 4592 4720
f 4591 4720 4719
f 4592 4593 4721
f 4592 4721 4720
f 4593 4594 4722
f 4593 4722 4721
f 4594 4595 4723
f 4594 4723 4722
f 4595 4596 4724
f 4595 4724 4723
f 4596 4597 4725
f 4596 4725 4724
f 4597 4598 4726
f 4597 4726 4725
f 4598 4599 4727
f 4598 4727 4726
f 4599 4600 4728
f 4599 4728 4727
f 4600 4601 4729
f 4600 4729 4728
f 4601 4602 4730
f 4601 4730 4729
f 4602 4603 4731
f 4602 4731 4730
f 4603 4604 4732
f 4603 4732 4731
f 4604 4605 4733
f 4604 4733 4732
f 4605 4491 4606
f 4605 4606 4733
f 4734 4606 4607
f 4734 4607 4608
f 4734 4608 4609
f 4734 4609 4610
f 4734 4610 4611
f 4734 4611 4612
f 4734 4612 4613
f 4734 4613 4614
f 4734 4614 4615
f 4734 4615 4616
f 4734 4616 4617
f 4734 4617 4618
f 4734 4618 4619
f 4734 4619 4620
f 4734 4620 4621
f 4734 4621 4622
f 4734 4622 4623
f 4734 4623 4624
f 4734 4624 4625
f 4734 4625 4626
f 4734 4626 4627
f 4734 4627 4628
f 4734 4628 4629
f 4734 4629 4630
f 4734 4630 4631
f 4734 4631 4632
f 4734 4632 4633
f 4734 4633 4634
f 4734 4634 4635
f 4734 4635 4636
f 4734 4636 4637
f 4734 4637 4638
f 4734 4638 4639
f 4734 4639 4640
f 4734 4640 4641
f 4734 4641 4642
f 4734 4642 4643
f 4734 4643 4644
f 4734 4644 4645
f 4734 4645 4646
f 4734 4646 4647
f 4734 4647 4648
f 4734 4648 4649
f 4734 4649 4650
f 4734 4650 4651
f 4734 4651 4652
f 4734 4652 4653
f 4734 4653 4654
f 4734 4654 4655
f 4734 4655 4656
f 4734 4656 4657
f 4734 4657 4658
f 4734 4658 4659
f 4734 4659 4660
f 4734 4660 4661
f 4734 4661 4662
f 4734 4662 4663
f 4734 4663 4664
f 4734 4664 4665
f 4734 4665 4666
f 4734 4666 4667
f 4734 4667 4668
f 4734 4668 4669
f 4734 4669 4670
f 4734 4670 4671
f 4734 4671 4672
f 4734 4672 4673
f 4734 4673 4674
f 4734 4674 4675
f 4734 4675 4676
f 4734 4676 4677
f 4734 4677 4678
f 4734 4678 4679
f 4734 4679 4680
f 4734 4680 4681
f 4734 4681 4682
f 4734 4682 4683
f 4734 4683 4684
f 4734 4684 4685
f 4734 4685 4686
f 4734 4686 4687
f 4734 4687 4688
f 4734 4688 4689
f 4734 4689 4690
f 4734 4690 4691
f 4734 4691 4692
f 4734 4692 4693
f 4734 4693 4694
f 4734 4694 4695
f 4734 4695 4696
f 4734 4696 4697
f 4734 4697 4698
f 4734 4698 4699
f 4734 4699 4700
f 4734 4700 4701
f 4734 4701 4702
f 4734 4702 4703
f 4734 4703 4704
f 4734 4704 4705
f 4734 4705 4706
f 4734 4706 4707
f 4734 4707 4708
f 4734 4708 4709
f 4734 4709 4710
f 4734 4710 4711
f 4734 4711 4712
f 4734 4712 4713
f 4734 4713 4714
f 4734 4714 4715
f 4734 4715 4716
f 4734 4716 4717
f 4734 4717 4718
f 4734 4718 4719
f 4734 4719 4720
f 4734 4720 4721
f 4734 4721 4722
f 4734 4722 4723
f 4734 4723 4724
f 4734 4724 4725
f 4734 4725 4726
f 4734 4726 4727
f 4734 4727 4728
f 4734 4728 4729
f 4734 4729 4730
f 4734 4730 4731
f 4734 4731 4732
f 4734 4732 4733
f 4734 4733 4606
f 8 4739 4736
f 7 4737 4738
f 28 4743 4740
f 27 4741 4742
f 56 4747 4744
f 55 4745 4746
f 94 4751 4748
f 93 4749 4750
f 144 4755 4752
f 143 4753 4754
f 223 4759 4756
f 222 4757 4758
f 302 4763 4760
f 301 4761 4762
f 381 4767 4764
f 380 4765 4766
f 460 4771 4768
f 459 4769 4770
f 539 4775 4772
f 538 4773 4774
f 618 4779 4776
f 617 4777 4778
f 697 4783 4780
f 696 4781 4782
f 776 4787 4784
f 775 4785 4786
f 855 4791 4788
f 854 4789 4790
f 934 4795 4792
f 933 4793 4794
f 1013 4799 4796
f 1012 4797 4798
f 1092 4803 4800
f 1091 4801 4802
f 1171 4807 4804
f 1170 4805 4806
f 1250 4811 4808
f 1249 4809 4810
f 1329 4815 4812
f 1328 4813 4814
f 1408 4819 4816
f 1407 4817 4818
f 1487 4823 4820
f 1486 4821 4822
f 1566 4827 4824
f 1565 4825 4826
f 1645 4831 4828
f 1644 4829 4830
f 1724 4835 4832
f 1723 4833 4834
f 1803 4839 4836
f 1802 4837 4838
f 1882 4843 4840
f 1881 4841 4842
f 1961 4847 4844
f 1960 4845 4846
f 2040 4851 4848
f 2119 4850 4853
f 2120 4855 4852
f 2119 4853 4854
f 2200 4859 4856
f 2199 4857 4858
f 2280 4864 4860
f 2279 4861 4862
f 2360 4863 4865
f 2360 4869 4863
f 2359 4867 4868
f 2441 4873 4870
f 2440 4871 4872
f 2522 4877 4874
f 2521 4875 4876
f 2603 4881 4878
f 2602 4879 4880
f 2684 4885 4882
f 2683 4883 4884
f 2765 4889 4886
f 2764 4887 4888
f 2846 4893 4890
f 2845 4891 4892
f 2927 4897 4894
f 2926 4895 4896
f 3008 4901 4898
f 3007 4899 4900
f 3089 4905 4902
f 3088 4903 4904
f 3170 4909 4906
f 3169 4907 4908
f 3251 4913 4910
f 3332 4912 4915
f 3333 4918 4914
f 3332 4915 4916
f 3415 4917 4919
f 3415 4923 4917
f 3414 4921 4922
f 3498 4927 4924
f 3497 4925 4926
f 3581 4931 4928
f 3664 4930 4933
f 3665 4936 4932
f 3664 4933 4934
f 3749 4935 4937
f 3749 4941 4935
f 3834 4940 4943
f 3835 4946 4942
f 3834 4943 4944
f 3921 4945 4947
f 3921 4951 4945
f 4008 4950 4953
f 4009 4956 4952
f 4008 4953 4954
f 4097 4955 4957
f 4097 4962 4955
f 4186 4960 4965
f 4187 4961 4963
f 4187 4968 4961
f 4278 4966 4971
f 4279 4967 4969
f 4279 4978 4967
f 4373 4973 4974
f 4373 4974 4981
f 4374 4975 4976
f 4374 4988 4975
f 4375 4977 4979
f 4472 4983 4984
f 4472 4984 4991
f 4473 4985 4986
f 4473 5018 4985
f 4474 4987 4989
f 4575 4993 4994
f 4576 4995 4996
f 4577 4997 4998
f 4578 4999 5000
f 4579 5001 5002
f 4580 5003 5004
f 4580 5004 5021
f 4581 5005 5006
f 4581 5046 5005
f 4582 5007 5008
f 4583 5009 5010
f 4584 5011 5012
f 4585 5013 5014
f 4586 5015 5016
f 4587 5017 5019
f 4697 5023 5024
f 4698 5025 5026
f 4699 5027 5028
f 4700 5029 5030
f 4701 5031 5032
f 4702 5033 5034
f 4703 5035 5036
f 4704 5037 5038
f 4705 5039 5040
f 4706 5041 5042
f 4707 5043 5044
f 4708 5045 5047
f 4741 27 7
f 4739 8 28
f 4745 55 27
f 4743 28 56
f 4749 93 55
f 4747 56 94
f 4753 143 93
f 4751 94 144
f 4757 222 143
f 4755 144 223
f 4761 301 222
f 4759 223 302
f 4765 380 301
f 4763 302 381
f 4769 459 380
f 4767 381 460
f 4773 538 459
f 4771 460 539
f 4777 617 538
f 4775 539 618
f 4781 696 617
f 4779 618 697
f 4785 775 696
f 4783 697 776
f 4789 854 775
f 4787 776 855
f 4793 933 854
f 4791 855 934
f 4797 1012 933
f 4795 934 1013
f 4801 1091 1012
f 4799 1013 1092
f 4805 1170 1091
f 4803 1092 1171
f 4809 1249 1170
f 4807 1171 1250
f 4813 1328 1249
f 4811 1250 1329
f 4817 1407 1328
f 4815 1329 1408
f 4821 1486 1407
f 4819 1408 1487
f 4825 1565 1486
f 4823 1487 1566
f 4829 1644 1565
f 4827 1566 1645
f 4833 1723 1644
f 4831 1645 1724
f 4837 1802 1723
f 4835 1724 1803
f 4841 1881 1802
f 4839 1803 1882
f 4845 1960 1881
f 4843 1882 1961
f 4849 2039 1960
f 4847 1961 2040
f 4850 2119 2039
f 4851 2040 2120
f 4857 2199 2119
f 4855 2120 2200
f 4861 2279 2199
f 4859 2200 2280
f 4867 2359 2279
f 4864 2280 2361
f 4866 2361 2360
f 4871 2440 2359
f 4869 2360 2441
f 4875 2521 2440
f 4873 2441 2522
f 4879 2602 2521
f 4877 2522 2603
f 4883 2683 2602
f 4881 2603 2684
f 4887 2764 2683
f 4885 2684 2765
f 4891 2845 2764
f 4889 2765 2846
f 4895 2926 2845
f 4893 2846 2927
f 4899 3007 2926
f 4897 2927 3008
f 4903 3088 3007
f 4901 3008 3089
f 4907 3169 3088
f 4905 3089 3170
f 4911 3250 3169
f 4909 3170 3251
f 4912 3332 3250
f 4913 3251 3333
f 4921 3414 3332
f 4918 3333 3416
f 4920 3416 3415
f 4925 3497 3414
f 4923 3415 3498
f 4929 3580 3497
f 4927 3498 3581
f 4930 3664 3580
f 4931 3581 3665
f 4939 3748 3664
f 4936 3665 3750
f 4938 3750 3749
f 4940 3834 3748
f 4941 3749 3835
f 4949 3920 3834
f 4946 3835 3922
f 4948 3922 3921
f 4950 4008 3920
f 4951 3921 4009
f 4959 4096 4008
f 4956 4009 4098
f 4958 4098 4097
f 4960 4186 4096
f 4962 4097 4188
f 4964 4188 4187
f 4966 4278 4186
f 4968 4187 4280
f 4970 4280 4279
f 4972 4372 4278
f 4973 4373 4372
f 4977 4375 4374
f 4978 4279 4376
f 4980 4376 4375
f 4982 4471 4373
f 4983 4472 4471
f 4987 4474 4473
f 4988 4374 4475
f 4990 4475 4474
f 4992 4574 4472
f 4993 4575 4574
f 4995 4576 4575
f 4997 4577 4576
f 4999 4578 4577
f 5001 4579 4578
f 5003 4580 4579
f 5007 4582 4581
f 5009 4583 4582
f 5011 4584 4583
f 5013 4585 4584
f 5015 4586 4585
f 5017 4587 4586
f 5018 4473 4588
f 5020 4588 4587
f 5022 4696 4580
f 5023 4697 4696
f 5025 4698 4697
f 5027 4699 4698
f 5029 4700 4699
f 5031 4701 4700
f 5033 4702 4701
f 5035 4703 4702
f 5037 4704 4703
f 5039 4705 4704
f 5041 4706 4705
f 5043 4707 4706
f 5045 4708 4707
f 5046 4581 4709
f 5048 4709 4708
f 4741 7 4738
f 4739 28 4740
f 4745 27 4742
f 4743 56 4744
f 4749 55 4746
f 4747 94 4748
f 4753 93 4750
f 4751 144 4752
f 4757 143 4754
f 4755 223 4756
f 4761 222 4758
f 4759 302 4760
f 4765 301 4762
f 4763 381 4764
f 4769 380 4766
f 4767 460 4768
f 4773 459 4770
f 4771 539 4772
f 4777 538 4774
f 4775 618 4776
f 4781 617 4778
f 4779 697 4780
f 4785 696 4782
f 4783 776 4784
f 4789 775 4786
f 4787 855 4788
f 4793 854 4790
f 4791 934 4792
f 4797 933 4794
f 4795 1013 4796
f 4801 1012 4798
f 4799 1092 4800
f 4805 1091 4802
f 4803 1171 4804
f 4809 1170 4806
f 4807 1250 4808
f 4813 1249 4810
f 4811 1329 4812
f 4817 1328 4814
f 4815 1408 4816
f 4821 1407 4818
f 4819 1487 4820
f 4825 1486 4822
f 4823 1566 4824
f 4829 1565 4826
f 4827 1645 4828
f 4833 1644 4830
f 4831 1724 4832
f 4837 1723 4834
f 4835 1803 4836
f 4841 1802 4838
f 4839 1882 4840
f 4845 1881 4842
f 4843 1961 4844
f 4849 1960 4846
f 4847 2040 4848
f 4850 2039 4849
f 4851 2120 4852
f 4857 2119 4854
f 4855 2200 4856
f 4861 2199 4858
f 4859 2280 4860
f 4867 2279 4862
f 4864 2361 4866
f 4866 2360 4865
f 4871 2359 4868
f 4869 2441 4870
f 4875 2440 4872
f 4873 2522 4874
f 4879 2521 4876
f 4877 2603 4878
f 4883 2602 4880
f 4881 2684 4882
f 4887 2683 4884
f 4885 2765 4886
f 4891 2764 4888
f 4889 2846 4890
f 4895 2845 4892
f 4893 2927 4894
f 4899 2926 4896
f 4897 3008 4898
f 4903 3007 4900
f 4901 3089 4902
f 4907 3088 4904
f 4905 3170 4906
f 4911 3169 4908
f 4909 3251 4910
f 4912 3250 4911
f 4913 3333 4914
f 4921 3332 4916
f 4918 3416 4920
f 4920 3415 4919
f 4925 3414 4922
f 4923 3498 4924
f 4929 3497 4926
f 4927 3581 4928
f 4930 3580 4929
f 4931 3665 4932
f 4939 3664 4934
f 4936 3750 4938
f 4938 3749 4937
f 4940 3748 4939
f 4941 3835 4942
f 4949 3834 4944
f 4946 3922 4948
f 4948 3921 4947
f 4950 3920 4949
f 4951 4009 4952
f 4959 4008 4954
f 4956 4098 4958
f 4958 4097 4957
f 4960 4096 4959
f 4962 4188 4964
f 4964 4187 4963
f 4966 4186 4965
f 4968 4280 4970
f 4970 4279 4969
f 4972 4278 4971
f 4973 4372 4972
f 4977 4374 4976
f 4978 4376 4980
f 4980 4375 4979
f 4982 4373 4981
f 4983 4471 4982
f 4987 4473 4986
f 4988 4475 4990
f 4990 4474 4989
f 4992 4472 4991
f 4993 4574 4992
f 4995 4575 4994
f 4997 4576 4996
f 4999 4577 4998
f 5001 4578 5000
f 5003 4579 5002
f 5007 4581 5006
f 5009 4582 5008
f 5011 4583 5010
f 5013 4584 5012
f 5015 4585 5014
f 5017 4586 5016
f 5018 4588 5020
f 5020 4587 5019
f 5022 4580 5021
f 5023 4696 5022
f 5025 4697 5024
f 5027 4698 5026
f 5029 4699 5028
f 5031 4700 5030
f 5033 4701 5032
f 5035 4702 5034
f 5037 4703 5036
f 5039 4704 5038
f 5041 4705 5040
f 5043 4706 5042
f 5045 4707 5044
f 5046 4709 5048
f 5048 4708 5047
f 1 5049 5050
f 1 5089 5049
f 2 5051 5052
f 3 5053 5054
f 4 5055 5056
f 5 5057 5058
f 6 5059 5060
f 7 5061 5062
f 9 5066 5067
f 10 5068 5069
f 11 5070 5071
f 12 5072 5073
f 13 5074 5075
f 14 5076 5077
f 14 5077 5078
f 16 5080 5081
f 17 5082 5083
f 17 5083 5093
f 18 5084 5085
f 18 5108 5084
f 19 5086 5087
f 20 5088 5090
f 39 5095 5096
f 40 5097 5098
f 41 5099 5100
f 41 5100 5111
f 42 5101 5102
f 42 5130 5101
f 43 5103 5104
f 44 5105 5106
f 45 5107 5109
f 71 5113 5114
f 72 5115 5116
f 73 5117 5118
f 74 5119 5120
f 74 5120 5133
f 75 5121 5122
f 75 5156 5121
f 76 5123 5124
f 77 5125 5126
f 78 5127 5128
f 79 5129 5131
f 114 5135 5136
f 115 5137 5138
f 116 5139 5140
f 117 5141 5142
f 118 5143 5144
f 118 5144 5159
f 119 5145 5146
f 119 5216 5145
f 120 5147 5148
f 121 5149 5150
f 122 5151 5152
f 123 5153 5154
f 124 5155 5157
f 170 5161 5162
f 171 5163 5164
f 172 5165 5166
f 173 5167 5168
f 174 5169 5170
f 175 5171 5172
f 176 5173 5174
f 177 5175 5176
f 178 5177 5178
f 179 5179 5180
f 180 5181 5182
f 181 5183 5184
f 182 5185 5186
f 183 5187 5188
f 184 5189 5190
f 185 5191 5192
f 186 5193 5194
f 187 5195 5196
f 188 5197 5198
f 189 5199 5200
f 190 5201 5202
f 191 5203 5204
f 192 5205 5206
f 193 5207 5208
f 194 5209 5210
f 195 5211 5212
f 196 5213 5214
f 197 5215 5217
f 4735 5063 5219
f 8 5092 5065
f 5051 2 1
f 5053 3 2
f 5055 4 3
f 5057 5 4
f 5059 6 5
f 5061 7 6
f 5066 9 8
f 5068 10 9
f 5070 11 10
f 5072 12 11
f 5074 13 12
f 5076 14 13
f 5080 16 15
f 5082 17 16
f 5086 19 18
f 5088 20 19
f 5089 1 21
f 5091 21 20
f 5079 15 14
f 5094 38 17
f 5095 39 38
f 5097 40 39
f 5099 41 40
f 5103 43 42
f 5105 44 43
f 5107 45 44
f 5108 18 46
f 5110 46 45
f 5112 70 41
f 5113 71 70
f 5115 72 71
f 5117 73 72
f 5119 74 73
f 5123 76 75
f 5125 77 76
f 5127 78 77
f 5129 79 78
f 5130 42 80
f 5132 80 79
f 5134 113 74
f 5135 114 113
f 5137 115 114
f 5139 116 115
f 5141 117 116
f 5143 118 117
f 5147 120 119
f 5149 121 120
f 5151 122 121
f 5153 123 122
f 5155 124 123
f 5156 75 125
f 5158 125 124
f 5160 169 118
f 5161 170 169
f 5163 171 170
f 5165 172 171
f 5167 173 172
f 5169 174 173
f 5171 175 174
f 5173 176 175
f 5175 177 176
f 5177 178 177
f 5179 179 178
f 5181 180 179
f 5183 181 180
f 5185 182 181
f 5187 183 182
f 5189 184 183
f 5191 185 184
f 5193 186 185
f 5195 187 186
f 5197 188 187
f 5199 189 188
f 5201 190 189
f 5203 191 190
f 5205 192 191
f 5207 193 192
f 5209 194 193
f 5211 195 194
f 5213 196 195
f 5215 197 196
f 5216 119 198
f 5218 198 197
f 5064 4737 7
f 5063 4735 4737
f 5092 8 4736
f 5051 1 5050
f 5053 2 5052
f 5055 3 5054
f 5057 4 5056
f 5059 5 5058
f 5061 6 5060
f 5066 8 5065
f 5068 9 5067
f 5070 10 5069
f 5072 11 5071
f 5074 12 5073
f 5076 13 5075
f 5080 15 5079
f 5082 16 5081
f 5086 18 5085
f 5088 19 5087
f 5089 21 5091
f 5091 20 5090
f 5079 14 5078
f 5094 17 5093
f 5095 38 5094
f 5097 39 5096
f 5099 40 5098
f 5103 42 5102
f 5105 43 5104
f 5107 44 5106
f 5108 46 5110
f 5110 45 5109
f 5112 41 5111
f 5113 70 5112
f 5115 71 5114
f 5117 72 5116
f 5119 73 5118
f 5123 75 5122
f 5125 76 5124
f 5127 77 5126
f 5129 78 5128
f 5130 80 5132
f 5132 79 5131
f 5134 74 5133
f 5135 113 5134
f 5137 114 5136
f 5139 115 5138
f 5141 116 5140
f 5143 117 5142
f 5147 119 5146
f 5149 120 5148
f 5151 121 5150
f 5153 122 5152
f 5155 123 5154
f 5156 125 5158
f 5158 124 5157
f 5160 118 5159
f 5161 169 5160
f 5163 170 5162
f 5165 171 5164
f 5167 172 5166
f 5169 173 5168
f 5171 174 5170
f 5173 175 5172
f 5175 176 5174
f 5177 177 5176
f 5179 178 5178
f 5181 179 5180
f 5183 180 5182
f 5185 181 5184
f 5187 182 5186
f 5189 183 5188
f 5191 184 5190
f 5193 185 5192
f 5195 186 5194
f 5197 187 5196
f 5199 188 5198
f 5201 189 5200
f 5203 190 5202
f 5205 191 5204
f 5207 192 5206
f 5209 193 5208
f 5211 194 5210
f 5213 195 5212
f 5215 196 5214
f 5216 198 5218
f 5218 197 5217
f 5064 7 5062
f 5063 4737 5064
f 5092 4736 5220

