# https://github.com/mikedh/trimesh
v 8.73671056 -6.09287445 33.88419108
v 8.73671056 -4.19259637 33.84879622
v 8.73671056 -0.13867586 33.83700111
v 8.73671056 3.91524473 33.84879622
v 8.73671056 5.81552281 33.88419108
v 8.73671056 7.31150503 33.94321452
v 9.75377706 -12.55409492 33.47591270
v 9.75377706 -11.56967687 33.31261726
v 9.75377706 -10.49552290 33.17468911
v 9.75377706 -9.30824109 33.06200066
v 9.75377706 -7.96837527 32.97445225
v 9.75377706 -6.39933007 32.91196922
v 9.75377706 -4.40624342 32.87449973
v 9.75377706 -0.15433159 32.86201326
v 9.75377706 4.09758033 32.87449973
v 9.75377706 6.09066697 32.91196922
v 9.75377706 7.65971217 32.97445225
v 9.75377706 8.99957800 33.06200066
v 9.75377706 10.18685980 33.17468911
v 9.75377706 11.26101377 33.31261726
v 9.75377706 12.24543182 33.47591270
v 10.78005113 -14.93874340 33.03576809
v 10.78005113 -14.05648813 32.81002066
v 10.78005113 -13.10724335 32.61133885
v 10.78005113 -12.08016445 32.43951658
v 10.78005113 -10.95946083 32.29438622
v 10.78005113 -9.72072685 32.17581350
v 10.78005113 -8.32279645 32.08369356
v 10.78005113 -6.68575494 32.01794785
v 10.78005113 -4.60629567 31.97852181
v 10.78005113 -0.17012252 31.96538333
v 10.78005113 4.26605072 31.97852181
v 10.78005113 6.34550999 32.01794785
v 10.78005113 7.98255150 32.08369356
v 10.78005113 9.38048190 32.17581350
v 10.78005113 10.61921588 32.29438622
v 10.78005113 11.73991950 32.43951658
v 10.78005113 12.76699840 32.61133885
v 10.78005113 13.71624318 32.81002066
v 10.78005113 14.59849846 33.03576809
v 11.81551116 -17.18141669 32.81881297
v 11.81551116 -16.38200230 32.52497082
v 11.81551116 -15.52706290 32.26004364
v 11.81551116 -14.61061535 32.02371354
v 11.81551116 -13.62458208 31.81571787
v 11.81551116 -12.55769819 31.63584086
v 11.81551116 -11.39356110 31.48390702
v 11.81551116 -10.10681932 31.35977581
v 11.81551116 -8.65471138 31.26333745
v 11.81551116 -6.95422545 31.19450968
v 11.81551116 -4.79417563 31.15323542
v 11.81551116 -0.18607622 31.13948103
v 11.81551116 4.42202328 31.15323542
v 11.81551116 6.58207311 31.19450968
v 11.81551116 8.28255904 31.26333745
v 11.81551116 9.73466698 31.35977581
v 11.81551116 11.02140875 31.48390702
v 11.81551116 12.18554584 31.63584086
v 11.81551116 13.25242974 31.81571787
v 11.81551116 14.23846300 32.02371354
v 11.81551116 15.15491055 32.26004364
v 11.81551116 16.00984995 32.52497082
v 11.81551116 16.80926435 32.81881297
v 12.86013355 -18.56466544 32.46559626
v 12.86013355 -17.79013602 32.12877786
v 12.86013355 -16.96284857 31.82249804
v 12.86013355 -16.07810014 31.54635709
v 12.86013355 -15.12969896 31.30002369
v 12.86013355 -14.10928583 31.08322403
v 12.86013355 -13.00520307 30.89573323
v 12.86013355 -11.80047620 30.73736838
v 12.86013355 -10.46886980 30.60798298
v 12.86013355 -8.96613145 30.50746260
v 12.86013355 -7.20635495 30.43572152
v 12.86013355 -4.97099102 30.39270020
v 12.86013355 -0.20222175 30.37836362
v 12.86013355 4.56654762 30.39270020
v 12.86013355 6.80191155 30.43572152
v 12.86013355 8.56168805 30.50746260
v 12.86013355 10.06442640 30.60798298
v 12.86013355 11.39603280 30.73736838
v 12.86013355 12.60075967 30.89573323
v 12.86013355 13.70484243 31.08322403
v 12.86013355 14.72525556 31.30002369
v 12.86013355 15.67365674 31.54635709
v 12.86013355 16.55840517 31.82249804
v 12.86013355 17.38569262 32.12877786
v 12.86013355 18.16022204 32.46559626
v 13.91389264 -19.15960909 31.84467235
v 13.91389264 -18.36067530 31.49492807
v 13.91389264 -17.50732114 31.17689433
v 13.91389264 -16.59469548 30.89015608
v 13.91389264 -15.61641147 30.63436928
v 13.91389264 -14.56384650 30.40924963
v 13.91389264 -13.42497559 30.21456361
v 13.91389264 -12.18228940 30.05012128
v 13.91389264 -10.80872589 29.91577053
v 13.91389264 -9.25863829 29.81139254
v 13.91389264 -7.44341362 29.73689829
v 13.91389264 -5.13761639 29.69222597
v 13.91389264 -0.21858966 29.67733920
v 13.91389264 4.70043717 29.69222597
v 13.91389264 7.00623440 29.73689829
v 13.91389264 8.82145907 29.81139254
v 13.91389264 10.37154668 29.91577053
v 13.91389264 11.74511018 30.05012128
v 13.91389264 12.98779637 30.21456361
v 13.91389264 14.12666728 30.40924963
v 13.91389264 15.17923225 30.63436928
v 13.91389264 16.15751626 30.89015608
v 13.91389264 17.07014192 31.17689433
v 13.91389264 17.92349608 31.49492807
v 13.91389264 18.72242987 31.84467235
v 13.91389264 19.47070179 32.22662717
v 14.97676075 -20.48692065 31.67089545
v 14.97676075 -19.71727463 31.27561515
v 14.97676075 -18.89551958 30.91366913
v 14.97676075 -18.01778968 30.58453995
v 14.97676075 -17.07909522 30.28779809
v 14.97676075 -16.07286688 30.02308750
v 14.97676075 -14.99023579 29.79011396
v 14.97676075 -13.81883345 29.58863582
v 14.97676075 -12.54065040 29.41845649
v 14.97676075 -11.12785156 29.27941857
v 14.97676075 -9.53348629 29.17139908
v 14.97676075 -7.66641040 29.09430590
v 14.97676075 -5.29474893 29.04807507
v 14.97676075 -0.23521203 29.03266894
v 14.97676075 4.82432497 29.04807507
v 14.97676075 7.19598643 29.09430590
v 14.97676075 9.06306232 29.17139908
v 14.97676075 10.65742760 29.27941857
v 14.97676075 12.07022644 29.41845649
v 14.97676075 13.34840949 29.58863582
v 14.97676075 14.51981182 29.79011396
v 14.97676075 15.60244292 30.02308750
v 14.97676075 16.60867125 30.28779809
v 14.97676075 17.54736572 30.58453995
v 14.97676075 18.42509562 30.91366913
v 14.97676075 19.24685066 31.27561515
v 14.97676075 20.01649669 31.67089545
v 16.04870819 -21.76861438 31.60624319
v 16.04870819 -21.02933618 31.16337273
v 16.04870819 -20.23971885 30.75553863
v 16.04870819 -19.39664035 30.38209747
v 16.04870819 -18.49613453 30.04251540
v 16.04870819 -17.53308218 29.73634925
v 16.04870819 -16.50074355 29.46323165
v 16.04870819 -15.39001961 29.22285905
v 16.04870819 -14.18822093 29.01498211
v 16.04870819 -12.87687072 28.83939802
v 16.04870819 -11.42741162 28.69594436
v 16.04870819 -9.79167467 28.58449425
v 16.04870819 -7.87615063 28.50495265
v 16.04870819 -5.44294769 28.45725357
v 16.04870819 -0.25212250 28.44135815
v 16.04870819 4.93870279 28.45725357
v 16.04870819 7.37190574 28.50495265
v 16.04870819 9.28742978 28.58449425
v 16.04870819 10.92316673 28.69594436
v 16.04870819 12.37262583 28.83939802
v 16.04870819 13.68397604 29.01498211
v 16.04870819 14.88577471 29.22285905
v 16.04870819 15.99649865 29.46323165
v 16.04870819 17.02883728 29.73634925
v 16.04870819 17.99188963 30.04251540
v 16.04870819 18.89239546 30.38209747
v 16.04870819 19.73547396 30.75553863
v 16.04870819 20.52509128 31.16337273
v 16.04870819 21.26436948 31.60624319
v 17.12970326 -22.29354202 31.15739799
v 17.12970326 -21.53682013 30.70172277
v 17.12970326 -20.72857134 30.28209691
v 17.12970326 -19.86559992 29.89785841
v 17.12970326 -18.94384614 29.54845796
v 17.12970326 -17.95807003 29.23343959
v 17.12970326 -16.90137278 28.95242531
v 17.12970326 -15.76444068 28.70510279
v 17.12970326 -14.53428488 28.49121548
v 17.12970326 -13.19199261 28.31055471
v 17.12970326 -11.70833270 28.16295335
v 17.12970326 -10.03399960 28.04828087
v 17.12970326 -8.07327768 27.96643948
v 17.12970326 -5.58266193 27.91736126
v 17.12970326 -0.26935626 27.90100626
v 17.12970326 5.04394951 27.91736126
v 17.12970326 7.53456526 27.96643948
v 17.12970326 9.49528718 28.04828087
v 17.12970326 11.16962027 28.16295335
v 17.12970326 12.65328019 28.31055471
v 17.12970326 13.99557245 28.49121548
v 17.12970326 15.22572825 28.70510279
v 17.12970326 16.36266035 28.95242531
v 17.12970326 17.41935760 29.23343959
v 17.12970326 18.40513372 29.54845796
v 17.12970326 19.32688750 29.89785841
v 17.12970326 20.18985891 30.28209691
v 17.12970326 20.99810771 30.70172277
v 17.12970326 21.75482960 31.15739799
v 18.21971223 -23.50658931 31.25716246
v 18.21971223 -22.78366169 30.75169153
v 18.21971223 -22.01070444 30.28403769
v 18.21971223 -21.18511478 29.85338086
v 18.21971223 -20.30362844 29.45904164
v 18.21971223 -19.36209856 29.10045628
v 18.21971223 -18.35517276 28.77715683
v 18.21971223 -17.27580422 28.48875535
v 18.21971223 -16.11447940 28.23493131
v 18.21971223 -14.85793078 28.01542141
v 18.21971223 -13.48683982 27.83001150
v 18.21971223 -11.97134819 27.67853005
v 18.21971223 -10.26109252 27.56084310
v 18.21971223 -8.25830359 27.47685029
v 18.21971223 -5.71425202 27.42648193
v 18.21971223 -0.28695013 27.40969699
v 18.21971223 5.14035187 27.42648193
v 18.21971223 7.68440343 27.47685029
v 18.21971223 9.68719237 27.56084310
v 18.21971223 11.39744804 27.67853005
v 18.21971223 12.91293967 27.83001150
v 18.21971223 14.28403062 28.01542141
v 18.21971223 15.54057925 28.23493131
v 18.21971223 16.70190406 28.48875535
v 18.21971223 17.78127260 28.77715683
v 18.21971223 18.78819841 29.10045628
v 18.21971223 19.72972828 29.45904164
v 18.21971223 20.61121463 29.85338086
v 18.21971223 21.43680429 30.28403769
v 18.21971223 22.20976154 30.75169153
v 18.21971223 22.93268915 31.25716246
v 19.31869939 -23.97705803 30.90507827
v 19.31869939 -23.24004287 30.38756054
v 19.31869939 -22.45202317 29.90876119
v 19.31869939 -21.61034541 29.46784060
v 19.31869939 -20.71168172 29.06410317
v 19.31869939 -19.75180445 28.69697171
v 19.31869939 -18.72525689 28.36596712
v 19.31869939 -17.62485491 28.07069222
v 19.31869939 -16.44089960 27.81081884
v 19.31869939 -15.15986487 27.58607740
v 19.31869939 -13.76205575 27.39624864
v 19.31869939 -12.21703204 27.24115697
v 19.31869939 -10.47344897 27.12066521
v 19.31869939 -8.43163210 27.03467062
v 19.31869939 -5.83800513 26.98310183
v 19.31869939 -0.30494252 26.96591686
v 19.31869939 5.22812020 26.98310183
v 19.31869939 7.82174717 27.03467062
v 19.31869939 9.86356404 27.12066521
v 19.31869939 11.60714712 27.24115697
v 19.31869939 13.15217082 27.39624864
v 19.31869939 14.54997994 27.58607740
v 19.31869939 15.83101467 27.81081884
v 19.31869939 17.01496999 28.07069222
v 19.31869939 18.11537196 28.36596712
v 19.31869939 19.14191952 28.69697171
v 19.31869939 20.10179679 29.06410317
v 19.31869939 21.00046048 29.46784060
v 19.31869939 21.84213824 29.90876119
v 19.31869939 22.63015795 30.38756054
v 19.31869939 23.36717310 30.90507827
v 20.42662705 -24.41352658 30.55777575
v 20.42662705 -23.66349611 30.03367333
v 20.42662705 -22.86156037 29.54878194
v 20.42662705 -22.00501901 29.10225125
v 20.42662705 -21.09048538 28.69337683
v 20.42662705 -20.11365715 28.32157414
v 20.42662705 -19.06898128 27.98635798
v 20.42662705 -17.94914677 27.68732613
v 20.42662705 -16.74428340 27.42414622
v 20.42662705 -15.44062625 27.19654526
v 20.42662705 -14.01813252 27.00430120
v 20.42662705 -12.44582449 26.84723620
v 20.42662705 -10.67145062 26.72521136
v 20.42662705 -8.59357630 26.63812260
v 20.42662705 -5.95414718 26.58589768
v 20.42662705 -0.32337349 26.56849405
v 20.42662705 5.30740032 26.58589768
v 20.42662705 7.94682943 26.63812260
v 20.42662705 10.02470375 26.72521136
v 20.42662705 11.79907762 26.84723620
v 20.42662705 13.37138566 27.00430120
v 20.42662705 14.79387938 27.19654526
v 20.42662705 16.09753653 27.42414622
v 20.42662705 17.30239990 27.68732613
v 20.42662705 18.42223441 27.98635798
v 20.42662705 19.46691029 28.32157414
v 20.42662705 20.44373851 28.69337683
v 20.42662705 21.35827214 29.10225125
v 20.42662705 22.21481350 29.54878194
v 20.42662705 23.01674924 30.03367333
v 20.42662705 23.76677971 30.55777575
v 21.54345551 -24.81660247 30.20583410
v 21.54345551 -24.05461130 29.68173169
v 21.54345551 -23.23988713 29.19684029
v 21.54345551 -22.36968654 28.75030960
v 21.54345551 -21.44056888 28.34143518
v 21.54345551 -20.44816322 27.96963249
v 21.54345551 -19.38682795 27.63441633
v 21.54345551 -18.24913548 27.33538448
v 21.54345551 -17.02505821 27.07220457
v 21.54345551 -15.70061170 26.84460362
v 21.54345551 -14.25543352 26.65235955
v 21.54345551 -12.65805196 26.49529456
v 21.54345551 -10.85538223 26.37326971
v 21.54345551 -8.74437213 26.28618096
v 21.54345551 -6.06285216 26.23395603
v 21.54345551 -0.34228476 26.21655241
v 21.54345551 5.37828275 26.23395603
v 21.54345551 8.05980272 26.28618096
v 21.54345551 10.17081282 26.37326971
v 21.54345551 11.97348255 26.49529456
v 21.54345551 13.57086411 26.65235955
v 21.54345551 15.01604229 26.84460362
v 21.54345551 16.34048880 27.07220457
v 21.54345551 17.56456607 27.33538448
v 21.54345551 18.70225854 27.63441633
v 21.54345551 19.76359381 27.96963249
v 21.54345551 20.75599947 28.34143518
v 21.54345551 21.68511713 28.75030960
v 21.54345551 22.55531772 29.19684029
v 21.54345551 23.37004189 29.68173169
v 21.54345551 24.13203306 30.20583410
v 22.66914312 -25.90835867 30.46310139
v 22.66914312 -25.18669640 29.89875854
v 22.66914312 -24.41378770 29.37465612
v 22.66914312 -23.58739047 28.88976473
v 22.66914312 -22.70472197 28.44323404
v 22.66914312 -21.76229225 28.03435962
v 22.66914312 -20.75566777 27.66255693
v 22.66914312 -19.67912608 27.32734077
v 22.66914312 -18.52513318 27.02830892
v 22.66914312 -17.28351778 26.76512901
v 22.66914312 -15.94009509 26.53752805
v 22.66914312 -14.47421094 26.34528399
v 22.66914312 -12.85394268 26.18821899
v 22.66914312 -11.02544496 26.06619415
v 22.66914312 -8.88418910 25.97910539
v 22.66914312 -6.16424930 25.92688047
v 22.66914312 -0.36171973 25.90947684
v 22.66914312 5.44080995 25.92688047
v 22.66914312 8.16074975 25.97910539
v 22.66914312 10.30200561 26.06619415
v 22.66914312 12.13050333 26.18821899
v 22.66914312 13.75077159 26.34528399
v 22.66914312 15.21665574 26.53752805
v 22.66914312 16.56007843 26.76512901
v 22.66914312 17.80169383 27.02830892
v 22.66914312 18.95568673 27.32734077
v 22.66914312 20.03222842 27.66255693
v 22.66914312 21.03885290 28.03435962
v 22.66914312 21.98128262 28.44323404
v 22.66914312 22.86395112 28.88976473
v 22.66914312 23.69034836 29.37465612
v 22.66914312 24.46325706 29.89875854
v 22.66914312 25.18491932 30.46310139
v 23.80364626 -26.25493407 30.20051227
v 23.80364626 -25.52404654 29.63616942
v 23.80364626 -24.74125748 29.11206700
v 23.80364626 -23.90429611 28.62717561
v 23.80364626 -23.01034415 28.18064492
v 23.80364626 -22.05586703 27.77177050
v 23.80364626 -21.03637452 27.39996781
v 23.80364626 -19.94607101 27.06475165
v 23.80364626 -18.77732622 26.76571980
v 23.80364626 -17.51983881 26.50253989
v 23.80364626 -16.15924268 26.27493893
v 23.80364626 -14.67461962 26.08269487
v 23.80364626 -13.03363890 25.92562987
v 23.80364626 -11.18176686 25.80360503
v 23.80364626 -9.01313857 25.71651627
v 23.80364626 -6.25842883 25.66429135
v 23.80364626 -0.38172349 25.64688772
v 23.80364626 5.49498197 25.66429135
v 23.80364626 8.24969171 25.71651627
v 23.80364626 10.41832000 25.80360503
v 23.80364626 12.27019204 25.92562987
v 23.80364626 13.91117276 26.08269487
v 23.80364626 15.39579582 26.27493893
v 23.80364626 16.75639196 26.50253989
v 23.80364626 18.01387936 26.76571980
v 23.80364626 19.18262416 27.06475165
v 23.80364626 20.27292766 27.39996781
v 23.80364626 21.29242017 27.77177050
v 23.80364626 22.24689730 28.18064492
v 23.80364626 23.14084926 28.62717561
v 23.80364626 23.97781062 29.11206700
v 23.80364626 24.76059968 29.63616942
v 23.80364626 25.49148721 30.20051227
v 24.94691935 -26.56788336 29.98224690
v 24.94691935 -25.82873786 29.41790405
v 24.94691935 -25.03710441 28.89380163
v 24.94691935 -24.19068659 28.40891024
v 24.94691935 -23.28663426 27.96237955
v 24.94691935 -22.32137292 27.55350512
v 24.94691935 -21.29036161 27.18170244
v 24.94691935 -20.18773925 26.84648628
v 24.94691935 -19.00578933 26.54745443
v 24.94691935 -17.73409413 26.28427452
v 24.94691935 -16.35812522 26.05667356
v 24.94691935 -14.85672806 25.86442950
v 24.94691935 -13.19720663 25.70736450
v 24.94691935 -11.32441110 25.58533966
v 24.94691935 -9.13128044 25.49825090
v 24.94691935 -6.34544645 25.44602598
v 24.94691935 -0.40234282 25.42862235
v 24.94691935 5.54076093 25.44602598
v 24.94691935 8.32659491 25.49825090
v 24.94691935 10.51972557 25.58533966
v 24.94691935 12.39252110 25.70736450
v 24.94691935 14.05204253 25.86442950
v 24.94691935 15.55343969 26.05667356
v 24.94691935 16.92940860 26.28427452
v 24.94691935 18.20110380 26.54745443
v 24.94691935 19.38305372 26.84648628
v 24.94691935 20.48567608 27.18170244
v 24.94691935 21.51668739 27.55350512
v 24.94691935 22.48194873 27.96237955
v 24.94691935 23.38600106 28.40891024
v 24.94691935 24.23241888 28.89380163
v 24.94691935 25.02405233 29.41790405
v 24.94691935 25.76319783 29.98224690
v 26.09891487 -27.54246292 30.41418171
v 26.09891487 -26.84715068 29.80834703
v 26.09891487 -26.10071744 29.24400417
v 26.09891487 -25.30127873 28.71990176
v 26.09891487 -24.44651551 28.23501036
v 26.09891487 -23.53354951 27.78847967
v 26.09891487 -22.55877100 27.37960525
v 26.09891487 -21.51759425 27.00780256
v 26.09891487 -20.40410039 26.67258641
v 26.09891487 -19.21049681 26.37355455
v 26.09891487 -17.92626310 26.11037464
v 26.09891487 -16.53672758 25.88277369
v 26.09891487 -15.02052712 25.69052963
v 26.09891487 -13.34464334 25.53346463
v 26.09891487 -11.45338265 25.41143978
v 26.09891487 -9.23862842 25.32435103
v 26.09891487 -6.42532700 25.27212610
v 26.09891487 -0.42362626 25.25472248
v 26.09891487 5.57807460 25.27212610
v 26.09891487 8.39137602 25.32435103
v 26.09891487 10.60613025 25.41143978
v 26.09891487 12.49739094 25.53346463
v 26.09891487 14.17327472 25.69052963
v 26.09891487 15.68947518 25.88277369
v 26.09891487 17.07901070 26.11037464
v 26.09891487 18.36324441 26.37355455
v 26.09891487 19.55684799 26.67258641
v 26.09891487 20.67034185 27.00780256
v 26.09891487 21.71151860 27.37960525
v 26.09891487 22.68629711 27.78847967
v 26.09891487 23.59926311 28.23501036
v 26.09891487 24.45402633 28.71990176
v 26.09891487 25.25346504 29.24400417
v 26.09891487 25.99989828 29.80834703
v 26.09891487 26.69521052 30.41418171
v 27.25958337 -27.79374157 30.28488615
v 27.25958337 -27.09255070 29.67905147
v 27.25958337 -26.33980661 29.11470861
v 27.25958337 -25.53360891 28.59060620
v 27.25958337 -24.67161894 28.10571481
v 27.25958337 -23.75093412 27.65918411
v 27.25958337 -22.76791418 27.25030969
v 27.25958337 -21.71793462 26.87850700
v 27.25958337 -20.59502653 26.54329085
v 27.25958337 -19.39133143 26.24425899
v 27.25958337 -18.09623995 25.98107909
v 27.25958337 -16.69495635 25.75347813
v 27.25958337 -15.16593692 25.56123407
v 27.25958337 -13.47588409 25.40416907
v 27.25958337 -11.56863341 25.28214422
v 27.25958337 -9.33515416 25.19505547
v 27.25958337 -6.49806720 25.14283055
v 27.25958337 -0.44562405 25.12542692
v 27.25958337 5.60681922 25.14283055
v 27.25958337 8.44390619 25.19505547
v 27.25958337 10.67738544 25.28214422
v 27.25958337 12.58463612 25.40416907
v 27.25958337 14.27468895 25.56123407
v 27.25958337 15.80370838 25.75347813
v 27.25958337 17.20499197 25.98107909
v 27.25958337 18.50008345 26.24425899
v 27.25958337 19.70377856 26.54329085
v 27.25958337 20.82668665 26.87850700
v 27.25958337 21.87666620 27.25030969
v 27.25958337 22.85968615 27.65918411
v 27.25958337 23.78037097 28.10571481
v 27.25958337 24.64236094 28.59060620
v 27.25958337 25.44855864 29.11470861
v 27.25958337 26.20130273 29.67905147
v 27.25958337 26.90249360 30.28488615
v 28.42887347 -28.00992853 30.20062812
v 28.42887347 -27.30377840 29.59479344
v 28.42887347 -26.54571044 29.03045058
v 28.42887347 -25.73381081 28.50634817
v 28.42887347 -24.86572431 28.02145678
v 28.42887347 -23.93852784 27.57492608
v 28.42887347 -22.94855537 27.16605166
v 28.42887347 -21.89114971 26.79424897
v 28.42887347 -20.76029972 26.45903282
v 28.42887347 -19.54809133 26.16000096
v 28.42887347 -18.24384016 25.89682106
v 28.42887347 -16.83264583 25.66922010
v 28.42887347 -15.29281222 25.47697604
v 28.42887347 -13.59080629 25.31991104
v 28.42887347 -11.67006635 25.19788619
v 28.42887347 -9.42079056 25.11079744
v 28.42887347 -6.56363796 25.05857252
v 28.42887347 -0.46838818 25.04116889
v 28.42887347 5.62686171 25.05857252
v 28.42887347 8.48401431 25.11079744
v 28.42887347 10.73329011 25.19788619
v 28.42887347 12.65403005 25.31991104
v 28.42887347 14.35603598 25.47697604
v 28.42887347 15.89586958 25.66922010
v 28.42887347 17.30706392 25.89682106
v 28.42887347 18.61131509 26.16000096
v 28.42887347 19.82352347 26.45903282
v 28.42887347 20.95437346 26.79424897
v 28.42887347 22.01177912 27.16605166
v 28.42887347 23.00175159 27.57492608
v 28.42887347 23.92894807 28.02145678
v 28.42887347 24.79703456 28.50634817
v 28.42887347 25.60893419 29.03045058
v 28.42887347 26.36700215 29.59479344
v 28.42887347 27.07315228 30.20062812
v 29.60673188 -28.19059417 30.16203700
v 29.60673188 -27.48041656 29.55620232
v 29.60673188 -26.71802500 28.99185947
v 29.60673188 -25.90149476 28.46775705
v 29.60673188 -25.02845719 27.98286566
v 29.60673188 -24.09597250 27.53633497
v 29.60673188 -23.10035379 27.12746055
v 29.60673188 -22.03691728 26.75565786
v 29.60673188 -20.89961756 26.42044170
v 29.60673188 -19.68049543 26.12140985
v 29.60673188 -18.36880555 25.85822994
v 29.60673188 -16.94956256 25.63062898
v 29.60673188 -15.40094661 25.43838492
v 29.60673188 -13.68923340 25.28131992
v 29.60673188 -11.75753864 25.15929508
v 29.60673188 -9.49543424 25.07220632
v 29.60673188 -6.62198606 25.01998140
v 29.60673188 -0.49197242 25.00257777
v 29.60673188 5.63804134 25.01998140
v 29.60673188 8.51148953 25.07220632
v 29.60673188 10.77359392 25.15929508
v 29.60673188 12.70528868 25.28131992
v 29.60673188 14.41700189 25.43838492
v 29.60673188 15.96561784 25.63062898
v 29.60673188 17.38486083 25.85822994
v 29.60673188 18.69655071 26.12140985
v 29.60673188 19.91567285 26.42044170
v 29.60673188 21.05297257 26.75565786
v 29.60673188 22.11640908 27.12746055
v 29.60673188 23.11202779 27.53633497
v 29.60673188 24.04451247 27.98286566
v 29.60673188 24.91755004 28.46775705
v 29.60673188 25.73408029 28.99185947
v 29.60673188 26.49647184 29.55620232
v 29.60673188 27.20664945 30.16203700
v 30.79310342 -28.33580754 30.15945923
v 30.79310342 -27.62253320 29.55362455
v 30.79310342 -26.85681724 28.98928169
v 30.79310342 -26.03672653 28.46517928
v 30.79310342 -25.15988208 27.98028789
v 30.79310342 -24.22333130 27.53375719
v 30.79310342 -23.22337120 27.12488277
v 30.79310342 -22.15529758 26.75308008
v 30.79310342 -21.01303867 26.41786393
v 30.79310342 -19.78860056 26.11883207
v 30.79310342 -18.47119106 25.85565216
v 30.79310342 -17.04575947 25.62805121
v 30.79310342 -15.49039079 25.43580715
v 30.79310342 -13.77121366 25.27874215
v 30.79310342 -11.83109576 25.15671730
v 30.79310342 -9.55912747 25.06962855
v 30.79310342 -6.67314963 25.01740363
v 30.79310342 -0.51640610 25.00000000
v 30.79310342 5.64033755 25.01740363
v 30.79310342 8.52631539 25.06962855
v 30.79310342 10.79828368 25.15671730
v 30.79310342 12.73840158 25.27874215
v 30.79310342 14.45757871 25.43580715
v 30.79310342 16.01294739 25.62805121
v 30.79310342 17.43837899 25.85565216
v 30.79310342 18.75578849 26.11883207
v 30.79310342 19.98022659 26.41786393
v 30.79310342 21.12248550 26.75308008
v 30.79310342 22.19055912 27.12488277
v 30.79310342 23.19051922 27.53375719
v 30.79310342 24.12707000 27.98028789
v 30.79310342 25.00391445 28.46517928
v 30.79310342 25.82400517 28.98928169
v 30.79310342 26.58972113 29.55362455
v 30.79310342 27.30299546 30.15945923
v 31.98793102 -28.44702866 30.15945923
v 31.98793102 -27.73154961 29.55362455
v 31.98793102 -26.96346685 28.98928169
v 31.98793102 -26.14084126 28.46517928
v 31.98793102 -25.26128651 27.98028789
v 31.98793102 -24.32184088 27.53375719
v 31.98793102 -23.31878994 27.12488277
v 31.98793102 -22.24741494 26.75308008
v 31.98793102 -21.10162534 26.41786393
v 31.98793102 -19.87340253 26.11883207
v 31.98793102 -18.55192096 25.85565216
v 31.98793102 -17.12208340 25.62805121
v 31.98793102 -15.56190713 25.43580715
v 31.98793102 -13.83741608 25.27874215
v 31.98793102 -11.89130133 25.15671730
v 31.98793102 -9.61231046 25.06962855
v 31.98793102 -6.71741215 25.01740363
v 31.98793102 -0.54163832 25.00000000
v 31.98793102 5.63413564 25.01740363
v 31.98793102 8.52903394 25.06962855
v 31.98793102 10.80802482 25.15671730
v 31.98793102 12.75413956 25.27874215
v 31.98793102 14.47863061 25.43580715
v 31.98793102 16.03880689 25.62805121
v 31.98793102 17.46864445 25.85565216
v 31.98793102 18.79012602 26.11883207
v 31.98793102 20.01834883 26.41786393
v 31.98793102 21.16413842 26.75308008
v 31.98793102 22.23551342 27.12488277
v 31.98793102 23.23856437 27.53375719
v 31.98793102 24.17800999 27.98028789
v 31.98793102 25.05756474 28.46517928
v 31.98793102 25.88019034 28.98928169
v 31.98793102 26.64827310 29.55362455
v 31.98793102 27.36375214 30.15945923
v 33.19115571 -28.52394025 30.15945923
v 33.19115571 -27.80715669 29.55362455
v 33.19115571 -27.03767350 28.98928169
v 33.19115571 -26.21354804 28.46517928
v 33.19115571 -25.33238962 27.98028789
v 33.19115571 -24.39123113 27.53375719
v 33.19115571 -23.38635135 27.12488277
v 33.19115571 -22.31302294 26.75308008
v 33.19115571 -21.16514426 26.41786393
v 33.19115571 -19.93468206 26.11883207
v 33.19115571 -18.61079107 25.85565216
v 33.19115571 -17.17834653 25.62805121
v 33.19115571 -15.61532563 25.43580715
v 33.19115571 -13.88769036 25.27874215
v 33.19115571 -11.93802732 25.15671730
v 33.19115571 -9.65488122 25.06962855
v 33.19115571 -6.75470472 25.01740363
v 33.19115571 -0.56767077 25.00000000
v 33.19115571 5.61936330 25.01740363
v 33.19115571 8.51953980 25.06962855
v 33.19115571 10.80268590 25.15671730
v 33.19115571 12.75234894 25.27874215
v 33.19115571 14.47998421 25.43580715
v 33.19115571 16.04300511 25.62805121
v 33.19115571 17.47544965 25.85565216
v 33.19115571 18.79934064 26.11883207
v 33.19115571 20.02980284 26.41786393
v 33.19115571 21.17768152 26.75308008
v 33.19115571 22.25100993 27.12488277
v 33.19115571 23.25588971 27.53375719
v 33.19115571 24.19704820 27.98028789
v 33.19115571 25.07820662 28.46517928
v 33.19115571 25.90233208 28.98928169
v 33.19115571 26.67181527 29.55362455
v 33.19115571 27.38859883 30.15945923
v 34.40271670 -28.56792535 30.15945923
v 34.40271670 -27.85070220 29.55362455
v 34.40271670 -27.08074709 28.98928169
v 34.40271670 -26.25611619 28.46517928
v 34.40271670 -25.37441737 27.98028789
v 34.40271670 -24.43268167 27.53375719
v 34.40271670 -23.42718560 27.12488277
v 34.40271670 -22.35319893 26.75308008
v 34.40271670 -21.20461626 26.41786393
v 34.40271670 -19.97339943 26.11883207
v 34.40271670 -18.64869650 25.85565216
v 34.40271670 -17.21537345 25.62805121
v 34.40271670 -15.65139395 25.43580715
v 34.40271670 -13.92269914 25.27874215
v 34.40271670 -11.97184038 25.15671730
v 34.40271670 -9.68729404 25.06962855
v 34.40271670 -6.78533888 25.01740363
v 34.40271670 -0.59451045 25.00000000
v 34.40271670 5.59631809 25.01740363
v 34.40271670 8.49827325 25.06962855
v 34.40271670 10.78281959 25.15671730
v 34.40271670 12.73367835 25.27874215
v 34.40271670 14.46237316 25.43580715
v 34.40271670 16.02635266 25.62805121
v 34.40271670 17.45967571 25.85565216
v 34.40271670 18.78437864 26.11883207
v 34.40271670 20.01559547 26.41786393
v 34.40271670 21.16417814 26.75308008
v 34.40271670 22.23816481 27.12488277
v 34.40271670 23.24366088 27.53375719
v 34.40271670 24.18539658 27.98028789
v 34.40271670 25.06709541 28.46517928
v 34.40271670 25.89172630 28.98928169
v 34.40271670 26.66168141 29.55362455
v 34.40271670 27.37890457 30.15945923
v 35.62255133 -28.60427576 30.15945923
v 35.62255133 -27.88682963 29.55362455
v 35.62255133 -27.11663514 28.98928169
v 35.62255133 -26.29174788 28.46517928
v 35.62255133 -25.40977493 27.98028789
v 35.62255133 -24.46774646 27.53375719
v 35.62255133 -23.46193778 27.12488277
v 35.62255133 -22.38761721 26.75308008
v 35.62255133 -21.23867745 26.41786393
v 35.62255133 -20.00707785 26.11883207
v 35.62255133 -18.68196308 25.85565216
v 35.62255133 -17.24819441 25.62805121
v 35.62255133 -15.68372869 25.43580715
v 35.62255133 -13.95449643 25.27874215
v 35.62255133 -12.00303116 25.15671730
v 35.62255133 -9.71777457 25.06962855
v 35.62255133 -6.81491721 25.01740363
v 35.62255133 -0.62216409 25.00000000
v 35.62255133 5.57058914 25.01740363
v 35.62255133 8.47344651 25.06962855
v 35.62255133 10.75870309 25.15671730
v 35.62255133 12.71016836 25.27874215
v 35.62255133 14.43940062 25.43580715
v 35.62255133 16.00386635 25.62805121
v 35.62255133 17.43763501 25.85565216
v 35.62255133 18.76274978 26.11883207
v 35.62255133 19.99434939 26.41786393
v 35.62255133 21.14328915 26.75308008
v 35.62255133 22.21760972 27.12488277
v 35.62255133 23.22341839 27.53375719
v 35.62255133 24.16544687 27.98028789
v 35.62255133 25.04741981 28.46517928
v 35.62255133 25.87230708 28.98928169
v 35.62255133 26.64250156 29.55362455
v 35.62255133 27.35994770 30.15945923
v 36.85059510 -28.64094932 30.15945923
v 36.85059510 -27.92329295 29.55362455
v 36.85059510 -27.15287278 28.98928169
v 36.85059510 -26.32774380 28.46517928
v 36.85059510 -25.44551242 27.98028789
v 36.85059510 -24.50320790 27.53375719
v 36.85059510 -23.49710450 27.12488277
v 36.85059510 -22.42246912 26.75308008
v 36.85059510 -21.27319269 26.41786393
v 36.85059510 -20.04123219 26.11883207
v 36.85059510 -18.71572913 25.85565216
v 36.85059510 -17.28154033 25.62805121
v 36.85059510 -15.71661617 25.43580715
v 36.85059510 -13.98687720 25.27874215
v 36.85059510 -12.03484010 25.15671730
v 36.85059510 -9.74891387 25.06962855
v 36.85059510 -6.84520589 25.01740363
v 36.85059510 -0.65063813 25.00000000
v 36.85059510 5.54392976 25.01740363
v 36.85059510 8.44763773 25.06962855
v 36.85059510 10.73356397 25.15671730
v 36.85059510 12.68560107 25.27874215
v 36.85059510 14.41534004 25.43580715
v 36.85059510 15.98026420 25.62805121
v 36.85059510 17.41445299 25.85565216
v 36.85059510 18.73995606 26.11883207
v 36.85059510 19.97191656 26.41786393
v 36.85059510 21.12119299 26.75308008
v 36.85059510 22.19582836 27.12488277
v 36.85059510 23.20193176 27.53375719
v 36.85059510 24.14423628 27.98028789
v 36.85059510 25.02646767 28.46517928
v 36.85059510 25.85159665 28.98928169
v 36.85059510 26.62201682 29.55362455
v 36.85059510 27.33967319 30.15945923
v 38.08678170 -28.67799145 30.15945923
v 38.08678170 -27.96013659 29.55362455
v 38.08678170 -27.18950334 28.98928169
v 38.08678170 -26.36414614 28.46517928
v 38.08678170 -25.48167075 27.98028789
v 38.08678170 -24.53910561 27.53375719
v 38.08678170 -23.53272394 27.12488277
v 38.08678170 -22.45779134 26.75308008
v 38.08678170 -21.30819705 26.41786393
v 38.08678170 -20.07589581 26.11883207
v 38.08678170 -18.75002614 25.85565216
v 38.08678170 -17.31544068 25.62805121
v 38.08678170 -15.75008369 25.43580715
v 38.08678170 -14.01986631 25.27874215
v 38.08678170 -12.06728932 25.15671730
v 38.08678170 -9.78073085 25.06962855
v 38.08678170 -6.87621976 25.01740363
v 38.08678170 -0.67993871 25.00000000
v 38.08678170 5.51634247 25.01740363
v 38.08678170 8.42085355 25.06962855
v 38.08678170 10.70741202 25.15671730
v 38.08678170 12.65998902 25.27874215
v 38.08678170 14.39020640 25.43580715
v 38.08678170 15.95556338 25.62805121
v 38.08678170 17.39014885 25.85565216
v 38.08678170 18.71601852 26.11883207
v 38.08678170 19.94831975 26.41786393
v 38.08678170 21.09791405 26.75308008
v 38.08678170 22.17284665 27.12488277
v 38.08678170 23.17922832 27.53375719
v 38.08678170 24.12179346 27.98028789
v 38.08678170 25.00426885 28.46517928
v 38.08678170 25.82962605 28.98928169
v 38.08678170 26.60025930 29.55362455
v 38.08678170 27.31811416 30.15945923
v 39.33104302 -28.71544931 30.15945923
v 39.33104302 -27.99740665 29.55362455
v 39.33104302 -27.22657178 28.98928169
v 39.33104302 -26.40099866 28.46517928
v 39.33104302 -25.51829239 27.98028789
v 39.33104302 -24.57548066 27.53375719
v 39.33104302 -23.56883570 27.12488277
v 39.33104302 -22.49362187 26.75308008
v 39.33104302 -21.34372682 26.41786393
v 39.33104302 -20.11110319 26.11883207
v 39.33104302 -18.78488664 25.85565216
v 39.33104302 -17.34992586 25.62805121
v 39.33104302 -15.78415934 25.43580715
v 39.33104302 -14.05348930 25.27874215
v 39.33104302 -12.10040147 25.15671730
v 39.33104302 -9.81324479 25.06962855
v 39.33104302 -6.90797382 25.01740363
v 39.33104302 -0.71007169 25.00000000
v 39.33104302 5.48783057 25.01740363
v 39.33104302 8.39310153 25.06962855
v 39.33104302 10.68025822 25.15671730
v 39.33104302 12.63334605 25.27874215
v 39.33104302 14.36401609 25.43580715
v 39.33104302 15.92978261 25.62805121
v 39.33104302 17.36474339 25.85565216
v 39.33104302 18.69095994 26.11883207
v 39.33104302 19.92358357 26.41786393
v 39.33104302 21.07347862 26.75308008
v 39.33104302 22.14869245 27.12488277
v 39.33104302 23.15533741 27.53375719
v 39.33104302 24.09814914 27.98028789
v 39.33104302 24.98085541 28.46517928
v 39.33104302 25.80642853 28.98928169
v 39.33104302 26.57726340 29.55362455
v 39.33104302 27.29530606 30.15945923
v 40.58330914 -28.75337185 30.15866574
v 40.58330914 -28.03515095 29.55283106
v 40.58330914 -27.26412474 28.98848820
v 40.58330914 -26.43834669 28.46438579
v 40.58330914 -25.55542131 27.97949440
v 40.58330914 -24.61237555 27.53296371
v 40.58330914 -23.60548072 27.12408928
v 40.58330914 -22.53000000 26.75228660
v 40.58330914 -21.37981951 26.41707044
v 40.58330914 -20.14688992 26.11803858
v 40.58330914 -18.82034417 25.85485868
v 40.58330914 -17.38502720 25.62725772
v 40.58330914 -15.81887202 25.43501366
v 40.58330914 -14.08777238 25.27794866
v 40.58330914 -12.13419975 25.15592382
v 40.58330914 -9.84647534 25.06883506
v 40.58330914 -6.94048322 25.01661014
v 40.58330914 -0.74104261 24.99920651
v 40.58330914 5.45839811 25.01661014
v 40.58330914 8.36439023 25.06883506
v 40.58330914 10.65211464 25.15592382
v 40.58330914 12.60568728 25.27794866
v 40.58330914 14.33678691 25.43501366
v 40.58330914 15.90294209 25.62725772
v 40.58330914 17.33825906 25.85485868
v 40.58330914 18.66480481 26.11803858
v 40.58330914 19.89773440 26.41707044
v 40.58330914 21.04791489 26.75228660
v 40.58330914 22.12339561 27.12408928
v 40.58330914 23.13029044 27.53296371
v 40.58330914 24.07333620 27.97949440
v 40.58330914 24.95626158 28.46438579
v 40.58330914 25.78203963 28.98848820
v 40.58330914 26.55306584 29.55283106
v 40.58330914 27.27128674 30.15866574
v 41.84350839 -28.79180973 30.15164667
v 41.84350839 -28.07341900 29.54581198
v 41.84350839 -27.30221048 28.98146913
v 41.84350839 -26.47623716 28.45736671
v 41.84350839 -25.59310301 27.97247532
v 41.84350839 -24.64983425 27.52594463
v 41.84350839 -23.64270133 27.11707021
v 41.84350839 -22.56696631 26.74526752
v 41.84350839 -21.41651385 26.41005136
v 41.84350839 -20.18329272 26.11101951
v 41.84350839 -18.85643330 25.84783960
v 41.84350839 -17.42077693 25.62023865
v 41.84350839 -15.85425142 25.42799458
v 41.84350839 -14.12274245 25.27092959
v 41.84350839 -12.16870788 25.14890474
v 41.84350839 -9.88044252 25.06181599
v 41.84350839 -6.97376325 25.00959106
v 41.84350839 -0.77285673 24.99218744
v 41.84350839 5.42804990 25.00959106
v 41.84350839 8.33472917 25.06181599
v 41.84350839 10.62299454 25.14890474
v 41.84350839 12.57702911 25.27092959
v 41.84350839 14.30853808 25.42799458
v 41.84350839 15.87506359 25.62023865
v 41.84350839 17.31071995 25.84783960
v 41.84350839 18.63757937 26.11101951
v 41.84350839 19.87080051 26.41005136
v 41.84350839 21.02125296 26.74526752
v 41.84350839 22.09698799 27.11707021
v 41.84350839 23.10412091 27.52594463
v 41.84350839 24.04738967 27.97247532
v 41.84350839 24.93052382 28.45736671
v 41.84350839 25.75649713 28.98146913
v 41.84350839 26.52770566 29.54581198
v 41.84350839 27.24609638 30.15164667
v 43.11156732 -28.83081539 30.13752657
v 43.11156732 -28.11226202 29.53169188
v 43.11156732 -27.34087890 28.96734903
v 43.11156732 -26.51471858 28.44324661
v 43.11156732 -25.63138449 27.95835522
v 43.11156732 -24.68790219 27.51182453
v 43.11156732 -23.68054125 27.10295011
v 43.11156732 -22.60456268 26.73114742
v 43.11156732 -21.45384976 26.39593126
v 43.11156732 -20.22034943 26.09689941
v 43.11156732 -18.89318961 25.83371950
v 43.11156732 -17.45720822 25.60611855
v 43.11156732 -15.89032805 25.41387448
v 43.11156732 -14.15842707 25.25680949
v 43.11156732 -12.20395011 25.13478464
v 43.11156732 -9.91516668 25.04769589
v 43.11156732 -7.00782935 24.99547096
v 43.11156732 -0.80551896 24.97806734
v 43.11156732 5.39679155 24.99547096
v 43.11156732 8.30412889 25.04769589
v 43.11156732 10.59291231 25.13478464
v 43.11156732 12.54738927 25.25680949
v 43.11156732 14.27929025 25.41387448
v 43.11156732 15.84617042 25.60611855
v 43.11156732 17.28215182 25.83371950
v 43.11156732 18.60931163 26.09689941
v 43.11156732 19.84281197 26.39593126
v 43.11156732 20.99352488 26.73114742
v 43.11156732 22.06950345 27.10295011
v 43.11156732 23.07686439 27.51182453
v 43.11156732 24.02034670 27.95835522
v 43.11156732 24.90368079 28.44324661
v 43.11156732 25.72984110 28.96734903
v 43.11156732 26.50122423 29.53169188
v 43.11156732 27.21977760 30.13752657
v 44.38741076 -28.87044304 30.11650120
v 44.38741076 -28.15173294 29.51066651
v 44.38741076 -27.38018157 28.94632366
v 44.38741076 -26.55384106 28.42222124
v 44.38741076 -25.67031430 27.93732985
v 44.38741076 -24.72662620 27.49079916
v 44.38741076 -23.71904555 27.08192474
v 44.38741076 -22.64283229 26.71012205
v 44.38741076 -21.49186839 26.37490589
v 44.38741076 -20.25809901 26.07587404
v 44.38741076 -18.93064972 25.81269413
v 44.38741076 -17.49435512 25.58509317
v 44.38741076 -15.92713319 25.39284911
v 44.38741076 -14.19485446 25.23578411
v 44.38741076 -12.23995120 25.11375927
v 44.38741076 -9.95066856 25.02667051
v 44.38741076 -7.04269709 24.97444559
v 44.38741076 -0.83903389 24.95704196
v 44.38741076 5.36462942 24.97444559
v 44.38741076 8.27260089 25.02667051
v 44.38741076 10.56188353 25.11375927
v 44.38741076 12.51678679 25.23578411
v 44.38741076 14.24906553 25.39284911
v 44.38741076 15.81628745 25.58509317
v 44.38741076 17.25258206 25.81269413
v 44.38741076 18.58003135 26.07587404
v 44.38741076 19.81380072 26.37490589
v 44.38741076 20.96476463 26.71012205
v 44.38741076 22.04097788 27.08192474
v 44.38741076 23.04855854 27.49079916
v 44.38741076 23.99224663 27.93732985
v 44.38741076 24.87577339 28.42222124
v 44.38741076 25.70211390 28.94632366
v 44.38741076 26.47366527 29.51066651
v 44.38741076 27.19237537 30.11650120
v 45.67096179 -28.91074861 30.08877916
v 45.67096179 -28.19188638 29.48294447
v 45.67096179 -27.42017168 28.91860162
v 45.67096179 -26.59365625 28.39449920
v 45.67096179 -25.70994247 27.90960781
v 45.67096179 -24.76605461 27.46307712
v 45.67096179 -23.75826068 27.05420270
v 45.67096179 -22.68181961 26.68240001
v 45.67096179 -21.53061207 26.34718385
v 45.67096179 -20.29658153 26.04815200
v 45.67096179 -18.96885125 25.78497209
v 45.67096179 -17.53225261 25.55737113
v 45.67096179 -15.96469894 25.36512707
v 45.67096179 -14.23205352 25.20806207
v 45.67096179 -12.27673645 25.08603723
v 45.67096179 -9.98696921 24.99894847
v 45.67096179 -7.07838219 24.94672355
v 45.67096179 -0.87340581 24.92931993
v 45.67096179 5.33157070 24.94672355
v 45.67096179 8.24015772 24.99894847
v 45.67096179 10.52992495 25.08603723
v 45.67096179 12.48524203 25.20806207
v 45.67096179 14.21788745 25.36512707
v 45.67096179 15.78544112 25.55737113
v 45.67096179 17.22203976 25.78497209
v 45.67096179 18.54977004 26.04815200
v 45.67096179 19.78380058 26.34718385
v 45.67096179 20.93500812 26.68240001
v 45.67096179 22.01144919 27.05420270
v 45.67096179 23.01924312 27.46307712
v 45.67096179 23.96313098 27.90960781
v 45.67096179 24.84684476 28.39449920
v 45.67096179 25.67336019 28.91860162
v 45.67096179 26.44507489 29.48294447
v 45.67096179 27.16393712 30.08877916
v 46.96214179 -28.95178978 30.05458196
v 46.96214179 -28.23277863 29.44874728
v 46.96214179 -27.46090406 28.88440443
v 46.96214179 -26.63421741 28.36030201
v 46.96214179 -25.75032055 27.87541062
v 46.96214179 -24.80623715 27.42887993
v 46.96214179 -23.79823444 27.02000551
v 46.96214179 -22.72157037 26.64820282
v 46.96214179 -21.57012434 26.31298666
v 46.96214179 -20.33583815 26.01395481
v 46.96214179 -19.00783281 25.75077490
v 46.96214179 -17.57093656 25.52317394
v 46.96214179 -16.00305814 25.33092988
v 46.96214179 -14.27005378 25.17386488
v 46.96214179 -12.31433163 25.05184004
v 46.96214179 -10.02409004 24.96475128
v 46.96214179 -7.11490046 24.91252636
v 46.96214179 -0.90863862 24.89512273
v 46.96214179 5.29762334 24.91252636
v 46.96214179 8.20681292 24.96475128
v 46.96214179 10.49705451 25.05184004
v 46.96214179 12.45277666 25.17386488
v 46.96214179 14.18578102 25.33092988
v 46.96214179 15.75365943 25.52317394
v 46.96214179 17.19055569 25.75077490
v 46.96214179 18.51856103 26.01395481
v 46.96214179 19.75284722 26.31298666
v 46.96214179 20.90429324 26.64820282
v 46.96214179 21.98095731 27.02000551
v 46.96214179 22.98896003 27.42887993
v 46.96214179 23.93304342 27.87541062
v 46.96214179 24.81694028 28.36030201
v 46.96214179 25.64362694 28.88440443
v 46.96214179 26.41550150 29.44874728
v 46.96214179 27.13451266 30.05458196
v 48.26087047 -28.99362599 30.01414407
v 48.26087047 -28.27446769 29.40830939
v 48.26087047 -27.50243516 28.84396653
v 48.26087047 -26.67557933 28.31986412
v 48.26087047 -25.79150159 27.83497273
v 48.26087047 -24.84722499 27.38844204
v 48.26087047 -23.83901599 26.97956761
v 48.26087047 -22.76213159 26.60776493
v 48.26087047 -21.61044992 26.27254877
v 48.26087047 -20.37591114 25.97351691
v 48.26087047 -19.04763403 25.71033701
v 48.26087047 -17.61044373 25.48273605
v 48.26087047 -16.04224445 25.29049199
v 48.26087047 -14.30888544 25.13342699
v 48.26087047 -12.35276307 25.01140215
v 48.26087047 -10.06205279 24.92431339
v 48.26087047 -7.15226785 24.87208847
v 48.26087047 -0.94473594 24.85468484
v 48.26087047 5.26279610 24.87208847
v 48.26087047 8.17258104 24.92431339
v 48.26087047 10.46329131 25.01140215
v 48.26087047 12.41941369 25.13342699
v 48.26087047 14.15277270 25.29049199
v 48.26087047 15.72097198 25.48273605
v 48.26087047 17.15816228 25.71033701
v 48.26087047 18.48643939 25.97351691
v 48.26087047 19.72097817 26.27254877
v 48.26087047 20.87265984 26.60776493
v 48.26087047 21.94954424 26.97956761
v 48.26087047 22.95775324 27.38844204
v 48.26087047 23.90202984 27.83497273
v 48.26087047 24.78610758 28.31986412
v 48.26087047 25.61296341 28.84396653
v 48.26087047 26.38499594 29.40830939
v 48.26087047 27.10415424 30.01414407
v 49.56706584 -29.03631836 29.96771291
v 49.56706584 -28.31701322 29.36187823
v 49.56706584 -27.54482305 28.79753537
v 49.56706584 -26.71779838 28.27343296
v 49.56706584 -25.83354012 27.78854157
v 49.56706584 -24.88907071 27.34201087
v 49.56706584 -23.88065584 26.93313645
v 49.56706584 -22.80355155 26.56133376
v 49.56706584 -21.65163472 26.22611761
v 49.56706584 -20.41684386 25.92708575
v 49.56706584 -19.08829553 25.66390585
v 49.56706584 -17.65081176 25.43630489
v 49.56706584 -16.08229228 25.24406083
v 49.56706584 -14.34857933 25.08699583
v 49.56706584 -12.39205753 24.96497098
v 49.56706584 -10.10087951 24.87788223
v 49.56706584 -7.19050043 24.82565731
v 49.56706584 -0.98170099 24.80825368
v 49.56706584 5.22709857 24.82565731
v 49.56706584 8.13747766 24.87788223
v 49.56706584 10.42865568 24.96497098
v 49.56706584 12.38517748 25.08699583
v 49.56706584 14.11889043 25.24406083
v 49.56706584 15.68740991 25.43630489
v 49.56706584 17.12489368 25.66390585
v 49.56706584 18.45344201 25.92708575
v 49.56706584 19.68823287 26.22611761
v 49.56706584 20.84014970 26.56133376
v 49.56706584 21.91725399 26.93313645
v 49.56706584 22.92566886 27.34201087
v 49.56706584 23.87013827 27.78854157
v 49.56706584 24.75439653 28.27343296
v 49.56706584 25.58142120 28.79753537
v 49.56706584 26.35361137 29.36187823
v 49.56706584 27.07291651 29.96771291
v 50.88064425 -29.07992977 29.91554889
v 50.88064425 -28.36047654 29.30971421
v 50.88064425 -27.58812740 28.74537135
v 50.88064425 -26.76093246 28.22126894
v 50.88064425 -25.87649215 27.73637755
v 50.88064425 -24.93182830 27.28984686
v 50.88064425 -23.92320583 26.88097243
v 50.88064425 -22.84587979 26.50916974
v 50.88064425 -21.69372581 26.17395359
v 50.88064425 -20.45868074 25.87492173
v 50.88064425 -19.12985889 25.61174183
v 50.88064425 -17.69207918 25.38414087
v 50.88064425 -16.12323678 25.19189681
v 50.88064425 -14.38916690 25.03483181
v 50.88064425 -12.43224231 24.91280696
v 50.88064425 -10.14059259 24.82571821
v 50.88064425 -7.22961433 24.77349329
v 50.88064425 -1.01953666 24.75608966
v 50.88064425 5.19054113 24.77349329
v 50.88064425 8.10151939 24.82571821
v 50.88064425 10.39316910 24.91280696
v 50.88064425 12.35009370 25.03483181
v 50.88064425 14.08416358 25.19189681
v 50.88064425 15.65300598 25.38414087
v 50.88064425 17.09078569 25.61174183
v 50.88064425 18.41960753 25.87492173
v 50.88064425 19.65465261 26.17395359
v 50.88064425 20.80680658 26.50916974
v 50.88064425 21.88413262 26.88097243
v 50.88064425 22.89275510 27.28984686
v 50.88064425 23.83741895 27.73637755
v 50.88064425 24.72185926 28.22126894
v 50.88064425 25.54905419 28.74537135
v 50.88064425 26.32140334 29.30971421
v 50.88064425 27.04085657 29.91554889
v 52.20152045 -29.12452476 29.85792541
v 52.20152045 -28.40492061 29.25209073
v 52.20152045 -27.63240945 28.68774788
v 52.20152045 -26.80504100 28.16364546
v 52.20152045 -25.92041517 27.67875407
v 52.20152045 -24.97555316 27.23222338
v 52.20152045 -23.96671910 26.82334896
v 52.20152045 -22.88916708 26.45154627
v 52.20152045 -21.73677141 26.11633011
v 52.20152045 -20.50146727 25.81729826
v 52.20152045 -19.17236668 25.55411835
v 52.20152045 -17.73428537 25.32651739
v 52.20152045 -16.16511388 25.13427333
v 52.20152045 -14.43068025 24.97720833
v 52.20152045 -12.47334515 24.85518349
v 52.20152045 -10.18121472 24.76809473
v 52.20152045 -7.26962584 24.71586981
v 52.20152045 -1.05824549 24.69846618
v 52.20152045 5.15313497 24.71586981
v 52.20152045 8.06472386 24.76809473
v 52.20152045 10.35685429 24.85518349
v 52.20152045 12.31418938 24.97720833
v 52.20152045 14.04862301 25.13427333
v 52.20152045 15.61779450 25.32651739
v 52.20152045 17.05587581 25.55411835
v 52.20152045 18.38497640 25.81729826
v 52.20152045 19.62028055 26.11633011
v 52.20152045 20.77267621 26.45154627
v 52.20152045 21.85022824 26.82334896
v 52.20152045 22.85906229 27.23222338
v 52.20152045 23.80392430 27.67875407
v 52.20152045 24.68855014 28.16364546
v 52.20152045 25.51591859 28.68774788
v 52.20152045 26.28842974 29.25209073
v 52.20152045 27.00803389 29.85792541
v 53.52960753 -29.17016957 29.79512885
v 53.52960753 -28.45041003 29.18929417
v 53.52960753 -27.67773206 28.62495131
v 53.52960753 -26.85018494 28.10084890
v 53.52960753 -25.96536808 27.61595750
v 53.52960753 -25.02030204 27.16942681
v 53.52960753 -24.01125014 26.76055239
v 53.52960753 -22.93346542 26.38874970
v 53.52960753 -21.78082091 26.05353354
v 53.52960753 -20.54525001 25.75450169
v 53.52960753 -19.21586241 25.49132178
v 53.52960753 -17.77747056 25.26372083
v 53.52960753 -16.20796022 25.07147677
v 53.52960753 -14.47315206 24.91441177
v 53.52960753 -12.51539429 24.79238692
v 53.52960753 -10.22276890 24.70529817
v 53.52960753 -7.31055128 24.65307324
v 53.52960753 -1.09782965 24.63566962
v 53.52960753 5.11489211 24.65307324
v 53.52960753 8.02710973 24.70529817
v 53.52960753 10.31973512 24.79238692
v 53.52960753 12.27749288 24.91441177
v 53.52960753 14.01230105 25.07147677
v 53.52960753 15.58181139 25.26372083
v 53.52960753 17.02020324 25.49132178
v 53.52960753 18.34959084 25.75450169
v 53.52960753 19.58516173 26.05353354
v 53.52960753 20.73780624 26.38874970
v 53.52960753 21.81559096 26.76055239
v 53.52960753 22.82464286 27.16942681
v 53.52960753 23.76970891 27.61595750
v 53.52960753 24.65452577 28.10084890
v 53.52960753 25.48207288 28.62495131
v 53.52960753 26.25475086 29.18929417
v 53.52960753 26.97451040 29.79512885
v 54.86481701 -29.21693211 29.72745851
v 54.86481701 -28.49701100 29.12162383
v 54.86481701 -27.72415959 28.55728097
v 54.86481701 -26.89642672 28.03317856
v 54.86481701 -26.01141125 27.54828716
v 54.86481701 -25.06613307 27.10175647
v 54.86481701 -24.05685467 26.69288205
v 54.86481701 -22.97882803 26.32107936
v 54.86481701 -21.82592479 25.98586321
v 54.86481701 -20.59007655 25.68683135
v 54.86481701 -19.26039055 25.42365144
v 54.86481701 -17.82167584 25.19605049
v 54.86481701 -16.25181319 25.00380643
v 54.86481701 -14.51661563 24.84674143
v 54.86481701 -12.55841842 24.72471658
v 54.86481701 -10.26527841 24.63762783
v 54.86481701 -7.35240710 24.58540291
v 54.86481701 -1.13829093 24.56799928
v 54.86481701 5.07582537 24.58540291
v 54.86481701 7.98869668 24.63762783
v 54.86481701 10.28183668 24.72471658
v 54.86481701 12.24003390 24.84674143
v 54.86481701 13.97523146 25.00380643
v 54.86481701 15.54509411 25.19605049
v 54.86481701 16.98380882 25.42365144
v 54.86481701 18.31349482 25.68683135
v 54.86481701 19.54934306 25.98586321
v 54.86481701 20.70224630 26.32107936
v 54.86481701 21.78027294 26.69288205
v 54.86481701 22.78955134 27.10175647
v 54.86481701 23.73482952 27.54828716
v 54.86481701 24.61984499 28.03317856
v 54.86481701 25.44757786 28.55728097
v 54.86481701 26.22042927 29.12162383
v 54.86481701 26.94035037 29.72745851
v 56.20705882 -29.26488191 29.65522662
v 56.20705882 -28.54479133 29.04939193
v 56.20705882 -27.77175798 28.48504908
v 56.20705882 -26.94383026 27.96094666
v 56.20705882 -26.05860644 27.47605527
v 56.20705882 -25.11310573 27.02952458
v 56.20705882 -24.10358974 26.62065016
v 56.20705882 -23.02530933 26.24884747
v 56.20705882 -21.87213468 25.91363131
v 56.20705882 -20.63599551 25.61459946
v 56.20705882 -19.30599649 25.35141955
v 56.20705882 -17.86694309 25.12381859
v 56.20705882 -16.29671089 24.93157453
v 56.20705882 -14.56110484 24.77450953
v 56.20705882 -12.60244665 24.65248469
v 56.20705882 -10.30876681 24.56539593
v 56.20705882 -7.39520979 24.51317101
v 56.20705882 -1.17963075 24.49576738
v 56.20705882 5.03594840 24.51317101
v 56.20705882 7.94950543 24.56539593
v 56.20705882 10.24318526 24.65248469
v 56.20705882 12.20184345 24.77450953
v 56.20705882 13.93744950 24.93157453
v 56.20705882 15.50768170 25.12381859
v 56.20705882 16.94673510 25.35141955
v 56.20705882 18.27673412 25.61459946
v 56.20705882 19.51287329 25.91363131
v 56.20705882 20.66604794 26.24884747
v 56.20705882 21.74432836 26.62065016
v 56.20705882 22.75384435 27.02952458
v 56.20705882 23.69934505 27.47605527
v 56.20705882 24.58456887 27.96094666
v 56.20705882 25.41249659 28.48504908
v 56.20705882 26.18552994 29.04939193
v 56.20705882 26.90562052 29.65522662
v 57.55624133 -29.31409014 29.57875823
v 57.55624133 -28.59382037 28.97292355
v 57.55624133 -27.82059466 28.40858069
v 57.55624133 -26.99246091 27.88447828
v 57.55624133 -26.10701682 27.39958689
v 57.55624133 -25.16128083 26.95305620
v 57.55624133 -24.15151363 26.54418177
v 57.55624133 -23.07296489 26.17237908
v 57.55624133 -21.91950328 25.83716293
v 57.55624133 -20.68305651 25.53813107
v 57.55624133 -19.35272653 25.27495117
v 57.55624133 -17.91331503 25.04735021
v 57.55624133 -16.34269209 24.85510615
v 57.55624133 -14.60665415 24.69804115
v 57.55624133 -12.64750856 24.57601631
v 57.55624133 -10.35325796 24.48892755
v 57.55624133 -7.43897592 24.43670263
v 57.55624133 -1.22185019 24.41929900
v 57.55624133 4.99527567 24.43670263
v 57.55624133 7.90955771 24.48892755
v 57.55624133 10.20380831 24.57601631
v 57.55624133 12.16295389 24.69804115
v 57.55624133 13.89899183 24.85510615
v 57.55624133 15.46961478 25.04735021
v 57.55624133 16.90902628 25.27495117
v 57.55624133 18.23935626 25.53813107
v 57.55624133 19.47580303 25.83716293
v 57.55624133 20.62926464 26.17237908
v 57.55624133 21.70781337 26.54418177
v 57.55624133 22.71758058 26.95305620
v 57.55624133 23.66331656 27.39958689
v 57.55624133 24.54876066 27.88447828
v 57.55624133 25.37689441 28.40858069
v 57.55624133 26.15012012 28.97292355
v 57.55624133 26.87038988 29.57875823
v 58.91227137 -29.36462956 29.49839120
v 58.91227137 -28.64416904 28.89255652
v 58.91227137 -27.87073855 28.32821367
v 58.91227137 -27.04238549 27.80411125
v 58.91227137 -26.15670690 27.31921986
v 58.91227137 -25.21072045 26.87268917
v 58.91227137 -24.20068583 26.46381475
v 58.91227137 -23.12185146 26.09201206
v 58.91227137 -21.96808438 25.75679590
v 58.91227137 -20.73131016 25.45776405
v 58.91227137 -19.40062787 25.19458414
v 58.91227137 -17.96083516 24.96698318
v 58.91227137 -16.38979627 24.77473912
v 58.91227137 -14.65329857 24.61767412
v 58.91227137 -12.69363414 24.49564928
v 58.91227137 -10.39877595 24.40856052
v 58.91227137 -7.48372212 24.35633560
v 58.91227137 -1.26494989 24.33893197
v 58.91227137 4.95382245 24.35633560
v 58.91227137 7.86887629 24.40856052
v 58.91227137 10.16373447 24.49564928
v 58.91227137 12.12339891 24.61767412
v 58.91227137 13.85989660 24.77473912
v 58.91227137 15.43093550 24.96698318
v 58.91227137 16.87072820 25.19458414
v 58.91227137 18.20141049 25.45776405
v 58.91227137 19.43818472 25.75679590
v 58.91227137 20.59195179 26.09201206
v 58.91227137 21.67078617 26.46381475
v 58.91227137 22.68082078 26.87268917
v 58.91227137 23.62680723 27.31921986
v 58.91227137 24.51248582 27.80411125
v 58.91227137 25.34083889 28.32821367
v 58.91227137 26.11426937 28.89255652
v 58.91227137 26.83472989 29.49839120
v 60.27505426 -29.41665749 29.41447607
v 60.27505426 -28.69599331 28.80864139
v 60.27505426 -27.92234419 28.24429853
v 60.27505426 -27.09375696 27.72019612
v 60.27505426 -26.20782801 27.23530473
v 60.27505426 -25.26157415 26.78877403
v 60.27505426 -24.25125401 26.37989961
v 60.27505426 -23.17211467 26.00809692
v 60.27505426 -22.01802144 25.67288077
v 60.27505426 -20.78089760 25.37384891
v 60.27505426 -19.44983915 25.11066901
v 60.27505426 -18.00963944 24.88306805
v 60.27505426 -16.43815644 24.69082399
v 60.27505426 -14.70116786 24.53375899
v 60.27505426 -12.74094947 24.41173414
v 60.27505426 -10.44544256 24.32464539
v 60.27505426 -7.52956469 24.27242047
v 60.27505426 -1.30903453 24.25501684
v 60.27505426 4.91149576 24.27242047
v 60.27505426 7.82737363 24.32464539
v 60.27505426 10.12288054 24.41173414
v 60.27505426 12.08309893 24.53375899
v 60.27505426 13.82008751 24.69082399
v 60.27505426 15.39157051 24.88306805
v 60.27505426 16.83177021 25.11066901
v 60.27505426 18.16282867 25.37384891
v 60.27505426 19.39995251 25.67288077
v 60.27505426 20.55404573 26.00809692
v 60.27505426 21.63318508 26.37989961
v 60.27505426 22.64350521 26.78877403
v 60.27505426 23.58975908 27.23530473
v 60.27505426 24.47568803 27.72019612
v 60.27505426 25.30427526 28.24429853
v 60.27505426 26.07792438 28.80864139
v 60.27505426 26.79858856 29.41447607
v 61.64449383 -29.47284431 29.32737597
v 61.64449383 -28.75197963 28.72154129
v 61.64449383 -27.97811527 28.15719843
v 61.64449383 -27.14929751 27.63309602
v 61.64449383 -26.26312208 27.14820463
v 61.64449383 -25.31660495 26.70167393
v 61.64449383 -24.30600373 26.29279951
v 61.64449383 -23.22656415 25.92099682
v 61.64449383 -22.07214983 25.58578067
v 61.64449383 -20.83468180 25.28674881
v 61.64449383 -19.50325303 25.02356891
v 61.64449383 -18.06265263 24.79596795
v 61.64449383 -16.49073242 24.60372389
v 61.64449383 -14.75326058 24.44665889
v 61.64449383 -12.79249682 24.32463404
v 61.64449383 -10.49635126 24.23754529
v 61.64449383 -7.57966214 24.18532037
v 61.64449383 -1.35740131 24.16791674
v 61.64449383 4.86485963 24.18532037
v 61.64449383 7.78154875 24.23754529
v 61.64449383 10.07769431 24.32463404
v 61.64449383 12.03845807 24.44665889
v 61.64449383 13.77592991 24.60372389
v 61.64449383 15.34785012 24.79596795
v 61.64449383 16.78845052 25.02356891
v 61.64449383 18.11987930 25.28674881
v 61.64449383 19.35734733 25.58578067
v 61.64449383 20.51176164 25.92099682
v 61.64449383 21.59120122 26.29279951
v 61.64449383 22.60180245 26.70167393
v 61.64449383 23.54831957 27.14820463
v 61.64449383 24.43449501 27.63309602
v 61.64449383 25.26331276 28.15719843
v 61.64449383 26.03717713 28.72154129
v 61.64449383 26.75804181 29.32737597
v 63.02049241 -29.53416048 29.23746653
v 63.02049241 -28.81310574 28.63163184
v 63.02049241 -28.03903735 28.06728899
v 63.02049241 -27.21000107 27.54318657
v 63.02049241 -26.32359199 27.05829518
v 63.02049241 -25.37682531 26.61176449
v 63.02049241 -24.36595763 26.20289007
v 63.02049241 -23.28623345 25.83108738
v 63.02049241 -22.13151477 25.49587122
v 63.02049241 -20.89372047 25.19683937
v 63.02049241 -19.56194065 24.93365946
v 63.02049241 -18.12096043 24.70605850
v 63.02049241 -16.54862577 24.51381444
v 63.02049241 -14.81069584 24.35674944
v 63.02049241 -12.84941511 24.23472460
v 63.02049241 -10.55266416 24.14763584
v 63.02049241 -7.63520604 24.09541092
v 63.02049241 -1.41130468 24.07800729
v 63.02049241 4.81259681 24.09541092
v 63.02049241 7.73005493 24.14763584
v 63.02049241 10.02680588 24.23472460
v 63.02049241 11.98808661 24.35674944
v 63.02049241 13.72601654 24.51381444
v 63.02049241 15.29835120 24.70605850
v 63.02049241 16.73933142 24.93365946
v 63.02049241 18.07111124 25.19683937
v 63.02049241 19.30890553 25.49587122
v 63.02049241 20.46362422 25.83108738
v 63.02049241 21.54334839 26.20289007
v 63.02049241 22.55421607 26.61176449
v 63.02049241 23.50098276 27.05829518
v 63.02049241 24.38739184 27.54318657
v 63.02049241 25.21642811 28.06728899
v 63.02049241 25.99049651 28.63163184
v 63.02049241 26.71155125 29.23746653
v 64.40295089 -29.60021063 29.14513571
v 64.40295089 -28.87897498 28.53930103
v 64.40295089 -28.10471237 27.97495818
v 64.40295089 -27.27546809 27.45085576
v 64.40295089 -26.38883661 26.96596437
v 64.40295089 -25.44183239 26.51943368
v 64.40295089 -24.43071108 26.11055925
v 64.40295089 -23.35071601 25.73875657
v 64.40295089 -22.19570761 25.40354041
v 64.40295089 -20.95760275 25.10450856
v 64.40295089 -19.62548879 24.84132865
v 64.40295089 -18.18414704 24.61372769
v 64.40295089 -16.61141788 24.42148363
v 64.40295089 -14.87305191 24.26441863
v 64.40295089 -12.91127910 24.14239379
v 64.40295089 -10.61395190 24.05530503
v 64.40295089 -7.69576179 24.00308011
v 64.40295089 -1.47029887 23.98567648
v 64.40295089 4.75516418 24.00308011
v 64.40295089 7.67335428 24.05530503
v 64.40295089 9.97068148 24.14239379
v 64.40295089 11.93245429 24.26441863
v 64.40295089 13.67082026 24.42148363
v 64.40295089 15.24354942 24.61372769
v 64.40295089 16.68489118 24.84132865
v 64.40295089 18.01700513 25.10450856
v 64.40295089 19.25510999 25.40354041
v 64.40295089 20.41011839 25.73875657
v 64.40295089 21.49011346 26.11055925
v 64.40295089 22.50123477 26.51943368
v 64.40295089 23.44823899 26.96596437
v 64.40295089 24.33487047 27.45085576
v 64.40295089 25.16411475 27.97495818
v 64.40295089 25.93837736 28.53930103
v 64.40295089 26.65961301 29.14513571
v 65.79176873 -29.67058539 29.05078373
v 65.79176873 -28.94917664 28.44494905
v 65.79176873 -28.17472821 27.88060619
v 65.79176873 -27.34528491 27.35650378
v 65.79176873 -26.45844064 26.87161239
v 65.79176873 -25.51120914 26.42508169
v 65.79176873 -24.49984517 26.01620727
v 65.79176873 -23.41959089 25.64440458
v 65.79176873 -22.26430529 25.30918843
v 65.79176873 -21.02590329 25.01015657
v 65.79176873 -19.69346963 24.74697667
v 65.79176873 -18.25178195 24.51937571
v 65.79176873 -16.67867534 24.32713165
v 65.79176873 -14.93989216 24.17006665
v 65.79176873 -12.97764853 24.04804180
v 65.79176873 -10.67976997 23.96095305
v 65.79176873 -7.76087951 23.90872813
v 65.79176873 -1.53392247 23.89132450
v 65.79176873 4.69303468 23.90872813
v 65.79176873 7.61192515 23.96095305
v 65.79176873 9.90980370 24.04804180
v 65.79176873 11.87204733 24.17006665
v 65.79176873 13.61083051 24.32713165
v 65.79176873 15.18393712 24.51937571
v 65.79176873 16.62562480 24.74697667
v 65.79176873 17.95805846 25.01015657
v 65.79176873 19.19646046 25.30918843
v 65.79176873 20.35174606 25.64440458
v 65.79176873 21.43200034 26.01620727
v 65.79176873 22.44336431 26.42508169
v 65.79176873 23.39059581 26.87161239
v 65.79176873 24.27744008 27.35650378
v 65.79176873 25.10688338 27.88060619
v 65.79176873 25.88133181 28.44494905
v 65.79176873 26.60274056 29.05078373
v 67.18684398 -29.74486157 28.95482284
v 67.18684398 -29.02328616 28.34898815
v 67.18684398 -28.24865882 27.78464530
v 67.18684398 -27.41902390 27.26054289
v 67.18684398 -26.53197476 26.77565149
v 67.18684398 -25.58452442 26.32912080
v 67.18684398 -24.57292681 25.92024638
v 67.18684398 -23.49242298 25.54844369
v 67.18684398 -22.33687048 25.21322753
v 67.18684398 -21.09818239 24.91419568
v 67.18684398 -19.76544091 24.65101577
v 67.18684398 -18.32342018 24.42341482
v 67.18684398 -16.74995015 24.23117075
v 67.18684398 -15.01076528 24.07410576
v 67.18684398 -13.04806833 23.95208091
v 67.18684398 -10.74965893 23.86499216
v 67.18684398 -7.83009414 23.81276723
v 67.18684398 -1.60169857 23.79536361
v 67.18684398 4.62669712 23.81276723
v 67.18684398 7.54626191 23.86499216
v 67.18684398 9.84467132 23.95208091
v 67.18684398 11.80736826 24.07410576
v 67.18684398 13.54655313 24.23117075
v 67.18684398 15.12002316 24.42341482
v 67.18684398 16.56204389 24.65101577
v 67.18684398 17.89478538 24.91419568
v 67.18684398 19.13347347 25.21322753
v 67.18684398 20.28902596 25.54844369
v 67.18684398 21.36952979 25.92024638
v 67.18684398 22.38112741 26.32912080
v 67.18684398 23.32857774 26.77565149
v 67.18684398 24.21562689 27.26054289
v 67.18684398 25.04526180 27.78464530
v 67.18684398 25.81988915 28.34898815
v 67.18684398 26.54146455 28.95482284
v 68.58807329 -29.82260230 28.85767718
v 68.58807329 -29.10086526 28.25184250
v 68.58807329 -28.32606439 27.68749964
v 68.58807329 -27.49624362 27.16339723
v 68.58807329 -26.60899577 26.67850584
v 68.58807329 -25.66133320 26.23197515
v 68.58807329 -24.64950897 25.82310072
v 68.58807329 -23.56876310 25.45129804
v 68.58807329 -22.41295175 25.11608188
v 68.58807329 -21.17398617 24.81705002
v 68.58807329 -19.84094614 24.55387012
v 68.58807329 -18.39860238 24.32626916
v 68.58807329 -16.82477988 24.13402510
v 68.58807329 -15.08520541 23.97696010
v 68.58807329 -13.12206880 23.85493526
v 68.58807329 -10.82314452 23.76784650
v 68.58807329 -7.90292572 23.71562158
v 68.58807329 -1.67313492 23.69821795
v 68.58807329 4.55665601 23.71562158
v 68.58807329 7.47687481 23.76784650
v 68.58807329 9.77579908 23.85493526
v 68.58807329 11.73893570 23.97696010
v 68.58807329 13.47851016 24.13402510
v 68.58807329 15.05233267 24.32626916
v 68.58807329 16.49467643 24.55387012
v 68.58807329 17.82771646 24.81705002
v 68.58807329 19.06668203 25.11608188
v 68.58807329 20.22249338 25.45129804
v 68.58807329 21.30323926 25.82310072
v 68.58807329 22.31506348 26.23197515
v 68.58807329 23.26272605 26.67850584
v 68.58807329 24.14997391 27.16339723
v 68.58807329 24.97979467 27.68749964
v 68.58807329 25.75459554 28.25184250
v 68.58807329 26.47633259 28.85767718
v 69.99535197 -29.90335726 28.75978262
v 69.99535197 -29.18146213 28.15394794
v 69.99535197 -28.40649155 27.58960508
v 69.99535197 -27.57648903 27.06550267
v 69.99535197 -26.68904684 26.58061128
v 69.99535197 -25.74117669 26.13408058
v 69.99535197 -24.72913085 25.72520616
v 69.99535197 -23.64814825 25.35340347
v 69.99535197 -22.49208374 25.01818732
v 69.99535197 -21.25284679 24.71915546
v 69.99535197 -19.91951478 24.45597556
v 69.99535197 -18.47685509 24.22837460
v 69.99535197 -16.90268787 24.03613054
v 69.99535197 -15.16273238 23.87906554
v 69.99535197 -13.19916577 23.75704069
v 69.99535197 -10.89973796 23.66995194
v 69.99535197 -7.97887953 23.61772702
v 69.99535197 -1.74772419 23.60032339
v 69.99535197 4.48343127 23.61772702
v 69.99535197 7.40428970 23.66995194
v 69.99535197 9.70371751 23.75704069
v 69.99535197 11.66728412 23.87906554
v 69.99535197 13.40723962 24.03613054
v 69.99535197 14.98140684 24.22837460
v 69.99535197 16.42406652 24.45597556
v 69.99535197 17.75739853 24.71915546
v 69.99535197 18.99663548 25.01818732
v 69.99535197 20.15269999 25.35340347
v 69.99535197 21.23368259 25.72520616
v 69.99535197 22.24572844 26.13408058
v 69.99535197 23.19359858 26.58061128
v 69.99535197 24.08104077 27.06550267
v 69.99535197 24.91104329 27.58960508
v 69.99535197 25.68601387 28.15394794
v 69.99535197 26.40790900 28.75978262
v 71.40857397 -29.98666281 28.65531557
v 71.40857397 -29.26461165 28.04948088
v 71.40857397 -28.48947357 27.48513803
v 71.40857397 -27.65929165 26.96103561
v 71.40857397 -26.77165765 26.47614422
v 71.40857397 -25.82358263 26.02961353
v 71.40857397 -24.81131804 25.62073911
v 71.40857397 -23.73010180 25.24893642
v 71.40857397 -22.57378742 24.91372026
v 71.40857397 -21.33428262 24.61468841
v 71.40857397 -20.00066242 24.35150850
v 71.40857397 -18.55769092 24.12390754
v 71.40857397 -16.98318346 23.93166348
v 71.40857397 -15.24285189 23.77459848
v 71.40857397 -13.27886088 23.65257364
v 71.40857397 -10.97893606 23.56548488
v 71.40857397 -8.05744631 23.51325996
v 71.40857397 -1.82494417 23.49585633
v 71.40857397 4.40755809 23.51325996
v 71.40857397 7.32904783 23.56548488
v 71.40857397 9.62897265 23.65257364
v 71.40857397 11.59296366 23.77459848
v 71.40857397 13.33329523 23.93166348
v 71.40857397 14.90780269 24.12390754
v 71.40857397 16.35077420 24.35150850
v 71.40857397 17.68439439 24.61468841
v 71.40857397 18.92389919 24.91372026
v 71.40857397 20.08021357 25.24893642
v 71.40857397 21.16142982 25.62073911
v 71.40857397 22.17369441 26.02961353
v 71.40857397 23.12176942 26.47614422
v 71.40857397 24.00940343 26.96103561
v 71.40857397 24.83958535 27.48513803
v 71.40857397 25.61472343 28.04948088
v 71.40857397 26.33677459 28.65531557
v 72.82763193 -30.07204229 28.53831797
v 72.82763193 -29.34983560 27.93248329
v 72.82763193 -28.57453057 27.36814044
v 72.82763193 -27.74416984 26.84403802
v 72.82763193 -26.85634466 26.35914663
v 72.82763193 -25.90806544 25.91261594
v 72.82763193 -24.89558282 25.50374151
v 72.82763193 -23.81413370 25.13193883
v 72.82763193 -22.65757026 24.79672267
v 72.82763193 -21.41779850 24.49769082
v 72.82763193 -20.08389106 24.23451091
v 72.82763193 -18.64060876 24.00690995
v 72.82763193 -17.06576217 23.81466589
v 72.82763193 -15.32505576 23.65760089
v 72.82763193 -13.36064174 23.53557605
v 72.82763193 -11.06022155 23.44848729
v 72.82763193 -8.13810256 23.39626237
v 72.82763193 -1.90425803 23.37885874
v 72.82763193 4.32958662 23.39626237
v 72.82763193 7.25170561 23.44848729
v 72.82763193 9.55212580 23.53557605
v 72.82763193 11.51653983 23.65760089
v 72.82763193 13.25724624 23.81466589
v 72.82763193 14.83209282 24.00690995
v 72.82763193 16.27537512 24.23451091
v 72.82763193 17.60928256 24.49769082
v 72.82763193 18.84905433 24.79672267
v 72.82763193 20.00561776 25.13193883
v 72.82763193 21.08706688 25.50374151
v 72.82763193 22.09954950 25.91261594
v 72.82763193 23.04782872 26.35914663
v 72.82763193 23.93565391 26.84403802
v 72.82763193 24.76601463 27.36814044
v 72.82763193 25.54131967 27.93248329
v 72.82763193 26.26352635 28.53831797
v 74.25241718 -30.15900616 28.40916866
v 74.25241718 -29.43664290 27.80333398
v 74.25241718 -28.66116976 27.23899112
v 74.25241718 -27.83062899 26.71488871
v 74.25241718 -26.94261131 26.22999731
v 74.25241718 -25.99412648 25.78346662
v 74.25241718 -24.98142434 25.37459220
v 74.25241718 -23.89974074 25.00278951
v 74.25241718 -22.74292653 24.66757336
v 74.25241718 -21.50288596 24.36854150
v 74.25241718 -20.16868930 24.10536159
v 74.25241718 -18.72509407 23.87776064
v 74.25241718 -17.14990602 23.68551658
v 74.25241718 -15.40882219 23.52845158
v 74.25241718 -13.44398224 23.40642673
v 74.25241718 -11.14306327 23.31933798
v 74.25241718 -8.22031071 23.26711305
v 74.25241718 -1.98511455 23.24970943
v 74.25241718 4.25008172 23.26711305
v 74.25241718 7.17283429 23.31933798
v 74.25241718 9.47375325 23.40642673
v 74.25241718 11.43859321 23.52845158
v 74.25241718 13.17967704 23.68551658
v 74.25241718 14.75486509 23.87776064
v 74.25241718 16.19846032 24.10536159
v 74.25241718 17.53265697 24.36854150
v 74.25241718 18.77269755 24.66757336
v 74.25241718 19.92951175 25.00278951
v 74.25241718 21.01119535 25.37459220
v 74.25241718 22.02389750 25.78346662
v 74.25241718 22.97238232 26.22999731
v 74.25241718 23.86040001 26.71488871
v 74.25241718 24.69094078 27.23899112
v 74.25241718 25.46641391 27.80333398
v 74.25241718 26.18877718 28.40916866
v 75.68281981 -30.24705236 28.26826215
v 75.68281981 -29.52452981 27.66242747
v 75.68281981 -28.74888569 27.09808462
v 75.68281981 -27.91816179 26.57398220
v 75.68281981 -27.02994829 26.08909081
v 75.68281981 -26.08125433 25.64256012
v 75.68281981 -25.06832889 25.23368570
v 75.68281981 -23.98640678 24.86188301
v 75.68281981 -22.82933750 24.52666685
v 75.68281981 -21.58902350 24.22763500
v 75.68281981 -20.25453265 23.96445509
v 75.68281981 -18.81061911 23.73685413
v 75.68281981 -17.23508374 23.54461007
v 75.68281981 -15.49361600 23.38754507
v 75.68281981 -13.52834280 23.26552023
v 75.68281981 -11.22691649 23.17843147
v 75.68281981 -8.30351946 23.12620655
v 75.68281981 -2.06694845 23.10880292
v 75.68281981 4.16962267 23.12620655
v 75.68281981 7.09301970 23.17843147
v 75.68281981 9.39444602 23.26552023
v 75.68281981 11.35971921 23.38754507
v 75.68281981 13.10118695 23.54461007
v 75.68281981 14.67672232 23.73685413
v 75.68281981 16.12063586 23.96445509
v 75.68281981 17.45512671 24.22763500
v 75.68281981 18.69544071 24.52666685
v 75.68281981 19.85250999 24.86188301
v 75.68281981 20.93443210 25.23368570
v 75.68281981 21.94735755 25.64256012
v 75.68281981 22.89605151 26.08909081
v 75.68281981 23.78426500 26.57398220
v 75.68281981 24.61498890 27.09808462
v 75.68281981 25.39063303 27.66242747
v 75.68281981 26.11315558 28.26826215
v 77.11872865 -30.33566647 28.11600844
v 77.11872865 -29.61298029 27.51017376
v 77.11872865 -28.83716051 26.94583090
v 77.11872865 -28.00624848 26.42172849
v 77.11872865 -27.11783383 25.93683709
v 77.11872865 -26.16892502 25.49030640
v 77.11872865 -25.15577018 25.08143198
v 77.11872865 -24.07360305 24.70962929
v 77.11872865 -22.91627173 24.37441313
v 77.11872865 -21.67567683 24.07538128
v 77.11872865 -20.34088377 23.81220137
v 77.11872865 -18.89664322 23.58460042
v 77.11872865 -17.32075104 23.39235636
v 77.11872865 -15.57888892 23.23529136
v 77.11872865 -13.61317065 23.11326651
v 77.11872865 -11.31122313 23.02617776
v 77.11872865 -8.38716405 22.97395283
v 77.11872865 -2.14918065 22.95654921
v 77.11872865 4.08880286 22.97395283
v 77.11872865 7.01286195 23.02617776
v 77.11872865 9.31480946 23.11326651
v 77.11872865 11.28052773 23.23529136
v 77.11872865 13.02238986 23.39235636
v 77.11872865 14.59828204 23.58460042
v 77.11872865 16.04252258 23.81220137
v 77.11872865 17.37731565 24.07538128
v 77.11872865 18.61791054 24.37441313
v 77.11872865 19.77524186 24.70962929
v 77.11872865 20.85740899 25.08143198
v 77.11872865 21.87056383 25.49030640
v 77.11872865 22.81947264 25.93683709
v 77.11872865 23.70788729 26.42172849
v 77.11872865 24.53879932 26.94583090
v 77.11872865 25.31461911 27.51017376
v 77.11872865 26.03730528 28.11600844
v 78.56003130 -30.42432205 27.95283273
v 78.56003130 -29.70146620 27.34699805
v 78.56003130 -28.92546427 26.78265519
v 78.56003130 -28.09435716 26.25855278
v 78.56003130 -27.20573393 25.77366139
v 78.56003130 -26.25660233 25.32713070
v 78.56003130 -25.24320962 24.91825627
v 78.56003130 -24.16078842 24.54645359
v 78.56003130 -23.00318538 24.21123743
v 78.56003130 -21.76229922 23.91220557
v 78.56003130 -20.42719277 23.64902567
v 78.56003130 -18.98261315 23.42142471
v 78.56003130 -17.40635098 23.22918065
v 78.56003130 -15.66407990 23.07211565
v 78.56003130 -13.69790012 22.95009081
v 78.56003130 -11.39541215 22.86300205
v 78.56003130 -8.47066656 22.81077713
v 78.56003130 -2.23121861 22.79337350
v 78.56003130 4.00822946 22.81077713
v 78.56003130 6.93297506 22.86300205
v 78.56003130 9.23546303 22.95009081
v 78.56003130 11.20164281 23.07211565
v 78.56003130 12.94391389 23.22918065
v 78.56003130 14.52017606 23.42142471
v 78.56003130 15.96475568 23.64902567
v 78.56003130 17.29986213 23.91220557
v 78.56003130 18.54074829 24.21123743
v 78.56003130 19.69835133 24.54645359
v 78.56003130 20.78077253 24.91825627
v 78.56003130 21.79416524 25.32713070
v 78.56003130 22.74329684 25.77366139
v 78.56003130 23.63192006 26.25855278
v 78.56003130 24.46302718 26.78265519
v 78.56003130 25.23902911 27.34699805
v 78.56003130 25.96188496 27.95283273
v 80.00661417 -30.51248093 27.77917527
v 80.00661417 -29.78944763 27.17334058
v 80.00661417 -29.01325521 26.60899773
v 80.00661417 -28.18194407 26.08489531
v 80.00661417 -27.29310271 25.60000392
v 80.00661417 -26.34373812 25.15347323
v 80.00661417 -25.33009664 24.74459881
v 80.00661417 -24.24740972 24.37279612
v 80.00661417 -23.08952252 24.03757996
v 80.00661417 -21.84833174 23.73854811
v 80.00661417 -20.51289755 23.47536820
v 80.00661417 -19.06796331 23.24776724
v 80.00661417 -17.49131420 23.05552318
v 80.00661417 -15.74861543 22.89845818
v 80.00661417 -13.78195299 22.77643334
v 80.00661417 -11.47889980 22.68934458
v 80.00661417 -8.55343624 22.63711966
v 80.00661417 -2.31245663 22.61971604
v 80.00661417 3.92852311 22.63711966
v 80.00661417 6.85398667 22.68934458
v 80.00661417 9.15703985 22.77643334
v 80.00661417 11.12370229 22.89845818
v 80.00661417 12.86640107 23.05552318
v 80.00661417 14.44305018 23.24776724
v 80.00661417 15.88798441 23.47536820
v 80.00661417 17.22341861 23.73854811
v 80.00661417 18.46460938 24.03757996
v 80.00661417 19.62249659 24.37279612
v 80.00661417 20.70518351 24.74459881
v 80.00661417 21.71882498 25.15347323
v 80.00661417 22.66818957 25.60000392
v 80.00661417 23.55703094 26.08489531
v 80.00661417 24.38834207 26.60899773
v 80.00661417 25.16453450 27.17334058
v 80.00661417 25.88756780 27.77917527
v 81.45836251 -30.59959350 27.59549103
v 81.45836251 -29.87637321 26.98965635
v 81.45836251 -29.09998005 26.42531350
v 81.45836251 -28.26845393 25.90121108
v 81.45836251 -27.37938269 25.41631969
v 81.45836251 -26.42977258 24.96978900
v 81.45836251 -25.41586896 24.56091457
v 81.45836251 -24.33290205 24.18911189
v 81.45836251 -23.17471540 23.85389573
v 81.45836251 -21.93320363 23.55486388
v 81.45836251 -20.59742407 23.29168397
v 81.45836251 -19.15211616 23.06408301
v 81.45836251 -17.57505930 22.87183895
v 81.45836251 -15.83190984 22.71477395
v 81.45836251 -13.86473879 22.59274911
v 81.45836251 -11.56109000 22.50566035
v 81.45836251 -8.63486987 22.45343543
v 81.45836251 -2.39227625 22.43603180
v 81.45836251 3.85031750 22.45343543
v 81.45836251 6.77653763 22.50566035
v 81.45836251 9.08018641 22.59274911
v 81.45836251 11.04735746 22.71477395
v 81.45836251 12.79050692 22.87183895
v 81.45836251 14.36756378 23.06408301
v 81.45836251 15.81287170 23.29168397
v 81.45836251 17.14865126 23.55486388
v 81.45836251 18.39016302 23.85389573
v 81.45836251 19.54834967 24.18911189
v 81.45836251 20.63131659 24.56091457
v 81.45836251 21.64522021 24.96978900
v 81.45836251 22.59483032 25.41631969
v 81.45836251 23.48390155 25.90121108
v 81.45836251 24.31542768 26.42531350
v 81.45836251 25.09182084 26.98965635
v 81.45836251 25.81504112 27.59549103
v 82.91516042 -30.68509905 27.40224953
v 82.91516042 -29.96168044 26.79641484
v 82.91516042 -29.18507437 26.23207199
v 82.91516042 -28.35332022 25.70796958
v 82.91516042 -27.46400517 25.22307818
v 82.91516042 -26.51413465 24.77654749
v 82.91516042 -25.49995299 24.36767307
v 82.91516042 -24.41668910 23.99587038
v 82.91516042 -23.25818484 23.66065422
v 82.91516042 -22.01633262 23.36162237
v 82.91516042 -20.68018676 23.09844246
v 82.91516042 -19.23448249 22.87084151
v 82.91516042 -17.65699316 22.67859744
v 82.91516042 -15.91336568 22.52153245
v 82.91516042 -13.94565518 22.39950760
v 82.91516042 -11.64137467 22.31241885
v 82.91516042 -8.71435209 22.26019392
v 82.91516042 -2.47004658 22.24279030
v 82.91516042 3.77425906 22.26019392
v 82.91516042 6.70128164 22.31241885
v 82.91516042 9.00556215 22.39950760
v 82.91516042 10.97327265 22.52153245
v 82.91516042 12.71690013 22.67859744
v 82.91516042 14.29438946 22.87084151
v 82.91516042 15.74009372 23.09844246
v 82.91516042 17.07623958 23.36162237
v 82.91516042 18.31809180 23.66065422
v 82.91516042 19.47659606 23.99587038
v 82.91516042 20.55985996 24.36767307
v 82.91516042 21.57404162 24.77654749
v 82.91516042 22.52391214 25.22307818
v 82.91516042 23.41322718 25.70796958
v 82.91516042 24.24498133 26.23207199
v 82.91516042 25.02158740 26.79641484
v 82.91516042 25.74500601 27.40224953
v 84.37689086 -30.76842611 27.19993447
v 84.37689086 -30.04479600 26.59409978
v 84.37689086 -29.26796288 26.02975693
v 84.37689086 -28.43596556 25.50565451
v 84.37689086 -27.54639052 25.02076312
v 84.37689086 -26.59624230 24.57423243
v 84.37689086 -25.58176413 24.16535801
v 84.37689086 -24.49818353 23.79355532
v 84.37689086 -23.33934057 23.45833916
v 84.37689086 -22.09712528 23.15930731
v 84.37689086 -20.76058879 22.89612740
v 84.37689086 -19.31446186 22.66852645
v 84.37689086 -17.73651134 22.47628238
v 84.37689086 -15.99237409 22.31921739
v 84.37689086 -14.02408831 22.19719254
v 84.37689086 -11.71913412 22.11010379
v 84.37689086 -8.79125579 22.05787886
v 84.37689086 -2.54512470 22.04047524
v 84.37689086 3.70100652 22.05787886
v 84.37689086 6.62888484 22.11010379
v 84.37689086 8.93383903 22.19719254
v 84.37689086 10.90212481 22.31921739
v 84.37689086 12.64626206 22.47628238
v 84.37689086 14.22421258 22.66852645
v 84.37689086 15.67033951 22.89612740
v 84.37689086 17.00687601 23.15930731
v 84.37689086 18.24909130 23.45833916
v 84.37689086 19.40793426 23.79355532
v 84.37689086 20.49151486 24.16535801
v 84.37689086 21.50599302 24.57423243
v 84.37689086 22.45614124 25.02076312
v 84.37689086 23.34571629 25.50565451
v 84.37689086 24.17771361 26.02975693
v 84.37689086 24.95454673 26.59409978
v 84.37689086 25.67817684 27.19993447
v 85.84343574 -30.84899282 26.98904349
v 85.84343574 -30.12513618 26.38320881
v 85.84343574 -29.34805987 25.81886596
v 85.84343574 -28.51580209 25.29476354
v 85.84343574 -27.62594857 24.80987215
v 85.84343574 -26.67550290 24.36334146
v 85.84343574 -25.66070715 23.95446703
v 85.84343574 -24.57678733 23.58266435
v 85.84343574 -23.41758160 23.24744819
v 85.84343574 -22.17497743 22.94841633
v 85.84343574 -20.83802253 22.68523643
v 85.84343574 -19.39144289 22.45763547
v 85.84343574 -17.81299838 22.26539141
v 85.84343574 -16.06831513 22.10832641
v 85.84343574 -14.09941317 21.98630157
v 85.84343574 -11.79373742 21.89921281
v 85.84343574 -8.86494251 21.84698789
v 85.84343574 -2.61685605 21.82958426
v 85.84343574 3.63123052 21.84698789
v 85.84343574 6.56002543 21.89921281
v 85.84343574 8.86570119 21.98630157
v 85.84343574 10.83460314 22.10832641
v 85.84343574 12.57928639 22.26539141
v 85.84343574 14.15773090 22.45763547
v 85.84343574 15.60431054 22.68523643
v 85.84343574 16.94126544 22.94841633
v 85.84343574 18.18386961 23.24744819
v 85.84343574 19.34307534 23.58266435
v 85.84343574 20.42699516 23.95446703
v 85.84343574 21.44179091 24.36334146
v 85.84343574 22.39223658 24.80987215
v 85.84343574 23.28209010 25.29476354
v 85.84343574 24.11434788 25.81886596
v 85.84343574 24.89142419 26.38320881
v 85.84343574 25.61528083 26.98904349
v 87.31467586 -30.92620727 26.77008786
v 87.31467586 -30.20210716 26.16425317
v 87.31467586 -29.42476950 25.59991032
v 87.31467586 -28.59223179 25.07580790
v 87.31467586 -27.70207897 24.59091651
v 87.31467586 -26.75131363 24.14438582
v 87.31467586 -25.73617656 23.73551140
v 87.31467586 -24.65189218 23.36370871
v 87.31467586 -23.49229656 23.02849255
v 87.31467586 -22.24927445 22.72946070
v 87.31467586 -20.91186988 22.46628079
v 87.31467586 -19.46480369 22.23867983
v 87.31467586 -17.88582829 22.04643577
v 87.31467586 -16.14055823 21.88937077
v 87.31467586 -14.17099405 21.76734593
v 87.31467586 -11.86454280 21.68025717
v 87.31467586 -8.93476282 21.62803225
v 87.31467586 -2.68457488 21.61062863
v 87.31467586 3.56561319 21.62803225
v 87.31467586 6.49539316 21.68025717
v 87.31467586 8.80184442 21.76734593
v 87.31467586 10.77140859 21.88937077
v 87.31467586 12.51667866 22.04643577
v 87.31467586 14.09565405 22.23867983
v 87.31467586 15.54272024 22.46628079
v 87.31467586 16.88012481 22.72946070
v 87.31467586 18.12314692 23.02849255
v 87.31467586 19.28274255 23.36370871
v 87.31467586 20.36702693 23.73551140
v 87.31467586 21.38216399 24.14438582
v 87.31467586 22.33292934 24.59091651
v 87.31467586 23.22308216 25.07580790
v 87.31467586 24.05561986 25.59991032
v 87.31467586 24.83295753 26.16425317
v 87.31467586 25.55705763 26.77008786
v 88.79049099 -30.99946791 26.54359210
v 88.79049099 -30.27510549 25.93775741
v 88.79049099 -29.49748622 25.37341456
v 88.79049099 -28.66464692 24.84931214
v 88.79049099 -27.77417163 24.36442075
v 88.79049099 -26.82306186 23.91789006
v 88.79049099 -25.80755704 23.50901564
v 88.79049099 -24.72287987 23.13721295
v 88.79049099 -23.56286416 22.80199679
v 88.79049099 -22.31939176 22.50296494
v 88.79049099 -20.98150269 22.23978503
v 88.79049099 -19.53391229 22.01218407
v 88.79049099 -17.95436488 21.81994001
v 88.79049099 -16.20846258 21.66287501
v 88.79049099 -14.23818490 21.54085017
v 88.79049099 -11.93089810 21.45376141
v 88.79049099 -9.00005678 21.40153649
v 88.79049099 -2.74760462 21.38413287
v 88.79049099 3.50484766 21.40153649
v 88.79049099 6.43568899 21.45376141
v 88.79049099 8.74297578 21.54085017
v 88.79049099 10.71325346 21.66287501
v 88.79049099 12.45915577 21.81994001
v 88.79049099 14.03870317 22.01218407
v 88.79049099 15.48629357 22.23978503
v 88.79049099 16.82418264 22.50296494
v 88.79049099 18.06765505 22.80199679
v 88.79049099 19.22767075 23.13721295
v 88.79049099 20.31234793 23.50901564
v 88.79049099 21.32785274 23.91789006
v 88.79049099 22.27896251 24.36442075
v 88.79049099 23.16943780 24.84931214
v 88.79049099 24.00227710 25.37341456
v 88.79049099 24.77989637 25.93775741
v 88.79049099 25.50425879 26.54359210
v 90.27075991 -31.06816392 26.31009369
v 90.27075991 -30.34351839 25.70425901
v 90.27075991 -29.56559518 25.13991615
v 90.27075991 -28.73243037 24.61581374
v 90.27075991 -27.84160704 24.13092234
v 90.27075991 -26.89012553 23.68439165
v 90.27075991 -25.87422380 23.27551723
v 90.27075991 -24.78912268 22.90371454
v 90.27075991 -23.62865358 22.56849838
v 90.27075991 -22.38469516 22.26946653
v 90.27075991 -21.04628318 22.00628662
v 90.27075991 -19.59812699 21.77868567
v 90.27075991 -18.01796222 21.58644161
v 90.27075991 -16.27137752 21.42937661
v 90.27075991 -14.30032976 21.30735176
v 90.27075991 -11.99214117 21.22026301
v 90.27075991 -9.06015432 21.16803808
v 90.27075991 -2.80525839 21.15063446
v 90.27075991 3.44963766 21.16803808
v 90.27075991 6.38162451 21.22026301
v 90.27075991 8.68981311 21.30735176
v 90.27075991 10.66086087 21.42937661
v 90.27075991 12.40744556 21.58644161
v 90.27075991 13.98761033 21.77868567
v 90.27075991 15.43576652 22.00628662
v 90.27075991 16.77417851 22.26946653
v 90.27075991 18.01813692 22.56849838
v 90.27075991 19.17860602 22.90371454
v 90.27075991 20.26370714 23.27551723
v 90.27075991 21.27960887 23.68439165
v 90.27075991 22.23109038 24.13092234
v 90.27075991 23.12191371 24.61581374
v 90.27075991 23.95507853 25.13991615
v 90.27075991 24.73300173 25.70425901
v 90.27075991 25.45764727 26.31009369
v 91.75536039 -31.13167568 26.07014269
v 91.75536039 -30.40672424 25.46430801
v 91.75536039 -29.62847265 24.89996515
v 91.75536039 -28.79495613 24.37586274
v 91.75536039 -27.90375675 23.89097135
v 91.75536039 -26.95187359 23.44444066
v 91.75536039 -25.93554302 23.03556623
v 91.75536039 -24.84998384 22.66376354
v 91.75536039 -23.68902487 22.32854739
v 91.75536039 -22.44454134 22.02951553
v 91.75536039 -21.10556437 21.76633563
v 91.75536039 -19.65679686 21.53873467
v 91.75536039 -18.07596505 21.34649061
v 91.75536039 -16.32864307 21.18942561
v 91.75536039 -14.35676326 21.06740077
v 91.75536039 -12.04760030 20.98031201
v 91.75536039 -9.11437576 20.92808709
v 91.75536039 -2.85683944 20.91068346
v 91.75536039 3.40069701 20.92808709
v 91.75536039 6.33392155 20.98031201
v 91.75536039 8.64308451 21.06740077
v 91.75536039 10.61496432 21.18942561
v 91.75536039 12.36228630 21.34649061
v 91.75536039 13.94311811 21.53873467
v 91.75536039 15.39188562 21.76633563
v 91.75536039 16.73086259 22.02951553
v 91.75536039 17.97534612 22.32854739
v 91.75536039 19.13630509 22.66376354
v 91.75536039 20.22186427 23.03556623
v 91.75536039 21.23819484 23.44444066
v 91.75536039 22.19007800 23.89097135
v 91.75536039 23.08127738 24.37586274
v 91.75536039 23.91479390 24.89996515
v 91.75536039 24.69304549 25.46430801
v 91.75536039 25.41799693 26.07014269
v 93.24416923 -31.18937511 25.82430137
v 93.24416923 -30.46409299 25.21846668
v 93.24416923 -29.68548641 24.65412383
v 93.24416923 -28.85158969 24.13002141
v 93.24416923 -27.95998380 23.64513002
v 93.24416923 -27.00766645 23.19859933
v 93.24416923 -25.99087229 22.78972491
v 93.24416923 -24.90481795 22.41792222
v 93.24416923 -23.74332942 22.08270606
v 93.24416923 -22.49827823 21.78367421
v 93.24416923 -21.15869050 21.52049430
v 93.24416923 -19.70926215 21.29289335
v 93.24416923 -18.12770926 21.10064928
v 93.24416923 -16.37959025 20.94358429
v 93.24416923 -14.40681100 20.82155944
v 93.24416923 -12.09659474 20.73447069
v 93.24416923 -9.16203224 20.68224576
v 93.24416923 -2.90164161 20.66484214
v 93.24416923 3.35874915 20.68224576
v 93.24416923 6.29331164 20.73447069
v 93.24416923 8.60352790 20.82155944
v 93.24416923 10.57630716 20.94358429
v 93.24416923 12.32442616 21.10064928
v 93.24416923 13.90597905 21.29289335
v 93.24416923 15.35540740 21.52049430
v 93.24416923 16.69499513 21.78367421
v 93.24416923 17.94004632 22.08270606
v 93.24416923 19.10153485 22.41792222
v 93.24416923 20.18758919 22.78972491
v 93.24416923 21.20438335 23.19859933
v 93.24416923 22.15670071 23.64513002
v 93.24416923 23.04830659 24.13002141
v 93.24416923 23.88220332 24.65412383
v 93.24416923 24.66080990 25.21846668
v 93.24416923 25.38609201 25.82430137
v 94.73706233 -31.24062618 25.57314379
v 94.73706233 -30.51498658 24.96730911
v 94.73706233 -29.73599623 24.40296625
v 94.73706233 -28.90168848 23.87886384
v 94.73706233 -28.00964313 23.39397245
v 94.73706233 -27.05685639 22.94744176
v 94.73706233 -26.03956106 22.53856733
v 94.73706233 -24.95297140 22.16676464
v 94.73706233 -23.79091039 21.83154849
v 94.73706233 -22.54524552 21.53251663
v 94.73706233 -21.20499752 21.26933673
v 94.73706233 -19.75485476 21.04173577
v 94.73706233 -18.17252233 20.84949171
v 94.73706233 -16.42354169 20.69242671
v 94.73706233 -14.44979007 20.57040187
v 94.73706233 -12.13843512 20.48331311
v 94.73706233 -9.20242620 20.43108819
v 94.73706233 -2.93894987 20.41368456
v 94.73706233 3.32452659 20.43108819
v 94.73706233 6.26053551 20.48331311
v 94.73706233 8.57189046 20.57040187
v 94.73706233 10.54564208 20.69242671
v 94.73706233 12.29462272 20.84949171
v 94.73706233 13.87695515 21.04173577
v 94.73706233 15.32709791 21.26933673
v 94.73706233 16.66734591 21.53251663
v 94.73706233 17.91301078 21.83154849
v 94.73706233 19.07507179 22.16676464
v 94.73706233 20.16166145 22.53856733
v 94.73706233 21.17895678 22.94744176
v 94.73706233 22.13174352 23.39397245
v 94.73706233 23.02378887 23.87886384
v 94.73706233 23.85809662 24.40296625
v 94.73706233 24.63708697 24.96730911
v 94.73706233 25.36272657 25.57314379
v 96.23391466 -31.28478532 25.31725545
v 96.23391466 -30.55875938 24.71142077
v 96.23391466 -29.77935428 24.14707792
v 96.23391466 -28.94460234 23.62297550
v 96.23391466 -28.05208205 23.13808411
v 96.23391466 -27.09878803 22.69155342
v 96.23391466 -26.08095108 22.28267899
v 96.23391466 -24.99378290 21.91087631
v 96.23391466 -23.83110319 21.57566015
v 96.23391466 -22.58477511 21.27662830
v 96.23391466 -21.24381354 21.01344839
v 96.23391466 -19.79289870 20.78584743
v 96.23391466 -18.20972382 20.59360337
v 96.23391466 -16.45981199 20.43653837
v 96.23391466 -14.48500951 20.31451353
v 96.23391466 -12.17242396 20.22742477
v 96.23391466 -9.23485187 20.17519985
v 96.23391466 -2.96804076 20.15779622
v 96.23391466 3.29877046 20.17519985
v 96.23391466 6.23634256 20.22742477
v 96.23391466 8.54892810 20.31451353
v 96.23391466 10.52373058 20.43653837
v 96.23391466 12.27364241 20.59360337
v 96.23391466 13.85681729 20.78584743
v 96.23391466 15.30773213 21.01344839
v 96.23391466 16.64869370 21.27662830
v 96.23391466 17.89502178 21.57566015
v 96.23391466 19.05770150 21.91087631
v 96.23391466 20.14486967 22.28267899
v 96.23391466 21.16270662 22.69155342
v 96.23391466 22.11600064 23.13808411
v 96.23391466 23.00852093 23.62297550
v 96.23391466 23.84327288 24.14707792
v 96.23391466 24.62267797 24.71142077
v 96.23391466 25.34870391 25.31725545
v 97.73460031 -31.32120192 25.05723283
v 97.73460031 -30.59475871 24.45139815
v 97.73460031 -29.81490567 23.88705529
v 97.73460031 -28.97967397 23.36295288
v 97.73460031 -28.08664073 22.87806148
v 97.73460031 -27.13279882 22.43153079
v 97.73460031 -26.11437689 22.02265637
v 97.73460031 -25.02658390 21.65085368
v 97.73460031 -23.86323596 21.31563752
v 97.73460031 -22.61619158 21.01660567
v 97.73460031 -21.27445933 20.75342576
v 97.73460031 -19.82271061 20.52582481
v 97.73460031 -18.23862584 20.33358075
v 97.73460031 -16.48770829 20.17651575
v 97.73460031 -14.51177084 20.05449090
v 97.73460031 -12.19785619 19.96740215
v 97.73460031 -9.25859580 19.91517722
v 97.73460031 -2.98818300 19.89777360
v 97.73460031 3.28222993 19.91517722
v 97.73460031 6.22149032 19.96740215
v 97.73460031 8.53540497 20.05449090
v 97.73460031 10.51134242 20.17651575
v 97.73460031 12.26225996 20.33358075
v 97.73460031 13.84634474 20.52582481
v 97.73460031 15.29809345 20.75342576
v 97.73460031 16.63982571 21.01660567
v 97.73460031 17.88687009 21.31563752
v 97.73460031 19.05021802 21.65085368
v 97.73460031 20.13801102 22.02265637
v 97.73460031 21.15643295 22.43153079
v 97.73460031 22.11027485 22.87806148
v 97.73460031 23.00330810 23.36295288
v 97.73460031 23.83853979 23.88705529
v 97.73460031 24.61839283 24.45139815
v 97.73460031 25.34483604 25.05723283
v 99.23899254 -31.34921874 24.79368296
v 99.23899254 -30.62232525 24.18784828
v 99.23899254 -29.84198883 23.62350542
v 99.23899254 -29.00623942 23.09940301
v 99.23899254 -28.11265264 22.61451161
v 99.23899254 -27.15821951 22.16798092
v 99.23899254 -26.13916632 21.75910650
v 99.23899254 -25.05069907 21.38730381
v 99.23899254 -23.88663004 21.05208765
v 99.23899254 -22.63881270 20.75305580
v 99.23899254 -21.29624879 20.48987589
v 99.23899254 -19.84360022 20.26227494
v 99.23899254 -18.25853357 20.07003088
v 99.23899254 -16.50653074 19.91296588
v 99.23899254 -14.52936853 19.79094103
v 99.23899254 -12.21401962 19.70385228
v 99.23899254 -9.27293736 19.65162735
v 99.23899254 -2.99863791 19.63422373
v 99.23899254 3.27566166 19.65162735
v 99.23899254 6.21674392 19.70385228
v 99.23899254 8.53209282 19.79094103
v 99.23899254 10.50925503 19.91296588
v 99.23899254 12.26125786 20.07003088
v 99.23899254 13.84632452 20.26227494
v 99.23899254 15.29897308 20.48987589
v 99.23899254 16.64153700 20.75305580
v 99.23899254 17.88935434 21.05208765
v 99.23899254 19.05342336 21.38730381
v 99.23899254 20.14189062 21.75910650
v 99.23899254 21.16094380 22.16798092
v 99.23899254 22.11537693 22.61451161
v 99.23899254 23.00896372 23.09940301
v 99.23899254 23.84471312 23.62350542
v 99.23899254 24.62504955 24.18784828
v 99.23899254 25.35194303 24.79368296
v 100.74696377 -31.37270510 24.52466847
v 100.74696377 -30.64524436 23.91883378
v 100.74696377 -29.86429898 23.35449093
v 100.74696377 -29.02789738 22.83038851
v 100.74696377 -28.13361326 22.34549712
v 100.74696377 -27.17843530 21.89896643
v 100.74696377 -26.15858687 21.49009201
v 100.74696377 -25.06927020 21.11828932
v 100.74696377 -23.90429276 20.78307316
v 100.74696377 -22.65550164 20.48404131
v 100.74696377 -21.31189002 20.22086140
v 100.74696377 -19.85810784 19.99326044
v 100.74696377 -18.27180423 19.80101638
v 100.74696377 -16.51843417 19.64395138
v 100.74696377 -14.53972902 19.52192654
v 100.74696377 -12.22257327 19.43483778
v 100.74696377 -9.27919584 19.38261286
v 100.74696377 -3.00000006 19.36520924
v 100.74696377 3.27919584 19.38261286
v 100.74696377 6.22257327 19.43483778
v 100.74696377 8.53972902 19.52192654
v 100.74696377 10.51843417 19.64395138
v 100.74696377 12.27180423 19.80101638
v 100.74696377 13.85810784 19.99326044
v 100.74696377 15.31189002 20.22086140
v 100.74696377 16.65550164 20.48404131
v 100.74696377 17.90429276 20.78307316
v 100.74696377 19.06927020 21.11828932
v 100.74696377 20.15858687 21.49009201
v 100.74696377 21.17843530 21.89896643
v 100.74696377 22.13361326 22.34549712
v 100.74696377 23.02789738 22.83038851
v 100.74696377 23.86429898 23.35449093
v 100.74696377 24.64524436 23.91883378
v 100.74696377 25.37270510 24.52466847
v 102.25838564 -31.41834605 24.23556839
v 102.25838564 -30.68971510 23.62973371
v 102.25838564 -29.90751347 23.06539086
v 102.25838564 -29.06976641 22.54128844
v 102.25838564 -28.17404373 22.05639705
v 102.25838564 -27.21732925 21.60986636
v 102.25838564 -26.19584027 21.20099193
v 102.25838564 -25.10477130 20.82918925
v 102.25838564 -23.93791985 20.49397309
v 102.25838564 -22.68711991 20.19494124
v 102.25838564 -21.34134692 19.93176133
v 102.25838564 -19.88522615 19.70416037
v 102.25838564 -18.29637078 19.51191631
v 102.25838564 -16.54018022 19.35485131
v 102.25838564 -14.55829208 19.23282647
v 102.25838564 -12.23740890 19.14573771
v 102.25838564 -9.28929669 19.09351279
v 102.25838564 -3.00000006 19.07610916
v 102.25838564 3.28929669 19.09351279
v 102.25838564 6.23740890 19.14573771
v 102.25838564 8.55829208 19.23282647
v 102.25838564 10.54018022 19.35485131
v 102.25838564 12.29637078 19.51191631
v 102.25838564 13.88522615 19.70416037
v 102.25838564 15.34134692 19.93176133
v 102.25838564 16.68711991 20.19494124
v 102.25838564 17.93791985 20.49397309
v 102.25838564 19.10477130 20.82918925
v 102.25838564 20.19584027 21.20099193
v 102.25838564 21.21732925 21.60986636
v 102.25838564 22.17404373 22.05639705
v 102.25838564 23.06976641 22.54128844
v 102.25838564 23.90751347 23.06539086
v 102.25838564 24.68971510 23.62973371
v 102.25838564 25.41834605 24.23556839
v 103.77312901 -31.48917256 23.92536691
v 103.77312901 -30.75872566 23.31953222
v 103.77312901 -29.97457457 22.75518937
v 103.77312901 -29.13473961 22.23108695
v 103.77312901 -28.23678453 21.74619556
v 103.77312901 -27.27768565 21.29966487
v 103.77312901 -26.25365083 20.89079045
v 103.77312901 -25.15986261 20.51898776
v 103.77312901 -23.99010304 20.18377160
v 103.77312901 -22.73618575 19.88473975
v 103.77312901 -21.38705872 19.62155984
v 103.77312901 -19.92730889 19.39395889
v 103.77312901 -18.33449364 19.20171482
v 103.77312901 -16.57392616 19.04464983
v 103.77312901 -14.58709859 18.92262498
v 103.77312901 -12.26043112 18.83553623
v 103.77312901 -9.30497139 18.78331130
v 103.77312901 -3.00000006 18.76590768
v 103.77312901 3.30497139 18.78331130
v 103.77312901 6.26043112 18.83553623
v 103.77312901 8.58709859 18.92262498
v 103.77312901 10.57392616 19.04464983
v 103.77312901 12.33449364 19.20171482
v 103.77312901 13.92730889 19.39395889
v 103.77312901 15.38705872 19.62155984
v 103.77312901 16.73618575 19.88473975
v 103.77312901 17.99010304 20.18377160
v 103.77312901 19.15986261 20.51898776
v 103.77312901 20.25365083 20.89079045
v 103.77312901 21.27768565 21.29966487
v 103.77312901 22.23678453 21.74619556
v 103.77312901 23.13473961 22.23108695
v 103.77312901 23.97457457 22.75518937
v 103.77312901 24.75872566 23.31953222
v 103.77312901 25.48917256 23.92536691
v 105.29106402 -31.58342311 23.59578017
v 105.29106402 -30.85055968 22.98994549
v 105.29106402 -30.06381438 22.42560263
v 105.29106402 -29.22120100 21.90150022
v 105.29106402 -28.32027522 21.41660882
v 105.29106402 -27.35800337 20.97007813
v 105.29106402 -26.33058074 20.56120371
v 105.29106402 -25.23317394 20.18940102
v 105.29106402 -24.05954446 19.85418487
v 105.29106402 -22.80147885 19.55515301
v 105.29106402 -21.44788851 19.29197310
v 105.29106402 -19.98330939 19.06437215
v 105.29106402 -18.38522465 18.87212809
v 105.29106402 -16.61883269 18.71506309
v 105.29106402 -14.62543212 18.59303824
v 105.29106402 -12.29106734 18.50594949
v 105.29106402 -9.32583009 18.45372457
v 105.29106402 -3.00000006 18.43632094
v 105.29106402 3.32583009 18.45372457
v 105.29106402 6.29106734 18.50594949
v 105.29106402 8.62543212 18.59303824
v 105.29106402 10.61883269 18.71506309
v 105.29106402 12.38522465 18.87212809
v 105.29106402 13.98330939 19.06437215
v 105.29106402 15.44788851 19.29197310
v 105.29106402 16.80147885 19.55515301
v 105.29106402 18.05954446 19.85418487
v 105.29106402 19.23317394 20.18940102
v 105.29106402 20.33058074 20.56120371
v 105.29106402 21.35800337 20.97007813
v 105.29106402 22.32027522 21.41660882
v 105.29106402 23.22120100 21.90150022
v 105.29106402 24.06381438 22.42560263
v 105.29106402 24.85055968 22.98994549
v 105.29106402 25.58342311 23.59578017
v 106.81206009 -31.69930422 23.24855367
v 106.81206009 -30.96346966 22.64271899
v 106.81206009 -30.17353479 22.07837613
v 106.81206009 -29.32750534 21.55427372
v 106.81206009 -28.42292708 21.06938233
v 106.81206009 -27.45675405 20.62285163
v 106.81206009 -26.42516610 20.21397721
v 106.81206009 -25.32331028 19.84217452
v 106.81206009 -24.14492274 19.50695837
v 106.81206009 -22.88175675 19.20792651
v 106.81206009 -21.52267877 18.94474661
v 106.81206009 -20.05216206 18.71714565
v 106.81206009 -18.44759846 18.52490159
v 106.81206009 -16.67404530 18.36783659
v 106.81206009 -14.67256321 18.24581174
v 106.81206009 -12.32873460 18.15872299
v 106.81206009 -9.35147587 18.10649807
v 106.81206009 -3.00000006 18.08909444
v 106.81206009 3.35147587 18.10649807
v 106.81206009 6.32873460 18.15872299
v 106.81206009 8.67256321 18.24581174
v 106.81206009 10.67404530 18.36783659
v 106.81206009 12.44759846 18.52490159
v 106.81206009 14.05216206 18.71714565
v 106.81206009 15.52267877 18.94474661
v 106.81206009 16.88175675 19.20792651
v 106.81206009 18.14492274 19.50695837
v 106.81206009 19.32331028 19.84217452
v 106.81206009 20.42516610 20.21397721
v 106.81206009 21.45675405 20.62285163
v 106.81206009 22.42292708 21.06938233
v 106.81206009 23.32750534 21.55427372
v 106.81206009 24.17353479 22.07837613
v 106.81206009 24.96346966 22.64271899
v 106.81206009 25.69930422 23.24855367
v 108.33598597 -31.83499194 22.88546085
v 108.33598597 -31.09567842 22.27962616
v 108.33598597 -30.30200881 21.71528331
v 108.33598597 -29.45197941 21.19118089
v 108.33598597 -28.54312439 20.70628950
v 108.33598597 -27.57238337 20.25975881
v 108.33598597 -26.53591817 19.85088439
v 108.33598597 -25.42885287 19.47908170
v 108.33598597 -24.24489403 19.14386554
v 108.33598597 -22.97575590 18.84483369
v 108.33598597 -21.61025233 18.58165378
v 108.33598597 -20.13278314 18.35405282
v 108.33598597 -18.52063331 18.16180876
v 108.33598597 -16.73869495 18.00474376
v 108.33598597 -14.72775004 17.88271892
v 108.33598597 -12.37284002 17.79563016
v 108.33598597 -9.38150507 17.74340524
v 108.33598597 -3.00000006 17.72600161
v 108.33598597 3.38150507 17.74340524
v 108.33598597 6.37284002 17.79563016
v 108.33598597 8.72775004 17.88271892
v 108.33598597 10.73869495 18.00474376
v 108.33598597 12.52063331 18.16180876
v 108.33598597 14.13278314 18.35405282
v 108.33598597 15.61025233 18.58165378
v 108.33598597 16.97575590 18.84483369
v 108.33598597 18.24489403 19.14386554
v 108.33598597 19.42885287 19.47908170
v 108.33598597 20.53591817 19.85088439
v 108.33598597 21.57238337 20.25975881
v 108.33598597 22.54312439 20.70628950
v 108.33598597 23.45197941 21.19118089
v 108.33598597 24.30200881 21.71528331
v 108.33598597 25.09567842 22.27962616
v 108.33598597 25.83499194 22.88546085
v 109.86270975 -31.98863331 22.50830165
v 109.86270975 -31.24538050 21.90246696
v 109.86270975 -30.44748199 21.33812411
v 109.86270975 -29.59292338 20.81402169
v 109.86270975 -28.67922571 20.32913030
v 109.86270975 -27.70331230 19.88259961
v 109.86270975 -26.66132451 19.47372519
v 109.86270975 -25.54836043 19.10192250
v 109.86270975 -24.35809311 18.76670634
v 109.86270975 -23.08219264 18.46767449
v 109.86270975 -21.70941326 18.20449458
v 109.86270975 -20.22407167 17.97689362
v 109.86270975 -18.60333184 17.78464956
v 109.86270975 -16.81189878 17.62758456
v 109.86270975 -14.79023896 17.50555972
v 109.86270975 -12.42278128 17.41847096
v 109.86270975 -9.41550762 17.36624604
v 109.86270975 -3.00000006 17.34884241
v 109.86270975 3.41550762 17.36624604
v 109.86270975 6.42278128 17.41847096
v 109.86270975 8.79023896 17.50555972
v 109.86270975 10.81189878 17.62758456
v 109.86270975 12.60333184 17.78464956
v 109.86270975 14.22407167 17.97689362
v 109.86270975 15.70941326 18.20449458
v 109.86270975 17.08219264 18.46767449
v 109.86270975 18.35809311 18.76670634
v 109.86270975 19.54836043 19.10192250
v 109.86270975 20.66132451 19.47372519
v 109.86270975 21.70331230 19.88259961
v 109.86270975 22.67922571 20.32913030
v 109.86270975 23.59292338 20.81402169
v 109.86270975 24.44748199 21.33812411
v 109.86270975 25.24538050 21.90246696
v 109.86270975 25.98863331 22.50830165
v 111.39209892 -32.15834787 22.09849426
v 111.39209892 -31.41074368 21.49505579
v 111.39209892 -30.60817385 20.93294504
v 111.39209892 -29.74861221 20.41091557
v 111.39209892 -28.82956528 19.92794203
v 111.39209892 -27.84793836 19.48317747
v 111.39209892 -26.79985023 19.07592024
v 111.39209892 -25.68037029 18.70558811
v 111.39209892 -24.48313451 18.37169781
v 111.39209892 -23.19976426 18.07384869
v 111.39209892 -21.81894791 17.81170972
v 111.39209892 -20.32491037 17.58500898
v 111.39209892 -18.69468187 17.39352529
v 111.39209892 -16.89276084 17.23708151
v 111.39209892 -14.85926516 17.11553931
v 111.39209892 -12.47794715 17.02879501
v 111.39209892 -9.45306735 16.97677665
v 111.39209892 -3.00000006 16.95944185
v 111.39209892 3.45306735 16.97677665
v 111.39209892 6.47794715 17.02879501
v 111.39209892 8.85926516 17.11553931
v 111.39209892 10.89276084 17.23708151
v 111.39209892 12.69468187 17.39352529
v 111.39209892 14.32491037 17.58500898
v 111.39209892 15.81894791 17.81170972
v 111.39209892 17.19976426 18.07384869
v 111.39209892 18.48313451 18.37169781
v 111.39209892 19.68037029 18.70558811
v 111.39209892 20.79985023 19.07592024
v 111.39209892 21.84793836 19.48317747
v 111.39209892 22.82956528 19.92794203
v 111.39209892 23.74861221 20.41091557
v 111.39209892 24.60817385 20.93294504
v 111.39209892 25.41074368 21.49505579
v 111.39209892 26.15834787 22.09849426
v 112.92402035 -32.34222925 21.67423292
v 112.92402035 -31.58991044 21.07366753
v 112.92402035 -30.78227936 20.51423310
v 112.92402035 -29.91729706 19.99468911
v 112.92402035 -28.99245434 19.51401510
v 112.92402035 -28.00463699 19.07136815
v 112.92402035 -26.94993930 18.66604995
v 112.92402035 -25.82339957 18.29748104
v 112.92402035 -24.61861367 17.96518046
v 112.92402035 -23.32715009 17.66874946
v 112.92402035 -21.93762590 17.40785858
v 112.92402035 -20.43416650 17.18223720
v 112.92402035 -18.79365729 16.99166520
v 112.92402035 -16.98037279 16.83596629
v 112.92402035 -14.93405328 16.71500276
v 112.92402035 -12.53771796 16.62867147
v 112.92402035 -9.49376234 16.57690078
v 112.92402035 -3.00000006 16.55964852
v 112.92402035 3.49376234 16.57690078
v 112.92402035 6.53771796 16.62867147
v 112.92402035 8.93405328 16.71500276
v 112.92402035 10.98037279 16.83596629
v 112.92402035 12.79365729 16.99166520
v 112.92402035 14.43416650 17.18223720
v 112.92402035 15.93762590 17.40785858
v 112.92402035 17.32715009 17.66874946
v 112.92402035 18.61861367 17.96518046
v 112.92402035 19.82339957 18.29748104
v 112.92402035 20.94993930 18.66604995
v 112.92402035 22.00463699 19.07136815
v 112.92402035 22.99245434 19.51401510
v 112.92402035 23.91729706 19.99468911
v 112.92402035 24.78227936 20.51423310
v 112.92402035 25.58991044 21.07366753
v 112.92402035 26.34222925 21.67423292
v 114.45834038 -32.53834667 21.24057252
v 114.45834038 -31.78099952 20.64298319
v 114.45834038 -30.96797040 20.08632099
v 114.45834038 -30.09720674 19.56935157
v 114.45834038 -29.16618256 19.09105950
v 114.45834038 -28.17176284 18.65060605
v 114.45834038 -27.11001577 18.24729638
v 114.45834038 -25.97594648 17.88055389
v 114.45834038 -24.76310803 17.54989999
v 114.45834038 -23.46301258 17.25493794
v 114.45834038 -22.06420109 16.99533988
v 114.45834038 -20.55069288 16.77083656
v 114.45834038 -18.89921885 16.58120892
v 114.45834038 -17.07381473 16.42628156
v 114.45834038 -15.01381804 16.30591746
v 114.45834038 -12.60146610 16.22001398
v 114.45834038 -9.53716531 16.16849983
v 114.45834038 -3.00000006 16.15133307
v 114.45834038 3.53716531 16.16849983
v 114.45834038 6.60146610 16.22001398
v 114.45834038 9.01381804 16.30591746
v 114.45834038 11.07381473 16.42628156
v 114.45834038 12.89921885 16.58120892
v 114.45834038 14.55069288 16.77083656
v 114.45834038 16.06420109 16.99533988
v 114.45834038 17.46301258 17.25493794
v 114.45834038 18.76310803 17.54989999
v 114.45834038 19.97594648 17.88055389
v 114.45834038 21.11001577 18.24729638
v 114.45834038 22.17176284 18.65060605
v 114.45834038 23.16618256 19.09105950
v 114.45834038 24.09720674 19.56935157
v 114.45834038 24.96797040 20.08632099
v 114.45834038 25.78099952 20.64298319
v 114.45834038 26.53834667 21.24057252
v 115.99492479 -32.74474664 20.79936814
v 115.99492479 -31.98210751 20.20486208
v 115.99492479 -31.16339733 19.65107198
v 115.99492479 -30.28654918 19.13676986
v 115.99492479 -29.34901945 18.66094554
v 115.99492479 -28.34765119 18.22276462
v 115.99492479 -27.27848513 17.82153582
v 115.99492479 -26.13649151 17.45668554
v 115.99492479 -24.91517832 17.12773766
v 115.99492479 -23.60599842 16.83429746
v 115.99492479 -22.19741270 16.57603880
v 115.99492479 -20.67332881 16.35269380
v 115.99492479 -19.01031506 16.16404455
v 115.99492479 -17.17215588 16.00991654
v 115.99492479 -15.09776491 15.89017346
v 115.99492479 -12.66855660 15.80471319
v 115.99492479 -9.58284393 15.75346484
v 115.99492479 -3.00000006 15.73638664
v 115.99492479 3.58284393 15.75346484
v 115.99492479 6.66855660 15.80471319
v 115.99492479 9.09776491 15.89017346
v 115.99492479 11.17215588 16.00991654
v 115.99492479 13.01031506 16.16404455
v 115.99492479 14.67332881 16.35269380
v 115.99492479 16.19741270 16.57603880
v 115.99492479 17.60599842 16.83429746
v 115.99492479 18.91517832 17.12773766
v 115.99492479 20.13649151 17.45668554
v 115.99492479 21.27848513 17.82153582
v 115.99492479 22.34765119 18.22276462
v 115.99492479 23.34901945 18.66094554
v 115.99492479 24.28654918 19.13676986
v 115.99492479 25.16339733 19.65107198
v 115.99492479 25.98210751 20.20486208
v 115.99492479 26.74474664 20.79936814
v 117.53363887 -32.95945455 20.35249379
v 117.53363887 -32.19131042 19.76118243
v 117.53363887 -31.36669050 19.21036825
v 117.53363887 -30.48351296 18.69882985
v 117.53363887 -29.53921582 18.22556248
v 117.53363887 -28.53061934 17.78973622
v 117.53363887 -27.45373567 17.39066351
v 117.53363887 -26.30349874 17.02777384
v 117.53363887 -25.07336969 16.70059363
v 117.53363887 -23.75473967 16.40873030
v 117.53363887 -22.33598629 16.15185945
v 117.53363887 -20.80090103 15.92971464
v 117.53363887 -19.12588307 15.74207914
v 117.53363887 -17.27445542 15.58877937
v 117.53363887 -15.18509077 15.46967976
v 117.53363887 -12.73834760 15.38467873
v 117.53363887 -9.63036118 15.33370577
v 117.53363887 -3.00000006 15.31671935
v 117.53363887 3.63036118 15.33370577
v 117.53363887 6.73834760 15.38467873
v 117.53363887 9.18509077 15.46967976
v 117.53363887 11.27445542 15.58877937
v 117.53363887 13.12588307 15.74207914
v 117.53363887 14.80090103 15.92971464
v 117.53363887 16.33598629 16.15185945
v 117.53363887 17.75473967 16.40873030
v 117.53363887 19.07336969 16.70059363
v 117.53363887 20.30349874 17.02777384
v 117.53363887 21.45373567 17.39066351
v 117.53363887 22.53061934 17.78973622
v 117.53363887 23.53921582 18.22556248
v 117.53363887 24.48351296 18.69882985
v 117.53363887 25.36669050 19.21036825
v 117.53363887 26.19131042 19.76118243
v 117.53363887 26.95945455 20.35249379
v 119.07434745 -33.18047632 19.90184085
v 119.07434745 -32.40666531 19.31383989
v 119.07434745 -31.57596188 18.76610938
v 119.07434745 -30.68626882 18.25743476
v 119.07434745 -29.73500525 17.78681693
v 119.07434745 -28.71896799 17.35343059
v 119.07434745 -27.63413975 16.95659205
v 119.07434745 -26.47541711 16.59573397
v 119.07434745 -25.23621295 16.27038544
v 119.07434745 -23.90785492 15.98015607
v 119.07434745 -22.47863488 15.72472329
v 119.07434745 -20.93222474 15.50382214
v 119.07434745 -19.24484956 15.31723709
v 119.07434745 -17.37976326 15.16479555
v 119.07434745 -15.27498461 15.04636271
v 119.07434745 -12.81019092 14.96183755
v 119.07434745 -9.67927576 14.91114995
v 119.07434745 -3.00000006 14.89425863
v 119.07434745 3.67927576 14.91114995
v 119.07434745 6.81019092 14.96183755
v 119.07434745 9.27498461 15.04636271
v 119.07434745 11.37976326 15.16479555
v 119.07434745 13.24484956 15.31723709
v 119.07434745 14.93222474 15.50382214
v 119.07434745 16.47863488 15.72472329
v 119.07434745 17.90785492 15.98015607
v 119.07434745 19.23621295 16.27038544
v 119.07434745 20.47541711 16.59573397
v 119.07434745 21.63413975 16.95659205
v 119.07434745 22.71896799 17.35343059
v 119.07434745 23.73500525 17.78681693
v 119.07434745 24.68626882 18.25743476
v 119.07434745 25.57596188 18.76610938
v 119.07434745 26.40666531 19.31383989
v 119.07434745 27.18047632 19.90184085
v 120.61691489 -33.40580015 19.44931651
v 120.61691489 -32.62621196 18.86474584
v 120.61691489 -31.78930659 18.32021069
v 120.61691489 -30.89297119 17.81450360
v 120.61691489 -29.93460560 17.34663127
v 120.61691489 -28.91098272 16.91577323
v 120.61691489 -27.81805529 16.52124977
v 120.61691489 -26.65068176 16.16249687
v 120.61691489 -25.40222585 15.83904637
v 120.61691489 -24.06395046 15.55051015
v 120.61691489 -22.62406003 15.29656752
v 120.61691489 -21.06610458 15.07695506
v 120.61691489 -19.36613166 14.89145852
v 120.61691489 -17.48712085 14.73990630
v 120.61691489 -15.36662818 14.62216437
v 120.61691489 -12.88343264 14.53813231
v 120.61691489 -9.72914244 14.48774042
v 120.61691489 -3.00000007 14.47094764
v 120.61691489 3.72914244 14.48774042
v 120.61691489 6.88343264 14.53813231
v 120.61691489 9.36662818 14.62216437
v 120.61691489 11.48712085 14.73990630
v 120.61691489 13.36613166 14.89145852
v 120.61691489 15.06610458 15.07695506
v 120.61691489 16.62406003 15.29656752
v 120.61691489 18.06395046 15.55051015
v 120.61691489 19.40222585 15.83904637
v 120.61691489 20.65068176 16.16249687
v 120.61691489 21.81805529 16.52124977
v 120.61691489 22.91098272 16.91577323
v 120.61691489 23.93460560 17.34663127
v 120.61691489 24.89297119 17.81450360
v 120.61691489 25.78930659 18.32021069
v 120.61691489 26.62621196 18.86474584
v 120.61691489 27.40580015 19.44931651
v 122.16120517 -34.36281725 19.61911731
v 122.16120517 -33.63339817 18.99684213
v 122.16120517 -32.84797449 18.41582587
v 122.16120517 -32.00480459 17.87460170
v 122.16120517 -31.10175981 17.37196949
v 122.16120517 -30.13622052 16.90694200
v 122.16120517 -29.10493547 16.47870374
v 122.16120517 -28.00382709 16.08657914
v 122.16120517 -26.82771536 15.73000760
v 122.16120517 -25.56991433 15.40852379
v 122.16120517 -24.22162148 15.12174198
v 122.16120517 -22.77095297 14.86934342
v 122.16120517 -21.20133568 14.65106629
v 122.16120517 -19.48863787 14.46669763
v 122.16120517 -17.59556201 14.31606691
v 122.16120517 -15.45919670 14.19904089
v 122.16120517 -12.95741358 14.11551979
v 122.16120517 -9.77951241 14.06543429
v 122.16120517 -3.00000007 14.04874362
v 122.16120517 3.77951241 14.06543429
v 122.16120517 6.95741358 14.11551979
v 122.16120517 9.45919670 14.19904089
v 122.16120517 11.59556201 14.31606691
v 122.16120517 13.48863787 14.46669763
v 122.16120517 15.20133568 14.65106629
v 122.16120517 16.77095297 14.86934342
v 122.16120517 18.22162148 15.12174198
v 122.16120517 19.56991433 15.40852379
v 122.16120517 20.82771536 15.73000760
v 122.16120517 22.00382709 16.08657914
v 122.16120517 23.10493547 16.47870374
v 122.16120517 24.13622052 16.90694200
v 122.16120517 25.10175981 17.37196949
v 122.16120517 26.00480459 17.87460170
v 122.16120517 26.84797449 18.41582587
v 122.16120517 27.63339817 18.99684213
v 122.16120517 28.36281725 19.61911731
v 123.70708187 -34.59607222 19.16468254
v 123.70708187 -33.86122823 18.54635160
v 123.70708187 -33.06996311 17.96901807
v 123.70708187 -32.22052230 17.43122441
v 123.70708187 -31.31076129 16.93177810
v 123.70708187 -30.33804098 16.46969815
v 123.70708187 -29.29908595 16.04417424
v 123.70708187 -28.18978829 15.65453509
v 123.70708187 -27.00492945 15.30022365
v 123.70708187 -25.73777376 14.98077754
v 123.70708187 -24.37945324 14.69581348
v 123.70708187 -22.91799566 14.44501472
v 123.70708187 -21.33670464 14.22812112
v 123.70708187 -19.61126897 14.04492108
v 123.70708187 -17.70411372 13.89524511
v 123.70708187 -15.55185960 13.77896086
v 123.70708187 -13.03146994 13.69596914
v 123.70708187 -9.82993375 13.64620111
v 123.70708187 -3.00000007 13.62961623
v 123.70708187 3.82993375 13.64620111
v 123.70708187 7.03146994 13.69596914
v 123.70708187 9.55185960 13.77896086
v 123.70708187 11.70411372 13.89524511
v 123.70708187 13.61126897 14.04492108
v 123.70708187 15.33670464 14.22812112
v 123.70708187 16.91799566 14.44501472
v 123.70708187 18.37945324 14.69581348
v 123.70708187 19.73777376 14.98077754
v 123.70708187 21.00492945 15.30022365
v 123.70708187 22.18978829 15.65453509
v 123.70708187 23.29908595 16.04417424
v 123.70708187 24.33804098 16.46969815
v 123.70708187 25.31076129 16.93177810
v 123.70708187 26.22052230 17.43122441
v 123.70708187 27.06996311 17.96901807
v 123.70708187 27.86122823 18.54635160
v 123.70708187 28.59607222 19.16468254
v 125.25440821 -34.82746113 18.71403453
v 125.25440821 -34.08723561 18.09978974
v 125.25440821 -33.29017579 17.52627143
v 125.25440821 -32.43451423 16.99203169
v 125.25440821 -31.51809073 16.49588590
v 125.25440821 -30.53824686 16.03685953
v 125.25440821 -29.49168320 15.61414764
v 125.25440821 -28.37426177 15.22708336
v 125.25440821 -27.18072581 14.87511333
v 125.25440821 -25.90429030 14.55777824
v 125.25440821 -24.53602233 14.27469731
v 125.25440821 -23.06386199 14.02555592
v 125.25440821 -21.47099064 13.81009563
v 125.25440821 -19.73291900 13.62810624
v 125.25440821 -17.81179700 13.47941938
v 125.25440821 -15.64378119 13.36390357
v 125.25440821 -13.10493385 13.28146030
v 125.25440821 -9.87995170 13.23202115
v 125.25440821 -3.00000007 13.21554587
v 125.25440821 3.87995170 13.23202115
v 125.25440821 7.10493385 13.28146030
v 125.25440821 9.64378119 13.36390357
v 125.25440821 11.81179700 13.47941938
v 125.25440821 13.73291900 13.62810624
v 125.25440821 15.47099064 13.81009563
v 125.25440821 17.06386199 14.02555592
v 125.25440821 18.53602233 14.27469731
v 125.25440821 19.90429030 14.55777824
v 125.25440821 21.18072581 14.87511333
v 125.25440821 22.37426177 15.22708336
v 125.25440821 23.49168320 15.61414764
v 125.25440821 24.53824686 16.03685953
v 125.25440821 25.51809073 16.49588590
v 125.25440821 26.43451423 16.99203169
v 125.25440821 27.29017579 17.52627143
v 125.25440821 28.08723561 18.09978974
v 125.25440821 28.82746113 18.71403453
v 126.80304712 -35.05486930 18.26912287
v 126.80304712 -34.30935486 17.65911058
v 126.80304712 -33.50660001 17.08954414
v 126.80304712 -32.64482473 16.55898563
v 126.80304712 -31.72185335 16.06625856
v 126.80304712 -30.73500847 15.61039516
v 126.80304712 -29.68096708 15.19059599
v 126.80304712 -28.55556164 14.80619881
v 126.80304712 -27.35349783 14.45665406
v 126.80304712 -26.06794215 14.14150559
v 126.80304712 -24.68989786 13.86037525
v 126.80304712 -23.20721890 13.61295059
v 126.80304712 -21.60296643 13.39897495
v 126.80304712 -19.85247622 13.21823956
v 126.80304712 -17.91762774 13.07057725
v 126.80304712 -15.73412139 12.95585741
v 126.80304712 -13.17713390 12.87398222
v 126.80304712 -9.92910916 12.82488374
v 126.80304712 -3.00000007 12.80852198
v 126.80304712 3.92910916 12.82488374
v 126.80304712 7.17713390 12.87398222
v 126.80304712 9.73412139 12.95585741
v 126.80304712 11.91762774 13.07057725
v 126.80304712 13.85247622 13.21823956
v 126.80304712 15.60296643 13.39897495
v 126.80304712 17.20721890 13.61295059
v 126.80304712 18.68989786 13.86037525
v 126.80304712 20.06794215 14.14150559
v 126.80304712 21.35349783 14.45665406
v 126.80304712 22.55556164 14.80619881
v 126.80304712 23.68096708 15.19059599
v 126.80304712 24.73500847 15.61039516
v 126.80304712 25.72185335 16.06625856
v 126.80304712 26.64482473 16.55898563
v 126.80304712 27.50660001 17.08954414
v 126.80304712 28.30935486 17.65911058
v 126.80304712 29.05486930 18.26912287
v 128.35286119 -35.27617290 17.83190474
v 128.35286119 -34.52551149 17.22627572
v 128.35286119 -33.71721451 16.66080194
v 128.35286119 -32.84948961 16.13405579
v 128.35286119 -31.92014614 15.64486924
v 128.35286119 -30.92648817 15.19228147
v 128.35286119 -29.86516979 14.77549879
v 128.35286119 -28.73199467 14.39386372
v 128.35286119 -27.52163193 14.04683064
v 128.35286119 -26.22720090 13.73394669
v 128.35286119 -24.83964274 13.45483644
v 128.35286119 -23.34672750 13.20918966
v 128.35286119 -21.73139943 12.99675155
v 128.35286119 -19.96882402 12.81731485
v 128.35286119 -18.02061754 12.67071357
v 128.35286119 -15.82203648 12.55681806
v 128.35286119 -13.24739581 12.47553119
v 128.35286119 -9.97694704 12.42678551
v 128.35286119 -3.00000007 12.41054131
v 128.35286119 3.97694704 12.42678551
v 128.35286119 7.24739581 12.47553119
v 128.35286119 9.82203648 12.55681806
v 128.35286119 12.02061754 12.67071357
v 128.35286119 13.96882402 12.81731485
v 128.35286119 15.73139943 12.99675155
v 128.35286119 17.34672750 13.20918966
v 128.35286119 18.83964274 13.45483644
v 128.35286119 20.22720090 13.73394669
v 128.35286119 21.52163193 14.04683064
v 128.35286119 22.73199467 14.39386372
v 128.35286119 23.86516979 14.77549879
v 128.35286119 24.92648817 15.19228147
v 128.35286119 25.92014614 15.64486924
v 128.35286119 26.84948961 16.13405579
v 128.35286119 27.71721451 16.66080194
v 128.35286119 28.52551149 17.22627572
v 128.35286119 29.27617290 17.83190474
v 129.90371280 -35.48924070 17.40434320
v 129.90371280 -34.73362389 16.80325263
v 129.90371280 -33.91999102 16.24201638
v 129.90371280 -33.04653792 15.71921755
v 129.90371280 -32.11105948 15.23369686
v 129.90371280 -31.11084199 14.78450068
v 129.90371280 -30.04251742 14.37084128
v 129.90371280 -28.90186176 13.99206609
v 129.90371280 -27.68350894 13.64763360
v 129.90371280 -26.38053286 13.33709433
v 129.90371280 -24.98381487 13.06007567
v 129.90371280 -23.48104431 12.81626971
v 129.90371280 -21.85505282 12.60542357
v 129.90371280 -20.08084195 12.42733153
v 129.90371280 -18.11977459 12.28182884
v 129.90371280 -15.90667982 12.16878684
v 129.90371280 -13.31504293 12.08810911
v 129.90371280 -10.02300463 12.03972872
v 129.90371280 -3.00000007 12.02360626
v 129.90371280 4.02300463 12.03972872
v 129.90371280 7.31504293 12.08810911
v 129.90371280 9.90667982 12.16878684
v 129.90371280 12.11977459 12.28182884
v 129.90371280 14.08084195 12.42733153
v 129.90371280 15.85505282 12.60542357
v 129.90371280 17.48104431 12.81626971
v 129.90371280 18.98381487 13.06007567
v 129.90371280 20.38053286 13.33709433
v 129.90371280 21.68350894 13.64763360
v 129.90371280 22.90186176 13.99206609
v 129.90371280 24.04251742 14.37084128
v 129.90371280 25.11084199 14.78450068
v 129.90371280 26.11105948 15.23369686
v 129.90371280 27.04653792 15.71921755
v 129.90371280 27.91999102 16.24201638
v 129.90371280 28.73362389 16.80325263
v 129.90371280 29.48924070 17.40434320
v 131.45546407 -35.69423868 16.98020371
v 131.45546407 -34.93369389 16.38374530
v 131.45546407 -34.11475468 15.82683408
v 131.45546407 -33.23560512 15.30806406
v 131.45546407 -32.29402568 14.82628492
v 131.45546407 -31.28728498 14.38055035
v 131.45546407 -30.21199303 13.97007872
v 131.45546407 -29.06389825 13.59422247
v 131.45546407 -27.83759959 13.25244426
v 131.45546407 -26.52612578 12.94429809
v 131.45546407 -25.12029869 12.66941420
v 131.45546407 -23.60772738 12.42748707
v 131.45546407 -21.97113152 12.21826576
v 131.45546407 -20.18534962 12.04154614
v 131.45546407 -18.21149259 11.89716474
v 131.45546407 -15.98396449 11.78499387
v 131.45546407 -13.37542550 11.70493786
v 131.45546407 -10.06191721 11.65693030
v 131.45546407 -2.99311011 11.64093208
v 131.45546407 4.07569714 11.65693030
v 131.45546407 7.38920542 11.70493786
v 131.45546407 9.99774442 11.78499387
v 131.45546407 12.22527251 11.89716474
v 131.45546407 14.19912954 12.04154614
v 131.45546407 15.98491145 12.21826576
v 131.45546407 17.62150731 12.42748707
v 131.45546407 19.13407862 12.66941420
v 131.45546407 20.53990570 12.94429809
v 131.45546407 21.85137951 13.25244426
v 131.45546407 23.07767818 13.59422247
v 131.45546407 24.22577295 13.97007872
v 131.45546407 25.30106491 14.38055035
v 131.45546407 26.30780560 14.82628492
v 131.45546407 27.24938504 15.30806406
v 131.45546407 28.12853461 15.82683408
v 131.45546407 28.94747382 16.38374530
v 131.45546407 29.70801861 16.98020371
v 133.00797693 -35.89348165 16.55053338
v 133.00797693 -35.12779695 15.95871749
v 133.00797693 -34.30332318 15.40614098
v 133.00797693 -33.41823214 14.89140880
v 133.00797693 -32.47028933 14.41337957
v 133.00797693 -31.45674487 13.97111438
v 133.00797693 -30.37418588 13.56383764
v 133.00797693 -29.21833205 13.19090686
v 133.00797693 -27.98374582 12.85178888
v 133.00797693 -26.66340880 12.54604116
v 133.00797693 -25.24808086 12.27329682
v 133.00797693 -23.72528729 12.03325273
v 133.00797693 -22.07763099 11.82565989
v 133.00797693 -20.27978041 11.65031576
v 133.00797693 -18.29258367 11.50705815
v 133.00797693 -16.05000149 11.39576036
v 133.00797693 -13.42383346 11.31632747
v 133.00797693 -10.08793183 11.26869357
v 133.00797693 -2.97135232 11.25281988
v 133.00797693 4.14522734 11.26869357
v 133.00797693 7.48112897 11.31632747
v 133.00797693 10.10729700 11.39576036
v 133.00797693 12.34987917 11.50705815
v 133.00797693 14.33707592 11.65031576
v 133.00797693 16.13492650 11.82565989
v 133.00797693 17.78258280 12.03325273
v 133.00797693 19.30537637 12.27329682
v 133.00797693 20.72070431 12.54604116
v 133.00797693 22.04104132 12.85178888
v 133.00797693 23.27562756 13.19090686
v 133.00797693 24.43148139 13.56383764
v 133.00797693 25.51404038 13.97111438
v 133.00797693 26.52758483 14.41337957
v 133.00797693 27.47552765 14.89140880
v 133.00797693 28.36061869 15.40614098
v 133.00797693 29.18509245 15.95871749
v 133.00797693 29.95077716 16.55053338
v 134.56111313 -36.08728811 16.11644957
v 134.56111313 -35.31627203 15.52928400
v 134.56111313 -34.48605755 14.98104947
v 134.56111313 -33.59480373 14.47036190
v 134.56111313 -32.64026050 13.99608889
v 134.56111313 -31.61965885 13.55729888
v 134.56111313 -30.52956213 13.15322241
v 134.56111313 -29.36566022 12.78322201
v 134.56111313 -28.12247770 12.44676872
v 134.56111313 -26.79294734 12.14342347
v 134.56111313 -25.36776463 11.87282228
v 134.56111313 -23.83436802 11.63466438
v 134.56111313 -22.17523928 11.42870274
v 134.56111313 -20.36487048 11.25473642
v 134.56111313 -18.36383711 11.11260449
v 134.56111313 -16.10564009 11.00218124
v 134.56111313 -13.46118636 10.92337251
v 134.56111313 -10.10205723 10.87611290
v 134.56111313 -2.93592580 10.86036394
v 134.56111313 4.23020578 10.87611290
v 134.56111313 7.58933491 10.92337251
v 134.56111313 10.23378864 11.00218124
v 134.56111313 12.49198566 11.11260449
v 134.56111313 14.49301903 11.25473642
v 134.56111313 16.30338782 11.42870274
v 134.56111313 17.96251657 11.63466438
v 134.56111313 19.49591317 11.87282228
v 134.56111313 20.92109588 12.14342347
v 134.56111313 22.25062625 12.44676872
v 134.56111313 23.49380877 12.78322201
v 134.56111313 24.65771067 13.15322241
v 134.56111313 25.74780740 13.55729888
v 134.56111313 26.76840904 13.99608889
v 134.56111313 27.72295227 14.47036190
v 134.56111313 28.61420610 14.98104947
v 134.56111313 29.44442058 15.52928400
v 134.56111313 30.21543666 16.11644957
v 136.11473431 -36.99439262 16.30151020
v 136.11473431 -36.27597082 15.67873322
v 136.11473431 -35.49945343 15.09626547
v 136.11473431 -34.66331524 14.55241727
v 136.11473431 -33.76570218 14.04581564
v 136.11473431 -32.80434814 13.57533721
v 136.11473431 -31.77646434 13.14005789
v 136.11473431 -30.67858961 12.73921436
v 136.11473431 -29.50638309 12.37217427
v 136.11473431 -28.25433028 12.03841289
v 136.11473431 -26.91531351 11.73749466
v 136.11473431 -25.47996190 11.46905850
v 136.11473431 -23.93562428 11.23280607
v 136.11473431 -22.26465740 11.02849230
v 136.11473431 -20.44137134 10.85591785
v 136.11473431 -18.42606029 10.71492309
v 136.11473431 -16.15175069 10.60538332
v 136.11473431 -13.48842838 10.52720513
v 136.11473431 -10.10533135 10.48032364
v 136.11473431 -2.88806847 10.46470068
v 136.11473431 4.32919455 10.48032364
v 136.11473431 7.71229158 10.52720513
v 136.11473431 10.37561389 10.60538332
v 136.11473431 12.64992349 10.71492309
v 136.11473431 14.66523454 10.85591785
v 136.11473431 16.48852059 11.02849230
v 136.11473431 18.15948747 11.23280607
v 136.11473431 19.70382510 11.46905850
v 136.11473431 21.13917670 11.73749466
v 136.11473431 22.47819347 12.03841289
v 136.11473431 23.73024629 12.37217427
v 136.11473431 24.90245281 12.73921436
v 136.11473431 26.00032754 13.14005789
v 136.11473431 27.02821134 13.57533721
v 136.11473431 27.98956538 14.04581564
v 136.11473431 28.88717844 14.55241727
v 136.11473431 29.72331662 15.09626547
v 136.11473431 30.49983402 15.67873322
v 137.66870197 -37.18349377 15.85513727
v 137.66870197 -36.45984500 15.23755030
v 137.66870197 -35.67767796 14.65993663
v 137.66870197 -34.83545635 14.12062068
v 137.66870197 -33.93131261 13.61824089
v 137.66870197 -32.96296412 13.15168326
v 137.66870197 -31.92760183 12.72003141
v 137.66870197 -30.82173939 12.32252837
v 137.66870197 -29.64100434 11.95854707
v 137.66870197 -28.37984206 11.62756714
v 137.66870197 -27.03108312 11.32915666
v 137.66870197 -25.58528844 11.06295756
v 137.66870197 -24.02971481 10.82867397
v 137.66870197 -22.34659061 10.62606288
v 137.66870197 -20.51003902 10.45492661
v 137.66870197 -18.48006534 10.31510685
v 137.66870197 -16.18920873 10.20647994
v 137.66870197 -13.50650911 10.12895326
v 137.66870197 -10.09879796 10.08246247
v 137.66870197 -2.82902503 10.06696970
v 137.66870197 4.44074804 10.08246247
v 137.66870197 7.84845919 10.12895326
v 137.66870197 10.53115882 10.20647994
v 137.66870197 12.82201543 10.31510685
v 137.66870197 14.85198911 10.45492661
v 137.66870197 16.68854070 10.62606288
v 137.66870197 18.37166490 10.82867397
v 137.66870197 19.92723853 11.06295756
v 137.66870197 21.37303321 11.32915666
v 137.66870197 22.72179215 11.62756714
v 137.66870197 23.98295442 11.95854707
v 137.66870197 25.16368947 12.32252837
v 137.66870197 26.26955192 12.72003141
v 137.66870197 27.30491420 13.15168326
v 137.66870197 28.27326269 13.61824089
v 137.66870197 29.17740644 14.12062068
v 137.66870197 30.01962805 14.65993663
v 137.66870197 30.80179509 15.23755030
v 139.22287755 -37.36822092 15.40630356
v 139.22287755 -36.63922803 14.79407037
v 139.22287755 -35.85128472 14.22146395
v 139.22287755 -35.00284334 13.68682326
v 139.22287755 -34.09202253 13.18879852
v 139.22287755 -33.11652283 12.72628542
v 139.22287755 -32.07351443 12.29837550
v 139.22287755 -30.95948523 11.90431836
v 139.22287755 -29.77003051 11.54349237
v 139.22287755 -28.49955460 11.21538166
v 139.22287755 -27.14083512 10.91955805
v 139.22287755 -25.68436331 10.65566659
v 139.22287755 -24.11730183 10.42341398
v 139.22287755 -22.42174783 10.22255929
v 139.22287755 -20.57163338 10.05290658
v 139.22287755 -18.52666842 9.91429890
v 139.22287755 -16.21889393 9.80661367
v 139.22287755 -13.51638268 9.72975905
v 139.22287755 -10.08350572 9.68367128
v 139.22287755 -2.76004581 9.66831282
v 139.22287755 4.56341424 9.68367128
v 139.22287755 7.99629120 9.72975905
v 139.22287755 10.69880246 9.80661367
v 139.22287755 13.00657695 9.91429890
v 139.22287755 15.05154190 10.05290658
v 139.22287755 16.90165635 10.22255929
v 139.22287755 18.59721035 10.42341398
v 139.22287755 20.16427184 10.65566659
v 139.22287755 21.62074365 10.91955805
v 139.22287755 22.97946312 11.21538166
v 139.22287755 24.24993903 11.54349237
v 139.22287755 25.43939376 11.90431836
v 139.22287755 26.55342295 12.29837550
v 139.22287755 27.59643135 12.72628542
v 139.22287755 28.57193105 13.18879852
v 139.22287755 29.48275186 13.68682326
v 139.22287755 30.33119324 14.22146395
v 139.22287755 31.11913656 14.79407037
v 140.77712245 -37.54887320 14.95625004
v 140.77712245 -36.81443918 14.34952394
v 140.77712245 -36.02061473 13.78206817
v 140.77712245 -35.16584065 13.25223662
v 140.77712245 -34.24822156 12.75869167
v 140.77712245 -33.26544081 12.30033891
v 140.77712245 -32.21464749 11.87627808
v 140.77712245 -31.09230328 11.48576553
v 140.77712245 -29.89397056 11.12818519
v 140.77712245 -28.61401194 10.80302587
v 140.77712245 -27.24515110 10.50986322
v 140.77712245 -25.77780831 10.24834549
v 140.77712245 -24.19905042 10.01818201
v 140.77712245 -22.49084095 9.81913403
v 140.77712245 -20.62691741 9.65100736
v 140.77712245 -18.56668901 9.51364647
v 140.77712245 -16.24168950 9.40692988
v 140.77712245 -13.51900694 9.33076658
v 140.77712245 -10.06050728 9.28509337
v 140.77712245 -2.68238571 9.26987306
v 140.77712245 4.69573600 9.28509337
v 140.77712245 8.15423565 9.33076658
v 140.77712245 10.87691822 9.40692988
v 140.77712245 13.20191773 9.51364647
v 140.77712245 15.26214613 9.65100736
v 140.77712245 17.12606967 9.81913403
v 140.77712245 18.83427914 10.01818201
v 140.77712245 20.41303703 10.24834549
v 140.77712245 21.88037982 10.50986322
v 140.77712245 23.24924065 10.80302587
v 140.77712245 24.52919928 11.12818519
v 140.77712245 25.72753200 11.48576553
v 140.77712245 26.84987621 11.87627808
v 140.77712245 27.90066953 12.30033891
v 140.77712245 28.88345028 12.75869167
v 140.77712245 29.80106937 13.25223662
v 140.77712245 30.65584345 13.78206817
v 140.77712245 31.44966790 14.34952394
v 140.77712245 32.18410192 14.95625004
v 142.33129803 -37.72575129 14.50621842
v 142.33129803 -36.98579928 13.90514223
v 142.33129803 -36.18601062 13.34297068
v 142.33129803 -35.32481442 12.81807298
v 142.33129803 -34.40030101 12.32912397
v 142.33129803 -33.41013638 11.87503945
v 142.33129803 -32.35144819 11.45492753
v 142.33129803 -31.22067152 11.06805147
v 142.33129803 -30.01333543 10.71380097
v 142.33129803 -28.72376015 10.39166956
v 142.33129803 -27.34461472 10.10123689
v 142.33129803 -25.86624741 9.84215444
v 142.33129803 -24.27562791 9.61413427
v 142.33129803 -22.55458423 9.41693985
v 142.33129803 -20.67665656 9.25037879
v 142.33129803 -18.60094915 9.11429702
v 142.33129803 -16.25848132 9.00857419
v 142.33129803 -13.51534256 8.93312013
v 142.33129803 -10.03085832 8.88787224
v 142.33129803 -2.59730306 8.87279366
v 142.33129803 4.83625235 8.88787224
v 142.33129803 8.32073659 8.93312013
v 142.33129803 11.06387535 9.00857419
v 142.33129803 13.40634318 9.11429702
v 142.33129803 15.48205059 9.25037879
v 142.33129803 17.35997826 9.41693985
v 142.33129803 19.08102194 9.61413427
v 142.33129803 20.67164144 9.84215444
v 142.33129803 22.15000874 10.10123689
v 142.33129803 23.52915418 10.39166956
v 142.33129803 24.81872946 10.71380097
v 142.33129803 26.02606555 11.06805147
v 142.33129803 27.15684222 11.45492753
v 142.33129803 28.21553041 11.87503945
v 142.33129803 29.20569504 12.32912397
v 142.33129803 30.13020844 12.81807298
v 142.33129803 30.99140465 13.34297068
v 142.33129803 31.79119331 13.90514223
v 142.33129803 32.53114531 14.50621842
v 143.88526569 -37.89915710 14.05745011
v 143.88526569 -37.15363045 13.46215608
v 143.88526569 -36.34781636 12.90539243
v 143.88526569 -35.48013208 12.38554408
v 143.88526569 -34.54865358 11.90129861
v 143.88526569 -33.55102926 11.45158223
v 143.88526569 -32.48436513 11.03551165
v 143.88526569 -31.34506943 10.65235722
v 143.88526569 -30.12863752 10.30151449
v 143.88526569 -28.82934685 9.98248189
v 143.88526569 -27.43981122 9.69484308
v 143.88526569 -25.95030620 9.43825292
v 143.88526569 -24.34770331 9.21242623
v 143.88526569 -22.61369365 9.01712876
v 143.88526569 -20.72161806 8.85216997
v 143.88526569 -18.63027270 8.71739726
v 143.88526569 -16.27015721 8.61269144
v 143.88526569 -13.50635221 8.53796323
v 143.88526569 -9.99561660 8.49315061
v 143.88526569 -2.50605848 8.47821708
v 143.88526569 4.98349978 8.49315061
v 143.88526569 8.49423539 8.53796323
v 143.88526569 11.25804039 8.61269144
v 143.88526569 13.61815588 8.71739726
v 143.88526569 15.70950124 8.85216997
v 143.88526569 17.60157682 9.01712876
v 143.88526569 19.33558648 9.21242623
v 143.88526569 20.93818938 9.43825292
v 143.88526569 22.42769440 9.69484308
v 143.88526569 23.81723002 9.98248189
v 143.88526569 25.11652070 10.30151449
v 143.88526569 26.33295261 10.65235722
v 143.88526569 27.47224831 11.03551165
v 143.88526569 28.53891244 11.45158223
v 143.88526569 29.53653676 11.90129861
v 143.88526569 30.46801525 12.38554408
v 143.88526569 31.33569953 12.90539243
v 143.88526569 32.14151363 13.46215608
v 143.88526569 32.88704028 14.05745011
v 145.43888687 -38.06939356 13.61118509
v 145.43888687 -37.31825581 13.02179487
v 145.43888687 -36.50637687 12.47055292
v 145.43888687 -35.63216209 11.95586016
v 145.43888687 -34.69367295 11.47641718
v 145.43888687 -33.68854015 11.03116086
v 145.43888687 -32.61384793 10.61921665
v 145.43888687 -31.46597748 10.23986215
v 145.43888687 -30.24039027 9.89249889
v 145.43888687 -28.93132067 9.57663029
v 145.43888687 -27.53132690 9.29184414
v 145.43888687 -26.03061133 9.03779871
v 145.43888687 -24.41594668 8.81421165
v 145.43888687 -22.66888624 8.62085104
v 145.43888687 -20.76257022 8.45752822
v 145.43888687 -18.65548464 8.32409212
v 145.43888687 -16.27760608 8.22042472
v 145.43888687 -13.49299970 8.14643762
v 145.43888687 -9.95584103 8.10206943
v 145.43888687 -2.40991382 8.08728401
v 145.43888687 5.13601353 8.10206943
v 145.43888687 8.67317220 8.14643762
v 145.43888687 11.45777858 8.22042472
v 145.43888687 13.83565715 8.32409212
v 145.43888687 15.94274272 8.45752822
v 145.43888687 17.84905874 8.62085104
v 145.43888687 19.59611918 8.81421165
v 145.43888687 21.21078384 9.03779871
v 145.43888687 22.71149940 9.29184414
v 145.43888687 24.11149317 9.57663029
v 145.43888687 25.42056277 9.89249889
v 145.43888687 26.64614998 10.23986215
v 145.43888687 27.79402043 10.61921665
v 145.43888687 28.86871266 11.03116086
v 145.43888687 29.87384546 11.47641718
v 145.43888687 30.81233459 11.95586016
v 145.43888687 31.68654937 12.47055292
v 145.43888687 32.49842831 13.02179487
v 145.43888687 33.24956606 13.61118509
v 146.99202307 -38.23676427 13.16866085
v 146.99202307 -37.47999915 12.58528549
v 146.99202307 -36.66203778 12.03966908
v 146.99202307 -35.78127356 11.53022887
v 146.99202307 -34.83575345 11.05567871
v 146.99202307 -33.82309040 10.61496633
v 146.99202307 -32.74034680 10.20722610
v 146.99202307 -31.58387674 9.83174298
v 146.99202307 -30.34910768 9.48792465
v 146.99202307 -29.03023080 9.17527955
v 146.99202307 -27.61974856 8.89339970
v 146.99202307 -26.10778994 8.64194686
v 146.99202307 -24.48102855 8.42064156
v 146.99202307 -22.72087949 8.22925423
v 146.99202307 -20.80028173 8.06759816
v 146.99202307 -18.67741031 7.93552380
v 146.99202307 -16.28171716 7.83291435
v 146.99202307 -13.47624908 7.75968230
v 146.99202307 -9.91259074 7.71576690
v 146.99202307 -2.31013098 7.70113237
v 146.99202307 5.29232892 7.71576690
v 146.99202307 8.85598726 7.75968230
v 146.99202307 11.66145535 7.83291435
v 146.99202307 14.05714849 7.93552380
v 146.99202307 16.18001992 8.06759816
v 146.99202307 18.10061767 8.22925423
v 146.99202307 19.86076673 8.42064156
v 146.99202307 21.48752812 8.64194686
v 146.99202307 22.99948674 8.89339970
v 146.99202307 24.40996898 9.17527955
v 146.99202307 25.72884586 9.48792465
v 146.99202307 26.96361492 9.83174298
v 146.99202307 28.12008499 10.20722610
v 146.99202307 29.20282859 10.61496633
v 146.99202307 30.21549164 11.05567871
v 146.99202307 31.16101174 11.53022887
v 146.99202307 32.04177596 12.03966908
v 146.99202307 32.85973733 12.58528549
v 146.99202307 33.61650245 13.16866085
v 148.54453593 -38.40157326 12.73111136
v 148.54453593 -37.63918465 12.15385124
v 148.54453593 -36.81514505 11.61395426
v 148.54453593 -35.92783591 11.10985426
v 148.54453593 -34.97528969 10.64027858
v 148.54453593 -33.95510159 10.20418597
v 148.54453593 -32.86431217 9.80071988
v 148.54453593 -31.69924843 9.42917277
v 148.54453593 -30.45530386 9.08895852
v 148.54453593 -29.12662647 8.77959073
v 148.54453593 -27.70566300 8.50066569
v 148.54453593 -26.18246909 8.25184871
v 148.54453593 -24.54361931 8.03286324
v 148.54453593 -22.77039066 7.84348213
v 148.54453593 -20.83552103 7.68352062
v 148.54453593 -18.69687465 7.55283073
v 148.54453593 -16.28337922 7.45129689
v 148.54453593 -13.45706383 7.37883250
v 148.54453593 -9.86692412 7.33537744
v 148.54453593 -2.20797083 7.32089631
v 148.54453593 5.45098260 7.33537744
v 148.54453593 9.04112231 7.37883250
v 148.54453593 11.86743770 7.45129689
v 148.54453593 14.28093313 7.55283073
v 148.54453593 16.41957952 7.68352062
v 148.54453593 18.35444914 7.84348213
v 148.54453593 20.12767779 8.03286324
v 148.54453593 21.76652757 8.25184871
v 148.54453593 23.28972149 8.50066569
v 148.54453593 24.71068495 8.77959073
v 148.54453593 26.03936234 9.08895852
v 148.54453593 27.28330692 9.42917277
v 148.54453593 28.44837066 9.80071988
v 148.54453593 29.53916007 10.20418597
v 148.54453593 30.55934817 10.64027858
v 148.54453593 31.51189439 11.10985426
v 148.54453593 32.39920353 11.61395426
v 148.54453593 33.22324314 12.15385124
v 148.54453593 33.98563175 12.73111136
v 150.09628720 -39.27135578 12.90970550
v 150.09628720 -38.56412471 12.29976590
v 150.09628720 -37.79613661 11.72871075
v 150.09628720 -36.96604470 11.19461713
v 150.09628720 -36.07221856 10.69593570
v 150.09628720 -35.11267620 10.23140749
v 150.09628720 -34.08499515 9.80000244
v 150.09628720 -32.98619425 9.40087320
v 150.09628720 -31.81257349 9.03331986
v 150.09628720 -30.55949255 8.69676257
v 150.09628720 -29.22105646 8.39072017
v 150.09628720 -27.78965648 8.11479330
v 150.09628720 -26.25527521 7.86865085
v 150.09628720 -24.60438861 7.65201925
v 150.09628720 -22.81813618 7.46467381
v 150.09628720 -20.86905556 7.30643172
v 150.09628720 -18.71470152 7.17714662
v 150.09628720 -16.28347976 7.07670416
v 150.09628720 -13.43640600 7.00501869
v 150.09628720 -9.81989788 6.96203073
v 150.09628720 -2.10469209 6.94770526
v 150.09628720 5.61051385 6.96203073
v 150.09628720 9.22702197 7.00501869
v 150.09628720 12.07409573 7.07670416
v 150.09628720 14.50531749 7.17714662
v 150.09628720 16.65967154 7.30643172
v 150.09628720 18.60875215 7.46467381
v 150.09628720 20.39500458 7.65201925
v 150.09628720 22.04589118 7.86865085
v 150.09628720 23.58027245 8.11479330
v 150.09628720 25.01167243 8.39072017
v 150.09628720 26.35010853 8.69676257
v 150.09628720 27.60318947 9.03331986
v 150.09628720 28.77681022 9.40087320
v 150.09628720 29.87561113 9.80000244
v 150.09628720 30.90329218 10.23140749
v 150.09628720 31.86283453 10.69593570
v 150.09628720 32.75666067 11.19461713
v 150.09628720 33.58675258 11.72871075
v 150.09628720 34.35474068 12.29976590
v 151.64713881 -39.43706968 12.47907577
v 151.64713881 -38.72472265 11.87584811
v 151.64713881 -37.95117908 11.31107699
v 151.64713881 -37.11508246 10.78286067
v 151.64713881 -36.21479058 10.28966686
v 151.64713881 -35.24830709 9.83025044
v 151.64713881 -34.21319202 9.40359268
v 151.64713881 -33.10644261 9.00885556
v 151.64713881 -31.92433214 8.64534687
v 151.64713881 -30.66218668 8.31249314
v 151.64713881 -29.31406862 8.00981852
v 151.64713881 -27.87231419 7.73692801
v 151.64713881 -26.32683353 7.49349417
v 151.64713881 -24.66400476 7.27924645
v 151.64713881 -22.86483096 7.09396260
v 151.64713881 -20.90165111 6.93746185
v 151.64713881 -18.73171293 6.80959944
v 151.64713881 -16.28290422 6.71026227
v 151.64713881 -13.41523533 6.63936565
v 151.64713881 -9.77256616 6.59685073
v 151.64713881 -2.00155020 6.58268291
v 151.64713881 5.76946591 6.59685073
v 151.64713881 9.41213509 6.63936565
v 151.64713881 12.27980397 6.71026227
v 151.64713881 14.72861268 6.80959944
v 151.64713881 16.89855086 6.93746185
v 151.64713881 18.86173071 7.09396260
v 151.64713881 20.66090452 7.27924645
v 151.64713881 22.32373328 7.49349417
v 151.64713881 23.86921395 7.73692801
v 151.64713881 25.31096837 8.00981852
v 151.64713881 26.65908643 8.31249314
v 151.64713881 27.92123189 8.64534687
v 151.64713881 29.10334237 9.00885556
v 151.64713881 30.21009177 9.40359268
v 151.64713881 31.24520685 9.83025044
v 151.64713881 32.21169033 10.28966686
v 151.64713881 33.11198222 10.78286067
v 151.64713881 33.94807883 11.31107699
v 151.64713881 34.72162240 11.87584811
v 153.19695288 -39.60107476 12.05701748
v 153.19695288 -38.88367070 11.46057482
v 153.19695288 -38.10463566 10.90215615
v 153.19695288 -37.26260349 10.37988112
v 153.19695288 -36.35592033 9.89223467
v 153.19695288 -35.38257567 9.43798568
v 153.19695288 -34.34011219 9.01612690
v 153.19695288 -33.22550585 8.62582972
v 153.19695288 -32.03500344 8.26640971
v 153.19695288 -30.76389786 7.93729986
v 153.19695288 -29.40620936 7.63802967
v 153.19695288 -27.95421975 7.36820859
v 153.19695288 -26.39776755 7.12751286
v 153.19695288 -24.72313417 6.91567495
v 153.19695288 -22.91118782 6.73247514
v 153.19695288 -20.93407114 6.57773469
v 153.19695288 -18.74872831 6.45131045
v 153.19695288 -16.28253523 6.35309061
v 153.19695288 -13.39450844 6.28299142
v 153.19695288 -9.72597954 6.24095471
v 153.19695288 -1.89979624 6.22694624
v 153.19695288 5.92638720 6.24095471
v 153.19695288 9.59491610 6.28299142
v 153.19695288 12.48294289 6.35309061
v 153.19695288 14.94913598 6.45131045
v 153.19695288 17.13447880 6.57773469
v 153.19695288 19.11159549 6.73247514
v 153.19695288 20.92354183 6.91567495
v 153.19695288 22.59817521 7.12751286
v 153.19695288 24.15462742 7.36820859
v 153.19695288 25.60661702 7.63802967
v 153.19695288 26.96430552 7.93729986
v 153.19695288 28.23541110 8.26640971
v 153.19695288 29.42591351 8.62582972
v 153.19695288 30.54051986 9.01612690
v 153.19695288 31.58298334 9.43798568
v 153.19695288 32.55632800 9.89223467
v 153.19695288 33.46301116 10.37988112
v 153.19695288 34.30504332 10.90215615
v 153.19695288 35.08407836 11.46057482
v 153.19695288 35.80148243 12.05701748
v 154.74559179 -39.76365567 11.64475103
v 154.74559179 -39.04127179 11.05515508
v 154.74559179 -38.25682912 10.50314664
v 154.74559179 -37.40895204 9.98686692
v 154.74559179 -36.49597518 9.50481828
v 154.74559179 -35.51587410 9.05578373
v 154.74559179 -34.46617442 8.63876756
v 154.74559179 -33.34383110 8.25295070
v 154.74559179 -32.14506489 7.89765656
v 154.74559179 -30.86513600 7.57232464
v 154.74559179 -29.49802318 7.27648984
v 154.74559179 -28.03595467 7.00976610
v 154.74559179 -26.46869844 6.77183337
v 154.74559179 -24.78244068 6.56242721
v 154.74559179 -22.95791682 6.38133039
v 154.74559179 -20.96707608 6.22836624
v 154.74559179 -18.76656382 6.10339325
v 154.74559179 -16.28325180 6.00630091
v 154.74559179 -13.37517793 5.93700640
v 154.74559179 -9.68118414 5.89545224
v 154.74559179 -1.80067583 5.88160458
v 154.74559179 6.07983263 5.89545224
v 154.74559179 9.77382641 5.93700640
v 154.74559179 12.68190029 6.00630091
v 154.74559179 15.16521231 6.10339325
v 154.74559179 17.36572457 6.22836624
v 154.74559179 19.35656530 6.38133039
v 154.74559179 21.18108917 6.56242721
v 154.74559179 22.86734692 6.77183337
v 154.74559179 24.43460316 7.00976610
v 154.74559179 25.89667166 7.27648984
v 154.74559179 27.26378449 7.57232464
v 154.74559179 28.54371337 7.89765656
v 154.74559179 29.74247959 8.25295070
v 154.74559179 30.86482291 8.63876756
v 154.74559179 31.91452259 9.05578373
v 154.74559179 32.89462367 9.50481828
v 154.74559179 33.80760052 9.98686692
v 154.74559179 34.65547760 10.50314664
v 154.74559179 35.43992027 11.05515508
v 154.74559179 36.16230416 11.64475103
v 156.29291813 -39.92509619 11.24348795
v 156.29291813 -39.19782788 10.66078907
v 156.29291813 -38.40808116 10.11523801
v 156.29291813 -37.55447112 9.60499772
v 156.29291813 -36.63532114 9.12858807
v 156.29291813 -35.64859307 8.68480631
v 156.29291813 -34.59179580 8.27266838
v 156.29291813 -33.46186370 7.89136479
v 156.29291813 -32.25499197 7.54022687
v 156.29291813 -30.96640879 7.21870068
v 156.29291813 -29.59005218 6.92632654
v 156.29291813 -28.11809783 6.66272293
v 156.29291813 -26.54024453 6.42757353
v 156.29291813 -24.84258507 6.22061699
v 156.29291813 -23.00572460 6.04163864
v 156.29291813 -21.00142271 5.89046386
v 156.29291813 -18.78603159 5.76695281
v 156.29291813 -16.28592855 5.67099624
v 156.29291813 -13.35819161 5.60251234
v 156.29291813 -9.63922073 5.56144428
v 156.29291813 -1.70542802 5.54775860
v 156.29291813 6.22836484 5.56144428
v 156.29291813 9.94733573 5.60251234
v 156.29291813 12.87507267 5.67099624
v 156.29291813 15.37517571 5.76695281
v 156.29291813 17.59056683 5.89046386
v 156.29291813 19.59486872 6.04163864
v 156.29291813 21.43172919 6.22061699
v 156.29291813 23.12938864 6.42757353
v 156.29291813 24.70724195 6.66272293
v 156.29291813 26.17919630 6.92632654
v 156.29291813 27.55555291 7.21870068
v 156.29291813 28.84413609 7.54022687
v 156.29291813 30.05100782 7.89136479
v 156.29291813 31.18093991 8.27266838
v 156.29291813 32.23773718 8.68480631
v 156.29291813 33.22446526 9.12858807
v 156.29291813 34.14361524 9.60499772
v 156.29291813 34.99722528 10.11523801
v 156.29291813 35.78697199 10.66078907
v 156.29291813 36.51424031 11.24348795
v 157.83879483 -40.08567899 10.85442983
v 157.83879483 -39.35363969 10.27866709
v 157.83879483 -38.55871212 9.73960998
v 157.83879483 -37.69950227 9.23544332
v 157.83879483 -36.77432253 8.76470460
v 157.83879483 -35.78112138 8.32620538
v 157.83879483 -34.71739136 7.91897333
v 157.83879483 -33.58004675 7.54220857
v 157.83879483 -32.36525776 7.19525041
v 157.83879483 -31.06822129 6.87755150
v 157.83879483 -29.68283558 6.58865763
v 157.83879483 -28.20122499 6.32819181
v 157.83879483 -26.61302074 6.09584151
v 157.83879483 -24.90422439 5.89134847
v 157.83879483 -23.05531385 5.71450059
v 157.83879483 -21.03786345 5.56512531
v 157.83879483 -18.80793904 5.44308446
v 157.83879483 -16.29143495 5.34827012
v 157.83879483 -13.34449163 5.28060141
v 157.83879483 -9.60112375 5.24002220
v 157.83879483 -1.61528421 5.22649944
v 157.83879483 6.37055549 5.24002220
v 157.83879483 10.11392337 5.28060141
v 157.83879483 13.06086669 5.34827012
v 157.83879483 15.57737078 5.44308446
v 157.83879483 17.80729519 5.56512531
v 157.83879483 19.82474559 5.71450059
v 157.83879483 21.67365613 5.89134847
v 157.83879483 23.38245248 6.09584151
v 157.83879483 24.97065674 6.32819181
v 157.83879483 26.45226732 6.58865763
v 157.83879483 27.83765303 6.87755150
v 157.83879483 29.13468951 7.19525041
v 157.83879483 30.34947849 7.54220857
v 157.83879483 31.48682310 7.91897333
v 157.83879483 32.55055312 8.32620538
v 157.83879483 33.54375428 8.76470460
v 157.83879483 34.46893402 9.23544332
v 157.83879483 35.32814386 9.73960998
v 157.83879483 36.12307143 10.27866709
v 157.83879483 36.85511073 10.85442983
v 159.38308511 -40.24568536 10.47876731
v 159.38308511 -39.50900642 9.90996852
v 159.38308511 -38.70904064 9.37743139
v 159.38308511 -37.84438517 8.87936271
v 159.38308511 -36.91334168 8.41431765
v 159.38308511 -35.91384567 7.98112215
v 159.38308511 -34.84337378 7.57881563
v 159.38308511 -33.69882073 7.20660791
v 159.38308511 -32.47633248 6.86384627
v 159.38308511 -31.17107545 6.54998997
v 159.38308511 -29.77690923 6.26459032
v 159.38308511 -28.28590827 6.00727488
v 159.38308511 -26.68763805 5.77773489
v 159.38308511 -24.96801143 5.57571523
v 159.38308511 -23.10738259 5.40100635
v 159.38308511 -21.07714569 5.25343779
v 159.38308511 -18.83308812 5.13287305
v 159.38308511 -16.30063456 5.03920550
v 159.38308511 -13.33501366 4.97235526
v 159.38308511 -9.56792049 4.93226686
v 159.38308511 -1.53146709 4.91890765
v 159.38308511 6.50498648 4.93226686
v 159.38308511 10.27207964 4.97235526
v 159.38308511 13.23770054 5.03920550
v 159.38308511 15.77015411 5.13287305
v 159.38308511 18.01421167 5.25343779
v 159.38308511 20.04444858 5.40100635
v 159.38308511 21.90507742 5.57571523
v 159.38308511 23.62470404 5.77773489
v 159.38308511 25.22297425 6.00727488
v 159.38308511 26.71397521 6.26459032
v 159.38308511 28.10814143 6.54998997
v 159.38308511 29.41339846 6.86384627
v 159.38308511 30.63588672 7.20660791
v 159.38308511 31.78043977 7.57881563
v 159.38308511 32.85091165 7.98112215
v 159.38308511 33.85040767 8.41431765
v 159.38308511 34.78145115 8.87936271
v 159.38308511 35.64610663 9.37743139
v 159.38308511 36.44607241 9.90996852
v 159.38308511 37.18275134 10.47876731
v 160.92565255 -41.08792304 10.71397516
v 160.92565255 -40.40918312 10.11416323
v 160.92565255 -39.66793301 9.55238650
v 160.92565255 -38.86300336 9.02642375
v 160.92565255 -37.99298260 8.53450394
v 160.92565255 -37.05616189 8.07520005
v 160.92565255 -36.05046389 7.64735252
v 160.92565255 -34.97334961 7.25001265
v 160.92565255 -33.82169449 6.88239998
v 160.92565255 -32.59162056 6.54386987
v 160.92565255 -31.27826427 6.23388826
v 160.92565255 -29.87544710 5.95201199
v 160.92565255 -28.37519431 5.69787321
v 160.92565255 -26.76700666 5.47116699
v 160.92565255 -25.03670957 5.27164135
v 160.92565255 -23.16453532 5.09908932
v 160.92565255 -21.12170058 4.95334255
v 160.92565255 -18.86371840 4.83426623
v 160.92565255 -16.31555068 4.74175504
v 160.92565255 -13.33152778 4.67573010
v 160.92565255 -9.54105939 4.63613661
v 160.92565255 -1.45473892 4.62294232
v 160.92565255 6.63158171 4.63613661
v 160.92565255 10.42205009 4.67573010
v 160.92565255 13.40607300 4.74175504
v 160.92565255 15.95424071 4.83426623
v 160.92565255 18.21222289 4.95334255
v 160.92565255 20.25505764 5.09908932
v 160.92565255 22.12723189 5.27164135
v 160.92565255 23.85752897 5.47116699
v 160.92565255 25.46571663 5.69787321
v 160.92565255 26.96596941 5.95201199
v 160.92565255 28.36878658 6.23388826
v 160.92565255 29.68214287 6.54386987
v 160.92565255 30.91221680 6.88239998
v 160.92565255 32.06387193 7.25001265
v 160.92565255 33.14098621 7.64735252
v 160.92565255 34.14668420 8.07520005
v 160.92565255 35.08350491 8.53450394
v 160.92565255 35.95352567 9.02642375
v 160.92565255 36.75845533 9.55238650
v 160.92565255 37.49970543 10.11416323
v 162.46636113 -41.27257736 10.33978361
v 162.46636113 -40.58945252 9.74768843
v 162.46636113 -39.84341366 9.19313910
v 162.46636113 -39.03328386 8.67394301
v 162.46636113 -38.15764245 8.18835187
v 162.46636113 -37.21476952 7.73495705
v 162.46636113 -36.20257434 7.31261390
v 162.46636113 -35.11850150 6.92038591
v 162.46636113 -33.95940625 6.55750268
v 162.46636113 -32.72138558 6.22332785
v 162.46636113 -31.39954452 5.91733423
v 162.46636113 -29.98766462 5.63908438
v 162.46636113 -28.47771965 5.38821516
v 162.46636113 -26.85914249 5.16442558
v 162.46636113 -25.11766704 4.96746688
v 162.46636113 -23.23339785 4.79713478
v 162.46636113 -21.17736562 4.65326309
v 162.46636113 -18.90479603 4.53571872
v 162.46636113 -16.34016620 4.44439771
v 162.46636113 -13.33686539 4.37922219
v 162.46636113 -9.52190916 4.34013808
v 162.46636113 -1.38334802 4.32711355
v 162.46636113 6.75521327 4.34013808
v 162.46636113 10.57016950 4.37922219
v 162.46636113 13.57347031 4.44439771
v 162.46636113 16.13810014 4.53571872
v 162.46636113 18.41066973 4.65326309
v 162.46636113 20.46670196 4.79713478
v 162.46636113 22.35097115 4.96746688
v 162.46636113 24.09244660 5.16442558
v 162.46636113 25.71102376 5.38821516
v 162.46636113 27.22096873 5.63908438
v 162.46636113 28.63284863 5.91733423
v 162.46636113 29.95468969 6.22332785
v 162.46636113 31.19271036 6.55750268
v 162.46636113 32.35180561 6.92038591
v 162.46636113 33.43587845 7.31261390
v 162.46636113 34.44807363 7.73495705
v 162.46636113 35.39094656 8.18835187
v 162.46636113 36.26658797 8.67394301
v 162.46636113 37.07671777 9.19313910
v 162.46636113 37.82275663 9.74768843
v 164.00507521 -41.47030270 9.96391002
v 164.00507521 -40.78263460 9.37972919
v 164.00507521 -40.03163406 8.83259236
v 164.00507521 -39.21611632 8.32033621
v 164.00507521 -38.33465127 7.84123583
v 164.00507521 -37.38550758 7.39390140
v 164.00507521 -36.36658059 6.97720359
v 164.00507521 -35.27529790 6.59021839
v 164.00507521 -34.10849385 6.23218572
v 164.00507521 -32.86223947 5.90247770
v 164.00507521 -31.53160723 5.60057421
v 164.00507521 -30.11033734 5.32604364
v 164.00507521 -28.59035016 5.07852772
v 164.00507521 -26.96100833 4.85772946
v 164.00507521 -25.20795083 4.66340346
v 164.00507521 -23.31114992 4.49534813
v 164.00507521 -21.24144363 4.35339953
v 164.00507521 -18.95375985 4.23742634
v 164.00507521 -16.37207342 4.14732600
v 164.00507521 -13.34879854 4.08302166
v 164.00507521 -9.50847016 4.04445997
v 164.00507521 -1.31578186 4.03160954
v 164.00507521 6.87690661 4.04445997
v 164.00507521 10.71723499 4.08302166
v 164.00507521 13.74050986 4.14732600
v 164.00507521 16.32219629 4.23742634
v 164.00507521 18.60988008 4.35339953
v 164.00507521 20.67958636 4.49534813
v 164.00507521 22.57638728 4.66340346
v 164.00507521 24.32944477 4.85772946
v 164.00507521 25.95878660 5.07852772
v 164.00507521 27.47877378 5.32604364
v 164.00507521 28.90004367 5.60057421
v 164.00507521 30.23067591 5.90247770
v 164.00507521 31.47693029 6.23218572
v 164.00507521 32.64373434 6.59021839
v 164.00507521 33.73501703 6.97720359
v 164.00507521 34.75394402 7.39390140
v 164.00507521 35.70308772 7.84123583
v 164.00507521 36.58455277 8.32033621
v 164.00507521 37.40007050 8.83259236
v 164.00507521 38.15107105 9.37972919
v 165.54165962 -41.67536363 9.58834973
v 165.54165962 -40.98306864 9.01223902
v 165.54165962 -40.22701508 8.47266056
v 165.54165962 -39.40601023 7.96748093
v 165.54165962 -38.51861435 7.49499903
v 165.54165962 -37.56308446 7.05384427
v 165.54165962 -36.53730175 6.64290289
v 165.54165962 -35.43867650 6.26126367
v 165.54165962 -34.26402175 5.90817700
v 165.54165962 -33.00938211 5.58302371
v 165.54165962 -31.66979687 5.28529084
v 165.54165962 -30.23896414 5.01455275
v 165.54165962 -28.70874992 4.77045612
v 165.54165962 -27.06844526 4.55270806
v 165.54165962 -25.30359254 4.36106655
v 165.54165962 -23.39402924 4.19533281
v 165.54165962 -21.31039719 4.05534515
v 165.54165962 -19.00732101 3.94097406
v 165.54165962 -16.40826402 3.85211840
v 165.54165962 -13.36464741 3.78870239
v 165.54165962 -9.49847986 3.75067341
v 165.54165962 -1.25066807 3.73800049
v 165.54165962 6.99714388 3.75067341
v 165.54165962 10.86331144 3.78870239
v 165.54165962 13.90692804 3.85211840
v 165.54165962 16.50598503 3.94097406
v 165.54165962 18.80906121 4.05534515
v 165.54165962 20.89269326 4.19533281
v 165.54165962 22.80225656 4.36106655
v 165.54165962 24.56710929 4.55270806
v 165.54165962 26.20741394 4.77045612
v 165.54165962 27.73762816 5.01455275
v 165.54165962 29.16846090 5.28529084
v 165.54165962 30.50804613 5.58302371
v 165.54165962 31.76268578 5.90817700
v 165.54165962 32.93734052 6.26126367
v 165.54165962 34.03596577 6.64290289
v 165.54165962 35.06174849 7.05384427
v 165.54165962 36.01727838 7.49499903
v 165.54165962 36.90467426 7.96748093
v 165.54165962 37.72567910 8.47266056
v 165.54165962 38.48173266 9.01223902
v 165.54165962 39.17402765 9.58834973
v 167.07597965 -41.88206918 9.21508182
v 167.07597965 -41.18513781 8.64715540
v 167.07597965 -40.42402088 8.11524224
v 167.07597965 -39.59751767 7.61723923
v 167.07597965 -38.70417880 7.15146946
v 167.07597965 -37.74224961 6.71658178
v 167.07597965 -36.70959711 6.31147828
v 167.07597965 -35.60361424 5.93526065
v 167.07597965 -34.42109270 5.58718997
v 167.07597965 -33.15805059 5.26665584
v 167.07597965 -31.80949400 4.97315259
v 167.07597965 -30.36907881 4.70626062
v 167.07597965 -28.82861657 4.46563165
v 167.07597965 -27.17732661 4.25097694
v 167.07597965 -25.40065446 4.06205791
v 167.07597965 -23.47830259 3.89867860
v 167.07597965 -21.38071622 3.76067961
v 167.07597965 -19.06221607 3.64793329
v 167.07597965 -16.44575290 3.56033992
v 167.07597965 -13.38175285 3.49782480
v 167.07597965 -9.48969313 3.46033607
v 167.07597965 -1.18664479 3.44784318
v 167.07597965 7.11640370 3.46033607
v 167.07597965 11.00846343 3.49782480
v 167.07597965 14.07246348 3.56033992
v 167.07597965 16.68892665 3.64793329
v 167.07597965 19.00742680 3.76067961
v 167.07597965 21.10501317 3.89867860
v 167.07597965 23.02736504 4.06205791
v 167.07597965 24.80403719 4.25097694
v 167.07597965 26.45532715 4.46563165
v 167.07597965 27.99578939 4.70626062
v 167.07597965 29.43620458 4.97315259
v 167.07597965 30.78476117 5.26665584
v 167.07597965 32.04780328 5.58718997
v 167.07597965 33.23032482 5.93526065
v 167.07597965 34.33630769 6.31147828
v 167.07597965 35.36896019 6.71658178
v 167.07597965 36.33088938 7.15146946
v 167.07597965 37.22422825 7.61723923
v 167.07597965 38.05073146 8.11524224
v 167.07597965 38.81184839 8.64715540
v 167.07597965 39.50877976 9.21508182
v 168.60790108 -42.08477773 8.84606744
v 168.60790108 -41.38327398 8.28639819
v 168.60790108 -40.61716357 7.76221861
v 168.60790108 -39.78523790 7.27145616
v 168.60790108 -38.88603807 6.81245829
v 168.60790108 -37.91779794 6.38389351
v 168.60790108 -36.87837048 5.98467987
v 168.60790108 -35.76513156 5.61393214
v 168.60790108 -34.57485182 5.27092212
v 168.60790108 -33.30352324 4.95504828
v 168.60790108 -31.94611914 4.66581232
v 168.60790108 -30.49625378 4.40280075
v 168.60790108 -28.94568499 4.16567032
v 168.60790108 -27.28356137 3.95413651
v 168.60790108 -25.49523296 3.76796421
v 168.60790108 -23.56026907 3.60696030
v 168.60790108 -21.44892101 3.47096770
v 168.60790108 -19.11520982 3.35986061
v 168.60790108 -16.48158075 3.27354078
v 168.60790108 -13.39747863 3.21193458
v 168.60790108 -9.47988417 3.17499090
v 168.60790108 -1.12236181 3.16267965
v 168.60790108 7.23516071 3.17499090
v 168.60790108 11.15275517 3.21193458
v 168.60790108 14.23685729 3.27354078
v 168.60790108 16.87048636 3.35986061
v 168.60790108 19.20419755 3.47096770
v 168.60790108 21.31554561 3.60696030
v 168.60790108 23.25050950 3.76796421
v 168.60790108 25.03883791 3.95413651
v 168.60790108 26.70096153 4.16567032
v 168.60790108 28.25153033 4.40280075
v 168.60790108 29.70139568 4.66581232
v 168.60790108 31.05879978 4.95504828
v 168.60790108 32.33012837 5.27092212
v 168.60790108 33.52040811 5.61393214
v 168.60790108 34.63364703 5.98467987
v 168.60790108 35.67307448 6.38389351
v 168.60790108 36.64131462 6.81245829
v 168.60790108 37.54051444 7.27145616
v 168.60790108 38.37244011 7.76221861
v 168.60790108 39.13855052 8.28639819
v 168.60790108 39.84005427 8.84606744
v 170.13729025 -42.27790164 8.48324818
v 170.13729025 -41.57196231 7.93186808
v 170.13729025 -40.80100781 7.41545202
v 170.13729025 -39.96382190 6.93195814
v 170.13729025 -39.05893646 6.47975840
v 170.13729025 -38.08457417 6.05754101
v 170.13729025 -37.03857445 5.66424005
v 170.13729025 -35.91829656 5.29898338
v 170.13729025 -34.72049072 4.96105361
v 170.13729025 -33.44112356 4.64985812
v 170.13729025 -32.07513664 4.36490598
v 170.13729025 -30.61610384 4.10578981
v 170.13729025 -29.05573085 3.87217148
v 170.13729025 -27.38309767 3.66377065
v 170.13729025 -25.58346172 3.48035571
v 170.13729025 -23.63626312 3.32173639
v 170.13729025 -21.51156507 3.18775795
v 170.13729025 -19.16309790 3.07829645
v 170.13729025 -16.51281648 2.99325508
v 170.13729025 -13.40921368 2.93256132
v 170.13729025 -9.46684839 2.89616481
v 170.13729025 -1.05648169 2.88403590
v 170.13729025 7.35388518 2.89616481
v 170.13729025 11.29625046 2.93256132
v 170.13729025 14.39985326 2.99325508
v 170.13729025 17.05013468 3.07829645
v 170.13729025 19.39860185 3.18775795
v 170.13729025 21.52329990 3.32173639
v 170.13729025 23.47049850 3.48035571
v 170.13729025 25.27013445 3.66377065
v 170.13729025 26.94276763 3.87217148
v 170.13729025 28.50314062 4.10578981
v 170.13729025 29.96217342 4.36490598
v 170.13729025 31.32816034 4.64985812
v 170.13729025 32.60752750 4.96105361
v 170.13729025 33.80533334 5.29898338
v 170.13729025 34.92561123 5.66424005
v 170.13729025 35.97161095 6.05754101
v 170.13729025 36.94597324 6.47975840
v 170.13729025 37.85085868 6.93195814
v 170.13729025 38.68804459 7.41545202
v 170.13729025 39.45899909 7.93186808
v 170.13729025 40.16493842 8.48324818
v 171.66401403 -42.45591199 8.12854445
v 171.66401403 -41.74574589 7.58544493
v 171.66401403 -40.97017533 7.07678436
v 171.66401403 -40.12797681 6.60055156
v 171.66401403 -39.21767342 6.15514291
v 171.66401403 -38.23747719 5.73926635
v 171.66401403 -37.18521460 5.35187195
v 171.66401403 -36.05822910 4.99210068
v 171.66401403 -34.85325146 4.65924591
v 171.66401403 -33.56622416 4.35272392
v 171.66401403 -32.19205846 4.07205117
v 171.66401403 -30.72428977 3.81682639
v 171.66401403 -29.15457413 3.58671651
v 171.66401403 -27.47192615 3.38144543
v 171.66401403 -25.66151497 3.20078500
v 171.66401403 -23.70265761 3.04454782
v 171.66401403 -21.56523804 2.91258145
v 171.66401403 -19.20270955 2.80476384
v 171.66401403 -16.53655970 2.72099961
v 171.66401403 -13.41437424 2.66121734
v 171.66401403 -9.44840425 2.62536743
v 171.66401403 -0.98768091 2.61342067
v 171.66401403 7.47304260 2.62536743
v 171.66401403 11.43901259 2.66121734
v 171.66401403 14.56119805 2.72099961
v 171.66401403 17.22734790 2.80476384
v 171.66401403 19.58987640 2.91258145
v 171.66401403 21.72729596 3.04454782
v 171.66401403 23.68615332 3.20078500
v 171.66401403 25.49656450 3.38144543
v 171.66401403 27.17921248 3.58671651
v 171.66401403 28.74892812 3.81682639
v 171.66401403 30.21669681 4.07205117
v 171.66401403 31.59086251 4.35272392
v 171.66401403 32.87788981 4.65924591
v 171.66401403 34.08286745 4.99210068
v 171.66401403 35.20985295 5.35187195
v 171.66401403 36.26211554 5.73926635
v 171.66401403 37.24231177 6.15514291
v 171.66401403 38.15261516 6.60055156
v 171.66401403 38.99481368 7.07678436
v 171.66401403 39.77038424 7.58544493
v 171.66401403 40.48055034 8.12854445
v 173.18793991 -43.26270895 8.35515475
v 173.18793991 -42.61334309 7.78385395
v 173.18793991 -41.89923021 7.24898632
v 173.18793991 -41.11934940 6.74803563
v 173.18793991 -40.27247033 6.27902120
v 173.18793991 -39.35710790 5.84036372
v 173.18793991 -38.37146420 5.43079069
v 173.18793991 -37.31335362 5.04926811
v 173.18793991 -36.18010487 4.69494998
v 173.18793991 -34.96843052 4.36714037
v 173.18793991 -33.67425052 4.06526441
v 173.18793991 -32.29244785 3.78884588
v 173.18793991 -30.81652199 3.53748960
v 173.18793991 -29.23808260 3.31086755
v 173.18793991 -27.54608324 3.10870781
v 173.18793991 -25.72561065 2.93078569
v 173.18793991 -23.75586688 2.77691663
v 173.18793991 -21.60656853 2.64695052
v 173.18793991 -19.23091020 2.54076712
v 173.18793991 -16.54994314 2.45827252
v 173.18793991 -13.41040603 2.39939639
v 173.18793991 -9.42239502 2.36408986
v 173.18793991 -0.91465093 2.35232418
v 173.18793991 7.59309333 2.36408986
v 173.18793991 11.58110433 2.39939639
v 173.18793991 14.72064144 2.45827252
v 173.18793991 17.40160851 2.54076712
v 173.18793991 19.77726683 2.64695052
v 173.18793991 21.92656518 2.77691663
v 173.18793991 23.89630895 2.93078569
v 173.18793991 25.71678155 3.10870781
v 173.18793991 27.40878091 3.31086755
v 173.18793991 28.98722030 3.53748960
v 173.18793991 30.46314616 3.78884588
v 173.18793991 31.84494883 4.06526441
v 173.18793991 33.13912883 4.36714037
v 173.18793991 34.35080317 4.69494998
v 173.18793991 35.48405193 5.04926811
v 173.18793991 36.54216251 5.43079069
v 173.18793991 37.52780621 5.84036372
v 173.18793991 38.44316864 6.27902120
v 173.18793991 39.29004771 6.74803563
v 173.18793991 40.06992852 7.24898632
v 173.18793991 40.78404140 7.78385395
v 174.70893598 -43.39743323 8.01365266
v 174.70893598 -42.74479700 7.45105007
v 174.70893598 -42.02708766 6.92432595
v 174.70893598 -41.24327916 6.43100239
v 174.70893598 -40.39213499 5.96912884
v 174.70893598 -39.47216256 5.53715004
v 174.70893598 -38.48155489 5.13381288
v 174.70893598 -37.41811540 4.75809910
v 174.70893598 -36.27915930 4.40917556
v 174.70893598 -35.06138265 4.08635694
v 174.70893598 -33.76068482 3.78907713
v 174.70893598 -32.37192303 3.51686715
v 174.70893598 -30.88856402 3.26933784
v 174.70893598 -29.30217520 3.04616618
v 174.70893598 -27.60165449 2.84708439
v 174.70893598 -25.77201352 2.67187118
v 174.70893598 -23.79234960 2.52034483
v 174.70893598 -21.63222682 2.39235748
v 174.70893598 -19.24460406 2.28779075
v 174.70893598 -16.55013495 2.20655216
v 174.70893598 -13.39478630 2.14857243
v 174.70893598 -9.38669063 2.11380346
v 174.70893598 -0.83609931 2.10221692
v 174.70893598 7.71449217 2.11380346
v 174.70893598 11.72258784 2.14857243
v 174.70893598 14.87793648 2.20655216
v 174.70893598 17.57240559 2.28779075
v 174.70893598 19.96002836 2.39235748
v 174.70893598 22.12015113 2.52034483
v 174.70893598 24.09981505 2.67187118
v 174.70893598 25.92945602 2.84708439
v 174.70893598 27.62997673 3.04616618
v 174.70893598 29.21636555 3.26933784
v 174.70893598 30.69972457 3.51686715
v 174.70893598 32.08848636 3.78907713
v 174.70893598 33.38918418 4.08635694
v 174.70893598 34.60696084 4.40917556
v 174.70893598 35.74591693 4.75809910
v 174.70893598 36.80935643 5.13381288
v 174.70893598 37.79996409 5.53715004
v 174.70893598 38.71993653 5.96912884
v 174.70893598 39.57108070 6.43100239
v 174.70893598 40.35488920 6.92432595
v 174.70893598 41.07259853 7.45105007
v 174.70893598 41.72523476 8.01365266
v 176.22687099 -43.50047288 7.68602105
v 176.22687099 -42.84494790 7.13198043
v 176.22687099 -42.12406179 6.61327225
v 176.22687099 -41.33678393 6.12745633
v 176.22687099 -40.48187237 5.67261180
v 176.22687099 -39.55782788 5.24720706
v 176.22687099 -38.56283551 4.85000809
v 176.22687099 -37.49468894 4.48001210
v 176.22687099 -36.35069151 4.13639865
v 176.22687099 -35.12752464 3.81849285
v 176.22687099 -33.82106957 3.52573718
v 176.22687099 -32.42616073 3.25766983
v 176.22687099 -30.93623597 3.01390754
v 176.22687099 -29.34282535 2.79413222
v 176.22687099 -27.63477767 2.59808015
v 176.22687099 -25.79703820 2.42553342
v 176.22687099 -23.80861174 2.27631307
v 176.22687099 -21.63892767 2.15027349
v 176.22687099 -19.24073662 2.04729811
v 176.22687099 -16.53434105 1.96729586
v 176.22687099 -13.36502596 1.91019849
v 176.22687099 -9.33918936 1.87595865
v 176.22687099 -0.75075076 1.86454843
v 176.22687099 7.83768800 1.87595865
v 176.22687099 11.86352460 1.91019849
v 176.22687099 15.03283969 1.96729586
v 176.22687099 17.73923527 2.04729811
v 176.22687099 20.13742631 2.15027349
v 176.22687099 22.30711038 2.27631307
v 176.22687099 24.29553684 2.42553342
v 176.22687099 26.13327631 2.59808015
v 176.22687099 27.84132399 2.79413222
v 176.22687099 29.43473461 3.01390754
v 176.22687099 30.92465937 3.25766983
v 176.22687099 32.31956821 3.52573718
v 176.22687099 33.62602328 3.81849285
v 176.22687099 34.84919015 4.13639865
v 176.22687099 35.99318758 4.48001210
v 176.22687099 37.06133415 4.85000809
v 176.22687099 38.05632652 5.24720706
v 176.22687099 38.98037101 5.67261180
v 176.22687099 39.83528258 6.12745633
v 176.22687099 40.62256043 6.61327225
v 176.22687099 41.34344654 7.13198043
v 176.22687099 41.99897152 7.68602105
v 177.74161436 -43.56651637 7.37412158
v 177.74161436 -42.90854644 6.82846534
v 177.74161436 -42.18497160 6.31760686
v 177.74161436 -41.39475739 5.83914286
v 177.74161436 -40.53665721 5.39118156
v 177.74161436 -39.60916626 4.97221454
v 177.74161436 -38.61046281 4.58102644
v 177.74161436 -37.53833231 4.21662966
v 177.74161436 -36.39006805 3.87821617
v 177.74161436 -35.16233906 3.56512128
v 177.74161436 -33.85101123 3.27679593
v 177.74161436 -32.45089972 3.01278528
v 177.74161436 -30.95541789 2.77271189
v 177.74161436 -29.35606424 2.55626246
v 177.74161436 -27.64164596 2.36317727
v 177.74161436 -25.79705217 2.19324172
v 177.74161436 -23.80120936 2.04627954
v 177.74161436 -21.62343289 1.92214735
v 177.74161436 -19.21629718 1.82073031
v 177.74161436 -16.49980740 1.74193873
v 177.74161436 -13.31867154 1.68570543
v 177.74161436 -9.27781954 1.65198374
v 177.74161436 -0.65734815 1.64074620
v 177.74161436 7.96312341 1.65198374
v 177.74161436 12.00397541 1.68570543
v 177.74161436 15.18511128 1.74193873
v 177.74161436 17.90160105 1.82073031
v 177.74161436 20.30873676 1.92214735
v 177.74161436 22.48651324 2.04627954
v 177.74161436 24.48235604 2.19324172
v 177.74161436 26.32694983 2.36317727
v 177.74161436 28.04136812 2.55626246
v 177.74161436 29.64072177 2.77271189
v 177.74161436 31.13620360 3.01278528
v 177.74161436 32.53631510 3.27679593
v 177.74161436 33.84764294 3.56512128
v 177.74161436 35.07537192 3.87821617
v 177.74161436 36.22363619 4.21662966
v 177.74161436 37.29576669 4.58102644
v 177.74161436 38.29447014 4.97221454
v 177.74161436 39.22196108 5.39118156
v 177.74161436 40.08006126 5.83914286
v 177.74161436 40.87027547 6.31760686
v 177.74161436 41.59385032 6.82846534
v 177.74161436 42.25182025 7.37412158
v 179.25303623 -43.59033377 7.07978661
v 179.25303623 -42.93042390 6.54229643
v 179.25303623 -42.20471569 6.03908324
v 179.25303623 -41.41217164 5.56777972
v 179.25303623 -40.55154146 5.12652242
v 179.25303623 -39.62131593 4.71382549
v 179.25303623 -38.61966794 4.32849174
v 179.25303623 -37.54437640 3.96954836
v 179.25303623 -36.39272663 3.63619942
v 179.25303623 -35.16137785 3.32779018
v 179.25303623 -33.84618374 3.04377979
v 179.25303623 -32.44194419 2.78372021
v 179.25303623 -30.94205313 2.54723965
v 179.25303623 -29.33798400 2.33402951
v 179.25303623 -27.61851098 2.14383395
v 179.25303623 -25.76847864 1.97644159
v 179.25303623 -23.76675136 1.83167878
v 179.25303623 -21.58255400 1.70940429
v 179.25303623 -19.16832117 1.60950502
v 179.25303623 -16.44382218 1.53189261
v 179.25303623 -13.25330716 1.47650087
v 179.25303623 -9.20054124 1.44328384
v 179.25303623 -0.55465353 1.43221448
v 179.25303623 8.09123435 1.44328384
v 179.25303623 12.14400027 1.47650087
v 179.25303623 15.33451529 1.53189261
v 179.25303623 18.05901428 1.60950502
v 179.25303623 20.47324711 1.70940429
v 179.25303623 22.65744447 1.83167878
v 179.25303623 24.65917176 1.97644159
v 179.25303623 26.50920409 2.14383395
v 179.25303623 28.22867711 2.33402951
v 179.25303623 29.83274624 2.54723965
v 179.25303623 31.33263730 2.78372021
v 179.25303623 32.73687685 3.04377979
v 179.25303623 34.05207096 3.32779018
v 179.25303623 35.28341975 3.63619942
v 179.25303623 36.43506951 3.96954836
v 179.25303623 37.51036105 4.32849174
v 179.25303623 38.51200904 4.71382549
v 179.25303623 39.44223458 5.12652242
v 179.25303623 40.30286475 5.56777972
v 179.25303623 41.09540880 6.03908324
v 179.25303623 41.82111701 6.54229643
v 179.25303623 42.48102688 7.07978661
v 180.76100746 -43.56752468 6.80481774
v 180.76100746 -42.90616699 6.27523516
v 180.76100746 -42.17886659 5.77942528
v 180.76100746 -41.38458372 5.31505563
v 180.76100746 -40.52206534 4.88029014
v 180.76100746 -39.58979891 4.47366484
v 180.76100746 -38.58595333 4.09400016
v 180.76100746 -37.50830263 3.74033758
v 180.76100746 -36.35412617 3.41189290
v 180.76100746 -35.12007583 3.10802100
v 180.76100746 -33.80199622 2.82818900
v 180.76100746 -32.39467580 2.57195544
v 180.76100746 -30.89149402 2.33895400
v 180.76100746 -29.28390559 2.12888063
v 180.76100746 -27.56066009 1.94148324
v 180.76100746 -25.70656883 1.77655357
v 180.76100746 -23.70044980 1.63392052
v 180.76100746 -21.51146037 1.51344495
v 180.76100746 -19.09193076 1.41501540
v 180.76100746 -16.36145429 1.33854483
v 180.76100746 -13.16393935 1.28396802
v 180.76100746 -9.10228176 1.25123969
v 180.76100746 -0.43742517 1.24033318
v 180.76100746 8.22743158 1.25123969
v 180.76100746 12.28908917 1.28396802
v 180.76100746 15.48660411 1.33854483
v 180.76100746 18.21708058 1.41501540
v 180.76100746 20.63661019 1.51344495
v 180.76100746 22.82559963 1.63392052
v 180.76100746 24.83171865 1.77655357
v 180.76100746 26.68580991 1.94148324
v 180.76100746 28.40905542 2.12888063
v 180.76100746 30.01664384 2.33895400
v 180.76100746 31.51982562 2.57195544
v 180.76100746 32.92714604 2.82818900
v 180.76100746 34.24522566 3.10802100
v 180.76100746 35.47927599 3.41189290
v 180.76100746 36.63345245 3.74033758
v 180.76100746 37.71110315 4.09400016
v 180.76100746 38.71494874 4.47366484
v 180.76100746 39.64721516 4.88029014
v 180.76100746 40.50973354 5.31505563
v 180.76100746 41.30401641 5.77942528
v 180.76100746 42.03131681 6.27523516
v 180.76100746 42.69267450 6.80481774
v 182.26539969 -43.50144101 6.55098443
v 182.26539969 -42.83873893 6.02901150
v 182.26539969 -42.10996010 5.54032599
v 182.26539969 -41.31406263 5.08262894
v 182.26539969 -40.44979095 4.65411067
v 182.26539969 -39.51562944 4.25332823
v 182.26539969 -38.50974327 3.87911900
v 182.26539969 -37.42990195 3.53053826
v 182.26539969 -36.27337931 3.20681306
v 182.26539969 -35.03682044 2.90730754
v 182.26539969 -33.71606147 2.63149648
v 182.26539969 -32.30588029 2.37894478
v 182.26539969 -30.79964288 2.14929138
v 182.26539969 -29.18878660 1.94223658
v 182.26539969 -27.46203813 1.75753194
v 182.26539969 -25.60417793 1.59497216
v 182.26539969 -23.59398092 1.45438864
v 182.26539969 -21.40054177 1.33564420
v 182.26539969 -18.97609381 1.23862900
v 182.26539969 -16.24006691 1.16325724
v 182.26539969 -13.03605215 1.10946466
v 182.26539969 -8.96613814 1.07720660
v 182.26539969 -0.28366788 1.06645681
v 182.26539969 8.39880254 1.07720660
v 182.26539969 12.46871655 1.10946466
v 182.26539969 15.67273131 1.16325724
v 182.26539969 18.40875821 1.23862900
v 182.26539969 20.83320617 1.33564420
v 182.26539969 23.02664532 1.45438864
v 182.26539969 25.03684233 1.59497216
v 182.26539969 26.89470253 1.75753194
v 182.26539969 28.62145100 1.94223658
v 182.26539969 30.23230728 2.14929138
v 182.26539969 31.73854469 2.37894478
v 182.26539969 33.14872587 2.63149648
v 182.26539969 34.46948484 2.90730754
v 182.26539969 35.70604371 3.20681306
v 182.26539969 36.86256635 3.53053826
v 182.26539969 37.94240767 3.87911900
v 182.26539969 38.94829384 4.25332823
v 182.26539969 39.88245535 4.65411067
v 182.26539969 40.74672703 5.08262894
v 182.26539969 41.54262450 5.54032599
v 182.26539969 42.27140333 6.02901150
v 182.26539969 42.93410541 6.55098443
v 183.76608534 -43.99665573 6.87047223
v 183.76608534 -43.39799552 6.32002262
v 183.76608534 -42.73399568 5.80532258
v 183.76608534 -42.00378969 5.32344615
v 183.76608534 -41.20633363 4.87212640
v 183.76608534 -40.34036946 4.44957886
v 183.76608534 -39.40437860 4.05438071
v 183.76608534 -38.39652261 3.68538551
v 183.76608534 -37.31456666 3.34166171
v 183.76608534 -36.15577922 3.02244711
v 183.76608534 -34.91679881 2.72711474
v 183.76608534 -33.59345342 2.45514668
v 183.76608534 -32.18051070 2.20611390
v 183.76608534 -30.67132365 1.97966036
v 183.76608534 -29.05731285 1.77549056
v 183.76608534 -27.32718292 1.59335949
v 183.76608534 -25.46568450 1.43306473
v 183.76608534 -23.45155095 1.29444002
v 183.76608534 -21.25381643 1.17735010
v 183.76608534 -18.82462071 1.08168666
v 183.76608534 -16.08323588 1.00736509
v 183.76608534 -12.87294676 0.95432202
v 183.76608534 -8.79506269 0.92251344
v 183.76608534 -0.09558969 0.91191342
v 183.76608534 8.60388348 0.92251344
v 183.76608534 12.68176755 0.95432202
v 183.76608534 15.89205667 1.00736509
v 183.76608534 18.63344150 1.08168666
v 183.76608534 21.06263721 1.17735010
v 183.76608534 23.26037174 1.29444002
v 183.76608534 25.27450529 1.43306473
v 183.76608534 27.13600371 1.59335949
v 183.76608534 28.86613364 1.77549056
v 183.76608534 30.48014444 1.97966036
v 183.76608534 31.98933149 2.20611390
v 183.76608534 33.40227421 2.45514668
v 183.76608534 34.72561960 2.72711474
v 183.76608534 35.96460001 3.02244711
v 183.76608534 37.12338745 3.34166171
v 183.76608534 38.20534340 3.68538551
v 183.76608534 39.21319939 4.05438071
v 183.76608534 40.14919025 4.44957886
v 183.76608534 41.01515442 4.87212640
v 183.76608534 41.81261048 5.32344615
v 183.76608534 42.54281647 5.80532258
v 183.76608534 43.20681631 6.32002262
v 185.26293767 -43.86253662 6.65627375
v 185.26293767 -43.26275862 6.11320370
v 185.26293767 -42.59751899 5.60540394
v 185.26293767 -41.86594959 5.12998774
v 185.26293767 -41.06700455 4.68471856
v 185.26293767 -40.19942349 4.26783587
v 185.26293767 -39.26168499 3.87793591
v 185.26293767 -38.25194717 3.51388761
v 185.26293767 -37.16797104 3.17477191
v 185.26293767 -36.00701996 2.85983683
v 185.26293767 -34.76572618 2.56846380
v 185.26293767 -33.43990989 2.30014186
v 185.26293767 -32.02432900 2.05444772
v 185.26293767 -30.51232406 1.83103011
v 185.26293767 -28.89529965 1.62959748
v 185.26293767 -27.16193929 1.44990814
v 185.26293767 -25.29696515 1.29176236
v 185.26293767 -23.27907091 1.15499611
v 185.26293767 -21.07723286 1.03947594
v 185.26293767 -18.64350146 0.94509500
v 185.26293767 -15.89699803 0.87176982
v 185.26293767 -12.68071479 0.81943787
v 185.26293767 -8.59521668 0.78805572
v 185.26293767 0.12049961 0.77759782
v 185.26293767 8.83621606 0.78805572
v 185.26293767 12.92171418 0.81943787
v 185.26293767 16.13799742 0.87176982
v 185.26293767 18.88450084 0.94509500
v 185.26293767 21.31823225 1.03947594
v 185.26293767 23.52007029 1.15499611
v 185.26293767 25.53796454 1.29176236
v 185.26293767 27.40293867 1.44990814
v 185.26293767 29.13629903 1.62959748
v 185.26293767 30.75332344 1.83103011
v 185.26293767 32.26532838 2.05444772
v 185.26293767 33.68090928 2.30014186
v 185.26293767 35.00672557 2.56846380
v 185.26293767 36.24801935 2.85983683
v 185.26293767 37.40897042 3.17477191
v 185.26293767 38.49294656 3.51388761
v 185.26293767 39.50268437 3.87793591
v 185.26293767 40.44042288 4.26783587
v 185.26293767 41.30800394 4.68471856
v 185.26293767 42.10694897 5.12998774
v 185.26293767 42.83851837 5.60540394
v 185.26293767 43.50375801 6.11320370
v 186.75583077 -43.70206333 6.45085022
v 186.75583077 -43.10122984 5.91484201
v 186.75583077 -42.43481953 5.41364546
v 186.75583077 -41.70196272 4.94441137
v 186.75583077 -40.90161171 4.50493228
v 186.75583077 -40.03250388 4.09347055
v 186.75583077 -39.09311515 3.70864067
v 186.75583077 -38.08160042 3.34932631
v 186.75583077 -36.99571671 3.01462032
v 186.75583077 -35.83272260 2.70378052
v 186.75583077 -34.58924441 2.41619638
v 186.75583077 -33.26109496 2.15136359
v 186.75583077 -31.84302293 1.90886434
v 186.75583077 -30.32835718 1.68835196
v 186.75583077 -28.70848715 1.48953868
v 186.75583077 -26.97207644 1.31218593
v 186.75583077 -25.10382034 1.15609662
v 186.75583077 -23.08237502 1.02110881
v 186.75583077 -20.87666221 0.90709082
v 186.75583077 -18.43864794 0.81393717
v 186.75583077 -15.68731125 0.74156548
v 186.75583077 -12.46536803 0.68991403
v 186.75583077 -8.37268029 0.65893996
v 186.75583077 0.35837383 0.64861805
v 186.75583077 9.08942812 0.65893996
v 186.75583077 13.18211585 0.68991403
v 186.75583077 16.40405908 0.74156548
v 186.75583077 19.15539577 0.81393717
v 186.75583077 21.59341003 0.90709082
v 186.75583077 23.79912285 1.02110881
v 186.75583077 25.82056817 1.15609662
v 186.75583077 27.68882427 1.31218593
v 186.75583077 29.42523497 1.48953868
v 186.75583077 31.04510501 1.68835196
v 186.75583077 32.55977076 1.90886434
v 186.75583077 33.97784278 2.15136359
v 186.75583077 35.30599223 2.41619638
v 186.75583077 36.54947043 2.70378052
v 186.75583077 37.71246454 3.01462032
v 186.75583077 38.79834824 3.34932631
v 186.75583077 39.80986298 3.70864067
v 186.75583077 40.74925171 4.09347055
v 186.75583077 41.61835953 4.50493228
v 186.75583077 42.41871054 4.94441137
v 186.75583077 43.15156735 5.41364546
v 186.75583077 43.81797767 5.91484201
v 188.24463961 -43.52065059 6.24850034
v 188.24463961 -42.91883380 5.71932369
v 188.24463961 -42.25133285 5.22451501
v 188.24463961 -41.51727666 4.76126143
v 188.24463961 -40.71561581 4.32738361
v 188.24463961 -39.84508562 3.92116606
v 188.24463961 -38.90415951 3.54124094
v 188.24463961 -37.89098934 3.18650612
v 188.24463961 -36.80332850 2.85606604
v 188.24463961 -35.63843106 2.54918797
v 188.24463961 -34.39291781 2.26526917
v 188.24463961 -33.06259475 2.00381173
v 188.24463961 -31.64220193 1.76440319
v 188.24463961 -30.12505731 1.54670130
v 188.24463961 -28.50253623 1.35042194
v 188.24463961 -26.76328374 1.17532960
v 188.24463961 -24.89197010 1.02122968
v 188.24463961 -22.86721652 0.88796233
v 188.24463961 -20.65789388 0.77539752
v 188.24463961 -18.21588961 0.68343114
v 188.24463961 -15.46005014 0.61198185
v 188.24463961 -12.23283394 0.56098871
v 188.24463961 -8.13344820 0.53040941
v 188.24463961 0.61189499 0.52021905
v 188.24463961 9.35723835 0.53040941
v 188.24463961 13.45662409 0.56098871
v 188.24463961 16.68384029 0.61198185
v 188.24463961 19.43967976 0.68343114
v 188.24463961 21.88168403 0.77539752
v 188.24463961 24.09100667 0.88796233
v 188.24463961 26.11576025 1.02122968
v 188.24463961 27.98707389 1.17532960
v 188.24463961 29.72632638 1.35042194
v 188.24463961 31.34884746 1.54670130
v 188.24463961 32.86599208 1.76440319
v 188.24463961 34.28638490 2.00381173
v 188.24463961 35.61670796 2.26526917
v 188.24463961 36.86222121 2.54918797
v 188.24463961 38.02711865 2.85606604
v 188.24463961 39.11477949 3.18650612
v 188.24463961 40.12794966 3.54124094
v 188.24463961 41.06887577 3.92116606
v 188.24463961 41.93940596 4.32738361
v 188.24463961 42.74106681 4.76126143
v 188.24463961 43.47512300 5.22451501
v 188.24463961 44.14262395 5.71932369
v 189.72924009 -43.32363451 6.05322206
v 189.72924009 -42.72091624 5.53068942
v 189.72924009 -42.05241544 5.04209325
v 189.72924009 -41.31725970 4.58465599
v 189.72924009 -40.51439803 4.15622567
v 189.72924009 -39.64256386 3.75510834
v 189.72924009 -38.70022833 3.37995332
v 189.72924009 -37.68554052 3.02967233
v 189.72924009 -36.59625046 2.70338105
v 189.72924009 -35.42960811 2.40035595
v 189.72924009 -34.18222919 2.12000186
v 189.72924009 -32.84991341 1.86182711
v 189.72924009 -31.42739297 1.62542444
v 189.72924009 -29.90797580 1.41045588
v 189.72924009 -28.28302433 1.21664088
v 189.72924009 -26.54116659 1.04374689
v 189.72924009 -24.66704988 0.89158175
v 189.72924009 -22.63926340 0.75998762
v 189.72924009 -20.42663139 0.64883611
v 189.72924009 -17.98096921 0.55802440
v 189.72924009 -15.22100173 0.48747218
v 189.72924009 -11.98895145 0.43711928
v 189.72924009 -7.88342519 0.40692392
v 189.72924009 0.87501776 0.39686150
v 189.72924009 9.63346088 0.40692392
v 189.72924009 13.73898714 0.43711928
v 189.72924009 16.97103742 0.48747218
v 189.72924009 19.73100490 0.55802440
v 189.72924009 22.17666708 0.64883611
v 189.72924009 24.38929909 0.75998762
v 189.72924009 26.41708557 0.89158175
v 189.72924009 28.29120228 1.04374689
v 189.72924009 30.03306002 1.21664088
v 189.72924009 31.65801149 1.41045588
v 189.72924009 33.17742866 1.62542444
v 189.72924009 34.59994910 1.86182711
v 189.72924009 35.93226488 2.12000186
v 189.72924009 37.17964380 2.40035595
v 189.72924009 38.34628615 2.70338105
v 189.72924009 39.43557621 3.02967233
v 189.72924009 40.45026402 3.37995332
v 189.72924009 41.39259955 3.75510834
v 189.72924009 42.26443372 4.15622567
v 189.72924009 43.06729539 4.58465599
v 189.72924009 43.80245113 5.04209325
v 189.72924009 44.47095193 5.53068942
v 189.72924009 45.07367020 6.05322206
v 191.20950901 -43.11626870 5.86894320
v 191.20950901 -42.51274029 5.35290913
v 191.20950901 -41.84334090 4.87038947
v 191.20950901 -41.10719700 4.41864121
v 191.20950901 -40.30325615 3.99553913
v 191.20950901 -39.43025010 3.59941037
v 191.20950901 -38.48664791 3.22892103
v 191.20950901 -37.47059620 2.88299637
v 191.20950901 -36.37984195 2.56076307
v 191.20950901 -35.21163144 2.26150659
v 191.20950901 -33.96257584 1.98463917
v 191.20950901 -32.62846921 1.72967526
v 191.20950901 -31.20403668 1.49621265
v 191.20950901 -29.68257716 1.28391758
v 191.20950901 -28.05544148 1.09251300
v 191.20950901 -26.31124241 0.92176923
v 191.20950901 -24.43460658 0.77149652
v 191.20950901 -22.40409443 0.64153899
v 191.20950901 -20.18848827 0.53176983
v 191.20950901 -17.73953873 0.44208752
v 191.20950901 -14.97586140 0.37241273
v 191.20950901 -11.73946672 0.32268605
v 191.20950901 -7.62842195 0.29286622
v 191.20950901 1.14179377 0.28292895
v 191.20950901 9.91200966 0.29286622
v 191.20950901 14.02305442 0.32268605
v 191.20950901 17.25944911 0.37241273
v 191.20950901 20.02312644 0.44208752
v 191.20950901 22.47207598 0.53176983
v 191.20950901 24.68768213 0.64153899
v 191.20950901 26.71819429 0.77149652
v 191.20950901 28.59483012 0.92176923
v 191.20950901 30.33902919 1.09251300
v 191.20950901 31.96616487 1.28391758
v 191.20950901 33.48762438 1.49621265
v 191.20950901 34.91205692 1.72967526
v 191.20950901 36.24616355 1.98463917
v 191.20950901 37.49521915 2.26150659
v 191.20950901 38.66342966 2.56076307
v 191.20950901 39.75418390 2.88299637
v 191.20950901 40.77023561 3.22892103
v 191.20950901 41.71383780 3.59941037
v 191.20950901 42.58684386 3.99553913
v 191.20950901 43.39078470 4.41864121
v 191.20950901 44.12692861 4.87038947
v 191.20950901 44.79632799 5.35290913
v 191.20950901 45.39985641 5.86894320
v 192.68532414 -42.90372063 5.69951874
v 192.68532414 -42.29948265 5.18987921
v 192.68532414 -41.62929626 4.71333879
v 192.68532414 -40.89228687 4.26718845
v 192.68532414 -40.08740083 3.84932934
v 192.68532414 -39.21336839 3.45810928
v 192.68532414 -38.26865681 3.09221093
v 192.68532414 -37.25141054 2.75057287
v 192.68532414 -36.15937390 2.43233259
v 192.68532414 -34.98978993 2.13678441
v 192.68532414 -33.73926582 1.86334784
v 192.68532414 -32.40359069 1.61154337
v 192.68532414 -30.97748346 1.38097376
v 192.68532414 -29.45423517 1.17130939
v 192.68532414 -27.82518648 0.98227663
v 192.68532414 -26.07893676 0.81364868
v 192.68532414 -24.20009458 0.66523810
v 192.68532414 -22.16719517 0.53689096
v 192.68532414 -19.94898414 0.42848203
v 192.68532414 -17.49715538 0.33991103
v 192.68532414 -14.73022881 0.27109964
v 192.68532414 -11.49002911 0.22198915
v 192.68532414 -7.37415102 0.19253884
v 192.68532414 1.40637580 0.18272471
v 192.68532414 10.18690279 0.19253884
v 192.68532414 14.30278088 0.22198915
v 192.68532414 17.54298057 0.27109964
v 192.68532414 20.30990714 0.33991103
v 192.68532414 22.76173590 0.42848203
v 192.68532414 24.97994693 0.53689096
v 192.68532414 27.01284635 0.66523810
v 192.68532414 28.89168853 0.81364868
v 192.68532414 30.63793825 0.98227663
v 192.68532414 32.26698694 1.17130939
v 192.68532414 33.79023523 1.38097376
v 192.68532414 35.21634246 1.61154337
v 192.68532414 36.55201759 1.86334784
v 192.68532414 37.80254170 2.13678441
v 192.68532414 38.97212567 2.43233259
v 192.68532414 40.06416231 2.75057287
v 192.68532414 41.08140858 3.09221093
v 192.68532414 42.02612016 3.45810928
v 192.68532414 42.90015260 3.84932934
v 192.68532414 43.70503864 4.26718845
v 192.68532414 44.44204802 4.71333879
v 192.68532414 45.11223441 5.18987921
v 192.68532414 45.71647240 5.69951874
v 194.15656426 -42.69106802 5.54872810
v 194.15656426 -42.08623012 5.04541980
v 194.15656426 -41.41537834 4.57479941
v 194.15656426 -40.67763721 4.13419158
v 194.15656426 -39.87195204 3.72152351
v 194.15656426 -38.99705181 3.33516356
v 194.15656426 -38.05140227 2.97381074
v 194.15656426 -37.03314602 2.63641683
v 194.15656426 -35.94002515 2.32213003
v 194.15656426 -34.76927995 2.03025344
v 194.15656426 -33.51751426 1.76021376
v 194.15656426 -32.18051300 1.51153744
v 194.15656426 -30.75298985 1.28383219
v 194.15656426 -29.22822920 1.07677246
v 194.15656426 -27.59756311 0.89008805
v 194.15656426 -25.84957962 0.72355495
v 194.15656426 -23.96887203 0.57698807
v 194.15656426 -21.93395424 0.45023538
v 194.15656426 -19.71354085 0.34317321
v 194.15656426 -17.25927778 0.25570252
v 194.15656426 -14.48960406 0.18774596
v 194.15656426 -11.24618733 0.13924558
v 194.15656426 -7.12622277 0.11016113
v 194.15656426 1.66302182 0.10046891
v 194.15656426 10.45226658 0.11016113
v 194.15656426 14.57223114 0.13924558
v 194.15656426 17.81564787 0.18774596
v 194.15656426 20.58532159 0.25570252
v 194.15656426 23.03958466 0.34317321
v 194.15656426 25.25999805 0.45023538
v 194.15656426 27.29491584 0.57698807
v 194.15656426 29.17562343 0.72355495
v 194.15656426 30.92360692 0.89008805
v 194.15656426 32.55427301 1.07677246
v 194.15656426 34.07903366 1.28383219
v 194.15656426 35.50655681 1.51153744
v 194.15656426 36.84355807 1.76021376
v 194.15656426 38.09532376 2.03025344
v 194.15656426 39.26606896 2.32213003
v 194.15656426 40.35918983 2.63641683
v 194.15656426 41.37744608 2.97381074
v 194.15656426 42.32309562 3.33516356
v 194.15656426 43.19799585 3.72152351
v 194.15656426 44.00368102 4.13419158
v 194.15656426 44.74142215 4.57479941
v 194.15656426 45.41227393 5.04541980
v 194.15656426 46.01711183 5.54872810
v 195.62310914 -42.48329543 5.42027262
v 195.62310914 -41.87797610 4.92327220
v 195.62310914 -41.20659033 4.45855003
v 195.62310914 -40.46826198 4.02346426
v 195.62310914 -39.66193551 3.61596809
v 195.62310914 -38.78633889 3.23445033
v 195.62310914 -37.83993665 2.87762630
v 195.62310914 -36.82086989 2.54446089
v 195.62310914 -35.72687893 2.23411300
v 195.62310914 -34.55520186 1.94589445
v 195.62310914 -33.30243980 1.67923913
v 195.62310914 -31.96437433 1.43367944
v 195.62310914 -30.53571492 1.20882798
v 195.62310914 -29.00974060 1.00436330
v 195.62310914 -27.37777655 0.82001857
v 195.62310914 -25.62840172 0.65557261
v 195.62310914 -23.74619714 0.51084263
v 195.62310914 -21.70965962 0.38567851
v 195.62310914 -19.48747885 0.27995813
v 195.62310914 -17.03126227 0.19358370
v 195.62310914 -14.25938397 0.12647883
v 195.62310914 -11.01338558 0.07858629
v 195.62310914 -6.89014165 0.04986635
v 195.62310914 1.90609891 0.04029561
v 195.62310914 10.70233963 0.04986635
v 195.62310914 14.82558356 0.07858629
v 195.62310914 18.07158195 0.12647883
v 195.62310914 20.84346025 0.19358370
v 195.62310914 23.29967683 0.27995813
v 195.62310914 25.52185760 0.38567851
v 195.62310914 27.55839512 0.51084263
v 195.62310914 29.44059970 0.65557261
v 195.62310914 31.18997453 0.82001857
v 195.62310914 32.82193858 1.00436330
v 195.62310914 34.34791290 1.20882798
v 195.62310914 35.77657231 1.43367944
v 195.62310914 37.11463778 1.67923913
v 195.62310914 38.36739984 1.94589445
v 195.62310914 39.53907691 2.23411300
v 195.62310914 40.63306788 2.54446089
v 195.62310914 41.65213463 2.87762630
v 195.62310914 42.59853687 3.23445033
v 195.62310914 43.47413349 3.61596809
v 195.62310914 44.28045996 4.02346426
v 195.62310914 45.01878831 4.45855003
v 195.62310914 45.69017408 4.92327220
v 195.62310914 46.29549341 5.42027262
v 197.08483958 -42.28529089 5.31777304
v 197.08483958 -41.67961723 4.82709637
v 197.08483958 -41.00783847 4.36828725
v 197.08483958 -40.26907794 3.93873745
v 197.08483958 -39.46227948 3.53642619
v 197.08483958 -38.58617032 3.15976280
v 197.08483958 -37.63921410 2.80747894
v 197.08483958 -36.61955083 2.47855268
v 197.08483958 -35.52491949 2.17215360
v 197.08483958 -34.35255658 1.88760230
v 197.08483958 -33.09906120 1.62433986
v 197.08483958 -31.76021249 1.38190463
v 197.08483958 -30.33071681 1.15991414
v 197.08483958 -28.80384926 0.95805104
v 197.08483958 -27.17092992 0.77605189
v 197.08483958 -25.42053109 0.61369831
v 197.08483958 -23.53722476 0.47080985
v 197.08483958 -21.49949514 0.34723830
v 197.08483958 -19.27601361 0.24286309
v 197.08483958 -16.81835927 0.15758768
v 197.08483958 -14.04485844 0.09133664
v 197.08483958 -10.79695999 0.04405348
v 197.08483958 -6.67130250 0.01569896
v 197.08483958 2.13008697 0.00625000
v 197.08483958 10.93147662 0.01569896
v 197.08483958 15.05713410 0.04405348
v 197.08483958 18.30503256 0.09133664
v 197.08483958 21.07853338 0.15758768
v 197.08483958 23.53618773 0.24286309
v 197.08483958 25.75966926 0.34723830
v 197.08483958 27.79739887 0.47080985
v 197.08483958 29.68070521 0.61369831
v 197.08483958 31.43110404 0.77605189
v 197.08483958 33.06402338 0.95805104
v 197.08483958 34.59089092 1.15991414
v 197.08483958 36.02038661 1.38190463
v 197.08483958 37.35923532 1.62433986
v 197.08483958 38.61273069 1.88760230
v 197.08483958 39.78509361 2.17215360
v 197.08483958 40.87972495 2.47855268
v 197.08483958 41.89938821 2.80747894
v 197.08483958 42.84634444 3.15976280
v 197.08483958 43.72245360 3.53642619
v 197.08483958 44.52925205 3.93873745
v 197.08483958 45.26801259 4.36828725
v 197.08483958 45.93979135 4.82709637
v 197.08483958 46.54546501 5.31777304
v 198.54163749 -42.10184275 5.24355585
v 198.54163749 -41.49595026 4.75924299
v 198.54163749 -40.82392878 4.30638437
v 198.54163749 -40.08490133 3.88240560
v 198.54163749 -39.27781138 3.48531210
v 198.54163749 -38.40138569 3.11353383
v 198.54163749 -37.45408732 2.76581890
v 198.54163749 -36.43405565 2.44115863
v 198.54163749 -35.33902882 2.13873338
v 198.54163749 -34.16624233 1.85787255
v 198.54163749 -32.91229407 1.59802449
v 198.54163749 -31.57296163 1.35873351
v 198.54163749 -30.14294947 1.13962212
v 198.54163749 -28.61553027 0.94037707
v 198.54163749 -26.98202096 0.76073835
v 198.54163749 -25.23098970 0.60049040
v 198.54163749 -23.34700293 0.45945513
v 198.54163749 -21.30853708 0.33748623
v 198.54163749 -19.08425220 0.23446471
v 198.54163749 -16.62570991 0.15029528
v 198.54163749 -13.85120702 0.08490348
v 198.54163749 -10.60213510 0.03823355
v 198.54163749 -6.47498701 0.01024678
v 198.54163749 2.32958241 0.00092037
v 198.54163749 11.13415200 0.01024678
v 198.54163749 15.26130008 0.03823355
v 198.54163749 18.51037201 0.08490348
v 198.54163749 21.28487490 0.15029528
v 198.54163749 23.74341719 0.23446471
v 198.54163749 25.96770207 0.33748623
v 198.54163749 28.00616792 0.45945513
v 198.54163749 29.89015469 0.60049040
v 198.54163749 31.64118594 0.76073835
v 198.54163749 33.27469525 0.94037707
v 198.54163749 34.80211446 1.13962212
v 198.54163749 36.23212662 1.35873351
v 198.54163749 37.57145906 1.59802449
v 198.54163749 38.82540732 1.85787255
v 198.54163749 39.99819381 2.13873338
v 198.54163749 41.09322064 2.44115863
v 198.54163749 42.11325231 2.76581890
v 198.54163749 43.06055067 3.11353383
v 198.54163749 43.93697637 3.48531210
v 198.54163749 44.74406632 3.88240560
v 198.54163749 45.48309377 4.30638437
v 198.54163749 46.15511524 4.75924299
v 198.54163749 46.76100773 5.24355585
v 199.99338583 -41.93763657 5.18681557
v 199.99338583 -41.33166891 4.70877658
v 199.99338583 -40.65956405 4.26178437
v 199.99338583 -39.92044490 3.84329788
v 199.99338583 -39.11325481 3.45134840
v 199.99338583 -38.23672037 3.08438621
v 199.99338583 -37.28930447 2.74117563
v 199.99338583 -36.26914623 2.42072106
v 199.99338583 -35.17398354 2.12221348
v 199.99338583 -34.00105153 1.84499097
v 199.99338583 -32.74694768 1.58850902
v 199.99338583 -31.40744907 1.35231786
v 199.99338583 -29.97725947 1.13604487
v 199.99338583 -28.44965075 0.93938088
v 199.99338583 -26.81593876 0.76206922
v 199.99338583 -25.06469024 0.60389716
v 199.99338583 -23.18046971 0.46468888
v 199.99338583 -21.14175093 0.34429999
v 199.99338583 -18.91719007 0.24261303
v 199.99338583 -16.45834273 0.15953394
v 199.99338583 -13.68349558 0.09498923
v 199.99338583 -10.43402052 0.04892388
v 199.99338583 -6.30636036 0.02129965
v 199.99338583 2.49930151 0.01209405
v 199.99338583 11.30496355 0.02129965
v 199.99338583 15.43262372 0.04892388
v 199.99338583 18.68209878 0.09498923
v 199.99338583 21.45694593 0.15953394
v 199.99338583 23.91579327 0.24261303
v 199.99338583 26.14035413 0.34429999
v 199.99338583 28.17907290 0.46468888
v 199.99338583 30.06329344 0.60389716
v 199.99338583 31.81454195 0.76206922
v 199.99338583 33.44825394 0.93938088
v 199.99338583 34.97586267 1.13604487
v 199.99338583 36.40605226 1.35231786
v 199.99338583 37.74555088 1.58850902
v 199.99338583 38.99965473 1.84499097
v 199.99338583 40.17258674 2.12221348
v 199.99338583 41.26774943 2.42072106
v 199.99338583 42.28790767 2.74117563
v 199.99338583 43.23532357 3.08438621
v 199.99338583 44.11185800 3.45134840
v 199.99338583 44.91904810 3.84329788
v 199.99338583 45.65816724 4.26178437
v 199.99338583 46.33027210 4.70877658
v 199.99338583 46.93623977 5.18681557
v 201.43996870 -41.76826753 5.14326893
v 201.43996870 -41.16257458 4.67136073
v 201.43996870 -40.49077443 4.23010115
v 201.43996870 -39.75199037 3.81698170
v 201.43996870 -38.94516622 3.43005893
v 201.43996870 -38.06902917 3.06780298
v 201.43996870 -37.12204279 2.72899404
v 201.43996870 -36.10234705 2.41264926
v 201.43996870 -35.00768086 2.11797001
v 201.43996870 -33.83528061 1.84430284
v 201.43996870 -32.58174533 1.59111024
v 201.43996870 -31.24285398 1.35794820
v 201.43996870 -29.81331278 1.14444889
v 201.43996870 -28.28639661 0.95030709
v 201.43996870 -26.65342528 0.77526944
v 201.43996870 -24.90297071 0.61912591
v 201.43996870 -23.01960440 0.48170296
v 201.43996870 -20.98180990 0.36285805
v 201.43996870 -18.75825757 0.26247521
v 201.43996870 -16.30052497 0.18046160
v 201.43996870 -13.52693583 0.11674467
v 201.43996870 -10.27893395 0.07127010
v 201.43996870 -6.15314509 0.04400015
v 201.43996870 2.64852464 0.03491261
v 201.43996870 11.45019455 0.04400015
v 201.43996870 15.57598340 0.07127010
v 201.43996870 18.82398528 0.11674467
v 201.43996870 21.59757442 0.18046160
v 201.43996870 24.05530702 0.26247521
v 201.43996870 26.27885936 0.36285805
v 201.43996870 28.31665386 0.48170296
v 201.43996870 30.20002017 0.61912591
v 201.43996870 31.95047474 0.77526944
v 201.43996870 33.58344607 0.95030709
v 201.43996870 35.11036223 1.14444889
v 201.43996870 36.53990344 1.35794820
v 201.43996870 37.87879478 1.59111024
v 201.43996870 39.13233007 1.84430284
v 201.43996870 40.30473032 2.11797001
v 201.43996870 41.39939651 2.41264926
v 201.43996870 42.41909225 2.72899404
v 201.43996870 43.36607863 3.06780298
v 201.43996870 44.24221568 3.43005893
v 201.43996870 45.04903983 3.81698170
v 201.43996870 45.78782388 4.23010115
v 201.43996870 46.45962404 4.67136073
v 201.43996870 47.06531698 5.14326893
v 202.88127135 -41.56752990 5.11179412
v 202.88127135 -40.96263677 4.64585786
v 202.88127135 -40.29172371 4.21018235
v 202.88127135 -39.55391520 3.80229088
v 202.88127135 -38.74815645 3.42026456
v 202.88127135 -37.87317632 3.06259291
v 202.88127135 -36.92744041 2.72807155
v 202.88127135 -35.90909117 2.41573008
v 202.88127135 -34.81587046 2.12477995
v 202.88127135 -33.64501834 1.85457601
v 202.88127135 -32.39313832 1.60458753
v 202.88127135 -31.05601496 1.37437612
v 202.88127135 -29.62836143 1.16357862
v 202.88127135 -28.10346153 0.97189365
v 202.88127135 -26.47264650 0.79907108
v 202.88127135 -24.72450337 0.64490353
v 202.88127135 -22.84362401 0.50921965
v 202.88127135 -20.80852038 0.39187870
v 202.88127135 -18.58790420 0.29276619
v 202.88127135 -16.13341699 0.21179045
v 202.88127135 -13.36349031 0.14887986
v 202.88127135 -10.11977736 0.10398076
v 202.88127135 -5.99943652 0.07705591
v 202.88127135 2.79061079 0.06808337
v 202.88127135 11.58065827 0.07705591
v 202.88127135 15.70099910 0.10398076
v 202.88127135 18.94471205 0.14887986
v 202.88127135 21.71463873 0.21179045
v 202.88127135 24.16912594 0.29276619
v 202.88127135 26.38974212 0.39187870
v 202.88127135 28.42484575 0.50921965
v 202.88127135 30.30572511 0.64490353
v 202.88127135 32.05386824 0.79907108
v 202.88127135 33.68468327 0.97189365
v 202.88127135 35.20958317 1.16357862
v 202.88127135 36.63723670 1.37437612
v 202.88127135 37.97436006 1.60458753
v 202.88127135 39.22624008 1.85457601
v 202.88127135 40.39709220 2.12477995
v 202.88127135 41.49031291 2.41573008
v 202.88127135 42.50866215 2.72807155
v 202.88127135 43.45439806 3.06259291
v 202.88127135 44.32937819 3.42026456
v 202.88127135 45.13513694 3.80229088
v 202.88127135 45.87294545 4.21018235
v 202.88127135 46.54385851 4.64585786
v 202.88127135 47.14875165 5.11179412
v 204.31718019 -41.33808684 5.09128759
v 204.31718019 -40.73447480 4.63114903
v 204.31718019 -40.06498267 4.20089468
v 204.31718019 -39.32873677 3.79807865
v 204.31718019 -38.52468454 3.42080593
v 204.31718019 -37.65155753 3.06758484
v 204.31718019 -36.70782460 2.73722597
v 204.31718019 -35.69163212 2.42877100
v 204.31718019 -34.60072674 2.14144120
v 204.31718019 -33.43235438 1.87459944
v 204.31718019 -32.18312572 1.62772159
v 204.31718019 -30.84883425 1.40037474
v 204.31718019 -29.42420435 1.19220021
v 204.31718019 -27.90253404 1.00290041
v 204.31718019 -26.27517292 0.83222829
v 204.31718019 -24.53073219 0.67997906
v 204.31718019 -22.65383635 0.54598351
v 204.31718019 -20.62304286 0.43010265
v 204.31718019 -18.40712973 0.33222341
v 204.31718019 -15.95784088 0.25225526
v 204.31718019 -13.19378064 0.19012747
v 204.31718019 -9.95693755 0.14578706
v 204.31718019 -5.84532320 0.11919723
v 204.31718019 2.92610766 0.11033634
v 204.31718019 11.69753868 0.11919723
v 204.31718019 15.80915303 0.14578706
v 204.31718019 19.04599612 0.19012747
v 204.31718019 21.81005636 0.25225526
v 204.31718019 24.25934521 0.33222341
v 204.31718019 26.47525834 0.43010265
v 204.31718019 28.50605183 0.54598351
v 204.31718019 30.38294767 0.67997906
v 204.31718019 32.12738840 0.83222829
v 204.31718019 33.75474952 1.00290041
v 204.31718019 35.27641983 1.19220021
v 204.31718019 36.70104973 1.40037474
v 204.31718019 38.03534120 1.62772159
v 204.31718019 39.28456986 1.87459944
v 204.31718019 40.45294222 2.14144120
v 204.31718019 41.54384760 2.42877100
v 204.31718019 42.56004008 2.73722597
v 204.31718019 43.50377301 3.06758484
v 204.31718019 44.37690002 3.42080593
v 204.31718019 45.18095225 3.79807865
v 204.31718019 45.91719815 4.20089468
v 204.31718019 46.58669028 4.63114903
v 204.31718019 47.19030232 5.09128759
v 204.31718019 47.72875854 5.58453056
v 205.74758282 -41.61948080 5.56784495
v 205.74758282 -41.08255832 5.08061855
v 205.74758282 -40.48066562 4.62609276
v 205.74758282 -39.81308048 4.20108666
v 205.74758282 -39.07893171 3.80318418
v 205.74758282 -38.27716975 3.43051344
v 205.74758282 -37.40652977 3.08160094
v 205.74758282 -36.46548498 2.75527179
v 205.74758282 -35.45218703 2.45057935
v 205.74758282 -34.36438900 2.16675440
v 205.74758282 -33.19934464 1.90316757
v 205.74758282 -31.95367430 1.65930115
v 205.74758282 -30.62318344 1.43472747
v 205.74758282 -29.20261148 1.22909225
v 205.74758282 -27.68527550 1.04210153
v 205.74758282 -26.06254978 0.87351127
v 205.74758282 -24.32307793 0.72311918
v 205.74758282 -22.45152826 0.59075811
v 205.74758282 -20.42651931 0.47629076
v 205.74758282 -18.21691802 0.37960545
v 205.74758282 -15.77460575 0.30061275
v 205.74758282 -13.01841869 0.23924280
v 205.74758282 -9.79079546 0.19544325
v 205.74758282 -5.69089268 0.16917777
v 205.74758282 3.05555353 0.16042497
v 205.74758282 11.80199991 0.16917777
v 205.74758282 15.90190269 0.19544325
v 205.74758282 19.12952592 0.23924280
v 205.74758282 21.88571298 0.30061275
v 205.74758282 24.32802524 0.37960545
v 205.74758282 26.53762654 0.47629076
v 205.74758282 28.56263549 0.59075811
v 205.74758282 30.43418516 0.72311918
v 205.74758282 32.17365701 0.87351127
v 205.74758282 33.79638273 1.04210153
v 205.74758282 35.31371871 1.22909225
v 205.74758282 36.73429067 1.43472747
v 205.74758282 38.06478153 1.65930115
v 205.74758282 39.31045187 1.90316757
v 205.74758282 40.47549623 2.16675440
v 205.74758282 41.56329426 2.45057935
v 205.74758282 42.57659221 2.75527179
v 205.74758282 43.51763699 3.08160094
v 205.74758282 44.38827698 3.43051344
v 205.74758282 45.19003894 3.80318418
v 205.74758282 45.92418771 4.20108666
v 205.74758282 46.59177285 4.62609276
v 205.74758282 47.19366555 5.08061855
v 205.74758282 47.73058803 5.56784495
v 207.17236807 -41.33855468 5.55976850
v 207.17236807 -40.80351912 5.07837884
v 207.17236807 -40.20374167 4.62929805
v 207.17236807 -39.53850264 4.20938333
v 207.17236807 -38.80693390 3.81624753
v 207.17236807 -38.00798959 3.44804120
v 207.17236807 -37.14040931 3.10330850
v 207.17236807 -36.20267166 2.78088862
v 207.17236807 -35.19293476 2.47984625
v 207.17236807 -34.10895961 2.19942139
v 207.17236807 -32.94800959 1.93899220
v 207.17236807 -31.70671693 1.69804718
v 207.17236807 -30.38090185 1.47616378
v 207.17236807 -28.96532223 1.27299198
v 207.17236807 -27.45331866 1.08824132
v 207.17236807 -25.83629572 0.92167069
v 207.17236807 -24.10293693 0.77308022
v 207.17236807 -22.23796449 0.64230477
v 207.17236807 -20.22007207 0.52920869
v 207.17236807 -18.01823603 0.43368163
v 207.17236807 -15.58450683 0.35563522
v 207.17236807 -12.83800590 0.29500045
v 207.17236807 -9.62172557 0.25172560
v 207.17236807 -5.53623116 0.22577477
v 207.17236807 3.17947722 0.21712682
v 207.17236807 11.89518577 0.22577477
v 207.17236807 15.98068018 0.25172560
v 207.17236807 19.19696050 0.29500045
v 207.17236807 21.94346143 0.35563522
v 207.17236807 24.37719063 0.43368163
v 207.17236807 26.57902668 0.52920869
v 207.17236807 28.59691910 0.64230477
v 207.17236807 30.46189154 0.77308022
v 207.17236807 32.19525032 0.92167069
v 207.17236807 33.81227327 1.08824132
v 207.17236807 35.32427684 1.27299198
v 207.17236807 36.73985645 1.47616378
v 207.17236807 38.06567154 1.69804718
v 207.17236807 39.30696419 1.93899220
v 207.17236807 40.46791422 2.19942139
v 207.17236807 41.55188937 2.47984625
v 207.17236807 42.56162626 2.78088862
v 207.17236807 43.49936392 3.10330850
v 207.17236807 44.36694419 3.44804120
v 207.17236807 45.16588851 3.81624753
v 207.17236807 45.89745724 4.20938333
v 207.17236807 46.56269627 4.62929805
v 207.17236807 47.16247373 5.07837884
v 207.17236807 47.69750929 5.55976850
v 208.59142603 -41.03632988 5.55898598
v 208.59142603 -40.50349734 5.08326381
v 208.59142603 -39.90618949 4.63947015
v 208.59142603 -39.24368960 4.22449916
v 208.59142603 -38.51513312 3.83599183
v 208.59142603 -37.71947848 3.47212046
v 208.59142603 -36.85547049 3.13144637
v 208.59142603 -35.92159400 2.81282241
v 208.59142603 -34.91601472 2.51532427
v 208.59142603 -33.83650287 2.23820091
v 208.59142603 -32.68033309 1.98083781
v 208.59142603 -31.44415149 1.74272948
v 208.59142603 -30.12379549 1.52345836
v 208.59142603 -28.71404456 1.32267854
v 208.59142603 -27.20826671 1.14010298
v 208.59142603 -25.59790190 0.97549342
v 208.59142603 -23.87168027 0.82865234
v 208.59142603 -22.01438691 0.69941654
v 208.59142603 -20.00480322 0.58765196
v 208.59142603 -17.81203329 0.49324956
v 208.59142603 -15.38832505 0.41612201
v 208.59142603 -12.65313291 0.35620110
v 208.59142603 -9.45009571 0.31343574
v 208.59142603 -5.38142344 0.28779043
v 208.59142603 3.29839776 0.27924429
v 208.59142603 11.97821914 0.28779043
v 208.59142603 16.04689140 0.31343574
v 208.59142603 19.24992860 0.35620110
v 208.59142603 21.98512074 0.41612201
v 208.59142603 24.40882899 0.49324956
v 208.59142603 26.60159891 0.58765196
v 208.59142603 28.61118260 0.69941654
v 208.59142603 30.46847597 0.82865234
v 208.59142603 32.19469760 0.97549342
v 208.59142603 33.80506240 1.14010298
v 208.59142603 35.31084025 1.32267854
v 208.59142603 36.72059118 1.52345836
v 208.59142603 38.04094718 1.74272948
v 208.59142603 39.27712878 1.98083781
v 208.59142603 40.43329856 2.23820091
v 208.59142603 41.51281041 2.51532427
v 208.59142603 42.51838969 2.81282241
v 208.59142603 43.45226618 3.13144637
v 208.59142603 44.31627417 3.47212046
v 208.59142603 45.11192881 3.83599183
v 208.59142603 45.84048529 4.22449916
v 208.59142603 46.50298518 4.63947015
v 208.59142603 47.10029303 5.08326381
v 208.59142603 47.63312557 5.55898598
v 210.00464803 -40.71532281 5.56424112
v 210.00464803 -40.18497304 5.09402479
v 210.00464803 -39.59044838 4.65536743
v 210.00464803 -38.93103546 4.24519917
v 210.00464803 -38.20587373 3.86118828
v 210.00464803 -37.41392650 3.50152823
v 210.00464803 -36.55394442 3.16479698
v 210.00464803 -35.62441939 2.84986065
v 210.00464803 -34.62352568 2.55580565
v 210.00464803 -33.54904388 2.28188961
v 210.00464803 -32.39826135 2.02750514
v 210.00464803 -31.16783983 1.79215259
v 210.00464803 -29.85363611 1.57541923
v 210.00464803 -28.45045402 1.37696317
v 210.00464803 -26.95169244 1.19650067
v 210.00464803 -25.34883124 1.03379624
v 210.00464803 -23.63065306 0.88865465
v 210.00464803 -21.78201388 0.76091457
v 210.00464803 -19.78179398 0.65044351
v 210.00464803 -17.59924142 0.55713369
v 210.00464803 -15.18682660 0.48089879
v 210.00464803 -12.46437928 0.42167138
v 210.00464803 -9.27626685 0.37940097
v 210.00464803 -5.22655284 0.35405247
v 210.00464803 3.41282415 0.34560524
v 210.00464803 12.05220130 0.35405247
v 210.00464803 16.10191532 0.37940097
v 210.00464803 19.29002775 0.42167138
v 210.00464803 22.01247507 0.48089879
v 210.00464803 24.42488988 0.55713369
v 210.00464803 26.60744245 0.65044351
v 210.00464803 28.60766234 0.76091457
v 210.00464803 30.45630152 0.88865465
v 210.00464803 32.17447971 1.03379624
v 210.00464803 33.77734091 1.19650067
v 210.00464803 35.27610248 1.37696317
v 210.00464803 36.67928458 1.57541923
v 210.00464803 37.99348830 1.79215259
v 210.00464803 39.22390982 2.02750514
v 210.00464803 40.37469235 2.28188961
v 210.00464803 41.44917414 2.55580565
v 210.00464803 42.45006785 2.84986065
v 210.00464803 43.37959288 3.16479698
v 210.00464803 44.23957497 3.50152823
v 210.00464803 45.03152220 3.86118828
v 210.00464803 45.75668392 4.24519917
v 210.00464803 46.41609685 4.65536743
v 210.00464803 47.01062151 5.09402479
v 210.00464803 47.54097127 5.56424112
v 211.41192671 -40.37799983 5.57430503
v 211.41192671 -39.85037694 5.10944034
v 211.41192671 -39.25890913 4.67577543
v 211.41192671 -38.60288668 4.27027538
v 211.41192671 -37.88145350 3.89063501
v 211.41192671 -37.09357820 3.53506833
v 211.41192671 -36.23801785 3.20216949
v 211.41192671 -35.31327212 2.89081752
v 211.41192671 -34.31752467 2.60010923
v 211.41192671 -33.24856750 2.32931069
v 211.41192671 -32.10370191 2.07782142
v 211.41192671 -30.87960680 1.84514747
v 211.41192671 -29.57216028 1.63088081
v 211.41192671 -28.17619287 1.43468341
v 211.41192671 -26.68513742 1.25627480
v 211.41192671 -25.09051759 1.09542215
v 211.41192671 -23.38117370 0.95193244
v 211.41192671 -21.54203960 0.82564621
v 211.41192671 -19.55210416 0.71643244
v 211.41192671 -17.38077355 0.62418460
v 211.41192671 -14.98076256 0.54881734
v 211.41192671 -12.27231315 0.49026402
v 211.41192671 -9.10059292 0.44847469
v 211.41192671 -5.07170117 0.42341469
v 211.41192671 3.52325505 0.41506360
v 211.41192671 12.11821143 0.42341469
v 211.41192671 16.14710318 0.44847469
v 211.41192671 19.31882340 0.49026402
v 211.41192671 22.02727282 0.54881734
v 211.41192671 24.42728381 0.62418460
v 211.41192671 26.59861442 0.71643244
v 211.41192671 28.58854986 0.82564621
v 211.41192671 30.42768396 0.95193244
v 211.41192671 32.13702785 1.09542215
v 211.41192671 33.73164768 1.25627480
v 211.41192671 35.22270313 1.43468341
v 211.41192671 36.61867053 1.63088081
v 211.41192671 37.92611705 1.84514747
v 211.41192671 39.15021217 2.07782142
v 211.41192671 40.29507776 2.32931069
v 211.41192671 41.36403493 2.60010923
v 211.41192671 42.35978238 2.89081752
v 211.41192671 43.28452811 3.20216949
v 211.41192671 44.14008845 3.53506833
v 211.41192671 44.92796376 3.89063501
v 211.41192671 45.64939694 4.27027538
v 211.41192671 46.30541939 4.67577543
v 211.41192671 46.89688720 5.10944034
v 211.41192671 47.42451009 5.57430503
v 212.81315602 -40.02677599 5.58797675
v 212.81315602 -39.50208921 5.12831684
v 212.81315602 -38.91391278 4.69950739
v 212.81315602 -38.26154094 4.29854746
v 212.81315602 -37.54412237 3.92315767
v 212.81315602 -36.76063141 3.57157204
v 212.81315602 -35.90983206 3.24240045
v 212.81315602 -34.99023233 2.93453448
v 212.81315602 -34.00002598 2.64708106
v 212.81315602 -32.93701731 2.37931447
v 212.81315602 -31.79852263 2.13064096
v 212.81315602 -30.58123933 1.90057211
v 212.81315602 -29.28106844 1.68870445
v 212.81315602 -27.89286927 1.49470375
v 212.81315602 -26.41011120 1.31829266
v 212.81315602 -24.82436507 1.15924097
v 212.81315602 -23.12453328 1.01735782
v 212.81315602 -21.29563354 0.89248553
v 212.81315602 -19.31677163 0.78449456
v 212.81315602 -17.15752397 0.69327956
v 212.81315602 -14.77086849 0.61875614
v 212.81315602 -12.07749097 0.56085840
v 212.81315602 -8.92342063 0.51953696
v 212.81315602 -4.91694874 0.49475754
v 212.81315602 3.63017853 0.48649995
v 212.81315602 12.17730597 0.49475754
v 212.81315602 16.18377787 0.51953696
v 212.81315602 19.33784820 0.56085840
v 212.81315602 22.03122572 0.61875614
v 212.81315602 24.41788120 0.69327956
v 212.81315602 26.57712886 0.78449456
v 212.81315602 28.55599077 0.89248553
v 212.81315602 30.38489051 1.01735782
v 212.81315602 32.08472230 1.15924097
v 212.81315602 33.67046844 1.31829266
v 212.81315602 35.15322651 1.49470375
v 212.81315602 36.54142568 1.68870445
v 212.81315602 37.84159656 1.90057211
v 212.81315602 39.05887986 2.13064096
v 212.81315602 40.19737454 2.37931447
v 212.81315602 41.26038321 2.64708106
v 212.81315602 42.25058956 2.93453448
v 212.81315602 43.17018929 3.24240045
v 212.81315602 44.02098864 3.57157204
v 212.81315602 44.80447960 3.92315767
v 212.81315602 45.52189818 4.29854746
v 212.81315602 46.17427001 4.69950739
v 212.81315602 46.76244644 5.12831684
v 212.81315602 47.28713323 5.58797675
v 214.20823127 -39.66401384 5.60408386
v 214.20823127 -39.14243824 5.14948911
v 214.20823127 -38.55774947 4.72540487
v 214.20823127 -37.90924595 4.32886326
v 214.20823127 -37.19608138 3.95761002
v 214.20823127 -36.41723622 3.60989864
v 214.20823127 -35.57148178 3.28435430
v 214.20823127 -34.65733492 2.97988082
v 214.20823127 -33.67300011 2.69559495
v 214.20823127 -32.61629467 2.43077897
v 214.20823127 -31.48455083 2.18484569
v 214.20823127 -30.27448554 1.95731205
v 214.20823127 -28.98202417 1.74777903
v 214.20823127 -27.60205648 1.55591610
v 214.20823127 -26.12809059 1.38144894
v 214.20823127 -24.55174731 1.22414990
v 214.20823127 -22.86199487 1.08383021
v 214.20823127 -21.04393979 0.96033393
v 214.20823127 -19.07681177 0.85353295
v 214.20823127 -16.93036761 0.76332308
v 214.20823127 -14.55786407 0.68962086
v 214.20823127 -11.88045724 0.63236112
v 214.20823127 -8.74508931 0.59149501
v 214.20823127 -4.76237425 0.56698865
v 214.20823127 3.73407188 0.55882205
v 214.20823127 12.23051816 0.56698865
v 214.20823127 16.21323323 0.59149501
v 214.20823127 19.34860115 0.63236112
v 214.20823127 22.02600799 0.68962086
v 214.20823127 24.39851153 0.76332308
v 214.20823127 26.54495568 0.85353295
v 214.20823127 28.51208371 0.96033393
v 214.20823127 30.33013879 1.08383021
v 214.20823127 32.01989123 1.22414990
v 214.20823127 33.59623451 1.38144894
v 214.20823127 35.07020039 1.55591610
v 214.20823127 36.45016808 1.74777903
v 214.20823127 37.74262945 1.95731205
v 214.20823127 38.95269474 2.18484569
v 214.20823127 40.08443859 2.43077897
v 214.20823127 41.14114403 2.69559495
v 214.20823127 42.12547884 2.97988082
v 214.20823127 43.03962570 3.28435430
v 214.20823127 43.88538014 3.60989864
v 214.20823127 44.66422530 3.95761002
v 214.20823127 45.37738986 4.32886326
v 214.20823127 46.02589338 4.72540487
v 214.20823127 46.61058215 5.14948911
v 214.20823127 47.13215775 5.60408386
v 215.59704911 -39.29202228 5.62264791
v 215.59704911 -38.77369961 5.17300066
v 215.59704911 -38.19265739 4.75353185
v 215.59704911 -37.54819841 4.36130592
v 215.59704911 -36.83948166 3.99409315
v 215.59704911 -36.06549395 3.65016601
v 215.59704911 -35.22501425 3.32816468
v 215.59704911 -34.31656867 3.02700487
v 215.59704911 -33.33837290 2.74581297
v 215.59704911 -32.28825784 2.48387907
v 215.59704911 -31.16357238 2.24062235
v 215.59704911 -29.96105394 2.01556503
v 215.59704911 -28.67665330 1.80831242
v 215.59704911 -27.30529210 1.61853759
v 215.59704911 -25.84051894 1.44596922
v 215.59704911 -24.27400689 1.29038210
v 215.59704911 -22.59479298 1.15158956
v 215.59704911 -20.78807662 1.02943733
v 215.59704911 -18.83321704 0.92379870
v 215.59704911 -16.70015968 0.83457060
v 215.59704911 -14.34245280 0.76167051
v 215.59704911 -11.68174423 0.70503394
v 215.59704911 -8.56593075 0.66461259
v 215.59704911 -4.60805480 0.64037294
v 215.59704911 3.83540128 0.63229522
v 215.59704911 12.27885752 0.64037294
v 215.59704911 16.23673347 0.66461259
v 215.59704911 19.35254695 0.70503394
v 215.59704911 22.01325552 0.76167051
v 215.59704911 24.37096239 0.83457060
v 215.59704911 26.50401976 0.92379870
v 215.59704911 28.45887934 1.02943733
v 215.59704911 30.26559569 1.15158956
v 215.59704911 31.94480960 1.29038210
v 215.59704911 33.51132166 1.44596922
v 215.59704911 34.97609482 1.61853759
v 215.59704911 36.34745602 1.80831242
v 215.59704911 37.63185666 2.01556503
v 215.59704911 38.83437509 2.24062235
v 215.59704911 39.95906056 2.48387907
v 215.59704911 41.00917561 2.74581297
v 215.59704911 41.98737139 3.02700487
v 215.59704911 42.89581696 3.32816468
v 215.59704911 43.73629666 3.65016601
v 215.59704911 44.51028438 3.99409315
v 215.59704911 45.21900112 4.36130592
v 215.59704911 45.86346010 4.75353185
v 215.59704911 46.44450233 5.17300066
v 215.59704911 46.96282500 5.62264791
v 216.97950759 -38.91305559 5.65194281
v 216.97950759 -38.39809502 5.20725215
v 216.97950759 -37.82082173 4.79240728
v 216.97950759 -37.18054304 4.40450498
v 216.97950759 -36.47642339 4.04134010
v 216.97950759 -35.70745615 3.70120418
v 216.97950759 -34.87242823 3.38275236
v 216.97950759 -33.96987529 3.08491233
v 216.97950759 -32.99802459 2.80682009
v 216.97950759 -31.95472111 2.54777357
v 216.97950759 -30.83733092 2.30719835
v 216.97950759 -29.64261263 2.08462190
v 216.97950759 -28.36654326 1.87965390
v 216.97950759 -27.00407740 1.69197101
v 216.97950759 -25.54880550 1.52130491
v 216.97950759 -23.99245464 1.36743289
v 216.97950759 -22.32413296 1.23017030
v 216.97950759 -20.52913588 1.10936458
v 216.97950759 -18.58695651 1.00489044
v 216.97950759 -16.46773524 0.91664594
v 216.97950759 -14.12532164 0.84454944
v 216.97950759 -11.48187177 0.78853719
v 216.97950759 -8.38626904 0.74856142
v 216.97950759 -4.45406587 0.72458897
v 216.97950759 3.93462168 0.71660030
v 216.97950759 12.32330939 0.72458897
v 216.97950759 16.25551256 0.74856142
v 216.97950759 19.35111529 0.78853719
v 216.97950759 21.99456516 0.84454944
v 216.97950759 24.33697876 0.91664594
v 216.97950759 26.45620003 1.00489044
v 216.97950759 28.39837940 1.10936458
v 216.97950759 30.19337648 1.23017030
v 216.97950759 31.86169816 1.36743289
v 216.97950759 33.41804902 1.52130491
v 216.97950759 34.87332092 1.69197101
v 216.97950759 36.23578678 1.87965390
v 216.97950759 37.51185615 2.08462190
v 216.97950759 38.70657444 2.30719835
v 216.97950759 39.82396463 2.54777357
v 216.97950759 40.86726811 2.80682009
v 216.97950759 41.83911881 3.08491233
v 216.97950759 42.74167175 3.38275236
v 216.97950759 43.57669967 3.70120418
v 216.97950759 44.34566691 4.04134010
v 216.97950759 45.04978656 4.40450498
v 216.97950759 45.69006525 4.79240728
v 216.97950759 46.26733854 5.20725215
v 216.97950759 46.78229911 5.65194281
v 218.35550617 -38.52931238 5.69297087
v 218.35550617 -38.01779134 5.25327937
v 218.35550617 -37.44437377 4.84309814
v 218.35550617 -36.80837163 4.45955659
v 218.35550617 -36.10895494 4.10047437
v 218.35550617 -35.34512379 3.76416222
v 218.35550617 -34.51567319 3.44929040
v 218.35550617 -33.61914858 3.15479866
v 218.35550617 -32.65378907 2.87983270
v 218.35550617 -31.61745403 2.62369835
v 218.35550617 -30.50752712 2.38582764
v 218.35550617 -29.32078859 2.16575337
v 218.35550617 -28.05324235 1.96308960
v 218.35550617 -26.69987668 1.77751662
v 218.35550617 -25.25432483 1.60876913
v 218.35550617 -23.70836915 1.45662692
v 218.35550617 -22.05119053 1.32090742
v 218.35550617 -20.26818260 1.20145979
v 218.35550617 -18.33897544 1.09816013
v 218.35550617 -16.23390887 1.01090766
v 218.35550617 -13.90714073 0.93962167
v 218.35550617 -11.28134700 0.88423910
v 218.35550617 -8.20642043 0.84471274
v 218.35550617 -4.30048125 0.82100978
v 218.35550617 4.03217656 0.81311091
v 218.35550617 12.36483452 0.82100978
v 218.35550617 16.27077370 0.84471274
v 218.35550617 19.34570028 0.88423910
v 218.35550617 21.97149401 0.93962167
v 218.35550617 24.29826215 1.01090766
v 218.35550617 26.40332872 1.09816013
v 218.35550617 28.33253588 1.20145979
v 218.35550617 30.11554381 1.32090742
v 218.35550617 31.77272243 1.45662692
v 218.35550617 33.31867811 1.60876913
v 218.35550617 34.76422995 1.77751662
v 218.35550617 36.11759562 1.96308960
v 218.35550617 37.38514187 2.16575337
v 218.35550617 38.57188039 2.38582764
v 218.35550617 39.68180730 2.62369835
v 218.35550617 40.71814235 2.87983270
v 218.35550617 41.68350186 3.15479866
v 218.35550617 42.58002646 3.44929040
v 218.35550617 43.40947706 3.76416222
v 218.35550617 44.17330821 4.10047437
v 218.35550617 44.87272491 4.45955659
v 218.35550617 45.50872705 4.84309814
v 218.35550617 46.08214462 5.25327937
v 218.35550617 46.59366566 5.69297087
v 219.72494574 -38.14293472 5.74471965
v 219.72494574 -37.63489969 5.31007710
v 219.72494574 -37.06538996 4.90460595
v 219.72494574 -36.43372218 4.52546858
v 219.72494574 -35.73907201 4.17050967
v 219.72494574 -34.98044636 3.83805937
v 219.72494574 -34.15664847 3.52680321
v 219.72494574 -33.26623368 3.23569309
v 219.72494574 -32.30745309 2.96388455
v 219.72494574 -31.27818067 2.71069137
v 219.72494574 -30.17581791 2.47555212
v 219.72494574 -28.99716700 2.25800494
v 219.72494574 -27.73825908 2.05766835
v 219.72494574 -26.39411660 1.87422629
v 219.72494574 -24.95841619 1.70741652
v 219.72494574 -23.42299620 1.55702134
v 219.72494574 -21.77711124 1.42286030
v 219.72494574 -20.00625451 1.30478428
v 219.72494574 -18.09019489 1.20267080
v 219.72494574 -15.99947435 1.11642025
v 219.72494574 -13.68856313 1.04595283
v 219.72494574 -11.08066418 0.99120622
v 219.72494574 -8.02669323 0.95213373
v 219.72494574 -4.14737302 0.92870295
v 219.72494574 4.12849774 0.92089479
v 219.72494574 12.40436865 0.92870295
v 219.72494574 16.28368886 0.95213373
v 219.72494574 19.33765982 0.99120622
v 219.72494574 21.94555877 1.04595283
v 219.72494574 24.25646999 1.11642025
v 219.72494574 26.34719053 1.20267080
v 219.72494574 28.26325014 1.30478428
v 219.72494574 30.03410688 1.42286030
v 219.72494574 31.67999183 1.55702134
v 219.72494574 33.21541182 1.70741652
v 219.72494574 34.65111223 1.87422629
v 219.72494574 35.99525472 2.05766835
v 219.72494574 37.25416264 2.25800494
v 219.72494574 38.43281354 2.47555212
v 219.72494574 39.53517630 2.71069137
v 219.72494574 40.56444872 2.96388455
v 219.72494574 41.52322931 3.23569309
v 219.72494574 42.41364410 3.52680321
v 219.72494574 43.23744200 3.83805937
v 219.72494574 43.99606764 4.17050967
v 219.72494574 44.69071781 4.52546858
v 219.72494574 45.32238560 4.90460595
v 219.72494574 45.89189532 5.31007710
v 219.72494574 46.39993035 5.74471965
v 221.08772863 -37.75600728 5.80619848
v 221.08772863 -37.25147466 5.37666163
v 221.08772863 -36.68589114 4.97595351
v 221.08772863 -36.05857808 4.60126983
v 221.08772863 -35.36871684 4.25048059
v 221.08772863 -34.61532118 3.92193555
v 221.08772863 -33.79720256 3.61433568
v 221.08772863 -32.91292630 3.32664520
v 221.08772863 -31.96075556 3.05802956
v 221.08772863 -30.93857896 2.80781062
v 221.08772863 -29.84381591 2.57543352
v 221.08772863 -28.67329064 2.36044185
v 221.08772863 -27.42306166 2.16245859
v 221.08772863 -26.08818571 1.98117141
v 221.08772863 -24.66238304 1.81632113
v 221.08772863 -23.13754826 1.66769263
v 221.08772863 -21.50301007 1.53510756
v 221.08772863 -19.74436165 1.41841857
v 221.08772863 -17.84151138 1.31750461
v 221.08772863 -15.76520430 1.23226723
v 221.08772863 -13.47022454 1.16262758
v 221.08772863 -10.88030449 1.10852407
v 221.08772863 -7.84738766 1.06991057
v 221.08772863 -3.99481154 1.04675502
v 221.08772863 4.22400522 1.03903859
v 221.08772863 12.44282214 1.04675502
v 221.08772863 16.29539826 1.06991057
v 221.08772863 19.32831509 1.10852407
v 221.08772863 21.91823514 1.16262758
v 221.08772863 24.21321490 1.23226723
v 221.08772863 26.28952198 1.31750461
v 221.08772863 28.19237225 1.41841857
v 221.08772863 29.95102067 1.53510756
v 221.08772863 31.58555886 1.66769263
v 221.08772863 33.11039364 1.81632113
v 221.08772863 34.53619631 1.98117141
v 221.08772863 35.87107226 2.16245859
v 221.08772863 37.12130124 2.36044185
v 221.08772863 38.29182651 2.57543352
v 221.08772863 39.38658956 2.80781062
v 221.08772863 40.40876616 3.05802956
v 221.08772863 41.36093690 3.32664520
v 221.08772863 42.24521316 3.61433568
v 221.08772863 43.06333178 3.92193555
v 221.08772863 43.81672744 4.25048059
v 221.08772863 44.50658868 4.60126983
v 221.08772863 45.13390174 4.97595351
v 221.08772863 45.69948526 5.37666163
v 221.08772863 46.20401788 5.80619848
v 222.44375867 -37.37055661 5.87643891
v 222.44375867 -36.86951352 5.45207122
v 222.44375867 -36.30784178 5.05618532
v 222.44375867 -35.68486744 4.68601069
v 222.44375867 -34.99977753 4.33944294
v 222.44375867 -34.25159262 4.01485170
v 222.44375867 -33.43913240 3.71095357
v 222.44375867 -32.56097212 3.42672523
v 222.44375867 -31.61538693 3.16134219
v 222.44375867 -30.60028008 2.91413445
v 222.44375867 -29.51308880 2.68455384
v 222.44375867 -28.35065930 2.47214944
v 222.44375867 -27.10907735 2.27654876
v 222.44375867 -25.78343389 2.09744324
v 222.44375867 -24.36749258 1.93457681
v 222.44375867 -22.85320411 1.78773695
v 222.44375867 -21.22997097 1.65674744
v 222.44375867 -19.48348599 1.54146272
v 222.44375867 -17.59379652 1.44176319
v 222.44375867 -15.53184993 1.35755158
v 222.44375867 -13.25274307 1.28874999
v 222.44375867 -10.68073584 1.23529758
v 222.44375867 -7.66879575 1.19714876
v 222.44375867 -3.84286544 1.17427188
v 222.44375867 4.31910703 1.16664830
v 222.44375867 12.48107966 1.17427188
v 222.44375867 16.30700998 1.19714876
v 222.44375867 19.31895006 1.23529758
v 222.44375867 21.89095730 1.28874999
v 222.44375867 24.17006415 1.35755158
v 222.44375867 26.23201074 1.44176319
v 222.44375867 28.12170022 1.54146272
v 222.44375867 29.86818519 1.65674744
v 222.44375867 31.49141833 1.78773695
v 222.44375867 33.00570681 1.93457681
v 222.44375867 34.42164811 2.09744324
v 222.44375867 35.74729158 2.27654876
v 222.44375867 36.98887353 2.47214944
v 222.44375867 38.15130302 2.68455384
v 222.44375867 39.23849430 2.91413445
v 222.44375867 40.25360116 3.16134219
v 222.44375867 41.19918634 3.42672523
v 222.44375867 42.07734663 3.71095357
v 222.44375867 42.88980684 4.01485170
v 222.44375867 43.63799175 4.33944294
v 222.44375867 44.32308167 4.68601069
v 222.44375867 44.94605600 5.05618532
v 222.44375867 45.50772774 5.45207122
v 222.44375867 46.00877084 5.87643891
v 223.79294118 -36.98855039 5.95449498
v 223.79294118 -36.49095554 5.53536636
v 223.79294118 -35.93314930 5.14436792
v 223.79294118 -35.31446237 4.77876332
v 223.79294118 -34.63408734 4.43647416
v 223.79294118 -33.89105155 4.11589019
v 223.79294118 -33.08418279 3.81574387
v 223.79294118 -32.21206614 3.53502450
v 223.79294118 -31.27298860 3.27291778
v 223.79294118 -30.26486785 3.02876196
v 223.79294118 -29.18515878 2.80201567
v 223.79294118 -28.03072929 2.59223353
v 223.79294118 -26.79769208 2.39904766
v 223.79294118 -25.48117188 2.22215330
v 223.79294118 -24.07497529 2.06129756
v 223.79294118 -22.57110836 1.91627052
v 223.79294118 -20.95904654 1.78689817
v 223.79294118 -19.22458112 1.67303670
v 223.79294118 -17.34789676 1.57456802
v 223.79294118 -15.30014078 1.49139605
v 223.79294118 -13.03671906 1.42344386
v 223.79294118 -10.48241274 1.37065135
v 223.79294118 -7.49120126 1.33297350
v 223.79294118 -3.69160154 1.31037905
v 223.79294118 4.41419908 1.30284959
v 223.79294118 12.51999986 1.31037905
v 223.79294118 16.31959958 1.33297350
v 223.79294118 19.31081107 1.37065135
v 223.79294118 21.86511738 1.42344386
v 223.79294118 24.12853910 1.49139605
v 223.79294118 26.17629508 1.57456802
v 223.79294118 28.05297945 1.67303670
v 223.79294118 29.78744486 1.78689817
v 223.79294118 31.39950668 1.91627052
v 223.79294118 32.90337361 2.06129756
v 223.79294118 34.30957021 2.22215330
v 223.79294118 35.62609040 2.39904766
v 223.79294118 36.85912761 2.59223353
v 223.79294118 38.01355710 2.80201567
v 223.79294118 39.09326617 3.02876196
v 223.79294118 40.10138692 3.27291778
v 223.79294118 41.04046446 3.53502450
v 223.79294118 41.91258112 3.81574387
v 223.79294118 42.71944987 4.11589019
v 223.79294118 43.46248566 4.43647416
v 223.79294118 44.14286069 4.77876332
v 223.79294118 44.76154763 5.14436792
v 223.79294118 45.31935386 5.53536636
v 223.79294118 45.81694871 5.95449498
v 225.13518299 -36.61173432 6.03944692
v 225.13518299 -36.11752091 5.62563319
v 225.13518299 -35.56350528 5.23959292
v 225.13518299 -34.94902266 4.87862448
v 225.13518299 -34.27327116 4.54067582
v 225.13518299 -33.53528470 4.22415711
v 225.13518299 -32.73389907 3.92781688
v 225.13518299 -31.86770893 3.65065727
v 225.13518299 -30.93501294 3.39187426
v 225.13518299 -29.93374293 3.15081454
v 225.13518299 -28.86137108 2.92694357
v 225.13518299 -27.71478658 2.71982163
v 225.13518299 -26.49012854 2.52908552
v 225.13518299 -25.18255482 2.35443432
v 225.13518299 -23.78591411 2.19561836
v 225.13518299 -22.29226679 2.05243038
v 225.13518299 -20.69115982 1.92469857
v 225.13518299 -18.96848106 1.81228096
v 225.13518299 -17.10454980 1.71506094
v 225.13518299 -15.07070945 1.63294366
v 225.13518299 -12.82266894 1.56585316
v 225.13518299 -10.28572055 1.51373010
v 225.13518299 -7.31483600 1.47653003
v 225.13518299 -3.54105666 1.45422210
v 225.13518299 4.50966056 1.44678812
v 225.13518299 12.56037794 1.45422210
v 225.13518299 16.33415728 1.47653003
v 225.13518299 19.30504183 1.51373010
v 225.13518299 21.84199022 1.56585316
v 225.13518299 24.09003073 1.63294366
v 225.13518299 26.12387108 1.71506094
v 225.13518299 27.98780234 1.81228096
v 225.13518299 29.71048110 1.92469857
v 225.13518299 31.31158807 2.05243038
v 225.13518299 32.80523539 2.19561836
v 225.13518299 34.20187610 2.35443432
v 225.13518299 35.50944982 2.52908552
v 225.13518299 36.73410786 2.71982163
v 225.13518299 37.88069236 2.92694357
v 225.13518299 38.95306421 3.15081454
v 225.13518299 39.95433422 3.39187426
v 225.13518299 40.88703021 3.65065727
v 225.13518299 41.75322035 3.92781688
v 225.13518299 42.55460598 4.22415711
v 225.13518299 43.29259244 4.54067582
v 225.13518299 43.96834394 4.87862448
v 225.13518299 44.58282656 5.23959292
v 225.13518299 45.13684219 5.62563319
v 225.13518299 45.63105561 6.03944692
v 226.47039247 -36.22322609 6.13081140
v 226.47039247 -35.73253359 5.72235676
v 226.47039247 -35.18246493 5.34131591
v 226.47039247 -34.57236007 4.98502218
v 226.47039247 -33.90142282 4.65145013
v 226.47039247 -33.16869400 4.33903050
v 226.47039247 -32.37301768 4.04652802
v 226.47039247 -31.51299853 3.77295776
v 226.47039247 -30.58694735 3.51752613
v 226.47039247 -29.59281068 3.27958825
v 226.47039247 -28.52807872 3.05861652
v 226.47039247 -27.38966282 2.85417691
v 226.47039247 -26.17372961 2.66591093
v 226.47039247 -24.87547144 2.49352155
v 226.47039247 -23.48878081 2.33676233
v 226.47039247 -22.00577467 2.19542871
v 226.47039247 -20.41607446 2.06935109
v 226.47039247 -18.70566857 1.95838934
v 226.47039247 -16.85501651 1.86242837
v 226.47039247 -14.83566584 1.78137455
v 226.47039247 -12.60364103 1.71515290
v 226.47039247 -10.08476661 1.66370487
v 226.47039247 -7.13504752 1.62698656
v 226.47039247 -3.38815370 1.60496752
v 226.47039247 4.60520783 1.59762982
v 226.47039247 12.59856952 1.60496752
v 226.47039247 16.34546333 1.62698656
v 226.47039247 19.29518243 1.66370487
v 226.47039247 21.81405685 1.71515290
v 226.47039247 24.04608166 1.78137455
v 226.47039247 26.06543233 1.86242837
v 226.47039247 27.91608438 1.95838934
v 226.47039247 29.62649028 2.06935109
v 226.47039247 31.21619049 2.19542871
v 226.47039247 32.69919662 2.33676233
v 226.47039247 34.08588725 2.49352155
v 226.47039247 35.38414543 2.66591093
v 226.47039247 36.60007864 2.85417691
v 226.47039247 37.73849453 3.05861652
v 226.47039247 38.80322649 3.27958825
v 226.47039247 39.79736316 3.51752613
v 226.47039247 40.72341434 3.77295776
v 226.47039247 41.58343349 4.04652802
v 226.47039247 42.37910981 4.33903050
v 226.47039247 43.11183864 4.65145013
v 226.47039247 43.78277588 4.98502218
v 226.47039247 44.39288075 5.34131591
v 226.47039247 44.94294941 5.72235676
v 226.47039247 45.43364190 6.13081140
v 227.79847955 -35.81238784 6.22812978
v 227.79847955 -35.32549049 5.82504647
v 227.79847955 -34.77967620 5.44901644
v 227.79847955 -34.17429005 5.09740811
v 227.79847955 -33.50854201 4.76822265
v 227.79847955 -32.78148030 4.45991145
v 227.79847955 -31.99195795 4.17125549
v 227.79847955 -31.13859041 3.90128278
v 227.79847955 -30.21970155 3.64921016
v 227.79847955 -29.23325379 3.41440125
v 227.79847955 -28.17675675 3.19633538
v 227.79847955 -27.04714566 2.99458423
v 227.79847955 -25.84061679 2.80879401
v 227.79847955 -24.55239968 2.63867162
v 227.79847955 -23.17643408 2.48397384
v 227.79847955 -21.70489790 2.34449881
v 227.79847955 -20.12749284 2.22007915
v 227.79847955 -18.43031568 2.11057659
v 227.79847955 -16.59397705 2.01587754
v 227.79847955 -14.59024456 1.93588961
v 227.79847955 -12.37548281 1.87053880
v 227.79847955 -9.87609002 1.81976733
v 227.79847955 -6.94918483 1.78353188
v 227.79847955 -3.23127046 1.76180240
v 227.79847955 4.70026833 1.75456119
v 227.79847955 12.63180728 1.76180240
v 227.79847955 16.34972164 1.78353188
v 227.79847955 19.27662684 1.81976733
v 227.79847955 21.77601963 1.87053880
v 227.79847955 23.99078137 1.93588961
v 227.79847955 25.99451386 2.01587754
v 227.79847955 27.83085249 2.11057659
v 227.79847955 29.52802966 2.22007915
v 227.79847955 31.10543471 2.34449881
v 227.79847955 32.57697089 2.48397384
v 227.79847955 33.95293650 2.63867162
v 227.79847955 35.24115360 2.80879401
v 227.79847955 36.44768247 2.99458423
v 227.79847955 37.57729356 3.19633538
v 227.79847955 38.63379061 3.41440125
v 227.79847955 39.62023836 3.64921016
v 227.79847955 40.53912722 3.90128278
v 227.79847955 41.39249476 4.17125549
v 227.79847955 42.18201711 4.45991145
v 227.79847955 42.90907882 4.76822265
v 227.79847955 43.57482686 5.09740811
v 227.79847955 44.18021302 5.44901644
v 227.79847955 44.72602730 5.82504647
v 227.79847955 45.21292465 6.22812978
v 229.11935575 -35.38148406 6.33072697
v 229.11935575 -34.89863247 5.93301663
v 229.11935575 -34.35735351 5.56199896
v 229.11935575 -33.75699768 5.21507744
v 229.11935575 -33.09678152 4.89027991
v 229.11935575 -32.37576116 4.58607840
v 229.11935575 -31.59279917 4.30127012
v 229.11935575 -30.74652250 4.03489605
v 229.11935575 -29.83526894 3.78618348
v 229.11935575 -28.85701785 3.55450449
v 229.11935575 -27.80929953 3.33934536
v 229.11935575 -26.68907469 3.14028349
v 229.11935575 -25.49257120 2.95696979
v 229.11935575 -24.21505824 2.78911507
v 229.11935575 -22.85052592 2.63647936
v 229.11935575 -21.39121714 2.49886348
v 229.11935575 -19.82691918 2.37610230
v 229.11935575 -18.14384432 2.26805937
v 229.11935575 -16.32276434 2.17462263
v 229.11935575 -14.33568142 2.09570091
v 229.11935575 -12.13932273 2.03122120
v 229.11935575 -9.66069809 1.98112649
v 229.11935575 -6.75811335 1.94537405
v 229.11935575 -3.07109216 1.92393422
v 229.11935575 4.79454129 1.91678953
v 229.11935575 12.66017489 1.92393422
v 229.11935575 16.34719608 1.94537405
v 229.11935575 19.24978081 1.98112649
v 229.11935575 21.72840546 2.03122120
v 229.11935575 23.92476414 2.09570091
v 229.11935575 25.91184706 2.17462263
v 229.11935575 27.73292705 2.26805937
v 229.11935575 29.41600191 2.37610230
v 229.11935575 30.98029987 2.49886348
v 229.11935575 32.43960865 2.63647936
v 229.11935575 33.80414097 2.78911507
v 229.11935575 35.08165393 2.95696979
v 229.11935575 36.27815742 3.14028349
v 229.11935575 37.39838226 3.33934536
v 229.11935575 38.44610057 3.55450449
v 229.11935575 39.42435166 3.78618348
v 229.11935575 40.33560523 4.03489605
v 229.11935575 41.18188190 4.30127012
v 229.11935575 41.96484389 4.58607840
v 229.11935575 42.68586424 4.89027991
v 229.11935575 43.34608040 5.21507744
v 229.11935575 43.94643624 5.56199896
v 229.11935575 44.48771520 5.93301663
v 229.11935575 44.97056679 6.33072697
v 230.43293416 -34.93272244 6.43794545
v 230.43293416 -34.45414421 6.04559942
v 230.43293416 -33.91765569 5.67958603
v 230.43293416 -33.32261315 5.33734379
v 230.43293416 -32.66824005 5.01692713
v 230.43293416 -31.95360090 4.71682868
v 230.43293416 -31.17756830 4.43586190
v 230.43293416 -30.33878138 4.17308068
v 230.43293416 -29.43559262 3.92772274
v 230.43293416 -28.46599928 3.69916864
v 230.43293416 -27.42755352 3.48691157
v 230.43293416 -26.31724293 3.29053465
v 230.43293416 -25.13132878 3.10969348
v 230.43293416 -23.86512211 2.94410278
v 230.43293416 -22.51266621 2.79352582
v 230.43293416 -21.06627266 2.65776611
v 230.43293416 -19.51581910 2.53666072
v 230.43293416 -17.84763985 2.43007508
v 230.43293416 -16.04267684 2.33789861
v 230.43293416 -14.07318007 2.26004138
v 230.43293416 -11.89625968 2.19643138
v 230.43293416 -9.43957144 2.14701235
v 230.43293416 -6.56267526 2.11174214
v 230.43293416 -2.90828507 2.09059148
v 230.43293416 4.88773569 2.08354316
v 230.43293416 12.68375660 2.09059148
v 230.43293416 16.33814679 2.11174214
v 230.43293416 19.21504297 2.14701235
v 230.43293416 21.67173121 2.19643138
v 230.43293416 23.84865161 2.26004138
v 230.43293416 25.81814838 2.33789861
v 230.43293416 27.62311138 2.43007508
v 230.43293416 29.29129063 2.53666072
v 230.43293416 30.84174419 2.65776611
v 230.43293416 32.28813774 2.79352582
v 230.43293416 33.64059364 2.94410278
v 230.43293416 34.90680031 3.10969348
v 230.43293416 36.09271446 3.29053465
v 230.43293416 37.20302505 3.48691157
v 230.43293416 38.24147082 3.69916864
v 230.43293416 39.21106416 3.92772274
v 230.43293416 40.11425291 4.17308068
v 230.43293416 40.95303983 4.43586190
v 230.43293416 41.72907243 4.71682868
v 230.43293416 42.44371159 5.01692713
v 230.43293416 43.09808468 5.33734379
v 230.43293416 43.69312722 5.67958603
v 230.43293416 44.22961574 6.04559942
v 230.43293416 44.70819398 6.43794545
v 231.73912953 -34.46825333 6.54914536
v 231.73912953 -33.99415357 6.16214503
v 231.73912953 -33.46268544 5.80111856
v 231.73912953 -32.87321122 5.46353936
v 231.73912953 -32.22496166 5.14748836
v 231.73912953 -31.51701001 4.85147874
v 231.73912953 -30.74823941 4.57434012
v 231.73912953 -29.91730174 4.31513928
v 231.73912953 -29.02256491 4.07312433
v 231.73912953 -28.06204489 3.84768427
v 231.73912953 -27.03331676 3.63831920
v 231.73912953 -25.93339631 3.44461790
v 231.73912953 -24.75857978 3.26624069
v 231.73912953 -23.50422210 3.10290616
v 231.73912953 -22.16442230 2.95438081
v 231.73912953 -20.73156390 2.82047081
v 231.73912953 -19.19561928 2.70101548
v 231.73912953 -17.54305062 2.59588206
v 231.73912953 -15.75497822 2.50496149
v 231.73912953 -13.80391173 2.42816507
v 231.73912953 -11.64736266 2.36542175
v 231.73912953 -9.21366378 2.31667605
v 231.73912953 -6.36368920 2.28188639
v 231.73912953 -2.74349630 2.26102392
v 231.73912953 4.97957036 2.25407163
v 231.73912953 12.70263716 2.26102392
v 231.73912953 16.32283006 2.28188639
v 231.73912953 19.17280464 2.31667605
v 231.73912953 21.60650352 2.36542175
v 231.73912953 23.76305259 2.42816507
v 231.73912953 25.71411908 2.50496149
v 231.73912953 27.50219149 2.59588206
v 231.73912953 29.15476014 2.70101548
v 231.73912953 30.69070476 2.82047081
v 231.73912953 32.12356317 2.95438081
v 231.73912953 33.46336296 3.10290616
v 231.73912953 34.71772064 3.26624069
v 231.73912953 35.89253717 3.44461790
v 231.73912953 36.99245762 3.63831920
v 231.73912953 38.02118576 3.84768427
v 231.73912953 38.98170577 4.07312433
v 231.73912953 39.87644261 4.31513928
v 231.73912953 40.70738028 4.57434012
v 231.73912953 41.47615087 4.85147874
v 231.73912953 42.18410252 5.14748836
v 231.73912953 42.83235208 5.46353936
v 231.73912953 43.42182630 5.80111856
v 231.73912953 43.95329443 6.16214503
v 231.73912953 44.42739420 6.54914536
v 233.03785821 -33.99016918 6.66370474
v 233.03785821 -33.52073112 6.28202184
v 233.03785821 -32.99448878 5.92595592
v 233.03785821 -32.41081071 5.59301509
v 233.03785821 -31.76893523 5.28130667
v 233.03785821 -31.06794468 4.98936427
v 233.03785821 -30.30673322 4.71603356
v 233.03785821 -29.48396595 4.46039418
v 233.03785821 -28.59802684 4.22170455
v 233.03785821 -27.64695137 3.99936206
v 233.03785821 -26.62833847 3.79287370
v 233.03785821 -25.53923326 3.60183388
v 233.03785821 -24.37596840 3.42590759
v 233.03785821 -23.13394451 3.26481729
v 233.03785821 -21.80731863 3.11833270
v 233.03785821 -20.38854916 2.98626264
v 233.03785821 -18.86770710 2.86844865
v 233.03785821 -17.23138773 2.76475977
v 233.03785821 -15.46089700 2.67508846
v 233.03785821 -13.52901485 2.59934723
v 233.03785821 -11.39367059 2.53746602
v 233.03785821 -8.98390166 2.48939009
v 233.03785821 -6.16195016 2.45507844
v 233.03785821 -2.57735371 2.43450262
v 233.03785821 5.06977397 2.42764586
v 233.03785821 12.71690180 2.43450262
v 233.03785821 16.30149825 2.45507844
v 233.03785821 19.12344974 2.48939009
v 233.03785821 21.53321868 2.53746602
v 233.03785821 23.66856294 2.59934723
v 233.03785821 25.60044508 2.67508846
v 233.03785821 27.37093582 2.76475977
v 233.03785821 29.00725518 2.86844865
v 233.03785821 30.52809725 2.98626264
v 233.03785821 31.94686671 3.11833270
v 233.03785821 33.27349260 3.26481729
v 233.03785821 34.51551649 3.42590759
v 233.03785821 35.67878134 3.60183388
v 233.03785821 36.76788655 3.79287370
v 233.03785821 37.78649946 3.99936206
v 233.03785821 38.73757493 4.22170455
v 233.03785821 39.62351404 4.46039418
v 233.03785821 40.44628131 4.71603356
v 233.03785821 41.20749277 4.98936427
v 233.03785821 41.90848332 5.28130667
v 233.03785821 42.55035880 5.59301509
v 233.03785821 43.13403686 5.92595592
v 233.03785821 43.66027920 6.28202184
v 233.03785821 44.12971727 6.66370474
v 234.32903821 -33.50050409 6.78101958
v 234.32903821 -33.03588966 6.40461652
v 234.32903821 -32.51505463 6.05347607
v 234.32903821 -31.93737406 5.72514084
v 234.32903821 -31.30209406 5.41774429
v 234.32903821 -30.60830642 5.12984034
v 234.32903821 -29.85491666 4.86029063
v 234.32903821 -29.04060360 4.60818753
v 234.32903821 -28.16376781 4.37279970
v 234.32903821 -27.22246496 4.15353289
v 234.32903821 -26.21431864 3.94990088
v 234.32903821 -25.13640435 3.76150373
v 234.32903821 -23.98509243 3.58801103
v 234.32903821 -22.75583075 3.42914911
v 234.32903821 -21.44283639 3.28469085
v 234.32903821 -20.03864525 3.15444772
v 234.32903821 -18.53343034 3.03826345
v 234.32903821 -16.91392471 2.93600891
v 234.32903821 -15.16162635 2.84757803
v 234.32903821 -13.24959495 2.77288453
v 234.32903821 -11.13619205 2.71185932
v 234.32903821 -8.75118430 2.66444843
v 234.32903821 -5.95822930 2.63061142
v 234.32903821 -2.41046577 2.61032022
v 234.32903821 5.15808512 2.60355831
v 234.32903821 12.72663616 2.61032022
v 234.32903821 16.27439969 2.63061142
v 234.32903821 19.06735469 2.66444843
v 234.32903821 21.45236245 2.71185932
v 234.32903821 23.56576534 2.77288453
v 234.32903821 25.47779675 2.84757803
v 234.32903821 27.23009510 2.93600891
v 234.32903821 28.84960074 3.03826345
v 234.32903821 30.35481564 3.15444772
v 234.32903821 31.75900678 3.28469085
v 234.32903821 33.07200114 3.42914911
v 234.32903821 34.30126282 3.58801103
v 234.32903821 35.45257474 3.76150373
v 234.32903821 36.53048903 3.94990088
v 234.32903821 37.53863535 4.15353289
v 234.32903821 38.47993820 4.37279970
v 234.32903821 39.35677399 4.60818753
v 234.32903821 40.17108705 4.86029063
v 234.32903821 40.92447681 5.12984034
v 234.32903821 41.61826445 5.41774429
v 234.32903821 42.25354445 5.72514084
v 234.32903821 42.83122502 6.05347607
v 234.32903821 43.35206005 6.40461652
v 234.32903821 43.81667448 6.78101958
v 235.61258924 -33.00123345 6.90050398
v 235.61258924 -32.54158386 6.52933416
v 235.61258924 -32.02631445 6.18307571
v 235.61258924 -31.45480693 5.85930541
v 235.61258924 -30.82631550 5.55618269
v 235.61258924 -30.13994164 5.27228154
v 235.61258924 -29.39460255 5.00647946
v 235.61258924 -28.58899120 4.75788141
v 235.61258924 -27.72152522 4.52576624
v 235.61258924 -26.79028108 4.30954796
v 235.61258924 -25.79290775 4.10874711
v 235.61258924 -24.72651199 3.92296929
v 235.61258924 -23.58750292 3.75188871
v 235.61258924 -22.37137706 3.59523549
v 235.61258924 -21.07241328 3.45278567
v 235.61258924 -19.68322725 3.32435335
v 235.61258924 -18.19409698 3.20978442
v 235.61258924 -16.59189729 3.10895155
v 235.61258924 -14.85832389 3.02175015
v 235.61258924 -12.96672434 2.94809514
v 235.61258924 -10.87590515 2.88791838
v 235.61258924 -8.51638344 2.84116665
v 235.61258924 -5.75327380 2.80780009
v 235.61258924 -2.24342146 2.78779100
v 235.61258924 5.24425234 2.78112310
v 235.61258924 12.73192628 2.78779100
v 235.61258924 16.24177862 2.80780009
v 235.61258924 19.00488826 2.84116665
v 235.61258924 21.36440997 2.88791838
v 235.61258924 23.45522916 2.94809514
v 235.61258924 25.34682871 3.02175015
v 235.61258924 27.08040211 3.10895155
v 235.61258924 28.68260180 3.20978442
v 235.61258924 30.17173207 3.32435335
v 235.61258924 31.56091810 3.45278567
v 235.61258924 32.85988188 3.59523549
v 235.61258924 34.07600774 3.75188871
v 235.61258924 35.21501681 3.92296929
v 235.61258924 36.28141257 4.10874711
v 235.61258924 37.27878590 4.30954796
v 235.61258924 38.21003004 4.52576624
v 235.61258924 39.07749602 4.75788141
v 235.61258924 39.88310737 5.00647946
v 235.61258924 40.62844646 5.27228154
v 235.61258924 41.31482032 5.55618269
v 235.61258924 41.94331175 5.85930541
v 235.61258924 42.51481927 6.18307571
v 235.61258924 43.03008868 6.52933416
v 235.61258924 43.48973826 6.90050398
v 236.88843268 -32.49427359 7.02159023
v 236.88843268 -32.03970993 6.65559835
v 236.88843268 -31.53014186 6.31417033
v 236.88843268 -30.96495795 5.99491673
v 236.88843268 -30.34342064 5.69602268
v 236.88843268 -29.66464136 5.41608205
v 236.88843268 -28.92754930 5.15398799
v 236.88843268 -28.13085186 4.90885797
v 236.88843268 -27.27298421 4.67998089
v 236.88843268 -26.35204408 4.46677892
v 236.88843268 -25.36570648 4.26877931
v 236.88843268 -24.31111015 4.08559316
v 236.88843268 -23.18470398 3.91689921
v 236.88843268 -21.98203429 3.76243136
v 236.88843268 -20.69744326 3.62196876
v 236.88843268 -19.32362828 3.49532811
v 236.88843268 -17.85097492 3.38235746
v 236.88843268 -16.26650322 3.28293124
v 236.88843268 -14.55211144 3.19694633
v 236.88843268 -12.68144203 3.12431883
v 236.88843268 -10.61375731 3.06498155
v 236.88843268 -8.28034321 3.01888203
v 236.88843268 -5.54780678 2.98598094
v 236.88843268 -2.07679021 2.96625099
v 236.88843268 5.32803408 2.95967611
v 236.88843268 12.73285852 2.96625099
v 236.88843268 16.20387509 2.98598094
v 236.88843268 18.93641152 3.01888203
v 236.88843268 21.26982562 3.06498155
v 236.88843268 23.33751035 3.12431883
v 236.88843268 25.20817976 3.19694633
v 236.88843268 26.92257153 3.28293124
v 236.88843268 28.50704323 3.38235746
v 236.88843268 29.97969659 3.49532811
v 236.88843268 31.35351158 3.62196876
v 236.88843268 32.63810260 3.76243136
v 236.88843268 33.84077229 3.91689921
v 236.88843268 34.96717847 4.08559316
v 236.88843268 36.02177479 4.26877931
v 236.88843268 37.00811239 4.46677892
v 236.88843268 37.92905252 4.67998089
v 236.88843268 38.78692017 4.90885797
v 236.88843268 39.58361761 5.15398799
v 236.88843268 40.32070968 5.41608205
v 236.88843268 40.99948896 5.69602268
v 236.88843268 41.62102627 5.99491673
v 236.88843268 42.18621018 6.31417033
v 236.88843268 42.69577824 6.65559835
v 236.88843268 43.15034190 7.02159023
v 238.15649161 -31.98148156 7.14372886
v 238.15649161 -31.53210537 6.78285127
v 238.15649161 -31.02835248 6.44619429
v 238.15649161 -30.46961844 6.13140187
v 238.15649161 -29.85517410 5.83668449
v 238.15649161 -29.18414103 5.56065569
v 238.15649161 -28.45546065 5.30222408
v 238.15649161 -27.66785510 5.06051945
v 238.15649161 -26.81977741 4.83484065
v 238.15649161 -25.90934704 4.62461792
v 238.15649161 -24.93426550 4.42938511
v 238.15649161 -23.89170420 4.24875876
v 238.15649161 -22.77815255 4.08242211
v 238.15649161 -21.58920770 3.93011275
v 238.15649161 -20.31927640 3.79161295
v 238.15649161 -18.96113936 3.66674195
v 238.15649161 -17.50529189 3.55534993
v 238.15649161 -15.93890215 3.45731307
v 238.15649161 -14.24407497 3.37252969
v 238.15649161 -12.39475360 3.30091707
v 238.15649161 -10.35066524 3.24240896
v 238.15649161 -8.04388002 3.19695362
v 238.15649161 -5.34252723 3.16451229
v 238.15649161 -1.91112182 3.14505804
v 238.15649161 5.40919878 3.13857504
v 238.15649161 12.72951952 3.14505804
v 238.15649161 16.16092493 3.16451229
v 238.15649161 18.86227772 3.19695362
v 238.15649161 21.16906295 3.24240896
v 238.15649161 23.21315130 3.30091707
v 238.15649161 25.06247267 3.37252969
v 238.15649161 26.75729985 3.45731307
v 238.15649161 28.32368959 3.55534993
v 238.15649161 29.77953706 3.66674195
v 238.15649161 31.13767410 3.79161295
v 238.15649161 32.40760540 3.93011275
v 238.15649161 33.59655025 4.08242211
v 238.15649161 34.71010191 4.24875876
v 238.15649161 35.75266320 4.42938511
v 238.15649161 36.72774474 4.62461792
v 238.15649161 37.63817512 4.83484065
v 238.15649161 38.48625280 5.06051945
v 238.15649161 39.27385835 5.30222408
v 238.15649161 40.00253874 5.56065569
v 238.15649161 40.67357180 5.83668449
v 238.15649161 41.28801614 6.13140187
v 238.15649161 41.84675019 6.44619429
v 238.15649161 42.35050307 6.78285127
v 238.15649161 42.79987926 7.14372886
v 239.41669086 -31.46465489 7.26638869
v 239.41669086 -31.02054878 6.91055370
v 239.41669086 -30.52270367 6.57860087
v 239.41669086 -29.97052220 6.26820709
v 239.41669086 -29.36328378 5.97760784
v 239.41669086 -28.70012028 5.70543603
v 239.41669086 -27.97998552 5.45061553
v 239.41669086 -27.20161665 5.21228827
v 239.41669086 -26.36348483 4.98976291
v 239.41669086 -25.46373156 4.78247765
v 239.41669086 -24.50008533 4.58997286
v 239.41669086 -23.46975071 4.41187042
v 239.41669086 -22.36925828 4.24785802
v 239.41669086 -21.19425682 4.09767690
v 239.41669086 -19.93921869 3.96111237
v 239.41669086 -18.59700926 3.83798622
v 239.41669086 -17.15823530 3.72815069
v 239.41669086 -15.61021545 3.63148372
v 239.41669086 -13.93526443 3.54788503
v 239.41669086 -12.10763104 3.47727306
v 239.41669086 -10.08751482 3.41958250
v 239.41669086 -7.80778250 3.37476231
v 239.41669086 -5.13810994 3.34277428
v 239.41669086 -1.74694647 3.32359187
v 239.41669086 5.48752479 3.31719945
v 239.41669086 12.72199619 3.32359187
v 239.41669086 16.11315965 3.34277428
v 239.41669086 18.78283222 3.37476231
v 239.41669086 21.06256453 3.41958250
v 239.41669086 23.08268076 3.47727306
v 239.41669086 24.91031414 3.54788503
v 239.41669086 26.58526517 3.63148372
v 239.41669086 28.13328501 3.72815069
v 239.41669086 29.57205898 3.83798622
v 239.41669086 30.91426841 3.96111237
v 239.41669086 32.16930654 4.09767690
v 239.41669086 33.34430800 4.24785802
v 239.41669086 34.44480043 4.41187042
v 239.41669086 35.47513504 4.58997286
v 239.41669086 36.43878128 4.78247765
v 239.41669086 37.33853455 4.98976291
v 239.41669086 38.17666637 5.21228827
v 239.41669086 38.95503524 5.45061553
v 239.41669086 39.67517000 5.70543603
v 239.41669086 40.33833350 5.97760784
v 239.41669086 40.94557192 6.26820709
v 239.41669086 41.49775339 6.57860087
v 239.41669086 41.99559849 6.91055370
v 239.41669086 42.43970461 7.26638869
v 240.66895698 -30.94553150 7.39036820
v 240.66895698 -30.50675973 7.03951312
v 240.66895698 -30.01489445 6.71220597
v 240.66895698 -29.46934546 6.40615616
v 240.66895698 -28.86940083 6.11962385
v 240.66895698 -28.21420286 5.85126108
v 240.66895698 -27.50271793 5.60000679
v 240.66895698 -26.73369836 5.36501493
v 240.66895698 -25.90563369 5.14560381
v 240.66895698 -25.01668773 4.94121951
v 240.66895698 -24.06461624 4.75140882
v 240.66895698 -23.04665740 4.57579893
v 240.66895698 -21.95938343 4.41408188
v 240.66895698 -20.79849540 4.26600255
v 240.66895698 -19.55853205 4.13134925
v 240.66895698 -18.23244444 4.00994624
v 240.66895698 -16.81095218 3.90164786
v 240.66895698 -15.28152624 3.80633374
v 240.66895698 -13.62669374 3.72390502
v 240.66895698 -11.82101281 3.65428127
v 240.66895698 -9.82516102 3.59739808
v 240.66895698 -7.57281151 3.55320515
v 240.66895698 -4.93520548 3.52166480
v 240.66895698 -1.58477466 3.50275085
v 240.66895698 5.56280039 3.49644789
v 240.66895698 12.71037559 3.50275085
v 240.66895698 16.06080640 3.52166480
v 240.66895698 18.69841243 3.55320515
v 240.66895698 20.95076195 3.59739808
v 240.66895698 22.94661373 3.65428127
v 240.66895698 24.75229466 3.72390502
v 240.66895698 26.40712716 3.80633374
v 240.66895698 27.93655311 3.90164786
v 240.66895698 29.35804537 4.00994624
v 240.66895698 30.68413297 4.13134925
v 240.66895698 31.92409633 4.26600255
v 240.66895698 33.08498436 4.41408188
v 240.66895698 34.17225832 4.57579893
v 240.66895698 35.19021717 4.75140882
v 240.66895698 36.14228865 4.94121951
v 240.66895698 37.03123461 5.14560381
v 240.66895698 37.85929929 5.36501493
v 240.66895698 38.62831886 5.60000679
v 240.66895698 39.33980378 5.85126108
v 240.66895698 39.99500175 6.11962385
v 240.66895698 40.59494638 6.40615616
v 240.66895698 41.14049537 6.71220597
v 240.66895698 41.63236066 7.03951312
v 240.66895698 42.07113243 7.39036820
v 241.91321830 -30.42578963 7.52195433
v 241.91321830 -29.99239872 7.17609562
v 241.91321830 -29.50656540 6.85344952
v 241.91321830 -28.96770673 6.55175803
v 241.91321830 -28.37511950 6.26930610
v 241.91321830 -27.72795652 6.00476497
v 241.91321830 -27.02519686 5.75708868
v 241.91321830 -26.26560814 5.52544323
v 241.91321830 -25.44769840 5.30915665
v 241.91321830 -24.56965399 5.10768290
v 241.91321830 -23.62925820 4.92057523
v 241.91321830 -22.62378305 4.74746612
v 241.91321830 -21.54984283 4.58805201
v 241.91321830 -20.40319130 4.44208142
v 241.91321830 -19.17843419 4.30934565
v 241.91321830 -17.86860901 4.18967149
v 241.91321830 -16.46454916 4.08291534
v 241.91321830 -14.95387927 3.98895855
v 241.91321830 -13.31934074 3.90770366
v 241.91321830 -11.53580371 3.83907139
v 241.91321830 -9.56442798 3.78299825
v 241.91321830 -7.33970006 3.73943466
v 241.91321830 -4.73444021 3.70834345
v 241.91321830 -1.42509727 3.68969885
v 241.91321830 5.63482378 3.68348565
v 241.91321830 12.69474497 3.68969885
v 241.91321830 16.00408791 3.70834345
v 241.91321830 18.60934777 3.73943466
v 241.91321830 20.83407568 3.78299825
v 241.91321830 22.80545141 3.83907139
v 241.91321830 24.58898845 3.90770366
v 241.91321830 26.22352698 3.98895855
v 241.91321830 27.73419686 4.08291534
v 241.91321830 29.13825671 4.18967149
v 241.91321830 30.44808189 4.30934565
v 241.91321830 31.67283901 4.44208142
v 241.91321830 32.81949053 4.58805201
v 241.91321830 33.89343076 4.74746612
v 241.91321830 34.89890590 4.92057523
v 241.91321830 35.83930170 5.10768290
v 241.91321830 36.71734611 5.30915665
v 241.91321830 37.53525584 5.52544323
v 241.91321830 38.29484457 5.75708868
v 241.91321830 38.99760423 6.00476497
v 241.91321830 39.64476720 6.26930610
v 241.91321830 40.23735444 6.55175803
v 241.91321830 40.77621311 6.85344952
v 241.91321830 41.26204642 7.17609562
v 241.91321830 41.69543733 7.52195433
v 243.14940490 -29.90704781 7.66146593
v 243.14940490 -29.47906713 7.32062313
v 243.14940490 -28.99929872 7.00265628
v 243.14940490 -28.46716689 6.70534015
v 243.14940490 -27.88197722 6.42698455
v 243.14940490 -27.24289310 6.16628000
v 243.14940490 -26.54890634 5.92219570
v 243.14940490 -25.79879994 5.69390976
v 243.14940490 -24.99110058 5.48075993
v 243.14940490 -24.12401723 5.28220810
v 243.14940490 -23.19536087 5.09781401
v 243.14940490 -22.20243757 4.92721546
v 243.14940490 -21.14190388 4.77011330
v 243.14940490 -20.00956657 4.62625968
v 243.14940490 -18.80009871 4.49544895
v 243.14940490 -17.50662473 4.37751039
v 243.14940490 -16.12009246 4.27230250
v 243.14940490 -14.62828102 4.17970835
v 243.14940490 -13.01414725 4.09963187
v 243.14940490 -11.25287499 4.03199496
v 243.14940490 -9.30610893 3.97673504
v 243.14940490 -7.10915340 3.93380324
v 243.14940490 -4.53641630 3.90316294
v 243.14940490 -1.26838553 3.88478873
v 243.14940490 5.70340301 3.87866564
v 243.14940490 12.67519169 3.88478873
v 243.14940490 15.94322245 3.90316294
v 243.14940490 18.51595955 3.93380324
v 243.14940490 20.71291508 3.97673504
v 243.14940490 22.65968114 4.03199496
v 243.14940490 24.42095340 4.09963187
v 243.14940490 26.03508717 4.17970835
v 243.14940490 27.52689861 4.27230250
v 243.14940490 28.91343088 4.37751039
v 243.14940490 30.20690486 4.49544895
v 243.14940490 31.41637272 4.62625968
v 243.14940490 32.54871003 4.77011330
v 243.14940490 33.60924372 4.92721546
v 243.14940490 34.60216702 5.09781401
v 243.14940490 35.53082338 5.28220810
v 243.14940490 36.39790673 5.48075993
v 243.14940490 37.20560609 5.69390976
v 243.14940490 37.95571249 5.92219570
v 243.14940490 38.64969925 6.16628000
v 243.14940490 39.28878337 6.42698455
v 243.14940490 39.87397304 6.70534015
v 243.14940490 40.40610487 7.00265628
v 243.14940490 40.88587328 7.32062313
v 243.14940490 41.31385396 7.66146593
v 244.37744867 -29.39086496 7.80824231
v 244.37744867 -28.96830735 7.47242561
v 244.37744867 -28.49461821 7.15914752
v 244.37744867 -27.96922917 6.86621564
v 244.37744867 -27.39145460 6.59196470
v 244.37744867 -26.76046850 6.33510452
v 244.37744867 -26.07527543 6.09461951
v 244.37744867 -25.33467384 5.86969988
v 244.37744867 -24.53720906 5.65969318
v 244.37744867 -23.68111277 5.46406921
v 244.37744867 -22.76422367 5.28239421
v 244.37744867 -21.78388198 5.11431132
v 244.37744867 -20.73678660 4.95952580
v 244.37744867 -19.61879746 4.81779345
v 244.37744867 -18.42465510 4.68891167
v 244.37744867 -17.14757109 4.57271225
v 244.37744867 -15.77860795 4.46905576
v 244.37744867 -14.30569967 4.37782701
v 244.37744867 -12.71201904 4.29893135
v 244.37744867 -10.97306435 4.23229181
v 244.37744867 -9.05096630 4.17784676
v 244.37744867 -6.88184900 4.13554803
v 244.37744867 -4.34171177 4.10535956
v 244.37744867 -1.11509114 4.08725630
v 244.37744867 5.76835594 4.08122350
v 244.37744867 12.65180314 4.08725630
v 244.37744867 15.87842378 4.10535956
v 244.37744867 18.41856101 4.13554803
v 244.37744867 20.58767830 4.17784676
v 244.37744867 22.50977636 4.23229181
v 244.37744867 24.24873104 4.29893135
v 244.37744867 25.84241167 4.37782701
v 244.37744867 27.31531996 4.46905576
v 244.37744867 28.68428309 4.57271225
v 244.37744867 29.96136711 4.68891167
v 244.37744867 31.15550946 4.81779345
v 244.37744867 32.27349860 4.95952580
v 244.37744867 33.32059398 5.11431132
v 244.37744867 34.30093567 5.28239421
v 244.37744867 35.21782478 5.46406921
v 244.37744867 36.07392106 5.65969318
v 244.37744867 36.87138584 5.86969988
v 244.37744867 37.61198744 6.09461951
v 244.37744867 38.29718050 6.33510452
v 244.37744867 38.92816660 6.59196470
v 244.37744867 39.50594118 6.86621564
v 244.37744867 40.03133021 7.15914752
v 244.37744867 40.50501935 7.47242561
v 244.37744867 40.92757697 7.80824231
v 245.59728330 -28.87424598 7.96172373
v 245.59728330 -28.45715976 7.63092687
v 245.59728330 -27.98960409 7.32233172
v 245.59728330 -27.47101794 7.03377862
v 245.59728330 -26.90072456 6.76362723
v 245.59728330 -26.27790865 6.51060663
v 245.59728330 -25.60158766 6.27371643
v 245.59728330 -24.87057560 6.05215894
v 245.59728330 -24.08343662 5.84529145
v 245.59728330 -23.23842532 5.65259170
v 245.59728330 -22.33340836 5.47363240
v 245.59728330 -21.36576042 5.30806204
v 245.59728330 -20.33222314 5.15559028
v 245.59728330 -19.22871004 5.01597657
v 245.59728330 -18.05002979 4.88902133
v 245.59728330 -16.78948183 4.77455888
v 245.59728330 -15.43824443 4.67245187
v 245.59728330 -13.98440779 4.58258681
v 245.59728330 -12.41136259 4.50487050
v 245.59728330 -10.69492440 4.43922710
v 245.59728330 -8.79771423 4.38559590
v 245.59728330 -6.65668330 4.34392946
v 245.59728330 -4.14943650 4.31419225
v 245.59728330 -0.96459509 4.29635960
v 245.59728330 5.82972311 4.29041698
v 245.59728330 12.62404144 4.29635960
v 245.59728330 15.80888285 4.31419225
v 245.59728330 18.31612965 4.34392946
v 245.59728330 20.45716058 4.38559590
v 245.59728330 22.35437075 4.43922710
v 245.59728330 24.07080894 4.50487050
v 245.59728330 25.64385413 4.58258681
v 245.59728330 27.09769077 4.67245187
v 245.59728330 28.44892818 4.77455888
v 245.59728330 29.70947613 4.88902133
v 245.59728330 30.88815639 5.01597657
v 245.59728330 31.99166948 5.15559028
v 245.59728330 33.02520677 5.30806204
v 245.59728330 33.99285471 5.47363240
v 245.59728330 34.89787166 5.65259170
v 245.59728330 35.74288297 5.84529145
v 245.59728330 36.53002194 6.05215894
v 245.59728330 37.26103401 6.27371643
v 245.59728330 37.93735499 6.51060663
v 245.59728330 38.56017091 6.76362723
v 245.59728330 39.13046428 7.03377862
v 245.59728330 39.64905043 7.32233172
v 245.59728330 40.11660610 7.63092687
v 245.59728330 40.53369232 7.96172373
v 246.80884429 -27.92098493 7.79588818
v 246.80884429 -27.45993588 7.49192566
v 246.80884429 -26.94856650 7.20770432
v 246.80884429 -26.38620947 6.94160844
v 246.80884429 -25.77206082 6.69238619
v 246.80884429 -25.10515169 6.45905218
v 246.80884429 -24.38431257 6.24082071
v 246.80884429 -23.60812761 6.03705871
v 246.80884429 -22.77487570 5.84725177
v 246.80884429 -21.88245318 5.67097901
v 246.80884429 -20.92827127 5.50789419
v 246.80884429 -19.90911695 5.35771133
v 246.80884429 -18.82096062 5.22019351
v 246.80884429 -17.65868317 5.09514412
v 246.80884429 -16.41567731 4.98239997
v 246.80884429 -15.08324407 4.88182579
v 246.80884429 -13.64963938 4.79330979
v 246.80884429 -12.09848508 4.71676015
v 246.80884429 -10.40593327 4.65210220
v 246.80884429 -8.53512515 4.59927611
v 246.80884429 -6.42388934 4.55823516
v 246.80884429 -3.95153401 4.52894437
v 246.80884429 -0.81101364 4.51137942
v 246.80884429 5.88875313 4.50552602
v 246.80884429 12.58852003 4.51137942
v 246.80884429 15.72904040 4.52894437
v 246.80884429 18.20139572 4.55823516
v 246.80884429 20.31263154 4.59927611
v 246.80884429 22.18343965 4.65210220
v 246.80884429 23.87599146 4.71676015
v 246.80884429 25.42714577 4.79330979
v 246.80884429 26.86075046 4.88182579
v 246.80884429 28.19318370 4.98239997
v 246.80884429 29.43618956 5.09514412
v 246.80884429 30.59846700 5.22019351
v 246.80884429 31.68662334 5.35771133
v 246.80884429 32.70577766 5.50789419
v 246.80884429 33.65995957 5.67097901
v 246.80884429 34.55238208 5.84725177
v 246.80884429 35.38563400 6.03705871
v 246.80884429 36.16181895 6.24082071
v 246.80884429 36.88265807 6.45905218
v 246.80884429 37.54956720 6.69238619
v 246.80884429 38.16371586 6.94160844
v 246.80884429 38.72607289 7.20770432
v 246.80884429 39.23744226 7.49192566
v 246.80884429 39.69849131 7.79588818
v 246.80884429 40.10977326 8.12171912
v 248.01206898 -27.36050256 7.96659052
v 248.01206898 -26.90631954 7.66721227
v 248.01206898 -26.40256559 7.38727749
v 248.01206898 -25.84858329 7.12519479
v 248.01206898 -25.24358067 6.87973124
v 248.01206898 -24.58660328 6.64991631
v 248.01206898 -23.87649904 6.43497614
v 248.01206898 -23.11187320 6.23428723
v 248.01206898 -22.29103024 6.04734291
v 248.01206898 -21.41189787 5.87372864
v 248.01206898 -20.47192583 5.71310342
v 248.01206898 -19.46794896 5.56518558
v 248.01206898 -18.39599768 5.42974176
v 248.01206898 -17.25102911 5.30657833
v 248.01206898 -16.02653435 5.19553456
v 248.01206898 -14.71394398 5.09647721
v 248.01206898 -13.30168882 5.00929619
v 248.01206898 -11.77363463 4.93390105
v 248.01206898 -10.10628865 4.87021824
v 248.01206898 -8.26334099 4.81818886
v 248.01206898 -6.18354613 4.77776689
v 248.01206898 -3.74800963 4.74891785
v 248.01206898 -0.65425854 4.73161781
v 248.01206898 5.94573393 4.72585269
v 248.01206898 12.54572652 4.73161781
v 248.01206898 15.63947761 4.74891785
v 248.01206898 18.07501411 4.77776689
v 248.01206898 20.15480897 4.81818886
v 248.01206898 21.99775663 4.87021824
v 248.01206898 23.66510261 4.93390105
v 248.01206898 25.19315680 5.00929619
v 248.01206898 26.60541195 5.09647721
v 248.01206898 27.91800233 5.19553456
v 248.01206898 29.14249709 5.30657833
v 248.01206898 30.28746566 5.42974176
v 248.01206898 31.35941694 5.56518558
v 248.01206898 32.36339381 5.71310342
v 248.01206898 33.30336584 5.87372864
v 248.01206898 34.18249822 6.04734291
v 248.01206898 35.00334118 6.23428723
v 248.01206898 35.76796702 6.43497614
v 248.01206898 36.47807126 6.64991631
v 248.01206898 37.13504864 6.87973124
v 248.01206898 37.74005127 7.12519479
v 248.01206898 38.29403356 7.38727749
v 248.01206898 38.79778752 7.66721227
v 248.01206898 39.25197053 7.96659052
v 248.01206898 39.65712758 8.28750737
v 249.20689658 -26.78121498 8.14225171
v 249.20689658 -26.33418147 7.84741923
v 249.20689658 -25.83835735 7.57173497
v 249.20689658 -25.29309554 7.31363173
v 249.20689658 -24.69761655 7.07189530
v 249.20689658 -24.05098096 6.84556987
v 249.20689658 -23.35205480 6.63389336
v 249.20689658 -22.59946529 6.43625170
v 249.20689658 -21.79154361 6.25214594
v 249.20689658 -20.92625007 6.08116783
v 249.20689658 -20.00107457 5.92298155
v 249.20689658 -19.01290178 5.77730969
v 249.20689658 -17.95782458 5.64392245
v 249.20689658 -16.83087950 5.52262913
v 249.20689658 -15.62566009 5.41327145
v 249.20689658 -14.33373181 5.31571819
v 249.20689658 -12.94370763 5.22986092
v 249.20689658 -11.43970725 5.15561058
v 249.20689658 -9.79860775 5.09289474
v 249.20689658 -7.98467080 5.04165537
v 249.20689658 -5.93761497 5.00184716
v 249.20689658 -3.54041739 4.97343617
v 249.20689658 -0.49536648 4.95639881
v 249.20689658 6.00073240 4.95072122
v 249.20689658 12.49683142 4.95639881
v 249.20689658 15.54188232 4.97343617
v 249.20689658 17.93907990 5.00184716
v 249.20689658 19.98613573 5.04165537
v 249.20689658 21.80007268 5.09289474
v 249.20689658 23.44117219 5.15561058
v 249.20689658 24.94517256 5.22986092
v 249.20689658 26.33519674 5.31571819
v 249.20689658 27.62712502 5.41327145
v 249.20689658 28.83234443 5.52262913
v 249.20689658 29.95928951 5.64392245
v 249.20689658 31.01436671 5.77730969
v 249.20689658 32.00253950 5.92298155
v 249.20689658 32.92771500 6.08116783
v 249.20689658 33.79300854 6.25214594
v 249.20689658 34.60093022 6.43625170
v 249.20689658 35.35351973 6.63389336
v 249.20689658 36.05244589 6.84556987
v 249.20689658 36.69908148 7.07189530
v 249.20689658 37.29456048 7.31363173
v 249.20689658 37.83982228 7.57173497
v 249.20689658 38.33564641 7.84741923
v 249.20689658 38.78267991 8.14225171
v 249.20689658 39.18145919 8.45829576
v 250.39326812 -26.18841931 8.32211603
v 250.39326812 -25.74874566 8.03180021
v 250.39326812 -25.26108465 7.76033927
v 250.39326812 -24.72479991 7.50619003
v 250.39326812 -24.13912474 7.26815686
v 250.39326812 -23.50313519 7.04529861
v 250.39326812 -22.81571599 6.83686486
v 250.39326812 -22.07551692 6.64225096
v 250.39326812 -21.28089666 6.46096560
v 250.39326812 -20.42984910 6.29260677
v 250.39326812 -19.51990547 6.13684381
v 250.39326812 -18.54800171 5.99340356
v 250.39326812 -17.51029505 5.86205974
v 250.39326812 -16.40190371 5.74262457
v 250.39326812 -15.21652673 5.63494218
v 250.39326812 -13.94586845 5.53888338
v 250.39326812 -12.57872929 5.45434139
v 250.39326812 -11.09949040 5.38122853
v 250.39326812 -9.48540956 5.31947345
v 250.39326812 -7.70133681 5.26901904
v 250.39326812 -5.68798321 5.22982068
v 250.39326812 -3.33025250 5.20184492
v 250.39326812 -0.33533457 5.18506857
v 250.39326812 6.05381414 5.17947796
v 250.39326812 12.44296298 5.18506857
v 250.39326812 15.43788091 5.20184492
v 250.39326812 17.79561161 5.22982068
v 250.39326812 19.80896522 5.26901904
v 250.39326812 21.59303796 5.31947345
v 250.39326812 23.20711881 5.38122853
v 250.39326812 24.68635769 5.45434139
v 250.39326812 26.05349686 5.53888338
v 250.39326812 27.32415514 5.63494218
v 250.39326812 28.50953212 5.74262457
v 250.39326812 29.61792345 5.86205974
v 250.39326812 30.65563012 5.99340356
v 250.39326812 31.62753387 6.13684381
v 250.39326812 32.53747751 6.29260677
v 250.39326812 33.38852507 6.46096560
v 250.39326812 34.18314533 6.64225096
v 250.39326812 34.92334439 6.83686486
v 250.39326812 35.61076360 7.04529861
v 250.39326812 36.24675314 7.26815686
v 250.39326812 36.83242831 7.50619003
v 250.39326812 37.36871306 7.76033927
v 250.39326812 37.85637406 8.03180021
v 250.39326812 38.29604772 8.32211603
v 250.39326812 38.68826159 8.63331847
v 251.57112653 -25.58720843 8.50545408
v 251.57112653 -25.15503464 8.21963486
v 251.57112653 -24.67569206 7.95237850
v 251.57112653 -24.14855515 7.70216568
v 251.57112653 -23.57287031 7.46781933
v 251.57112653 -22.94772935 7.24841285
v 251.57112653 -22.27203601 7.04320746
v 251.57112653 -21.54446311 6.85160787
v 251.57112653 -20.76339733 6.67313037
v 251.57112653 -19.92686677 6.50737920
v 251.57112653 -19.03244478 6.35402880
v 251.57112653 -18.07711956 6.21281025
v 251.57112653 -17.05711389 6.08350076
v 251.57112653 -15.96762927 5.96591548
v 251.57112653 -14.80247222 5.85990095
v 251.57112653 -13.55348858 5.76532997
v 251.57112653 -12.20966980 5.68209742
v 251.57112653 -10.75566348 5.61011698
v 251.57112653 -9.16911531 5.54931841
v 251.57112653 -7.41547493 5.49964547
v 251.57112653 -5.43646471 5.46105423
v 251.57112653 -3.11895171 5.43351179
v 251.57112653 -0.17512049 5.41699528
v 251.57112653 6.10504338 5.41149125
v 251.57112653 12.38520738 5.41699528
v 251.57112653 15.32903859 5.43351179
v 251.57112653 17.64655159 5.46105423
v 251.57112653 19.62556181 5.49964547
v 251.57112653 21.37920219 5.54931841
v 251.57112653 22.96575037 5.61011698
v 251.57112653 24.41975669 5.68209742
v 251.57112653 25.76357546 5.76532997
v 251.57112653 27.01255911 5.85990095
v 251.57112653 28.17771616 5.96591548
v 251.57112653 29.26720077 6.08350076
v 251.57112653 30.28720644 6.21281025
v 251.57112653 31.24253166 6.35402880
v 251.57112653 32.13695365 6.50737920
v 251.57112653 32.97348421 6.67313037
v 251.57112653 33.75455000 6.85160787
v 251.57112653 34.48212289 7.04320746
v 251.57112653 35.15781623 7.24841285
v 251.57112653 35.78295719 7.46781933
v 251.57112653 36.35864204 7.70216568
v 251.57112653 36.88577894 7.95237850
v 251.57112653 37.36512152 8.21963486
v 251.57112653 37.79729531 8.50545408
v 252.74041663 -24.98247213 8.69156273
v 252.74041663 -24.55787069 8.41022868
v 252.74041663 -24.08692692 8.14716619
v 252.74041663 -23.56902626 7.90087981
v 252.74041663 -23.00342829 7.67021090
v 252.74041663 -22.38924076 7.45424743
v 252.74041663 -21.72538659 7.25226219
v 252.74041663 -21.01056189 7.06366924
v 252.74041663 -20.24318157 6.88799247
v 252.74041663 -19.42130831 6.72484233
v 252.74041663 -18.54255795 6.57389836
v 252.74041663 -17.60397149 6.43489585
v 252.74041663 -16.60183788 6.30761554
v 252.74041663 -15.53144270 6.19187544
v 252.74041663 -14.38670098 6.08752453
v 252.74041663 -13.15960143 5.99443759
v 252.74041663 -11.83932841 5.91251116
v 252.74041663 -10.41079851 5.84166026
v 252.74041663 -8.85204908 5.78181576
v 252.74041663 -7.12913515 5.73292230
v 252.74041663 -5.18480022 5.69493665
v 252.74041663 -2.90789358 5.66782641
v 252.74041663 -0.01564279 5.65156908
v 252.74041663 6.15448303 5.64615143
v 252.74041663 12.32460896 5.65156908
v 252.74041663 15.21685975 5.66782641
v 252.74041663 17.49376639 5.69493665
v 252.74041663 19.43810132 5.73292230
v 252.74041663 21.16101525 5.78181576
v 252.74041663 22.71976468 5.84166026
v 252.74041663 24.14829458 5.91251116
v 252.74041663 25.46856760 5.99443759
v 252.74041663 26.69566715 6.08752453
v 252.74041663 27.84040887 6.19187544
v 252.74041663 28.91080405 6.30761554
v 252.74041663 29.91293766 6.43489585
v 252.74041663 30.85152412 6.57389836
v 252.74041663 31.73027448 6.72484233
v 252.74041663 32.55214774 6.88799247
v 252.74041663 33.31952806 7.06366924
v 252.74041663 34.03435276 7.25226219
v 252.74041663 34.69820693 7.45424743
v 252.74041663 35.31239447 7.67021090
v 252.74041663 35.87799243 7.90087981
v 252.74041663 36.39589309 8.14716619
v 252.74041663 36.86683686 8.41022868
v 252.74041663 37.29143830 8.69156273
v 253.90108513 -24.37889853 8.87976492
v 253.90108513 -23.96187714 8.60291286
v 253.90108513 -23.49934074 8.34404127
v 253.90108513 -22.99068572 8.10167852
v 253.90108513 -22.43518491 7.87468444
v 253.90108513 -21.83196195 7.66216152
v 253.90108513 -21.17995901 7.46339415
v 253.90108513 -20.47789547 7.27780572
v 253.90108513 -19.72421456 7.10492769
v 253.90108513 -18.91701351 6.94437672
v 253.90108513 -18.05395074 6.79583747
v 253.90108513 -17.13212008 6.65904944
v 253.90108513 -16.14787672 6.53379685
v 253.90108513 -15.09659041 6.41990063
v 253.90108513 -13.97228481 6.31721216
v 253.90108513 -12.76709164 6.22560820
v 253.90108513 -11.47038835 6.14498696
v 253.90108513 -10.06736079 6.07526479
v 253.90108513 -8.53643842 6.01637369
v 253.90108513 -6.84428223 5.96825917
v 253.90108513 -4.93465788 5.93087867
v 253.90108513 -2.69839895 5.90420033
v 253.90108513 0.14221891 5.88820200
v 253.90108513 6.20219463 5.88287066
v 253.90108513 12.26217047 5.88820200
v 253.90108513 15.10278834 5.90420033
v 253.90108513 17.33904726 5.93087867
v 253.90108513 19.24867161 5.96825917
v 253.90108513 20.94082780 6.01637369
v 253.90108513 22.47175018 6.07526479
v 253.90108513 23.87477774 6.14498696
v 253.90108513 25.17148102 6.22560820
v 253.90108513 26.37667419 6.31721216
v 253.90108513 27.50097979 6.41990063
v 253.90108513 28.55226610 6.53379685
v 253.90108513 29.53650946 6.65904944
v 253.90108513 30.45834012 6.79583747
v 253.90108513 31.32140289 6.94437672
v 253.90108513 32.12860394 7.10492769
v 253.90108513 32.88228486 7.27780572
v 253.90108513 33.58434840 7.46339415
v 253.90108513 34.23635133 7.66216152
v 253.90108513 34.83957429 7.87468444
v 253.90108513 35.39507511 8.10167852
v 253.90108513 35.90373012 8.34404127
v 253.90108513 36.36626652 8.60291286
v 253.90108513 36.78328791 8.87976492
v 255.05308065 -23.78097556 9.06940952
v 255.05308065 -23.37147991 8.79704412
v 255.05308065 -22.91729064 8.54236779
v 255.05308065 -22.41781502 8.30393276
v 255.05308065 -21.87233901 8.08061734
v 255.05308065 -21.28000206 7.87153857
v 255.05308065 -20.63976544 7.67599241
v 255.05308065 -19.95037164 7.49341162
v 255.05308065 -19.21029196 7.32333525
v 255.05308065 -18.41765800 7.16538616
v 255.05308065 -17.57017043 7.01925413
v 255.05308065 -16.66497551 6.88468288
v 255.05308065 -15.69849421 6.76146013
v 255.05308065 -14.66617986 6.64940971
v 255.05308065 -13.56216394 6.54838540
v 255.05308065 -12.37872020 6.45826598
v 255.05308065 -11.10541776 6.37895128
v 255.05308065 -9.72770982 6.31035903
v 255.05308065 -8.22441511 6.25242231
v 255.05308065 -6.56279628 6.20508753
v 255.05308065 -4.68763381 6.16831283
v 255.05308065 -2.49173135 6.14206683
v 255.05308065 0.29762354 6.12632777
v 255.05308065 6.24823841 6.12108283
v 255.05308065 12.19885339 6.12632777
v 255.05308065 14.98820827 6.14206683
v 255.05308065 17.18411074 6.16831283
v 255.05308065 19.05927321 6.20508753
v 255.05308065 20.72089204 6.25242231
v 255.05308065 22.22418675 6.31035903
v 255.05308065 23.60189469 6.37895128
v 255.05308065 24.87519712 6.45826598
v 255.05308065 26.05864087 6.54838540
v 255.05308065 27.16265678 6.64940971
v 255.05308065 28.19497114 6.76146013
v 255.05308065 29.16145243 6.88468288
v 255.05308065 30.06664735 7.01925413
v 255.05308065 30.91413493 7.16538616
v 255.05308065 31.70676889 7.32333525
v 255.05308065 32.44684857 7.49341162
v 255.05308065 33.13624237 7.67599241
v 255.05308065 33.77647899 7.87153857
v 255.05308065 34.36881593 8.08061734
v 255.05308065 34.91429195 8.30393276
v 255.05308065 35.41376757 8.54236779
v 255.05308065 35.86795684 8.79704412
v 255.05308065 36.27745249 9.06940952
v 256.19635374 -23.19264961 9.25987119
v 256.19635374 -22.79057078 8.99200457
v 256.19635374 -22.34460781 8.74153486
v 256.19635374 -21.85417874 8.50703817
v 256.19635374 -21.31858242 8.28741136
v 256.19635374 -20.73697392 8.08178604
v 256.19635374 -20.10833331 7.88946981
v 256.19635374 -19.43142585 7.70990479
v 256.19635374 -18.70475055 7.54263765
v 256.19635374 -17.92647282 7.38729749
v 256.19635374 -17.09433500 7.24357919
v 256.19635374 -16.20553504 7.11123072
v 256.19635374 -15.25655872 6.99004330
v 256.19635374 -14.24294171 6.87984367
v 256.19635374 -13.15892180 6.78048803
v 256.19635374 -11.99691267 6.69185715
v 256.19635374 -10.74667237 6.61385253
v 256.19635374 -9.39391757 6.54639325
v 256.19635374 -7.91785064 6.48941350
v 256.19635374 -6.28632716 6.44286057
v 256.19635374 -4.44512776 6.40669329
v 256.19635374 -2.28899763 6.38088081
v 256.19635374 0.44983627 6.36540172
v 256.19635374 6.29267320 6.36024341
v 256.19635374 12.13551024 6.36540172
v 256.19635374 14.87434414 6.38088081
v 256.19635374 17.03047427 6.40669329
v 256.19635374 18.87167368 6.44286057
v 256.19635374 20.50319715 6.48941350
v 256.19635374 21.97926409 6.54639325
v 256.19635374 23.33201889 6.61385253
v 256.19635374 24.58225919 6.69185715
v 256.19635374 25.74426832 6.78048803
v 256.19635374 26.82828822 6.87984367
v 256.19635374 27.84190523 6.99004330
v 256.19635374 28.79088155 7.11123072
v 256.19635374 29.67968152 7.24357919
v 256.19635374 30.51181934 7.38729749
v 256.19635374 31.29009706 7.54263765
v 256.19635374 32.01677237 7.70990479
v 256.19635374 32.69367983 7.88946981
v 256.19635374 33.32232043 8.08178604
v 256.19635374 33.90392893 8.28741136
v 256.19635374 34.43952525 8.50703817
v 256.19635374 34.92995433 8.74153486
v 256.19635374 35.37591730 8.99200457
v 256.19635374 35.77799613 9.25987119
v 257.33085688 -22.59633778 9.45055008
v 257.33085688 -22.20180582 9.18720148
v 257.33085688 -21.76421341 8.94095635
v 257.33085688 -21.28298950 8.71041484
v 257.33085688 -20.75744613 8.49449239
v 257.33085688 -20.18675420 8.29233528
v 257.33085688 -19.56991295 8.10326278
v 257.33085688 -18.90571079 7.92672642
v 257.33085688 -18.19267491 7.76228052
v 257.33085688 -17.42900517 7.60956042
v 257.33085688 -16.61248626 7.46826617
v 257.33085688 -15.74036874 7.33814997
v 257.33085688 -14.80920435 7.21900658
v 257.33085688 -13.81461256 7.11066565
v 257.33085688 -12.75093930 7.01298580
v 257.33085688 -11.61074065 6.92584983
v 257.33085688 -10.38396689 6.84916088
v 257.33085688 -9.05660280 6.78283942
v 257.33085688 -7.60824109 6.72682073
v 257.33085688 -6.00734070 6.68105299
v 257.33085688 -4.20069992 6.64549573
v 257.33085688 -2.08503955 6.62011862
v 257.33085688 0.60238746 6.60490061
v 257.33085688 6.33555652 6.59982931
v 257.33085688 12.06872569 6.60490061
v 257.33085688 14.75615270 6.62011862
v 257.33085688 16.87181307 6.64549573
v 257.33085688 18.67845384 6.68105299
v 257.33085688 20.27935423 6.72682073
v 257.33085688 21.72771594 6.78283942
v 257.33085688 23.05508004 6.84916088
v 257.33085688 24.28185379 6.92584983
v 257.33085688 25.42205244 7.01298580
v 257.33085688 26.48572570 7.11066565
v 257.33085688 27.48031750 7.21900658
v 257.33085688 28.41148188 7.33814997
v 257.33085688 29.28359941 7.46826617
v 257.33085688 30.10011831 7.60956042
v 257.33085688 30.86378805 7.76228052
v 257.33085688 31.57682393 7.92672642
v 257.33085688 32.24102609 8.10326278
v 257.33085688 32.85786735 8.29233528
v 257.33085688 33.42855927 8.49449239
v 257.33085688 33.95410265 8.71041484
v 257.33085688 34.43532656 8.94095635
v 257.33085688 34.87291896 9.18720148
v 257.33085688 35.26745093 9.45055008
v 258.45654449 -21.97701535 9.64087170
v 258.45654449 -21.59036444 9.38206704
v 258.45654449 -21.16151324 9.14007074
v 258.45654449 -20.68990211 8.91350711
v 258.45654449 -20.17485682 8.70131029
v 258.45654449 -19.61556486 8.50264130
v 258.45654449 -19.01104543 8.31683115
v 258.45654449 -18.36011116 8.14334084
v 258.45654449 -17.66131866 7.98173236
v 258.45654449 -16.91290375 7.83164737
v 258.45654449 -16.11269538 7.69279108
v 258.45654449 -15.25799900 7.56491997
v 258.45654449 -14.34543526 7.44783233
v 258.45654449 -13.37071111 7.34136077
v 258.45654449 -12.32828546 7.24536634
v 258.45654449 -11.21086306 7.15973385
v 258.45654449 -10.00859495 7.08436814
v 258.45654449 -8.70774587 7.01919101
v 258.45654449 -7.28831618 6.96413890
v 258.45654449 -5.71939487 6.91916086
v 258.45654449 -3.94884299 6.88421712
v 258.45654449 -1.87544438 6.85927788
v 258.45654449 0.75829943 6.84432245
v 258.45654449 6.37694450 6.83933865
v 258.45654449 11.99558968 6.84432245
v 258.45654449 14.62933349 6.85927788
v 258.45654449 16.70273209 6.88421712
v 258.45654449 18.47328398 6.91916086
v 258.45654449 20.04220528 6.96413890
v 258.45654449 21.46163498 7.01919101
v 258.45654449 22.76248406 7.08436814
v 258.45654449 23.96475217 7.15973385
v 258.45654449 25.08217457 7.24536634
v 258.45654449 26.12460022 7.34136077
v 258.45654449 27.09932437 7.44783233
v 258.45654449 28.01188811 7.56491997
v 258.45654449 28.86658448 7.69279108
v 258.45654449 29.66679286 7.83164737
v 258.45654449 30.41520777 7.98173236
v 258.45654449 31.11400027 8.14334084
v 258.45654449 31.76493454 8.31683115
v 258.45654449 32.36945397 8.50264130
v 258.45654449 32.92874593 8.70131029
v 258.45654449 33.44379122 8.91350711
v 258.45654449 33.91540234 9.14007074
v 258.45654449 34.34425354 9.38206704
v 258.45654449 34.73090446 9.64087170
v 259.57337295 -21.33544590 9.83028660
v 259.57337295 -20.95699904 9.57605816
v 259.57337295 -20.53724732 9.33834087
v 259.57337295 -20.07564297 9.11578336
v 259.57337295 -19.57152605 8.90733864
v 259.57337295 -19.02410130 8.71218254
v 259.57337295 -18.43240873 8.52965791
v 259.57337295 -17.79528616 8.35923527
v 259.57337295 -17.11132083 8.20048438
v 259.57337295 -16.37878599 8.05305321
v 259.57337295 -15.59555665 7.91665219
v 259.57337295 -14.75899545 7.79104212
v 259.57337295 -13.86579474 7.67602484
v 259.57337295 -12.91175256 7.57143592
v 259.57337295 -11.89144537 7.47713888
v 259.57337295 -10.79773274 7.39302055
v 259.57337295 -9.62097469 7.31898746
v 259.57337295 -8.34772737 7.25496281
v 259.57337295 -6.95841552 7.20088413
v 259.57337295 -5.42278402 7.15670140
v 259.57337295 -3.68980018 7.12237554
v 259.57337295 -1.66039551 7.09787728
v 259.57337295 0.91746481 7.08318630
v 259.57337295 6.41689194 7.07829062
v 259.57337295 11.91631918 7.08318630
v 259.57337295 14.49417951 7.09787728
v 259.57337295 16.52358417 7.12237554
v 259.57337295 18.25656801 7.15670140
v 259.57337295 19.79219952 7.20088413
v 259.57337295 21.18151136 7.25496281
v 259.57337295 22.45475868 7.31898746
v 259.57337295 23.63151674 7.39302055
v 259.57337295 24.72522937 7.47713888
v 259.57337295 25.74553655 7.57143592
v 259.57337295 26.69957873 7.67602484
v 259.57337295 27.59277944 7.79104212
v 259.57337295 28.42934064 7.91665219
v 259.57337295 29.21256998 8.05305321
v 259.57337295 29.94510482 8.20048438
v 259.57337295 30.62907015 8.35923527
v 259.57337295 31.26619272 8.52965791
v 259.57337295 31.85788529 8.71218254
v 259.57337295 32.40531004 8.90733864
v 259.57337295 32.90942696 9.11578336
v 259.57337295 33.37103132 9.33834087
v 259.57337295 33.79078303 9.57605816
v 259.57337295 34.16922989 9.83028660
v 260.68130061 -20.67416210 10.01827014
v 260.68130061 -20.30420706 9.76865617
v 260.68130061 -19.89387398 9.53525365
v 260.68130061 -19.44262738 9.31673575
v 260.68130061 -18.94982214 9.11207448
v 260.68130061 -18.41468082 8.92046062
v 260.68130061 -17.83626500 8.74124897
v 260.68130061 -17.21343857 8.57391965
v 260.68130061 -16.54482046 8.41805022
v 260.68130061 -15.82872267 8.27329506
v 260.68130061 -15.06306790 8.13936983
v 260.68130061 -14.24527796 8.01603969
v 260.68130061 -13.37211941 7.90311007
v 260.68130061 -12.43948460 7.80041953
v 260.68130061 -11.44207167 7.70783406
v 260.68130061 -10.37290042 7.62524256
v 260.68130061 -9.22254716 7.55255323
v 260.68130061 -7.97786972 7.48969068
v 260.68130061 -6.61973208 7.43659358
v 260.68130061 -5.11855798 7.39321280
v 260.68130061 -3.42445987 7.35950998
v 260.68130061 -1.44059219 7.33545639
v 260.68130061 1.07942457 7.32103206
v 260.68130061 6.45545229 7.31622524
v 260.68130061 11.83148012 7.32103206
v 260.68130061 14.35149688 7.33545639
v 260.68130061 16.33536456 7.35950998
v 260.68130061 18.02946267 7.39321280
v 260.68130061 19.53063677 7.43659358
v 260.68130061 20.88877441 7.48969068
v 260.68130061 22.13345185 7.55255323
v 260.68130061 23.28380511 7.62524256
v 260.68130061 24.35297636 7.70783406
v 260.68130061 25.35038929 7.80041953
v 260.68130061 26.28302410 7.90311007
v 260.68130061 27.15618265 8.01603969
v 260.68130061 27.97397259 8.13936983
v 260.68130061 28.73962736 8.27329506
v 260.68130061 29.45572515 8.41805022
v 260.68130061 30.12434326 8.57391965
v 260.68130061 30.74716969 8.74124897
v 260.68130061 31.32558552 8.92046062
v 260.68130061 31.86072683 9.11207448
v 260.68130061 32.35353207 9.31673575
v 260.68130061 32.80477867 9.53525365
v 260.68130061 33.21511175 9.76865617
v 260.68130061 33.58506679 10.01827014
v 261.78028777 -19.99601437 10.20432219
v 261.78028777 -19.63479932 9.95936654
v 261.78028777 -19.23416014 9.73031980
v 261.78028777 -18.79357399 9.51587991
v 261.78028777 -18.31241100 9.31503804
v 261.78028777 -17.78991212 9.12700011
v 261.78028777 -17.22516105 8.95113292
v 261.78028777 -16.61704856 8.78692632
v 261.78028777 -15.96422619 8.63396574
v 261.78028777 -15.26504582 8.49191201
v 261.78028777 -14.51747922 8.36048611
v 261.78028777 -13.71900912 8.23945757
v 261.78028777 -12.86647847 8.12863546
v 261.78028777 -11.95587664 8.02786134
v 261.78028777 -10.98202706 7.93700370
v 261.78028777 -9.93811439 7.85595353
v 261.78028777 -8.81493760 7.78462074
v 261.78028777 -7.59966499 7.72293134
v 261.78028777 -6.27361261 7.67082514
v 261.78028777 -4.80790294 7.62825394
v 261.78028777 -3.15382697 7.59518009
v 261.78028777 -1.21682708 7.57157538
v 261.78028777 1.24365566 7.55742024
v 261.78028777 6.49267765 7.55270313
v 261.78028777 11.74169974 7.55742024
v 261.78028777 14.20218248 7.57157538
v 261.78028777 16.13918237 7.59518009
v 261.78028777 17.79325834 7.62825394
v 261.78028777 19.25896801 7.67082514
v 261.78028777 20.58502039 7.72293134
v 261.78028777 21.80029300 7.78462074
v 261.78028777 22.92346979 7.85595353
v 261.78028777 23.96738246 7.93700370
v 261.78028777 24.94123204 8.02786134
v 261.78028777 25.85183387 8.12863546
v 261.78028777 26.70436452 8.23945757
v 261.78028777 27.50283462 8.36048611
v 261.78028777 28.25040122 8.49191201
v 261.78028777 28.94958158 8.63396574
v 261.78028777 29.60240396 8.78692632
v 261.78028777 30.21051645 8.95113292
v 261.78028777 30.77526751 9.12700011
v 261.78028777 31.29776640 9.31503804
v 261.78028777 31.77892939 9.51587991
v 261.78028777 32.21951554 9.73031980
v 261.78028777 32.62015472 9.95936654
v 261.78028777 32.98136977 10.20432219
v 262.87029674 -19.29861244 10.39020682
v 262.87029674 -18.94641937 10.14997684
v 262.87029674 -18.55578686 9.92534887
v 262.87029674 -18.12620513 9.71504595
v 262.87029674 -17.65706004 9.51807872
v 262.87029674 -17.14761149 9.33366841
v 262.87029674 -16.59696608 9.16119405
v 262.87029674 -16.00404228 9.00015531
v 262.87029674 -15.36752530 8.85014565
v 262.87029674 -14.68580820 8.71083241
v 262.87029674 -13.95691340 8.58194198
v 262.87029674 -13.17838651 8.46324832
v 262.87029674 -12.34714932 8.35456418
v 262.87029674 -11.45929139 8.25573419
v 262.87029674 -10.50976542 8.16662938
v 262.87029674 -9.49192632 8.08714283
v 262.87029674 -8.39680287 8.01718619
v 262.87029674 -7.21188384 7.95668690
v 262.87029674 -5.91895197 7.90558593
v 262.87029674 -4.48985099 7.86383601
v 262.87029674 -2.87708850 7.83140022
v 262.87029674 -0.98846862 7.80825090
v 262.87029674 1.41055920 7.79436883
v 262.87029674 6.52847757 7.78974272
v 262.87029674 11.64639604 7.79436883
v 262.87029674 14.04542385 7.80825090
v 262.87029674 15.93404374 7.83140022
v 262.87029674 17.54680623 7.86383601
v 262.87029674 18.97590721 7.90558593
v 262.87029674 20.26883908 7.95668690
v 262.87029674 21.45375810 8.01718619
v 262.87029674 22.54888156 8.08714283
v 262.87029674 23.56672066 8.16662938
v 262.87029674 24.51624663 8.25573419
v 262.87029674 25.40410456 8.35456418
v 262.87029674 26.23534175 8.46324832
v 262.87029674 27.01386864 8.58194198
v 262.87029674 27.74276344 8.71083241
v 262.87029674 28.42448054 8.85014565
v 262.87029674 29.06099751 9.00015531
v 262.87029674 29.65392132 9.16119405
v 262.87029674 30.20456673 9.33366841
v 262.87029674 30.71401528 9.51807872
v 262.87029674 31.18316037 9.71504595
v 262.87029674 31.61274210 9.92534887
v 262.87029674 32.00337461 10.14997684
v 262.87029674 32.35556767 10.39020682
v 263.95129181 -18.22894121 10.34456528
v 263.95129181 -17.84878620 10.12444781
v 263.95129181 -17.43072668 9.91836773
v 263.95129181 -16.97416495 9.72535558
v 263.95129181 -16.47838078 9.54464819
v 263.95129181 -15.94250474 9.37563709
v 263.95129181 -15.36548428 9.21783199
v 263.95129181 -14.74603990 9.07083450
v 263.95129181 -14.08260775 8.93431865
v 263.95129181 -13.37326330 8.80801632
v 263.95129181 -12.61561798 8.69170601
v 263.95129181 -11.80667616 8.58520423
v 263.95129181 -10.94263227 8.48835873
v 263.95129181 -10.01857440 8.40104313
v 263.95129181 -9.02803569 8.32315266
v 263.95129181 -7.96228553 8.25460074
v 263.95129181 -6.80914829 8.19531626
v 263.95129181 -5.55089532 8.14524139
v 263.95129181 -4.16012555 8.10432980
v 263.95129181 -2.59062043 8.07254532
v 263.95129181 -0.75265693 8.04986083
v 263.95129181 1.58202439 8.03625752
v 263.95129181 6.56267043 8.03172430
v 263.95129181 11.54331657 8.03625752
v 263.95129181 13.87799789 8.04986083
v 263.95129181 15.71596139 8.07254532
v 263.95129181 17.28546651 8.10432980
v 263.95129181 18.67623628 8.14524139
v 263.95129181 19.93448925 8.19531626
v 263.95129181 21.08762649 8.25460074
v 263.95129181 22.15337665 8.32315266
v 263.95129181 23.14391536 8.40104313
v 263.95129181 24.06797323 8.48835873
v 263.95129181 24.93201713 8.58520423
v 263.95129181 25.74095895 8.69170601
v 263.95129181 26.49860426 8.80801632
v 263.95129181 27.20794871 8.93431865
v 263.95129181 27.87138086 9.07083450
v 263.95129181 28.49082524 9.21783199
v 263.95129181 29.06784570 9.37563709
v 263.95129181 29.60372174 9.54464819
v 263.95129181 30.09950592 9.72535558
v 263.95129181 30.55606764 9.91836773
v 263.95129181 30.97412717 10.12444781
v 263.95129181 31.35428217 10.34456528
v 263.95129181 31.69702874 10.57997148
v 265.02323925 -17.48016024 10.54258412
v 265.02323925 -17.11098512 10.32705436
v 265.02323925 -16.70500025 10.12526942
v 265.02323925 -16.26162522 9.93628004
v 265.02323925 -15.78016060 9.75933898
v 265.02323925 -15.25976206 9.59385042
v 265.02323925 -14.69940747 9.43933431
v 265.02323925 -14.09785427 9.29540055
v 265.02323925 -13.45358379 9.16172999
v 265.02323925 -12.76472707 9.03806006
v 265.02323925 -12.02896454 8.92417390
v 265.02323925 -11.24338708 8.81989184
v 265.02323925 -10.40429905 8.72506481
v 265.02323925 -9.50693040 8.63956905
v 265.02323925 -8.54500104 8.56330197
v 265.02323925 -7.51003255 8.49617882
v 265.02323925 -6.39020094 8.43812996
v 265.02323925 -5.16828962 8.38909875
v 265.02323925 -3.81768894 8.34903985
v 265.02323925 -2.29351524 8.31791782
v 265.02323925 -0.50863696 8.29570612
v 265.02323925 1.75861263 8.28238633
v 265.02323925 6.59540453 8.27794759
v 265.02323925 11.43219653 8.28238633
v 265.02323925 13.69944612 8.29570612
v 265.02323925 15.48432440 8.31791782
v 265.02323925 17.00849810 8.34903985
v 265.02323925 18.35909878 8.38909875
v 265.02323925 19.58101010 8.43812996
v 265.02323925 20.70084170 8.49617882
v 265.02323925 21.73581020 8.56330197
v 265.02323925 22.69773955 8.63956905
v 265.02323925 23.59510821 8.72506481
v 265.02323925 24.43419624 8.81989184
v 265.02323925 25.21977370 8.92417390
v 265.02323925 25.95553623 9.03806006
v 265.02323925 26.64439294 9.16172999
v 265.02323925 27.28866343 9.29540055
v 265.02323925 27.89021663 9.43933431
v 265.02323925 28.45057122 9.59385042
v 265.02323925 28.97096976 9.75933898
v 265.02323925 29.45243438 9.93628004
v 265.02323925 29.89580940 10.12526942
v 265.02323925 30.30179427 10.32705436
v 265.02323925 30.67096940 10.54258412
v 266.08610736 -16.69790277 10.74336928
v 266.08610736 -16.34024090 10.53248934
v 266.08610736 -15.94691724 10.33505771
v 266.08610736 -15.51736949 10.15014558
v 266.08610736 -15.05092003 9.97702184
v 266.08610736 -14.54675085 9.81510353
v 266.08610736 -14.00387171 9.66392094
v 266.08610736 -13.42107880 9.52309240
v 266.08610736 -12.79690080 9.39230564
v 266.08610736 -12.12952706 9.27130376
v 266.08610736 -11.41671032 9.15987458
v 266.08610736 -10.65563221 9.05784230
v 266.08610736 -9.84271232 8.96506106
v 266.08610736 -8.97332938 8.88140978
v 266.08610736 -8.04139915 8.80678809
v 266.08610736 -7.03870761 8.74111305
v 266.08610736 -5.95379954 8.68431653
v 266.08610736 -4.76999525 8.63634312
v 266.08610736 -3.46151496 8.59714845
v 266.08610736 -1.98487478 8.56669784
v 266.08610736 -0.25566045 8.54496534
v 266.08610736 1.94088175 8.53193291
v 266.08610736 6.62683146 8.52758994
v 266.08610736 11.31278125 8.53193291
v 266.08610736 13.50932346 8.54496534
v 266.08610736 15.23853779 8.56669784
v 266.08610736 16.71517797 8.59714845
v 266.08610736 18.02365826 8.63634312
v 266.08610736 19.20746255 8.68431653
v 266.08610736 20.29237062 8.74111305
v 266.08610736 21.29506216 8.80678809
v 266.08610736 22.22699239 8.88140978
v 266.08610736 23.09637533 8.96506106
v 266.08610736 23.90929522 9.05784230
v 266.08610736 24.67037333 9.15987458
v 266.08610736 25.38319006 9.27130376
v 266.08610736 26.05056381 9.39230564
v 266.08610736 26.67474181 9.52309240
v 266.08610736 27.25753472 9.66392094
v 266.08610736 27.80041386 9.81510353
v 266.08610736 28.30458303 9.97702184
v 266.08610736 28.77103250 10.15014558
v 266.08610736 29.20058024 10.33505771
v 266.08610736 29.59390390 10.53248934
v 266.08610736 29.95156578 10.74336928
v 267.13986645 -15.87962711 10.94669284
v 267.13986645 -15.53404860 10.74052233
v 267.13986645 -15.15401313 10.54749979
v 267.13986645 -14.73897737 10.36671717
v 267.13986645 -14.28828658 10.19745968
v 267.13986645 -13.80115043 10.03915737
v 267.13986645 -13.27661210 9.89135103
v 267.13986645 -12.71350846 9.75366752
v 267.13986645 -12.11041790 9.62580152
v 267.13986645 -11.46559093 9.50750189
v 267.13986645 -10.77685623 9.39856117
v 267.13986645 -10.04149064 9.29880750
v 267.13986645 -9.25603471 9.20809828
v 267.13986645 -8.41602329 9.12631512
v 267.13986645 -7.51557771 9.05335990
v 267.13986645 -6.54676144 8.98915153
v 267.13986645 -5.49850626 8.93362341
v 267.13986645 -4.35469601 8.88672136
v 267.13986645 -3.09042186 8.84840199
v 267.13986645 -1.66366898 8.81863142
v 267.13986645 0.00712499 8.79738425
v 267.13986645 2.12945848 8.78464286
v 267.13986645 6.65709649 8.78039688
v 267.13986645 11.18473458 8.78464286
v 267.13986645 13.30706807 8.79738425
v 267.13986645 14.97786205 8.81863142
v 267.13986645 16.40461492 8.84840199
v 267.13986645 17.66888908 8.88672136
v 267.13986645 18.81269932 8.93362341
v 267.13986645 19.86095450 8.98915153
v 267.13986645 20.82977077 9.05335990
v 267.13986645 21.73021636 9.12631512
v 267.13986645 22.57022777 9.20809828
v 267.13986645 23.35568370 9.29880750
v 267.13986645 24.09104930 9.39856117
v 267.13986645 24.77978399 9.50750189
v 267.13986645 25.42461096 9.62580152
v 267.13986645 26.02770152 9.75366752
v 267.13986645 26.59080516 9.89135103
v 267.13986645 27.11534349 10.03915737
v 267.13986645 27.60247965 10.19745968
v 267.13986645 28.05317043 10.36671717
v 267.13986645 28.46820619 10.54749979
v 267.13986645 28.84824167 10.74052233
v 267.13986645 29.19382018 10.94669284
v 268.18448884 -14.68941254 10.97859832
v 268.18448884 -14.32334112 10.79077872
v 268.18448884 -13.92355549 10.61486910
v 268.18448884 -13.48942494 10.45017396
v 268.18448884 -13.02018817 10.29613870
v 268.18448884 -12.51492353 10.15231649
v 268.18448884 -11.97251063 10.01834424
v 268.18448884 -11.39158010 9.89392488
v 268.18448884 -10.77044672 9.77881402
v 268.18448884 -10.10701897 9.67280981
v 268.18448884 -9.39867373 9.57574501
v 268.18448884 -8.64207868 9.48748086
v 268.18448884 -7.83293274 9.40790217
v 268.18448884 -6.96557323 9.33691347
v 268.18448884 -6.03235525 9.27443584
v 268.18448884 -5.02261728 9.22040448
v 268.18448884 -3.92083532 9.17476667
v 268.18448884 -2.70301580 9.13748021
v 268.18448884 -1.32868768 9.10851210
v 268.18448884 0.28071445 9.08783765
v 268.18448884 2.32506468 9.07543971
v 268.18448884 6.68633866 9.07130818
v 268.18448884 11.04761272 9.07543971
v 268.18448884 13.09196295 9.08783765
v 268.18448884 14.70136509 9.10851210
v 268.18448884 16.07569320 9.13748021
v 268.18448884 17.29351272 9.17476667
v 268.18448884 18.39529468 9.22040448
v 268.18448884 19.40503265 9.27443584
v 268.18448884 20.33825063 9.33691347
v 268.18448884 21.20561014 9.40790217
v 268.18448884 22.01475609 9.48748086
v 268.18448884 22.77135114 9.57574501
v 268.18448884 23.47969638 9.67280981
v 268.18448884 24.14312413 9.77881402
v 268.18448884 24.76425750 9.89392488
v 268.18448884 25.34518804 10.01834424
v 268.18448884 25.88760093 10.15231649
v 268.18448884 26.39286557 10.29613870
v 268.18448884 26.86210234 10.45017396
v 268.18448884 27.29623289 10.61486910
v 268.18448884 27.69601853 10.79077872
v 268.18448884 28.06208994 10.97859832
v 268.18448884 28.39497048 11.17921149
v 269.21994887 -13.80267994 11.25987551
v 269.21994887 -13.45130876 11.07842521
v 269.21994887 -13.06757721 10.90848100
v 269.21994887 -12.65087992 10.74937096
v 269.21994887 -12.20048617 10.60055931
v 269.21994887 -11.71551131 10.46161437
v 269.21994887 -11.19487995 10.33218536
v 269.21994887 -10.63727769 10.21198528
v 269.21994887 -10.04108700 10.10077804
v 269.21994887 -9.40430034 9.99836861
v 269.21994887 -8.72439993 9.90459546
v 269.21994887 -7.99818727 9.81932450
v 269.21994887 -7.22153398 9.74244447
v 269.21994887 -6.38900480 9.67386312
v 269.21994887 -5.49326181 9.61350422
v 269.21994887 -4.52407162 9.56130516
v 269.21994887 -3.46653362 9.51721501
v 269.21994887 -2.29761776 9.48119299
v 269.21994887 -0.97847817 9.45320725
v 269.21994887 0.56629563 9.43323391
v 269.21994887 2.52855143 9.42125640
v 269.21994887 6.71469088 9.41726498
v 269.21994887 10.90083042 9.42125640
v 269.21994887 12.86308622 9.43323391
v 269.21994887 14.40786002 9.45320725
v 269.21994887 15.72699960 9.48119299
v 269.21994887 16.89591546 9.51721501
v 269.21994887 17.95345346 9.56130516
v 269.21994887 18.92264365 9.61350422
v 269.21994887 19.81838664 9.67386312
v 269.21994887 20.65091583 9.74244447
v 269.21994887 21.42756911 9.81932450
v 269.21994887 22.15378177 9.90459546
v 269.21994887 22.83368218 9.99836861
v 269.21994887 23.47046884 10.10077804
v 269.21994887 24.06665953 10.21198528
v 269.21994887 24.62426179 10.33218536
v 269.21994887 25.14489315 10.46161437
v 269.21994887 25.62986801 10.60055931
v 269.21994887 26.08026177 10.74937096
v 269.21994887 26.49695905 10.90848100
v 269.21994887 26.88069060 11.07842521
v 269.21994887 27.23206178 11.25987551
v 270.24622294 -12.53345040 11.40595021
v 270.24622294 -12.16665946 11.24297813
v 270.24622294 -11.76835812 11.09039574
v 270.24622294 -11.33784792 10.94768923
v 270.24622294 -10.87428327 10.81444464
v 270.24622294 -10.37663624 10.69032558
v 270.24622294 -9.84365047 10.57505682
v 270.24622294 -9.27377984 10.46841197
v 270.24622294 -8.66510543 10.37020399
v 270.24622294 -8.01522061 10.28027797
v 270.24622294 -7.32106809 10.19850533
v 270.24622294 -6.57870175 10.12477938
v 270.24622294 -5.78292627 10.05901164
v 270.24622294 -4.92672768 10.00112902
v 270.24622294 -4.00032436 9.95107148
v 270.24622294 -2.98947355 9.90879018
v 270.24622294 -1.87216186 9.87424600
v 270.24622294 -0.61125839 9.84740840
v 270.24622294 0.86531822 9.82825448
v 270.24622294 2.74094623 9.81676837
v 270.24622294 6.74228001 9.81294069
v 270.24622294 10.74361387 9.81676837
v 270.24622294 12.61924188 9.82825448
v 270.24622294 14.09581848 9.84740840
v 270.24622294 15.35672196 9.87424600
v 270.24622294 16.47403364 9.90879018
v 270.24622294 17.48488446 9.95107148
v 270.24622294 18.41128777 10.00112902
v 270.24622294 19.26748636 10.05901164
v 270.24622294 20.06326185 10.12477938
v 270.24622294 20.80562819 10.19850533
v 270.24622294 21.49978071 10.28027797
v 270.24622294 22.14966552 10.37020399
v 270.24622294 22.75833994 10.46841197
v 270.24622294 23.32821057 10.57505682
v 270.24622294 23.86119634 10.69032558
v 270.24622294 24.35884337 10.81444464
v 270.24622294 24.82240802 10.94768923
v 270.24622294 25.25291822 11.09039574
v 270.24622294 25.65121955 11.24297813
v 270.24622294 26.01801049 11.40595021
v 270.24622294 26.35386968 11.57995635
v 271.26328944 -11.56409388 11.76977160
v 271.26328944 -11.21523572 11.61471519
v 271.26328944 -10.83640773 11.46954383
v 271.26328944 -10.42694560 11.33376869
v 271.26328944 -9.98604508 11.20699588
v 271.26328944 -9.51272851 11.08890538
v 271.26328944 -9.00580094 10.97923531
v 271.26328944 -8.46379185 10.87777027
v 271.26328944 -7.88487613 10.78433233
v 271.26328944 -7.26676483 10.69877408
v 271.26328944 -6.60655011 10.62097320
v 271.26328944 -5.90047880 10.55082817
v 271.26328944 -5.14360957 10.48825482
v 271.26328944 -4.32927137 10.43318361
v 271.26328944 -3.44816084 10.38555739
v 271.26328944 -2.48673152 10.34532972
v 271.26328944 -1.42404630 10.31246338
v 271.26328944 -0.22478965 10.28692930
v 271.26328944 1.17959566 10.26870571
v 271.26328944 2.96352236 10.25777748
v 271.26328944 6.76922697 10.25413572
v 271.26328944 10.57493165 10.25777748
v 271.26328944 12.35885835 10.26870571
v 271.26328944 13.76324366 10.28692930
v 271.26328944 14.96250031 10.31246338
v 271.26328944 16.02518553 10.34532972
v 271.26328944 16.98661485 10.38555739
v 271.26328944 17.86772538 10.43318361
v 271.26328944 18.68206357 10.48825482
v 271.26328944 19.43893281 10.55082817
v 271.26328944 20.14500412 10.62097320
v 271.26328944 20.80521884 10.69877408
v 271.26328944 21.42333014 10.78433233
v 271.26328944 22.00224586 10.87777027
v 271.26328944 22.54425495 10.97923531
v 271.26328944 23.05118252 11.08890538
v 271.26328944 23.52449909 11.20699588
v 271.26328944 23.96539961 11.33376869
v 271.26328944 24.37486174 11.46954383
v 271.26328944 24.75368973 11.61471519
v 271.26328944 25.10254789 11.76977160
v 272.27112885 -10.20605504 12.02102568
v 272.27112885 -9.84792811 11.88411240
v 272.27112885 -9.46084103 11.75606082
v 272.27112885 -9.04403352 11.63649949
v 272.27112885 -8.59658132 11.52512657
v 272.27112885 -8.11735481 11.42169509
v 272.27112885 -7.60496380 11.32600189
v 272.27112885 -7.05768293 11.23787916
v 272.27112885 -6.47334831 11.15718790
v 272.27112885 -5.84921102 11.08381273
v 272.27112885 -5.18172297 11.01765790
v 272.27112885 -4.46621285 10.95864404
v 272.27112885 -3.69637416 10.90670554
v 272.27112885 -2.86341190 10.86178855
v 272.27112885 -1.95451988 10.82384923
v 272.27112885 -0.94990509 10.79285249
v 272.27112885 0.18381819 10.76877092
v 272.27112885 1.51146088 10.75158397
v 272.27112885 3.19790492 10.74127740
v 272.27112885 6.79564683 10.73784280
v 272.27112885 10.39338881 10.74127740
v 272.27112885 12.07983285 10.75158397
v 272.27112885 13.40747554 10.76877092
v 272.27112885 14.54119882 10.79285249
v 272.27112885 15.54581361 10.82384923
v 272.27112885 16.45470563 10.86178855
v 272.27112885 17.28766789 10.90670554
v 272.27112885 18.05750658 10.95864404
v 272.27112885 18.77301670 11.01765790
v 272.27112885 19.44050475 11.08381273
v 272.27112885 20.06464204 11.15718790
v 272.27112885 20.64897666 11.23787916
v 272.27112885 21.19625753 11.32600189
v 272.27112885 21.70864854 11.42169509
v 272.27112885 22.18787505 11.52512657
v 272.27112885 22.63532725 11.63649949
v 272.27112885 23.05213476 11.75606082
v 272.27112885 23.43922184 11.88411240
v 272.27112885 23.79734877 12.02102568
v 272.27112885 24.12714359 12.16726170
v 273.26972366 -9.12937793 12.46038268
v 273.26972366 -8.79338260 12.33256537
v 273.26972366 -8.43021682 12.21302104
v 273.26972366 -8.03916727 12.10140290
v 273.26972366 -7.61936683 11.99742915
v 273.26972366 -7.16975566 11.90086925
v 273.26972366 -6.68902951 11.81153353
v 273.26972366 -6.17556962 11.72926533
v 273.26972366 -5.62734585 11.65393488
v 273.26972366 -5.04177914 11.58543447
v 273.26972366 -4.41554066 11.52367471
v 273.26972366 -3.74424780 11.46858149
v 273.26972366 -3.02198377 11.42009359
v 273.26972366 -2.24049710 11.37816070
v 273.26972366 -1.38777299 11.34274192
v 273.26972366 -0.44524162 11.31380449
v 273.26972366 0.61841958 11.29132280
v 273.26972366 1.86401631 11.27527769
v 273.26972366 3.44624110 11.26565584
v 273.26972366 6.82164895 11.26244942
v 273.26972366 10.19705686 11.26565584
v 273.26972366 11.77928165 11.27527769
v 273.26972366 13.02487838 11.29132280
v 273.26972366 14.08853957 11.31380449
v 273.26972366 15.03107095 11.34274192
v 273.26972366 15.88379506 11.37816070
v 273.26972366 16.66528173 11.42009359
v 273.26972366 17.38754575 11.46858149
v 273.26972366 18.05883862 11.52367471
v 273.26972366 18.68507709 11.58543447
v 273.26972366 19.27064381 11.65393488
v 273.26972366 19.81886758 11.72926533
v 273.26972366 20.33232747 11.81153353
v 273.26972366 20.81305362 11.90086925
v 273.26972366 21.26266479 11.99742915
v 273.26972366 21.68246523 12.10140290
v 273.26972366 22.07351478 12.21302104
v 273.26972366 22.43668056 12.33256537
v 273.26972366 22.77267589 12.46038268
v 274.25905842 -7.65946382 12.81487978
v 274.25905842 -7.32207266 12.70465158
v 274.25905842 -6.95877669 12.60173188
v 274.25905842 -6.56877034 12.50586085
v 274.25905842 -6.15106900 12.41682590
v 274.25905842 -5.70446096 12.33445214
v 274.25905842 -5.22744237 12.25859514
v 274.25905842 -4.71812716 12.18913521
v 274.25905842 -4.17411931 12.12597306
v 274.25905842 -3.59232626 12.06902626
v 274.25905842 -2.96867642 12.01822648
v 274.25905842 -2.29767295 11.97351726
v 274.25905842 -1.57164999 11.93485222
v 274.25905842 -0.77944545 11.90219364
v 274.25905842 0.09619255 11.87551131
v 274.25905842 1.08436353 11.85478163
v 274.25905842 2.24155772 11.83998692
v 274.25905842 3.71148878 11.83111490
v 274.25905842 6.84733704 11.82815836
v 274.25905842 9.98318535 11.83111490
v 274.25905842 11.45311642 11.83998692
v 274.25905842 12.61031060 11.85478163
v 274.25905842 13.59848159 11.87551131
v 274.25905842 14.47411959 11.90219364
v 274.25905842 15.26632413 11.93485222
v 274.25905842 15.99234709 11.97351726
v 274.25905842 16.66335056 12.01822648
v 274.25905842 17.28700040 12.06902626
v 274.25905842 17.86879345 12.12597306
v 274.25905842 18.41280130 12.18913521
v 274.25905842 18.92211651 12.25859514
v 274.25905842 19.39913510 12.33445214
v 274.25905842 19.84574313 12.41682590
v 274.25905842 20.26344448 12.50586085
v 274.25905842 20.65345083 12.60173188
v 274.25905842 21.01674679 12.70465158
v 274.25905842 21.35413795 12.81487978
v 275.23911975 -6.11735554 13.23320208
v 275.23911975 -5.78429477 13.13980617
v 275.23911975 -5.42674658 13.05280667
v 275.23911975 -5.04380831 12.97201066
v 275.23911975 -4.63436909 12.89725945
v 275.23911975 -4.19705023 12.82842195
v 275.23911975 -3.73012262 12.76538957
v 275.23911975 -3.23138966 12.70807220
v 275.23911975 -2.69801616 12.65639504
v 275.23911975 -2.12626939 12.61029607
v 275.23911975 -1.51110998 12.56972406
v 275.23911975 -0.84551006 12.53463693
v 275.23911975 -0.11923651 12.50500045
v 275.23911975 0.68352679 12.48078720
v 275.23911975 1.58945754 12.46197576
v 275.23911975 2.65034459 12.44855009
v 275.23911975 3.99794108 12.44049906
v 275.23911975 6.87280932 12.43781610
v 275.23911975 9.74767760 12.44049906
v 275.23911975 11.09527410 12.44855009
v 275.23911975 12.15616115 12.46197576
v 275.23911975 13.06209190 12.48078720
v 275.23911975 13.86485519 12.50500045
v 275.23911975 14.59112875 12.53463693
v 275.23911975 15.25672867 12.56972406
v 275.23911975 15.87188808 12.61029607
v 275.23911975 16.44363485 12.65639504
v 275.23911975 16.97700835 12.70807220
v 275.23911975 17.47574131 12.76538957
v 275.23911975 17.94266891 12.82842195
v 275.23911975 18.37998778 12.89725945
v 275.23911975 18.78942699 12.97201066
v 275.23911975 19.17236527 13.05280667
v 275.23911975 19.52991346 13.13980617
v 275.23911975 19.86297422 13.23320208
v 276.20989630 -4.16504597 13.64449364
v 276.20989630 -3.82060065 13.57277797
v 276.20989630 -3.45231826 13.50642775
v 276.20989630 -3.05895869 13.44532662
v 276.20989630 -2.63896664 13.38937820
v 276.20989630 -2.19036632 13.33850250
v 276.20989630 -1.71060752 13.29263312
v 276.20989630 -1.19633274 13.25171503
v 276.20989630 -0.64300915 13.21570275
v 276.20989630 -0.04431533 13.18455892
v 276.20989630 0.60895321 13.15825316
v 276.20989630 1.33102273 13.13676114
v 276.20989630 2.14588933 13.12006384
v 276.20989630 3.10013602 13.10814704
v 276.20989630 4.31227212 13.10100083
v 276.20989630 6.89815860 13.09861940
v 276.20989630 9.48404513 13.10100083
v 276.20989630 10.69618123 13.10814704
v 276.20989630 11.65042792 13.12006384
v 276.20989630 12.46529452 13.13676114
v 276.20989630 13.18736404 13.15825316
v 276.20989630 13.84063258 13.18455892
v 276.20989630 14.43932640 13.21570275
v 276.20989630 14.99264999 13.25171503
v 276.20989630 15.50692477 13.29263312
v 276.20989630 15.98668357 13.33850250
v 276.20989630 16.43528389 13.38937820
v 276.20989630 16.85527594 13.44532662
v 276.20989630 17.24863551 13.50642775
v 276.20989630 17.61691790 13.57277797
v 276.20989630 17.96136322 13.64449364
v 276.20989630 18.28297066 13.72171562
v 277.17137879 -2.11281786 14.17597800
v 277.17137879 -1.76940264 14.12354715
v 277.17137879 -1.40273644 14.07553783
v 277.17137879 -1.01109432 14.03188141
v 277.17137879 -0.59224987 13.99252091
v 277.17137879 -0.14327188 13.95740912
v 277.17137879 0.33979693 13.92650699
v 277.17137879 0.86247537 13.89978249
v 277.17137879 1.43279926 13.87720953
v 277.17137879 2.06318856 13.85876723
v 277.17137879 2.77459260 13.84443929
v 277.17137879 3.60767983 13.83421348
v 277.17137879 4.66591259 13.82808132
v 277.17137879 6.92347243 13.82603782
v 277.17137879 9.18103232 13.82808132
v 277.17137879 10.23926508 13.83421348
v 277.17137879 11.07235230 13.84443929
v 277.17137879 11.78375635 13.85876723
v 277.17137879 12.41414565 13.87720953
v 277.17137879 12.98446953 13.89978249
v 277.17137879 13.50714798 13.92650699
v 277.17137879 13.99021679 13.95740912
v 277.17137879 14.43919477 13.99252091
v 277.17137879 14.85803922 14.03188141
v 277.17137879 15.24968135 14.07553783
v 277.17137879 15.61634755 14.12354715
v 277.17137879 15.95976277 14.17597800
v 278.12355999 1.93589355 14.71429778
v 278.12355999 2.40759799 14.69606132
v 278.12355999 2.92898143 14.68116197
v 278.12355999 3.51737069 14.66958657
v 278.12355999 4.20640187 14.66132525
v 278.12355999 5.08164680 14.65637114
v 278.12355999 6.94883319 14.65472021
v 278.12355999 8.81601962 14.65637114
v 278.12355999 9.69126455 14.66132525
v 278.12355999 10.38029573 14.66958657
v 278.12355999 10.96868499 14.68116197
v 278.12355999 11.49006843 14.69606132
v 278.12355999 11.96177287 14.71429778
v 8.66235229 -6.17314457 33.96650954
v 8.65616708 -6.06656515 33.96893390
v 8.61302976 -4.38539616 33.98326904
v 8.60697977 -4.16310583 33.98557481
v 8.59350733 -0.68214161 33.98966000
v 8.59128016 -0.13643249 33.99043828
v 8.60215055 3.37606791 33.98918973
v 8.60385042 3.88914176 33.98887417
v 8.64347746 5.62141462 33.97921489
v 8.64755838 5.78915198 33.97799143
v 8.72364992 7.28825525 33.95619122
v 8.72465136 7.30699502 33.95585844
v 9.62425707 -12.58903848 33.61845999
v 9.58010078 -12.45282389 33.63659923
v 9.39145415 -11.70909769 33.70601387
v 9.28946875 -11.31986424 33.74632618
v 9.18581953 -10.78978042 33.78223926
v 9.05669828 -10.15475396 33.83106235
v 9.00807873 -9.81420205 33.84677587
v 8.87542442 -8.92660172 33.89445080
v 8.85919203 -8.75819386 33.89929176
v 8.73671056 -7.52616664 33.94074111
v 8.74058441 -7.59030220 33.93952465
v 8.74026367 -7.58470107 33.93961188
v 8.73671056 7.44613352 33.95193008
v 8.84920664 8.63439529 33.91929844
v 8.87198305 8.80150189 33.91270018
v 9.02006409 9.85077025 33.86555731
v 9.09924206 10.26991928 33.84016713
v 9.24108146 11.00095112 33.79152459
v 9.43127165 11.76968953 33.72538402
v 9.51853652 12.11550465 33.69355893
v 10.54718765 -14.97496470 33.28173346
v 10.42296409 -14.71980876 33.32926368
v 10.21005786 -14.19702308 33.40388757
v 9.75377706 -12.99909058 33.56826644
v 9.95283958 -13.57885158 33.49894907
v 9.89736460 -13.41400976 33.51735256
v 9.75377706 12.87300924 33.60615919
v 9.86982510 13.21868428 33.56808621
v 9.96294204 13.44939750 33.53654502
v 10.32228760 14.33192467 33.41201130
v 11.77519577 -17.18416032 32.86005944
v 11.74261169 -17.13565175 32.87166471
v 11.33761684 -16.45094157 33.00705829
v 10.78005113 -15.46075376 33.19627267
v 11.00648002 -15.89741111 33.12179494
v 10.92054009 -15.72993874 33.14924827
v 10.78005113 15.28974055 33.24830702
v 10.87601075 15.47606108 33.21804242
v 11.09180277 15.83935010 33.14732082
v 11.58854923 16.67377559 32.98335921
v 12.77774508 -18.56988338 32.54677297
v 11.81551116 -17.24457174 32.84608052
v 12.69213237 -18.46257147 32.57437128
v 12.26689653 -17.86947938 32.70415643
v 11.81551116 17.01091733 32.90587779
v 12.49764533 17.95114384 32.70029499
v 12.86013355 -18.67348973 32.52077813
v 13.33867922 -19.23082927 32.38440615
v 12.86013355 18.40007225 32.58721785
v 13.67891926 19.34024064 32.36193668
v 14.54949567 -20.53577440 32.06102909
v 13.91389264 -19.90341969 32.22434990
v 13.92215305 -19.91238120 32.22230813
v 13.91742983 -19.90724668 32.22346223
v 13.91389264 19.58650351 32.29518696
v 14.43653957 20.09341970 32.16442617
v 15.89088663 -21.78522575 31.74726473
v 14.97676075 -20.96082606 31.95319342
v 15.59486500 -21.53104900 31.81534748
v 15.20354905 -21.16980707 31.90194629
v 14.97676075 20.61726081 32.02876114
v 15.27304137 20.88281771 31.96362491
v 16.04870819 -21.92059690 31.71146234
v 16.61731789 -22.37246243 31.59704116
v 16.04870819 21.52661114 31.78779594
v 16.81136970 22.10972344 31.63705913
v 18.14574933 -23.51714170 31.31979961
v 17.12970326 -22.77947765 31.49556419
v 17.95011332 -23.38160918 31.35430611
v 17.36733178 -22.95384189 31.45410207
v 17.12970326 22.35315964 31.57378030
v 17.53322035 22.63660798 31.50452372
v 18.21971223 -23.56828459 31.30691032
v 19.01274216 -24.03399802 31.15462565
v 18.21971223 23.08970814 31.38377438
v 18.55068116 23.27077907 31.31895060
v 19.31869939 -24.21277130 31.09595540
v 19.93330802 -24.52559035 30.96054054
v 19.31869939 23.69226203 31.16833049
v 19.94700740 23.99093289 31.02816228
v 20.42662705 -24.77667029 30.85041788
v 20.83092180 -25.00623129 30.79042128
v 20.42662705 24.21884795 30.92207839
v 21.50916283 24.81044048 30.76365509
v 22.47237894 -25.95773023 30.62267322
v 21.54345551 -25.41774275 30.68266360
v 21.96141047 -25.66926752 30.65616330
v 21.66664716 -25.49071213 30.67481171
v 21.54345551 24.82901313 30.75868452
v 21.59897656 24.86034104 30.75503141
v 22.66914312 -26.07021324 30.60896811
v 23.30826320 -26.39713519 30.57971126
v 22.66914312 25.42625282 30.68059617
v 23.28391415 25.71997677 30.64910125
v 23.80364626 -26.65429516 30.55588200
v 24.16470052 -26.81958539 30.54608994
v 23.80364626 25.96626216 30.62298869
v 24.94074380 26.44653460 30.58598807
v 25.95903636 -27.58537040 30.51408303
v 24.94691935 -27.18388007 30.52426487
v 25.39689584 -27.36814217 30.52015523
v 25.04255361 -27.22243208 30.52335100
v 24.94691935 26.44911588 30.58578893
v 24.96379859 26.45528909 30.58553357
v 26.09891487 -27.63998957 30.51218004
v 26.91289040 -27.91156553 30.51732089
v 26.09891487 26.84593264 30.56563278
v 26.43586455 26.94443160 30.56501351
v 27.25958337 -28.02878331 30.51908455
v 27.89792228 -28.20745582 30.53352051
v 27.25958337 27.18264234 30.56402972
v 27.85553047 27.32371032 30.57264240
v 28.42887347 -28.35860577 30.54561435
v 28.92016000 -28.46754817 30.56274889
v 28.42887347 27.45737162 30.58078020
v 29.20357008 27.59474468 30.60200925
v 29.60673188 -28.62325904 30.58769408
v 29.98882869 -28.68448301 30.60108457
v 29.60673188 27.66459581 30.61256609
v 30.48249678 27.76675702 30.63911166
v 30.79310342 -28.81719568 30.63099429
v 31.10730684 -28.85327478 30.63768579
v 30.79310342 27.80173678 30.64799228
v 31.72446282 27.86829801 30.66523776
v 31.98793102 -28.95786828 30.65830105
v 32.25945585 -28.97890140 30.66189161
v 31.98793102 27.88626386 30.66969902
v 32.95153567 27.91675634 30.67909673
v 33.19115571 -29.05332461 30.67546941
v 33.43629895 -29.06382325 30.67702786
v 33.19115571 27.92388841 30.68122544
v 34.17254642 27.92028682 30.68504668
v 34.40271670 -29.10609630 30.68371249
v 34.63610418 -29.11352228 30.68417147
v 34.40271670 27.91929989 30.68587935
v 35.39515651 27.90556436 30.68735909
v 35.62255133 -29.14523552 30.68626541
v 35.85309775 -29.15236384 30.68650246
v 35.62255133 27.90235598 30.68767603
v 36.62427997 27.88706773 30.68873812
v 36.85059510 -29.18345008 30.68761133
v 37.08013786 -29.19055460 30.68783165
v 36.85059510 27.88355958 30.68896031
v 37.86129616 27.86711182 30.68996122
v 38.08678170 -29.22194190 30.68887625
v 38.31545817 -29.22902032 30.68906529
v 38.08678170 27.86339181 30.69016799
v 39.10625778 27.84579900 30.69109448
v 39.33104302 -29.26067115 30.68997487
v 39.55931650 -29.26764719 30.68989173
v 39.33104302 27.84187438 30.69128504
v 40.35899785 27.82312000 30.69143801
v 40.58330914 -29.29912884 30.68957032
v 40.81238496 -29.30612012 30.68829844
v 40.58330914 27.81899498 30.69146847
v 41.62026453 27.79953655 30.68680149
v 41.84350839 -29.33784438 30.68269578
v 42.07380098 -29.34489526 30.68009937
v 41.84350839 27.79530797 30.68578552
v 42.88945733 27.77481894 30.67520384
v 43.11156732 -29.37695105 30.66855369
v 43.34337460 -29.38408783 30.66467220
v 43.11156732 27.77042418 30.67293982
v 44.16622821 27.74887586 30.65651534
v 44.38741076 -29.41652696 30.64736222
v 44.62099613 -29.42377320 30.64223102
v 44.38741076 27.74431030 30.65305012
v 45.45050291 27.72175976 30.63095105
v 45.67096179 -29.45665263 30.61935298
v 45.90654747 -29.46403126 30.61300687
v 45.67096179 27.71703451 30.62634435
v 46.74223754 27.69354121 30.59875381
v 46.96214179 -29.49741070 30.58477080
v 47.19990696 -29.50494396 30.57724527
v 46.96214179 27.68866771 30.59306356
v 48.04138783 27.66429328 30.56017859
v 48.26087047 -29.53888589 30.54387370
v 48.50094952 -29.54659532 30.53520612
v 48.26087047 27.65928346 30.55346193
v 49.34790907 27.63409151 30.51549255
v 49.56706584 -29.58116493 30.49693291
v 49.80954672 -29.58907127 30.48716366
v 49.56706584 27.62895798 30.50780674
v 50.66175605 27.60301388 30.46497510
v 50.88064425 -29.62433650 30.44423284
v 51.12556697 -29.63245960 30.43340634
v 50.88064425 27.59777005 30.45637838
v 51.98288301 27.57114079 30.40891792
v 52.20152045 -29.66849121 30.38607100
v 52.44887565 -29.67684986 30.37423668
v 52.20152045 27.56580103 30.39947031
v 53.31124355 27.53855506 30.34762500
v 53.52960753 -29.71372147 30.32275801
v 53.77933524 -29.72233328 30.30997107
v 53.52960753 27.53313480 30.33738898
v 54.64679055 27.50534188 30.28141267
v 54.86481701 -29.76012151 30.25461746
v 55.11680552 -29.76900265 30.24093961
v 54.86481701 27.49985765 30.27045377
v 55.98947614 27.47158880 30.21060959
v 56.20705882 -29.80778723 30.18198587
v 56.46114371 -29.81695224 30.16748585
v 56.20705882 27.46605833 30.19899694
v 57.33925156 27.43738569 30.13555682
v 57.55624133 -29.85681618 30.10521253
v 57.81220852 -29.86627594 30.08996451
v 57.55624133 27.43182790 30.12336349
v 58.69606649 27.40282448 30.05660756
v 58.91227137 -29.90729772 30.02464999
v 59.16999984 -29.91701972 30.00866609
v 58.91227137 27.39725961 30.04391097
v 60.05988752 27.36790140 29.97413483
v 60.27505426 -29.95908150 29.94034942
v 60.53512585 -29.96950215 29.92356594
v 60.27505426 27.36234037 29.96102647
v 61.43126135 27.32957800 29.88876218
v 61.64449383 -30.01431829 29.85218227
v 61.90815050 -30.02577997 29.83467628
v 61.64449383 27.32349146 29.87541993
v 62.80962347 27.28569486 29.80066513
v 63.02049241 -30.07447274 29.76100884
v 63.28801263 -30.08699949 29.74289511
v 63.02049241 27.27881740 29.78712614
v 64.19435975 27.23619421 29.71002086
v 64.40295089 -30.13951350 29.66756889
v 64.67398487 -30.15303655 29.64895137
v 64.40295089 27.22858741 29.69631227
v 65.58531052 27.18156792 29.61720855
v 65.79176873 -30.20908396 29.57231260
v 66.06585531 -30.22352005 29.55330762
v 65.79176873 27.17332812 29.60339037
v 66.98239685 27.12236196 29.52265252
v 67.18684398 -30.28280915 29.47569775
v 67.46341906 -30.29806038 29.45643280
v 67.18684398 27.11358363 29.50878475
v 68.38553932 27.05913891 29.42678886
v 68.58807329 -30.36029559 29.37818927
v 68.86722904 -30.37593567 29.35840353
v 68.58807329 27.04991519 29.41293179
v 69.79367235 26.99205619 29.32967936
v 69.99535197 -30.43944717 29.27862892
v 70.28053175 -30.45530141 29.25662252
v 69.99535197 26.98234365 29.31574028
v 71.20668248 26.92170582 29.22640071
v 71.40857397 -30.51863544 29.17006575
v 71.70451041 -30.53519098 29.14445717
v 71.40857397 26.91152661 29.21146018
v 72.62515370 26.84898734 29.11128578
v 72.82763193 -30.59887412 29.04798402
v 73.13599600 -30.61641283 29.01879149
v 72.82763193 26.83847047 29.09452867
v 74.04880468 26.77444435 28.98375468
v 74.25241718 -30.68078312 28.91383511
v 74.57303172 -30.69922888 28.88100504
v 74.25241718 26.76365142 28.96519119
v 75.47752195 26.69870684 28.84421495
v 75.68281981 -30.76396206 28.76811075
v 76.01528263 -30.78321218 28.73163341
v 75.68281981 26.68769695 28.82384023
v 76.91118416 26.62241574 28.69308616
v 77.11872865 -30.84799343 28.61131338
v 77.46242114 -30.86791894 28.57122767
v 77.11872865 26.61124977 28.67088367
v 78.34966883 26.54622533 28.53080223
v 78.56003130 -30.93244258 28.44395569
v 78.91412837 -30.95288931 28.40035246
v 78.56003130 26.53496747 28.50674458
v 79.79285242 26.47080279 28.35781112
v 80.00661417 -31.01685769 28.26656005
v 80.37009534 -31.03764815 28.21958419
v 80.00661417 26.45952215 28.33186102
v 81.24061044 26.39682776 28.17457454
v 81.45836251 -31.10076983 28.07965800
v 81.83002429 -31.12170574 28.02950910
v 81.45836251 26.38560004 28.14668581
v 82.69281750 26.32499190 27.98156764
v 82.91516042 -31.18369297 27.88378968
v 83.29362975 -31.20455855 27.83072144
v 82.91516042 26.31390111 27.95168629
v 84.14934744 26.25599838 27.77927871
v 84.37689086 -31.26512397 27.67950320
v 84.76063973 -31.28568995 27.62382161
v 84.37689086 26.24513872 27.74734410
v 85.61007344 26.19056141 27.56820881
v 85.84343574 -31.34454268 27.46735408
v 86.23079677 -31.36457080 27.40941442
v 85.84343574 26.18003911 27.53415486
v 87.07486814 26.12940573 27.34887140
v 87.31467586 -31.42141194 27.24790455
v 87.70385890 -31.44066012 27.18810732
v 87.31467586 26.11934105 27.31262798
v 88.54360378 26.07326615 27.12179200
v 88.79049099 -31.49517766 27.02172293
v 89.17960066 -31.51340559 26.96050874
v 88.79049099 26.06379537 27.08328632
v 90.01615235 26.02288697 26.88750782
v 90.27075991 -31.56526889 26.78938293
v 90.65781395 -31.58224398 26.72722652
v 90.27075991 26.01416448 26.84666590
v 91.49238573 25.97902152 26.64656732
v 91.75536039 -31.63109788 26.55146294
v 92.13830890 -31.64660150 26.48886639
v 91.75536039 25.97122195 26.60331563
v 92.97217592 25.94243165 26.39952986
v 93.24416923 -31.69206015 26.30854531
v 93.62091463 -31.70589410 26.24603061
v 93.24416923 25.93575200 26.35379697
v 94.45539516 25.91388719 26.14696523
v 94.73706233 -31.74753461 26.06121562
v 95.10548003 -31.75952756 25.99931662
v 94.73706233 25.90854902 26.09868361
v 95.94191617 25.89416545 25.88945329
v 96.23391466 -31.79688364 25.81006193
v 96.59187441 -31.80689751 25.74931591
v 96.23391466 25.89041710 25.83856115
v 97.43161236 25.88405072 25.62758350
v 97.73460031 -31.83945317 25.55567399
v 98.08109884 -31.84691193 25.49593932
v 97.73460031 25.88216946 25.57402674
v 98.92213724 25.88332681 25.36138573
v 99.23899254 -31.87253712 25.29668577
v 99.58317154 -31.87556556 25.23304442
v 99.23899254 25.88332237 25.30443380
v 100.39949003 25.88783780 25.08599963
v 100.74696377 -31.88760582 25.01919448
v 101.12074034 -31.89250728 24.94156673
v 100.74696377 25.88856129 25.02011214
v 101.86243672 25.90579582 24.79017873
v 102.25838564 -31.91076462 24.70774233
v 102.68741845 -31.92342244 24.61278292
v 102.25838564 25.91065604 24.70763821
v 103.32531265 25.94604594 24.47410362
v 103.77312901 -31.95931237 24.37505727
v 104.25535101 -31.98197263 24.26338838
v 103.77312901 25.95919323 24.37494331
v 104.79630395 26.01147059 24.14057264
v 105.29106402 -32.03477626 24.02607747
v 105.81816090 -32.06832572 23.89944660
v 105.29106402 26.03465156 24.02595859
v 106.27768162 26.10186704 23.79143681
v 106.81206009 -32.13594035 23.66313972
v 107.37434449 -32.18059278 23.52402994
v 106.81206009 26.13581450 23.66302023
v 107.77063549 26.21653523 23.42830359
v 108.33598597 -32.26149911 23.28852381
v 108.93327045 -32.31308606 23.13291945
v 108.33598597 26.26137594 23.28840740
v 109.25949076 26.34545921 23.04980839
v 109.86270975 -32.39806031 22.89317259
v 110.48939088 -32.46559224 22.72336070
v 109.86270975 26.39710854 22.89227790
v 110.77031579 26.50137493 22.64864050
v 111.39209892 -32.56894647 22.48070229
v 112.00246800 -32.64927768 22.31824034
v 111.39209892 26.56865350 22.48042957
v 112.32965677 26.69848486 22.23249552
v 112.92402035 -32.77702442 22.07451316
v 113.48199382 -32.85814314 21.92582798
v 112.92402035 26.77687931 22.07437957
v 113.92570679 26.92944629 21.80895889
v 114.45834038 -33.00716677 21.66718654
v 114.94706604 -33.08363315 21.53670206
v 114.45834038 27.00702921 21.66706137
v 115.54402906 27.18460802 21.37871805
v 115.99492479 -33.25544475 21.25848423
v 116.40045333 -33.32293025 21.15050868
v 115.99492479 27.25531581 21.25836831
v 117.18368548 27.46175087 20.94339560
v 117.53363887 -33.52025998 20.85035326
v 117.84200167 -33.57428558 20.76884873
v 117.53363887 27.52014043 20.85024713
v 118.84569111 27.75965653 20.50501609
v 119.07434745 -33.79994544 20.44469587
v 119.27165895 -33.83601087 20.39316108
v 119.07434745 27.79983580 20.44459979
v 120.53095291 28.07689731 20.06572674
v 122.10184391 -34.37960810 19.66238794
v 120.61691489 -34.09276072 20.04336877
v 121.42745986 -34.25210268 19.83591217
v 120.68946050 -34.10648055 20.02473153
v 120.61691489 28.09266134 20.04328282
v 121.42949646 28.25240998 19.83531043
v 122.16120517 -34.39121089 19.64711091
v 123.51121175 -34.65202411 19.30656337
v 122.16120517 28.39113631 19.64703738
v 122.23350540 28.40552368 19.62878402
v 123.70708187 -34.69111787 19.25710774
v 124.91099684 -34.92699554 18.96077917
v 123.70708187 28.69105106 19.25704277
v 123.95031841 28.74010234 19.19708184
v 125.25440821 -34.99646714 18.87610801
v 126.30159587 -35.20298797 18.62584333
v 125.25440821 28.99640773 18.87605103
v 125.68831088 29.08443022 18.77212102
v 126.80304712 -35.30505172 18.50569940
v 127.68346504 -35.47849938 18.30245851
v 126.80304712 29.30499926 18.50564979
v 127.44710204 29.43544913 18.35652660
v 128.35286119 -35.61455384 18.14740581
v 129.06388074 -35.74995062 17.98654310
v 128.35286119 29.61450780 18.14736288
v 129.20505765 29.77740288 17.95011752
v 129.90371280 -35.91537331 17.79609898
v 130.45404094 -36.01309783 17.66868150
v 129.90371280 29.90733471 17.78870886
v 130.90298552 30.08324779 17.54189167
v 131.45546407 -36.19850408 17.43723600
v 131.85820185 -36.26703602 17.34104343
v 131.45546407 30.17706694 17.40531762
v 132.54329468 30.37448582 17.12251509
v 133.00797693 -36.47240169 17.06764890
v 133.26720812 -36.51599140 17.00523841
v 133.00797693 30.45557948 17.00144387
v 134.17843818 30.68780281 16.69652004
v 136.07708908 -37.00561447 16.32848587
v 134.56111313 -36.74489377 16.69520494
v 135.68692664 -36.94103513 16.42342361
v 134.67173992 -36.76326212 16.66837857
v 134.56111313 30.76103275 16.59662589
v 135.82527479 31.03141777 16.26703104
v 136.11473431 -37.01210265 16.31931652
v 137.49017255 -37.23777576 15.98283973
v 136.11473431 31.09126321 16.19142435
v 137.48686247 31.40543082 15.83449513
v 137.66870197 -37.26834514 15.93912795
v 138.89767768 -37.46900733 15.63824355
v 137.66870197 31.44574356 15.78711827
v 139.16702227 31.81052538 15.40023876
v 139.22287755 -37.52452573 15.55855727
v 140.29949126 -37.69965935 15.29550991
v 139.22287755 31.82371136 15.38579642
v 139.82402714 31.97807660 15.23223222
v 140.77712245 -37.78104512 15.17870982
v 141.69557512 -37.93004866 14.95537548
v 140.77712245 32.21641530 14.98721170
v 140.85904100 32.23831050 14.96636869
v 142.33129803 -38.03826508 14.80065861
v 143.08588803 -38.16048144 14.61855553
v 142.33129803 32.62294602 14.59271002
v 142.56453095 32.68760397 14.53429410
v 143.88526569 -38.29654680 14.42548322
v 144.47037890 -38.39125483 14.28574891
v 143.88526569 33.04570545 14.20439412
v 144.28928114 33.16119275 14.10510594
v 145.43888687 -38.55624842 14.05426776
v 145.84898921 -38.62265566 13.95763637
v 145.43888687 33.48272970 13.82338543
v 146.03395562 33.65716290 13.68037041
v 146.99202307 -38.81772233 13.68809881
v 147.22165536 -38.85495922 13.63487902
v 146.99202307 33.93203148 13.45077718
v 147.79914667 34.17340213 13.26172888
v 149.96645358 -39.31111200 13.00143065
v 148.54453593 -39.08131234 13.32806323
v 148.90187866 -39.14226820 13.24682048
v 148.58831071 -39.08842793 13.31811690
v 148.54453593 34.39160163 13.08763711
v 149.58536128 34.70757861 12.85090202
v 150.09628720 -39.33255547 12.97124973
v 151.34539470 -39.53082668 12.68957077
v 150.09628720 34.85940973 12.73500927
v 151.39299999 35.25711568 12.44969217
v 151.64713881 -39.58074522 12.62094401
v 152.72003152 -39.75132892 12.38509491
v 151.64713881 35.33340332 12.39391466
v 153.05863784 35.76868328 12.09468459
v 153.19695288 -39.83041664 12.27934895
v 154.09033967 -39.97281147 12.08863716
v 153.19695288 35.80957836 12.06486594
v 153.21941254 35.81630848 12.06016819
v 154.74559179 -40.08180854 11.94753647
v 155.45629847 -40.19545291 11.80081634
v 154.74559179 36.26631934 11.74374207
v 155.03418418 36.35214809 11.68594884
v 156.29291813 -40.33514142 11.62657193
v 156.81789255 -40.41941679 11.52223554
v 156.29291813 36.72036179 11.43605655
v 156.86467090 36.88823058 11.32695968
v 157.83879483 -40.59061484 11.31751202
v 158.17678254 -40.64429928 11.25241134
v 157.83879483 37.16938960 11.14265841
v 158.70233940 37.41552346 10.98396339
v 160.92321773 -41.08862656 10.71558638
v 159.38308511 -40.84475924 11.01812083
v 160.89879311 -41.08500331 10.72045425
v 159.53968692 -40.86835702 10.98740783
v 159.38308511 37.60600742 10.85982992
v 160.49716033 37.90186287 10.64863945
v 160.92565255 -41.08900008 10.71509316
v 162.34340523 -41.30709658 10.42077432
v 160.92565255 38.01307963 10.56783917
v 162.23443434 38.35441922 10.30582040
v 162.46636113 -41.32689860 10.39508767
v 163.74612238 -41.54156787 10.13359856
v 162.46636113 38.41328441 10.25952555
v 163.97692645 38.82015308 9.95995452
v 164.00507521 -41.58683110 10.08018763
v 165.13104679 -41.78766677 9.85544941
v 164.00507521 38.82752725 9.95438540
v 164.19464082 38.88010308 9.91757783
v 165.54165962 -41.86394314 9.77268362
v 166.49861255 -42.04117725 9.58710154
v 165.54165962 39.23818980 9.65106735
v 165.72229966 39.28805135 9.61582195
v 167.07597965 -42.15257334 9.47400560
v 167.84963268 -42.29813016 9.32898139
v 167.07597965 39.65406160 9.35414409
v 167.48622705 39.76832395 9.27634824
v 168.60790108 -42.44689519 9.18541667
v 169.18501756 -42.55484102 9.08137174
v 168.60790108 40.07427457 9.06556107
v 169.27068455 40.25903898 8.94405937
v 170.13729025 -42.74089043 8.90801454
v 170.50576734 -42.80786650 8.84443685
v 170.13729025 40.49555906 8.78657415
v 171.07390286 40.75473006 8.62151997
v 173.11867691 -43.28185312 8.39941742
v 171.66401403 -43.02830539 8.64271835
v 172.65744073 -43.20665570 8.47820700
v 171.81298867 -43.05394963 8.61823364
v 171.66401403 40.91453993 8.51839193
v 172.89344129 41.24926769 8.31136232
v 173.18793991 -43.29349672 8.38728431
v 174.43669303 -43.47811149 8.18413765
v 173.18793991 41.32770654 8.26216110
v 174.62671501 41.70945935 8.03211335
v 174.70893598 -43.51971638 8.13869241
v 175.74993061 -43.65297942 7.97801373
v 174.70893598 41.72998508 8.01851005
v 174.72346553 41.73351214 8.01618817
v 176.22687099 -43.71632117 7.90241839
v 177.06069733 -43.80250682 7.78068315
v 176.22687099 42.09331326 7.78060277
v 176.51376839 42.15922043 7.73747368
v 177.74161436 -43.87593136 7.67849407
v 178.37184336 -43.92231039 7.59161671
v 177.74161436 42.43725069 7.55653008
v 178.29817920 42.55531541 7.47740817
v 179.25303623 -43.99066423 7.46655904
v 179.68723202 -44.00742625 7.40992564
v 179.25303623 42.75491942 7.34440321
v 180.03968293 42.90248854 7.23179645
v 180.76100746 -44.05256879 7.26552968
v 181.01094588 -44.05375853 7.23491641
v 180.76100746 43.03580433 7.13073451
v 181.70632211 43.21982717 6.99608995
v 183.70046760 -44.02443305 6.90707584
v 182.26539969 -44.06391027 7.07649248
v 183.02840680 -44.04693035 6.98782743
v 182.34467019 -44.06190575 7.06752484
v 182.26539969 43.32737852 6.91841462
v 183.34621861 43.56168146 6.78108489
v 183.76608534 -44.02232039 6.89882872
v 185.07972600 -43.94431780 6.75471230
v 183.76608534 43.65181885 6.72918874
v 184.97695574 43.93221274 6.59203111
v 185.26293767 -43.93373586 6.73374141
v 186.46429988 -43.83788180 6.60464514
v 185.26293767 43.99772355 6.56046568
v 186.59065090 44.31756589 6.41349161
v 186.75583077 -43.81524568 6.57218234
v 187.84939951 -43.71109910 6.45475267
v 186.75583077 44.35681226 6.39554052
v 188.20737601 44.72125217 6.24014916
v 188.24463961 -43.67439118 6.41094472
v 189.23377260 -43.56855505 6.30770600
v 188.24463961 44.73047780 6.23622275
v 188.61658598 44.82692468 6.19957604
v 189.72924009 -43.51672915 6.25438551
v 190.61693110 -43.41451532 6.16694166
v 189.72924009 45.10534672 6.08622224
v 189.82528387 45.12976565 6.07715604
v 191.20950901 -43.34774620 6.10677462
v 191.99823507 -43.25332783 6.03592930
v 191.20950901 45.47949642 5.95076928
v 191.45242247 45.54068990 5.93097633
v 192.68532414 -43.17284506 5.97228332
v 193.37702931 -43.08933807 5.91808360
v 192.68532414 45.84943215 5.83427690
v 193.09282478 45.94918603 5.80718768
v 194.15656426 -42.99734176 5.85498412
v 194.75264443 -42.92686709 5.81674724
v 194.15656426 46.20800350 5.73960873
v 194.74327321 46.34450694 5.71047374
v 195.62310914 -42.82646348 5.75885070
v 196.12437172 -42.77020225 5.73518473
v 195.62310914 46.54782067 5.66922493
v 196.39808440 46.71447442 5.64479103
v 197.08483958 -42.66536572 5.68777634
v 197.49111825 -42.62374521 5.67636587
v 197.08483958 46.86091922 5.62486809
v 198.04335556 47.04290528 5.61052567
v 198.54163749 -42.51946537 5.64469424
v 198.85309861 -42.49114616 5.63915824
v 198.54163749 47.13638926 5.60412046
v 199.66685594 47.31580064 5.59675197
v 199.99338583 -42.39080020 5.61640015
v 200.21630791 -42.36879266 5.61356921
v 199.99338583 47.36696920 5.59513324
v 201.26505796 47.52469155 5.59322866
v 201.43996870 -42.25070311 5.59494191
v 201.58852040 -42.23220173 5.59374652
v 201.43996870 47.54591111 5.59321787
v 202.83283308 47.66741222 5.59552427
v 202.88127135 -42.07319006 5.57983777
v 202.96880214 -42.06024932 5.57955569
v 202.88127135 47.67152726 5.59567999
v 203.55956413 47.70743850 5.59862931
v 205.74384425 -41.62139128 5.56927561
v 204.31718019 -41.86226643 5.57145272
v 205.59198935 -41.64744300 5.56965994
v 204.35415978 -41.85601651 5.57150314
v 204.31718019 47.74247868 5.59989504
v 204.36067434 47.74318293 5.59996317
v 205.74758282 -41.62074928 5.56925213
v 207.14031348 -41.35550625 5.57174405
v 205.74758282 47.76549613 5.60657018
v 205.85715223 47.76425664 5.60705480
v 207.17236807 -41.34938678 5.57168299
v 208.53568214 -41.06669955 5.57936266
v 207.17236807 47.74962393 5.61709067
v 207.33469789 47.74378864 5.61823015
v 208.59142603 -41.05509996 5.57947294
v 209.92865855 -40.75779906 5.59148058
v 208.59142603 47.69920458 5.63110915
v 208.79609250 47.68737756 5.63301565
v 210.00464803 -40.74082952 5.59188752
v 211.31805341 -40.43163692 5.60738137
v 210.00464803 47.61843466 5.64820268
v 210.24364727 47.60005595 5.65089315
v 211.41192671 -40.40942332 5.60815092
v 212.70279567 -40.09101145 5.62629255
v 211.41192671 47.51137409 5.66786530
v 211.67930961 47.48641283 5.67128627
v 212.81315602 -40.06363175 5.62744887
v 214.08244697 -39.73835714 5.64722282
v 212.81315602 47.38194087 5.68951473
v 213.10468205 47.35067341 5.69355137
v 214.20823127 -39.70592473 5.64874017
v 215.46060926 -39.37366446 5.66887536
v 214.20823127 47.23384520 5.71243243
v 214.52061374 47.19667723 5.71707655
v 215.59704911 -39.33727286 5.67063723
v 216.83813506 -38.99845902 5.69842014
v 215.59704911 47.07006405 5.73637748
v 215.92612720 47.02773669 5.74351207
v 216.97950759 -38.95968602 5.70116967
v 218.20848672 -38.61873827 5.73970813
v 216.97950759 46.89365037 5.76949422
v 217.32202998 46.84740820 5.77991719
v 218.35550617 -38.57776914 5.74389078
v 219.56881754 -38.23831116 5.79275481
v 218.35550617 46.70925180 5.81443248
v 218.71248169 46.65971743 5.82836262
v 219.72494574 -38.19443724 5.79858578
v 220.91818570 -37.85977120 5.85672934
v 219.72494574 46.52054694 5.87087170
v 220.09924883 46.46808195 5.88854040
v 221.08772863 -37.81201512 5.86449045
v 222.25589956 -37.48547136 5.93073274
v 221.08772863 46.33077961 5.93812983
v 221.48324815 46.27568942 5.95986150
v 222.44375867 -37.43274075 5.94082551
v 223.58147825 -37.11753905 6.01382413
v 222.44375867 46.14306089 6.01548531
v 222.86523274 46.08565505 6.04169720
v 223.79294118 -37.05872416 6.02675448
v 224.90720915 -36.75011645 6.10161058
v 223.79294118 45.96034113 6.10214934
v 224.24161929 45.90020575 6.13172315
v 225.13518299 -36.68670671 6.11619020
v 226.24444389 -36.36257620 6.19069446
v 225.13518299 45.78146309 6.19340712
v 225.60130794 45.71290198 6.22476204
v 226.47039247 -36.29620231 6.20507303
v 227.58600470 -35.94720772 6.28286888
v 226.47039247 45.58625261 6.28611019
v 226.94112335 45.50729664 6.31902325
v 227.79847955 -35.88033693 6.29689831
v 228.92214258 -35.50980039 6.38016062
v 227.79847955 45.36491893 6.38195704
v 228.26730043 45.27773625 6.41642306
v 229.11935575 -35.44434697 6.39402591
v 230.25063225 -35.05397997 6.48245165
v 229.11935575 45.12094030 6.48214349
v 229.58361250 45.02670088 6.51781650
v 230.43293416 -34.99064365 6.49599549
v 231.57085327 -34.58235346 6.58920315
v 230.43293416 44.85616710 6.58624773
v 230.89060585 44.75600705 6.62280353
v 231.73912953 -34.52154326 6.60232378
v 232.88229046 -34.09741745 6.69985883
v 231.73912953 44.57238630 6.69383407
v 232.18874452 44.46737246 6.73097573
v 233.03785821 -34.03927032 6.71250978
v 234.18452302 -33.60155219 6.81385265
v 233.03785821 44.27132178 6.80445531
v 233.47841836 44.16242794 6.84191671
v 234.32903821 -33.54596078 6.82603973
v 235.47721378 -33.09701881 6.93061540
v 234.32903821 43.95463516 6.91765536
v 234.75995042 43.84272774 6.95520294
v 235.61258924 -33.04366514 6.94239152
v 236.76009907 -32.58595894 7.04958029
v 235.61258924 43.62392688 7.03297172
v 236.03360379 43.50975809 7.07040480
v 236.88843268 -32.53435147 7.06103870
v 238.03297933 -32.07039619 7.17018760
v 236.88843268 43.28073762 7.14993812
v 237.29958786 43.16494447 7.18708793
v 238.15649161 -32.01990820 7.18145400
v 239.29687121 -31.55139874 7.29164374
v 238.15649161 42.92654973 7.26808690
v 238.55781223 42.80965149 7.30471365
v 239.41669086 -31.50175735 7.30273106
v 240.55797766 -31.02617684 7.41331034
v 239.41669086 42.56249188 7.38666052
v 239.80634239 42.44517903 7.42242620
v 240.66895698 -30.97958152 7.42365370
v 241.81660770 -30.49612879 7.54104795
v 240.66895698 42.18831796 7.50492260
v 241.04143446 42.07284927 7.54115572
v 241.91321830 -30.45515249 7.55060046
v 243.06470420 -29.96872555 7.67740370
v 241.91321830 41.80531549 7.62915042
v 242.26488247 41.69403921 7.66596539
v 243.14940490 -29.93270027 7.68644104
v 244.30509888 -29.44346701 7.82120039
v 243.14940490 41.41691554 7.76180623
v 243.48072350 41.30997399 7.79854589
v 244.37744867 -29.41262408 7.82938237
v 245.56789181 -28.89565443 7.96673141
v 244.37744867 41.02341264 7.90135143
v 244.68059209 40.92091578 7.93483319
v 245.59728330 -28.88279167 7.97000948
v 246.06810457 -28.66362902 8.02389909
v 245.59728330 40.61437590 8.03995302
v 245.84877802 40.52083340 8.06770669
v 246.80884429 -28.31385796 8.10713498
v 246.86671614 -28.28552764 8.11425786
v 246.80884429 40.16803804 8.17814878
v 246.99165644 40.09517771 8.19936897
v 248.01206898 -27.71833206 8.25002017
v 248.16086641 -27.64306215 8.26941801
v 248.01206898 39.69344149 8.32267076
v 248.12744338 39.64508635 8.33683386
v 249.20689658 -27.10782910 8.40110280
v 249.43368726 -26.99044153 8.43226320
v 249.20689658 39.19814299 8.47446013
v 249.26069448 39.17474755 8.48141594
v 250.39326812 -26.48809618 8.55989490
v 250.68384230 -26.33555824 8.60177470
v 251.51488687 38.18822526 8.78845354
v 250.39326812 38.68873236 8.63377511
v 250.43135908 38.67191600 8.63909159
v 250.39481186 38.68804384 8.63398448
v 251.57112653 -25.86452643 8.72584356
v 251.91050883 -25.68531258 8.77692740
v 251.57112653 38.16353962 8.79651485
v 252.64026669 37.68109205 8.95136704
v 252.74041663 -25.24220087 8.89835801
v 253.11322831 -25.04570822 8.95672154
v 252.74041663 37.63655150 8.96634087
v 253.76978007 37.17069645 9.12167061
v 253.90108513 -24.62592126 9.07682839
v 254.29196414 -24.42180230 9.14018665
v 253.90108513 37.11209320 9.14207078
v 254.90393274 36.66094173 9.29901708
v 255.05308065 -24.02007431 9.26050910
v 255.45780356 -23.80868416 9.32543911
v 255.05308065 36.59473069 9.32299400
v 256.01646914 36.15882374 9.47186293
v 256.19635374 -23.41854190 9.44070871
v 256.64423138 -23.17431749 9.50892927
v 256.19635374 36.07859346 9.50051365
v 257.08434567 35.65385741 9.63007472
v 257.33085688 -22.79518103 9.61004228
v 257.86422277 -22.48808320 9.68926690
v 257.33085688 35.53792524 9.66749757
v 258.12334922 35.13254067 9.77984659
v 258.45654449 -22.14256142 9.77402492
v 259.08914384 -21.76316090 9.86844526
v 258.45654449 34.96515211 9.82928348
v 259.15096789 34.59157658 9.92809356
v 259.57337295 -21.46892730 9.93803722
v 260.30061747 -21.01737650 10.04731639
v 259.57337295 34.36837910 9.99104645
v 260.17321246 34.03163559 10.07692762
v 260.68130061 -20.77791190 10.10238777
v 261.50506851 -20.24848996 10.22473731
v 260.68130061 33.75139015 10.15312077
v 261.18649683 33.45567590 10.22450243
v 261.78028777 -20.06934586 10.26407962
v 262.73344285 -19.42662957 10.39983601
v 261.78028777 33.11409640 10.31248040
v 262.17813319 32.86762857 10.36615920
v 262.87029674 -19.33323210 10.41858268
v 263.68126937 -18.75326675 10.53257005
v 262.87029674 32.44624904 10.46453342
v 263.13938276 32.26774976 10.50025804
v 263.95129181 -18.55672267 10.56969310
v 264.00820314 -18.51373691 10.57798653
v 264.99234079 31.01391859 10.76073208
v 263.95129181 31.73862764 10.61430405
v 264.83696410 31.12427788 10.73952629
v 264.07559694 31.65107376 10.63101742
v 265.02323925 -17.73566778 10.71952553
v 265.32963210 -17.49155633 10.76451811
v 265.02323925 30.99249371 10.76524278
v 265.86759068 30.35563947 10.88125014
v 266.08610736 -16.88007416 10.87077640
v 266.71531795 -16.33922033 10.95563839
v 266.08610736 30.19475978 10.91345443
v 266.70501708 29.68951266 10.99229016
v 267.13986645 -15.97038894 11.01092226
v 267.95806629 -15.20812076 11.12881293
v 267.13986645 29.34184813 11.05144777
v 267.50157903 29.02113066 11.10149455
v 268.18448884 -14.99034354 11.15995684
v 268.37506703 -14.79782119 11.19405784
v 268.96433457 27.67760098 11.33640521
v 268.18448884 28.42460310 11.20039472
v 268.43601015 28.19010313 11.24588337
v 268.25781287 28.35564636 11.21332533
v 269.21994887 -13.93950038 11.34286794
v 270.16241819 -12.94552788 11.55381879
v 269.21994887 27.43402487 11.38238211
v 269.66120350 26.98578856 11.47740824
v 270.24622294 -12.85409998 11.57207637
v 270.34827603 -12.73834342 11.59900253
v 271.01810380 25.56567090 11.80770873
v 270.24622294 26.40163616 11.60902511
v 270.58188559 26.04632012 11.69723910
v 270.35472736 26.28544198 11.63673355
v 271.26328944 -11.69414438 11.83717248
v 272.00207116 -10.81035486 12.06114582
v 271.26328944 25.30158579 11.87292637
v 271.66366735 24.83502211 11.98970748
v 272.27112885 -10.47829403 12.14174057
v 272.81176141 -9.77439534 12.32595544
v 272.89442069 23.35090646 12.38047062
v 272.27112885 24.14314007 12.17553251
v 272.35992007 24.03422142 12.20546379
v 272.30432590 24.10182072 12.18639034
v 273.26972366 -9.17498697 12.48050644
v 273.46873939 -8.89648056 12.55540187
v 274.01821372 21.85383242 12.78663000
v 273.26972366 22.88509831 12.50998606
v 273.74658585 22.23939327 12.68805844
v 273.47415070 22.60345878 12.58399648
v 274.25905842 -7.75969026 12.85272174
v 274.58653160 -7.24754291 12.98807900
v 275.00324355 20.37552663 13.18194708
v 274.25905842 21.52463074 12.87925183
v 274.79985189 20.70199738 13.10090323
v 274.52644366 21.10977369 12.98547750
v 275.23911975 -6.19965196 13.25981586
v 275.43305475 -5.85143350 13.34735502
v 275.81510573 -5.14981923 13.52304937
v 276.07469885 -4.66737245 13.64067465
v 275.82597450 18.95721372 13.54169711
v 275.23911975 20.01470314 13.28226957
v 275.58599120 19.40546228 13.43737562
v 275.43811909 19.65753294 13.36853626
v 276.20989630 -4.41003017 13.70331742
v 276.53106308 -3.68738076 13.86160121
v 276.74147744 -3.20817914 13.96981697
v 276.90725531 -2.81515185 14.05157107
v 277.03013376 16.42339190 14.12618995
v 276.98479231 16.54047941 14.10480646
v 276.76697179 17.01729240 13.99091046
v 276.61884667 17.37467277 13.92094260
v 276.49370563 17.63708162 13.85590749
v 276.20989630 18.28436673 13.72210193
v 276.21206820 18.27976256 13.72315906
v 276.21134805 18.28122120 13.72278786
v 277.17137879 -2.18244348 14.18830730
v 277.21748099 -2.03593572 14.21284574
v 277.22940619 -1.99873933 14.21980089
v 277.40508464 -1.39423915 14.31291296
v 277.45709709 -1.21974532 14.34341883
v 277.57188643 -0.78647803 14.40393825
v 277.64851236 -0.50625940 14.44909506
v 277.71997604 -0.20598938 14.48654151
v 277.80992557 0.15833128 14.53976400
v 277.85091776 0.35333337 14.56109780
v 277.94586127 0.78748861 14.61746533
v 277.96589171 0.89751745 14.62781423
v 278.05964389 1.39304817 14.68363206
v 278.06579452 1.43299222 14.68678594
v 278.08453628 12.41826724 14.70162171
v 278.08155704 12.44317110 14.70018453
v 277.99667865 12.88868960 14.64967424
v 277.98513659 12.96756508 14.64405294
v 277.89804321 13.36040767 14.59221217
v 277.87395687 13.49897791 14.58037485
v 277.78870854 13.83765481 14.52966302
v 277.74715632 14.04371627 14.50906767
v 277.66869937 14.32386023 14.46246618
v 277.60360725 14.60763860 14.42994807
v 277.53795920 14.82190706 14.39105159
v 277.44181981 15.19661985 14.34267853
v 277.39631091 15.33434670 14.31581008
v 277.17137879 16.09763383 14.20039219
v 277.25980703 15.81700624 14.24669370
v 277.24340125 15.86360578 14.23705328
v 278.12355999 1.79649076 14.72126005
v 278.13279523 1.94963104 14.72418302
v 278.13304063 1.95343617 14.72431756
v 278.15640111 2.45193611 14.73140520
v 278.15710218 2.46633543 14.73178934
v 278.17531749 2.99099618 14.73711020
v 278.17616264 3.01581758 14.73757252
v 278.18979769 3.58538069 14.74143240
v 278.19055698 3.62167094 14.74184578
v 278.20002856 4.26956592 14.74446998
v 278.20054793 4.32182918 14.74475204
v 278.20620992 5.12884140 14.74636772
v 278.20636002 5.24785471 14.74642985
v 278.20824094 6.95112204 14.74697301
v 278.20810010 7.07254515 14.74692301
v 278.20654562 8.77311938 14.74673326
v 278.20601046 8.82890808 14.74645325
v 278.20088629 9.63157212 14.74540260
v 278.20004574 9.67276100 14.74495694
v 278.19130637 10.31439893 14.74306882
v 278.19026298 10.34560463 14.74250929
v 278.17759691 10.90686023 14.73957418
v 278.17651655 10.92933566 14.73899108
v 278.15956761 11.44340179 14.73481302
v 278.15867885 11.45729673 14.73433116
v 278.12355999 12.17245635 14.72482005
v 278.13696765 11.94255369 14.72864910
v 278.13657207 11.94744780 14.72843388
f 1 2 13
f 1 13 12
f 2 3 14
f 2 14 13
f 3 4 15
f 3 15 14
f 4 5 16
f 4 16 15
f 5 6 17
f 5 17 16
f 6 18 17
f 7 8 25
f 7 25 24
f 8 9 26
f 8 26 25
f 9 10 27
f 9 27 26
f 10 11 28
f 10 28 27
f 11 12 29
f 11 29 28
f 12 13 30
f 12 30 29
f 13 14 31
f 13 31 30
f 14 15 32
f 14 32 31
f 15 16 33
f 15 33 32
f 16 17 34
f 16 34 33
f 17 18 35
f 17 35 34
f 18 19 36
f 18 36 35
f 19 20 37
f 19 37 36
f 20 21 38
f 20 38 37
f 21 39 38
f 22 23 44
f 22 44 43
f 23 24 45
f 23 45 44
f 24 25 46
f 24 46 45
f 25 26 47
f 25 47 46
f 26 27 48
f 26 48 47
f 27 28 49
f 27 49 48
f 28 29 50
f 28 50 49
f 29 30 51
f 29 51 50
f 30 31 52
f 30 52 51
f 31 32 53
f 31 53 52
f 32 33 54
f 32 54 53
f 33 34 55
f 33 55 54
f 34 35 56
f 34 56 55
f 35 36 57
f 35 57 56
f 36 37 58
f 36 58 57
f 37 38 59
f 37 59 58
f 38 39 60
f 38 60 59
f 39 40 61
f 39 61 60
f 40 62 61
f 41 42 66
f 41 66 65
f 42 43 67
f 42 67 66
f 43 44 68
f 43 68 67
f 44 45 69
f 44 69 68
f 45 46 70
f 45 70 69
f 46 47 71
f 46 71 70
f 47 48 72
f 47 72 71
f 48 49 73
f 48 73 72
f 49 50 74
f 49 74 73
f 50 51 75
f 50 75 74
f 51 52 76
f 51 76 75
f 52 53 77
f 52 77 76
f 53 54 78
f 53 78 77
f 54 55 79
f 54 79 78
f 55 56 80
f 55 80 79
f 56 57 81
f 56 81 80
f 57 58 82
f 57 82 81
f 58 59 83
f 58 83 82
f 59 60 84
f 59 84 83
f 60 61 85
f 60 85 84
f 61 62 86
f 61 86 85
f 62 63 87
f 62 87 86
f 63 88 87
f 64 65 90
f 64 90 89
f 65 66 91
f 65 91 90
f 66 67 92
f 66 92 91
f 67 68 93
f 67 93 92
f 68 69 94
f 68 94 93
f 69 70 95
f 69 95 94
f 70 71 96
f 70 96 95
f 71 72 97
f 71 97 96
f 72 73 98
f 72 98 97
f 73 74 99
f 73 99 98
f 74 75 100
f 74 100 99
f 75 76 101
f 75 101 100
f 76 77 102
f 76 102 101
f 77 78 103
f 77 103 102
f 78 79 104
f 78 104 103
f 79 80 105
f 79 105 104
f 80 81 106
f 80 106 105
f 81 82 107
f 81 107 106
f 82 83 108
f 82 108 107
f 83 84 109
f 83 109 108
f 84 85 110
f 84 110 109
f 85 86 111
f 85 111 110
f 86 87 112
f 86 112 111
f 87 88 113
f 87 113 112
f 88 114 113
f 89 90 117
f 89 117 116
f 90 91 118
f 90 118 117
f 91 92 119
f 91 119 118
f 92 93 120
f 92 120 119
f 93 94 121
f 93 121 120
f 94 95 122
f 94 122 121
f 95 96 123
f 95 123 122
f 96 97 124
f 96 124 123
f 97 98 125
f 97 125 124
f 98 99 126
f 98 126 125
f 99 100 127
f 99 127 126
f 100 101 128
f 100 128 127
f 101 102 129
f 101 129 128
f 102 103 130
f 102 130 129
f 103 104 131
f 103 131 130
f 104 105 132
f 104 132 131
f 105 106 133
f 105 133 132
f 106 107 134
f 106 134 133
f 107 108 135
f 107 135 134
f 108 109 136
f 108 136 135
f 109 110 137
f 109 137 136
f 110 111 138
f 110 138 137
f 111 112 139
f 111 139 138
f 112 113 140
f 112 140 139
f 113 114 141
f 113 141 140
f 115 116 144
f 115 144 143
f 116 117 145
f 116 145 144
f 117 118 146
f 117 146 145
f 118 119 147
f 118 147 146
f 119 120 148
f 119 148 147
f 120 121 149
f 120 149 148
f 121 122 150
f 121 150 149
f 122 123 151
f 122 151 150
f 123 124 152
f 123 152 151
f 124 125 153
f 124 153 152
f 125 126 154
f 125 154 153
f 126 127 155
f 126 155 154
f 127 128 156
f 127 156 155
f 128 129 157
f 128 157 156
f 129 130 158
f 129 158 157
f 130 131 159
f 130 159 158
f 131 132 160
f 131 160 159
f 132 133 161
f 132 161 160
f 133 134 162
f 133 162 161
f 134 135 163
f 134 163 162
f 135 136 164
f 135 164 163
f 136 137 165
f 136 165 164
f 137 138 166
f 137 166 165
f 138 139 167
f 138 167 166
f 139 140 168
f 139 168 167
f 140 141 169
f 140 169 168
f 141 170 169
f 142 143 172
f 142 172 171
f 143 144 173
f 143 173 172
f 144 145 174
f 144 174 173
f 145 146 175
f 145 175 174
f 146 147 176
f 146 176 175
f 147 148 177
f 147 177 176
f 148 149 178
f 148 178 177
f 149 150 179
f 149 179 178
f 150 151 180
f 150 180 179
f 151 152 181
f 151 181 180
f 152 153 182
f 152 182 181
f 153 154 183
f 153 183 182
f 154 155 184
f 154 184 183
f 155 156 185
f 155 185 184
f 156 157 186
f 156 186 185
f 157 158 187
f 157 187 186
f 158 159 188
f 158 188 187
f 159 160 189
f 159 189 188
f 160 161 190
f 160 190 189
f 161 162 191
f 161 191 190
f 162 163 192
f 162 192 191
f 163 164 193
f 163 193 192
f 164 165 194
f 164 194 193
f 165 166 195
f 165 195 194
f 166 167 196
f 166 196 195
f 167 168 197
f 167 197 196
f 168 169 198
f 168 198 197
f 169 170 199
f 169 199 198
f 171 172 202
f 171 202 201
f 172 173 203
f 172 203 202
f 173 174 204
f 173 204 203
f 174 175 205
f 174 205 204
f 175 176 206
f 175 206 205
f 176 177 207
f 176 207 206
f 177 178 208
f 177 208 207
f 178 179 209
f 178 209 208
f 179 180 210
f 179 210 209
f 180 181 211
f 180 211 210
f 181 182 212
f 181 212 211
f 182 183 213
f 182 213 212
f 183 184 214
f 183 214 213
f 184 185 215
f 184 215 214
f 185 186 216
f 185 216 215
f 186 187 217
f 186 217 216
f 187 188 218
f 187 218 217
f 188 189 219
f 188 219 218
f 189 190 220
f 189 220 219
f 190 191 221
f 190 221 220
f 191 192 222
f 191 222 221
f 192 193 223
f 192 223 222
f 193 194 224
f 193 224 223
f 194 195 225
f 194 225 224
f 195 196 226
f 195 226 225
f 196 197 227
f 196 227 226
f 197 198 228
f 197 228 227
f 198 199 229
f 198 229 228
f 199 230 229
f 200 201 232
f 200 232 231
f 201 202 233
f 201 233 232
f 202 203 234
f 202 234 233
f 203 204 235
f 203 235 234
f 204 205 236
f 204 236 235
f 205 206 237
f 205 237 236
f 206 207 238
f 206 238 237
f 207 208 239
f 207 239 238
f 208 209 240
f 208 240 239
f 209 210 241
f 209 241 240
f 210 211 242
f 210 242 241
f 211 212 243
f 211 243 242
f 212 213 244
f 212 244 243
f 213 214 245
f 213 245 244
f 214 215 246
f 214 246 245
f 215 216 247
f 215 247 246
f 216 217 248
f 216 248 247
f 217 218 249
f 217 249 248
f 218 219 250
f 218 250 249
f 219 220 251
f 219 251 250
f 220 221 252
f 220 252 251
f 221 222 253
f 221 253 252
f 222 223 254
f 222 254 253
f 223 224 255
f 223 255 254
f 224 225 256
f 224 256 255
f 225 226 257
f 225 257 256
f 226 227 258
f 226 258 257
f 227 228 259
f 227 259 258
f 228 229 260
f 228 260 259
f 229 230 261
f 229 261 260
f 231 232 263
f 231 263 262
f 232 233 264
f 232 264 263
f 233 234 265
f 233 265 264
f 234 235 266
f 234 266 265
f 235 236 267
f 235 267 266
f 236 237 268
f 236 268 267
f 237 238 269
f 237 269 268
f 238 239 270
f 238 270 269
f 239 240 271
f 239 271 270
f 240 241 272
f 240 272 271
f 241 242 273
f 241 273 272
f 242 243 274
f 242 274 273
f 243 244 275
f 243 275 274
f 244 245 276
f 244 276 275
f 245 246 277
f 245 277 276
f 246 247 278
f 246 278 277
f 247 248 279
f 247 279 278
f 248 249 280
f 248 280 279
f 249 250 281
f 249 281 280
f 250 251 282
f 250 282 281
f 251 252 283
f 251 283 282
f 252 253 284
f 252 284 283
f 253 254 285
f 253 285 284
f 254 255 286
f 254 286 285
f 255 256 287
f 255 287 286
f 256 257 288
f 256 288 287
f 257 258 289
f 257 289 288
f 258 259 290
f 258 290 289
f 259 260 291
f 259 291 290
f 260 261 292
f 260 292 291
f 262 263 294
f 262 294 293
f 263 264 295
f 263 295 294
f 264 265 296
f 264 296 295
f 265 266 297
f 265 297 296
f 266 267 298
f 266 298 297
f 267 268 299
f 267 299 298
f 268 269 300
f 268 300 299
f 269 270 301
f 269 301 300
f 270 271 302
f 270 302 301
f 271 272 303
f 271 303 302
f 272 273 304
f 272 304 303
f 273 274 305
f 273 305 304
f 274 275 306
f 274 306 305
f 275 276 307
f 275 307 306
f 276 277 308
f 276 308 307
f 277 278 309
f 277 309 308
f 278 279 310
f 278 310 309
f 279 280 311
f 279 311 310
f 280 281 312
f 280 312 311
f 281 282 313
f 281 313 312
f 282 283 314
f 282 314 313
f 283 284 315
f 283 315 314
f 284 285 316
f 284 316 315
f 285 286 317
f 285 317 316
f 286 287 318
f 286 318 317
f 287 288 319
f 287 319 318
f 288 289 320
f 288 320 319
f 289 290 321
f 289 321 320
f 290 291 322
f 290 322 321
f 291 292 323
f 291 323 322
f 293 294 326
f 293 326 325
f 294 295 327
f 294 327 326
f 295 296 328
f 295 328 327
f 296 297 329
f 296 329 328
f 297 298 330
f 297 330 329
f 298 299 331
f 298 331 330
f 299 300 332
f 299 332 331
f 300 301 333
f 300 333 332
f 301 302 334
f 301 334 333
f 302 303 335
f 302 335 334
f 303 304 336
f 303 336 335
f 304 305 337
f 304 337 336
f 305 306 338
f 305 338 337
f 306 307 339
f 306 339 338
f 307 308 340
f 307 340 339
f 308 309 341
f 308 341 340
f 309 310 342
f 309 342 341
f 310 311 343
f 310 343 342
f 311 312 344
f 311 344 343
f 312 313 345
f 312 345 344
f 313 314 346
f 313 346 345
f 314 315 347
f 314 347 346
f 315 316 348
f 315 348 347
f 316 317 349
f 316 349 348
f 317 318 350
f 317 350 349
f 318 319 351
f 318 351 350
f 319 320 352
f 319 352 351
f 320 321 353
f 320 353 352
f 321 322 354
f 321 354 353
f 322 323 355
f 322 355 354
f 323 356 355
f 324 325 358
f 324 358 357
f 325 326 359
f 325 359 358
f 326 327 360
f 326 360 359
f 327 328 361
f 327 361 360
f 328 329 362
f 328 362 361
f 329 330 363
f 329 363 362
f 330 331 364
f 330 364 363
f 331 332 365
f 331 365 364
f 332 333 366
f 332 366 365
f 333 334 367
f 333 367 366
f 334 335 368
f 334 368 367
f 335 336 369
f 335 369 368
f 336 337 370
f 336 370 369
f 337 338 371
f 337 371 370
f 338 339 372
f 338 372 371
f 339 340 373
f 339 373 372
f 340 341 374
f 340 374 373
f 341 342 375
f 341 375 374
f 342 343 376
f 342 376 375
f 343 344 377
f 343 377 376
f 344 345 378
f 344 378 377
f 345 346 379
f 345 379 378
f 346 347 380
f 346 380 379
f 347 348 381
f 347 381 380
f 348 349 382
f 348 382 381
f 349 350 383
f 349 383 382
f 350 351 384
f 350 384 383
f 351 352 385
f 351 385 384
f 352 353 386
f 352 386 385
f 353 354 387
f 353 387 386
f 354 355 388
f 354 388 387
f 355 356 389
f 355 389 388
f 357 358 391
f 357 391 390
f 358 359 392
f 358 392 391
f 359 360 393
f 359 393 392
f 360 361 394
f 360 394 393
f 361 362 395
f 361 395 394
f 362 363 396
f 362 396 395
f 363 364 397
f 363 397 396
f 364 365 398
f 364 398 397
f 365 366 399
f 365 399 398
f 366 367 400
f 366 400 399
f 367 368 401
f 367 401 400
f 368 369 402
f 368 402 401
f 369 370 403
f 369 403 402
f 370 371 404
f 370 404 403
f 371 372 405
f 371 405 404
f 372 373 406
f 372 406 405
f 373 374 407
f 373 407 406
f 374 375 408
f 374 408 407
f 375 376 409
f 375 409 408
f 376 377 410
f 376 410 409
f 377 378 411
f 377 411 410
f 378 379 412
f 378 412 411
f 379 380 413
f 379 413 412
f 380 381 414
f 380 414 413
f 381 382 415
f 381 415 414
f 382 383 416
f 382 416 415
f 383 384 417
f 383 417 416
f 384 385 418
f 384 418 417
f 385 386 419
f 385 419 418
f 386 387 420
f 386 420 419
f 387 388 421
f 387 421 420
f 388 389 422
f 388 422 421
f 390 391 425
f 390 425 424
f 391 392 426
f 391 426 425
f 392 393 427
f 392 427 426
f 393 394 428
f 393 428 427
f 394 395 429
f 394 429 428
f 395 396 430
f 395 430 429
f 396 397 431
f 396 431 430
f 397 398 432
f 397 432 431
f 398 399 433
f 398 433 432
f 399 400 434
f 399 434 433
f 400 401 435
f 400 435 434
f 401 402 436
f 401 436 435
f 402 403 437
f 402 437 436
f 403 404 438
f 403 438 437
f 404 405 439
f 404 439 438
f 405 406 440
f 405 440 439
f 406 407 441
f 406 441 440
f 407 408 442
f 407 442 441
f 408 409 443
f 408 443 442
f 409 410 444
f 409 444 443
f 410 411 445
f 410 445 444
f 411 412 446
f 411 446 445
f 412 413 447
f 412 447 446
f 413 414 448
f 413 448 447
f 414 415 449
f 414 449 448
f 415 416 450
f 415 450 449
f 416 417 451
f 416 451 450
f 417 418 452
f 417 452 451
f 418 419 453
f 418 453 452
f 419 420 454
f 419 454 453
f 420 421 455
f 420 455 454
f 421 422 456
f 421 456 455
f 422 457 456
f 423 424 459
f 423 459 458
f 424 425 460
f 424 460 459
f 425 426 461
f 425 461 460
f 426 427 462
f 426 462 461
f 427 428 463
f 427 463 462
f 428 429 464
f 428 464 463
f 429 430 465
f 429 465 464
f 430 431 466
f 430 466 465
f 431 432 467
f 431 467 466
f 432 433 468
f 432 468 467
f 433 434 469
f 433 469 468
f 434 435 470
f 434 470 469
f 435 436 471
f 435 471 470
f 436 437 472
f 436 472 471
f 437 438 473
f 437 473 472
f 438 439 474
f 438 474 473
f 439 440 475
f 439 475 474
f 440 441 476
f 440 476 475
f 441 442 477
f 441 477 476
f 442 443 478
f 442 478 477
f 443 444 479
f 443 479 478
f 444 445 480
f 444 480 479
f 445 446 481
f 445 481 480
f 446 447 482
f 446 482 481
f 447 448 483
f 447 483 482
f 448 449 484
f 448 484 483
f 449 450 485
f 449 485 484
f 450 451 486
f 450 486 485
f 451 452 487
f 451 487 486
f 452 453 488
f 452 488 487
f 453 454 489
f 453 489 488
f 454 455 490
f 454 490 489
f 455 456 491
f 455 491 490
f 456 457 492
f 456 492 491
f 458 459 494
f 458 494 493
f 459 460 495
f 459 495 494
f 460 461 496
f 460 496 495
f 461 462 497
f 461 497 496
f 462 463 498
f 462 498 497
f 463 464 499
f 463 499 498
f 464 465 500
f 464 500 499
f 465 466 501
f 465 501 500
f 466 467 502
f 466 502 501
f 467 468 503
f 467 503 502
f 468 469 504
f 468 504 503
f 469 470 505
f 469 505 504
f 470 471 506
f 470 506 505
f 471 472 507
f 471 507 506
f 472 473 508
f 472 508 507
f 473 474 509
f 473 509 508
f 474 475 510
f 474 510 509
f 475 476 511
f 475 511 510
f 476 477 512
f 476 512 511
f 477 478 513
f 477 513 512
f 478 479 514
f 478 514 513
f 479 480 515
f 479 515 514
f 480 481 516
f 480 516 515
f 481 482 517
f 481 517 516
f 482 483 518
f 482 518 517
f 483 484 519
f 483 519 518
f 484 485 520
f 484 520 519
f 485 486 521
f 485 521 520
f 486 487 522
f 486 522 521
f 487 488 523
f 487 523 522
f 488 489 524
f 488 524 523
f 489 490 525
f 489 525 524
f 490 491 526
f 490 526 525
f 491 492 527
f 491 527 526
f 493 494 529
f 493 529 528
f 494 495 530
f 494 530 529
f 495 496 531
f 495 531 530
f 496 497 532
f 496 532 531
f 497 498 533
f 497 533 532
f 498 499 534
f 498 534 533
f 499 500 535
f 499 535 534
f 500 501 536
f 500 536 535
f 501 502 537
f 501 537 536
f 502 503 538
f 502 538 537
f 503 504 539
f 503 539 538
f 504 505 540
f 504 540 539
f 505 506 541
f 505 541 540
f 506 507 542
f 506 542 541
f 507 508 543
f 507 543 542
f 508 509 544
f 508 544 543
f 509 510 545
f 509 545 544
f 510 511 546
f 510 546 545
f 511 512 547
f 511 547 546
f 512 513 548
f 512 548 547
f 513 514 549
f 513 549 548
f 514 515 550
f 514 550 549
f 515 516 551
f 515 551 550
f 516 517 552
f 516 552 551
f 517 518 553
f 517 553 552
f 518 519 554
f 518 554 553
f 519 520 555
f 519 555 554
f 520 521 556
f 520 556 555
f 521 522 557
f 521 557 556
f 522 523 558
f 522 558 557
f 523 524 559
f 523 559 558
f 524 525 560
f 524 560 559
f 525 526 561
f 525 561 560
f 526 527 562
f 526 562 561
f 528 529 564
f 528 564 563
f 529 530 565
f 529 565 564
f 530 531 566
f 530 566 565
f 531 532 567
f 531 567 566
f 532 533 568
f 532 568 567
f 533 534 569
f 533 569 568
f 534 535 570
f 534 570 569
f 535 536 571
f 535 571 570
f 536 537 572
f 536 572 571
f 537 538 573
f 537 573 572
f 538 539 574
f 538 574 573
f 539 540 575
f 539 575 574
f 540 541 576
f 540 576 575
f 541 542 577
f 541 577 576
f 542 543 578
f 542 578 577
f 543 544 579
f 543 579 578
f 544 545 580
f 544 580 579
f 545 546 581
f 545 581 580
f 546 547 582
f 546 582 581
f 547 548 583
f 547 583 582
f 548 549 584
f 548 584 583
f 549 550 585
f 549 585 584
f 550 551 586
f 550 586 585
f 551 552 587
f 551 587 586
f 552 553 588
f 552 588 587
f 553 554 589
f 553 589 588
f 554 555 590
f 554 590 589
f 555 556 591
f 555 591 590
f 556 557 592
f 556 592 591
f 557 558 593
f 557 593 592
f 558 559 594
f 558 594 593
f 559 560 595
f 559 595 594
f 560 561 596
f 560 596 595
f 561 562 597
f 561 597 596
f 563 564 599
f 563 599 598
f 564 565 600
f 564 600 599
f 565 566 601
f 565 601 600
f 566 567 602
f 566 602 601
f 567 568 603
f 567 603 602
f 568 569 604
f 568 604 603
f 569 570 605
f 569 605 604
f 570 571 606
f 570 606 605
f 571 572 607
f 571 607 606
f 572 573 608
f 572 608 607
f 573 574 609
f 573 609 608
f 574 575 610
f 574 610 609
f 575 576 611
f 575 611 610
f 576 577 612
f 576 612 611
f 577 578 613
f 577 613 612
f 578 579 614
f 578 614 613
f 579 580 615
f 579 615 614
f 580 581 616
f 580 616 615
f 581 582 617
f 581 617 616
f 582 583 618
f 582 618 617
f 583 584 619
f 583 619 618
f 584 585 620
f 584 620 619
f 585 586 621
f 585 621 620
f 586 587 622
f 586 622 621
f 587 588 623
f 587 623 622
f 588 589 624
f 588 624 623
f 589 590 625
f 589 625 624
f 590 591 626
f 590 626 625
f 591 592 627
f 591 627 626
f 592 593 628
f 592 628 627
f 593 594 629
f 593 629 628
f 594 595 630
f 594 630 629
f 595 596 631
f 595 631 630
f 596 597 632
f 596 632 631
f 598 599 634
f 598 634 633
f 599 600 635
f 599 635 634
f 600 601 636
f 600 636 635
f 601 602 637
f 601 637 636
f 602 603 638
f 602 638 637
f 603 604 639
f 603 639 638
f 604 605 640
f 604 640 639
f 605 606 641
f 605 641 640
f 606 607 642
f 606 642 641
f 607 608 643
f 607 643 642
f 608 609 644
f 608 644 643
f 609 610 645
f 609 645 644
f 610 611 646
f 610 646 645
f 611 612 647
f 611 647 646
f 612 613 648
f 612 648 647
f 613 614 649
f 613 649 648
f 614 615 650
f 614 650 649
f 615 616 651
f 615 651 650
f 616 617 652
f 616 652 651
f 617 618 653
f 617 653 652
f 618 619 654
f 618 654 653
f 619 620 655
f 619 655 654
f 620 621 656
f 620 656 655
f 621 622 657
f 621 657 656
f 622 623 658
f 622 658 657
f 623 624 659
f 623 659 658
f 624 625 660
f 624 660 659
f 625 626 661
f 625 661 660
f 626 627 662
f 626 662 661
f 627 628 663
f 627 663 662
f 628 629 664
f 628 664 663
f 629 630 665
f 629 665 664
f 630 631 666
f 630 666 665
f 631 632 667
f 631 667 666
f 633 634 669
f 633 669 668
f 634 635 670
f 634 670 669
f 635 636 671
f 635 671 670
f 636 637 672
f 636 672 671
f 637 638 673
f 637 673 672
f 638 639 674
f 638 674 673
f 639 640 675
f 639 675 674
f 640 641 676
f 640 676 675
f 641 642 677
f 641 677 676
f 642 643 678
f 642 678 677
f 643 644 679
f 643 679 678
f 644 645 680
f 644 680 679
f 645 646 681
f 645 681 680
f 646 647 682
f 646 682 681
f 647 648 683
f 647 683 682
f 648 649 684
f 648 684 683
f 649 650 685
f 649 685 684
f 650 651 686
f 650 686 685
f 651 652 687
f 651 687 686
f 652 653 688
f 652 688 687
f 653 654 689
f 653 689 688
f 654 655 690
f 654 690 689
f 655 656 691
f 655 691 690
f 656 657 692
f 656 692 691
f 657 658 693
f 657 693 692
f 658 659 694
f 658 694 693
f 659 660 695
f 659 695 694
f 660 661 696
f 660 696 695
f 661 662 697
f 661 697 696
f 662 663 698
f 662 698 697
f 663 664 699
f 663 699 698
f 664 665 700
f 664 700 699
f 665 666 701
f 665 701 700
f 666 667 702
f 666 702 701
f 668 669 704
f 668 704 703
f 669 670 705
f 669 705 704
f 670 671 706
f 670 706 705
f 671 672 707
f 671 707 706
f 672 673 708
f 672 708 707
f 673 674 709
f 673 709 708
f 674 675 710
f 674 710 709
f 675 676 711
f 675 711 710
f 676 677 712
f 676 712 711
f 677 678 713
f 677 713 712
f 678 679 714
f 678 714 713
f 679 680 715
f 679 715 714
f 680 681 716
f 680 716 715
f 681 682 717
f 681 717 716
f 682 683 718
f 682 718 717
f 683 684 719
f 683 719 718
f 684 685 720
f 684 720 719
f 685 686 721
f 685 721 720
f 686 687 722
f 686 722 721
f 687 688 723
f 687 723 722
f 688 689 724
f 688 724 723
f 689 690 725
f 689 725 724
f 690 691 726
f 690 726 725
f 691 692 727
f 691 727 726
f 692 693 728
f 692 728 727
f 693 694 729
f 693 729 728
f 694 695 730
f 694 730 729
f 695 696 731
f 695 731 730
f 696 697 732
f 696 732 731
f 697 698 733
f 697 733 732
f 698 699 734
f 698 734 733
f 699 700 735
f 699 735 734
f 700 701 736
f 700 736 735
f 701 702 737
f 701 737 736
f 703 704 739
f 703 739 738
f 704 705 740
f 704 740 739
f 705 706 741
f 705 741 740
f 706 707 742
f 706 742 741
f 707 708 743
f 707 743 742
f 708 709 744
f 708 744 743
f 709 710 745
f 709 745 744
f 710 711 746
f 710 746 745
f 711 712 747
f 711 747 746
f 712 713 748
f 712 748 747
f 713 714 749
f 713 749 748
f 714 715 750
f 714 750 749
f 715 716 751
f 715 751 750
f 716 717 752
f 716 752 751
f 717 718 753
f 717 753 752
f 718 719 754
f 718 754 753
f 719 720 755
f 719 755 754
f 720 721 756
f 720 756 755
f 721 722 757
f 721 757 756
f 722 723 758
f 722 758 757
f 723 724 759
f 723 759 758
f 724 725 760
f 724 760 759
f 725 726 761
f 725 761 760
f 726 727 762
f 726 762 761
f 727 728 763
f 727 763 762
f 728 729 764
f 728 764 763
f 729 730 765
f 729 765 764
f 730 731 766
f 730 766 765
f 731 732 767
f 731 767 766
f 732 733 768
f 732 768 767
f 733 734 769
f 733 769 768
f 734 735 770
f 734 770 769
f 735 736 771
f 735 771 770
f 736 737 772
f 736 772 771
f 738 739 774
f 738 774 773
f 739 740 775
f 739 775 774
f 740 741 776
f 740 776 775
f 741 742 777
f 741 777 776
f 742 743 778
f 742 778 777
f 743 744 779
f 743 779 778
f 744 745 780
f 744 780 779
f 745 746 781
f 745 781 780
f 746 747 782
f 746 782 781
f 747 748 783
f 747 783 782
f 748 749 784
f 748 784 783
f 749 750 785
f 749 785 784
f 750 751 786
f 750 786 785
f 751 752 787
f 751 787 786
f 752 753 788
f 752 788 787
f 753 754 789
f 753 789 788
f 754 755 790
f 754 790 789
f 755 756 791
f 755 791 790
f 756 757 792
f 756 792 791
f 757 758 793
f 757 793 792
f 758 759 794
f 758 794 793
f 759 760 795
f 759 795 794
f 760 761 796
f 760 796 795
f 761 762 797
f 761 797 796
f 762 763 798
f 762 798 797
f 763 764 799
f 763 799 798
f 764 765 800
f 764 800 799
f 765 766 801
f 765 801 800
f 766 767 802
f 766 802 801
f 767 768 803
f 767 803 802
f 768 769 804
f 768 804 803
f 769 770 805
f 769 805 804
f 770 771 806
f 770 806 805
f 771 772 807
f 771 807 806
f 773 774 809
f 773 809 808
f 774 775 810
f 774 810 809
f 775 776 811
f 775 811 810
f 776 777 812
f 776 812 811
f 777 778 813
f 777 813 812
f 778 779 814
f 778 814 813
f 779 780 815
f 779 815 814
f 780 781 816
f 780 816 815
f 781 782 817
f 781 817 816
f 782 783 818
f 782 818 817
f 783 784 819
f 783 819 818
f 784 785 820
f 784 820 819
f 785 786 821
f 785 821 820
f 786 787 822
f 786 822 821
f 787 788 823
f 787 823 822
f 788 789 824
f 788 824 823
f 789 790 825
f 789 825 824
f 790 791 826
f 790 826 825
f 791 792 827
f 791 827 826
f 792 793 828
f 792 828 827
f 793 794 829
f 793 829 828
f 794 795 830
f 794 830 829
f 795 796 831
f 795 831 830
f 796 797 832
f 796 832 831
f 797 798 833
f 797 833 832
f 798 799 834
f 798 834 833
f 799 800 835
f 799 835 834
f 800 801 836
f 800 836 835
f 801 802 837
f 801 837 836
f 802 803 838
f 802 838 837
f 803 804 839
f 803 839 838
f 804 805 840
f 804 840 839
f 805 806 841
f 805 841 840
f 806 807 842
f 806 842 841
f 808 809 844
f 808 844 843
f 809 810 845
f 809 845 844
f 810 811 846
f 810 846 845
f 811 812 847
f 811 847 846
f 812 813 848
f 812 848 847
f 813 814 849
f 813 849 848
f 814 815 850
f 814 850 849
f 815 816 851
f 815 851 850
f 816 817 852
f 816 852 851
f 817 818 853
f 817 853 852
f 818 819 854
f 818 854 853
f 819 820 855
f 819 855 854
f 820 821 856
f 820 856 855
f 821 822 857
f 821 857 856
f 822 823 858
f 822 858 857
f 823 824 859
f 823 859 858
f 824 825 860
f 824 860 859
f 825 826 861
f 825 861 860
f 826 827 862
f 826 862 861
f 827 828 863
f 827 863 862
f 828 829 864
f 828 864 863
f 829 830 865
f 829 865 864
f 830 831 866
f 830 866 865
f 831 832 867
f 831 867 866
f 832 833 868
f 832 868 867
f 833 834 869
f 833 869 868
f 834 835 870
f 834 870 869
f 835 836 871
f 835 871 870
f 836 837 872
f 836 872 871
f 837 838 873
f 837 873 872
f 838 839 874
f 838 874 873
f 839 840 875
f 839 875 874
f 840 841 876
f 840 876 875
f 841 842 877
f 841 877 876
f 843 844 879
f 843 879 878
f 844 845 880
f 844 880 879
f 845 846 881
f 845 881 880
f 846 847 882
f 846 882 881
f 847 848 883
f 847 883 882
f 848 849 884
f 848 884 883
f 849 850 885
f 849 885 884
f 850 851 886
f 850 886 885
f 851 852 887
f 851 887 886
f 852 853 888
f 852 888 887
f 853 854 889
f 853 889 888
f 854 855 890
f 854 890 889
f 855 856 891
f 855 891 890
f 856 857 892
f 856 892 891
f 857 858 893
f 857 893 892
f 858 859 894
f 858 894 893
f 859 860 895
f 859 895 894
f 860 861 896
f 860 896 895
f 861 862 897
f 861 897 896
f 862 863 898
f 862 898 897
f 863 864 899
f 863 899 898
f 864 865 900
f 864 900 899
f 865 866 901
f 865 901 900
f 866 867 902
f 866 902 901
f 867 868 903
f 867 903 902
f 868 869 904
f 868 904 903
f 869 870 905
f 869 905 904
f 870 871 906
f 870 906 905
f 871 872 907
f 871 907 906
f 872 873 908
f 872 908 907
f 873 874 909
f 873 909 908
f 874 875 910
f 874 910 909
f 875 876 911
f 875 911 910
f 876 877 912
f 876 912 911
f 878 879 914
f 878 914 913
f 879 880 915
f 879 915 914
f 880 881 916
f 880 916 915
f 881 882 917
f 881 917 916
f 882 883 918
f 882 918 917
f 883 884 919
f 883 919 918
f 884 885 920
f 884 920 919
f 885 886 921
f 885 921 920
f 886 887 922
f 886 922 921
f 887 888 923
f 887 923 922
f 888 889 924
f 888 924 923
f 889 890 925
f 889 925 924
f 890 891 926
f 890 926 925
f 891 892 927
f 891 927 926
f 892 893 928
f 892 928 927
f 893 894 929
f 893 929 928
f 894 895 930
f 894 930 929
f 895 896 931
f 895 931 930
f 896 897 932
f 896 932 931
f 897 898 933
f 897 933 932
f 898 899 934
f 898 934 933
f 899 900 935
f 899 935 934
f 900 901 936
f 900 936 935
f 901 902 937
f 901 937 936
f 902 903 938
f 902 938 937
f 903 904 939
f 903 939 938
f 904 905 940
f 904 940 939
f 905 906 941
f 905 941 940
f 906 907 942
f 906 942 941
f 907 908 943
f 907 943 942
f 908 909 944
f 908 944 943
f 909 910 945
f 909 945 944
f 910 911 946
f 910 946 945
f 911 912 947
f 911 947 946
f 913 914 949
f 913 949 948
f 914 915 950
f 914 950 949
f 915 916 951
f 915 951 950
f 916 917 952
f 916 952 951
f 917 918 953
f 917 953 952
f 918 919 954
f 918 954 953
f 919 920 955
f 919 955 954
f 920 921 956
f 920 956 955
f 921 922 957
f 921 957 956
f 922 923 958
f 922 958 957
f 923 924 959
f 923 959 958
f 924 925 960
f 924 960 959
f 925 926 961
f 925 961 960
f 926 927 962
f 926 962 961
f 927 928 963
f 927 963 962
f 928 929 964
f 928 964 963
f 929 930 965
f 929 965 964
f 930 931 966
f 930 966 965
f 931 932 967
f 931 967 966
f 932 933 968
f 932 968 967
f 933 934 969
f 933 969 968
f 934 935 970
f 934 970 969
f 935 936 971
f 935 971 970
f 936 937 972
f 936 972 971
f 937 938 973
f 937 973 972
f 938 939 974
f 938 974 973
f 939 940 975
f 939 975 974
f 940 941 976
f 940 976 975
f 941 942 977
f 941 977 976
f 942 943 978
f 942 978 977
f 943 944 979
f 943 979 978
f 944 945 980
f 944 980 979
f 945 946 981
f 945 981 980
f 946 947 982
f 946 982 981
f 948 949 984
f 948 984 983
f 949 950 985
f 949 985 984
f 950 951 986
f 950 986 985
f 951 952 987
f 951 987 986
f 952 953 988
f 952 988 987
f 953 954 989
f 953 989 988
f 954 955 990
f 954 990 989
f 955 956 991
f 955 991 990
f 956 957 992
f 956 992 991
f 957 958 993
f 957 993 992
f 958 959 994
f 958 994 993
f 959 960 995
f 959 995 994
f 960 961 996
f 960 996 995
f 961 962 997
f 961 997 996
f 962 963 998
f 962 998 997
f 963 964 999
f 963 999 998
f 964 965 1000
f 964 1000 999
f 965 966 1001
f 965 1001 1000
f 966 967 1002
f 966 1002 1001
f 967 968 1003
f 967 1003 1002
f 968 969 1004
f 968 1004 1003
f 969 970 1005
f 969 1005 1004
f 970 971 1006
f 970 1006 1005
f 971 972 1007
f 971 1007 1006
f 972 973 1008
f 972 1008 1007
f 973 974 1009
f 973 1009 1008
f 974 975 1010
f 974 1010 1009
f 975 976 1011
f 975 1011 1010
f 976 977 1012
f 976 1012 1011
f 977 978 1013
f 977 1013 1012
f 978 979 1014
f 978 1014 1013
f 979 980 1015
f 979 1015 1014
f 980 981 1016
f 980 1016 1015
f 981 982 1017
f 981 1017 1016
f 983 984 1019
f 983 1019 1018
f 984 985 1020
f 984 1020 1019
f 985 986 1021
f 985 1021 1020
f 986 987 1022
f 986 1022 1021
f 987 988 1023
f 987 1023 1022
f 988 989 1024
f 988 1024 1023
f 989 990 1025
f 989 1025 1024
f 990 991 1026
f 990 1026 1025
f 991 992 1027
f 991 1027 1026
f 992 993 1028
f 992 1028 1027
f 993 994 1029
f 993 1029 1028
f 994 995 1030
f 994 1030 1029
f 995 996 1031
f 995 1031 1030
f 996 997 1032
f 996 1032 1031
f 997 998 1033
f 997 1033 1032
f 998 999 1034
f 998 1034 1033
f 999 1000 1035
f 999 1035 1034
f 1000 1001 1036
f 1000 1036 1035
f 1001 1002 1037
f 1001 1037 1036
f 1002 1003 1038
f 1002 1038 1037
f 1003 1004 1039
f 1003 1039 1038
f 1004 1005 1040
f 1004 1040 1039
f 1005 1006 1041
f 1005 1041 1040
f 1006 1007 1042
f 1006 1042 1041
f 1007 1008 1043
f 1007 1043 1042
f 1008 1009 1044
f 1008 1044 1043
f 1009 1010 1045
f 1009 1045 1044
f 1010 1011 1046
f 1010 1046 1045
f 1011 1012 1047
f 1011 1047 1046
f 1012 1013 1048
f 1012 1048 1047
f 1013 1014 1049
f 1013 1049 1048
f 1014 1015 1050
f 1014 1050 1049
f 1015 1016 1051
f 1015 1051 1050
f 1016 1017 1052
f 1016 1052 1051
f 1018 1019 1054
f 1018 1054 1053
f 1019 1020 1055
f 1019 1055 1054
f 1020 1021 1056
f 1020 1056 1055
f 1021 1022 1057
f 1021 1057 1056
f 1022 1023 1058
f 1022 1058 1057
f 1023 1024 1059
f 1023 1059 1058
f 1024 1025 1060
f 1024 1060 1059
f 1025 1026 1061
f 1025 1061 1060
f 1026 1027 1062
f 1026 1062 1061
f 1027 1028 1063
f 1027 1063 1062
f 1028 1029 1064
f 1028 1064 1063
f 1029 1030 1065
f 1029 1065 1064
f 1030 1031 1066
f 1030 1066 1065
f 1031 1032 1067
f 1031 1067 1066
f 1032 1033 1068
f 1032 1068 1067
f 1033 1034 1069
f 1033 1069 1068
f 1034 1035 1070
f 1034 1070 1069
f 1035 1036 1071
f 1035 1071 1070
f 1036 1037 1072
f 1036 1072 1071
f 1037 1038 1073
f 1037 1073 1072
f 1038 1039 1074
f 1038 1074 1073
f 1039 1040 1075
f 1039 1075 1074
f 1040 1041 1076
f 1040 1076 1075
f 1041 1042 1077
f 1041 1077 1076
f 1042 1043 1078
f 1042 1078 1077
f 1043 1044 1079
f 1043 1079 1078
f 1044 1045 1080
f 1044 1080 1079
f 1045 1046 1081
f 1045 1081 1080
f 1046 1047 1082
f 1046 1082 1081
f 1047 1048 1083
f 1047 1083 1082
f 1048 1049 1084
f 1048 1084 1083
f 1049 1050 1085
f 1049 1085 1084
f 1050 1051 1086
f 1050 1086 1085
f 1051 1052 1087
f 1051 1087 1086
f 1053 1054 1089
f 1053 1089 1088
f 1054 1055 1090
f 1054 1090 1089
f 1055 1056 1091
f 1055 1091 1090
f 1056 1057 1092
f 1056 1092 1091
f 1057 1058 1093
f 1057 1093 1092
f 1058 1059 1094
f 1058 1094 1093
f 1059 1060 1095
f 1059 1095 1094
f 1060 1061 1096
f 1060 1096 1095
f 1061 1062 1097
f 1061 1097 1096
f 1062 1063 1098
f 1062 1098 1097
f 1063 1064 1099
f 1063 1099 1098
f 1064 1065 1100
f 1064 1100 1099
f 1065 1066 1101
f 1065 1101 1100
f 1066 1067 1102
f 1066 1102 1101
f 1067 1068 1103
f 1067 1103 1102
f 1068 1069 1104
f 1068 1104 1103
f 1069 1070 1105
f 1069 1105 1104
f 1070 1071 1106
f 1070 1106 1105
f 1071 1072 1107
f 1071 1107 1106
f 1072 1073 1108
f 1072 1108 1107
f 1073 1074 1109
f 1073 1109 1108
f 1074 1075 1110
f 1074 1110 1109
f 1075 1076 1111
f 1075 1111 1110
f 1076 1077 1112
f 1076 1112 1111
f 1077 1078 1113
f 1077 1113 1112
f 1078 1079 1114
f 1078 1114 1113
f 1079 1080 1115
f 1079 1115 1114
f 1080 1081 1116
f 1080 1116 1115
f 1081 1082 1117
f 1081 1117 1116
f 1082 1083 1118
f 1082 1118 1117
f 1083 1084 1119
f 1083 1119 1118
f 1084 1085 1120
f 1084 1120 1119
f 1085 1086 1121
f 1085 1121 1120
f 1086 1087 1122
f 1086 1122 1121
f 1088 1089 1124
f 1088 1124 1123
f 1089 1090 1125
f 1089 1125 1124
f 1090 1091 1126
f 1090 1126 1125
f 1091 1092 1127
f 1091 1127 1126
f 1092 1093 1128
f 1092 1128 1127
f 1093 1094 1129
f 1093 1129 1128
f 1094 1095 1130
f 1094 1130 1129
f 1095 1096 1131
f 1095 1131 1130
f 1096 1097 1132
f 1096 1132 1131
f 1097 1098 1133
f 1097 1133 1132
f 1098 1099 1134
f 1098 1134 1133
f 1099 1100 1135
f 1099 1135 1134
f 1100 1101 1136
f 1100 1136 1135
f 1101 1102 1137
f 1101 1137 1136
f 1102 1103 1138
f 1102 1138 1137
f 1103 1104 1139
f 1103 1139 1138
f 1104 1105 1140
f 1104 1140 1139
f 1105 1106 1141
f 1105 1141 1140
f 1106 1107 1142
f 1106 1142 1141
f 1107 1108 1143
f 1107 1143 1142
f 1108 1109 1144
f 1108 1144 1143
f 1109 1110 1145
f 1109 1145 1144
f 1110 1111 1146
f 1110 1146 1145
f 1111 1112 1147
f 1111 1147 1146
f 1112 1113 1148
f 1112 1148 1147
f 1113 1114 1149
f 1113 1149 1148
f 1114 1115 1150
f 1114 1150 1149
f 1115 1116 1151
f 1115 1151 1150
f 1116 1117 1152
f 1116 1152 1151
f 1117 1118 1153
f 1117 1153 1152
f 1118 1119 1154
f 1118 1154 1153
f 1119 1120 1155
f 1119 1155 1154
f 1120 1121 1156
f 1120 1156 1155
f 1121 1122 1157
f 1121 1157 1156
f 1123 1124 1159
f 1123 1159 1158
f 1124 1125 1160
f 1124 1160 1159
f 1125 1126 1161
f 1125 1161 1160
f 1126 1127 1162
f 1126 1162 1161
f 1127 1128 1163
f 1127 1163 1162
f 1128 1129 1164
f 1128 1164 1163
f 1129 1130 1165
f 1129 1165 1164
f 1130 1131 1166
f 1130 1166 1165
f 1131 1132 1167
f 1131 1167 1166
f 1132 1133 1168
f 1132 1168 1167
f 1133 1134 1169
f 1133 1169 1168
f 1134 1135 1170
f 1134 1170 1169
f 1135 1136 1171
f 1135 1171 1170
f 1136 1137 1172
f 1136 1172 1171
f 1137 1138 1173
f 1137 1173 1172
f 1138 1139 1174
f 1138 1174 1173
f 1139 1140 1175
f 1139 1175 1174
f 1140 1141 1176
f 1140 1176 1175
f 1141 1142 1177
f 1141 1177 1176
f 1142 1143 1178
f 1142 1178 1177
f 1143 1144 1179
f 1143 1179 1178
f 1144 1145 1180
f 1144 1180 1179
f 1145 1146 1181
f 1145 1181 1180
f 1146 1147 1182
f 1146 1182 1181
f 1147 1148 1183
f 1147 1183 1182
f 1148 1149 1184
f 1148 1184 1183
f 1149 1150 1185
f 1149 1185 1184
f 1150 1151 1186
f 1150 1186 1185
f 1151 1152 1187
f 1151 1187 1186
f 1152 1153 1188
f 1152 1188 1187
f 1153 1154 1189
f 1153 1189 1188
f 1154 1155 1190
f 1154 1190 1189
f 1155 1156 1191
f 1155 1191 1190
f 1156 1157 1192
f 1156 1192 1191
f 1158 1159 1194
f 1158 1194 1193
f 1159 1160 1195
f 1159 1195 1194
f 1160 1161 1196
f 1160 1196 1195
f 1161 1162 1197
f 1161 1197 1196
f 1162 1163 1198
f 1162 1198 1197
f 1163 1164 1199
f 1163 1199 1198
f 1164 1165 1200
f 1164 1200 1199
f 1165 1166 1201
f 1165 1201 1200
f 1166 1167 1202
f 1166 1202 1201
f 1167 1168 1203
f 1167 1203 1202
f 1168 1169 1204
f 1168 1204 1203
f 1169 1170 1205
f 1169 1205 1204
f 1170 1171 1206
f 1170 1206 1205
f 1171 1172 1207
f 1171 1207 1206
f 1172 1173 1208
f 1172 1208 1207
f 1173 1174 1209
f 1173 1209 1208
f 1174 1175 1210
f 1174 1210 1209
f 1175 1176 1211
f 1175 1211 1210
f 1176 1177 1212
f 1176 1212 1211
f 1177 1178 1213
f 1177 1213 1212
f 1178 1179 1214
f 1178 1214 1213
f 1179 1180 1215
f 1179 1215 1214
f 1180 1181 1216
f 1180 1216 1215
f 1181 1182 1217
f 1181 1217 1216
f 1182 1183 1218
f 1182 1218 1217
f 1183 1184 1219
f 1183 1219 1218
f 1184 1185 1220
f 1184 1220 1219
f 1185 1186 1221
f 1185 1221 1220
f 1186 1187 1222
f 1186 1222 1221
f 1187 1188 1223
f 1187 1223 1222
f 1188 1189 1224
f 1188 1224 1223
f 1189 1190 1225
f 1189 1225 1224
f 1190 1191 1226
f 1190 1226 1225
f 1191 1192 1227
f 1191 1227 1226
f 1193 1194 1229
f 1193 1229 1228
f 1194 1195 1230
f 1194 1230 1229
f 1195 1196 1231
f 1195 1231 1230
f 1196 1197 1232
f 1196 1232 1231
f 1197 1198 1233
f 1197 1233 1232
f 1198 1199 1234
f 1198 1234 1233
f 1199 1200 1235
f 1199 1235 1234
f 1200 1201 1236
f 1200 1236 1235
f 1201 1202 1237
f 1201 1237 1236
f 1202 1203 1238
f 1202 1238 1237
f 1203 1204 1239
f 1203 1239 1238
f 1204 1205 1240
f 1204 1240 1239
f 1205 1206 1241
f 1205 1241 1240
f 1206 1207 1242
f 1206 1242 1241
f 1207 1208 1243
f 1207 1243 1242
f 1208 1209 1244
f 1208 1244 1243
f 1209 1210 1245
f 1209 1245 1244
f 1210 1211 1246
f 1210 1246 1245
f 1211 1212 1247
f 1211 1247 1246
f 1212 1213 1248
f 1212 1248 1247
f 1213 1214 1249
f 1213 1249 1248
f 1214 1215 1250
f 1214 1250 1249
f 1215 1216 1251
f 1215 1251 1250
f 1216 1217 1252
f 1216 1252 1251
f 1217 1218 1253
f 1217 1253 1252
f 1218 1219 1254
f 1218 1254 1253
f 1219 1220 1255
f 1219 1255 1254
f 1220 1221 1256
f 1220 1256 1255
f 1221 1222 1257
f 1221 1257 1256
f 1222 1223 1258
f 1222 1258 1257
f 1223 1224 1259
f 1223 1259 1258
f 1224 1225 1260
f 1224 1260 1259
f 1225 1226 1261
f 1225 1261 1260
f 1226 1227 1262
f 1226 1262 1261
f 1228 1229 1264
f 1228 1264 1263
f 1229 1230 1265
f 1229 1265 1264
f 1230 1231 1266
f 1230 1266 1265
f 1231 1232 1267
f 1231 1267 1266
f 1232 1233 1268
f 1232 1268 1267
f 1233 1234 1269
f 1233 1269 1268
f 1234 1235 1270
f 1234 1270 1269
f 1235 1236 1271
f 1235 1271 1270
f 1236 1237 1272
f 1236 1272 1271
f 1237 1238 1273
f 1237 1273 1272
f 1238 1239 1274
f 1238 1274 1273
f 1239 1240 1275
f 1239 1275 1274
f 1240 1241 1276
f 1240 1276 1275
f 1241 1242 1277
f 1241 1277 1276
f 1242 1243 1278
f 1242 1278 1277
f 1243 1244 1279
f 1243 1279 1278
f 1244 1245 1280
f 1244 1280 1279
f 1245 1246 1281
f 1245 1281 1280
f 1246 1247 1282
f 1246 1282 1281
f 1247 1248 1283
f 1247 1283 1282
f 1248 1249 1284
f 1248 1284 1283
f 1249 1250 1285
f 1249 1285 1284
f 1250 1251 1286
f 1250 1286 1285
f 1251 1252 1287
f 1251 1287 1286
f 1252 1253 1288
f 1252 1288 1287
f 1253 1254 1289
f 1253 1289 1288
f 1254 1255 1290
f 1254 1290 1289
f 1255 1256 1291
f 1255 1291 1290
f 1256 1257 1292
f 1256 1292 1291
f 1257 1258 1293
f 1257 1293 1292
f 1258 1259 1294
f 1258 1294 1293
f 1259 1260 1295
f 1259 1295 1294
f 1260 1261 1296
f 1260 1296 1295
f 1261 1262 1297
f 1261 1297 1296
f 1263 1264 1299
f 1263 1299 1298
f 1264 1265 1300
f 1264 1300 1299
f 1265 1266 1301
f 1265 1301 1300
f 1266 1267 1302
f 1266 1302 1301
f 1267 1268 1303
f 1267 1303 1302
f 1268 1269 1304
f 1268 1304 1303
f 1269 1270 1305
f 1269 1305 1304
f 1270 1271 1306
f 1270 1306 1305
f 1271 1272 1307
f 1271 1307 1306
f 1272 1273 1308
f 1272 1308 1307
f 1273 1274 1309
f 1273 1309 1308
f 1274 1275 1310
f 1274 1310 1309
f 1275 1276 1311
f 1275 1311 1310
f 1276 1277 1312
f 1276 1312 1311
f 1277 1278 1313
f 1277 1313 1312
f 1278 1279 1314
f 1278 1314 1313
f 1279 1280 1315
f 1279 1315 1314
f 1280 1281 1316
f 1280 1316 1315
f 1281 1282 1317
f 1281 1317 1316
f 1282 1283 1318
f 1282 1318 1317
f 1283 1284 1319
f 1283 1319 1318
f 1284 1285 1320
f 1284 1320 1319
f 1285 1286 1321
f 1285 1321 1320
f 1286 1287 1322
f 1286 1322 1321
f 1287 1288 1323
f 1287 1323 1322
f 1288 1289 1324
f 1288 1324 1323
f 1289 1290 1325
f 1289 1325 1324
f 1290 1291 1326
f 1290 1326 1325
f 1291 1292 1327
f 1291 1327 1326
f 1292 1293 1328
f 1292 1328 1327
f 1293 1294 1329
f 1293 1329 1328
f 1294 1295 1330
f 1294 1330 1329
f 1295 1296 1331
f 1295 1331 1330
f 1296 1297 1332
f 1296 1332 1331
f 1298 1299 1334
f 1298 1334 1333
f 1299 1300 1335
f 1299 1335 1334
f 1300 1301 1336
f 1300 1336 1335
f 1301 1302 1337
f 1301 1337 1336
f 1302 1303 1338
f 1302 1338 1337
f 1303 1304 1339
f 1303 1339 1338
f 1304 1305 1340
f 1304 1340 1339
f 1305 1306 1341
f 1305 1341 1340
f 1306 1307 1342
f 1306 1342 1341
f 1307 1308 1343
f 1307 1343 1342
f 1308 1309 1344
f 1308 1344 1343
f 1309 1310 1345
f 1309 1345 1344
f 1310 1311 1346
f 1310 1346 1345
f 1311 1312 1347
f 1311 1347 1346
f 1312 1313 1348
f 1312 1348 1347
f 1313 1314 1349
f 1313 1349 1348
f 1314 1315 1350
f 1314 1350 1349
f 1315 1316 1351
f 1315 1351 1350
f 1316 1317 1352
f 1316 1352 1351
f 1317 1318 1353
f 1317 1353 1352
f 1318 1319 1354
f 1318 1354 1353
f 1319 1320 1355
f 1319 1355 1354
f 1320 1321 1356
f 1320 1356 1355
f 1321 1322 1357
f 1321 1357 1356
f 1322 1323 1358
f 1322 1358 1357
f 1323 1324 1359
f 1323 1359 1358
f 1324 1325 1360
f 1324 1360 1359
f 1325 1326 1361
f 1325 1361 1360
f 1326 1327 1362
f 1326 1362 1361
f 1327 1328 1363
f 1327 1363 1362
f 1328 1329 1364
f 1328 1364 1363
f 1329 1330 1365
f 1329 1365 1364
f 1330 1331 1366
f 1330 1366 1365
f 1331 1332 1367
f 1331 1367 1366
f 1333 1334 1369
f 1333 1369 1368
f 1334 1335 1370
f 1334 1370 1369
f 1335 1336 1371
f 1335 1371 1370
f 1336 1337 1372
f 1336 1372 1371
f 1337 1338 1373
f 1337 1373 1372
f 1338 1339 1374
f 1338 1374 1373
f 1339 1340 1375
f 1339 1375 1374
f 1340 1341 1376
f 1340 1376 1375
f 1341 1342 1377
f 1341 1377 1376
f 1342 1343 1378
f 1342 1378 1377
f 1343 1344 1379
f 1343 1379 1378
f 1344 1345 1380
f 1344 1380 1379
f 1345 1346 1381
f 1345 1381 1380
f 1346 1347 1382
f 1346 1382 1381
f 1347 1348 1383
f 1347 1383 1382
f 1348 1349 1384
f 1348 1384 1383
f 1349 1350 1385
f 1349 1385 1384
f 1350 1351 1386
f 1350 1386 1385
f 1351 1352 1387
f 1351 1387 1386
f 1352 1353 1388
f 1352 1388 1387
f 1353 1354 1389
f 1353 1389 1388
f 1354 1355 1390
f 1354 1390 1389
f 1355 1356 1391
f 1355 1391 1390
f 1356 1357 1392
f 1356 1392 1391
f 1357 1358 1393
f 1357 1393 1392
f 1358 1359 1394
f 1358 1394 1393
f 1359 1360 1395
f 1359 1395 1394
f 1360 1361 1396
f 1360 1396 1395
f 1361 1362 1397
f 1361 1397 1396
f 1362 1363 1398
f 1362 1398 1397
f 1363 1364 1399
f 1363 1399 1398
f 1364 1365 1400
f 1364 1400 1399
f 1365 1366 1401
f 1365 1401 1400
f 1366 1367 1402
f 1366 1402 1401
f 1368 1369 1404
f 1368 1404 1403
f 1369 1370 1405
f 1369 1405 1404
f 1370 1371 1406
f 1370 1406 1405
f 1371 1372 1407
f 1371 1407 1406
f 1372 1373 1408
f 1372 1408 1407
f 1373 1374 1409
f 1373 1409 1408
f 1374 1375 1410
f 1374 1410 1409
f 1375 1376 1411
f 1375 1411 1410
f 1376 1377 1412
f 1376 1412 1411
f 1377 1378 1413
f 1377 1413 1412
f 1378 1379 1414
f 1378 1414 1413
f 1379 1380 1415
f 1379 1415 1414
f 1380 1381 1416
f 1380 1416 1415
f 1381 1382 1417
f 1381 1417 1416
f 1382 1383 1418
f 1382 1418 1417
f 1383 1384 1419
f 1383 1419 1418
f 1384 1385 1420
f 1384 1420 1419
f 1385 1386 1421
f 1385 1421 1420
f 1386 1387 1422
f 1386 1422 1421
f 1387 1388 1423
f 1387 1423 1422
f 1388 1389 1424
f 1388 1424 1423
f 1389 1390 1425
f 1389 1425 1424
f 1390 1391 1426
f 1390 1426 1425
f 1391 1392 1427
f 1391 1427 1426
f 1392 1393 1428
f 1392 1428 1427
f 1393 1394 1429
f 1393 1429 1428
f 1394 1395 1430
f 1394 1430 1429
f 1395 1396 1431
f 1395 1431 1430
f 1396 1397 1432
f 1396 1432 1431
f 1397 1398 1433
f 1397 1433 1432
f 1398 1399 1434
f 1398 1434 1433
f 1399 1400 1435
f 1399 1435 1434
f 1400 1401 1436
f 1400 1436 1435
f 1401 1402 1437
f 1401 1437 1436
f 1403 1404 1439
f 1403 1439 1438
f 1404 1405 1440
f 1404 1440 1439
f 1405 1406 1441
f 1405 1441 1440
f 1406 1407 1442
f 1406 1442 1441
f 1407 1408 1443
f 1407 1443 1442
f 1408 1409 1444
f 1408 1444 1443
f 1409 1410 1445
f 1409 1445 1444
f 1410 1411 1446
f 1410 1446 1445
f 1411 1412 1447
f 1411 1447 1446
f 1412 1413 1448
f 1412 1448 1447
f 1413 1414 1449
f 1413 1449 1448
f 1414 1415 1450
f 1414 1450 1449
f 1415 1416 1451
f 1415 1451 1450
f 1416 1417 1452
f 1416 1452 1451
f 1417 1418 1453
f 1417 1453 1452
f 1418 1419 1454
f 1418 1454 1453
f 1419 1420 1455
f 1419 1455 1454
f 1420 1421 1456
f 1420 1456 1455
f 1421 1422 1457
f 1421 1457 1456
f 1422 1423 1458
f 1422 1458 1457
f 1423 1424 1459
f 1423 1459 1458
f 1424 1425 1460
f 1424 1460 1459
f 1425 1426 1461
f 1425 1461 1460
f 1426 1427 1462
f 1426 1462 1461
f 1427 1428 1463
f 1427 1463 1462
f 1428 1429 1464
f 1428 1464 1463
f 1429 1430 1465
f 1429 1465 1464
f 1430 1431 1466
f 1430 1466 1465
f 1431 1432 1467
f 1431 1467 1466
f 1432 1433 1468
f 1432 1468 1467
f 1433 1434 1469
f 1433 1469 1468
f 1434 1435 1470
f 1434 1470 1469
f 1435 1436 1471
f 1435 1471 1470
f 1436 1437 1472
f 1436 1472 1471
f 1438 1439 1474
f 1438 1474 1473
f 1439 1440 1475
f 1439 1475 1474
f 1440 1441 1476
f 1440 1476 1475
f 1441 1442 1477
f 1441 1477 1476
f 1442 1443 1478
f 1442 1478 1477
f 1443 1444 1479
f 1443 1479 1478
f 1444 1445 1480
f 1444 1480 1479
f 1445 1446 1481
f 1445 1481 1480
f 1446 1447 1482
f 1446 1482 1481
f 1447 1448 1483
f 1447 1483 1482
f 1448 1449 1484
f 1448 1484 1483
f 1449 1450 1485
f 1449 1485 1484
f 1450 1451 1486
f 1450 1486 1485
f 1451 1452 1487
f 1451 1487 1486
f 1452 1453 1488
f 1452 1488 1487
f 1453 1454 1489
f 1453 1489 1488
f 1454 1455 1490
f 1454 1490 1489
f 1455 1456 1491
f 1455 1491 1490
f 1456 1457 1492
f 1456 1492 1491
f 1457 1458 1493
f 1457 1493 1492
f 1458 1459 1494
f 1458 1494 1493
f 1459 1460 1495
f 1459 1495 1494
f 1460 1461 1496
f 1460 1496 1495
f 1461 1462 1497
f 1461 1497 1496
f 1462 1463 1498
f 1462 1498 1497
f 1463 1464 1499
f 1463 1499 1498
f 1464 1465 1500
f 1464 1500 1499
f 1465 1466 1501
f 1465 1501 1500
f 1466 1467 1502
f 1466 1502 1501
f 1467 1468 1503
f 1467 1503 1502
f 1468 1469 1504
f 1468 1504 1503
f 1469 1470 1505
f 1469 1505 1504
f 1470 1471 1506
f 1470 1506 1505
f 1471 1472 1507
f 1471 1507 1506
f 1473 1474 1509
f 1473 1509 1508
f 1474 1475 1510
f 1474 1510 1509
f 1475 1476 1511
f 1475 1511 1510
f 1476 1477 1512
f 1476 1512 1511
f 1477 1478 1513
f 1477 1513 1512
f 1478 1479 1514
f 1478 1514 1513
f 1479 1480 1515
f 1479 1515 1514
f 1480 1481 1516
f 1480 1516 1515
f 1481 1482 1517
f 1481 1517 1516
f 1482 1483 1518
f 1482 1518 1517
f 1483 1484 1519
f 1483 1519 1518
f 1484 1485 1520
f 1484 1520 1519
f 1485 1486 1521
f 1485 1521 1520
f 1486 1487 1522
f 1486 1522 1521
f 1487 1488 1523
f 1487 1523 1522
f 1488 1489 1524
f 1488 1524 1523
f 1489 1490 1525
f 1489 1525 1524
f 1490 1491 1526
f 1490 1526 1525
f 1491 1492 1527
f 1491 1527 1526
f 1492 1493 1528
f 1492 1528 1527
f 1493 1494 1529
f 1493 1529 1528
f 1494 1495 1530
f 1494 1530 1529
f 1495 1496 1531
f 1495 1531 1530
f 1496 1497 1532
f 1496 1532 1531
f 1497 1498 1533
f 1497 1533 1532
f 1498 1499 1534
f 1498 1534 1533
f 1499 1500 1535
f 1499 1535 1534
f 1500 1501 1536
f 1500 1536 1535
f 1501 1502 1537
f 1501 1537 1536
f 1502 1503 1538
f 1502 1538 1537
f 1503 1504 1539
f 1503 1539 1538
f 1504 1505 1540
f 1504 1540 1539
f 1505 1506 1541
f 1505 1541 1540
f 1506 1507 1542
f 1506 1542 1541
f 1508 1509 1544
f 1508 1544 1543
f 1509 1510 1545
f 1509 1545 1544
f 1510 1511 1546
f 1510 1546 1545
f 1511 1512 1547
f 1511 1547 1546
f 1512 1513 1548
f 1512 1548 1547
f 1513 1514 1549
f 1513 1549 1548
f 1514 1515 1550
f 1514 1550 1549
f 1515 1516 1551
f 1515 1551 1550
f 1516 1517 1552
f 1516 1552 1551
f 1517 1518 1553
f 1517 1553 1552
f 1518 1519 1554
f 1518 1554 1553
f 1519 1520 1555
f 1519 1555 1554
f 1520 1521 1556
f 1520 1556 1555
f 1521 1522 1557
f 1521 1557 1556
f 1522 1523 1558
f 1522 1558 1557
f 1523 1524 1559
f 1523 1559 1558
f 1524 1525 1560
f 1524 1560 1559
f 1525 1526 1561
f 1525 1561 1560
f 1526 1527 1562
f 1526 1562 1561
f 1527 1528 1563
f 1527 1563 1562
f 1528 1529 1564
f 1528 1564 1563
f 1529 1530 1565
f 1529 1565 1564
f 1530 1531 1566
f 1530 1566 1565
f 1531 1532 1567
f 1531 1567 1566
f 1532 1533 1568
f 1532 1568 1567
f 1533 1534 1569
f 1533 1569 1568
f 1534 1535 1570
f 1534 1570 1569
f 1535 1536 1571
f 1535 1571 1570
f 1536 1537 1572
f 1536 1572 1571
f 1537 1538 1573
f 1537 1573 1572
f 1538 1539 1574
f 1538 1574 1573
f 1539 1540 1575
f 1539 1575 1574
f 1540 1541 1576
f 1540 1576 1575
f 1541 1542 1577
f 1541 1577 1576
f 1543 1544 1579
f 1543 1579 1578
f 1544 1545 1580
f 1544 1580 1579
f 1545 1546 1581
f 1545 1581 1580
f 1546 1547 1582
f 1546 1582 1581
f 1547 1548 1583
f 1547 1583 1582
f 1548 1549 1584
f 1548 1584 1583
f 1549 1550 1585
f 1549 1585 1584
f 1550 1551 1586
f 1550 1586 1585
f 1551 1552 1587
f 1551 1587 1586
f 1552 1553 1588
f 1552 1588 1587
f 1553 1554 1589
f 1553 1589 1588
f 1554 1555 1590
f 1554 1590 1589
f 1555 1556 1591
f 1555 1591 1590
f 1556 1557 1592
f 1556 1592 1591
f 1557 1558 1593
f 1557 1593 1592
f 1558 1559 1594
f 1558 1594 1593
f 1559 1560 1595
f 1559 1595 1594
f 1560 1561 1596
f 1560 1596 1595
f 1561 1562 1597
f 1561 1597 1596
f 1562 1563 1598
f 1562 1598 1597
f 1563 1564 1599
f 1563 1599 1598
f 1564 1565 1600
f 1564 1600 1599
f 1565 1566 1601
f 1565 1601 1600
f 1566 1567 1602
f 1566 1602 1601
f 1567 1568 1603
f 1567 1603 1602
f 1568 1569 1604
f 1568 1604 1603
f 1569 1570 1605
f 1569 1605 1604
f 1570 1571 1606
f 1570 1606 1605
f 1571 1572 1607
f 1571 1607 1606
f 1572 1573 1608
f 1572 1608 1607
f 1573 1574 1609
f 1573 1609 1608
f 1574 1575 1610
f 1574 1610 1609
f 1575 1576 1611
f 1575 1611 1610
f 1576 1577 1612
f 1576 1612 1611
f 1578 1579 1614
f 1578 1614 1613
f 1579 1580 1615
f 1579 1615 1614
f 1580 1581 1616
f 1580 1616 1615
f 1581 1582 1617
f 1581 1617 1616
f 1582 1583 1618
f 1582 1618 1617
f 1583 1584 1619
f 1583 1619 1618
f 1584 1585 1620
f 1584 1620 1619
f 1585 1586 1621
f 1585 1621 1620
f 1586 1587 1622
f 1586 1622 1621
f 1587 1588 1623
f 1587 1623 1622
f 1588 1589 1624
f 1588 1624 1623
f 1589 1590 1625
f 1589 1625 1624
f 1590 1591 1626
f 1590 1626 1625
f 1591 1592 1627
f 1591 1627 1626
f 1592 1593 1628
f 1592 1628 1627
f 1593 1594 1629
f 1593 1629 1628
f 1594 1595 1630
f 1594 1630 1629
f 1595 1596 1631
f 1595 1631 1630
f 1596 1597 1632
f 1596 1632 1631
f 1597 1598 1633
f 1597 1633 1632
f 1598 1599 1634
f 1598 1634 1633
f 1599 1600 1635
f 1599 1635 1634
f 1600 1601 1636
f 1600 1636 1635
f 1601 1602 1637
f 1601 1637 1636
f 1602 1603 1638
f 1602 1638 1637
f 1603 1604 1639
f 1603 1639 1638
f 1604 1605 1640
f 1604 1640 1639
f 1605 1606 1641
f 1605 1641 1640
f 1606 1607 1642
f 1606 1642 1641
f 1607 1608 1643
f 1607 1643 1642
f 1608 1609 1644
f 1608 1644 1643
f 1609 1610 1645
f 1609 1645 1644
f 1610 1611 1646
f 1610 1646 1645
f 1611 1612 1647
f 1611 1647 1646
f 1613 1614 1649
f 1613 1649 1648
f 1614 1615 1650
f 1614 1650 1649
f 1615 1616 1651
f 1615 1651 1650
f 1616 1617 1652
f 1616 1652 1651
f 1617 1618 1653
f 1617 1653 1652
f 1618 1619 1654
f 1618 1654 1653
f 1619 1620 1655
f 1619 1655 1654
f 1620 1621 1656
f 1620 1656 1655
f 1621 1622 1657
f 1621 1657 1656
f 1622 1623 1658
f 1622 1658 1657
f 1623 1624 1659
f 1623 1659 1658
f 1624 1625 1660
f 1624 1660 1659
f 1625 1626 1661
f 1625 1661 1660
f 1626 1627 1662
f 1626 1662 1661
f 1627 1628 1663
f 1627 1663 1662
f 1628 1629 1664
f 1628 1664 1663
f 1629 1630 1665
f 1629 1665 1664
f 1630 1631 1666
f 1630 1666 1665
f 1631 1632 1667
f 1631 1667 1666
f 1632 1633 1668
f 1632 1668 1667
f 1633 1634 1669
f 1633 1669 1668
f 1634 1635 1670
f 1634 1670 1669
f 1635 1636 1671
f 1635 1671 1670
f 1636 1637 1672
f 1636 1672 1671
f 1637 1638 1673
f 1637 1673 1672
f 1638 1639 1674
f 1638 1674 1673
f 1639 1640 1675
f 1639 1675 1674
f 1640 1641 1676
f 1640 1676 1675
f 1641 1642 1677
f 1641 1677 1676
f 1642 1643 1678
f 1642 1678 1677
f 1643 1644 1679
f 1643 1679 1678
f 1644 1645 1680
f 1644 1680 1679
f 1645 1646 1681
f 1645 1681 1680
f 1646 1647 1682
f 1646 1682 1681
f 1648 1649 1684
f 1648 1684 1683
f 1649 1650 1685
f 1649 1685 1684
f 1650 1651 1686
f 1650 1686 1685
f 1651 1652 1687
f 1651 1687 1686
f 1652 1653 1688
f 1652 1688 1687
f 1653 1654 1689
f 1653 1689 1688
f 1654 1655 1690
f 1654 1690 1689
f 1655 1656 1691
f 1655 1691 1690
f 1656 1657 1692
f 1656 1692 1691
f 1657 1658 1693
f 1657 1693 1692
f 1658 1659 1694
f 1658 1694 1693
f 1659 1660 1695
f 1659 1695 1694
f 1660 1661 1696
f 1660 1696 1695
f 1661 1662 1697
f 1661 1697 1696
f 1662 1663 1698
f 1662 1698 1697
f 1663 1664 1699
f 1663 1699 1698
f 1664 1665 1700
f 1664 1700 1699
f 1665 1666 1701
f 1665 1701 1700
f 1666 1667 1702
f 1666 1702 1701
f 1667 1668 1703
f 1667 1703 1702
f 1668 1669 1704
f 1668 1704 1703
f 1669 1670 1705
f 1669 1705 1704
f 1670 1671 1706
f 1670 1706 1705
f 1671 1672 1707
f 1671 1707 1706
f 1672 1673 1708
f 1672 1708 1707
f 1673 1674 1709
f 1673 1709 1708
f 1674 1675 1710
f 1674 1710 1709
f 1675 1676 1711
f 1675 1711 1710
f 1676 1677 1712
f 1676 1712 1711
f 1677 1678 1713
f 1677 1713 1712
f 1678 1679 1714
f 1678 1714 1713
f 1679 1680 1715
f 1679 1715 1714
f 1680 1681 1716
f 1680 1716 1715
f 1681 1682 1717
f 1681 1717 1716
f 1683 1684 1719
f 1683 1719 1718
f 1684 1685 1720
f 1684 1720 1719
f 1685 1686 1721
f 1685 1721 1720
f 1686 1687 1722
f 1686 1722 1721
f 1687 1688 1723
f 1687 1723 1722
f 1688 1689 1724
f 1688 1724 1723
f 1689 1690 1725
f 1689 1725 1724
f 1690 1691 1726
f 1690 1726 1725
f 1691 1692 1727
f 1691 1727 1726
f 1692 1693 1728
f 1692 1728 1727
f 1693 1694 1729
f 1693 1729 1728
f 1694 1695 1730
f 1694 1730 1729
f 1695 1696 1731
f 1695 1731 1730
f 1696 1697 1732
f 1696 1732 1731
f 1697 1698 1733
f 1697 1733 1732
f 1698 1699 1734
f 1698 1734 1733
f 1699 1700 1735
f 1699 1735 1734
f 1700 1701 1736
f 1700 1736 1735
f 1701 1702 1737
f 1701 1737 1736
f 1702 1703 1738
f 1702 1738 1737
f 1703 1704 1739
f 1703 1739 1738
f 1704 1705 1740
f 1704 1740 1739
f 1705 1706 1741
f 1705 1741 1740
f 1706 1707 1742
f 1706 1742 1741
f 1707 1708 1743
f 1707 1743 1742
f 1708 1709 1744
f 1708 1744 1743
f 1709 1710 1745
f 1709 1745 1744
f 1710 1711 1746
f 1710 1746 1745
f 1711 1712 1747
f 1711 1747 1746
f 1712 1713 1748
f 1712 1748 1747
f 1713 1714 1749
f 1713 1749 1748
f 1714 1715 1750
f 1714 1750 1749
f 1715 1716 1751
f 1715 1751 1750
f 1716 1717 1752
f 1716 1752 1751
f 1718 1719 1754
f 1718 1754 1753
f 1719 1720 1755
f 1719 1755 1754
f 1720 1721 1756
f 1720 1756 1755
f 1721 1722 1757
f 1721 1757 1756
f 1722 1723 1758
f 1722 1758 1757
f 1723 1724 1759
f 1723 1759 1758
f 1724 1725 1760
f 1724 1760 1759
f 1725 1726 1761
f 1725 1761 1760
f 1726 1727 1762
f 1726 1762 1761
f 1727 1728 1763
f 1727 1763 1762
f 1728 1729 1764
f 1728 1764 1763
f 1729 1730 1765
f 1729 1765 1764
f 1730 1731 1766
f 1730 1766 1765
f 1731 1732 1767
f 1731 1767 1766
f 1732 1733 1768
f 1732 1768 1767
f 1733 1734 1769
f 1733 1769 1768
f 1734 1735 1770
f 1734 1770 1769
f 1735 1736 1771
f 1735 1771 1770
f 1736 1737 1772
f 1736 1772 1771
f 1737 1738 1773
f 1737 1773 1772
f 1738 1739 1774
f 1738 1774 1773
f 1739 1740 1775
f 1739 1775 1774
f 1740 1741 1776
f 1740 1776 1775
f 1741 1742 1777
f 1741 1777 1776
f 1742 1743 1778
f 1742 1778 1777
f 1743 1744 1779
f 1743 1779 1778
f 1744 1745 1780
f 1744 1780 1779
f 1745 1746 1781
f 1745 1781 1780
f 1746 1747 1782
f 1746 1782 1781
f 1747 1748 1783
f 1747 1783 1782
f 1748 1749 1784
f 1748 1784 1783
f 1749 1750 1785
f 1749 1785 1784
f 1750 1751 1786
f 1750 1786 1785
f 1751 1752 1787
f 1751 1787 1786
f 1753 1754 1789
f 1753 1789 1788
f 1754 1755 1790
f 1754 1790 1789
f 1755 1756 1791
f 1755 1791 1790
f 1756 1757 1792
f 1756 1792 1791
f 1757 1758 1793
f 1757 1793 1792
f 1758 1759 1794
f 1758 1794 1793
f 1759 1760 1795
f 1759 1795 1794
f 1760 1761 1796
f 1760 1796 1795
f 1761 1762 1797
f 1761 1797 1796
f 1762 1763 1798
f 1762 1798 1797
f 1763 1764 1799
f 1763 1799 1798
f 1764 1765 1800
f 1764 1800 1799
f 1765 1766 1801
f 1765 1801 1800
f 1766 1767 1802
f 1766 1802 1801
f 1767 1768 1803
f 1767 1803 1802
f 1768 1769 1804
f 1768 1804 1803
f 1769 1770 1805
f 1769 1805 1804
f 1770 1771 1806
f 1770 1806 1805
f 1771 1772 1807
f 1771 1807 1806
f 1772 1773 1808
f 1772 1808 1807
f 1773 1774 1809
f 1773 1809 1808
f 1774 1775 1810
f 1774 1810 1809
f 1775 1776 1811
f 1775 1811 1810
f 1776 1777 1812
f 1776 1812 1811
f 1777 1778 1813
f 1777 1813 1812
f 1778 1779 1814
f 1778 1814 1813
f 1779 1780 1815
f 1779 1815 1814
f 1780 1781 1816
f 1780 1816 1815
f 1781 1782 1817
f 1781 1817 1816
f 1782 1783 1818
f 1782 1818 1817
f 1783 1784 1819
f 1783 1819 1818
f 1784 1785 1820
f 1784 1820 1819
f 1785 1786 1821
f 1785 1821 1820
f 1786 1787 1822
f 1786 1822 1821
f 1788 1789 1824
f 1788 1824 1823
f 1789 1790 1825
f 1789 1825 1824
f 1790 1791 1826
f 1790 1826 1825
f 1791 1792 1827
f 1791 1827 1826
f 1792 1793 1828
f 1792 1828 1827
f 1793 1794 1829
f 1793 1829 1828
f 1794 1795 1830
f 1794 1830 1829
f 1795 1796 1831
f 1795 1831 1830
f 1796 1797 1832
f 1796 1832 1831
f 1797 1798 1833
f 1797 1833 1832
f 1798 1799 1834
f 1798 1834 1833
f 1799 1800 1835
f 1799 1835 1834
f 1800 1801 1836
f 1800 1836 1835
f 1801 1802 1837
f 1801 1837 1836
f 1802 1803 1838
f 1802 1838 1837
f 1803 1804 1839
f 1803 1839 1838
f 1804 1805 1840
f 1804 1840 1839
f 1805 1806 1841
f 1805 1841 1840
f 1806 1807 1842
f 1806 1842 1841
f 1807 1808 1843
f 1807 1843 1842
f 1808 1809 1844
f 1808 1844 1843
f 1809 1810 1845
f 1809 1845 1844
f 1810 1811 1846
f 1810 1846 1845
f 1811 1812 1847
f 1811 1847 1846
f 1812 1813 1848
f 1812 1848 1847
f 1813 1814 1849
f 1813 1849 1848
f 1814 1815 1850
f 1814 1850 1849
f 1815 1816 1851
f 1815 1851 1850
f 1816 1817 1852
f 1816 1852 1851
f 1817 1818 1853
f 1817 1853 1852
f 1818 1819 1854
f 1818 1854 1853
f 1819 1820 1855
f 1819 1855 1854
f 1820 1821 1856
f 1820 1856 1855
f 1821 1822 1857
f 1821 1857 1856
f 1823 1824 1859
f 1823 1859 1858
f 1824 1825 1860
f 1824 1860 1859
f 1825 1826 1861
f 1825 1861 1860
f 1826 1827 1862
f 1826 1862 1861
f 1827 1828 1863
f 1827 1863 1862
f 1828 1829 1864
f 1828 1864 1863
f 1829 1830 1865
f 1829 1865 1864
f 1830 1831 1866
f 1830 1866 1865
f 1831 1832 1867
f 1831 1867 1866
f 1832 1833 1868
f 1832 1868 1867
f 1833 1834 1869
f 1833 1869 1868
f 1834 1835 1870
f 1834 1870 1869
f 1835 1836 1871
f 1835 1871 1870
f 1836 1837 1872
f 1836 1872 1871
f 1837 1838 1873
f 1837 1873 1872
f 1838 1839 1874
f 1838 1874 1873
f 1839 1840 1875
f 1839 1875 1874
f 1840 1841 1876
f 1840 1876 1875
f 1841 1842 1877
f 1841 1877 1876
f 1842 1843 1878
f 1842 1878 1877
f 1843 1844 1879
f 1843 1879 1878
f 1844 1845 1880
f 1844 1880 1879
f 1845 1846 1881
f 1845 1881 1880
f 1846 1847 1882
f 1846 1882 1881
f 1847 1848 1883
f 1847 1883 1882
f 1848 1849 1884
f 1848 1884 1883
f 1849 1850 1885
f 1849 1885 1884
f 1850 1851 1886
f 1850 1886 1885
f 1851 1852 1887
f 1851 1887 1886
f 1852 1853 1888
f 1852 1888 1887
f 1853 1854 1889
f 1853 1889 1888
f 1854 1855 1890
f 1854 1890 1889
f 1855 1856 1891
f 1855 1891 1890
f 1856 1857 1892
f 1856 1892 1891
f 1858 1859 1894
f 1858 1894 1893
f 1859 1860 1895
f 1859 1895 1894
f 1860 1861 1896
f 1860 1896 1895
f 1861 1862 1897
f 1861 1897 1896
f 1862 1863 1898
f 1862 1898 1897
f 1863 1864 1899
f 1863 1899 1898
f 1864 1865 1900
f 1864 1900 1899
f 1865 1866 1901
f 1865 1901 1900
f 1866 1867 1902
f 1866 1902 1901
f 1867 1868 1903
f 1867 1903 1902
f 1868 1869 1904
f 1868 1904 1903
f 1869 1870 1905
f 1869 1905 1904
f 1870 1871 1906
f 1870 1906 1905
f 1871 1872 1907
f 1871 1907 1906
f 1872 1873 1908
f 1872 1908 1907
f 1873 1874 1909
f 1873 1909 1908
f 1874 1875 1910
f 1874 1910 1909
f 1875 1876 1911
f 1875 1911 1910
f 1876 1877 1912
f 1876 1912 1911
f 1877 1878 1913
f 1877 1913 1912
f 1878 1879 1914
f 1878 1914 1913
f 1879 1880 1915
f 1879 1915 1914
f 1880 1881 1916
f 1880 1916 1915
f 1881 1882 1917
f 1881 1917 1916
f 1882 1883 1918
f 1882 1918 1917
f 1883 1884 1919
f 1883 1919 1918
f 1884 1885 1920
f 1884 1920 1919
f 1885 1886 1921
f 1885 1921 1920
f 1886 1887 1922
f 1886 1922 1921
f 1887 1888 1923
f 1887 1923 1922
f 1888 1889 1924
f 1888 1924 1923
f 1889 1890 1925
f 1889 1925 1924
f 1890 1891 1926
f 1890 1926 1925
f 1891 1892 1927
f 1891 1927 1926
f 1893 1894 1929
f 1893 1929 1928
f 1894 1895 1930
f 1894 1930 1929
f 1895 1896 1931
f 1895 1931 1930
f 1896 1897 1932
f 1896 1932 1931
f 1897 1898 1933
f 1897 1933 1932
f 1898 1899 1934
f 1898 1934 1933
f 1899 1900 1935
f 1899 1935 1934
f 1900 1901 1936
f 1900 1936 1935
f 1901 1902 1937
f 1901 1937 1936
f 1902 1903 1938
f 1902 1938 1937
f 1903 1904 1939
f 1903 1939 1938
f 1904 1905 1940
f 1904 1940 1939
f 1905 1906 1941
f 1905 1941 1940
f 1906 1907 1942
f 1906 1942 1941
f 1907 1908 1943
f 1907 1943 1942
f 1908 1909 1944
f 1908 1944 1943
f 1909 1910 1945
f 1909 1945 1944
f 1910 1911 1946
f 1910 1946 1945
f 1911 1912 1947
f 1911 1947 1946
f 1912 1913 1948
f 1912 1948 1947
f 1913 1914 1949
f 1913 1949 1948
f 1914 1915 1950
f 1914 1950 1949
f 1915 1916 1951
f 1915 1951 1950
f 1916 1917 1952
f 1916 1952 1951
f 1917 1918 1953
f 1917 1953 1952
f 1918 1919 1954
f 1918 1954 1953
f 1919 1920 1955
f 1919 1955 1954
f 1920 1921 1956
f 1920 1956 1955
f 1921 1922 1957
f 1921 1957 1956
f 1922 1923 1958
f 1922 1958 1957
f 1923 1924 1959
f 1923 1959 1958
f 1924 1925 1960
f 1924 1960 1959
f 1925 1926 1961
f 1925 1961 1960
f 1926 1927 1962
f 1926 1962 1961
f 1928 1929 1964
f 1928 1964 1963
f 1929 1930 1965
f 1929 1965 1964
f 1930 1931 1966
f 1930 1966 1965
f 1931 1932 1967
f 1931 1967 1966
f 1932 1933 1968
f 1932 1968 1967
f 1933 1934 1969
f 1933 1969 1968
f 1934 1935 1970
f 1934 1970 1969
f 1935 1936 1971
f 1935 1971 1970
f 1936 1937 1972
f 1936 1972 1971
f 1937 1938 1973
f 1937 1973 1972
f 1938 1939 1974
f 1938 1974 1973
f 1939 1940 1975
f 1939 1975 1974
f 1940 1941 1976
f 1940 1976 1975
f 1941 1942 1977
f 1941 1977 1976
f 1942 1943 1978
f 1942 1978 1977
f 1943 1944 1979
f 1943 1979 1978
f 1944 1945 1980
f 1944 1980 1979
f 1945 1946 1981
f 1945 1981 1980
f 1946 1947 1982
f 1946 1982 1981
f 1947 1948 1983
f 1947 1983 1982
f 1948 1949 1984
f 1948 1984 1983
f 1949 1950 1985
f 1949 1985 1984
f 1950 1951 1986
f 1950 1986 1985
f 1951 1952 1987
f 1951 1987 1986
f 1952 1953 1988
f 1952 1988 1987
f 1953 1954 1989
f 1953 1989 1988
f 1954 1955 1990
f 1954 1990 1989
f 1955 1956 1991
f 1955 1991 1990
f 1956 1957 1992
f 1956 1992 1991
f 1957 1958 1993
f 1957 1993 1992
f 1958 1959 1994
f 1958 1994 1993
f 1959 1960 1995
f 1959 1995 1994
f 1960 1961 1996
f 1960 1996 1995
f 1961 1962 1997
f 1961 1997 1996
f 1963 1964 1999
f 1963 1999 1998
f 1964 1965 2000
f 1964 2000 1999
f 1965 1966 2001
f 1965 2001 2000
f 1966 1967 2002
f 1966 2002 2001
f 1967 1968 2003
f 1967 2003 2002
f 1968 1969 2004
f 1968 2004 2003
f 1969 1970 2005
f 1969 2005 2004
f 1970 1971 2006
f 1970 2006 2005
f 1971 1972 2007
f 1971 2007 2006
f 1972 1973 2008
f 1972 2008 2007
f 1973 1974 2009
f 1973 2009 2008
f 1974 1975 2010
f 1974 2010 2009
f 1975 1976 2011
f 1975 2011 2010
f 1976 1977 2012
f 1976 2012 2011
f 1977 1978 2013
f 1977 2013 2012
f 1978 1979 2014
f 1978 2014 2013
f 1979 1980 2015
f 1979 2015 2014
f 1980 1981 2016
f 1980 2016 2015
f 1981 1982 2017
f 1981 2017 2016
f 1982 1983 2018
f 1982 2018 2017
f 1983 1984 2019
f 1983 2019 2018
f 1984 1985 2020
f 1984 2020 2019
f 1985 1986 2021
f 1985 2021 2020
f 1986 1987 2022
f 1986 2022 2021
f 1987 1988 2023
f 1987 2023 2022
f 1988 1989 2024
f 1988 2024 2023
f 1989 1990 2025
f 1989 2025 2024
f 1990 1991 2026
f 1990 2026 2025
f 1991 1992 2027
f 1991 2027 2026
f 1992 1993 2028
f 1992 2028 2027
f 1993 1994 2029
f 1993 2029 2028
f 1994 1995 2030
f 1994 2030 2029
f 1995 1996 2031
f 1995 2031 2030
f 1996 1997 2032
f 1996 2032 2031
f 1998 1999 2034
f 1998 2034 2033
f 1999 2000 2035
f 1999 2035 2034
f 2000 2001 2036
f 2000 2036 2035
f 2001 2002 2037
f 2001 2037 2036
f 2002 2003 2038
f 2002 2038 2037
f 2003 2004 2039
f 2003 2039 2038
f 2004 2005 2040
f 2004 2040 2039
f 2005 2006 2041
f 2005 2041 2040
f 2006 2007 2042
f 2006 2042 2041
f 2007 2008 2043
f 2007 2043 2042
f 2008 2009 2044
f 2008 2044 2043
f 2009 2010 2045
f 2009 2045 2044
f 2010 2011 2046
f 2010 2046 2045
f 2011 2012 2047
f 2011 2047 2046
f 2012 2013 2048
f 2012 2048 2047
f 2013 2014 2049
f 2013 2049 2048
f 2014 2015 2050
f 2014 2050 2049
f 2015 2016 2051
f 2015 2051 2050
f 2016 2017 2052
f 2016 2052 2051
f 2017 2018 2053
f 2017 2053 2052
f 2018 2019 2054
f 2018 2054 2053
f 2019 2020 2055
f 2019 2055 2054
f 2020 2021 2056
f 2020 2056 2055
f 2021 2022 2057
f 2021 2057 2056
f 2022 2023 2058
f 2022 2058 2057
f 2023 2024 2059
f 2023 2059 2058
f 2024 2025 2060
f 2024 2060 2059
f 2025 2026 2061
f 2025 2061 2060
f 2026 2027 2062
f 2026 2062 2061
f 2027 2028 2063
f 2027 2063 2062
f 2028 2029 2064
f 2028 2064 2063
f 2029 2030 2065
f 2029 2065 2064
f 2030 2031 2066
f 2030 2066 2065
f 2031 2032 2067
f 2031 2067 2066
f 2033 2034 2069
f 2033 2069 2068
f 2034 2035 2070
f 2034 2070 2069
f 2035 2036 2071
f 2035 2071 2070
f 2036 2037 2072
f 2036 2072 2071
f 2037 2038 2073
f 2037 2073 2072
f 2038 2039 2074
f 2038 2074 2073
f 2039 2040 2075
f 2039 2075 2074
f 2040 2041 2076
f 2040 2076 2075
f 2041 2042 2077
f 2041 2077 2076
f 2042 2043 2078
f 2042 2078 2077
f 2043 2044 2079
f 2043 2079 2078
f 2044 2045 2080
f 2044 2080 2079
f 2045 2046 2081
f 2045 2081 2080
f 2046 2047 2082
f 2046 2082 2081
f 2047 2048 2083
f 2047 2083 2082
f 2048 2049 2084
f 2048 2084 2083
f 2049 2050 2085
f 2049 2085 2084
f 2050 2051 2086
f 2050 2086 2085
f 2051 2052 2087
f 2051 2087 2086
f 2052 2053 2088
f 2052 2088 2087
f 2053 2054 2089
f 2053 2089 2088
f 2054 2055 2090
f 2054 2090 2089
f 2055 2056 2091
f 2055 2091 2090
f 2056 2057 2092
f 2056 2092 2091
f 2057 2058 2093
f 2057 2093 2092
f 2058 2059 2094
f 2058 2094 2093
f 2059 2060 2095
f 2059 2095 2094
f 2060 2061 2096
f 2060 2096 2095
f 2061 2062 2097
f 2061 2097 2096
f 2062 2063 2098
f 2062 2098 2097
f 2063 2064 2099
f 2063 2099 2098
f 2064 2065 2100
f 2064 2100 2099
f 2065 2066 2101
f 2065 2101 2100
f 2066 2067 2102
f 2066 2102 2101
f 2068 2069 2104
f 2068 2104 2103
f 2069 2070 2105
f 2069 2105 2104
f 2070 2071 2106
f 2070 2106 2105
f 2071 2072 2107
f 2071 2107 2106
f 2072 2073 2108
f 2072 2108 2107
f 2073 2074 2109
f 2073 2109 2108
f 2074 2075 2110
f 2074 2110 2109
f 2075 2076 2111
f 2075 2111 2110
f 2076 2077 2112
f 2076 2112 2111
f 2077 2078 2113
f 2077 2113 2112
f 2078 2079 2114
f 2078 2114 2113
f 2079 2080 2115
f 2079 2115 2114
f 2080 2081 2116
f 2080 2116 2115
f 2081 2082 2117
f 2081 2117 2116
f 2082 2083 2118
f 2082 2118 2117
f 2083 2084 2119
f 2083 2119 2118
f 2084 2085 2120
f 2084 2120 2119
f 2085 2086 2121
f 2085 2121 2120
f 2086 2087 2122
f 2086 2122 2121
f 2087 2088 2123
f 2087 2123 2122
f 2088 2089 2124
f 2088 2124 2123
f 2089 2090 2125
f 2089 2125 2124
f 2090 2091 2126
f 2090 2126 2125
f 2091 2092 2127
f 2091 2127 2126
f 2092 2093 2128
f 2092 2128 2127
f 2093 2094 2129
f 2093 2129 2128
f 2094 2095 2130
f 2094 2130 2129
f 2095 2096 2131
f 2095 2131 2130
f 2096 2097 2132
f 2096 2132 2131
f 2097 2098 2133
f 2097 2133 2132
f 2098 2099 2134
f 2098 2134 2133
f 2099 2100 2135
f 2099 2135 2134
f 2100 2101 2136
f 2100 2136 2135
f 2101 2102 2137
f 2101 2137 2136
f 2103 2104 2139
f 2103 2139 2138
f 2104 2105 2140
f 2104 2140 2139
f 2105 2106 2141
f 2105 2141 2140
f 2106 2107 2142
f 2106 2142 2141
f 2107 2108 2143
f 2107 2143 2142
f 2108 2109 2144
f 2108 2144 2143
f 2109 2110 2145
f 2109 2145 2144
f 2110 2111 2146
f 2110 2146 2145
f 2111 2112 2147
f 2111 2147 2146
f 2112 2113 2148
f 2112 2148 2147
f 2113 2114 2149
f 2113 2149 2148
f 2114 2115 2150
f 2114 2150 2149
f 2115 2116 2151
f 2115 2151 2150
f 2116 2117 2152
f 2116 2152 2151
f 2117 2118 2153
f 2117 2153 2152
f 2118 2119 2154
f 2118 2154 2153
f 2119 2120 2155
f 2119 2155 2154
f 2120 2121 2156
f 2120 2156 2155
f 2121 2122 2157
f 2121 2157 2156
f 2122 2123 2158
f 2122 2158 2157
f 2123 2124 2159
f 2123 2159 2158
f 2124 2125 2160
f 2124 2160 2159
f 2125 2126 2161
f 2125 2161 2160
f 2126 2127 2162
f 2126 2162 2161
f 2127 2128 2163
f 2127 2163 2162
f 2128 2129 2164
f 2128 2164 2163
f 2129 2130 2165
f 2129 2165 2164
f 2130 2131 2166
f 2130 2166 2165
f 2131 2132 2167
f 2131 2167 2166
f 2132 2133 2168
f 2132 2168 2167
f 2133 2134 2169
f 2133 2169 2168
f 2134 2135 2170
f 2134 2170 2169
f 2135 2136 2171
f 2135 2171 2170
f 2136 2137 2172
f 2136 2172 2171
f 2138 2139 2174
f 2138 2174 2173
f 2139 2140 2175
f 2139 2175 2174
f 2140 2141 2176
f 2140 2176 2175
f 2141 2142 2177
f 2141 2177 2176
f 2142 2143 2178
f 2142 2178 2177
f 2143 2144 2179
f 2143 2179 2178
f 2144 2145 2180
f 2144 2180 2179
f 2145 2146 2181
f 2145 2181 2180
f 2146 2147 2182
f 2146 2182 2181
f 2147 2148 2183
f 2147 2183 2182
f 2148 2149 2184
f 2148 2184 2183
f 2149 2150 2185
f 2149 2185 2184
f 2150 2151 2186
f 2150 2186 2185
f 2151 2152 2187
f 2151 2187 2186
f 2152 2153 2188
f 2152 2188 2187
f 2153 2154 2189
f 2153 2189 2188
f 2154 2155 2190
f 2154 2190 2189
f 2155 2156 2191
f 2155 2191 2190
f 2156 2157 2192
f 2156 2192 2191
f 2157 2158 2193
f 2157 2193 2192
f 2158 2159 2194
f 2158 2194 2193
f 2159 2160 2195
f 2159 2195 2194
f 2160 2161 2196
f 2160 2196 2195
f 2161 2162 2197
f 2161 2197 2196
f 2162 2163 2198
f 2162 2198 2197
f 2163 2164 2199
f 2163 2199 2198
f 2164 2165 2200
f 2164 2200 2199
f 2165 2166 2201
f 2165 2201 2200
f 2166 2167 2202
f 2166 2202 2201
f 2167 2168 2203
f 2167 2203 2202
f 2168 2169 2204
f 2168 2204 2203
f 2169 2170 2205
f 2169 2205 2204
f 2170 2171 2206
f 2170 2206 2205
f 2171 2172 2207
f 2171 2207 2206
f 2173 2174 2209
f 2173 2209 2208
f 2174 2175 2210
f 2174 2210 2209
f 2175 2176 2211
f 2175 2211 2210
f 2176 2177 2212
f 2176 2212 2211
f 2177 2178 2213
f 2177 2213 2212
f 2178 2179 2214
f 2178 2214 2213
f 2179 2180 2215
f 2179 2215 2214
f 2180 2181 2216
f 2180 2216 2215
f 2181 2182 2217
f 2181 2217 2216
f 2182 2183 2218
f 2182 2218 2217
f 2183 2184 2219
f 2183 2219 2218
f 2184 2185 2220
f 2184 2220 2219
f 2185 2186 2221
f 2185 2221 2220
f 2186 2187 2222
f 2186 2222 2221
f 2187 2188 2223
f 2187 2223 2222
f 2188 2189 2224
f 2188 2224 2223
f 2189 2190 2225
f 2189 2225 2224
f 2190 2191 2226
f 2190 2226 2225
f 2191 2192 2227
f 2191 2227 2226
f 2192 2193 2228
f 2192 2228 2227
f 2193 2194 2229
f 2193 2229 2228
f 2194 2195 2230
f 2194 2230 2229
f 2195 2196 2231
f 2195 2231 2230
f 2196 2197 2232
f 2196 2232 2231
f 2197 2198 2233
f 2197 2233 2232
f 2198 2199 2234
f 2198 2234 2233
f 2199 2200 2235
f 2199 2235 2234
f 2200 2201 2236
f 2200 2236 2235
f 2201 2202 2237
f 2201 2237 2236
f 2202 2203 2238
f 2202 2238 2237
f 2203 2204 2239
f 2203 2239 2238
f 2204 2205 2240
f 2204 2240 2239
f 2205 2206 2241
f 2205 2241 2240
f 2206 2207 2242
f 2206 2242 2241
f 2208 2209 2244
f 2208 2244 2243
f 2209 2210 2245
f 2209 2245 2244
f 2210 2211 2246
f 2210 2246 2245
f 2211 2212 2247
f 2211 2247 2246
f 2212 2213 2248
f 2212 2248 2247
f 2213 2214 2249
f 2213 2249 2248
f 2214 2215 2250
f 2214 2250 2249
f 2215 2216 2251
f 2215 2251 2250
f 2216 2217 2252
f 2216 2252 2251
f 2217 2218 2253
f 2217 2253 2252
f 2218 2219 2254
f 2218 2254 2253
f 2219 2220 2255
f 2219 2255 2254
f 2220 2221 2256
f 2220 2256 2255
f 2221 2222 2257
f 2221 2257 2256
f 2222 2223 2258
f 2222 2258 2257
f 2223 2224 2259
f 2223 2259 2258
f 2224 2225 2260
f 2224 2260 2259
f 2225 2226 2261
f 2225 2261 2260
f 2226 2227 2262
f 2226 2262 2261
f 2227 2228 2263
f 2227 2263 2262
f 2228 2229 2264
f 2228 2264 2263
f 2229 2230 2265
f 2229 2265 2264
f 2230 2231 2266
f 2230 2266 2265
f 2231 2232 2267
f 2231 2267 2266
f 2232 2233 2268
f 2232 2268 2267
f 2233 2234 2269
f 2233 2269 2268
f 2234 2235 2270
f 2234 2270 2269
f 2235 2236 2271
f 2235 2271 2270
f 2236 2237 2272
f 2236 2272 2271
f 2237 2238 2273
f 2237 2273 2272
f 2238 2239 2274
f 2238 2274 2273
f 2239 2240 2275
f 2239 2275 2274
f 2240 2241 2276
f 2240 2276 2275
f 2241 2242 2277
f 2241 2277 2276
f 2243 2244 2279
f 2243 2279 2278
f 2244 2245 2280
f 2244 2280 2279
f 2245 2246 2281
f 2245 2281 2280
f 2246 2247 2282
f 2246 2282 2281
f 2247 2248 2283
f 2247 2283 2282
f 2248 2249 2284
f 2248 2284 2283
f 2249 2250 2285
f 2249 2285 2284
f 2250 2251 2286
f 2250 2286 2285
f 2251 2252 2287
f 2251 2287 2286
f 2252 2253 2288
f 2252 2288 2287
f 2253 2254 2289
f 2253 2289 2288
f 2254 2255 2290
f 2254 2290 2289
f 2255 2256 2291
f 2255 2291 2290
f 2256 2257 2292
f 2256 2292 2291
f 2257 2258 2293
f 2257 2293 2292
f 2258 2259 2294
f 2258 2294 2293
f 2259 2260 2295
f 2259 2295 2294
f 2260 2261 2296
f 2260 2296 2295
f 2261 2262 2297
f 2261 2297 2296
f 2262 2263 2298
f 2262 2298 2297
f 2263 2264 2299
f 2263 2299 2298
f 2264 2265 2300
f 2264 2300 2299
f 2265 2266 2301
f 2265 2301 2300
f 2266 2267 2302
f 2266 2302 2301
f 2267 2268 2303
f 2267 2303 2302
f 2268 2269 2304
f 2268 2304 2303
f 2269 2270 2305
f 2269 2305 2304
f 2270 2271 2306
f 2270 2306 2305
f 2271 2272 2307
f 2271 2307 2306
f 2272 2273 2308
f 2272 2308 2307
f 2273 2274 2309
f 2273 2309 2308
f 2274 2275 2310
f 2274 2310 2309
f 2275 2276 2311
f 2275 2311 2310
f 2276 2277 2312
f 2276 2312 2311
f 2278 2279 2314
f 2278 2314 2313
f 2279 2280 2315
f 2279 2315 2314
f 2280 2281 2316
f 2280 2316 2315
f 2281 2282 2317
f 2281 2317 2316
f 2282 2283 2318
f 2282 2318 2317
f 2283 2284 2319
f 2283 2319 2318
f 2284 2285 2320
f 2284 2320 2319
f 2285 2286 2321
f 2285 2321 2320
f 2286 2287 2322
f 2286 2322 2321
f 2287 2288 2323
f 2287 2323 2322
f 2288 2289 2324
f 2288 2324 2323
f 2289 2290 2325
f 2289 2325 2324
f 2290 2291 2326
f 2290 2326 2325
f 2291 2292 2327
f 2291 2327 2326
f 2292 2293 2328
f 2292 2328 2327
f 2293 2294 2329
f 2293 2329 2328
f 2294 2295 2330
f 2294 2330 2329
f 2295 2296 2331
f 2295 2331 2330
f 2296 2297 2332
f 2296 2332 2331
f 2297 2298 2333
f 2297 2333 2332
f 2298 2299 2334
f 2298 2334 2333
f 2299 2300 2335
f 2299 2335 2334
f 2300 2301 2336
f 2300 2336 2335
f 2301 2302 2337
f 2301 2337 2336
f 2302 2303 2338
f 2302 2338 2337
f 2303 2304 2339
f 2303 2339 2338
f 2304 2305 2340
f 2304 2340 2339
f 2305 2306 2341
f 2305 2341 2340
f 2306 2307 2342
f 2306 2342 2341
f 2307 2308 2343
f 2307 2343 2342
f 2308 2309 2344
f 2308 2344 2343
f 2309 2310 2345
f 2309 2345 2344
f 2310 2311 2346
f 2310 2346 2345
f 2311 2312 2347
f 2311 2347 2346
f 2313 2314 2349
f 2313 2349 2348
f 2314 2315 2350
f 2314 2350 2349
f 2315 2316 2351
f 2315 2351 2350
f 2316 2317 2352
f 2316 2352 2351
f 2317 2318 2353
f 2317 2353 2352
f 2318 2319 2354
f 2318 2354 2353
f 2319 2320 2355
f 2319 2355 2354
f 2320 2321 2356
f 2320 2356 2355
f 2321 2322 2357
f 2321 2357 2356
f 2322 2323 2358
f 2322 2358 2357
f 2323 2324 2359
f 2323 2359 2358
f 2324 2325 2360
f 2324 2360 2359
f 2325 2326 2361
f 2325 2361 2360
f 2326 2327 2362
f 2326 2362 2361
f 2327 2328 2363
f 2327 2363 2362
f 2328 2329 2364
f 2328 2364 2363
f 2329 2330 2365
f 2329 2365 2364
f 2330 2331 2366
f 2330 2366 2365
f 2331 2332 2367
f 2331 2367 2366
f 2332 2333 2368
f 2332 2368 2367
f 2333 2334 2369
f 2333 2369 2368
f 2334 2335 2370
f 2334 2370 2369
f 2335 2336 2371
f 2335 2371 2370
f 2336 2337 2372
f 2336 2372 2371
f 2337 2338 2373
f 2337 2373 2372
f 2338 2339 2374
f 2338 2374 2373
f 2339 2340 2375
f 2339 2375 2374
f 2340 2341 2376
f 2340 2376 2375
f 2341 2342 2377
f 2341 2377 2376
f 2342 2343 2378
f 2342 2378 2377
f 2343 2344 2379
f 2343 2379 2378
f 2344 2345 2380
f 2344 2380 2379
f 2345 2346 2381
f 2345 2381 2380
f 2346 2347 2382
f 2346 2382 2381
f 2348 2349 2384
f 2348 2384 2383
f 2349 2350 2385
f 2349 2385 2384
f 2350 2351 2386
f 2350 2386 2385
f 2351 2352 2387
f 2351 2387 2386
f 2352 2353 2388
f 2352 2388 2387
f 2353 2354 2389
f 2353 2389 2388
f 2354 2355 2390
f 2354 2390 2389
f 2355 2356 2391
f 2355 2391 2390
f 2356 2357 2392
f 2356 2392 2391
f 2357 2358 2393
f 2357 2393 2392
f 2358 2359 2394
f 2358 2394 2393
f 2359 2360 2395
f 2359 2395 2394
f 2360 2361 2396
f 2360 2396 2395
f 2361 2362 2397
f 2361 2397 2396
f 2362 2363 2398
f 2362 2398 2397
f 2363 2364 2399
f 2363 2399 2398
f 2364 2365 2400
f 2364 2400 2399
f 2365 2366 2401
f 2365 2401 2400
f 2366 2367 2402
f 2366 2402 2401
f 2367 2368 2403
f 2367 2403 2402
f 2368 2369 2404
f 2368 2404 2403
f 2369 2370 2405
f 2369 2405 2404
f 2370 2371 2406
f 2370 2406 2405
f 2371 2372 2407
f 2371 2407 2406
f 2372 2373 2408
f 2372 2408 2407
f 2373 2374 2409
f 2373 2409 2408
f 2374 2375 2410
f 2374 2410 2409
f 2375 2376 2411
f 2375 2411 2410
f 2376 2377 2412
f 2376 2412 2411
f 2377 2378 2413
f 2377 2413 2412
f 2378 2379 2414
f 2378 2414 2413
f 2379 2380 2415
f 2379 2415 2414
f 2380 2381 2416
f 2380 2416 2415
f 2381 2382 2417
f 2381 2417 2416
f 2383 2384 2419
f 2383 2419 2418
f 2384 2385 2420
f 2384 2420 2419
f 2385 2386 2421
f 2385 2421 2420
f 2386 2387 2422
f 2386 2422 2421
f 2387 2388 2423
f 2387 2423 2422
f 2388 2389 2424
f 2388 2424 2423
f 2389 2390 2425
f 2389 2425 2424
f 2390 2391 2426
f 2390 2426 2425
f 2391 2392 2427
f 2391 2427 2426
f 2392 2393 2428
f 2392 2428 2427
f 2393 2394 2429
f 2393 2429 2428
f 2394 2395 2430
f 2394 2430 2429
f 2395 2396 2431
f 2395 2431 2430
f 2396 2397 2432
f 2396 2432 2431
f 2397 2398 2433
f 2397 2433 2432
f 2398 2399 2434
f 2398 2434 2433
f 2399 2400 2435
f 2399 2435 2434
f 2400 2401 2436
f 2400 2436 2435
f 2401 2402 2437
f 2401 2437 2436
f 2402 2403 2438
f 2402 2438 2437
f 2403 2404 2439
f 2403 2439 2438
f 2404 2405 2440
f 2404 2440 2439
f 2405 2406 2441
f 2405 2441 2440
f 2406 2407 2442
f 2406 2442 2441
f 2407 2408 2443
f 2407 2443 2442
f 2408 2409 2444
f 2408 2444 2443
f 2409 2410 2445
f 2409 2445 2444
f 2410 2411 2446
f 2410 2446 2445
f 2411 2412 2447
f 2411 2447 2446
f 2412 2413 2448
f 2412 2448 2447
f 2413 2414 2449
f 2413 2449 2448
f 2414 2415 2450
f 2414 2450 2449
f 2415 2416 2451
f 2415 2451 2450
f 2416 2417 2452
f 2416 2452 2451
f 2418 2419 2454
f 2418 2454 2453
f 2419 2420 2455
f 2419 2455 2454
f 2420 2421 2456
f 2420 2456 2455
f 2421 2422 2457
f 2421 2457 2456
f 2422 2423 2458
f 2422 2458 2457
f 2423 2424 2459
f 2423 2459 2458
f 2424 2425 2460
f 2424 2460 2459
f 2425 2426 2461
f 2425 2461 2460
f 2426 2427 2462
f 2426 2462 2461
f 2427 2428 2463
f 2427 2463 2462
f 2428 2429 2464
f 2428 2464 2463
f 2429 2430 2465
f 2429 2465 2464
f 2430 2431 2466
f 2430 2466 2465
f 2431 2432 2467
f 2431 2467 2466
f 2432 2433 2468
f 2432 2468 2467
f 2433 2434 2469
f 2433 2469 2468
f 2434 2435 2470
f 2434 2470 2469
f 2435 2436 2471
f 2435 2471 2470
f 2436 2437 2472
f 2436 2472 2471
f 2437 2438 2473
f 2437 2473 2472
f 2438 2439 2474
f 2438 2474 2473
f 2439 2440 2475
f 2439 2475 2474
f 2440 2441 2476
f 2440 2476 2475
f 2441 2442 2477
f 2441 2477 2476
f 2442 2443 2478
f 2442 2478 2477
f 2443 2444 2479
f 2443 2479 2478
f 2444 2445 2480
f 2444 2480 2479
f 2445 2446 2481
f 2445 2481 2480
f 2446 2447 2482
f 2446 2482 2481
f 2447 2448 2483
f 2447 2483 2482
f 2448 2449 2484
f 2448 2484 2483
f 2449 2450 2485
f 2449 2485 2484
f 2450 2451 2486
f 2450 2486 2485
f 2451 2452 2487
f 2451 2487 2486
f 2453 2454 2489
f 2453 2489 2488
f 2454 2455 2490
f 2454 2490 2489
f 2455 2456 2491
f 2455 2491 2490
f 2456 2457 2492
f 2456 2492 2491
f 2457 2458 2493
f 2457 2493 2492
f 2458 2459 2494
f 2458 2494 2493
f 2459 2460 2495
f 2459 2495 2494
f 2460 2461 2496
f 2460 2496 2495
f 2461 2462 2497
f 2461 2497 2496
f 2462 2463 2498
f 2462 2498 2497
f 2463 2464 2499
f 2463 2499 2498
f 2464 2465 2500
f 2464 2500 2499
f 2465 2466 2501
f 2465 2501 2500
f 2466 2467 2502
f 2466 2502 2501
f 2467 2468 2503
f 2467 2503 2502
f 2468 2469 2504
f 2468 2504 2503
f 2469 2470 2505
f 2469 2505 2504
f 2470 2471 2506
f 2470 2506 2505
f 2471 2472 2507
f 2471 2507 2506
f 2472 2473 2508
f 2472 2508 2507
f 2473 2474 2509
f 2473 2509 2508
f 2474 2475 2510
f 2474 2510 2509
f 2475 2476 2511
f 2475 2511 2510
f 2476 2477 2512
f 2476 2512 2511
f 2477 2478 2513
f 2477 2513 2512
f 2478 2479 2514
f 2478 2514 2513
f 2479 2480 2515
f 2479 2515 2514
f 2480 2481 2516
f 2480 2516 2515
f 2481 2482 2517
f 2481 2517 2516
f 2482 2483 2518
f 2482 2518 2517
f 2483 2484 2519
f 2483 2519 2518
f 2484 2485 2520
f 2484 2520 2519
f 2485 2486 2521
f 2485 2521 2520
f 2486 2487 2522
f 2486 2522 2521
f 2488 2489 2524
f 2488 2524 2523
f 2489 2490 2525
f 2489 2525 2524
f 2490 2491 2526
f 2490 2526 2525
f 2491 2492 2527
f 2491 2527 2526
f 2492 2493 2528
f 2492 2528 2527
f 2493 2494 2529
f 2493 2529 2528
f 2494 2495 2530
f 2494 2530 2529
f 2495 2496 2531
f 2495 2531 2530
f 2496 2497 2532
f 2496 2532 2531
f 2497 2498 2533
f 2497 2533 2532
f 2498 2499 2534
f 2498 2534 2533
f 2499 2500 2535
f 2499 2535 2534
f 2500 2501 2536
f 2500 2536 2535
f 2501 2502 2537
f 2501 2537 2536
f 2502 2503 2538
f 2502 2538 2537
f 2503 2504 2539
f 2503 2539 2538
f 2504 2505 2540
f 2504 2540 2539
f 2505 2506 2541
f 2505 2541 2540
f 2506 2507 2542
f 2506 2542 2541
f 2507 2508 2543
f 2507 2543 2542
f 2508 2509 2544
f 2508 2544 2543
f 2509 2510 2545
f 2509 2545 2544
f 2510 2511 2546
f 2510 2546 2545
f 2511 2512 2547
f 2511 2547 2546
f 2512 2513 2548
f 2512 2548 2547
f 2513 2514 2549
f 2513 2549 2548
f 2514 2515 2550
f 2514 2550 2549
f 2515 2516 2551
f 2515 2551 2550
f 2516 2517 2552
f 2516 2552 2551
f 2517 2518 2553
f 2517 2553 2552
f 2518 2519 2554
f 2518 2554 2553
f 2519 2520 2555
f 2519 2555 2554
f 2520 2521 2556
f 2520 2556 2555
f 2521 2522 2557
f 2521 2557 2556
f 2523 2524 2559
f 2523 2559 2558
f 2524 2525 2560
f 2524 2560 2559
f 2525 2526 2561
f 2525 2561 2560
f 2526 2527 2562
f 2526 2562 2561
f 2527 2528 2563
f 2527 2563 2562
f 2528 2529 2564
f 2528 2564 2563
f 2529 2530 2565
f 2529 2565 2564
f 2530 2531 2566
f 2530 2566 2565
f 2531 2532 2567
f 2531 2567 2566
f 2532 2533 2568
f 2532 2568 2567
f 2533 2534 2569
f 2533 2569 2568
f 2534 2535 2570
f 2534 2570 2569
f 2535 2536 2571
f 2535 2571 2570
f 2536 2537 2572
f 2536 2572 2571
f 2537 2538 2573
f 2537 2573 2572
f 2538 2539 2574
f 2538 2574 2573
f 2539 2540 2575
f 2539 2575 2574
f 2540 2541 2576
f 2540 2576 2575
f 2541 2542 2577
f 2541 2577 2576
f 2542 2543 2578
f 2542 2578 2577
f 2543 2544 2579
f 2543 2579 2578
f 2544 2545 2580
f 2544 2580 2579
f 2545 2546 2581
f 2545 2581 2580
f 2546 2547 2582
f 2546 2582 2581
f 2547 2548 2583
f 2547 2583 2582
f 2548 2549 2584
f 2548 2584 2583
f 2549 2550 2585
f 2549 2585 2584
f 2550 2551 2586
f 2550 2586 2585
f 2551 2552 2587
f 2551 2587 2586
f 2552 2553 2588
f 2552 2588 2587
f 2553 2554 2589
f 2553 2589 2588
f 2554 2555 2590
f 2554 2590 2589
f 2555 2556 2591
f 2555 2591 2590
f 2556 2557 2592
f 2556 2592 2591
f 2558 2559 2594
f 2558 2594 2593
f 2559 2560 2595
f 2559 2595 2594
f 2560 2561 2596
f 2560 2596 2595
f 2561 2562 2597
f 2561 2597 2596
f 2562 2563 2598
f 2562 2598 2597
f 2563 2564 2599
f 2563 2599 2598
f 2564 2565 2600
f 2564 2600 2599
f 2565 2566 2601
f 2565 2601 2600
f 2566 2567 2602
f 2566 2602 2601
f 2567 2568 2603
f 2567 2603 2602
f 2568 2569 2604
f 2568 2604 2603
f 2569 2570 2605
f 2569 2605 2604
f 2570 2571 2606
f 2570 2606 2605
f 2571 2572 2607
f 2571 2607 2606
f 2572 2573 2608
f 2572 2608 2607
f 2573 2574 2609
f 2573 2609 2608
f 2574 2575 2610
f 2574 2610 2609
f 2575 2576 2611
f 2575 2611 2610
f 2576 2577 2612
f 2576 2612 2611
f 2577 2578 2613
f 2577 2613 2612
f 2578 2579 2614
f 2578 2614 2613
f 2579 2580 2615
f 2579 2615 2614
f 2580 2581 2616
f 2580 2616 2615
f 2581 2582 2617
f 2581 2617 2616
f 2582 2583 2618
f 2582 2618 2617
f 2583 2584 2619
f 2583 2619 2618
f 2584 2585 2620
f 2584 2620 2619
f 2585 2586 2621
f 2585 2621 2620
f 2586 2587 2622
f 2586 2622 2621
f 2587 2588 2623
f 2587 2623 2622
f 2588 2589 2624
f 2588 2624 2623
f 2589 2590 2625
f 2589 2625 2624
f 2590 2591 2626
f 2590 2626 2625
f 2591 2592 2627
f 2591 2627 2626
f 2593 2594 2629
f 2593 2629 2628
f 2594 2595 2630
f 2594 2630 2629
f 2595 2596 2631
f 2595 2631 2630
f 2596 2597 2632
f 2596 2632 2631
f 2597 2598 2633
f 2597 2633 2632
f 2598 2599 2634
f 2598 2634 2633
f 2599 2600 2635
f 2599 2635 2634
f 2600 2601 2636
f 2600 2636 2635
f 2601 2602 2637
f 2601 2637 2636
f 2602 2603 2638
f 2602 2638 2637
f 2603 2604 2639
f 2603 2639 2638
f 2604 2605 2640
f 2604 2640 2639
f 2605 2606 2641
f 2605 2641 2640
f 2606 2607 2642
f 2606 2642 2641
f 2607 2608 2643
f 2607 2643 2642
f 2608 2609 2644
f 2608 2644 2643
f 2609 2610 2645
f 2609 2645 2644
f 2610 2611 2646
f 2610 2646 2645
f 2611 2612 2647
f 2611 2647 2646
f 2612 2613 2648
f 2612 2648 2647
f 2613 2614 2649
f 2613 2649 2648
f 2614 2615 2650
f 2614 2650 2649
f 2615 2616 2651
f 2615 2651 2650
f 2616 2617 2652
f 2616 2652 2651
f 2617 2618 2653
f 2617 2653 2652
f 2618 2619 2654
f 2618 2654 2653
f 2619 2620 2655
f 2619 2655 2654
f 2620 2621 2656
f 2620 2656 2655
f 2621 2622 2657
f 2621 2657 2656
f 2622 2623 2658
f 2622 2658 2657
f 2623 2624 2659
f 2623 2659 2658
f 2624 2625 2660
f 2624 2660 2659
f 2625 2626 2661
f 2625 2661 2660
f 2626 2627 2662
f 2626 2662 2661
f 2628 2629 2664
f 2628 2664 2663
f 2629 2630 2665
f 2629 2665 2664
f 2630 2631 2666
f 2630 2666 2665
f 2631 2632 2667
f 2631 2667 2666
f 2632 2633 2668
f 2632 2668 2667
f 2633 2634 2669
f 2633 2669 2668
f 2634 2635 2670
f 2634 2670 2669
f 2635 2636 2671
f 2635 2671 2670
f 2636 2637 2672
f 2636 2672 2671
f 2637 2638 2673
f 2637 2673 2672
f 2638 2639 2674
f 2638 2674 2673
f 2639 2640 2675
f 2639 2675 2674
f 2640 2641 2676
f 2640 2676 2675
f 2641 2642 2677
f 2641 2677 2676
f 2642 2643 2678
f 2642 2678 2677
f 2643 2644 2679
f 2643 2679 2678
f 2644 2645 2680
f 2644 2680 2679
f 2645 2646 2681
f 2645 2681 2680
f 2646 2647 2682
f 2646 2682 2681
f 2647 2648 2683
f 2647 2683 2682
f 2648 2649 2684
f 2648 2684 2683
f 2649 2650 2685
f 2649 2685 2684
f 2650 2651 2686
f 2650 2686 2685
f 2651 2652 2687
f 2651 2687 2686
f 2652 2653 2688
f 2652 2688 2687
f 2653 2654 2689
f 2653 2689 2688
f 2654 2655 2690
f 2654 2690 2689
f 2655 2656 2691
f 2655 2691 2690
f 2656 2657 2692
f 2656 2692 2691
f 2657 2658 2693
f 2657 2693 2692
f 2658 2659 2694
f 2658 2694 2693
f 2659 2660 2695
f 2659 2695 2694
f 2660 2661 2696
f 2660 2696 2695
f 2661 2662 2697
f 2661 2697 2696
f 2663 2664 2699
f 2663 2699 2698
f 2664 2665 2700
f 2664 2700 2699
f 2665 2666 2701
f 2665 2701 2700
f 2666 2667 2702
f 2666 2702 2701
f 2667 2668 2703
f 2667 2703 2702
f 2668 2669 2704
f 2668 2704 2703
f 2669 2670 2705
f 2669 2705 2704
f 2670 2671 2706
f 2670 2706 2705
f 2671 2672 2707
f 2671 2707 2706
f 2672 2673 2708
f 2672 2708 2707
f 2673 2674 2709
f 2673 2709 2708
f 2674 2675 2710
f 2674 2710 2709
f 2675 2676 2711
f 2675 2711 2710
f 2676 2677 2712
f 2676 2712 2711
f 2677 2678 2713
f 2677 2713 2712
f 2678 2679 2714
f 2678 2714 2713
f 2679 2680 2715
f 2679 2715 2714
f 2680 2681 2716
f 2680 2716 2715
f 2681 2682 2717
f 2681 2717 2716
f 2682 2683 2718
f 2682 2718 2717
f 2683 2684 2719
f 2683 2719 2718
f 2684 2685 2720
f 2684 2720 2719
f 2685 2686 2721
f 2685 2721 2720
f 2686 2687 2722
f 2686 2722 2721
f 2687 2688 2723
f 2687 2723 2722
f 2688 2689 2724
f 2688 2724 2723
f 2689 2690 2725
f 2689 2725 2724
f 2690 2691 2726
f 2690 2726 2725
f 2691 2692 2727
f 2691 2727 2726
f 2692 2693 2728
f 2692 2728 2727
f 2693 2694 2729
f 2693 2729 2728
f 2694 2695 2730
f 2694 2730 2729
f 2695 2696 2731
f 2695 2731 2730
f 2696 2697 2732
f 2696 2732 2731
f 2698 2699 2734
f 2698 2734 2733
f 2699 2700 2735
f 2699 2735 2734
f 2700 2701 2736
f 2700 2736 2735
f 2701 2702 2737
f 2701 2737 2736
f 2702 2703 2738
f 2702 2738 2737
f 2703 2704 2739
f 2703 2739 2738
f 2704 2705 2740
f 2704 2740 2739
f 2705 2706 2741
f 2705 2741 2740
f 2706 2707 2742
f 2706 2742 2741
f 2707 2708 2743
f 2707 2743 2742
f 2708 2709 2744
f 2708 2744 2743
f 2709 2710 2745
f 2709 2745 2744
f 2710 2711 2746
f 2710 2746 2745
f 2711 2712 2747
f 2711 2747 2746
f 2712 2713 2748
f 2712 2748 2747
f 2713 2714 2749
f 2713 2749 2748
f 2714 2715 2750
f 2714 2750 2749
f 2715 2716 2751
f 2715 2751 2750
f 2716 2717 2752
f 2716 2752 2751
f 2717 2718 2753
f 2717 2753 2752
f 2718 2719 2754
f 2718 2754 2753
f 2719 2720 2755
f 2719 2755 2754
f 2720 2721 2756
f 2720 2756 2755
f 2721 2722 2757
f 2721 2757 2756
f 2722 2723 2758
f 2722 2758 2757
f 2723 2724 2759
f 2723 2759 2758
f 2724 2725 2760
f 2724 2760 2759
f 2725 2726 2761
f 2725 2761 2760
f 2726 2727 2762
f 2726 2762 2761
f 2727 2728 2763
f 2727 2763 2762
f 2728 2729 2764
f 2728 2764 2763
f 2729 2730 2765
f 2729 2765 2764
f 2730 2731 2766
f 2730 2766 2765
f 2731 2732 2767
f 2731 2767 2766
f 2733 2734 2769
f 2733 2769 2768
f 2734 2735 2770
f 2734 2770 2769
f 2735 2736 2771
f 2735 2771 2770
f 2736 2737 2772
f 2736 2772 2771
f 2737 2738 2773
f 2737 2773 2772
f 2738 2739 2774
f 2738 2774 2773
f 2739 2740 2775
f 2739 2775 2774
f 2740 2741 2776
f 2740 2776 2775
f 2741 2742 2777
f 2741 2777 2776
f 2742 2743 2778
f 2742 2778 2777
f 2743 2744 2779
f 2743 2779 2778
f 2744 2745 2780
f 2744 2780 2779
f 2745 2746 2781
f 2745 2781 2780
f 2746 2747 2782
f 2746 2782 2781
f 2747 2748 2783
f 2747 2783 2782
f 2748 2749 2784
f 2748 2784 2783
f 2749 2750 2785
f 2749 2785 2784
f 2750 2751 2786
f 2750 2786 2785
f 2751 2752 2787
f 2751 2787 2786
f 2752 2753 2788
f 2752 2788 2787
f 2753 2754 2789
f 2753 2789 2788
f 2754 2755 2790
f 2754 2790 2789
f 2755 2756 2791
f 2755 2791 2790
f 2756 2757 2792
f 2756 2792 2791
f 2757 2758 2793
f 2757 2793 2792
f 2758 2759 2794
f 2758 2794 2793
f 2759 2760 2795
f 2759 2795 2794
f 2760 2761 2796
f 2760 2796 2795
f 2761 2762 2797
f 2761 2797 2796
f 2762 2763 2798
f 2762 2798 2797
f 2763 2764 2799
f 2763 2799 2798
f 2764 2765 2800
f 2764 2800 2799
f 2765 2766 2801
f 2765 2801 2800
f 2766 2767 2802
f 2766 2802 2801
f 2768 2769 2804
f 2768 2804 2803
f 2769 2770 2805
f 2769 2805 2804
f 2770 2771 2806
f 2770 2806 2805
f 2771 2772 2807
f 2771 2807 2806
f 2772 2773 2808
f 2772 2808 2807
f 2773 2774 2809
f 2773 2809 2808
f 2774 2775 2810
f 2774 2810 2809
f 2775 2776 2811
f 2775 2811 2810
f 2776 2777 2812
f 2776 2812 2811
f 2777 2778 2813
f 2777 2813 2812
f 2778 2779 2814
f 2778 2814 2813
f 2779 2780 2815
f 2779 2815 2814
f 2780 2781 2816
f 2780 2816 2815
f 2781 2782 2817
f 2781 2817 2816
f 2782 2783 2818
f 2782 2818 2817
f 2783 2784 2819
f 2783 2819 2818
f 2784 2785 2820
f 2784 2820 2819
f 2785 2786 2821
f 2785 2821 2820
f 2786 2787 2822
f 2786 2822 2821
f 2787 2788 2823
f 2787 2823 2822
f 2788 2789 2824
f 2788 2824 2823
f 2789 2790 2825
f 2789 2825 2824
f 2790 2791 2826
f 2790 2826 2825
f 2791 2792 2827
f 2791 2827 2826
f 2792 2793 2828
f 2792 2828 2827
f 2793 2794 2829
f 2793 2829 2828
f 2794 2795 2830
f 2794 2830 2829
f 2795 2796 2831
f 2795 2831 2830
f 2796 2797 2832
f 2796 2832 2831
f 2797 2798 2833
f 2797 2833 2832
f 2798 2799 2834
f 2798 2834 2833
f 2799 2800 2835
f 2799 2835 2834
f 2800 2801 2836
f 2800 2836 2835
f 2801 2802 2837
f 2801 2837 2836
f 2803 2804 2840
f 2803 2840 2839
f 2804 2805 2841
f 2804 2841 2840
f 2805 2806 2842
f 2805 2842 2841
f 2806 2807 2843
f 2806 2843 2842
f 2807 2808 2844
f 2807 2844 2843
f 2808 2809 2845
f 2808 2845 2844
f 2809 2810 2846
f 2809 2846 2845
f 2810 2811 2847
f 2810 2847 2846
f 2811 2812 2848
f 2811 2848 2847
f 2812 2813 2849
f 2812 2849 2848
f 2813 2814 2850
f 2813 2850 2849
f 2814 2815 2851
f 2814 2851 2850
f 2815 2816 2852
f 2815 2852 2851
f 2816 2817 2853
f 2816 2853 2852
f 2817 2818 2854
f 2817 2854 2853
f 2818 2819 2855
f 2818 2855 2854
f 2819 2820 2856
f 2819 2856 2855
f 2820 2821 2857
f 2820 2857 2856
f 2821 2822 2858
f 2821 2858 2857
f 2822 2823 2859
f 2822 2859 2858
f 2823 2824 2860
f 2823 2860 2859
f 2824 2825 2861
f 2824 2861 2860
f 2825 2826 2862
f 2825 2862 2861
f 2826 2827 2863
f 2826 2863 2862
f 2827 2828 2864
f 2827 2864 2863
f 2828 2829 2865
f 2828 2865 2864
f 2829 2830 2866
f 2829 2866 2865
f 2830 2831 2867
f 2830 2867 2866
f 2831 2832 2868
f 2831 2868 2867
f 2832 2833 2869
f 2832 2869 2868
f 2833 2834 2870
f 2833 2870 2869
f 2834 2835 2871
f 2834 2871 2870
f 2835 2836 2872
f 2835 2872 2871
f 2836 2837 2873
f 2836 2873 2872
f 2837 2874 2873
f 2838 2839 2876
f 2838 2876 2875
f 2839 2840 2877
f 2839 2877 2876
f 2840 2841 2878
f 2840 2878 2877
f 2841 2842 2879
f 2841 2879 2878
f 2842 2843 2880
f 2842 2880 2879
f 2843 2844 2881
f 2843 2881 2880
f 2844 2845 2882
f 2844 2882 2881
f 2845 2846 2883
f 2845 2883 2882
f 2846 2847 2884
f 2846 2884 2883
f 2847 2848 2885
f 2847 2885 2884
f 2848 2849 2886
f 2848 2886 2885
f 2849 2850 2887
f 2849 2887 2886
f 2850 2851 2888
f 2850 2888 2887
f 2851 2852 2889
f 2851 2889 2888
f 2852 2853 2890
f 2852 2890 2889
f 2853 2854 2891
f 2853 2891 2890
f 2854 2855 2892
f 2854 2892 2891
f 2855 2856 2893
f 2855 2893 2892
f 2856 2857 2894
f 2856 2894 2893
f 2857 2858 2895
f 2857 2895 2894
f 2858 2859 2896
f 2858 2896 2895
f 2859 2860 2897
f 2859 2897 2896
f 2860 2861 2898
f 2860 2898 2897
f 2861 2862 2899
f 2861 2899 2898
f 2862 2863 2900
f 2862 2900 2899
f 2863 2864 2901
f 2863 2901 2900
f 2864 2865 2902
f 2864 2902 2901
f 2865 2866 2903
f 2865 2903 2902
f 2866 2867 2904
f 2866 2904 2903
f 2867 2868 2905
f 2867 2905 2904
f 2868 2869 2906
f 2868 2906 2905
f 2869 2870 2907
f 2869 2907 2906
f 2870 2871 2908
f 2870 2908 2907
f 2871 2872 2909
f 2871 2909 2908
f 2872 2873 2910
f 2872 2910 2909
f 2873 2874 2911
f 2873 2911 2910
f 2875 2876 2913
f 2875 2913 2912
f 2876 2877 2914
f 2876 2914 2913
f 2877 2878 2915
f 2877 2915 2914
f 2878 2879 2916
f 2878 2916 2915
f 2879 2880 2917
f 2879 2917 2916
f 2880 2881 2918
f 2880 2918 2917
f 2881 2882 2919
f 2881 2919 2918
f 2882 2883 2920
f 2882 2920 2919
f 2883 2884 2921
f 2883 2921 2920
f 2884 2885 2922
f 2884 2922 2921
f 2885 2886 2923
f 2885 2923 2922
f 2886 2887 2924
f 2886 2924 2923
f 2887 2888 2925
f 2887 2925 2924
f 2888 2889 2926
f 2888 2926 2925
f 2889 2890 2927
f 2889 2927 2926
f 2890 2891 2928
f 2890 2928 2927
f 2891 2892 2929
f 2891 2929 2928
f 2892 2893 2930
f 2892 2930 2929
f 2893 2894 2931
f 2893 2931 2930
f 2894 2895 2932
f 2894 2932 2931
f 2895 2896 2933
f 2895 2933 2932
f 2896 2897 2934
f 2896 2934 2933
f 2897 2898 2935
f 2897 2935 2934
f 2898 2899 2936
f 2898 2936 2935
f 2899 2900 2937
f 2899 2937 2936
f 2900 2901 2938
f 2900 2938 2937
f 2901 2902 2939
f 2901 2939 2938
f 2902 2903 2940
f 2902 2940 2939
f 2903 2904 2941
f 2903 2941 2940
f 2904 2905 2942
f 2904 2942 2941
f 2905 2906 2943
f 2905 2943 2942
f 2906 2907 2944
f 2906 2944 2943
f 2907 2908 2945
f 2907 2945 2944
f 2908 2909 2946
f 2908 2946 2945
f 2909 2910 2947
f 2909 2947 2946
f 2910 2911 2948
f 2910 2948 2947
f 2912 2913 2950
f 2912 2950 2949
f 2913 2914 2951
f 2913 2951 2950
f 2914 2915 2952
f 2914 2952 2951
f 2915 2916 2953
f 2915 2953 2952
f 2916 2917 2954
f 2916 2954 2953
f 2917 2918 2955
f 2917 2955 2954
f 2918 2919 2956
f 2918 2956 2955
f 2919 2920 2957
f 2919 2957 2956
f 2920 2921 2958
f 2920 2958 2957
f 2921 2922 2959
f 2921 2959 2958
f 2922 2923 2960
f 2922 2960 2959
f 2923 2924 2961
f 2923 2961 2960
f 2924 2925 2962
f 2924 2962 2961
f 2925 2926 2963
f 2925 2963 2962
f 2926 2927 2964
f 2926 2964 2963
f 2927 2928 2965
f 2927 2965 2964
f 2928 2929 2966
f 2928 2966 2965
f 2929 2930 2967
f 2929 2967 2966
f 2930 2931 2968
f 2930 2968 2967
f 2931 2932 2969
f 2931 2969 2968
f 2932 2933 2970
f 2932 2970 2969
f 2933 2934 2971
f 2933 2971 2970
f 2934 2935 2972
f 2934 2972 2971
f 2935 2936 2973
f 2935 2973 2972
f 2936 2937 2974
f 2936 2974 2973
f 2937 2938 2975
f 2937 2975 2974
f 2938 2939 2976
f 2938 2976 2975
f 2939 2940 2977
f 2939 2977 2976
f 2940 2941 2978
f 2940 2978 2977
f 2941 2942 2979
f 2941 2979 2978
f 2942 2943 2980
f 2942 2980 2979
f 2943 2944 2981
f 2943 2981 2980
f 2944 2945 2982
f 2944 2982 2981
f 2945 2946 2983
f 2945 2983 2982
f 2946 2947 2984
f 2946 2984 2983
f 2947 2948 2985
f 2947 2985 2984
f 2949 2950 2987
f 2949 2987 2986
f 2950 2951 2988
f 2950 2988 2987
f 2951 2952 2989
f 2951 2989 2988
f 2952 2953 2990
f 2952 2990 2989
f 2953 2954 2991
f 2953 2991 2990
f 2954 2955 2992
f 2954 2992 2991
f 2955 2956 2993
f 2955 2993 2992
f 2956 2957 2994
f 2956 2994 2993
f 2957 2958 2995
f 2957 2995 2994
f 2958 2959 2996
f 2958 2996 2995
f 2959 2960 2997
f 2959 2997 2996
f 2960 2961 2998
f 2960 2998 2997
f 2961 2962 2999
f 2961 2999 2998
f 2962 2963 3000
f 2962 3000 2999
f 2963 2964 3001
f 2963 3001 3000
f 2964 2965 3002
f 2964 3002 3001
f 2965 2966 3003
f 2965 3003 3002
f 2966 2967 3004
f 2966 3004 3003
f 2967 2968 3005
f 2967 3005 3004
f 2968 2969 3006
f 2968 3006 3005
f 2969 2970 3007
f 2969 3007 3006
f 2970 2971 3008
f 2970 3008 3007
f 2971 2972 3009
f 2971 3009 3008
f 2972 2973 3010
f 2972 3010 3009
f 2973 2974 3011
f 2973 3011 3010
f 2974 2975 3012
f 2974 3012 3011
f 2975 2976 3013
f 2975 3013 3012
f 2976 2977 3014
f 2976 3014 3013
f 2977 2978 3015
f 2977 3015 3014
f 2978 2979 3016
f 2978 3016 3015
f 2979 2980 3017
f 2979 3017 3016
f 2980 2981 3018
f 2980 3018 3017
f 2981 2982 3019
f 2981 3019 3018
f 2982 2983 3020
f 2982 3020 3019
f 2983 2984 3021
f 2983 3021 3020
f 2984 2985 3022
f 2984 3022 3021
f 2986 2987 3024
f 2986 3024 3023
f 2987 2988 3025
f 2987 3025 3024
f 2988 2989 3026
f 2988 3026 3025
f 2989 2990 3027
f 2989 3027 3026
f 2990 2991 3028
f 2990 3028 3027
f 2991 2992 3029
f 2991 3029 3028
f 2992 2993 3030
f 2992 3030 3029
f 2993 2994 3031
f 2993 3031 3030
f 2994 2995 3032
f 2994 3032 3031
f 2995 2996 3033
f 2995 3033 3032
f 2996 2997 3034
f 2996 3034 3033
f 2997 2998 3035
f 2997 3035 3034
f 2998 2999 3036
f 2998 3036 3035
f 2999 3000 3037
f 2999 3037 3036
f 3000 3001 3038
f 3000 3038 3037
f 3001 3002 3039
f 3001 3039 3038
f 3002 3003 3040
f 3002 3040 3039
f 3003 3004 3041
f 3003 3041 3040
f 3004 3005 3042
f 3004 3042 3041
f 3005 3006 3043
f 3005 3043 3042
f 3006 3007 3044
f 3006 3044 3043
f 3007 3008 3045
f 3007 3045 3044
f 3008 3009 3046
f 3008 3046 3045
f 3009 3010 3047
f 3009 3047 3046
f 3010 3011 3048
f 3010 3048 3047
f 3011 3012 3049
f 3011 3049 3048
f 3012 3013 3050
f 3012 3050 3049
f 3013 3014 3051
f 3013 3051 3050
f 3014 3015 3052
f 3014 3052 3051
f 3015 3016 3053
f 3015 3053 3052
f 3016 3017 3054
f 3016 3054 3053
f 3017 3018 3055
f 3017 3055 3054
f 3018 3019 3056
f 3018 3056 3055
f 3019 3020 3057
f 3019 3057 3056
f 3020 3021 3058
f 3020 3058 3057
f 3021 3022 3059
f 3021 3059 3058
f 3023 3024 3061
f 3023 3061 3060
f 3024 3025 3062
f 3024 3062 3061
f 3025 3026 3063
f 3025 3063 3062
f 3026 3027 3064
f 3026 3064 3063
f 3027 3028 3065
f 3027 3065 3064
f 3028 3029 3066
f 3028 3066 3065
f 3029 3030 3067
f 3029 3067 3066
f 3030 3031 3068
f 3030 3068 3067
f 3031 3032 3069
f 3031 3069 3068
f 3032 3033 3070
f 3032 3070 3069
f 3033 3034 3071
f 3033 3071 3070
f 3034 3035 3072
f 3034 3072 3071
f 3035 3036 3073
f 3035 3073 3072
f 3036 3037 3074
f 3036 3074 3073
f 3037 3038 3075
f 3037 3075 3074
f 3038 3039 3076
f 3038 3076 3075
f 3039 3040 3077
f 3039 3077 3076
f 3040 3041 3078
f 3040 3078 3077
f 3041 3042 3079
f 3041 3079 3078
f 3042 3043 3080
f 3042 3080 3079
f 3043 3044 3081
f 3043 3081 3080
f 3044 3045 3082
f 3044 3082 3081
f 3045 3046 3083
f 3045 3083 3082
f 3046 3047 3084
f 3046 3084 3083
f 3047 3048 3085
f 3047 3085 3084
f 3048 3049 3086
f 3048 3086 3085
f 3049 3050 3087
f 3049 3087 3086
f 3050 3051 3088
f 3050 3088 3087
f 3051 3052 3089
f 3051 3089 3088
f 3052 3053 3090
f 3052 3090 3089
f 3053 3054 3091
f 3053 3091 3090
f 3054 3055 3092
f 3054 3092 3091
f 3055 3056 3093
f 3055 3093 3092
f 3056 3057 3094
f 3056 3094 3093
f 3057 3058 3095
f 3057 3095 3094
f 3058 3059 3096
f 3058 3096 3095
f 3060 3061 3098
f 3060 3098 3097
f 3061 3062 3099
f 3061 3099 3098
f 3062 3063 3100
f 3062 3100 3099
f 3063 3064 3101
f 3063 3101 3100
f 3064 3065 3102
f 3064 3102 3101
f 3065 3066 3103
f 3065 3103 3102
f 3066 3067 3104
f 3066 3104 3103
f 3067 3068 3105
f 3067 3105 3104
f 3068 3069 3106
f 3068 3106 3105
f 3069 3070 3107
f 3069 3107 3106
f 3070 3071 3108
f 3070 3108 3107
f 3071 3072 3109
f 3071 3109 3108
f 3072 3073 3110
f 3072 3110 3109
f 3073 3074 3111
f 3073 3111 3110
f 3074 3075 3112
f 3074 3112 3111
f 3075 3076 3113
f 3075 3113 3112
f 3076 3077 3114
f 3076 3114 3113
f 3077 3078 3115
f 3077 3115 3114
f 3078 3079 3116
f 3078 3116 3115
f 3079 3080 3117
f 3079 3117 3116
f 3080 3081 3118
f 3080 3118 3117
f 3081 3082 3119
f 3081 3119 3118
f 3082 3083 3120
f 3082 3120 3119
f 3083 3084 3121
f 3083 3121 3120
f 3084 3085 3122
f 3084 3122 3121
f 3085 3086 3123
f 3085 3123 3122
f 3086 3087 3124
f 3086 3124 3123
f 3087 3088 3125
f 3087 3125 3124
f 3088 3089 3126
f 3088 3126 3125
f 3089 3090 3127
f 3089 3127 3126
f 3090 3091 3128
f 3090 3128 3127
f 3091 3092 3129
f 3091 3129 3128
f 3092 3093 3130
f 3092 3130 3129
f 3093 3094 3131
f 3093 3131 3130
f 3094 3095 3132
f 3094 3132 3131
f 3095 3096 3133
f 3095 3133 3132
f 3097 3098 3135
f 3097 3135 3134
f 3098 3099 3136
f 3098 3136 3135
f 3099 3100 3137
f 3099 3137 3136
f 3100 3101 3138
f 3100 3138 3137
f 3101 3102 3139
f 3101 3139 3138
f 3102 3103 3140
f 3102 3140 3139
f 3103 3104 3141
f 3103 3141 3140
f 3104 3105 3142
f 3104 3142 3141
f 3105 3106 3143
f 3105 3143 3142
f 3106 3107 3144
f 3106 3144 3143
f 3107 3108 3145
f 3107 3145 3144
f 3108 3109 3146
f 3108 3146 3145
f 3109 3110 3147
f 3109 3147 3146
f 3110 3111 3148
f 3110 3148 3147
f 3111 3112 3149
f 3111 3149 3148
f 3112 3113 3150
f 3112 3150 3149
f 3113 3114 3151
f 3113 3151 3150
f 3114 3115 3152
f 3114 3152 3151
f 3115 3116 3153
f 3115 3153 3152
f 3116 3117 3154
f 3116 3154 3153
f 3117 3118 3155
f 3117 3155 3154
f 3118 3119 3156
f 3118 3156 3155
f 3119 3120 3157
f 3119 3157 3156
f 3120 3121 3158
f 3120 3158 3157
f 3121 3122 3159
f 3121 3159 3158
f 3122 3123 3160
f 3122 3160 3159
f 3123 3124 3161
f 3123 3161 3160
f 3124 3125 3162
f 3124 3162 3161
f 3125 3126 3163
f 3125 3163 3162
f 3126 3127 3164
f 3126 3164 3163
f 3127 3128 3165
f 3127 3165 3164
f 3128 3129 3166
f 3128 3166 3165
f 3129 3130 3167
f 3129 3167 3166
f 3130 3131 3168
f 3130 3168 3167
f 3131 3132 3169
f 3131 3169 3168
f 3132 3133 3170
f 3132 3170 3169
f 3134 3135 3173
f 3134 3173 3172
f 3135 3136 3174
f 3135 3174 3173
f 3136 3137 3175
f 3136 3175 3174
f 3137 3138 3176
f 3137 3176 3175
f 3138 3139 3177
f 3138 3177 3176
f 3139 3140 3178
f 3139 3178 3177
f 3140 3141 3179
f 3140 3179 3178
f 3141 3142 3180
f 3141 3180 3179
f 3142 3143 3181
f 3142 3181 3180
f 3143 3144 3182
f 3143 3182 3181
f 3144 3145 3183
f 3144 3183 3182
f 3145 3146 3184
f 3145 3184 3183
f 3146 3147 3185
f 3146 3185 3184
f 3147 3148 3186
f 3147 3186 3185
f 3148 3149 3187
f 3148 3187 3186
f 3149 3150 3188
f 3149 3188 3187
f 3150 3151 3189
f 3150 3189 3188
f 3151 3152 3190
f 3151 3190 3189
f 3152 3153 3191
f 3152 3191 3190
f 3153 3154 3192
f 3153 3192 3191
f 3154 3155 3193
f 3154 3193 3192
f 3155 3156 3194
f 3155 3194 3193
f 3156 3157 3195
f 3156 3195 3194
f 3157 3158 3196
f 3157 3196 3195
f 3158 3159 3197
f 3158 3197 3196
f 3159 3160 3198
f 3159 3198 3197
f 3160 3161 3199
f 3160 3199 3198
f 3161 3162 3200
f 3161 3200 3199
f 3162 3163 3201
f 3162 3201 3200
f 3163 3164 3202
f 3163 3202 3201
f 3164 3165 3203
f 3164 3203 3202
f 3165 3166 3204
f 3165 3204 3203
f 3166 3167 3205
f 3166 3205 3204
f 3167 3168 3206
f 3167 3206 3205
f 3168 3169 3207
f 3168 3207 3206
f 3169 3170 3208
f 3169 3208 3207
f 3171 3172 3210
f 3171 3210 3209
f 3172 3173 3211
f 3172 3211 3210
f 3173 3174 3212
f 3173 3212 3211
f 3174 3175 3213
f 3174 3213 3212
f 3175 3176 3214
f 3175 3214 3213
f 3176 3177 3215
f 3176 3215 3214
f 3177 3178 3216
f 3177 3216 3215
f 3178 3179 3217
f 3178 3217 3216
f 3179 3180 3218
f 3179 3218 3217
f 3180 3181 3219
f 3180 3219 3218
f 3181 3182 3220
f 3181 3220 3219
f 3182 3183 3221
f 3182 3221 3220
f 3183 3184 3222
f 3183 3222 3221
f 3184 3185 3223
f 3184 3223 3222
f 3185 3186 3224
f 3185 3224 3223
f 3186 3187 3225
f 3186 3225 3224
f 3187 3188 3226
f 3187 3226 3225
f 3188 3189 3227
f 3188 3227 3226
f 3189 3190 3228
f 3189 3228 3227
f 3190 3191 3229
f 3190 3229 3228
f 3191 3192 3230
f 3191 3230 3229
f 3192 3193 3231
f 3192 3231 3230
f 3193 3194 3232
f 3193 3232 3231
f 3194 3195 3233
f 3194 3233 3232
f 3195 3196 3234
f 3195 3234 3233
f 3196 3197 3235
f 3196 3235 3234
f 3197 3198 3236
f 3197 3236 3235
f 3198 3199 3237
f 3198 3237 3236
f 3199 3200 3238
f 3199 3238 3237
f 3200 3201 3239
f 3200 3239 3238
f 3201 3202 3240
f 3201 3240 3239
f 3202 3203 3241
f 3202 3241 3240
f 3203 3204 3242
f 3203 3242 3241
f 3204 3205 3243
f 3204 3243 3242
f 3205 3206 3244
f 3205 3244 3243
f 3206 3207 3245
f 3206 3245 3244
f 3207 3208 3246
f 3207 3246 3245
f 3209 3210 3248
f 3209 3248 3247
f 3210 3211 3249
f 3210 3249 3248
f 3211 3212 3250
f 3211 3250 3249
f 3212 3213 3251
f 3212 3251 3250
f 3213 3214 3252
f 3213 3252 3251
f 3214 3215 3253
f 3214 3253 3252
f 3215 3216 3254
f 3215 3254 3253
f 3216 3217 3255
f 3216 3255 3254
f 3217 3218 3256
f 3217 3256 3255
f 3218 3219 3257
f 3218 3257 3256
f 3219 3220 3258
f 3219 3258 3257
f 3220 3221 3259
f 3220 3259 3258
f 3221 3222 3260
f 3221 3260 3259
f 3222 3223 3261
f 3222 3261 3260
f 3223 3224 3262
f 3223 3262 3261
f 3224 3225 3263
f 3224 3263 3262
f 3225 3226 3264
f 3225 3264 3263
f 3226 3227 3265
f 3226 3265 3264
f 3227 3228 3266
f 3227 3266 3265
f 3228 3229 3267
f 3228 3267 3266
f 3229 3230 3268
f 3229 3268 3267
f 3230 3231 3269
f 3230 3269 3268
f 3231 3232 3270
f 3231 3270 3269
f 3232 3233 3271
f 3232 3271 3270
f 3233 3234 3272
f 3233 3272 3271
f 3234 3235 3273
f 3234 3273 3272
f 3235 3236 3274
f 3235 3274 3273
f 3236 3237 3275
f 3236 3275 3274
f 3237 3238 3276
f 3237 3276 3275
f 3238 3239 3277
f 3238 3277 3276
f 3239 3240 3278
f 3239 3278 3277
f 3240 3241 3279
f 3240 3279 3278
f 3241 3242 3280
f 3241 3280 3279
f 3242 3243 3281
f 3242 3281 3280
f 3243 3244 3282
f 3243 3282 3281
f 3244 3245 3283
f 3244 3283 3282
f 3245 3246 3284
f 3245 3284 3283
f 3247 3248 3286
f 3247 3286 3285
f 3248 3249 3287
f 3248 3287 3286
f 3249 3250 3288
f 3249 3288 3287
f 3250 3251 3289
f 3250 3289 3288
f 3251 3252 3290
f 3251 3290 3289
f 3252 3253 3291
f 3252 3291 3290
f 3253 3254 3292
f 3253 3292 3291
f 3254 3255 3293
f 3254 3293 3292
f 3255 3256 3294
f 3255 3294 3293
f 3256 3257 3295
f 3256 3295 3294
f 3257 3258 3296
f 3257 3296 3295
f 3258 3259 3297
f 3258 3297 3296
f 3259 3260 3298
f 3259 3298 3297
f 3260 3261 3299
f 3260 3299 3298
f 3261 3262 3300
f 3261 3300 3299
f 3262 3263 3301
f 3262 3301 3300
f 3263 3264 3302
f 3263 3302 3301
f 3264 3265 3303
f 3264 3303 3302
f 3265 3266 3304
f 3265 3304 3303
f 3266 3267 3305
f 3266 3305 3304
f 3267 3268 3306
f 3267 3306 3305
f 3268 3269 3307
f 3268 3307 3306
f 3269 3270 3308
f 3269 3308 3307
f 3270 3271 3309
f 3270 3309 3308
f 3271 3272 3310
f 3271 3310 3309
f 3272 3273 3311
f 3272 3311 3310
f 3273 3274 3312
f 3273 3312 3311
f 3274 3275 3313
f 3274 3313 3312
f 3275 3276 3314
f 3275 3314 3313
f 3276 3277 3315
f 3276 3315 3314
f 3277 3278 3316
f 3277 3316 3315
f 3278 3279 3317
f 3278 3317 3316
f 3279 3280 3318
f 3279 3318 3317
f 3280 3281 3319
f 3280 3319 3318
f 3281 3282 3320
f 3281 3320 3319
f 3282 3283 3321
f 3282 3321 3320
f 3283 3284 3322
f 3283 3322 3321
f 3284 3323 3322
f 3285 3286 3325
f 3285 3325 3324
f 3286 3287 3326
f 3286 3326 3325
f 3287 3288 3327
f 3287 3327 3326
f 3288 3289 3328
f 3288 3328 3327
f 3289 3290 3329
f 3289 3329 3328
f 3290 3291 3330
f 3290 3330 3329
f 3291 3292 3331
f 3291 3331 3330
f 3292 3293 3332
f 3292 3332 3331
f 3293 3294 3333
f 3293 3333 3332
f 3294 3295 3334
f 3294 3334 3333
f 3295 3296 3335
f 3295 3335 3334
f 3296 3297 3336
f 3296 3336 3335
f 3297 3298 3337
f 3297 3337 3336
f 3298 3299 3338
f 3298 3338 3337
f 3299 3300 3339
f 3299 3339 3338
f 3300 3301 3340
f 3300 3340 3339
f 3301 3302 3341
f 3301 3341 3340
f 3302 3303 3342
f 3302 3342 3341
f 3303 3304 3343
f 3303 3343 3342
f 3304 3305 3344
f 3304 3344 3343
f 3305 3306 3345
f 3305 3345 3344
f 3306 3307 3346
f 3306 3346 3345
f 3307 3308 3347
f 3307 3347 3346
f 3308 3309 3348
f 3308 3348 3347
f 3309 3310 3349
f 3309 3349 3348
f 3310 3311 3350
f 3310 3350 3349
f 3311 3312 3351
f 3311 3351 3350
f 3312 3313 3352
f 3312 3352 3351
f 3313 3314 3353
f 3313 3353 3352
f 3314 3315 3354
f 3314 3354 3353
f 3315 3316 3355
f 3315 3355 3354
f 3316 3317 3356
f 3316 3356 3355
f 3317 3318 3357
f 3317 3357 3356
f 3318 3319 3358
f 3318 3358 3357
f 3319 3320 3359
f 3319 3359 3358
f 3320 3321 3360
f 3320 3360 3359
f 3321 3322 3361
f 3321 3361 3360
f 3322 3323 3362
f 3322 3362 3361
f 3324 3325 3364
f 3324 3364 3363
f 3325 3326 3365
f 3325 3365 3364
f 3326 3327 3366
f 3326 3366 3365
f 3327 3328 3367
f 3327 3367 3366
f 3328 3329 3368
f 3328 3368 3367
f 3329 3330 3369
f 3329 3369 3368
f 3330 3331 3370
f 3330 3370 3369
f 3331 3332 3371
f 3331 3371 3370
f 3332 3333 3372
f 3332 3372 3371
f 3333 3334 3373
f 3333 3373 3372
f 3334 3335 3374
f 3334 3374 3373
f 3335 3336 3375
f 3335 3375 3374
f 3336 3337 3376
f 3336 3376 3375
f 3337 3338 3377
f 3337 3377 3376
f 3338 3339 3378
f 3338 3378 3377
f 3339 3340 3379
f 3339 3379 3378
f 3340 3341 3380
f 3340 3380 3379
f 3341 3342 3381
f 3341 3381 3380
f 3342 3343 3382
f 3342 3382 3381
f 3343 3344 3383
f 3343 3383 3382
f 3344 3345 3384
f 3344 3384 3383
f 3345 3346 3385
f 3345 3385 3384
f 3346 3347 3386
f 3346 3386 3385
f 3347 3348 3387
f 3347 3387 3386
f 3348 3349 3388
f 3348 3388 3387
f 3349 3350 3389
f 3349 3389 3388
f 3350 3351 3390
f 3350 3390 3389
f 3351 3352 3391
f 3351 3391 3390
f 3352 3353 3392
f 3352 3392 3391
f 3353 3354 3393
f 3353 3393 3392
f 3354 3355 3394
f 3354 3394 3393
f 3355 3356 3395
f 3355 3395 3394
f 3356 3357 3396
f 3356 3396 3395
f 3357 3358 3397
f 3357 3397 3396
f 3358 3359 3398
f 3358 3398 3397
f 3359 3360 3399
f 3359 3399 3398
f 3360 3361 3400
f 3360 3400 3399
f 3361 3362 3401
f 3361 3401 3400
f 3363 3364 3403
f 3363 3403 3402
f 3364 3365 3404
f 3364 3404 3403
f 3365 3366 3405
f 3365 3405 3404
f 3366 3367 3406
f 3366 3406 3405
f 3367 3368 3407
f 3367 3407 3406
f 3368 3369 3408
f 3368 3408 3407
f 3369 3370 3409
f 3369 3409 3408
f 3370 3371 3410
f 3370 3410 3409
f 3371 3372 3411
f 3371 3411 3410
f 3372 3373 3412
f 3372 3412 3411
f 3373 3374 3413
f 3373 3413 3412
f 3374 3375 3414
f 3374 3414 3413
f 3375 3376 3415
f 3375 3415 3414
f 3376 3377 3416
f 3376 3416 3415
f 3377 3378 3417
f 3377 3417 3416
f 3378 3379 3418
f 3378 3418 3417
f 3379 3380 3419
f 3379 3419 3418
f 3380 3381 3420
f 3380 3420 3419
f 3381 3382 3421
f 3381 3421 3420
f 3382 3383 3422
f 3382 3422 3421
f 3383 3384 3423
f 3383 3423 3422
f 3384 3385 3424
f 3384 3424 3423
f 3385 3386 3425
f 3385 3425 3424
f 3386 3387 3426
f 3386 3426 3425
f 3387 3388 3427
f 3387 3427 3426
f 3388 3389 3428
f 3388 3428 3427
f 3389 3390 3429
f 3389 3429 3428
f 3390 3391 3430
f 3390 3430 3429
f 3391 3392 3431
f 3391 3431 3430
f 3392 3393 3432
f 3392 3432 3431
f 3393 3394 3433
f 3393 3433 3432
f 3394 3395 3434
f 3394 3434 3433
f 3395 3396 3435
f 3395 3435 3434
f 3396 3397 3436
f 3396 3436 3435
f 3397 3398 3437
f 3397 3437 3436
f 3398 3399 3438
f 3398 3438 3437
f 3399 3400 3439
f 3399 3439 3438
f 3400 3401 3440
f 3400 3440 3439
f 3402 3403 3442
f 3402 3442 3441
f 3403 3404 3443
f 3403 3443 3442
f 3404 3405 3444
f 3404 3444 3443
f 3405 3406 3445
f 3405 3445 3444
f 3406 3407 3446
f 3406 3446 3445
f 3407 3408 3447
f 3407 3447 3446
f 3408 3409 3448
f 3408 3448 3447
f 3409 3410 3449
f 3409 3449 3448
f 3410 3411 3450
f 3410 3450 3449
f 3411 3412 3451
f 3411 3451 3450
f 3412 3413 3452
f 3412 3452 3451
f 3413 3414 3453
f 3413 3453 3452
f 3414 3415 3454
f 3414 3454 3453
f 3415 3416 3455
f 3415 3455 3454
f 3416 3417 3456
f 3416 3456 3455
f 3417 3418 3457
f 3417 3457 3456
f 3418 3419 3458
f 3418 3458 3457
f 3419 3420 3459
f 3419 3459 3458
f 3420 3421 3460
f 3420 3460 3459
f 3421 3422 3461
f 3421 3461 3460
f 3422 3423 3462
f 3422 3462 3461
f 3423 3424 3463
f 3423 3463 3462
f 3424 3425 3464
f 3424 3464 3463
f 3425 3426 3465
f 3425 3465 3464
f 3426 3427 3466
f 3426 3466 3465
f 3427 3428 3467
f 3427 3467 3466
f 3428 3429 3468
f 3428 3468 3467
f 3429 3430 3469
f 3429 3469 3468
f 3430 3431 3470
f 3430 3470 3469
f 3431 3432 3471
f 3431 3471 3470
f 3432 3433 3472
f 3432 3472 3471
f 3433 3434 3473
f 3433 3473 3472
f 3434 3435 3474
f 3434 3474 3473
f 3435 3436 3475
f 3435 3475 3474
f 3436 3437 3476
f 3436 3476 3475
f 3437 3438 3477
f 3437 3477 3476
f 3438 3439 3478
f 3438 3478 3477
f 3439 3440 3479
f 3439 3479 3478
f 3441 3442 3481
f 3441 3481 3480
f 3442 3443 3482
f 3442 3482 3481
f 3443 3444 3483
f 3443 3483 3482
f 3444 3445 3484
f 3444 3484 3483
f 3445 3446 3485
f 3445 3485 3484
f 3446 3447 3486
f 3446 3486 3485
f 3447 3448 3487
f 3447 3487 3486
f 3448 3449 3488
f 3448 3488 3487
f 3449 3450 3489
f 3449 3489 3488
f 3450 3451 3490
f 3450 3490 3489
f 3451 3452 3491
f 3451 3491 3490
f 3452 3453 3492
f 3452 3492 3491
f 3453 3454 3493
f 3453 3493 3492
f 3454 3455 3494
f 3454 3494 3493
f 3455 3456 3495
f 3455 3495 3494
f 3456 3457 3496
f 3456 3496 3495
f 3457 3458 3497
f 3457 3497 3496
f 3458 3459 3498
f 3458 3498 3497
f 3459 3460 3499
f 3459 3499 3498
f 3460 3461 3500
f 3460 3500 3499
f 3461 3462 3501
f 3461 3501 3500
f 3462 3463 3502
f 3462 3502 3501
f 3463 3464 3503
f 3463 3503 3502
f 3464 3465 3504
f 3464 3504 3503
f 3465 3466 3505
f 3465 3505 3504
f 3466 3467 3506
f 3466 3506 3505
f 3467 3468 3507
f 3467 3507 3506
f 3468 3469 3508
f 3468 3508 3507
f 3469 3470 3509
f 3469 3509 3508
f 3470 3471 3510
f 3470 3510 3509
f 3471 3472 3511
f 3471 3511 3510
f 3472 3473 3512
f 3472 3512 3511
f 3473 3474 3513
f 3473 3513 3512
f 3474 3475 3514
f 3474 3514 3513
f 3475 3476 3515
f 3475 3515 3514
f 3476 3477 3516
f 3476 3516 3515
f 3477 3478 3517
f 3477 3517 3516
f 3478 3479 3518
f 3478 3518 3517
f 3480 3481 3521
f 3480 3521 3520
f 3481 3482 3522
f 3481 3522 3521
f 3482 3483 3523
f 3482 3523 3522
f 3483 3484 3524
f 3483 3524 3523
f 3484 3485 3525
f 3484 3525 3524
f 3485 3486 3526
f 3485 3526 3525
f 3486 3487 3527
f 3486 3527 3526
f 3487 3488 3528
f 3487 3528 3527
f 3488 3489 3529
f 3488 3529 3528
f 3489 3490 3530
f 3489 3530 3529
f 3490 3491 3531
f 3490 3531 3530
f 3491 3492 3532
f 3491 3532 3531
f 3492 3493 3533
f 3492 3533 3532
f 3493 3494 3534
f 3493 3534 3533
f 3494 3495 3535
f 3494 3535 3534
f 3495 3496 3536
f 3495 3536 3535
f 3496 3497 3537
f 3496 3537 3536
f 3497 3498 3538
f 3497 3538 3537
f 3498 3499 3539
f 3498 3539 3538
f 3499 3500 3540
f 3499 3540 3539
f 3500 3501 3541
f 3500 3541 3540
f 3501 3502 3542
f 3501 3542 3541
f 3502 3503 3543
f 3502 3543 3542
f 3503 3504 3544
f 3503 3544 3543
f 3504 3505 3545
f 3504 3545 3544
f 3505 3506 3546
f 3505 3546 3545
f 3506 3507 3547
f 3506 3547 3546
f 3507 3508 3548
f 3507 3548 3547
f 3508 3509 3549
f 3508 3549 3548
f 3509 3510 3550
f 3509 3550 3549
f 3510 3511 3551
f 3510 3551 3550
f 3511 3512 3552
f 3511 3552 3551
f 3512 3513 3553
f 3512 3553 3552
f 3513 3514 3554
f 3513 3554 3553
f 3514 3515 3555
f 3514 3555 3554
f 3515 3516 3556
f 3515 3556 3555
f 3516 3517 3557
f 3516 3557 3556
f 3517 3518 3558
f 3517 3558 3557
f 3519 3520 3560
f 3519 3560 3559
f 3520 3521 3561
f 3520 3561 3560
f 3521 3522 3562
f 3521 3562 3561
f 3522 3523 3563
f 3522 3563 3562
f 3523 3524 3564
f 3523 3564 3563
f 3524 3525 3565
f 3524 3565 3564
f 3525 3526 3566
f 3525 3566 3565
f 3526 3527 3567
f 3526 3567 3566
f 3527 3528 3568
f 3527 3568 3567
f 3528 3529 3569
f 3528 3569 3568
f 3529 3530 3570
f 3529 3570 3569
f 3530 3531 3571
f 3530 3571 3570
f 3531 3532 3572
f 3531 3572 3571
f 3532 3533 3573
f 3532 3573 3572
f 3533 3534 3574
f 3533 3574 3573
f 3534 3535 3575
f 3534 3575 3574
f 3535 3536 3576
f 3535 3576 3575
f 3536 3537 3577
f 3536 3577 3576
f 3537 3538 3578
f 3537 3578 3577
f 3538 3539 3579
f 3538 3579 3578
f 3539 3540 3580
f 3539 3580 3579
f 3540 3541 3581
f 3540 3581 3580
f 3541 3542 3582
f 3541 3582 3581
f 3542 3543 3583
f 3542 3583 3582
f 3543 3544 3584
f 3543 3584 3583
f 3544 3545 3585
f 3544 3585 3584
f 3545 3546 3586
f 3545 3586 3585
f 3546 3547 3587
f 3546 3587 3586
f 3547 3548 3588
f 3547 3588 3587
f 3548 3549 3589
f 3548 3589 3588
f 3549 3550 3590
f 3549 3590 3589
f 3550 3551 3591
f 3550 3591 3590
f 3551 3552 3592
f 3551 3592 3591
f 3552 3553 3593
f 3552 3593 3592
f 3553 3554 3594
f 3553 3594 3593
f 3554 3555 3595
f 3554 3595 3594
f 3555 3556 3596
f 3555 3596 3595
f 3556 3557 3597
f 3556 3597 3596
f 3557 3558 3598
f 3557 3598 3597
f 3559 3560 3600
f 3559 3600 3599
f 3560 3561 3601
f 3560 3601 3600
f 3561 3562 3602
f 3561 3602 3601
f 3562 3563 3603
f 3562 3603 3602
f 3563 3564 3604
f 3563 3604 3603
f 3564 3565 3605
f 3564 3605 3604
f 3565 3566 3606
f 3565 3606 3605
f 3566 3567 3607
f 3566 3607 3606
f 3567 3568 3608
f 3567 3608 3607
f 3568 3569 3609
f 3568 3609 3608
f 3569 3570 3610
f 3569 3610 3609
f 3570 3571 3611
f 3570 3611 3610
f 3571 3572 3612
f 3571 3612 3611
f 3572 3573 3613
f 3572 3613 3612
f 3573 3574 3614
f 3573 3614 3613
f 3574 3575 3615
f 3574 3615 3614
f 3575 3576 3616
f 3575 3616 3615
f 3576 3577 3617
f 3576 3617 3616
f 3577 3578 3618
f 3577 3618 3617
f 3578 3579 3619
f 3578 3619 3618
f 3579 3580 3620
f 3579 3620 3619
f 3580 3581 3621
f 3580 3621 3620
f 3581 3582 3622
f 3581 3622 3621
f 3582 3583 3623
f 3582 3623 3622
f 3583 3584 3624
f 3583 3624 3623
f 3584 3585 3625
f 3584 3625 3624
f 3585 3586 3626
f 3585 3626 3625
f 3586 3587 3627
f 3586 3627 3626
f 3587 3588 3628
f 3587 3628 3627
f 3588 3589 3629
f 3588 3629 3628
f 3589 3590 3630
f 3589 3630 3629
f 3590 3591 3631
f 3590 3631 3630
f 3591 3592 3632
f 3591 3632 3631
f 3592 3593 3633
f 3592 3633 3632
f 3593 3594 3634
f 3593 3634 3633
f 3594 3595 3635
f 3594 3635 3634
f 3595 3596 3636
f 3595 3636 3635
f 3596 3597 3637
f 3596 3637 3636
f 3597 3598 3638
f 3597 3638 3637
f 3598 3639 3638
f 3599 3600 3641
f 3599 3641 3640
f 3600 3601 3642
f 3600 3642 3641
f 3601 3602 3643
f 3601 3643 3642
f 3602 3603 3644
f 3602 3644 3643
f 3603 3604 3645
f 3603 3645 3644
f 3604 3605 3646
f 3604 3646 3645
f 3605 3606 3647
f 3605 3647 3646
f 3606 3607 3648
f 3606 3648 3647
f 3607 3608 3649
f 3607 3649 3648
f 3608 3609 3650
f 3608 3650 3649
f 3609 3610 3651
f 3609 3651 3650
f 3610 3611 3652
f 3610 3652 3651
f 3611 3612 3653
f 3611 3653 3652
f 3612 3613 3654
f 3612 3654 3653
f 3613 3614 3655
f 3613 3655 3654
f 3614 3615 3656
f 3614 3656 3655
f 3615 3616 3657
f 3615 3657 3656
f 3616 3617 3658
f 3616 3658 3657
f 3617 3618 3659
f 3617 3659 3658
f 3618 3619 3660
f 3618 3660 3659
f 3619 3620 3661
f 3619 3661 3660
f 3620 3621 3662
f 3620 3662 3661
f 3621 3622 3663
f 3621 3663 3662
f 3622 3623 3664
f 3622 3664 3663
f 3623 3624 3665
f 3623 3665 3664
f 3624 3625 3666
f 3624 3666 3665
f 3625 3626 3667
f 3625 3667 3666
f 3626 3627 3668
f 3626 3668 3667
f 3627 3628 3669
f 3627 3669 3668
f 3628 3629 3670
f 3628 3670 3669
f 3629 3630 3671
f 3629 3671 3670
f 3630 3631 3672
f 3630 3672 3671
f 3631 3632 3673
f 3631 3673 3672
f 3632 3633 3674
f 3632 3674 3673
f 3633 3634 3675
f 3633 3675 3674
f 3634 3635 3676
f 3634 3676 3675
f 3635 3636 3677
f 3635 3677 3676
f 3636 3637 3678
f 3636 3678 3677
f 3637 3638 3679
f 3637 3679 3678
f 3638 3639 3680
f 3638 3680 3679
f 3640 3641 3682
f 3640 3682 3681
f 3641 3642 3683
f 3641 3683 3682
f 3642 3643 3684
f 3642 3684 3683
f 3643 3644 3685
f 3643 3685 3684
f 3644 3645 3686
f 3644 3686 3685
f 3645 3646 3687
f 3645 3687 3686
f 3646 3647 3688
f 3646 3688 3687
f 3647 3648 3689
f 3647 3689 3688
f 3648 3649 3690
f 3648 3690 3689
f 3649 3650 3691
f 3649 3691 3690
f 3650 3651 3692
f 3650 3692 3691
f 3651 3652 3693
f 3651 3693 3692
f 3652 3653 3694
f 3652 3694 3693
f 3653 3654 3695
f 3653 3695 3694
f 3654 3655 3696
f 3654 3696 3695
f 3655 3656 3697
f 3655 3697 3696
f 3656 3657 3698
f 3656 3698 3697
f 3657 3658 3699
f 3657 3699 3698
f 3658 3659 3700
f 3658 3700 3699
f 3659 3660 3701
f 3659 3701 3700
f 3660 3661 3702
f 3660 3702 3701
f 3661 3662 3703
f 3661 3703 3702
f 3662 3663 3704
f 3662 3704 3703
f 3663 3664 3705
f 3663 3705 3704
f 3664 3665 3706
f 3664 3706 3705
f 3665 3666 3707
f 3665 3707 3706
f 3666 3667 3708
f 3666 3708 3707
f 3667 3668 3709
f 3667 3709 3708
f 3668 3669 3710
f 3668 3710 3709
f 3669 3670 3711
f 3669 3711 3710
f 3670 3671 3712
f 3670 3712 3711
f 3671 3672 3713
f 3671 3713 3712
f 3672 3673 3714
f 3672 3714 3713
f 3673 3674 3715
f 3673 3715 3714
f 3674 3675 3716
f 3674 3716 3715
f 3675 3676 3717
f 3675 3717 3716
f 3676 3677 3718
f 3676 3718 3717
f 3677 3678 3719
f 3677 3719 3718
f 3678 3679 3720
f 3678 3720 3719
f 3679 3680 3721
f 3679 3721 3720
f 3681 3682 3723
f 3681 3723 3722
f 3682 3683 3724
f 3682 3724 3723
f 3683 3684 3725
f 3683 3725 3724
f 3684 3685 3726
f 3684 3726 3725
f 3685 3686 3727
f 3685 3727 3726
f 3686 3687 3728
f 3686 3728 3727
f 3687 3688 3729
f 3687 3729 3728
f 3688 3689 3730
f 3688 3730 3729
f 3689 3690 3731
f 3689 3731 3730
f 3690 3691 3732
f 3690 3732 3731
f 3691 3692 3733
f 3691 3733 3732
f 3692 3693 3734
f 3692 3734 3733
f 3693 3694 3735
f 3693 3735 3734
f 3694 3695 3736
f 3694 3736 3735
f 3695 3696 3737
f 3695 3737 3736
f 3696 3697 3738
f 3696 3738 3737
f 3697 3698 3739
f 3697 3739 3738
f 3698 3699 3740
f 3698 3740 3739
f 3699 3700 3741
f 3699 3741 3740
f 3700 3701 3742
f 3700 3742 3741
f 3701 3702 3743
f 3701 3743 3742
f 3702 3703 3744
f 3702 3744 3743
f 3703 3704 3745
f 3703 3745 3744
f 3704 3705 3746
f 3704 3746 3745
f 3705 3706 3747
f 3705 3747 3746
f 3706 3707 3748
f 3706 3748 3747
f 3707 3708 3749
f 3707 3749 3748
f 3708 3709 3750
f 3708 3750 3749
f 3709 3710 3751
f 3709 3751 3750
f 3710 3711 3752
f 3710 3752 3751
f 3711 3712 3753
f 3711 3753 3752
f 3712 3713 3754
f 3712 3754 3753
f 3713 3714 3755
f 3713 3755 3754
f 3714 3715 3756
f 3714 3756 3755
f 3715 3716 3757
f 3715 3757 3756
f 3716 3717 3758
f 3716 3758 3757
f 3717 3718 3759
f 3717 3759 3758
f 3718 3719 3760
f 3718 3760 3759
f 3719 3720 3761
f 3719 3761 3760
f 3720 3721 3762
f 3720 3762 3761
f 3722 3723 3764
f 3722 3764 3763
f 3723 3724 3765
f 3723 3765 3764
f 3724 3725 3766
f 3724 3766 3765
f 3725 3726 3767
f 3725 3767 3766
f 3726 3727 3768
f 3726 3768 3767
f 3727 3728 3769
f 3727 3769 3768
f 3728 3729 3770
f 3728 3770 3769
f 3729 3730 3771
f 3729 3771 3770
f 3730 3731 3772
f 3730 3772 3771
f 3731 3732 3773
f 3731 3773 3772
f 3732 3733 3774
f 3732 3774 3773
f 3733 3734 3775
f 3733 3775 3774
f 3734 3735 3776
f 3734 3776 3775
f 3735 3736 3777
f 3735 3777 3776
f 3736 3737 3778
f 3736 3778 3777
f 3737 3738 3779
f 3737 3779 3778
f 3738 3739 3780
f 3738 3780 3779
f 3739 3740 3781
f 3739 3781 3780
f 3740 3741 3782
f 3740 3782 3781
f 3741 3742 3783
f 3741 3783 3782
f 3742 3743 3784
f 3742 3784 3783
f 3743 3744 3785
f 3743 3785 3784
f 3744 3745 3786
f 3744 3786 3785
f 3745 3746 3787
f 3745 3787 3786
f 3746 3747 3788
f 3746 3788 3787
f 3747 3748 3789
f 3747 3789 3788
f 3748 3749 3790
f 3748 3790 3789
f 3749 3750 3791
f 3749 3791 3790
f 3750 3751 3792
f 3750 3792 3791
f 3751 3752 3793
f 3751 3793 3792
f 3752 3753 3794
f 3752 3794 3793
f 3753 3754 3795
f 3753 3795 3794
f 3754 3755 3796
f 3754 3796 3795
f 3755 3756 3797
f 3755 3797 3796
f 3756 3757 3798
f 3756 3798 3797
f 3757 3758 3799
f 3757 3799 3798
f 3758 3759 3800
f 3758 3800 3799
f 3759 3760 3801
f 3759 3801 3800
f 3760 3761 3802
f 3760 3802 3801
f 3761 3762 3803
f 3761 3803 3802
f 3763 3764 3806
f 3763 3806 3805
f 3764 3765 3807
f 3764 3807 3806
f 3765 3766 3808
f 3765 3808 3807
f 3766 3767 3809
f 3766 3809 3808
f 3767 3768 3810
f 3767 3810 3809
f 3768 3769 3811
f 3768 3811 3810
f 3769 3770 3812
f 3769 3812 3811
f 3770 3771 3813
f 3770 3813 3812
f 3771 3772 3814
f 3771 3814 3813
f 3772 3773 3815
f 3772 3815 3814
f 3773 3774 3816
f 3773 3816 3815
f 3774 3775 3817
f 3774 3817 3816
f 3775 3776 3818
f 3775 3818 3817
f 3776 3777 3819
f 3776 3819 3818
f 3777 3778 3820
f 3777 3820 3819
f 3778 3779 3821
f 3778 3821 3820
f 3779 3780 3822
f 3779 3822 3821
f 3780 3781 3823
f 3780 3823 3822
f 3781 3782 3824
f 3781 3824 3823
f 3782 3783 3825
f 3782 3825 3824
f 3783 3784 3826
f 3783 3826 3825
f 3784 3785 3827
f 3784 3827 3826
f 3785 3786 3828
f 3785 3828 3827
f 3786 3787 3829
f 3786 3829 3828
f 3787 3788 3830
f 3787 3830 3829
f 3788 3789 3831
f 3788 3831 3830
f 3789 3790 3832
f 3789 3832 3831
f 3790 3791 3833
f 3790 3833 3832
f 3791 3792 3834
f 3791 3834 3833
f 3792 3793 3835
f 3792 3835 3834
f 3793 3794 3836
f 3793 3836 3835
f 3794 3795 3837
f 3794 3837 3836
f 3795 3796 3838
f 3795 3838 3837
f 3796 3797 3839
f 3796 3839 3838
f 3797 3798 3840
f 3797 3840 3839
f 3798 3799 3841
f 3798 3841 3840
f 3799 3800 3842
f 3799 3842 3841
f 3800 3801 3843
f 3800 3843 3842
f 3801 3802 3844
f 3801 3844 3843
f 3802 3803 3845
f 3802 3845 3844
f 3804 3805 3847
f 3804 3847 3846
f 3805 3806 3848
f 3805 3848 3847
f 3806 3807 3849
f 3806 3849 3848
f 3807 3808 3850
f 3807 3850 3849
f 3808 3809 3851
f 3808 3851 3850
f 3809 3810 3852
f 3809 3852 3851
f 3810 3811 3853
f 3810 3853 3852
f 3811 3812 3854
f 3811 3854 3853
f 3812 3813 3855
f 3812 3855 3854
f 3813 3814 3856
f 3813 3856 3855
f 3814 3815 3857
f 3814 3857 3856
f 3815 3816 3858
f 3815 3858 3857
f 3816 3817 3859
f 3816 3859 3858
f 3817 3818 3860
f 3817 3860 3859
f 3818 3819 3861
f 3818 3861 3860
f 3819 3820 3862
f 3819 3862 3861
f 3820 3821 3863
f 3820 3863 3862
f 3821 3822 3864
f 3821 3864 3863
f 3822 3823 3865
f 3822 3865 3864
f 3823 3824 3866
f 3823 3866 3865
f 3824 3825 3867
f 3824 3867 3866
f 3825 3826 3868
f 3825 3868 3867
f 3826 3827 3869
f 3826 3869 3868
f 3827 3828 3870
f 3827 3870 3869
f 3828 3829 3871
f 3828 3871 3870
f 3829 3830 3872
f 3829 3872 3871
f 3830 3831 3873
f 3830 3873 3872
f 3831 3832 3874
f 3831 3874 3873
f 3832 3833 3875
f 3832 3875 3874
f 3833 3834 3876
f 3833 3876 3875
f 3834 3835 3877
f 3834 3877 3876
f 3835 3836 3878
f 3835 3878 3877
f 3836 3837 3879
f 3836 3879 3878
f 3837 3838 3880
f 3837 3880 3879
f 3838 3839 3881
f 3838 3881 3880
f 3839 3840 3882
f 3839 3882 3881
f 3840 3841 3883
f 3840 3883 3882
f 3841 3842 3884
f 3841 3884 3883
f 3842 3843 3885
f 3842 3885 3884
f 3843 3844 3886
f 3843 3886 3885
f 3844 3845 3887
f 3844 3887 3886
f 3846 3847 3889
f 3846 3889 3888
f 3847 3848 3890
f 3847 3890 3889
f 3848 3849 3891
f 3848 3891 3890
f 3849 3850 3892
f 3849 3892 3891
f 3850 3851 3893
f 3850 3893 3892
f 3851 3852 3894
f 3851 3894 3893
f 3852 3853 3895
f 3852 3895 3894
f 3853 3854 3896
f 3853 3896 3895
f 3854 3855 3897
f 3854 3897 3896
f 3855 3856 3898
f 3855 3898 3897
f 3856 3857 3899
f 3856 3899 3898
f 3857 3858 3900
f 3857 3900 3899
f 3858 3859 3901
f 3858 3901 3900
f 3859 3860 3902
f 3859 3902 3901
f 3860 3861 3903
f 3860 3903 3902
f 3861 3862 3904
f 3861 3904 3903
f 3862 3863 3905
f 3862 3905 3904
f 3863 3864 3906
f 3863 3906 3905
f 3864 3865 3907
f 3864 3907 3906
f 3865 3866 3908
f 3865 3908 3907
f 3866 3867 3909
f 3866 3909 3908
f 3867 3868 3910
f 3867 3910 3909
f 3868 3869 3911
f 3868 3911 3910
f 3869 3870 3912
f 3869 3912 3911
f 3870 3871 3913
f 3870 3913 3912
f 3871 3872 3914
f 3871 3914 3913
f 3872 3873 3915
f 3872 3915 3914
f 3873 3874 3916
f 3873 3916 3915
f 3874 3875 3917
f 3874 3917 3916
f 3875 3876 3918
f 3875 3918 3917
f 3876 3877 3919
f 3876 3919 3918
f 3877 3878 3920
f 3877 3920 3919
f 3878 3879 3921
f 3878 3921 3920
f 3879 3880 3922
f 3879 3922 3921
f 3880 3881 3923
f 3880 3923 3922
f 3881 3882 3924
f 3881 3924 3923
f 3882 3883 3925
f 3882 3925 3924
f 3883 3884 3926
f 3883 3926 3925
f 3884 3885 3927
f 3884 3927 3926
f 3885 3886 3928
f 3885 3928 3927
f 3886 3887 3929
f 3886 3929 3928
f 3888 3889 3931
f 3888 3931 3930
f 3889 3890 3932
f 3889 3932 3931
f 3890 3891 3933
f 3890 3933 3932
f 3891 3892 3934
f 3891 3934 3933
f 3892 3893 3935
f 3892 3935 3934
f 3893 3894 3936
f 3893 3936 3935
f 3894 3895 3937
f 3894 3937 3936
f 3895 3896 3938
f 3895 3938 3937
f 3896 3897 3939
f 3896 3939 3938
f 3897 3898 3940
f 3897 3940 3939
f 3898 3899 3941
f 3898 3941 3940
f 3899 3900 3942
f 3899 3942 3941
f 3900 3901 3943
f 3900 3943 3942
f 3901 3902 3944
f 3901 3944 3943
f 3902 3903 3945
f 3902 3945 3944
f 3903 3904 3946
f 3903 3946 3945
f 3904 3905 3947
f 3904 3947 3946
f 3905 3906 3948
f 3905 3948 3947
f 3906 3907 3949
f 3906 3949 3948
f 3907 3908 3950
f 3907 3950 3949
f 3908 3909 3951
f 3908 3951 3950
f 3909 3910 3952
f 3909 3952 3951
f 3910 3911 3953
f 3910 3953 3952
f 3911 3912 3954
f 3911 3954 3953
f 3912 3913 3955
f 3912 3955 3954
f 3913 3914 3956
f 3913 3956 3955
f 3914 3915 3957
f 3914 3957 3956
f 3915 3916 3958
f 3915 3958 3957
f 3916 3917 3959
f 3916 3959 3958
f 3917 3918 3960
f 3917 3960 3959
f 3918 3919 3961
f 3918 3961 3960
f 3919 3920 3962
f 3919 3962 3961
f 3920 3921 3963
f 3920 3963 3962
f 3921 3922 3964
f 3921 3964 3963
f 3922 3923 3965
f 3922 3965 3964
f 3923 3924 3966
f 3923 3966 3965
f 3924 3925 3967
f 3924 3967 3966
f 3925 3926 3968
f 3925 3968 3967
f 3926 3927 3969
f 3926 3969 3968
f 3927 3928 3970
f 3927 3970 3969
f 3928 3929 3971
f 3928 3971 3970
f 3929 3972 3971
f 3930 3931 3974
f 3930 3974 3973
f 3931 3932 3975
f 3931 3975 3974
f 3932 3933 3976
f 3932 3976 3975
f 3933 3934 3977
f 3933 3977 3976
f 3934 3935 3978
f 3934 3978 3977
f 3935 3936 3979
f 3935 3979 3978
f 3936 3937 3980
f 3936 3980 3979
f 3937 3938 3981
f 3937 3981 3980
f 3938 3939 3982
f 3938 3982 3981
f 3939 3940 3983
f 3939 3983 3982
f 3940 3941 3984
f 3940 3984 3983
f 3941 3942 3985
f 3941 3985 3984
f 3942 3943 3986
f 3942 3986 3985
f 3943 3944 3987
f 3943 3987 3986
f 3944 3945 3988
f 3944 3988 3987
f 3945 3946 3989
f 3945 3989 3988
f 3946 3947 3990
f 3946 3990 3989
f 3947 3948 3991
f 3947 3991 3990
f 3948 3949 3992
f 3948 3992 3991
f 3949 3950 3993
f 3949 3993 3992
f 3950 3951 3994
f 3950 3994 3993
f 3951 3952 3995
f 3951 3995 3994
f 3952 3953 3996
f 3952 3996 3995
f 3953 3954 3997
f 3953 3997 3996
f 3954 3955 3998
f 3954 3998 3997
f 3955 3956 3999
f 3955 3999 3998
f 3956 3957 4000
f 3956 4000 3999
f 3957 3958 4001
f 3957 4001 4000
f 3958 3959 4002
f 3958 4002 4001
f 3959 3960 4003
f 3959 4003 4002
f 3960 3961 4004
f 3960 4004 4003
f 3961 3962 4005
f 3961 4005 4004
f 3962 3963 4006
f 3962 4006 4005
f 3963 3964 4007
f 3963 4007 4006
f 3964 3965 4008
f 3964 4008 4007
f 3965 3966 4009
f 3965 4009 4008
f 3966 3967 4010
f 3966 4010 4009
f 3967 3968 4011
f 3967 4011 4010
f 3968 3969 4012
f 3968 4012 4011
f 3969 3970 4013
f 3969 4013 4012
f 3970 3971 4014
f 3970 4014 4013
f 3971 3972 4015
f 3971 4015 4014
f 3973 3974 4017
f 3973 4017 4016
f 3974 3975 4018
f 3974 4018 4017
f 3975 3976 4019
f 3975 4019 4018
f 3976 3977 4020
f 3976 4020 4019
f 3977 3978 4021
f 3977 4021 4020
f 3978 3979 4022
f 3978 4022 4021
f 3979 3980 4023
f 3979 4023 4022
f 3980 3981 4024
f 3980 4024 4023
f 3981 3982 4025
f 3981 4025 4024
f 3982 3983 4026
f 3982 4026 4025
f 3983 3984 4027
f 3983 4027 4026
f 3984 3985 4028
f 3984 4028 4027
f 3985 3986 4029
f 3985 4029 4028
f 3986 3987 4030
f 3986 4030 4029
f 3987 3988 4031
f 3987 4031 4030
f 3988 3989 4032
f 3988 4032 4031
f 3989 3990 4033
f 3989 4033 4032
f 3990 3991 4034
f 3990 4034 4033
f 3991 3992 4035
f 3991 4035 4034
f 3992 3993 4036
f 3992 4036 4035
f 3993 3994 4037
f 3993 4037 4036
f 3994 3995 4038
f 3994 4038 4037
f 3995 3996 4039
f 3995 4039 4038
f 3996 3997 4040
f 3996 4040 4039
f 3997 3998 4041
f 3997 4041 4040
f 3998 3999 4042
f 3998 4042 4041
f 3999 4000 4043
f 3999 4043 4042
f 4000 4001 4044
f 4000 4044 4043
f 4001 4002 4045
f 4001 4045 4044
f 4002 4003 4046
f 4002 4046 4045
f 4003 4004 4047
f 4003 4047 4046
f 4004 4005 4048
f 4004 4048 4047
f 4005 4006 4049
f 4005 4049 4048
f 4006 4007 4050
f 4006 4050 4049
f 4007 4008 4051
f 4007 4051 4050
f 4008 4009 4052
f 4008 4052 4051
f 4009 4010 4053
f 4009 4053 4052
f 4010 4011 4054
f 4010 4054 4053
f 4011 4012 4055
f 4011 4055 4054
f 4012 4013 4056
f 4012 4056 4055
f 4013 4014 4057
f 4013 4057 4056
f 4014 4015 4058
f 4014 4058 4057
f 4016 4017 4060
f 4016 4060 4059
f 4017 4018 4061
f 4017 4061 4060
f 4018 4019 4062
f 4018 4062 4061
f 4019 4020 4063
f 4019 4063 4062
f 4020 4021 4064
f 4020 4064 4063
f 4021 4022 4065
f 4021 4065 4064
f 4022 4023 4066
f 4022 4066 4065
f 4023 4024 4067
f 4023 4067 4066
f 4024 4025 4068
f 4024 4068 4067
f 4025 4026 4069
f 4025 4069 4068
f 4026 4027 4070
f 4026 4070 4069
f 4027 4028 4071
f 4027 4071 4070
f 4028 4029 4072
f 4028 4072 4071
f 4029 4030 4073
f 4029 4073 4072
f 4030 4031 4074
f 4030 4074 4073
f 4031 4032 4075
f 4031 4075 4074
f 4032 4033 4076
f 4032 4076 4075
f 4033 4034 4077
f 4033 4077 4076
f 4034 4035 4078
f 4034 4078 4077
f 4035 4036 4079
f 4035 4079 4078
f 4036 4037 4080
f 4036 4080 4079
f 4037 4038 4081
f 4037 4081 4080
f 4038 4039 4082
f 4038 4082 4081
f 4039 4040 4083
f 4039 4083 4082
f 4040 4041 4084
f 4040 4084 4083
f 4041 4042 4085
f 4041 4085 4084
f 4042 4043 4086
f 4042 4086 4085
f 4043 4044 4087
f 4043 4087 4086
f 4044 4045 4088
f 4044 4088 4087
f 4045 4046 4089
f 4045 4089 4088
f 4046 4047 4090
f 4046 4090 4089
f 4047 4048 4091
f 4047 4091 4090
f 4048 4049 4092
f 4048 4092 4091
f 4049 4050 4093
f 4049 4093 4092
f 4050 4051 4094
f 4050 4094 4093
f 4051 4052 4095
f 4051 4095 4094
f 4052 4053 4096
f 4052 4096 4095
f 4053 4054 4097
f 4053 4097 4096
f 4054 4055 4098
f 4054 4098 4097
f 4055 4056 4099
f 4055 4099 4098
f 4056 4057 4100
f 4056 4100 4099
f 4057 4058 4101
f 4057 4101 4100
f 4059 4060 4103
f 4059 4103 4102
f 4060 4061 4104
f 4060 4104 4103
f 4061 4062 4105
f 4061 4105 4104
f 4062 4063 4106
f 4062 4106 4105
f 4063 4064 4107
f 4063 4107 4106
f 4064 4065 4108
f 4064 4108 4107
f 4065 4066 4109
f 4065 4109 4108
f 4066 4067 4110
f 4066 4110 4109
f 4067 4068 4111
f 4067 4111 4110
f 4068 4069 4112
f 4068 4112 4111
f 4069 4070 4113
f 4069 4113 4112
f 4070 4071 4114
f 4070 4114 4113
f 4071 4072 4115
f 4071 4115 4114
f 4072 4073 4116
f 4072 4116 4115
f 4073 4074 4117
f 4073 4117 4116
f 4074 4075 4118
f 4074 4118 4117
f 4075 4076 4119
f 4075 4119 4118
f 4076 4077 4120
f 4076 4120 4119
f 4077 4078 4121
f 4077 4121 4120
f 4078 4079 4122
f 4078 4122 4121
f 4079 4080 4123
f 4079 4123 4122
f 4080 4081 4124
f 4080 4124 4123
f 4081 4082 4125
f 4081 4125 4124
f 4082 4083 4126
f 4082 4126 4125
f 4083 4084 4127
f 4083 4127 4126
f 4084 4085 4128
f 4084 4128 4127
f 4085 4086 4129
f 4085 4129 4128
f 4086 4087 4130
f 4086 4130 4129
f 4087 4088 4131
f 4087 4131 4130
f 4088 4089 4132
f 4088 4132 4131
f 4089 4090 4133
f 4089 4133 4132
f 4090 4091 4134
f 4090 4134 4133
f 4091 4092 4135
f 4091 4135 4134
f 4092 4093 4136
f 4092 4136 4135
f 4093 4094 4137
f 4093 4137 4136
f 4094 4095 4138
f 4094 4138 4137
f 4095 4096 4139
f 4095 4139 4138
f 4096 4097 4140
f 4096 4140 4139
f 4097 4098 4141
f 4097 4141 4140
f 4098 4099 4142
f 4098 4142 4141
f 4099 4100 4143
f 4099 4143 4142
f 4100 4101 4144
f 4100 4144 4143
f 4102 4103 4147
f 4102 4147 4146
f 4103 4104 4148
f 4103 4148 4147
f 4104 4105 4149
f 4104 4149 4148
f 4105 4106 4150
f 4105 4150 4149
f 4106 4107 4151
f 4106 4151 4150
f 4107 4108 4152
f 4107 4152 4151
f 4108 4109 4153
f 4108 4153 4152
f 4109 4110 4154
f 4109 4154 4153
f 4110 4111 4155
f 4110 4155 4154
f 4111 4112 4156
f 4111 4156 4155
f 4112 4113 4157
f 4112 4157 4156
f 4113 4114 4158
f 4113 4158 4157
f 4114 4115 4159
f 4114 4159 4158
f 4115 4116 4160
f 4115 4160 4159
f 4116 4117 4161
f 4116 4161 4160
f 4117 4118 4162
f 4117 4162 4161
f 4118 4119 4163
f 4118 4163 4162
f 4119 4120 4164
f 4119 4164 4163
f 4120 4121 4165
f 4120 4165 4164
f 4121 4122 4166
f 4121 4166 4165
f 4122 4123 4167
f 4122 4167 4166
f 4123 4124 4168
f 4123 4168 4167
f 4124 4125 4169
f 4124 4169 4168
f 4125 4126 4170
f 4125 4170 4169
f 4126 4127 4171
f 4126 4171 4170
f 4127 4128 4172
f 4127 4172 4171
f 4128 4129 4173
f 4128 4173 4172
f 4129 4130 4174
f 4129 4174 4173
f 4130 4131 4175
f 4130 4175 4174
f 4131 4132 4176
f 4131 4176 4175
f 4132 4133 4177
f 4132 4177 4176
f 4133 4134 4178
f 4133 4178 4177
f 4134 4135 4179
f 4134 4179 4178
f 4135 4136 4180
f 4135 4180 4179
f 4136 4137 4181
f 4136 4181 4180
f 4137 4138 4182
f 4137 4182 4181
f 4138 4139 4183
f 4138 4183 4182
f 4139 4140 4184
f 4139 4184 4183
f 4140 4141 4185
f 4140 4185 4184
f 4141 4142 4186
f 4141 4186 4185
f 4142 4143 4187
f 4142 4187 4186
f 4143 4144 4188
f 4143 4188 4187
f 4145 4146 4190
f 4145 4190 4189
f 4146 4147 4191
f 4146 4191 4190
f 4147 4148 4192
f 4147 4192 4191
f 4148 4149 4193
f 4148 4193 4192
f 4149 4150 4194
f 4149 4194 4193
f 4150 4151 4195
f 4150 4195 4194
f 4151 4152 4196
f 4151 4196 4195
f 4152 4153 4197
f 4152 4197 4196
f 4153 4154 4198
f 4153 4198 4197
f 4154 4155 4199
f 4154 4199 4198
f 4155 4156 4200
f 4155 4200 4199
f 4156 4157 4201
f 4156 4201 4200
f 4157 4158 4202
f 4157 4202 4201
f 4158 4159 4203
f 4158 4203 4202
f 4159 4160 4204
f 4159 4204 4203
f 4160 4161 4205
f 4160 4205 4204
f 4161 4162 4206
f 4161 4206 4205
f 4162 4163 4207
f 4162 4207 4206
f 4163 4164 4208
f 4163 4208 4207
f 4164 4165 4209
f 4164 4209 4208
f 4165 4166 4210
f 4165 4210 4209
f 4166 4167 4211
f 4166 4211 4210
f 4167 4168 4212
f 4167 4212 4211
f 4168 4169 4213
f 4168 4213 4212
f 4169 4170 4214
f 4169 4214 4213
f 4170 4171 4215
f 4170 4215 4214
f 4171 4172 4216
f 4171 4216 4215
f 4172 4173 4217
f 4172 4217 4216
f 4173 4174 4218
f 4173 4218 4217
f 4174 4175 4219
f 4174 4219 4218
f 4175 4176 4220
f 4175 4220 4219
f 4176 4177 4221
f 4176 4221 4220
f 4177 4178 4222
f 4177 4222 4221
f 4178 4179 4223
f 4178 4223 4222
f 4179 4180 4224
f 4179 4224 4223
f 4180 4181 4225
f 4180 4225 4224
f 4181 4182 4226
f 4181 4226 4225
f 4182 4183 4227
f 4182 4227 4226
f 4183 4184 4228
f 4183 4228 4227
f 4184 4185 4229
f 4184 4229 4228
f 4185 4186 4230
f 4185 4230 4229
f 4186 4187 4231
f 4186 4231 4230
f 4187 4188 4232
f 4187 4232 4231
f 4188 4233 4232
f 4189 4190 4235
f 4189 4235 4234
f 4190 4191 4236
f 4190 4236 4235
f 4191 4192 4237
f 4191 4237 4236
f 4192 4193 4238
f 4192 4238 4237
f 4193 4194 4239
f 4193 4239 4238
f 4194 4195 4240
f 4194 4240 4239
f 4195 4196 4241
f 4195 4241 4240
f 4196 4197 4242
f 4196 4242 4241
f 4197 4198 4243
f 4197 4243 4242
f 4198 4199 4244
f 4198 4244 4243
f 4199 4200 4245
f 4199 4245 4244
f 4200 4201 4246
f 4200 4246 4245
f 4201 4202 4247
f 4201 4247 4246
f 4202 4203 4248
f 4202 4248 4247
f 4203 4204 4249
f 4203 4249 4248
f 4204 4205 4250
f 4204 4250 4249
f 4205 4206 4251
f 4205 4251 4250
f 4206 4207 4252
f 4206 4252 4251
f 4207 4208 4253
f 4207 4253 4252
f 4208 4209 4254
f 4208 4254 4253
f 4209 4210 4255
f 4209 4255 4254
f 4210 4211 4256
f 4210 4256 4255
f 4211 4212 4257
f 4211 4257 4256
f 4212 4213 4258
f 4212 4258 4257
f 4213 4214 4259
f 4213 4259 4258
f 4214 4215 4260
f 4214 4260 4259
f 4215 4216 4261
f 4215 4261 4260
f 4216 4217 4262
f 4216 4262 4261
f 4217 4218 4263
f 4217 4263 4262
f 4218 4219 4264
f 4218 4264 4263
f 4219 4220 4265
f 4219 4265 4264
f 4220 4221 4266
f 4220 4266 4265
f 4221 4222 4267
f 4221 4267 4266
f 4222 4223 4268
f 4222 4268 4267
f 4223 4224 4269
f 4223 4269 4268
f 4224 4225 4270
f 4224 4270 4269
f 4225 4226 4271
f 4225 4271 4270
f 4226 4227 4272
f 4226 4272 4271
f 4227 4228 4273
f 4227 4273 4272
f 4228 4229 4274
f 4228 4274 4273
f 4229 4230 4275
f 4229 4275 4274
f 4230 4231 4276
f 4230 4276 4275
f 4231 4232 4277
f 4231 4277 4276
f 4232 4233 4278
f 4232 4278 4277
f 4234 4235 4280
f 4234 4280 4279
f 4235 4236 4281
f 4235 4281 4280
f 4236 4237 4282
f 4236 4282 4281
f 4237 4238 4283
f 4237 4283 4282
f 4238 4239 4284
f 4238 4284 4283
f 4239 4240 4285
f 4239 4285 4284
f 4240 4241 4286
f 4240 4286 4285
f 4241 4242 4287
f 4241 4287 4286
f 4242 4243 4288
f 4242 4288 4287
f 4243 4244 4289
f 4243 4289 4288
f 4244 4245 4290
f 4244 4290 4289
f 4245 4246 4291
f 4245 4291 4290
f 4246 4247 4292
f 4246 4292 4291
f 4247 4248 4293
f 4247 4293 4292
f 4248 4249 4294
f 4248 4294 4293
f 4249 4250 4295
f 4249 4295 4294
f 4250 4251 4296
f 4250 4296 4295
f 4251 4252 4297
f 4251 4297 4296
f 4252 4253 4298
f 4252 4298 4297
f 4253 4254 4299
f 4253 4299 4298
f 4254 4255 4300
f 4254 4300 4299
f 4255 4256 4301
f 4255 4301 4300
f 4256 4257 4302
f 4256 4302 4301
f 4257 4258 4303
f 4257 4303 4302
f 4258 4259 4304
f 4258 4304 4303
f 4259 4260 4305
f 4259 4305 4304
f 4260 4261 4306
f 4260 4306 4305
f 4261 4262 4307
f 4261 4307 4306
f 4262 4263 4308
f 4262 4308 4307
f 4263 4264 4309
f 4263 4309 4308
f 4264 4265 4310
f 4264 4310 4309
f 4265 4266 4311
f 4265 4311 4310
f 4266 4267 4312
f 4266 4312 4311
f 4267 4268 4313
f 4267 4313 4312
f 4268 4269 4314
f 4268 4314 4313
f 4269 4270 4315
f 4269 4315 4314
f 4270 4271 4316
f 4270 4316 4315
f 4271 4272 4317
f 4271 4317 4316
f 4272 4273 4318
f 4272 4318 4317
f 4273 4274 4319
f 4273 4319 4318
f 4274 4275 4320
f 4274 4320 4319
f 4275 4276 4321
f 4275 4321 4320
f 4276 4277 4322
f 4276 4322 4321
f 4277 4278 4323
f 4277 4323 4322
f 4279 4280 4325
f 4279 4325 4324
f 4280 4281 4326
f 4280 4326 4325
f 4281 4282 4327
f 4281 4327 4326
f 4282 4283 4328
f 4282 4328 4327
f 4283 4284 4329
f 4283 4329 4328
f 4284 4285 4330
f 4284 4330 4329
f 4285 4286 4331
f 4285 4331 4330
f 4286 4287 4332
f 4286 4332 4331
f 4287 4288 4333
f 4287 4333 4332
f 4288 4289 4334
f 4288 4334 4333
f 4289 4290 4335
f 4289 4335 4334
f 4290 4291 4336
f 4290 4336 4335
f 4291 4292 4337
f 4291 4337 4336
f 4292 4293 4338
f 4292 4338 4337
f 4293 4294 4339
f 4293 4339 4338
f 4294 4295 4340
f 4294 4340 4339
f 4295 4296 4341
f 4295 4341 4340
f 4296 4297 4342
f 4296 4342 4341
f 4297 4298 4343
f 4297 4343 4342
f 4298 4299 4344
f 4298 4344 4343
f 4299 4300 4345
f 4299 4345 4344
f 4300 4301 4346
f 4300 4346 4345
f 4301 4302 4347
f 4301 4347 4346
f 4302 4303 4348
f 4302 4348 4347
f 4303 4304 4349
f 4303 4349 4348
f 4304 4305 4350
f 4304 4350 4349
f 4305 4306 4351
f 4305 4351 4350
f 4306 4307 4352
f 4306 4352 4351
f 4307 4308 4353
f 4307 4353 4352
f 4308 4309 4354
f 4308 4354 4353
f 4309 4310 4355
f 4309 4355 4354
f 4310 4311 4356
f 4310 4356 4355
f 4311 4312 4357
f 4311 4357 4356
f 4312 4313 4358
f 4312 4358 4357
f 4313 4314 4359
f 4313 4359 4358
f 4314 4315 4360
f 4314 4360 4359
f 4315 4316 4361
f 4315 4361 4360
f 4316 4317 4362
f 4316 4362 4361
f 4317 4318 4363
f 4317 4363 4362
f 4318 4319 4364
f 4318 4364 4363
f 4319 4320 4365
f 4319 4365 4364
f 4320 4321 4366
f 4320 4366 4365
f 4321 4322 4367
f 4321 4367 4366
f 4322 4323 4368
f 4322 4368 4367
f 4324 4325 4370
f 4324 4370 4369
f 4325 4326 4371
f 4325 4371 4370
f 4326 4327 4372
f 4326 4372 4371
f 4327 4328 4373
f 4327 4373 4372
f 4328 4329 4374
f 4328 4374 4373
f 4329 4330 4375
f 4329 4375 4374
f 4330 4331 4376
f 4330 4376 4375
f 4331 4332 4377
f 4331 4377 4376
f 4332 4333 4378
f 4332 4378 4377
f 4333 4334 4379
f 4333 4379 4378
f 4334 4335 4380
f 4334 4380 4379
f 4335 4336 4381
f 4335 4381 4380
f 4336 4337 4382
f 4336 4382 4381
f 4337 4338 4383
f 4337 4383 4382
f 4338 4339 4384
f 4338 4384 4383
f 4339 4340 4385
f 4339 4385 4384
f 4340 4341 4386
f 4340 4386 4385
f 4341 4342 4387
f 4341 4387 4386
f 4342 4343 4388
f 4342 4388 4387
f 4343 4344 4389
f 4343 4389 4388
f 4344 4345 4390
f 4344 4390 4389
f 4345 4346 4391
f 4345 4391 4390
f 4346 4347 4392
f 4346 4392 4391
f 4347 4348 4393
f 4347 4393 4392
f 4348 4349 4394
f 4348 4394 4393
f 4349 4350 4395
f 4349 4395 4394
f 4350 4351 4396
f 4350 4396 4395
f 4351 4352 4397
f 4351 4397 4396
f 4352 4353 4398
f 4352 4398 4397
f 4353 4354 4399
f 4353 4399 4398
f 4354 4355 4400
f 4354 4400 4399
f 4355 4356 4401
f 4355 4401 4400
f 4356 4357 4402
f 4356 4402 4401
f 4357 4358 4403
f 4357 4403 4402
f 4358 4359 4404
f 4358 4404 4403
f 4359 4360 4405
f 4359 4405 4404
f 4360 4361 4406
f 4360 4406 4405
f 4361 4362 4407
f 4361 4407 4406
f 4362 4363 4408
f 4362 4408 4407
f 4363 4364 4409
f 4363 4409 4408
f 4364 4365 4410
f 4364 4410 4409
f 4365 4366 4411
f 4365 4411 4410
f 4366 4367 4412
f 4366 4412 4411
f 4367 4368 4413
f 4367 4413 4412
f 4369 4370 4415
f 4369 4415 4414
f 4370 4371 4416
f 4370 4416 4415
f 4371 4372 4417
f 4371 4417 4416
f 4372 4373 4418
f 4372 4418 4417
f 4373 4374 4419
f 4373 4419 4418
f 4374 4375 4420
f 4374 4420 4419
f 4375 4376 4421
f 4375 4421 4420
f 4376 4377 4422
f 4376 4422 4421
f 4377 4378 4423
f 4377 4423 4422
f 4378 4379 4424
f 4378 4424 4423
f 4379 4380 4425
f 4379 4425 4424
f 4380 4381 4426
f 4380 4426 4425
f 4381 4382 4427
f 4381 4427 4426
f 4382 4383 4428
f 4382 4428 4427
f 4383 4384 4429
f 4383 4429 4428
f 4384 4385 4430
f 4384 4430 4429
f 4385 4386 4431
f 4385 4431 4430
f 4386 4387 4432
f 4386 4432 4431
f 4387 4388 4433
f 4387 4433 4432
f 4388 4389 4434
f 4388 4434 4433
f 4389 4390 4435
f 4389 4435 4434
f 4390 4391 4436
f 4390 4436 4435
f 4391 4392 4437
f 4391 4437 4436
f 4392 4393 4438
f 4392 4438 4437
f 4393 4394 4439
f 4393 4439 4438
f 4394 4395 4440
f 4394 4440 4439
f 4395 4396 4441
f 4395 4441 4440
f 4396 4397 4442
f 4396 4442 4441
f 4397 4398 4443
f 4397 4443 4442
f 4398 4399 4444
f 4398 4444 4443
f 4399 4400 4445
f 4399 4445 4444
f 4400 4401 4446
f 4400 4446 4445
f 4401 4402 4447
f 4401 4447 4446
f 4402 4403 4448
f 4402 4448 4447
f 4403 4404 4449
f 4403 4449 4448
f 4404 4405 4450
f 4404 4450 4449
f 4405 4406 4451
f 4405 4451 4450
f 4406 4407 4452
f 4406 4452 4451
f 4407 4408 4453
f 4407 4453 4452
f 4408 4409 4454
f 4408 4454 4453
f 4409 4410 4455
f 4409 4455 4454
f 4410 4411 4456
f 4410 4456 4455
f 4411 4412 4457
f 4411 4457 4456
f 4412 4413 4458
f 4412 4458 4457
f 4414 4415 4461
f 4414 4461 4460
f 4415 4416 4462
f 4415 4462 4461
f 4416 4417 4463
f 4416 4463 4462
f 4417 4418 4464
f 4417 4464 4463
f 4418 4419 4465
f 4418 4465 4464
f 4419 4420 4466
f 4419 4466 4465
f 4420 4421 4467
f 4420 4467 4466
f 4421 4422 4468
f 4421 4468 4467
f 4422 4423 4469
f 4422 4469 4468
f 4423 4424 4470
f 4423 4470 4469
f 4424 4425 4471
f 4424 4471 4470
f 4425 4426 4472
f 4425 4472 4471
f 4426 4427 4473
f 4426 4473 4472
f 4427 4428 4474
f 4427 4474 4473
f 4428 4429 4475
f 4428 4475 4474
f 4429 4430 4476
f 4429 4476 4475
f 4430 4431 4477
f 4430 4477 4476
f 4431 4432 4478
f 4431 4478 4477
f 4432 4433 4479
f 4432 4479 4478
f 4433 4434 4480
f 4433 4480 4479
f 4434 4435 4481
f 4434 4481 4480
f 4435 4436 4482
f 4435 4482 4481
f 4436 4437 4483
f 4436 4483 4482
f 4437 4438 4484
f 4437 4484 4483
f 4438 4439 4485
f 4438 4485 4484
f 4439 4440 4486
f 4439 4486 4485
f 4440 4441 4487
f 4440 4487 4486
f 4441 4442 4488
f 4441 4488 4487
f 4442 4443 4489
f 4442 4489 4488
f 4443 4444 4490
f 4443 4490 4489
f 4444 4445 4491
f 4444 4491 4490
f 4445 4446 4492
f 4445 4492 4491
f 4446 4447 4493
f 4446 4493 4492
f 4447 4448 4494
f 4447 4494 4493
f 4448 4449 4495
f 4448 4495 4494
f 4449 4450 4496
f 4449 4496 4495
f 4450 4451 4497
f 4450 4497 4496
f 4451 4452 4498
f 4451 4498 4497
f 4452 4453 4499
f 4452 4499 4498
f 4453 4454 4500
f 4453 4500 4499
f 4454 4455 4501
f 4454 4501 4500
f 4455 4456 4502
f 4455 4502 4501
f 4456 4457 4503
f 4456 4503 4502
f 4457 4458 4504
f 4457 4504 4503
f 4459 4460 4506
f 4459 4506 4505
f 4460 4461 4507
f 4460 4507 4506
f 4461 4462 4508
f 4461 4508 4507
f 4462 4463 4509
f 4462 4509 4508
f 4463 4464 4510
f 4463 4510 4509
f 4464 4465 4511
f 4464 4511 4510
f 4465 4466 4512
f 4465 4512 4511
f 4466 4467 4513
f 4466 4513 4512
f 4467 4468 4514
f 4467 4514 4513
f 4468 4469 4515
f 4468 4515 4514
f 4469 4470 4516
f 4469 4516 4515
f 4470 4471 4517
f 4470 4517 4516
f 4471 4472 4518
f 4471 4518 4517
f 4472 4473 4519
f 4472 4519 4518
f 4473 4474 4520
f 4473 4520 4519
f 4474 4475 4521
f 4474 4521 4520
f 4475 4476 4522
f 4475 4522 4521
f 4476 4477 4523
f 4476 4523 4522
f 4477 4478 4524
f 4477 4524 4523
f 4478 4479 4525
f 4478 4525 4524
f 4479 4480 4526
f 4479 4526 4525
f 4480 4481 4527
f 4480 4527 4526
f 4481 4482 4528
f 4481 4528 4527
f 4482 4483 4529
f 4482 4529 4528
f 4483 4484 4530
f 4483 4530 4529
f 4484 4485 4531
f 4484 4531 4530
f 4485 4486 4532
f 4485 4532 4531
f 4486 4487 4533
f 4486 4533 4532
f 4487 4488 4534
f 4487 4534 4533
f 4488 4489 4535
f 4488 4535 4534
f 4489 4490 4536
f 4489 4536 4535
f 4490 4491 4537
f 4490 4537 4536
f 4491 4492 4538
f 4491 4538 4537
f 4492 4493 4539
f 4492 4539 4538
f 4493 4494 4540
f 4493 4540 4539
f 4494 4495 4541
f 4494 4541 4540
f 4495 4496 4542
f 4495 4542 4541
f 4496 4497 4543
f 4496 4543 4542
f 4497 4498 4544
f 4497 4544 4543
f 4498 4499 4545
f 4498 4545 4544
f 4499 4500 4546
f 4499 4546 4545
f 4500 4501 4547
f 4500 4547 4546
f 4501 4502 4548
f 4501 4548 4547
f 4502 4503 4549
f 4502 4549 4548
f 4503 4504 4550
f 4503 4550 4549
f 4505 4506 4552
f 4505 4552 4551
f 4506 4507 4553
f 4506 4553 4552
f 4507 4508 4554
f 4507 4554 4553
f 4508 4509 4555
f 4508 4555 4554
f 4509 4510 4556
f 4509 4556 4555
f 4510 4511 4557
f 4510 4557 4556
f 4511 4512 4558
f 4511 4558 4557
f 4512 4513 4559
f 4512 4559 4558
f 4513 4514 4560
f 4513 4560 4559
f 4514 4515 4561
f 4514 4561 4560
f 4515 4516 4562
f 4515 4562 4561
f 4516 4517 4563
f 4516 4563 4562
f 4517 4518 4564
f 4517 4564 4563
f 4518 4519 4565
f 4518 4565 4564
f 4519 4520 4566
f 4519 4566 4565
f 4520 4521 4567
f 4520 4567 4566
f 4521 4522 4568
f 4521 4568 4567
f 4522 4523 4569
f 4522 4569 4568
f 4523 4524 4570
f 4523 4570 4569
f 4524 4525 4571
f 4524 4571 4570
f 4525 4526 4572
f 4525 4572 4571
f 4526 4527 4573
f 4526 4573 4572
f 4527 4528 4574
f 4527 4574 4573
f 4528 4529 4575
f 4528 4575 4574
f 4529 4530 4576
f 4529 4576 4575
f 4530 4531 4577
f 4530 4577 4576
f 4531 4532 4578
f 4531 4578 4577
f 4532 4533 4579
f 4532 4579 4578
f 4533 4534 4580
f 4533 4580 4579
f 4534 4535 4581
f 4534 4581 4580
f 4535 4536 4582
f 4535 4582 4581
f 4536 4537 4583
f 4536 4583 4582
f 4537 4538 4584
f 4537 4584 4583
f 4538 4539 4585
f 4538 4585 4584
f 4539 4540 4586
f 4539 4586 4585
f 4540 4541 4587
f 4540 4587 4586
f 4541 4542 4588
f 4541 4588 4587
f 4542 4543 4589
f 4542 4589 4588
f 4543 4544 4590
f 4543 4590 4589
f 4544 4545 4591
f 4544 4591 4590
f 4545 4546 4592
f 4545 4592 4591
f 4546 4547 4593
f 4546 4593 4592
f 4547 4548 4594
f 4547 4594 4593
f 4548 4549 4595
f 4548 4595 4594
f 4549 4550 4596
f 4549 4596 4595
f 4551 4552 4598
f 4551 4598 4597
f 4552 4553 4599
f 4552 4599 4598
f 4553 4554 4600
f 4553 4600 4599
f 4554 4555 4601
f 4554 4601 4600
f 4555 4556 4602
f 4555 4602 4601
f 4556 4557 4603
f 4556 4603 4602
f 4557 4558 4604
f 4557 4604 4603
f 4558 4559 4605
f 4558 4605 4604
f 4559 4560 4606
f 4559 4606 4605
f 4560 4561 4607
f 4560 4607 4606
f 4561 4562 4608
f 4561 4608 4607
f 4562 4563 4609
f 4562 4609 4608
f 4563 4564 4610
f 4563 4610 4609
f 4564 4565 4611
f 4564 4611 4610
f 4565 4566 4612
f 4565 4612 4611
f 4566 4567 4613
f 4566 4613 4612
f 4567 4568 4614
f 4567 4614 4613
f 4568 4569 4615
f 4568 4615 4614
f 4569 4570 4616
f 4569 4616 4615
f 4570 4571 4617
f 4570 4617 4616
f 4571 4572 4618
f 4571 4618 4617
f 4572 4573 4619
f 4572 4619 4618
f 4573 4574 4620
f 4573 4620 4619
f 4574 4575 4621
f 4574 4621 4620
f 4575 4576 4622
f 4575 4622 4621
f 4576 4577 4623
f 4576 4623 4622
f 4577 4578 4624
f 4577 4624 4623
f 4578 4579 4625
f 4578 4625 4624
f 4579 4580 4626
f 4579 4626 4625
f 4580 4581 4627
f 4580 4627 4626
f 4581 4582 4628
f 4581 4628 4627
f 4582 4583 4629
f 4582 4629 4628
f 4583 4584 4630
f 4583 4630 4629
f 4584 4585 4631
f 4584 4631 4630
f 4585 4586 4632
f 4585 4632 4631
f 4586 4587 4633
f 4586 4633 4632
f 4587 4588 4634
f 4587 4634 4633
f 4588 4589 4635
f 4588 4635 4634
f 4589 4590 4636
f 4589 4636 4635
f 4590 4591 4637
f 4590 4637 4636
f 4591 4592 4638
f 4591 4638 4637
f 4592 4593 4639
f 4592 4639 4638
f 4593 4594 4640
f 4593 4640 4639
f 4594 4595 4641
f 4594 4641 4640
f 4595 4596 4642
f 4595 4642 4641
f 4597 4598 4644
f 4597 4644 4643
f 4598 4599 4645
f 4598 4645 4644
f 4599 4600 4646
f 4599 4646 4645
f 4600 4601 4647
f 4600 4647 4646
f 4601 4602 4648
f 4601 4648 4647
f 4602 4603 4649
f 4602 4649 4648
f 4603 4604 4650
f 4603 4650 4649
f 4604 4605 4651
f 4604 4651 4650
f 4605 4606 4652
f 4605 4652 4651
f 4606 4607 4653
f 4606 4653 4652
f 4607 4608 4654
f 4607 4654 4653
f 4608 4609 4655
f 4608 4655 4654
f 4609 4610 4656
f 4609 4656 4655
f 4610 4611 4657
f 4610 4657 4656
f 4611 4612 4658
f 4611 4658 4657
f 4612 4613 4659
f 4612 4659 4658
f 4613 4614 4660
f 4613 4660 4659
f 4614 4615 4661
f 4614 4661 4660
f 4615 4616 4662
f 4615 4662 4661
f 4616 4617 4663
f 4616 4663 4662
f 4617 4618 4664
f 4617 4664 4663
f 4618 4619 4665
f 4618 4665 4664
f 4619 4620 4666
f 4619 4666 4665
f 4620 4621 4667
f 4620 4667 4666
f 4621 4622 4668
f 4621 4668 4667
f 4622 4623 4669
f 4622 4669 4668
f 4623 4624 4670
f 4623 4670 4669
f 4624 4625 4671
f 4624 4671 4670
f 4625 4626 4672
f 4625 4672 4671
f 4626 4627 4673
f 4626 4673 4672
f 4627 4628 4674
f 4627 4674 4673
f 4628 4629 4675
f 4628 4675 4674
f 4629 4630 4676
f 4629 4676 4675
f 4630 4631 4677
f 4630 4677 4676
f 4631 4632 4678
f 4631 4678 4677
f 4632 4633 4679
f 4632 4679 4678
f 4633 4634 4680
f 4633 4680 4679
f 4634 4635 4681
f 4634 4681 4680
f 4635 4636 4682
f 4635 4682 4681
f 4636 4637 4683
f 4636 4683 4682
f 4637 4638 4684
f 4637 4684 4683
f 4638 4639 4685
f 4638 4685 4684
f 4639 4640 4686
f 4639 4686 4685
f 4640 4641 4687
f 4640 4687 4686
f 4641 4642 4688
f 4641 4688 4687
f 4642 4689 4688
f 4643 4644 4691
f 4643 4691 4690
f 4644 4645 4692
f 4644 4692 4691
f 4645 4646 4693
f 4645 4693 4692
f 4646 4647 4694
f 4646 4694 4693
f 4647 4648 4695
f 4647 4695 4694
f 4648 4649 4696
f 4648 4696 4695
f 4649 4650 4697
f 4649 4697 4696
f 4650 4651 4698
f 4650 4698 4697
f 4651 4652 4699
f 4651 4699 4698
f 4652 4653 4700
f 4652 4700 4699
f 4653 4654 4701
f 4653 4701 4700
f 4654 4655 4702
f 4654 4702 4701
f 4655 4656 4703
f 4655 4703 4702
f 4656 4657 4704
f 4656 4704 4703
f 4657 4658 4705
f 4657 4705 4704
f 4658 4659 4706
f 4658 4706 4705
f 4659 4660 4707
f 4659 4707 4706
f 4660 4661 4708
f 4660 4708 4707
f 4661 4662 4709
f 4661 4709 4708
f 4662 4663 4710
f 4662 4710 4709
f 4663 4664 4711
f 4663 4711 4710
f 4664 4665 4712
f 4664 4712 4711
f 4665 4666 4713
f 4665 4713 4712
f 4666 4667 4714
f 4666 4714 4713
f 4667 4668 4715
f 4667 4715 4714
f 4668 4669 4716
f 4668 4716 4715
f 4669 4670 4717
f 4669 4717 4716
f 4670 4671 4718
f 4670 4718 4717
f 4671 4672 4719
f 4671 4719 4718
f 4672 4673 4720
f 4672 4720 4719
f 4673 4674 4721
f 4673 4721 4720
f 4674 4675 4722
f 4674 4722 4721
f 4675 4676 4723
f 4675 4723 4722
f 4676 4677 4724
f 4676 4724 4723
f 4677 4678 4725
f 4677 4725 4724
f 4678 4679 4726
f 4678 4726 4725
f 4679 4680 4727
f 4679 4727 4726
f 4680 4681 4728
f 4680 4728 4727
f 4681 4682 4729
f 4681 4729 4728
f 4682 4683 4730
f 4682 4730 4729
f 4683 4684 4731
f 4683 4731 4730
f 4684 4685 4732
f 4684 4732 4731
f 4685 4686 4733
f 4685 4733 4732
f 4686 4687 4734
f 4686 4734 4733
f 4687 4688 4735
f 4687 4735 4734
f 4688 4689 4736
f 4688 4736 4735
f 4690 4691 4738
f 4690 4738 4737
f 4691 4692 4739
f 4691 4739 4738
f 4692 4693 4740
f 4692 4740 4739
f 4693 4694 4741
f 4693 4741 4740
f 4694 4695 4742
f 4694 4742 4741
f 4695 4696 4743
f 4695 4743 4742
f 4696 4697 4744
f 4696 4744 4743
f 4697 4698 4745
f 4697 4745 4744
f 4698 4699 4746
f 4698 4746 4745
f 4699 4700 4747
f 4699 4747 4746
f 4700 4701 4748
f 4700 4748 4747
f 4701 4702 4749
f 4701 4749 4748
f 4702 4703 4750
f 4702 4750 4749
f 4703 4704 4751
f 4703 4751 4750
f 4704 4705 4752
f 4704 4752 4751
f 4705 4706 4753
f 4705 4753 4752
f 4706 4707 4754
f 4706 4754 4753
f 4707 4708 4755
f 4707 4755 4754
f 4708 4709 4756
f 4708 4756 4755
f 4709 4710 4757
f 4709 4757 4756
f 4710 4711 4758
f 4710 4758 4757
f 4711 4712 4759
f 4711 4759 4758
f 4712 4713 4760
f 4712 4760 4759
f 4713 4714 4761
f 4713 4761 4760
f 4714 4715 4762
f 4714 4762 4761
f 4715 4716 4763
f 4715 4763 4762
f 4716 4717 4764
f 4716 4764 4763
f 4717 4718 4765
f 4717 4765 4764
f 4718 4719 4766
f 4718 4766 4765
f 4719 4720 4767
f 4719 4767 4766
f 4720 4721 4768
f 4720 4768 4767
f 4721 4722 4769
f 4721 4769 4768
f 4722 4723 4770
f 4722 4770 4769
f 4723 4724 4771
f 4723 4771 4770
f 4724 4725 4772
f 4724 4772 4771
f 4725 4726 4773
f 4725 4773 4772
f 4726 4727 4774
f 4726 4774 4773
f 4727 4728 4775
f 4727 4775 4774
f 4728 4729 4776
f 4728 4776 4775
f 4729 4730 4777
f 4729 4777 4776
f 4730 4731 4778
f 4730 4778 4777
f 4731 4732 4779
f 4731 4779 4778
f 4732 4733 4780
f 4732 4780 4779
f 4733 4734 4781
f 4733 4781 4780
f 4734 4735 4782
f 4734 4782 4781
f 4735 4736 4783
f 4735 4783 4782
f 4737 4738 4785
f 4737 4785 4784
f 4738 4739 4786
f 4738 4786 4785
f 4739 4740 4787
f 4739 4787 4786
f 4740 4741 4788
f 4740 4788 4787
f 4741 4742 4789
f 4741 4789 4788
f 4742 4743 4790
f 4742 4790 4789
f 4743 4744 4791
f 4743 4791 4790
f 4744 4745 4792
f 4744 4792 4791
f 4745 4746 4793
f 4745 4793 4792
f 4746 4747 4794
f 4746 4794 4793
f 4747 4748 4795
f 4747 4795 4794
f 4748 4749 4796
f 4748 4796 4795
f 4749 4750 4797
f 4749 4797 4796
f 4750 4751 4798
f 4750 4798 4797
f 4751 4752 4799
f 4751 4799 4798
f 4752 4753 4800
f 4752 4800 4799
f 4753 4754 4801
f 4753 4801 4800
f 4754 4755 4802
f 4754 4802 4801
f 4755 4756 4803
f 4755 4803 4802
f 4756 4757 4804
f 4756 4804 4803
f 4757 4758 4805
f 4757 4805 4804
f 4758 4759 4806
f 4758 4806 4805
f 4759 4760 4807
f 4759 4807 4806
f 4760 4761 4808
f 4760 4808 4807
f 4761 4762 4809
f 4761 4809 4808
f 4762 4763 4810
f 4762 4810 4809
f 4763 4764 4811
f 4763 4811 4810
f 4764 4765 4812
f 4764 4812 4811
f 4765 4766 4813
f 4765 4813 4812
f 4766 4767 4814
f 4766 4814 4813
f 4767 4768 4815
f 4767 4815 4814
f 4768 4769 4816
f 4768 4816 4815
f 4769 4770 4817
f 4769 4817 4816
f 4770 4771 4818
f 4770 4818 4817
f 4771 4772 4819
f 4771 4819 4818
f 4772 4773 4820
f 4772 4820 4819
f 4773 4774 4821
f 4773 4821 4820
f 4774 4775 4822
f 4774 4822 4821
f 4775 4776 4823
f 4775 4823 4822
f 4776 4777 4824
f 4776 4824 4823
f 4777 4778 4825
f 4777 4825 4824
f 4778 4779 4826
f 4778 4826 4825
f 4779 4780 4827
f 4779 4827 4826
f 4780 4781 4828
f 4780 4828 4827
f 4781 4782 4829
f 4781 4829 4828
f 4782 4783 4830
f 4782 4830 4829
f 4784 4785 4832
f 4784 4832 4831
f 4785 4786 4833
f 4785 4833 4832
f 4786 4787 4834
f 4786 4834 4833
f 4787 4788 4835
f 4787 4835 4834
f 4788 4789 4836
f 4788 4836 4835
f 4789 4790 4837
f 4789 4837 4836
f 4790 4791 4838
f 4790 4838 4837
f 4791 4792 4839
f 4791 4839 4838
f 4792 4793 4840
f 4792 4840 4839
f 4793 4794 4841
f 4793 4841 4840
f 4794 4795 4842
f 4794 4842 4841
f 4795 4796 4843
f 4795 4843 4842
f 4796 4797 4844
f 4796 4844 4843
f 4797 4798 4845
f 4797 4845 4844
f 4798 4799 4846
f 4798 4846 4845
f 4799 4800 4847
f 4799 4847 4846
f 4800 4801 4848
f 4800 4848 4847
f 4801 4802 4849
f 4801 4849 4848
f 4802 4803 4850
f 4802 4850 4849
f 4803 4804 4851
f 4803 4851 4850
f 4804 4805 4852
f 4804 4852 4851
f 4805 4806 4853
f 4805 4853 4852
f 4806 4807 4854
f 4806 4854 4853
f 4807 4808 4855
f 4807 4855 4854
f 4808 4809 4856
f 4808 4856 4855
f 4809 4810 4857
f 4809 4857 4856
f 4810 4811 4858
f 4810 4858 4857
f 4811 4812 4859
f 4811 4859 4858
f 4812 4813 4860
f 4812 4860 4859
f 4813 4814 4861
f 4813 4861 4860
f 4814 4815 4862
f 4814 4862 4861
f 4815 4816 4863
f 4815 4863 4862
f 4816 4817 4864
f 4816 4864 4863
f 4817 4818 4865
f 4817 4865 4864
f 4818 4819 4866
f 4818 4866 4865
f 4819 4820 4867
f 4819 4867 4866
f 4820 4821 4868
f 4820 4868 4867
f 4821 4822 4869
f 4821 4869 4868
f 4822 4823 4870
f 4822 4870 4869
f 4823 4824 4871
f 4823 4871 4870
f 4824 4825 4872
f 4824 4872 4871
f 4825 4826 4873
f 4825 4873 4872
f 4826 4827 4874
f 4826 4874 4873
f 4827 4828 4875
f 4827 4875 4874
f 4828 4829 4876
f 4828 4876 4875
f 4829 4830 4877
f 4829 4877 4876
f 4831 4832 4879
f 4831 4879 4878
f 4832 4833 4880
f 4832 4880 4879
f 4833 4834 4881
f 4833 4881 4880
f 4834 4835 4882
f 4834 4882 4881
f 4835 4836 4883
f 4835 4883 4882
f 4836 4837 4884
f 4836 4884 4883
f 4837 4838 4885
f 4837 4885 4884
f 4838 4839 4886
f 4838 4886 4885
f 4839 4840 4887
f 4839 4887 4886
f 4840 4841 4888
f 4840 4888 4887
f 4841 4842 4889
f 4841 4889 4888
f 4842 4843 4890
f 4842 4890 4889
f 4843 4844 4891
f 4843 4891 4890
f 4844 4845 4892
f 4844 4892 4891
f 4845 4846 4893
f 4845 4893 4892
f 4846 4847 4894
f 4846 4894 4893
f 4847 4848 4895
f 4847 4895 4894
f 4848 4849 4896
f 4848 4896 4895
f 4849 4850 4897
f 4849 4897 4896
f 4850 4851 4898
f 4850 4898 4897
f 4851 4852 4899
f 4851 4899 4898
f 4852 4853 4900
f 4852 4900 4899
f 4853 4854 4901
f 4853 4901 4900
f 4854 4855 4902
f 4854 4902 4901
f 4855 4856 4903
f 4855 4903 4902
f 4856 4857 4904
f 4856 4904 4903
f 4857 4858 4905
f 4857 4905 4904
f 4858 4859 4906
f 4858 4906 4905
f 4859 4860 4907
f 4859 4907 4906
f 4860 4861 4908
f 4860 4908 4907
f 4861 4862 4909
f 4861 4909 4908
f 4862 4863 4910
f 4862 4910 4909
f 4863 4864 4911
f 4863 4911 4910
f 4864 4865 4912
f 4864 4912 4911
f 4865 4866 4913
f 4865 4913 4912
f 4866 4867 4914
f 4866 4914 4913
f 4867 4868 4915
f 4867 4915 4914
f 4868 4869 4916
f 4868 4916 4915
f 4869 4870 4917
f 4869 4917 4916
f 4870 4871 4918
f 4870 4918 4917
f 4871 4872 4919
f 4871 4919 4918
f 4872 4873 4920
f 4872 4920 4919
f 4873 4874 4921
f 4873 4921 4920
f 4874 4875 4922
f 4874 4922 4921
f 4875 4876 4923
f 4875 4923 4922
f 4876 4877 4924
f 4876 4924 4923
f 4878 4879 4926
f 4878 4926 4925
f 4879 4880 4927
f 4879 4927 4926
f 4880 4881 4928
f 4880 4928 4927
f 4881 4882 4929
f 4881 4929 4928
f 4882 4883 4930
f 4882 4930 4929
f 4883 4884 4931
f 4883 4931 4930
f 4884 4885 4932
f 4884 4932 4931
f 4885 4886 4933
f 4885 4933 4932
f 4886 4887 4934
f 4886 4934 4933
f 4887 4888 4935
f 4887 4935 4934
f 4888 4889 4936
f 4888 4936 4935
f 4889 4890 4937
f 4889 4937 4936
f 4890 4891 4938
f 4890 4938 4937
f 4891 4892 4939
f 4891 4939 4938
f 4892 4893 4940
f 4892 4940 4939
f 4893 4894 4941
f 4893 4941 4940
f 4894 4895 4942
f 4894 4942 4941
f 4895 4896 4943
f 4895 4943 4942
f 4896 4897 4944
f 4896 4944 4943
f 4897 4898 4945
f 4897 4945 4944
f 4898 4899 4946
f 4898 4946 4945
f 4899 4900 4947
f 4899 4947 4946
f 4900 4901 4948
f 4900 4948 4947
f 4901 4902 4949
f 4901 4949 4948
f 4902 4903 4950
f 4902 4950 4949
f 4903 4904 4951
f 4903 4951 4950
f 4904 4905 4952
f 4904 4952 4951
f 4905 4906 4953
f 4905 4953 4952
f 4906 4907 4954
f 4906 4954 4953
f 4907 4908 4955
f 4907 4955 4954
f 4908 4909 4956
f 4908 4956 4955
f 4909 4910 4957
f 4909 4957 4956
f 4910 4911 4958
f 4910 4958 4957
f 4911 4912 4959
f 4911 4959 4958
f 4912 4913 4960
f 4912 4960 4959
f 4913 4914 4961
f 4913 4961 4960
f 4914 4915 4962
f 4914 4962 4961
f 4915 4916 4963
f 4915 4963 4962
f 4916 4917 4964
f 4916 4964 4963
f 4917 4918 4965
f 4917 4965 4964
f 4918 4919 4966
f 4918 4966 4965
f 4919 4920 4967
f 4919 4967 4966
f 4920 4921 4968
f 4920 4968 4967
f 4921 4922 4969
f 4921 4969 4968
f 4922 4923 4970
f 4922 4970 4969
f 4923 4924 4971
f 4923 4971 4970
f 4925 4926 4973
f 4925 4973 4972
f 4926 4927 4974
f 4926 4974 4973
f 4927 4928 4975
f 4927 4975 4974
f 4928 4929 4976
f 4928 4976 4975
f 4929 4930 4977
f 4929 4977 4976
f 4930 4931 4978
f 4930 4978 4977
f 4931 4932 4979
f 4931 4979 4978
f 4932 4933 4980
f 4932 4980 4979
f 4933 4934 4981
f 4933 4981 4980
f 4934 4935 4982
f 4934 4982 4981
f 4935 4936 4983
f 4935 4983 4982
f 4936 4937 4984
f 4936 4984 4983
f 4937 4938 4985
f 4937 4985 4984
f 4938 4939 4986
f 4938 4986 4985
f 4939 4940 4987
f 4939 4987 4986
f 4940 4941 4988
f 4940 4988 4987
f 4941 4942 4989
f 4941 4989 4988
f 4942 4943 4990
f 4942 4990 4989
f 4943 4944 4991
f 4943 4991 4990
f 4944 4945 4992
f 4944 4992 4991
f 4945 4946 4993
f 4945 4993 4992
f 4946 4947 4994
f 4946 4994 4993
f 4947 4948 4995
f 4947 4995 4994
f 4948 4949 4996
f 4948 4996 4995
f 4949 4950 4997
f 4949 4997 4996
f 4950 4951 4998
f 4950 4998 4997
f 4951 4952 4999
f 4951 4999 4998
f 4952 4953 5000
f 4952 5000 4999
f 4953 4954 5001
f 4953 5001 5000
f 4954 4955 5002
f 4954 5002 5001
f 4955 4956 5003
f 4955 5003 5002
f 4956 4957 5004
f 4956 5004 5003
f 4957 4958 5005
f 4957 5005 5004
f 4958 4959 5006
f 4958 5006 5005
f 4959 4960 5007
f 4959 5007 5006
f 4960 4961 5008
f 4960 5008 5007
f 4961 4962 5009
f 4961 5009 5008
f 4962 4963 5010
f 4962 5010 5009
f 4963 4964 5011
f 4963 5011 5010
f 4964 4965 5012
f 4964 5012 5011
f 4965 4966 5013
f 4965 5013 5012
f 4966 4967 5014
f 4966 5014 5013
f 4967 4968 5015
f 4967 5015 5014
f 4968 4969 5016
f 4968 5016 5015
f 4969 4970 5017
f 4969 5017 5016
f 4970 4971 5018
f 4970 5018 5017
f 4972 4973 5020
f 4972 5020 5019
f 4973 4974 5021
f 4973 5021 5020
f 4974 4975 5022
f 4974 5022 5021
f 4975 4976 5023
f 4975 5023 5022
f 4976 4977 5024
f 4976 5024 5023
f 4977 4978 5025
f 4977 5025 5024
f 4978 4979 5026
f 4978 5026 5025
f 4979 4980 5027
f 4979 5027 5026
f 4980 4981 5028
f 4980 5028 5027
f 4981 4982 5029
f 4981 5029 5028
f 4982 4983 5030
f 4982 5030 5029
f 4983 4984 5031
f 4983 5031 5030
f 4984 4985 5032
f 4984 5032 5031
f 4985 4986 5033
f 4985 5033 5032
f 4986 4987 5034
f 4986 5034 5033
f 4987 4988 5035
f 4987 5035 5034
f 4988 4989 5036
f 4988 5036 5035
f 4989 4990 5037
f 4989 5037 5036
f 4990 4991 5038
f 4990 5038 5037
f 4991 4992 5039
f 4991 5039 5038
f 4992 4993 5040
f 4992 5040 5039
f 4993 4994 5041
f 4993 5041 5040
f 4994 4995 5042
f 4994 5042 5041
f 4995 4996 5043
f 4995 5043 5042
f 4996 4997 5044
f 4996 5044 5043
f 4997 4998 5045
f 4997 5045 5044
f 4998 4999 5046
f 4998 5046 5045
f 4999 5000 5047
f 4999 5047 5046
f 5000 5001 5048
f 5000 5048 5047
f 5001 5002 5049
f 5001 5049 5048
f 5002 5003 5050
f 5002 5050 5049
f 5003 5004 5051
f 5003 5051 5050
f 5004 5005 5052
f 5004 5052 5051
f 5005 5006 5053
f 5005 5053 5052
f 5006 5007 5054
f 5006 5054 5053
f 5007 5008 5055
f 5007 5055 5054
f 5008 5009 5056
f 5008 5056 5055
f 5009 5010 5057
f 5009 5057 5056
f 5010 5011 5058
f 5010 5058 5057
f 5011 5012 5059
f 5011 5059 5058
f 5012 5013 5060
f 5012 5060 5059
f 5013 5014 5061
f 5013 5061 5060
f 5014 5015 5062
f 5014 5062 5061
f 5015 5016 5063
f 5015 5063 5062
f 5016 5017 5064
f 5016 5064 5063
f 5017 5018 5065
f 5017 5065 5064
f 5019 5020 5067
f 5019 5067 5066
f 5020 5021 5068
f 5020 5068 5067
f 5021 5022 5069
f 5021 5069 5068
f 5022 5023 5070
f 5022 5070 5069
f 5023 5024 5071
f 5023 5071 5070
f 5024 5025 5072
f 5024 5072 5071
f 5025 5026 5073
f 5025 5073 5072
f 5026 5027 5074
f 5026 5074 5073
f 5027 5028 5075
f 5027 5075 5074
f 5028 5029 5076
f 5028 5076 5075
f 5029 5030 5077
f 5029 5077 5076
f 5030 5031 5078
f 5030 5078 5077
f 5031 5032 5079
f 5031 5079 5078
f 5032 5033 5080
f 5032 5080 5079
f 5033 5034 5081
f 5033 5081 5080
f 5034 5035 5082
f 5034 5082 5081
f 5035 5036 5083
f 5035 5083 5082
f 5036 5037 5084
f 5036 5084 5083
f 5037 5038 5085
f 5037 5085 5084
f 5038 5039 5086
f 5038 5086 5085
f 5039 5040 5087
f 5039 5087 5086
f 5040 5041 5088
f 5040 5088 5087
f 5041 5042 5089
f 5041 5089 5088
f 5042 5043 5090
f 5042 5090 5089
f 5043 5044 5091
f 5043 5091 5090
f 5044 5045 5092
f 5044 5092 5091
f 5045 5046 5093
f 5045 5093 5092
f 5046 5047 5094
f 5046 5094 5093
f 5047 5048 5095
f 5047 5095 5094
f 5048 5049 5096
f 5048 5096 5095
f 5049 5050 5097
f 5049 5097 5096
f 5050 5051 5098
f 5050 5098 5097
f 5051 5052 5099
f 5051 5099 5098
f 5052 5053 5100
f 5052 5100 5099
f 5053 5054 5101
f 5053 5101 5100
f 5054 5055 5102
f 5054 5102 5101
f 5055 5056 5103
f 5055 5103 5102
f 5056 5057 5104
f 5056 5104 5103
f 5057 5058 5105
f 5057 5105 5104
f 5058 5059 5106
f 5058 5106 5105
f 5059 5060 5107
f 5059 5107 5106
f 5060 5061 5108
f 5060 5108 5107
f 5061 5062 5109
f 5061 5109 5108
f 5062 5063 5110
f 5062 5110 5109
f 5063 5064 5111
f 5063 5111 5110
f 5064 5065 5112
f 5064 5112 5111
f 5066 5067 5114
f 5066 5114 5113
f 5067 5068 5115
f 5067 5115 5114
f 5068 5069 5116
f 5068 5116 5115
f 5069 5070 5117
f 5069 5117 5116
f 5070 5071 5118
f 5070 5118 5117
f 5071 5072 5119
f 5071 5119 5118
f 5072 5073 5120
f 5072 5120 5119
f 5073 5074 5121
f 5073 5121 5120
f 5074 5075 5122
f 5074 5122 5121
f 5075 5076 5123
f 5075 5123 5122
f 5076 5077 5124
f 5076 5124 5123
f 5077 5078 5125
f 5077 5125 5124
f 5078 5079 5126
f 5078 5126 5125
f 5079 5080 5127
f 5079 5127 5126
f 5080 5081 5128
f 5080 5128 5127
f 5081 5082 5129
f 5081 5129 5128
f 5082 5083 5130
f 5082 5130 5129
f 5083 5084 5131
f 5083 5131 5130
f 5084 5085 5132
f 5084 5132 5131
f 5085 5086 5133
f 5085 5133 5132
f 5086 5087 5134
f 5086 5134 5133
f 5087 5088 5135
f 5087 5135 5134
f 5088 5089 5136
f 5088 5136 5135
f 5089 5090 5137
f 5089 5137 5136
f 5090 5091 5138
f 5090 5138 5137
f 5091 5092 5139
f 5091 5139 5138
f 5092 5093 5140
f 5092 5140 5139
f 5093 5094 5141
f 5093 5141 5140
f 5094 5095 5142
f 5094 5142 5141
f 5095 5096 5143
f 5095 5143 5142
f 5096 5097 5144
f 5096 5144 5143
f 5097 5098 5145
f 5097 5145 5144
f 5098 5099 5146
f 5098 5146 5145
f 5099 5100 5147
f 5099 5147 5146
f 5100 5101 5148
f 5100 5148 5147
f 5101 5102 5149
f 5101 5149 5148
f 5102 5103 5150
f 5102 5150 5149
f 5103 5104 5151
f 5103 5151 5150
f 5104 5105 5152
f 5104 5152 5151
f 5105 5106 5153
f 5105 5153 5152
f 5106 5107 5154
f 5106 5154 5153
f 5107 5108 5155
f 5107 5155 5154
f 5108 5109 5156
f 5108 5156 5155
f 5109 5110 5157
f 5109 5157 5156
f 5110 5111 5158
f 5110 5158 5157
f 5111 5112 5159
f 5111 5159 5158
f 5112 5160 5159
f 5113 5114 5163
f 5113 5163 5162
f 5114 5115 5164
f 5114 5164 5163
f 5115 5116 5165
f 5115 5165 5164
f 5116 5117 5166
f 5116 5166 5165
f 5117 5118 5167
f 5117 5167 5166
f 5118 5119 5168
f 5118 5168 5167
f 5119 5120 5169
f 5119 5169 5168
f 5120 5121 5170
f 5120 5170 5169
f 5121 5122 5171
f 5121 5171 5170
f 5122 5123 5172
f 5122 5172 5171
f 5123 5124 5173
f 5123 5173 5172
f 5124 5125 5174
f 5124 5174 5173
f 5125 5126 5175
f 5125 5175 5174
f 5126 5127 5176
f 5126 5176 5175
f 5127 5128 5177
f 5127 5177 5176
f 5128 5129 5178
f 5128 5178 5177
f 5129 5130 5179
f 5129 5179 5178
f 5130 5131 5180
f 5130 5180 5179
f 5131 5132 5181
f 5131 5181 5180
f 5132 5133 5182
f 5132 5182 5181
f 5133 5134 5183
f 5133 5183 5182
f 5134 5135 5184
f 5134 5184 5183
f 5135 5136 5185
f 5135 5185 5184
f 5136 5137 5186
f 5136 5186 5185
f 5137 5138 5187
f 5137 5187 5186
f 5138 5139 5188
f 5138 5188 5187
f 5139 5140 5189
f 5139 5189 5188
f 5140 5141 5190
f 5140 5190 5189
f 5141 5142 5191
f 5141 5191 5190
f 5142 5143 5192
f 5142 5192 5191
f 5143 5144 5193
f 5143 5193 5192
f 5144 5145 5194
f 5144 5194 5193
f 5145 5146 5195
f 5145 5195 5194
f 5146 5147 5196
f 5146 5196 5195
f 5147 5148 5197
f 5147 5197 5196
f 5148 5149 5198
f 5148 5198 5197
f 5149 5150 5199
f 5149 5199 5198
f 5150 5151 5200
f 5150 5200 5199
f 5151 5152 5201
f 5151 5201 5200
f 5152 5153 5202
f 5152 5202 5201
f 5153 5154 5203
f 5153 5203 5202
f 5154 5155 5204
f 5154 5204 5203
f 5155 5156 5205
f 5155 5205 5204
f 5156 5157 5206
f 5156 5206 5205
f 5157 5158 5207
f 5157 5207 5206
f 5158 5159 5208
f 5158 5208 5207
f 5159 5160 5209
f 5159 5209 5208
f 5161 5162 5211
f 5161 5211 5210
f 5162 5163 5212
f 5162 5212 5211
f 5163 5164 5213
f 5163 5213 5212
f 5164 5165 5214
f 5164 5214 5213
f 5165 5166 5215
f 5165 5215 5214
f 5166 5167 5216
f 5166 5216 5215
f 5167 5168 5217
f 5167 5217 5216
f 5168 5169 5218
f 5168 5218 5217
f 5169 5170 5219
f 5169 5219 5218
f 5170 5171 5220
f 5170 5220 5219
f 5171 5172 5221
f 5171 5221 5220
f 5172 5173 5222
f 5172 5222 5221
f 5173 5174 5223
f 5173 5223 5222
f 5174 5175 5224
f 5174 5224 5223
f 5175 5176 5225
f 5175 5225 5224
f 5176 5177 5226
f 5176 5226 5225
f 5177 5178 5227
f 5177 5227 5226
f 5178 5179 5228
f 5178 5228 5227
f 5179 5180 5229
f 5179 5229 5228
f 5180 5181 5230
f 5180 5230 5229
f 5181 5182 5231
f 5181 5231 5230
f 5182 5183 5232
f 5182 5232 5231
f 5183 5184 5233
f 5183 5233 5232
f 5184 5185 5234
f 5184 5234 5233
f 5185 5186 5235
f 5185 5235 5234
f 5186 5187 5236
f 5186 5236 5235
f 5187 5188 5237
f 5187 5237 5236
f 5188 5189 5238
f 5188 5238 5237
f 5189 5190 5239
f 5189 5239 5238
f 5190 5191 5240
f 5190 5240 5239
f 5191 5192 5241
f 5191 5241 5240
f 5192 5193 5242
f 5192 5242 5241
f 5193 5194 5243
f 5193 5243 5242
f 5194 5195 5244
f 5194 5244 5243
f 5195 5196 5245
f 5195 5245 5244
f 5196 5197 5246
f 5196 5246 5245
f 5197 5198 5247
f 5197 5247 5246
f 5198 5199 5248
f 5198 5248 5247
f 5199 5200 5249
f 5199 5249 5248
f 5200 5201 5250
f 5200 5250 5249
f 5201 5202 5251
f 5201 5251 5250
f 5202 5203 5252
f 5202 5252 5251
f 5203 5204 5253
f 5203 5253 5252
f 5204 5205 5254
f 5204 5254 5253
f 5205 5206 5255
f 5205 5255 5254
f 5206 5207 5256
f 5206 5256 5255
f 5207 5208 5257
f 5207 5257 5256
f 5208 5209 5258
f 5208 5258 5257
f 5210 5211 5260
f 5210 5260 5259
f 5211 5212 5261
f 5211 5261 5260
f 5212 5213 5262
f 5212 5262 5261
f 5213 5214 5263
f 5213 5263 5262
f 5214 5215 5264
f 5214 5264 5263
f 5215 5216 5265
f 5215 5265 5264
f 5216 5217 5266
f 5216 5266 5265
f 5217 5218 5267
f 5217 5267 5266
f 5218 5219 5268
f 5218 5268 5267
f 5219 5220 5269
f 5219 5269 5268
f 5220 5221 5270
f 5220 5270 5269
f 5221 5222 5271
f 5221 5271 5270
f 5222 5223 5272
f 5222 5272 5271
f 5223 5224 5273
f 5223 5273 5272
f 5224 5225 5274
f 5224 5274 5273
f 5225 5226 5275
f 5225 5275 5274
f 5226 5227 5276
f 5226 5276 5275
f 5227 5228 5277
f 5227 5277 5276
f 5228 5229 5278
f 5228 5278 5277
f 5229 5230 5279
f 5229 5279 5278
f 5230 5231 5280
f 5230 5280 5279
f 5231 5232 5281
f 5231 5281 5280
f 5232 5233 5282
f 5232 5282 5281
f 5233 5234 5283
f 5233 5283 5282
f 5234 5235 5284
f 5234 5284 5283
f 5235 5236 5285
f 5235 5285 5284
f 5236 5237 5286
f 5236 5286 5285
f 5237 5238 5287
f 5237 5287 5286
f 5238 5239 5288
f 5238 5288 5287
f 5239 5240 5289
f 5239 5289 5288
f 5240 5241 5290
f 5240 5290 5289
f 5241 5242 5291
f 5241 5291 5290
f 5242 5243 5292
f 5242 5292 5291
f 5243 5244 5293
f 5243 5293 5292
f 5244 5245 5294
f 5244 5294 5293
f 5245 5246 5295
f 5245 5295 5294
f 5246 5247 5296
f 5246 5296 5295
f 5247 5248 5297
f 5247 5297 5296
f 5248 5249 5298
f 5248 5298 5297
f 5249 5250 5299
f 5249 5299 5298
f 5250 5251 5300
f 5250 5300 5299
f 5251 5252 5301
f 5251 5301 5300
f 5252 5253 5302
f 5252 5302 5301
f 5253 5254 5303
f 5253 5303 5302
f 5254 5255 5304
f 5254 5304 5303
f 5255 5256 5305
f 5255 5305 5304
f 5256 5257 5306
f 5256 5306 5305
f 5257 5258 5307
f 5257 5307 5306
f 5259 5260 5309
f 5259 5309 5308
f 5260 5261 5310
f 5260 5310 5309
f 5261 5262 5311
f 5261 5311 5310
f 5262 5263 5312
f 5262 5312 5311
f 5263 5264 5313
f 5263 5313 5312
f 5264 5265 5314
f 5264 5314 5313
f 5265 5266 5315
f 5265 5315 5314
f 5266 5267 5316
f 5266 5316 5315
f 5267 5268 5317
f 5267 5317 5316
f 5268 5269 5318
f 5268 5318 5317
f 5269 5270 5319
f 5269 5319 5318
f 5270 5271 5320
f 5270 5320 5319
f 5271 5272 5321
f 5271 5321 5320
f 5272 5273 5322
f 5272 5322 5321
f 5273 5274 5323
f 5273 5323 5322
f 5274 5275 5324
f 5274 5324 5323
f 5275 5276 5325
f 5275 5325 5324
f 5276 5277 5326
f 5276 5326 5325
f 5277 5278 5327
f 5277 5327 5326
f 5278 5279 5328
f 5278 5328 5327
f 5279 5280 5329
f 5279 5329 5328
f 5280 5281 5330
f 5280 5330 5329
f 5281 5282 5331
f 5281 5331 5330
f 5282 5283 5332
f 5282 5332 5331
f 5283 5284 5333
f 5283 5333 5332
f 5284 5285 5334
f 5284 5334 5333
f 5285 5286 5335
f 5285 5335 5334
f 5286 5287 5336
f 5286 5336 5335
f 5287 5288 5337
f 5287 5337 5336
f 5288 5289 5338
f 5288 5338 5337
f 5289 5290 5339
f 5289 5339 5338
f 5290 5291 5340
f 5290 5340 5339
f 5291 5292 5341
f 5291 5341 5340
f 5292 5293 5342
f 5292 5342 5341
f 5293 5294 5343
f 5293 5343 5342
f 5294 5295 5344
f 5294 5344 5343
f 5295 5296 5345
f 5295 5345 5344
f 5296 5297 5346
f 5296 5346 5345
f 5297 5298 5347
f 5297 5347 5346
f 5298 5299 5348
f 5298 5348 5347
f 5299 5300 5349
f 5299 5349 5348
f 5300 5301 5350
f 5300 5350 5349
f 5301 5302 5351
f 5301 5351 5350
f 5302 5303 5352
f 5302 5352 5351
f 5303 5304 5353
f 5303 5353 5352
f 5304 5305 5354
f 5304 5354 5353
f 5305 5306 5355
f 5305 5355 5354
f 5306 5307 5356
f 5306 5356 5355
f 5308 5309 5358
f 5308 5358 5357
f 5309 5310 5359
f 5309 5359 5358
f 5310 5311 5360
f 5310 5360 5359
f 5311 5312 5361
f 5311 5361 5360
f 5312 5313 5362
f 5312 5362 5361
f 5313 5314 5363
f 5313 5363 5362
f 5314 5315 5364
f 5314 5364 5363
f 5315 5316 5365
f 5315 5365 5364
f 5316 5317 5366
f 5316 5366 5365
f 5317 5318 5367
f 5317 5367 5366
f 5318 5319 5368
f 5318 5368 5367
f 5319 5320 5369
f 5319 5369 5368
f 5320 5321 5370
f 5320 5370 5369
f 5321 5322 5371
f 5321 5371 5370
f 5322 5323 5372
f 5322 5372 5371
f 5323 5324 5373
f 5323 5373 5372
f 5324 5325 5374
f 5324 5374 5373
f 5325 5326 5375
f 5325 5375 5374
f 5326 5327 5376
f 5326 5376 5375
f 5327 5328 5377
f 5327 5377 5376
f 5328 5329 5378
f 5328 5378 5377
f 5329 5330 5379
f 5329 5379 5378
f 5330 5331 5380
f 5330 5380 5379
f 5331 5332 5381
f 5331 5381 5380
f 5332 5333 5382
f 5332 5382 5381
f 5333 5334 5383
f 5333 5383 5382
f 5334 5335 5384
f 5334 5384 5383
f 5335 5336 5385
f 5335 5385 5384
f 5336 5337 5386
f 5336 5386 5385
f 5337 5338 5387
f 5337 5387 5386
f 5338 5339 5388
f 5338 5388 5387
f 5339 5340 5389
f 5339 5389 5388
f 5340 5341 5390
f 5340 5390 5389
f 5341 5342 5391
f 5341 5391 5390
f 5342 5343 5392
f 5342 5392 5391
f 5343 5344 5393
f 5343 5393 5392
f 5344 5345 5394
f 5344 5394 5393
f 5345 5346 5395
f 5345 5395 5394
f 5346 5347 5396
f 5346 5396 5395
f 5347 5348 5397
f 5347 5397 5396
f 5348 5349 5398
f 5348 5398 5397
f 5349 5350 5399
f 5349 5399 5398
f 5350 5351 5400
f 5350 5400 5399
f 5351 5352 5401
f 5351 5401 5400
f 5352 5353 5402
f 5352 5402 5401
f 5353 5354 5403
f 5353 5403 5402
f 5354 5355 5404
f 5354 5404 5403
f 5355 5356 5405
f 5355 5405 5404
f 5357 5358 5407
f 5357 5407 5406
f 5358 5359 5408
f 5358 5408 5407
f 5359 5360 5409
f 5359 5409 5408
f 5360 5361 5410
f 5360 5410 5409
f 5361 5362 5411
f 5361 5411 5410
f 5362 5363 5412
f 5362 5412 5411
f 5363 5364 5413
f 5363 5413 5412
f 5364 5365 5414
f 5364 5414 5413
f 5365 5366 5415
f 5365 5415 5414
f 5366 5367 5416
f 5366 5416 5415
f 5367 5368 5417
f 5367 5417 5416
f 5368 5369 5418
f 5368 5418 5417
f 5369 5370 5419
f 5369 5419 5418
f 5370 5371 5420
f 5370 5420 5419
f 5371 5372 5421
f 5371 5421 5420
f 5372 5373 5422
f 5372 5422 5421
f 5373 5374 5423
f 5373 5423 5422
f 5374 5375 5424
f 5374 5424 5423
f 5375 5376 5425
f 5375 5425 5424
f 5376 5377 5426
f 5376 5426 5425
f 5377 5378 5427
f 5377 5427 5426
f 5378 5379 5428
f 5378 5428 5427
f 5379 5380 5429
f 5379 5429 5428
f 5380 5381 5430
f 5380 5430 5429
f 5381 5382 5431
f 5381 5431 5430
f 5382 5383 5432
f 5382 5432 5431
f 5383 5384 5433
f 5383 5433 5432
f 5384 5385 5434
f 5384 5434 5433
f 5385 5386 5435
f 5385 5435 5434
f 5386 5387 5436
f 5386 5436 5435
f 5387 5388 5437
f 5387 5437 5436
f 5388 5389 5438
f 5388 5438 5437
f 5389 5390 5439
f 5389 5439 5438
f 5390 5391 5440
f 5390 5440 5439
f 5391 5392 5441
f 5391 5441 5440
f 5392 5393 5442
f 5392 5442 5441
f 5393 5394 5443
f 5393 5443 5442
f 5394 5395 5444
f 5394 5444 5443
f 5395 5396 5445
f 5395 5445 5444
f 5396 5397 5446
f 5396 5446 5445
f 5397 5398 5447
f 5397 5447 5446
f 5398 5399 5448
f 5398 5448 5447
f 5399 5400 5449
f 5399 5449 5448
f 5400 5401 5450
f 5400 5450 5449
f 5401 5402 5451
f 5401 5451 5450
f 5402 5403 5452
f 5402 5452 5451
f 5403 5404 5453
f 5403 5453 5452
f 5404 5405 5454
f 5404 5454 5453
f 5406 5407 5456
f 5406 5456 5455
f 5407 5408 5457
f 5407 5457 5456
f 5408 5409 5458
f 5408 5458 5457
f 5409 5410 5459
f 5409 5459 5458
f 5410 5411 5460
f 5410 5460 5459
f 5411 5412 5461
f 5411 5461 5460
f 5412 5413 5462
f 5412 5462 5461
f 5413 5414 5463
f 5413 5463 5462
f 5414 5415 5464
f 5414 5464 5463
f 5415 5416 5465
f 5415 5465 5464
f 5416 5417 5466
f 5416 5466 5465
f 5417 5418 5467
f 5417 5467 5466
f 5418 5419 5468
f 5418 5468 5467
f 5419 5420 5469
f 5419 5469 5468
f 5420 5421 5470
f 5420 5470 5469
f 5421 5422 5471
f 5421 5471 5470
f 5422 5423 5472
f 5422 5472 5471
f 5423 5424 5473
f 5423 5473 5472
f 5424 5425 5474
f 5424 5474 5473
f 5425 5426 5475
f 5425 5475 5474
f 5426 5427 5476
f 5426 5476 5475
f 5427 5428 5477
f 5427 5477 5476
f 5428 5429 5478
f 5428 5478 5477
f 5429 5430 5479
f 5429 5479 5478
f 5430 5431 5480
f 5430 5480 5479
f 5431 5432 5481
f 5431 5481 5480
f 5432 5433 5482
f 5432 5482 5481
f 5433 5434 5483
f 5433 5483 5482
f 5434 5435 5484
f 5434 5484 5483
f 5435 5436 5485
f 5435 5485 5484
f 5436 5437 5486
f 5436 5486 5485
f 5437 5438 5487
f 5437 5487 5486
f 5438 5439 5488
f 5438 5488 5487
f 5439 5440 5489
f 5439 5489 5488
f 5440 5441 5490
f 5440 5490 5489
f 5441 5442 5491
f 5441 5491 5490
f 5442 5443 5492
f 5442 5492 5491
f 5443 5444 5493
f 5443 5493 5492
f 5444 5445 5494
f 5444 5494 5493
f 5445 5446 5495
f 5445 5495 5494
f 5446 5447 5496
f 5446 5496 5495
f 5447 5448 5497
f 5447 5497 5496
f 5448 5449 5498
f 5448 5498 5497
f 5449 5450 5499
f 5449 5499 5498
f 5450 5451 5500
f 5450 5500 5499
f 5451 5452 5501
f 5451 5501 5500
f 5452 5453 5502
f 5452 5502 5501
f 5453 5454 5503
f 5453 5503 5502
f 5455 5456 5505
f 5455 5505 5504
f 5456 5457 5506
f 5456 5506 5505
f 5457 5458 5507
f 5457 5507 5506
f 5458 5459 5508
f 5458 5508 5507
f 5459 5460 5509
f 5459 5509 5508
f 5460 5461 5510
f 5460 5510 5509
f 5461 5462 5511
f 5461 5511 5510
f 5462 5463 5512
f 5462 5512 5511
f 5463 5464 5513
f 5463 5513 5512
f 5464 5465 5514
f 5464 5514 5513
f 5465 5466 5515
f 5465 5515 5514
f 5466 5467 5516
f 5466 5516 5515
f 5467 5468 5517
f 5467 5517 5516
f 5468 5469 5518
f 5468 5518 5517
f 5469 5470 5519
f 5469 5519 5518
f 5470 5471 5520
f 5470 5520 5519
f 5471 5472 5521
f 5471 5521 5520
f 5472 5473 5522
f 5472 5522 5521
f 5473 5474 5523
f 5473 5523 5522
f 5474 5475 5524
f 5474 5524 5523
f 5475 5476 5525
f 5475 5525 5524
f 5476 5477 5526
f 5476 5526 5525
f 5477 5478 5527
f 5477 5527 5526
f 5478 5479 5528
f 5478 5528 5527
f 5479 5480 5529
f 5479 5529 5528
f 5480 5481 5530
f 5480 5530 5529
f 5481 5482 5531
f 5481 5531 5530
f 5482 5483 5532
f 5482 5532 5531
f 5483 5484 5533
f 5483 5533 5532
f 5484 5485 5534
f 5484 5534 5533
f 5485 5486 5535
f 5485 5535 5534
f 5486 5487 5536
f 5486 5536 5535
f 5487 5488 5537
f 5487 5537 5536
f 5488 5489 5538
f 5488 5538 5537
f 5489 5490 5539
f 5489 5539 5538
f 5490 5491 5540
f 5490 5540 5539
f 5491 5492 5541
f 5491 5541 5540
f 5492 5493 5542
f 5492 5542 5541
f 5493 5494 5543
f 5493 5543 5542
f 5494 5495 5544
f 5494 5544 5543
f 5495 5496 5545
f 5495 5545 5544
f 5496 5497 5546
f 5496 5546 5545
f 5497 5498 5547
f 5497 5547 5546
f 5498 5499 5548
f 5498 5548 5547
f 5499 5500 5549
f 5499 5549 5548
f 5500 5501 5550
f 5500 5550 5549
f 5501 5502 5551
f 5501 5551 5550
f 5502 5503 5552
f 5502 5552 5551
f 5504 5505 5554
f 5504 5554 5553
f 5505 5506 5555
f 5505 5555 5554
f 5506 5507 5556
f 5506 5556 5555
f 5507 5508 5557
f 5507 5557 5556
f 5508 5509 5558
f 5508 5558 5557
f 5509 5510 5559
f 5509 5559 5558
f 5510 5511 5560
f 5510 5560 5559
f 5511 5512 5561
f 5511 5561 5560
f 5512 5513 5562
f 5512 5562 5561
f 5513 5514 5563
f 5513 5563 5562
f 5514 5515 5564
f 5514 5564 5563
f 5515 5516 5565
f 5515 5565 5564
f 5516 5517 5566
f 5516 5566 5565
f 5517 5518 5567
f 5517 5567 5566
f 5518 5519 5568
f 5518 5568 5567
f 5519 5520 5569
f 5519 5569 5568
f 5520 5521 5570
f 5520 5570 5569
f 5521 5522 5571
f 5521 5571 5570
f 5522 5523 5572
f 5522 5572 5571
f 5523 5524 5573
f 5523 5573 5572
f 5524 5525 5574
f 5524 5574 5573
f 5525 5526 5575
f 5525 5575 5574
f 5526 5527 5576
f 5526 5576 5575
f 5527 5528 5577
f 5527 5577 5576
f 5528 5529 5578
f 5528 5578 5577
f 5529 5530 5579
f 5529 5579 5578
f 5530 5531 5580
f 5530 5580 5579
f 5531 5532 5581
f 5531 5581 5580
f 5532 5533 5582
f 5532 5582 5581
f 5533 5534 5583
f 5533 5583 5582
f 5534 5535 5584
f 5534 5584 5583
f 5535 5536 5585
f 5535 5585 5584
f 5536 5537 5586
f 5536 5586 5585
f 5537 5538 5587
f 5537 5587 5586
f 5538 5539 5588
f 5538 5588 5587
f 5539 5540 5589
f 5539 5589 5588
f 5540 5541 5590
f 5540 5590 5589
f 5541 5542 5591
f 5541 5591 5590
f 5542 5543 5592
f 5542 5592 5591
f 5543 5544 5593
f 5543 5593 5592
f 5544 5545 5594
f 5544 5594 5593
f 5545 5546 5595
f 5545 5595 5594
f 5546 5547 5596
f 5546 5596 5595
f 5547 5548 5597
f 5547 5597 5596
f 5548 5549 5598
f 5548 5598 5597
f 5549 5550 5599
f 5549 5599 5598
f 5550 5551 5600
f 5550 5600 5599
f 5551 5552 5601
f 5551 5601 5600
f 5553 5554 5603
f 5553 5603 5602
f 5554 5555 5604
f 5554 5604 5603
f 5555 5556 5605
f 5555 5605 5604
f 5556 5557 5606
f 5556 5606 5605
f 5557 5558 5607
f 5557 5607 5606
f 5558 5559 5608
f 5558 5608 5607
f 5559 5560 5609
f 5559 5609 5608
f 5560 5561 5610
f 5560 5610 5609
f 5561 5562 5611
f 5561 5611 5610
f 5562 5563 5612
f 5562 5612 5611
f 5563 5564 5613
f 5563 5613 5612
f 5564 5565 5614
f 5564 5614 5613
f 5565 5566 5615
f 5565 5615 5614
f 5566 5567 5616
f 5566 5616 5615
f 5567 5568 5617
f 5567 5617 5616
f 5568 5569 5618
f 5568 5618 5617
f 5569 5570 5619
f 5569 5619 5618
f 5570 5571 5620
f 5570 5620 5619
f 5571 5572 5621
f 5571 5621 5620
f 5572 5573 5622
f 5572 5622 5621
f 5573 5574 5623
f 5573 5623 5622
f 5574 5575 5624
f 5574 5624 5623
f 5575 5576 5625
f 5575 5625 5624
f 5576 5577 5626
f 5576 5626 5625
f 5577 5578 5627
f 5577 5627 5626
f 5578 5579 5628
f 5578 5628 5627
f 5579 5580 5629
f 5579 5629 5628
f 5580 5581 5630
f 5580 5630 5629
f 5581 5582 5631
f 5581 5631 5630
f 5582 5583 5632
f 5582 5632 5631
f 5583 5584 5633
f 5583 5633 5632
f 5584 5585 5634
f 5584 5634 5633
f 5585 5586 5635
f 5585 5635 5634
f 5586 5587 5636
f 5586 5636 5635
f 5587 5588 5637
f 5587 5637 5636
f 5588 5589 5638
f 5588 5638 5637
f 5589 5590 5639
f 5589 5639 5638
f 5590 5591 5640
f 5590 5640 5639
f 5591 5592 5641
f 5591 5641 5640
f 5592 5593 5642
f 5592 5642 5641
f 5593 5594 5643
f 5593 5643 5642
f 5594 5595 5644
f 5594 5644 5643
f 5595 5596 5645
f 5595 5645 5644
f 5596 5597 5646
f 5596 5646 5645
f 5597 5598 5647
f 5597 5647 5646
f 5598 5599 5648
f 5598 5648 5647
f 5599 5600 5649
f 5599 5649 5648
f 5600 5601 5650
f 5600 5650 5649
f 5602 5603 5652
f 5602 5652 5651
f 5603 5604 5653
f 5603 5653 5652
f 5604 5605 5654
f 5604 5654 5653
f 5605 5606 5655
f 5605 5655 5654
f 5606 5607 5656
f 5606 5656 5655
f 5607 5608 5657
f 5607 5657 5656
f 5608 5609 5658
f 5608 5658 5657
f 5609 5610 5659
f 5609 5659 5658
f 5610 5611 5660
f 5610 5660 5659
f 5611 5612 5661
f 5611 5661 5660
f 5612 5613 5662
f 5612 5662 5661
f 5613 5614 5663
f 5613 5663 5662
f 5614 5615 5664
f 5614 5664 5663
f 5615 5616 5665
f 5615 5665 5664
f 5616 5617 5666
f 5616 5666 5665
f 5617 5618 5667
f 5617 5667 5666
f 5618 5619 5668
f 5618 5668 5667
f 5619 5620 5669
f 5619 5669 5668
f 5620 5621 5670
f 5620 5670 5669
f 5621 5622 5671
f 5621 5671 5670
f 5622 5623 5672
f 5622 5672 5671
f 5623 5624 5673
f 5623 5673 5672
f 5624 5625 5674
f 5624 5674 5673
f 5625 5626 5675
f 5625 5675 5674
f 5626 5627 5676
f 5626 5676 5675
f 5627 5628 5677
f 5627 5677 5676
f 5628 5629 5678
f 5628 5678 5677
f 5629 5630 5679
f 5629 5679 5678
f 5630 5631 5680
f 5630 5680 5679
f 5631 5632 5681
f 5631 5681 5680
f 5632 5633 5682
f 5632 5682 5681
f 5633 5634 5683
f 5633 5683 5682
f 5634 5635 5684
f 5634 5684 5683
f 5635 5636 5685
f 5635 5685 5684
f 5636 5637 5686
f 5636 5686 5685
f 5637 5638 5687
f 5637 5687 5686
f 5638 5639 5688
f 5638 5688 5687
f 5639 5640 5689
f 5639 5689 5688
f 5640 5641 5690
f 5640 5690 5689
f 5641 5642 5691
f 5641 5691 5690
f 5642 5643 5692
f 5642 5692 5691
f 5643 5644 5693
f 5643 5693 5692
f 5644 5645 5694
f 5644 5694 5693
f 5645 5646 5695
f 5645 5695 5694
f 5646 5647 5696
f 5646 5696 5695
f 5647 5648 5697
f 5647 5697 5696
f 5648 5649 5698
f 5648 5698 5697
f 5649 5650 5699
f 5649 5699 5698
f 5651 5652 5701
f 5651 5701 5700
f 5652 5653 5702
f 5652 5702 5701
f 5653 5654 5703
f 5653 5703 5702
f 5654 5655 5704
f 5654 5704 5703
f 5655 5656 5705
f 5655 5705 5704
f 5656 5657 5706
f 5656 5706 5705
f 5657 5658 5707
f 5657 5707 5706
f 5658 5659 5708
f 5658 5708 5707
f 5659 5660 5709
f 5659 5709 5708
f 5660 5661 5710
f 5660 5710 5709
f 5661 5662 5711
f 5661 5711 5710
f 5662 5663 5712
f 5662 5712 5711
f 5663 5664 5713
f 5663 5713 5712
f 5664 5665 5714
f 5664 5714 5713
f 5665 5666 5715
f 5665 5715 5714
f 5666 5667 5716
f 5666 5716 5715
f 5667 5668 5717
f 5667 5717 5716
f 5668 5669 5718
f 5668 5718 5717
f 5669 5670 5719
f 5669 5719 5718
f 5670 5671 5720
f 5670 5720 5719
f 5671 5672 5721
f 5671 5721 5720
f 5672 5673 5722
f 5672 5722 5721
f 5673 5674 5723
f 5673 5723 5722
f 5674 5675 5724
f 5674 5724 5723
f 5675 5676 5725
f 5675 5725 5724
f 5676 5677 5726
f 5676 5726 5725
f 5677 5678 5727
f 5677 5727 5726
f 5678 5679 5728
f 5678 5728 5727
f 5679 5680 5729
f 5679 5729 5728
f 5680 5681 5730
f 5680 5730 5729
f 5681 5682 5731
f 5681 5731 5730
f 5682 5683 5732
f 5682 5732 5731
f 5683 5684 5733
f 5683 5733 5732
f 5684 5685 5734
f 5684 5734 5733
f 5685 5686 5735
f 5685 5735 5734
f 5686 5687 5736
f 5686 5736 5735
f 5687 5688 5737
f 5687 5737 5736
f 5688 5689 5738
f 5688 5738 5737
f 5689 5690 5739
f 5689 5739 5738
f 5690 5691 5740
f 5690 5740 5739
f 5691 5692 5741
f 5691 5741 5740
f 5692 5693 5742
f 5692 5742 5741
f 5693 5694 5743
f 5693 5743 5742
f 5694 5695 5744
f 5694 5744 5743
f 5695 5696 5745
f 5695 5745 5744
f 5696 5697 5746
f 5696 5746 5745
f 5697 5698 5747
f 5697 5747 5746
f 5698 5699 5748
f 5698 5748 5747
f 5700 5701 5750
f 5700 5750 5749
f 5701 5702 5751
f 5701 5751 5750
f 5702 5703 5752
f 5702 5752 5751
f 5703 5704 5753
f 5703 5753 5752
f 5704 5705 5754
f 5704 5754 5753
f 5705 5706 5755
f 5705 5755 5754
f 5706 5707 5756
f 5706 5756 5755
f 5707 5708 5757
f 5707 5757 5756
f 5708 5709 5758
f 5708 5758 5757
f 5709 5710 5759
f 5709 5759 5758
f 5710 5711 5760
f 5710 5760 5759
f 5711 5712 5761
f 5711 5761 5760
f 5712 5713 5762
f 5712 5762 5761
f 5713 5714 5763
f 5713 5763 5762
f 5714 5715 5764
f 5714 5764 5763
f 5715 5716 5765
f 5715 5765 5764
f 5716 5717 5766
f 5716 5766 5765
f 5717 5718 5767
f 5717 5767 5766
f 5718 5719 5768
f 5718 5768 5767
f 5719 5720 5769
f 5719 5769 5768
f 5720 5721 5770
f 5720 5770 5769
f 5721 5722 5771
f 5721 5771 5770
f 5722 5723 5772
f 5722 5772 5771
f 5723 5724 5773
f 5723 5773 5772
f 5724 5725 5774
f 5724 5774 5773
f 5725 5726 5775
f 5725 5775 5774
f 5726 5727 5776
f 5726 5776 5775
f 5727 5728 5777
f 5727 5777 5776
f 5728 5729 5778
f 5728 5778 5777
f 5729 5730 5779
f 5729 5779 5778
f 5730 5731 5780
f 5730 5780 5779
f 5731 5732 5781
f 5731 5781 5780
f 5732 5733 5782
f 5732 5782 5781
f 5733 5734 5783
f 5733 5783 5782
f 5734 5735 5784
f 5734 5784 5783
f 5735 5736 5785
f 5735 5785 5784
f 5736 5737 5786
f 5736 5786 5785
f 5737 5738 5787
f 5737 5787 5786
f 5738 5739 5788
f 5738 5788 5787
f 5739 5740 5789
f 5739 5789 5788
f 5740 5741 5790
f 5740 5790 5789
f 5741 5742 5791
f 5741 5791 5790
f 5742 5743 5792
f 5742 5792 5791
f 5743 5744 5793
f 5743 5793 5792
f 5744 5745 5794
f 5744 5794 5793
f 5745 5746 5795
f 5745 5795 5794
f 5746 5747 5796
f 5746 5796 5795
f 5747 5748 5797
f 5747 5797 5796
f 5749 5750 5799
f 5749 5799 5798
f 5750 5751 5800
f 5750 5800 5799
f 5751 5752 5801
f 5751 5801 5800
f 5752 5753 5802
f 5752 5802 5801
f 5753 5754 5803
f 5753 5803 5802
f 5754 5755 5804
f 5754 5804 5803
f 5755 5756 5805
f 5755 5805 5804
f 5756 5757 5806
f 5756 5806 5805
f 5757 5758 5807
f 5757 5807 5806
f 5758 5759 5808
f 5758 5808 5807
f 5759 5760 5809
f 5759 5809 5808
f 5760 5761 5810
f 5760 5810 5809
f 5761 5762 5811
f 5761 5811 5810
f 5762 5763 5812
f 5762 5812 5811
f 5763 5764 5813
f 5763 5813 5812
f 5764 5765 5814
f 5764 5814 5813
f 5765 5766 5815
f 5765 5815 5814
f 5766 5767 5816
f 5766 5816 5815
f 5767 5768 5817
f 5767 5817 5816
f 5768 5769 5818
f 5768 5818 5817
f 5769 5770 5819
f 5769 5819 5818
f 5770 5771 5820
f 5770 5820 5819
f 5771 5772 5821
f 5771 5821 5820
f 5772 5773 5822
f 5772 5822 5821
f 5773 5774 5823
f 5773 5823 5822
f 5774 5775 5824
f 5774 5824 5823
f 5775 5776 5825
f 5775 5825 5824
f 5776 5777 5826
f 5776 5826 5825
f 5777 5778 5827
f 5777 5827 5826
f 5778 5779 5828
f 5778 5828 5827
f 5779 5780 5829
f 5779 5829 5828
f 5780 5781 5830
f 5780 5830 5829
f 5781 5782 5831
f 5781 5831 5830
f 5782 5783 5832
f 5782 5832 5831
f 5783 5784 5833
f 5783 5833 5832
f 5784 5785 5834
f 5784 5834 5833
f 5785 5786 5835
f 5785 5835 5834
f 5786 5787 5836
f 5786 5836 5835
f 5787 5788 5837
f 5787 5837 5836
f 5788 5789 5838
f 5788 5838 5837
f 5789 5790 5839
f 5789 5839 5838
f 5790 5791 5840
f 5790 5840 5839
f 5791 5792 5841
f 5791 5841 5840
f 5792 5793 5842
f 5792 5842 5841
f 5793 5794 5843
f 5793 5843 5842
f 5794 5795 5844
f 5794 5844 5843
f 5795 5796 5845
f 5795 5845 5844
f 5796 5797 5846
f 5796 5846 5845
f 5798 5799 5848
f 5798 5848 5847
f 5799 5800 5849
f 5799 5849 5848
f 5800 5801 5850
f 5800 5850 5849
f 5801 5802 5851
f 5801 5851 5850
f 5802 5803 5852
f 5802 5852 5851
f 5803 5804 5853
f 5803 5853 5852
f 5804 5805 5854
f 5804 5854 5853
f 5805 5806 5855
f 5805 5855 5854
f 5806 5807 5856
f 5806 5856 5855
f 5807 5808 5857
f 5807 5857 5856
f 5808 5809 5858
f 5808 5858 5857
f 5809 5810 5859
f 5809 5859 5858
f 5810 5811 5860
f 5810 5860 5859
f 5811 5812 5861
f 5811 5861 5860
f 5812 5813 5862
f 5812 5862 5861
f 5813 5814 5863
f 5813 5863 5862
f 5814 5815 5864
f 5814 5864 5863
f 5815 5816 5865
f 5815 5865 5864
f 5816 5817 5866
f 5816 5866 5865
f 5817 5818 5867
f 5817 5867 5866
f 5818 5819 5868
f 5818 5868 5867
f 5819 5820 5869
f 5819 5869 5868
f 5820 5821 5870
f 5820 5870 5869
f 5821 5822 5871
f 5821 5871 5870
f 5822 5823 5872
f 5822 5872 5871
f 5823 5824 5873
f 5823 5873 5872
f 5824 5825 5874
f 5824 5874 5873
f 5825 5826 5875
f 5825 5875 5874
f 5826 5827 5876
f 5826 5876 5875
f 5827 5828 5877
f 5827 5877 5876
f 5828 5829 5878
f 5828 5878 5877
f 5829 5830 5879
f 5829 5879 5878
f 5830 5831 5880
f 5830 5880 5879
f 5831 5832 5881
f 5831 5881 5880
f 5832 5833 5882
f 5832 5882 5881
f 5833 5834 5883
f 5833 5883 5882
f 5834 5835 5884
f 5834 5884 5883
f 5835 5836 5885
f 5835 5885 5884
f 5836 5837 5886
f 5836 5886 5885
f 5837 5838 5887
f 5837 5887 5886
f 5838 5839 5888
f 5838 5888 5887
f 5839 5840 5889
f 5839 5889 5888
f 5840 5841 5890
f 5840 5890 5889
f 5841 5842 5891
f 5841 5891 5890
f 5842 5843 5892
f 5842 5892 5891
f 5843 5844 5893
f 5843 5893 5892
f 5844 5845 5894
f 5844 5894 5893
f 5845 5846 5895
f 5845 5895 5894
f 5847 5848 5897
f 5847 5897 5896
f 5848 5849 5898
f 5848 5898 5897
f 5849 5850 5899
f 5849 5899 5898
f 5850 5851 5900
f 5850 5900 5899
f 5851 5852 5901
f 5851 5901 5900
f 5852 5853 5902
f 5852 5902 5901
f 5853 5854 5903
f 5853 5903 5902
f 5854 5855 5904
f 5854 5904 5903
f 5855 5856 5905
f 5855 5905 5904
f 5856 5857 5906
f 5856 5906 5905
f 5857 5858 5907
f 5857 5907 5906
f 5858 5859 5908
f 5858 5908 5907
f 5859 5860 5909
f 5859 5909 5908
f 5860 5861 5910
f 5860 5910 5909
f 5861 5862 5911
f 5861 5911 5910
f 5862 5863 5912
f 5862 5912 5911
f 5863 5864 5913
f 5863 5913 5912
f 5864 5865 5914
f 5864 5914 5913
f 5865 5866 5915
f 5865 5915 5914
f 5866 5867 5916
f 5866 5916 5915
f 5867 5868 5917
f 5867 5917 5916
f 5868 5869 5918
f 5868 5918 5917
f 5869 5870 5919
f 5869 5919 5918
f 5870 5871 5920
f 5870 5920 5919
f 5871 5872 5921
f 5871 5921 5920
f 5872 5873 5922
f 5872 5922 5921
f 5873 5874 5923
f 5873 5923 5922
f 5874 5875 5924
f 5874 5924 5923
f 5875 5876 5925
f 5875 5925 5924
f 5876 5877 5926
f 5876 5926 5925
f 5877 5878 5927
f 5877 5927 5926
f 5878 5879 5928
f 5878 5928 5927
f 5879 5880 5929
f 5879 5929 5928
f 5880 5881 5930
f 5880 5930 5929
f 5881 5882 5931
f 5881 5931 5930
f 5882 5883 5932
f 5882 5932 5931
f 5883 5884 5933
f 5883 5933 5932
f 5884 5885 5934
f 5884 5934 5933
f 5885 5886 5935
f 5885 5935 5934
f 5886 5887 5936
f 5886 5936 5935
f 5887 5888 5937
f 5887 5937 5936
f 5888 5889 5938
f 5888 5938 5937
f 5889 5890 5939
f 5889 5939 5938
f 5890 5891 5940
f 5890 5940 5939
f 5891 5892 5941
f 5891 5941 5940
f 5892 5893 5942
f 5892 5942 5941
f 5893 5894 5943
f 5893 5943 5942
f 5894 5895 5944
f 5894 5944 5943
f 5896 5897 5946
f 5896 5946 5945
f 5897 5898 5947
f 5897 5947 5946
f 5898 5899 5948
f 5898 5948 5947
f 5899 5900 5949
f 5899 5949 5948
f 5900 5901 5950
f 5900 5950 5949
f 5901 5902 5951
f 5901 5951 5950
f 5902 5903 5952
f 5902 5952 5951
f 5903 5904 5953
f 5903 5953 5952
f 5904 5905 5954
f 5904 5954 5953
f 5905 5906 5955
f 5905 5955 5954
f 5906 5907 5956
f 5906 5956 5955
f 5907 5908 5957
f 5907 5957 5956
f 5908 5909 5958
f 5908 5958 5957
f 5909 5910 5959
f 5909 5959 5958
f 5910 5911 5960
f 5910 5960 5959
f 5911 5912 5961
f 5911 5961 5960
f 5912 5913 5962
f 5912 5962 5961
f 5913 5914 5963
f 5913 5963 5962
f 5914 5915 5964
f 5914 5964 5963
f 5915 5916 5965
f 5915 5965 5964
f 5916 5917 5966
f 5916 5966 5965
f 5917 5918 5967
f 5917 5967 5966
f 5918 5919 5968
f 5918 5968 5967
f 5919 5920 5969
f 5919 5969 5968
f 5920 5921 5970
f 5920 5970 5969
f 5921 5922 5971
f 5921 5971 5970
f 5922 5923 5972
f 5922 5972 5971
f 5923 5924 5973
f 5923 5973 5972
f 5924 5925 5974
f 5924 5974 5973
f 5925 5926 5975
f 5925 5975 5974
f 5926 5927 5976
f 5926 5976 5975
f 5927 5928 5977
f 5927 5977 5976
f 5928 5929 5978
f 5928 5978 5977
f 5929 5930 5979
f 5929 5979 5978
f 5930 5931 5980
f 5930 5980 5979
f 5931 5932 5981
f 5931 5981 5980
f 5932 5933 5982
f 5932 5982 5981
f 5933 5934 5983
f 5933 5983 5982
f 5934 5935 5984
f 5934 5984 5983
f 5935 5936 5985
f 5935 5985 5984
f 5936 5937 5986
f 5936 5986 5985
f 5937 5938 5987
f 5937 5987 5986
f 5938 5939 5988
f 5938 5988 5987
f 5939 5940 5989
f 5939 5989 5988
f 5940 5941 5990
f 5940 5990 5989
f 5941 5942 5991
f 5941 5991 5990
f 5942 5943 5992
f 5942 5992 5991
f 5943 5944 5993
f 5943 5993 5992
f 5945 5946 5995
f 5945 5995 5994
f 5946 5947 5996
f 5946 5996 5995
f 5947 5948 5997
f 5947 5997 5996
f 5948 5949 5998
f 5948 5998 5997
f 5949 5950 5999
f 5949 5999 5998
f 5950 5951 6000
f 5950 6000 5999
f 5951 5952 6001
f 5951 6001 6000
f 5952 5953 6002
f 5952 6002 6001
f 5953 5954 6003
f 5953 6003 6002
f 5954 5955 6004
f 5954 6004 6003
f 5955 5956 6005
f 5955 6005 6004
f 5956 5957 6006
f 5956 6006 6005
f 5957 5958 6007
f 5957 6007 6006
f 5958 5959 6008
f 5958 6008 6007
f 5959 5960 6009
f 5959 6009 6008
f 5960 5961 6010
f 5960 6010 6009
f 5961 5962 6011
f 5961 6011 6010
f 5962 5963 6012
f 5962 6012 6011
f 5963 5964 6013
f 5963 6013 6012
f 5964 5965 6014
f 5964 6014 6013
f 5965 5966 6015
f 5965 6015 6014
f 5966 5967 6016
f 5966 6016 6015
f 5967 5968 6017
f 5967 6017 6016
f 5968 5969 6018
f 5968 6018 6017
f 5969 5970 6019
f 5969 6019 6018
f 5970 5971 6020
f 5970 6020 6019
f 5971 5972 6021
f 5971 6021 6020
f 5972 5973 6022
f 5972 6022 6021
f 5973 5974 6023
f 5973 6023 6022
f 5974 5975 6024
f 5974 6024 6023
f 5975 5976 6025
f 5975 6025 6024
f 5976 5977 6026
f 5976 6026 6025
f 5977 5978 6027
f 5977 6027 6026
f 5978 5979 6028
f 5978 6028 6027
f 5979 5980 6029
f 5979 6029 6028
f 5980 5981 6030
f 5980 6030 6029
f 5981 5982 6031
f 5981 6031 6030
f 5982 5983 6032
f 5982 6032 6031
f 5983 5984 6033
f 5983 6033 6032
f 5984 5985 6034
f 5984 6034 6033
f 5985 5986 6035
f 5985 6035 6034
f 5986 5987 6036
f 5986 6036 6035
f 5987 5988 6037
f 5987 6037 6036
f 5988 5989 6038
f 5988 6038 6037
f 5989 5990 6039
f 5989 6039 6038
f 5990 5991 6040
f 5990 6040 6039
f 5991 5992 6041
f 5991 6041 6040
f 5992 5993 6042
f 5992 6042 6041
f 5994 5995 6044
f 5994 6044 6043
f 5995 5996 6045
f 5995 6045 6044
f 5996 5997 6046
f 5996 6046 6045
f 5997 5998 6047
f 5997 6047 6046
f 5998 5999 6048
f 5998 6048 6047
f 5999 6000 6049
f 5999 6049 6048
f 6000 6001 6050
f 6000 6050 6049
f 6001 6002 6051
f 6001 6051 6050
f 6002 6003 6052
f 6002 6052 6051
f 6003 6004 6053
f 6003 6053 6052
f 6004 6005 6054
f 6004 6054 6053
f 6005 6006 6055
f 6005 6055 6054
f 6006 6007 6056
f 6006 6056 6055
f 6007 6008 6057
f 6007 6057 6056
f 6008 6009 6058
f 6008 6058 6057
f 6009 6010 6059
f 6009 6059 6058
f 6010 6011 6060
f 6010 6060 6059
f 6011 6012 6061
f 6011 6061 6060
f 6012 6013 6062
f 6012 6062 6061
f 6013 6014 6063
f 6013 6063 6062
f 6014 6015 6064
f 6014 6064 6063
f 6015 6016 6065
f 6015 6065 6064
f 6016 6017 6066
f 6016 6066 6065
f 6017 6018 6067
f 6017 6067 6066
f 6018 6019 6068
f 6018 6068 6067
f 6019 6020 6069
f 6019 6069 6068
f 6020 6021 6070
f 6020 6070 6069
f 6021 6022 6071
f 6021 6071 6070
f 6022 6023 6072
f 6022 6072 6071
f 6023 6024 6073
f 6023 6073 6072
f 6024 6025 6074
f 6024 6074 6073
f 6025 6026 6075
f 6025 6075 6074
f 6026 6027 6076
f 6026 6076 6075
f 6027 6028 6077
f 6027 6077 6076
f 6028 6029 6078
f 6028 6078 6077
f 6029 6030 6079
f 6029 6079 6078
f 6030 6031 6080
f 6030 6080 6079
f 6031 6032 6081
f 6031 6081 6080
f 6032 6033 6082
f 6032 6082 6081
f 6033 6034 6083
f 6033 6083 6082
f 6034 6035 6084
f 6034 6084 6083
f 6035 6036 6085
f 6035 6085 6084
f 6036 6037 6086
f 6036 6086 6085
f 6037 6038 6087
f 6037 6087 6086
f 6038 6039 6088
f 6038 6088 6087
f 6039 6040 6089
f 6039 6089 6088
f 6040 6041 6090
f 6040 6090 6089
f 6041 6042 6091
f 6041 6091 6090
f 6043 6044 6093
f 6043 6093 6092
f 6044 6045 6094
f 6044 6094 6093
f 6045 6046 6095
f 6045 6095 6094
f 6046 6047 6096
f 6046 6096 6095
f 6047 6048 6097
f 6047 6097 6096
f 6048 6049 6098
f 6048 6098 6097
f 6049 6050 6099
f 6049 6099 6098
f 6050 6051 6100
f 6050 6100 6099
f 6051 6052 6101
f 6051 6101 6100
f 6052 6053 6102
f 6052 6102 6101
f 6053 6054 6103
f 6053 6103 6102
f 6054 6055 6104
f 6054 6104 6103
f 6055 6056 6105
f 6055 6105 6104
f 6056 6057 6106
f 6056 6106 6105
f 6057 6058 6107
f 6057 6107 6106
f 6058 6059 6108
f 6058 6108 6107
f 6059 6060 6109
f 6059 6109 6108
f 6060 6061 6110
f 6060 6110 6109
f 6061 6062 6111
f 6061 6111 6110
f 6062 6063 6112
f 6062 6112 6111
f 6063 6064 6113
f 6063 6113 6112
f 6064 6065 6114
f 6064 6114 6113
f 6065 6066 6115
f 6065 6115 6114
f 6066 6067 6116
f 6066 6116 6115
f 6067 6068 6117
f 6067 6117 6116
f 6068 6069 6118
f 6068 6118 6117
f 6069 6070 6119
f 6069 6119 6118
f 6070 6071 6120
f 6070 6120 6119
f 6071 6072 6121
f 6071 6121 6120
f 6072 6073 6122
f 6072 6122 6121
f 6073 6074 6123
f 6073 6123 6122
f 6074 6075 6124
f 6074 6124 6123
f 6075 6076 6125
f 6075 6125 6124
f 6076 6077 6126
f 6076 6126 6125
f 6077 6078 6127
f 6077 6127 6126
f 6078 6079 6128
f 6078 6128 6127
f 6079 6080 6129
f 6079 6129 6128
f 6080 6081 6130
f 6080 6130 6129
f 6081 6082 6131
f 6081 6131 6130
f 6082 6083 6132
f 6082 6132 6131
f 6083 6084 6133
f 6083 6133 6132
f 6084 6085 6134
f 6084 6134 6133
f 6085 6086 6135
f 6085 6135 6134
f 6086 6087 6136
f 6086 6136 6135
f 6087 6088 6137
f 6087 6137 6136
f 6088 6089 6138
f 6088 6138 6137
f 6089 6090 6139
f 6089 6139 6138
f 6090 6091 6140
f 6090 6140 6139
f 6092 6093 6142
f 6092 6142 6141
f 6093 6094 6143
f 6093 6143 6142
f 6094 6095 6144
f 6094 6144 6143
f 6095 6096 6145
f 6095 6145 6144
f 6096 6097 6146
f 6096 6146 6145
f 6097 6098 6147
f 6097 6147 6146
f 6098 6099 6148
f 6098 6148 6147
f 6099 6100 6149
f 6099 6149 6148
f 6100 6101 6150
f 6100 6150 6149
f 6101 6102 6151
f 6101 6151 6150
f 6102 6103 6152
f 6102 6152 6151
f 6103 6104 6153
f 6103 6153 6152
f 6104 6105 6154
f 6104 6154 6153
f 6105 6106 6155
f 6105 6155 6154
f 6106 6107 6156
f 6106 6156 6155
f 6107 6108 6157
f 6107 6157 6156
f 6108 6109 6158
f 6108 6158 6157
f 6109 6110 6159
f 6109 6159 6158
f 6110 6111 6160
f 6110 6160 6159
f 6111 6112 6161
f 6111 6161 6160
f 6112 6113 6162
f 6112 6162 6161
f 6113 6114 6163
f 6113 6163 6162
f 6114 6115 6164
f 6114 6164 6163
f 6115 6116 6165
f 6115 6165 6164
f 6116 6117 6166
f 6116 6166 6165
f 6117 6118 6167
f 6117 6167 6166
f 6118 6119 6168
f 6118 6168 6167
f 6119 6120 6169
f 6119 6169 6168
f 6120 6121 6170
f 6120 6170 6169
f 6121 6122 6171
f 6121 6171 6170
f 6122 6123 6172
f 6122 6172 6171
f 6123 6124 6173
f 6123 6173 6172
f 6124 6125 6174
f 6124 6174 6173
f 6125 6126 6175
f 6125 6175 6174
f 6126 6127 6176
f 6126 6176 6175
f 6127 6128 6177
f 6127 6177 6176
f 6128 6129 6178
f 6128 6178 6177
f 6129 6130 6179
f 6129 6179 6178
f 6130 6131 6180
f 6130 6180 6179
f 6131 6132 6181
f 6131 6181 6180
f 6132 6133 6182
f 6132 6182 6181
f 6133 6134 6183
f 6133 6183 6182
f 6134 6135 6184
f 6134 6184 6183
f 6135 6136 6185
f 6135 6185 6184
f 6136 6137 6186
f 6136 6186 6185
f 6137 6138 6187
f 6137 6187 6186
f 6138 6139 6188
f 6138 6188 6187
f 6139 6140 6189
f 6139 6189 6188
f 6141 6142 6191
f 6141 6191 6190
f 6142 6143 6192
f 6142 6192 6191
f 6143 6144 6193
f 6143 6193 6192
f 6144 6145 6194
f 6144 6194 6193
f 6145 6146 6195
f 6145 6195 6194
f 6146 6147 6196
f 6146 6196 6195
f 6147 6148 6197
f 6147 6197 6196
f 6148 6149 6198
f 6148 6198 6197
f 6149 6150 6199
f 6149 6199 6198
f 6150 6151 6200
f 6150 6200 6199
f 6151 6152 6201
f 6151 6201 6200
f 6152 6153 6202
f 6152 6202 6201
f 6153 6154 6203
f 6153 6203 6202
f 6154 6155 6204
f 6154 6204 6203
f 6155 6156 6205
f 6155 6205 6204
f 6156 6157 6206
f 6156 6206 6205
f 6157 6158 6207
f 6157 6207 6206
f 6158 6159 6208
f 6158 6208 6207
f 6159 6160 6209
f 6159 6209 6208
f 6160 6161 6210
f 6160 6210 6209
f 6161 6162 6211
f 6161 6211 6210
f 6162 6163 6212
f 6162 6212 6211
f 6163 6164 6213
f 6163 6213 6212
f 6164 6165 6214
f 6164 6214 6213
f 6165 6166 6215
f 6165 6215 6214
f 6166 6167 6216
f 6166 6216 6215
f 6167 6168 6217
f 6167 6217 6216
f 6168 6169 6218
f 6168 6218 6217
f 6169 6170 6219
f 6169 6219 6218
f 6170 6171 6220
f 6170 6220 6219
f 6171 6172 6221
f 6171 6221 6220
f 6172 6173 6222
f 6172 6222 6221
f 6173 6174 6223
f 6173 6223 6222
f 6174 6175 6224
f 6174 6224 6223
f 6175 6176 6225
f 6175 6225 6224
f 6176 6177 6226
f 6176 6226 6225
f 6177 6178 6227
f 6177 6227 6226
f 6178 6179 6228
f 6178 6228 6227
f 6179 6180 6229
f 6179 6229 6228
f 6180 6181 6230
f 6180 6230 6229
f 6181 6182 6231
f 6181 6231 6230
f 6182 6183 6232
f 6182 6232 6231
f 6183 6184 6233
f 6183 6233 6232
f 6184 6185 6234
f 6184 6234 6233
f 6185 6186 6235
f 6185 6235 6234
f 6186 6187 6236
f 6186 6236 6235
f 6187 6188 6237
f 6187 6237 6236
f 6188 6189 6238
f 6188 6238 6237
f 6190 6191 6240
f 6190 6240 6239
f 6191 6192 6241
f 6191 6241 6240
f 6192 6193 6242
f 6192 6242 6241
f 6193 6194 6243
f 6193 6243 6242
f 6194 6195 6244
f 6194 6244 6243
f 6195 6196 6245
f 6195 6245 6244
f 6196 6197 6246
f 6196 6246 6245
f 6197 6198 6247
f 6197 6247 6246
f 6198 6199 6248
f 6198 6248 6247
f 6199 6200 6249
f 6199 6249 6248
f 6200 6201 6250
f 6200 6250 6249
f 6201 6202 6251
f 6201 6251 6250
f 6202 6203 6252
f 6202 6252 6251
f 6203 6204 6253
f 6203 6253 6252
f 6204 6205 6254
f 6204 6254 6253
f 6205 6206 6255
f 6205 6255 6254
f 6206 6207 6256
f 6206 6256 6255
f 6207 6208 6257
f 6207 6257 6256
f 6208 6209 6258
f 6208 6258 6257
f 6209 6210 6259
f 6209 6259 6258
f 6210 6211 6260
f 6210 6260 6259
f 6211 6212 6261
f 6211 6261 6260
f 6212 6213 6262
f 6212 6262 6261
f 6213 6214 6263
f 6213 6263 6262
f 6214 6215 6264
f 6214 6264 6263
f 6215 6216 6265
f 6215 6265 6264
f 6216 6217 6266
f 6216 6266 6265
f 6217 6218 6267
f 6217 6267 6266
f 6218 6219 6268
f 6218 6268 6267
f 6219 6220 6269
f 6219 6269 6268
f 6220 6221 6270
f 6220 6270 6269
f 6221 6222 6271
f 6221 6271 6270
f 6222 6223 6272
f 6222 6272 6271
f 6223 6224 6273
f 6223 6273 6272
f 6224 6225 6274
f 6224 6274 6273
f 6225 6226 6275
f 6225 6275 6274
f 6226 6227 6276
f 6226 6276 6275
f 6227 6228 6277
f 6227 6277 6276
f 6228 6229 6278
f 6228 6278 6277
f 6229 6230 6279
f 6229 6279 6278
f 6230 6231 6280
f 6230 6280 6279
f 6231 6232 6281
f 6231 6281 6280
f 6232 6233 6282
f 6232 6282 6281
f 6233 6234 6283
f 6233 6283 6282
f 6234 6235 6284
f 6234 6284 6283
f 6235 6236 6285
f 6235 6285 6284
f 6236 6237 6286
f 6236 6286 6285
f 6237 6238 6287
f 6237 6287 6286
f 6239 6240 6289
f 6239 6289 6288
f 6240 6241 6290
f 6240 6290 6289
f 6241 6242 6291
f 6241 6291 6290
f 6242 6243 6292
f 6242 6292 6291
f 6243 6244 6293
f 6243 6293 6292
f 6244 6245 6294
f 6244 6294 6293
f 6245 6246 6295
f 6245 6295 6294
f 6246 6247 6296
f 6246 6296 6295
f 6247 6248 6297
f 6247 6297 6296
f 6248 6249 6298
f 6248 6298 6297
f 6249 6250 6299
f 6249 6299 6298
f 6250 6251 6300
f 6250 6300 6299
f 6251 6252 6301
f 6251 6301 6300
f 6252 6253 6302
f 6252 6302 6301
f 6253 6254 6303
f 6253 6303 6302
f 6254 6255 6304
f 6254 6304 6303
f 6255 6256 6305
f 6255 6305 6304
f 6256 6257 6306
f 6256 6306 6305
f 6257 6258 6307
f 6257 6307 6306
f 6258 6259 6308
f 6258 6308 6307
f 6259 6260 6309
f 6259 6309 6308
f 6260 6261 6310
f 6260 6310 6309
f 6261 6262 6311
f 6261 6311 6310
f 6262 6263 6312
f 6262 6312 6311
f 6263 6264 6313
f 6263 6313 6312
f 6264 6265 6314
f 6264 6314 6313
f 6265 6266 6315
f 6265 6315 6314
f 6266 6267 6316
f 6266 6316 6315
f 6267 6268 6317
f 6267 6317 6316
f 6268 6269 6318
f 6268 6318 6317
f 6269 6270 6319
f 6269 6319 6318
f 6270 6271 6320
f 6270 6320 6319
f 6271 6272 6321
f 6271 6321 6320
f 6272 6273 6322
f 6272 6322 6321
f 6273 6274 6323
f 6273 6323 6322
f 6274 6275 6324
f 6274 6324 6323
f 6275 6276 6325
f 6275 6325 6324
f 6276 6277 6326
f 6276 6326 6325
f 6277 6278 6327
f 6277 6327 6326
f 6278 6279 6328
f 6278 6328 6327
f 6279 6280 6329
f 6279 6329 6328
f 6280 6281 6330
f 6280 6330 6329
f 6281 6282 6331
f 6281 6331 6330
f 6282 6283 6332
f 6282 6332 6331
f 6283 6284 6333
f 6283 6333 6332
f 6284 6285 6334
f 6284 6334 6333
f 6285 6286 6335
f 6285 6335 6334
f 6286 6287 6336
f 6286 6336 6335
f 6288 6289 6338
f 6288 6338 6337
f 6289 6290 6339
f 6289 6339 6338
f 6290 6291 6340
f 6290 6340 6339
f 6291 6292 6341
f 6291 6341 6340
f 6292 6293 6342
f 6292 6342 6341
f 6293 6294 6343
f 6293 6343 6342
f 6294 6295 6344
f 6294 6344 6343
f 6295 6296 6345
f 6295 6345 6344
f 6296 6297 6346
f 6296 6346 6345
f 6297 6298 6347
f 6297 6347 6346
f 6298 6299 6348
f 6298 6348 6347
f 6299 6300 6349
f 6299 6349 6348
f 6300 6301 6350
f 6300 6350 6349
f 6301 6302 6351
f 6301 6351 6350
f 6302 6303 6352
f 6302 6352 6351
f 6303 6304 6353
f 6303 6353 6352
f 6304 6305 6354
f 6304 6354 6353
f 6305 6306 6355
f 6305 6355 6354
f 6306 6307 6356
f 6306 6356 6355
f 6307 6308 6357
f 6307 6357 6356
f 6308 6309 6358
f 6308 6358 6357
f 6309 6310 6359
f 6309 6359 6358
f 6310 6311 6360
f 6310 6360 6359
f 6311 6312 6361
f 6311 6361 6360
f 6312 6313 6362
f 6312 6362 6361
f 6313 6314 6363
f 6313 6363 6362
f 6314 6315 6364
f 6314 6364 6363
f 6315 6316 6365
f 6315 6365 6364
f 6316 6317 6366
f 6316 6366 6365
f 6317 6318 6367
f 6317 6367 6366
f 6318 6319 6368
f 6318 6368 6367
f 6319 6320 6369
f 6319 6369 6368
f 6320 6321 6370
f 6320 6370 6369
f 6321 6322 6371
f 6321 6371 6370
f 6322 6323 6372
f 6322 6372 6371
f 6323 6324 6373
f 6323 6373 6372
f 6324 6325 6374
f 6324 6374 6373
f 6325 6326 6375
f 6325 6375 6374
f 6326 6327 6376
f 6326 6376 6375
f 6327 6328 6377
f 6327 6377 6376
f 6328 6329 6378
f 6328 6378 6377
f 6329 6330 6379
f 6329 6379 6378
f 6330 6331 6380
f 6330 6380 6379
f 6331 6332 6381
f 6331 6381 6380
f 6332 6333 6382
f 6332 6382 6381
f 6333 6334 6383
f 6333 6383 6382
f 6334 6335 6384
f 6334 6384 6383
f 6335 6336 6385
f 6335 6385 6384
f 6337 6338 6387
f 6337 6387 6386
f 6338 6339 6388
f 6338 6388 6387
f 6339 6340 6389
f 6339 6389 6388
f 6340 6341 6390
f 6340 6390 6389
f 6341 6342 6391
f 6341 6391 6390
f 6342 6343 6392
f 6342 6392 6391
f 6343 6344 6393
f 6343 6393 6392
f 6344 6345 6394
f 6344 6394 6393
f 6345 6346 6395
f 6345 6395 6394
f 6346 6347 6396
f 6346 6396 6395
f 6347 6348 6397
f 6347 6397 6396
f 6348 6349 6398
f 6348 6398 6397
f 6349 6350 6399
f 6349 6399 6398
f 6350 6351 6400
f 6350 6400 6399
f 6351 6352 6401
f 6351 6401 6400
f 6352 6353 6402
f 6352 6402 6401
f 6353 6354 6403
f 6353 6403 6402
f 6354 6355 6404
f 6354 6404 6403
f 6355 6356 6405
f 6355 6405 6404
f 6356 6357 6406
f 6356 6406 6405
f 6357 6358 6407
f 6357 6407 6406
f 6358 6359 6408
f 6358 6408 6407
f 6359 6360 6409
f 6359 6409 6408
f 6360 6361 6410
f 6360 6410 6409
f 6361 6362 6411
f 6361 6411 6410
f 6362 6363 6412
f 6362 6412 6411
f 6363 6364 6413
f 6363 6413 6412
f 6364 6365 6414
f 6364 6414 6413
f 6365 6366 6415
f 6365 6415 6414
f 6366 6367 6416
f 6366 6416 6415
f 6367 6368 6417
f 6367 6417 6416
f 6368 6369 6418
f 6368 6418 6417
f 6369 6370 6419
f 6369 6419 6418
f 6370 6371 6420
f 6370 6420 6419
f 6371 6372 6421
f 6371 6421 6420
f 6372 6373 6422
f 6372 6422 6421
f 6373 6374 6423
f 6373 6423 6422
f 6374 6375 6424
f 6374 6424 6423
f 6375 6376 6425
f 6375 6425 6424
f 6376 6377 6426
f 6376 6426 6425
f 6377 6378 6427
f 6377 6427 6426
f 6378 6379 6428
f 6378 6428 6427
f 6379 6380 6429
f 6379 6429 6428
f 6380 6381 6430
f 6380 6430 6429
f 6381 6382 6431
f 6381 6431 6430
f 6382 6383 6432
f 6382 6432 6431
f 6383 6384 6433
f 6383 6433 6432
f 6384 6385 6434
f 6384 6434 6433
f 6386 6387 6436
f 6386 6436 6435
f 6387 6388 6437
f 6387 6437 6436
f 6388 6389 6438
f 6388 6438 6437
f 6389 6390 6439
f 6389 6439 6438
f 6390 6391 6440
f 6390 6440 6439
f 6391 6392 6441
f 6391 6441 6440
f 6392 6393 6442
f 6392 6442 6441
f 6393 6394 6443
f 6393 6443 6442
f 6394 6395 6444
f 6394 6444 6443
f 6395 6396 6445
f 6395 6445 6444
f 6396 6397 6446
f 6396 6446 6445
f 6397 6398 6447
f 6397 6447 6446
f 6398 6399 6448
f 6398 6448 6447
f 6399 6400 6449
f 6399 6449 6448
f 6400 6401 6450
f 6400 6450 6449
f 6401 6402 6451
f 6401 6451 6450
f 6402 6403 6452
f 6402 6452 6451
f 6403 6404 6453
f 6403 6453 6452
f 6404 6405 6454
f 6404 6454 6453
f 6405 6406 6455
f 6405 6455 6454
f 6406 6407 6456
f 6406 6456 6455
f 6407 6408 6457
f 6407 6457 6456
f 6408 6409 6458
f 6408 6458 6457
f 6409 6410 6459
f 6409 6459 6458
f 6410 6411 6460
f 6410 6460 6459
f 6411 6412 6461
f 6411 6461 6460
f 6412 6413 6462
f 6412 6462 6461
f 6413 6414 6463
f 6413 6463 6462
f 6414 6415 6464
f 6414 6464 6463
f 6415 6416 6465
f 6415 6465 6464
f 6416 6417 6466
f 6416 6466 6465
f 6417 6418 6467
f 6417 6467 6466
f 6418 6419 6468
f 6418 6468 6467
f 6419 6420 6469
f 6419 6469 6468
f 6420 6421 6470
f 6420 6470 6469
f 6421 6422 6471
f 6421 6471 6470
f 6422 6423 6472
f 6422 6472 6471
f 6423 6424 6473
f 6423 6473 6472
f 6424 6425 6474
f 6424 6474 6473
f 6425 6426 6475
f 6425 6475 6474
f 6426 6427 6476
f 6426 6476 6475
f 6427 6428 6477
f 6427 6477 6476
f 6428 6429 6478
f 6428 6478 6477
f 6429 6430 6479
f 6429 6479 6478
f 6430 6431 6480
f 6430 6480 6479
f 6431 6432 6481
f 6431 6481 6480
f 6432 6433 6482
f 6432 6482 6481
f 6433 6434 6483
f 6433 6483 6482
f 6435 6436 6485
f 6435 6485 6484
f 6436 6437 6486
f 6436 6486 6485
f 6437 6438 6487
f 6437 6487 6486
f 6438 6439 6488
f 6438 6488 6487
f 6439 6440 6489
f 6439 6489 6488
f 6440 6441 6490
f 6440 6490 6489
f 6441 6442 6491
f 6441 6491 6490
f 6442 6443 6492
f 6442 6492 6491
f 6443 6444 6493
f 6443 6493 6492
f 6444 6445 6494
f 6444 6494 6493
f 6445 6446 6495
f 6445 6495 6494
f 6446 6447 6496
f 6446 6496 6495
f 6447 6448 6497
f 6447 6497 6496
f 6448 6449 6498
f 6448 6498 6497
f 6449 6450 6499
f 6449 6499 6498
f 6450 6451 6500
f 6450 6500 6499
f 6451 6452 6501
f 6451 6501 6500
f 6452 6453 6502
f 6452 6502 6501
f 6453 6454 6503
f 6453 6503 6502
f 6454 6455 6504
f 6454 6504 6503
f 6455 6456 6505
f 6455 6505 6504
f 6456 6457 6506
f 6456 6506 6505
f 6457 6458 6507
f 6457 6507 6506
f 6458 6459 6508
f 6458 6508 6507
f 6459 6460 6509
f 6459 6509 6508
f 6460 6461 6510
f 6460 6510 6509
f 6461 6462 6511
f 6461 6511 6510
f 6462 6463 6512
f 6462 6512 6511
f 6463 6464 6513
f 6463 6513 6512
f 6464 6465 6514
f 6464 6514 6513
f 6465 6466 6515
f 6465 6515 6514
f 6466 6467 6516
f 6466 6516 6515
f 6467 6468 6517
f 6467 6517 6516
f 6468 6469 6518
f 6468 6518 6517
f 6469 6470 6519
f 6469 6519 6518
f 6470 6471 6520
f 6470 6520 6519
f 6471 6472 6521
f 6471 6521 6520
f 6472 6473 6522
f 6472 6522 6521
f 6473 6474 6523
f 6473 6523 6522
f 6474 6475 6524
f 6474 6524 6523
f 6475 6476 6525
f 6475 6525 6524
f 6476 6477 6526
f 6476 6526 6525
f 6477 6478 6527
f 6477 6527 6526
f 6478 6479 6528
f 6478 6528 6527
f 6479 6480 6529
f 6479 6529 6528
f 6480 6481 6530
f 6480 6530 6529
f 6481 6482 6531
f 6481 6531 6530
f 6482 6483 6532
f 6482 6532 6531
f 6484 6485 6534
f 6484 6534 6533
f 6485 6486 6535
f 6485 6535 6534
f 6486 6487 6536
f 6486 6536 6535
f 6487 6488 6537
f 6487 6537 6536
f 6488 6489 6538
f 6488 6538 6537
f 6489 6490 6539
f 6489 6539 6538
f 6490 6491 6540
f 6490 6540 6539
f 6491 6492 6541
f 6491 6541 6540
f 6492 6493 6542
f 6492 6542 6541
f 6493 6494 6543
f 6493 6543 6542
f 6494 6495 6544
f 6494 6544 6543
f 6495 6496 6545
f 6495 6545 6544
f 6496 6497 6546
f 6496 6546 6545
f 6497 6498 6547
f 6497 6547 6546
f 6498 6499 6548
f 6498 6548 6547
f 6499 6500 6549
f 6499 6549 6548
f 6500 6501 6550
f 6500 6550 6549
f 6501 6502 6551
f 6501 6551 6550
f 6502 6503 6552
f 6502 6552 6551
f 6503 6504 6553
f 6503 6553 6552
f 6504 6505 6554
f 6504 6554 6553
f 6505 6506 6555
f 6505 6555 6554
f 6506 6507 6556
f 6506 6556 6555
f 6507 6508 6557
f 6507 6557 6556
f 6508 6509 6558
f 6508 6558 6557
f 6509 6510 6559
f 6509 6559 6558
f 6510 6511 6560
f 6510 6560 6559
f 6511 6512 6561
f 6511 6561 6560
f 6512 6513 6562
f 6512 6562 6561
f 6513 6514 6563
f 6513 6563 6562
f 6514 6515 6564
f 6514 6564 6563
f 6515 6516 6565
f 6515 6565 6564
f 6516 6517 6566
f 6516 6566 6565
f 6517 6518 6567
f 6517 6567 6566
f 6518 6519 6568
f 6518 6568 6567
f 6519 6520 6569
f 6519 6569 6568
f 6520 6521 6570
f 6520 6570 6569
f 6521 6522 6571
f 6521 6571 6570
f 6522 6523 6572
f 6522 6572 6571
f 6523 6524 6573
f 6523 6573 6572
f 6524 6525 6574
f 6524 6574 6573
f 6525 6526 6575
f 6525 6575 6574
f 6526 6527 6576
f 6526 6576 6575
f 6527 6528 6577
f 6527 6577 6576
f 6528 6529 6578
f 6528 6578 6577
f 6529 6530 6579
f 6529 6579 6578
f 6530 6531 6580
f 6530 6580 6579
f 6531 6532 6581
f 6531 6581 6580
f 6533 6534 6583
f 6533 6583 6582
f 6534 6535 6584
f 6534 6584 6583
f 6535 6536 6585
f 6535 6585 6584
f 6536 6537 6586
f 6536 6586 6585
f 6537 6538 6587
f 6537 6587 6586
f 6538 6539 6588
f 6538 6588 6587
f 6539 6540 6589
f 6539 6589 6588
f 6540 6541 6590
f 6540 6590 6589
f 6541 6542 6591
f 6541 6591 6590
f 6542 6543 6592
f 6542 6592 6591
f 6543 6544 6593
f 6543 6593 6592
f 6544 6545 6594
f 6544 6594 6593
f 6545 6546 6595
f 6545 6595 6594
f 6546 6547 6596
f 6546 6596 6595
f 6547 6548 6597
f 6547 6597 6596
f 6548 6549 6598
f 6548 6598 6597
f 6549 6550 6599
f 6549 6599 6598
f 6550 6551 6600
f 6550 6600 6599
f 6551 6552 6601
f 6551 6601 6600
f 6552 6553 6602
f 6552 6602 6601
f 6553 6554 6603
f 6553 6603 6602
f 6554 6555 6604
f 6554 6604 6603
f 6555 6556 6605
f 6555 6605 6604
f 6556 6557 6606
f 6556 6606 6605
f 6557 6558 6607
f 6557 6607 6606
f 6558 6559 6608
f 6558 6608 6607
f 6559 6560 6609
f 6559 6609 6608
f 6560 6561 6610
f 6560 6610 6609
f 6561 6562 6611
f 6561 6611 6610
f 6562 6563 6612
f 6562 6612 6611
f 6563 6564 6613
f 6563 6613 6612
f 6564 6565 6614
f 6564 6614 6613
f 6565 6566 6615
f 6565 6615 6614
f 6566 6567 6616
f 6566 6616 6615
f 6567 6568 6617
f 6567 6617 6616
f 6568 6569 6618
f 6568 6618 6617
f 6569 6570 6619
f 6569 6619 6618
f 6570 6571 6620
f 6570 6620 6619
f 6571 6572 6621
f 6571 6621 6620
f 6572 6573 6622
f 6572 6622 6621
f 6573 6574 6623
f 6573 6623 6622
f 6574 6575 6624
f 6574 6624 6623
f 6575 6576 6625
f 6575 6625 6624
f 6576 6577 6626
f 6576 6626 6625
f 6577 6578 6627
f 6577 6627 6626
f 6578 6579 6628
f 6578 6628 6627
f 6579 6580 6629
f 6579 6629 6628
f 6580 6581 6630
f 6580 6630 6629
f 6582 6583 6632
f 6582 6632 6631
f 6583 6584 6633
f 6583 6633 6632
f 6584 6585 6634
f 6584 6634 6633
f 6585 6586 6635
f 6585 6635 6634
f 6586 6587 6636
f 6586 6636 6635
f 6587 6588 6637
f 6587 6637 6636
f 6588 6589 6638
f 6588 6638 6637
f 6589 6590 6639
f 6589 6639 6638
f 6590 6591 6640
f 6590 6640 6639
f 6591 6592 6641
f 6591 6641 6640
f 6592 6593 6642
f 6592 6642 6641
f 6593 6594 6643
f 6593 6643 6642
f 6594 6595 6644
f 6594 6644 6643
f 6595 6596 6645
f 6595 6645 6644
f 6596 6597 6646
f 6596 6646 6645
f 6597 6598 6647
f 6597 6647 6646
f 6598 6599 6648
f 6598 6648 6647
f 6599 6600 6649
f 6599 6649 6648
f 6600 6601 6650
f 6600 6650 6649
f 6601 6602 6651
f 6601 6651 6650
f 6602 6603 6652
f 6602 6652 6651
f 6603 6604 6653
f 6603 6653 6652
f 6604 6605 6654
f 6604 6654 6653
f 6605 6606 6655
f 6605 6655 6654
f 6606 6607 6656
f 6606 6656 6655
f 6607 6608 6657
f 6607 6657 6656
f 6608 6609 6658
f 6608 6658 6657
f 6609 6610 6659
f 6609 6659 6658
f 6610 6611 6660
f 6610 6660 6659
f 6611 6612 6661
f 6611 6661 6660
f 6612 6613 6662
f 6612 6662 6661
f 6613 6614 6663
f 6613 6663 6662
f 6614 6615 6664
f 6614 6664 6663
f 6615 6616 6665
f 6615 6665 6664
f 6616 6617 6666
f 6616 6666 6665
f 6617 6618 6667
f 6617 6667 6666
f 6618 6619 6668
f 6618 6668 6667
f 6619 6620 6669
f 6619 6669 6668
f 6620 6621 6670
f 6620 6670 6669
f 6621 6622 6671
f 6621 6671 6670
f 6622 6623 6672
f 6622 6672 6671
f 6623 6624 6673
f 6623 6673 6672
f 6624 6625 6674
f 6624 6674 6673
f 6625 6626 6675
f 6625 6675 6674
f 6626 6627 6676
f 6626 6676 6675
f 6627 6628 6677
f 6627 6677 6676
f 6628 6629 6678
f 6628 6678 6677
f 6629 6630 6679
f 6629 6679 6678
f 6631 6632 6680
f 6632 6633 6681
f 6632 6681 6680
f 6633 6634 6682
f 6633 6682 6681
f 6634 6635 6683
f 6634 6683 6682
f 6635 6636 6684
f 6635 6684 6683
f 6636 6637 6685
f 6636 6685 6684
f 6637 6638 6686
f 6637 6686 6685
f 6638 6639 6687
f 6638 6687 6686
f 6639 6640 6688
f 6639 6688 6687
f 6640 6641 6689
f 6640 6689 6688
f 6641 6642 6690
f 6641 6690 6689
f 6642 6643 6691
f 6642 6691 6690
f 6643 6644 6692
f 6643 6692 6691
f 6644 6645 6693
f 6644 6693 6692
f 6645 6646 6694
f 6645 6694 6693
f 6646 6647 6695
f 6646 6695 6694
f 6647 6648 6696
f 6647 6696 6695
f 6648 6649 6697
f 6648 6697 6696
f 6649 6650 6698
f 6649 6698 6697
f 6650 6651 6699
f 6650 6699 6698
f 6651 6652 6700
f 6651 6700 6699
f 6652 6653 6701
f 6652 6701 6700
f 6653 6654 6702
f 6653 6702 6701
f 6654 6655 6703
f 6654 6703 6702
f 6655 6656 6704
f 6655 6704 6703
f 6656 6657 6705
f 6656 6705 6704
f 6657 6658 6706
f 6657 6706 6705
f 6658 6659 6707
f 6658 6707 6706
f 6659 6660 6708
f 6659 6708 6707
f 6660 6661 6709
f 6660 6709 6708
f 6661 6662 6710
f 6661 6710 6709
f 6662 6663 6711
f 6662 6711 6710
f 6663 6664 6712
f 6663 6712 6711
f 6664 6665 6713
f 6664 6713 6712
f 6665 6666 6714
f 6665 6714 6713
f 6666 6667 6715
f 6666 6715 6714
f 6667 6668 6716
f 6667 6716 6715
f 6668 6669 6717
f 6668 6717 6716
f 6669 6670 6718
f 6669 6718 6717
f 6670 6671 6719
f 6670 6719 6718
f 6671 6672 6720
f 6671 6720 6719
f 6672 6673 6721
f 6672 6721 6720
f 6673 6674 6722
f 6673 6722 6721
f 6674 6675 6723
f 6674 6723 6722
f 6675 6676 6724
f 6675 6724 6723
f 6676 6677 6725
f 6676 6725 6724
f 6677 6678 6726
f 6677 6726 6725
f 6678 6679 6727
f 6678 6727 6726
f 6680 6681 6729
f 6680 6729 6728
f 6681 6682 6730
f 6681 6730 6729
f 6682 6683 6731
f 6682 6731 6730
f 6683 6684 6732
f 6683 6732 6731
f 6684 6685 6733
f 6684 6733 6732
f 6685 6686 6734
f 6685 6734 6733
f 6686 6687 6735
f 6686 6735 6734
f 6687 6688 6736
f 6687 6736 6735
f 6688 6689 6737
f 6688 6737 6736
f 6689 6690 6738
f 6689 6738 6737
f 6690 6691 6739
f 6690 6739 6738
f 6691 6692 6740
f 6691 6740 6739
f 6692 6693 6741
f 6692 6741 6740
f 6693 6694 6742
f 6693 6742 6741
f 6694 6695 6743
f 6694 6743 6742
f 6695 6696 6744
f 6695 6744 6743
f 6696 6697 6745
f 6696 6745 6744
f 6697 6698 6746
f 6697 6746 6745
f 6698 6699 6747
f 6698 6747 6746
f 6699 6700 6748
f 6699 6748 6747
f 6700 6701 6749
f 6700 6749 6748
f 6701 6702 6750
f 6701 6750 6749
f 6702 6703 6751
f 6702 6751 6750
f 6703 6704 6752
f 6703 6752 6751
f 6704 6705 6753
f 6704 6753 6752
f 6705 6706 6754
f 6705 6754 6753
f 6706 6707 6755
f 6706 6755 6754
f 6707 6708 6756
f 6707 6756 6755
f 6708 6709 6757
f 6708 6757 6756
f 6709 6710 6758
f 6709 6758 6757
f 6710 6711 6759
f 6710 6759 6758
f 6711 6712 6760
f 6711 6760 6759
f 6712 6713 6761
f 6712 6761 6760
f 6713 6714 6762
f 6713 6762 6761
f 6714 6715 6763
f 6714 6763 6762
f 6715 6716 6764
f 6715 6764 6763
f 6716 6717 6765
f 6716 6765 6764
f 6717 6718 6766
f 6717 6766 6765
f 6718 6719 6767
f 6718 6767 6766
f 6719 6720 6768
f 6719 6768 6767
f 6720 6721 6769
f 6720 6769 6768
f 6721 6722 6770
f 6721 6770 6769
f 6722 6723 6771
f 6722 6771 6770
f 6723 6724 6772
f 6723 6772 6771
f 6724 6725 6773
f 6724 6773 6772
f 6725 6726 6774
f 6725 6774 6773
f 6726 6727 6775
f 6726 6775 6774
f 6728 6729 6777
f 6728 6777 6776
f 6729 6730 6778
f 6729 6778 6777
f 6730 6731 6779
f 6730 6779 6778
f 6731 6732 6780
f 6731 6780 6779
f 6732 6733 6781
f 6732 6781 6780
f 6733 6734 6782
f 6733 6782 6781
f 6734 6735 6783
f 6734 6783 6782
f 6735 6736 6784
f 6735 6784 6783
f 6736 6737 6785
f 6736 6785 6784
f 6737 6738 6786
f 6737 6786 6785
f 6738 6739 6787
f 6738 6787 6786
f 6739 6740 6788
f 6739 6788 6787
f 6740 6741 6789
f 6740 6789 6788
f 6741 6742 6790
f 6741 6790 6789
f 6742 6743 6791
f 6742 6791 6790
f 6743 6744 6792
f 6743 6792 6791
f 6744 6745 6793
f 6744 6793 6792
f 6745 6746 6794
f 6745 6794 6793
f 6746 6747 6795
f 6746 6795 6794
f 6747 6748 6796
f 6747 6796 6795
f 6748 6749 6797
f 6748 6797 6796
f 6749 6750 6798
f 6749 6798 6797
f 6750 6751 6799
f 6750 6799 6798
f 6751 6752 6800
f 6751 6800 6799
f 6752 6753 6801
f 6752 6801 6800
f 6753 6754 6802
f 6753 6802 6801
f 6754 6755 6803
f 6754 6803 6802
f 6755 6756 6804
f 6755 6804 6803
f 6756 6757 6805
f 6756 6805 6804
f 6757 6758 6806
f 6757 6806 6805
f 6758 6759 6807
f 6758 6807 6806
f 6759 6760 6808
f 6759 6808 6807
f 6760 6761 6809
f 6760 6809 6808
f 6761 6762 6810
f 6761 6810 6809
f 6762 6763 6811
f 6762 6811 6810
f 6763 6764 6812
f 6763 6812 6811
f 6764 6765 6813
f 6764 6813 6812
f 6765 6766 6814
f 6765 6814 6813
f 6766 6767 6815
f 6766 6815 6814
f 6767 6768 6816
f 6767 6816 6815
f 6768 6769 6817
f 6768 6817 6816
f 6769 6770 6818
f 6769 6818 6817
f 6770 6771 6819
f 6770 6819 6818
f 6771 6772 6820
f 6771 6820 6819
f 6772 6773 6821
f 6772 6821 6820
f 6773 6774 6822
f 6773 6822 6821
f 6774 6775 6823
f 6774 6823 6822
f 6776 6777 6825
f 6776 6825 6824
f 6777 6778 6826
f 6777 6826 6825
f 6778 6779 6827
f 6778 6827 6826
f 6779 6780 6828
f 6779 6828 6827
f 6780 6781 6829
f 6780 6829 6828
f 6781 6782 6830
f 6781 6830 6829
f 6782 6783 6831
f 6782 6831 6830
f 6783 6784 6832
f 6783 6832 6831
f 6784 6785 6833
f 6784 6833 6832
f 6785 6786 6834
f 6785 6834 6833
f 6786 6787 6835
f 6786 6835 6834
f 6787 6788 6836
f 6787 6836 6835
f 6788 6789 6837
f 6788 6837 6836
f 6789 6790 6838
f 6789 6838 6837
f 6790 6791 6839
f 6790 6839 6838
f 6791 6792 6840
f 6791 6840 6839
f 6792 6793 6841
f 6792 6841 6840
f 6793 6794 6842
f 6793 6842 6841
f 6794 6795 6843
f 6794 6843 6842
f 6795 6796 6844
f 6795 6844 6843
f 6796 6797 6845
f 6796 6845 6844
f 6797 6798 6846
f 6797 6846 6845
f 6798 6799 6847
f 6798 6847 6846
f 6799 6800 6848
f 6799 6848 6847
f 6800 6801 6849
f 6800 6849 6848
f 6801 6802 6850
f 6801 6850 6849
f 6802 6803 6851
f 6802 6851 6850
f 6803 6804 6852
f 6803 6852 6851
f 6804 6805 6853
f 6804 6853 6852
f 6805 6806 6854
f 6805 6854 6853
f 6806 6807 6855
f 6806 6855 6854
f 6807 6808 6856
f 6807 6856 6855
f 6808 6809 6857
f 6808 6857 6856
f 6809 6810 6858
f 6809 6858 6857
f 6810 6811 6859
f 6810 6859 6858
f 6811 6812 6860
f 6811 6860 6859
f 6812 6813 6861
f 6812 6861 6860
f 6813 6814 6862
f 6813 6862 6861
f 6814 6815 6863
f 6814 6863 6862
f 6815 6816 6864
f 6815 6864 6863
f 6816 6817 6865
f 6816 6865 6864
f 6817 6818 6866
f 6817 6866 6865
f 6818 6819 6867
f 6818 6867 6866
f 6819 6820 6868
f 6819 6868 6867
f 6820 6821 6869
f 6820 6869 6868
f 6821 6822 6870
f 6821 6870 6869
f 6822 6823 6871
f 6822 6871 6870
f 6824 6825 6873
f 6824 6873 6872
f 6825 6826 6874
f 6825 6874 6873
f 6826 6827 6875
f 6826 6875 6874
f 6827 6828 6876
f 6827 6876 6875
f 6828 6829 6877
f 6828 6877 6876
f 6829 6830 6878
f 6829 6878 6877
f 6830 6831 6879
f 6830 6879 6878
f 6831 6832 6880
f 6831 6880 6879
f 6832 6833 6881
f 6832 6881 6880
f 6833 6834 6882
f 6833 6882 6881
f 6834 6835 6883
f 6834 6883 6882
f 6835 6836 6884
f 6835 6884 6883
f 6836 6837 6885
f 6836 6885 6884
f 6837 6838 6886
f 6837 6886 6885
f 6838 6839 6887
f 6838 6887 6886
f 6839 6840 6888
f 6839 6888 6887
f 6840 6841 6889
f 6840 6889 6888
f 6841 6842 6890
f 6841 6890 6889
f 6842 6843 6891
f 6842 6891 6890
f 6843 6844 6892
f 6843 6892 6891
f 6844 6845 6893
f 6844 6893 6892
f 6845 6846 6894
f 6845 6894 6893
f 6846 6847 6895
f 6846 6895 6894
f 6847 6848 6896
f 6847 6896 6895
f 6848 6849 6897
f 6848 6897 6896
f 6849 6850 6898
f 6849 6898 6897
f 6850 6851 6899
f 6850 6899 6898
f 6851 6852 6900
f 6851 6900 6899
f 6852 6853 6901
f 6852 6901 6900
f 6853 6854 6902
f 6853 6902 6901
f 6854 6855 6903
f 6854 6903 6902
f 6855 6856 6904
f 6855 6904 6903
f 6856 6857 6905
f 6856 6905 6904
f 6857 6858 6906
f 6857 6906 6905
f 6858 6859 6907
f 6858 6907 6906
f 6859 6860 6908
f 6859 6908 6907
f 6860 6861 6909
f 6860 6909 6908
f 6861 6862 6910
f 6861 6910 6909
f 6862 6863 6911
f 6862 6911 6910
f 6863 6864 6912
f 6863 6912 6911
f 6864 6865 6913
f 6864 6913 6912
f 6865 6866 6914
f 6865 6914 6913
f 6866 6867 6915
f 6866 6915 6914
f 6867 6868 6916
f 6867 6916 6915
f 6868 6869 6917
f 6868 6917 6916
f 6869 6870 6918
f 6869 6918 6917
f 6872 6873 6920
f 6872 6920 6919
f 6873 6874 6921
f 6873 6921 6920
f 6874 6875 6922
f 6874 6922 6921
f 6875 6876 6923
f 6875 6923 6922
f 6876 6877 6924
f 6876 6924 6923
f 6877 6878 6925
f 6877 6925 6924
f 6878 6879 6926
f 6878 6926 6925
f 6879 6880 6927
f 6879 6927 6926
f 6880 6881 6928
f 6880 6928 6927
f 6881 6882 6929
f 6881 6929 6928
f 6882 6883 6930
f 6882 6930 6929
f 6883 6884 6931
f 6883 6931 6930
f 6884 6885 6932
f 6884 6932 6931
f 6885 6886 6933
f 6885 6933 6932
f 6886 6887 6934
f 6886 6934 6933
f 6887 6888 6935
f 6887 6935 6934
f 6888 6889 6936
f 6888 6936 6935
f 6889 6890 6937
f 6889 6937 6936
f 6890 6891 6938
f 6890 6938 6937
f 6891 6892 6939
f 6891 6939 6938
f 6892 6893 6940
f 6892 6940 6939
f 6893 6894 6941
f 6893 6941 6940
f 6894 6895 6942
f 6894 6942 6941
f 6895 6896 6943
f 6895 6943 6942
f 6896 6897 6944
f 6896 6944 6943
f 6897 6898 6945
f 6897 6945 6944
f 6898 6899 6946
f 6898 6946 6945
f 6899 6900 6947
f 6899 6947 6946
f 6900 6901 6948
f 6900 6948 6947
f 6901 6902 6949
f 6901 6949 6948
f 6902 6903 6950
f 6902 6950 6949
f 6903 6904 6951
f 6903 6951 6950
f 6904 6905 6952
f 6904 6952 6951
f 6905 6906 6953
f 6905 6953 6952
f 6906 6907 6954
f 6906 6954 6953
f 6907 6908 6955
f 6907 6955 6954
f 6908 6909 6956
f 6908 6956 6955
f 6909 6910 6957
f 6909 6957 6956
f 6910 6911 6958
f 6910 6958 6957
f 6911 6912 6959
f 6911 6959 6958
f 6912 6913 6960
f 6912 6960 6959
f 6913 6914 6961
f 6913 6961 6960
f 6914 6915 6962
f 6914 6962 6961
f 6915 6916 6963
f 6915 6963 6962
f 6916 6917 6964
f 6916 6964 6963
f 6917 6918 6965
f 6917 6965 6964
f 6919 6920 6967
f 6919 6967 6966
f 6920 6921 6968
f 6920 6968 6967
f 6921 6922 6969
f 6921 6969 6968
f 6922 6923 6970
f 6922 6970 6969
f 6923 6924 6971
f 6923 6971 6970
f 6924 6925 6972
f 6924 6972 6971
f 6925 6926 6973
f 6925 6973 6972
f 6926 6927 6974
f 6926 6974 6973
f 6927 6928 6975
f 6927 6975 6974
f 6928 6929 6976
f 6928 6976 6975
f 6929 6930 6977
f 6929 6977 6976
f 6930 6931 6978
f 6930 6978 6977
f 6931 6932 6979
f 6931 6979 6978
f 6932 6933 6980
f 6932 6980 6979
f 6933 6934 6981
f 6933 6981 6980
f 6934 6935 6982
f 6934 6982 6981
f 6935 6936 6983
f 6935 6983 6982
f 6936 6937 6984
f 6936 6984 6983
f 6937 6938 6985
f 6937 6985 6984
f 6938 6939 6986
f 6938 6986 6985
f 6939 6940 6987
f 6939 6987 6986
f 6940 6941 6988
f 6940 6988 6987
f 6941 6942 6989
f 6941 6989 6988
f 6942 6943 6990
f 6942 6990 6989
f 6943 6944 6991
f 6943 6991 6990
f 6944 6945 6992
f 6944 6992 6991
f 6945 6946 6993
f 6945 6993 6992
f 6946 6947 6994
f 6946 6994 6993
f 6947 6948 6995
f 6947 6995 6994
f 6948 6949 6996
f 6948 6996 6995
f 6949 6950 6997
f 6949 6997 6996
f 6950 6951 6998
f 6950 6998 6997
f 6951 6952 6999
f 6951 6999 6998
f 6952 6953 7000
f 6952 7000 6999
f 6953 6954 7001
f 6953 7001 7000
f 6954 6955 7002
f 6954 7002 7001
f 6955 6956 7003
f 6955 7003 7002
f 6956 6957 7004
f 6956 7004 7003
f 6957 6958 7005
f 6957 7005 7004
f 6958 6959 7006
f 6958 7006 7005
f 6959 6960 7007
f 6959 7007 7006
f 6960 6961 7008
f 6960 7008 7007
f 6961 6962 7009
f 6961 7009 7008
f 6962 6963 7010
f 6962 7010 7009
f 6963 6964 7011
f 6963 7011 7010
f 6964 6965 7012
f 6964 7012 7011
f 6966 6967 7014
f 6966 7014 7013
f 6967 6968 7015
f 6967 7015 7014
f 6968 6969 7016
f 6968 7016 7015
f 6969 6970 7017
f 6969 7017 7016
f 6970 6971 7018
f 6970 7018 7017
f 6971 6972 7019
f 6971 7019 7018
f 6972 6973 7020
f 6972 7020 7019
f 6973 6974 7021
f 6973 7021 7020
f 6974 6975 7022
f 6974 7022 7021
f 6975 6976 7023
f 6975 7023 7022
f 6976 6977 7024
f 6976 7024 7023
f 6977 6978 7025
f 6977 7025 7024
f 6978 6979 7026
f 6978 7026 7025
f 6979 6980 7027
f 6979 7027 7026
f 6980 6981 7028
f 6980 7028 7027
f 6981 6982 7029
f 6981 7029 7028
f 6982 6983 7030
f 6982 7030 7029
f 6983 6984 7031
f 6983 7031 7030
f 6984 6985 7032
f 6984 7032 7031
f 6985 6986 7033
f 6985 7033 7032
f 6986 6987 7034
f 6986 7034 7033
f 6987 6988 7035
f 6987 7035 7034
f 6988 6989 7036
f 6988 7036 7035
f 6989 6990 7037
f 6989 7037 7036
f 6990 6991 7038
f 6990 7038 7037
f 6991 6992 7039
f 6991 7039 7038
f 6992 6993 7040
f 6992 7040 7039
f 6993 6994 7041
f 6993 7041 7040
f 6994 6995 7042
f 6994 7042 7041
f 6995 6996 7043
f 6995 7043 7042
f 6996 6997 7044
f 6996 7044 7043
f 6997 6998 7045
f 6997 7045 7044
f 6998 6999 7046
f 6998 7046 7045
f 6999 7000 7047
f 6999 7047 7046
f 7000 7001 7048
f 7000 7048 7047
f 7001 7002 7049
f 7001 7049 7048
f 7002 7003 7050
f 7002 7050 7049
f 7003 7004 7051
f 7003 7051 7050
f 7004 7005 7052
f 7004 7052 7051
f 7005 7006 7053
f 7005 7053 7052
f 7006 7007 7054
f 7006 7054 7053
f 7007 7008 7055
f 7007 7055 7054
f 7008 7009 7056
f 7008 7056 7055
f 7009 7010 7057
f 7009 7057 7056
f 7010 7011 7058
f 7010 7058 7057
f 7011 7012 7059
f 7011 7059 7058
f 7013 7014 7061
f 7013 7061 7060
f 7014 7015 7062
f 7014 7062 7061
f 7015 7016 7063
f 7015 7063 7062
f 7016 7017 7064
f 7016 7064 7063
f 7017 7018 7065
f 7017 7065 7064
f 7018 7019 7066
f 7018 7066 7065
f 7019 7020 7067
f 7019 7067 7066
f 7020 7021 7068
f 7020 7068 7067
f 7021 7022 7069
f 7021 7069 7068
f 7022 7023 7070
f 7022 7070 7069
f 7023 7024 7071
f 7023 7071 7070
f 7024 7025 7072
f 7024 7072 7071
f 7025 7026 7073
f 7025 7073 7072
f 7026 7027 7074
f 7026 7074 7073
f 7027 7028 7075
f 7027 7075 7074
f 7028 7029 7076
f 7028 7076 7075
f 7029 7030 7077
f 7029 7077 7076
f 7030 7031 7078
f 7030 7078 7077
f 7031 7032 7079
f 7031 7079 7078
f 7032 7033 7080
f 7032 7080 7079
f 7033 7034 7081
f 7033 7081 7080
f 7034 7035 7082
f 7034 7082 7081
f 7035 7036 7083
f 7035 7083 7082
f 7036 7037 7084
f 7036 7084 7083
f 7037 7038 7085
f 7037 7085 7084
f 7038 7039 7086
f 7038 7086 7085
f 7039 7040 7087
f 7039 7087 7086
f 7040 7041 7088
f 7040 7088 7087
f 7041 7042 7089
f 7041 7089 7088
f 7042 7043 7090
f 7042 7090 7089
f 7043 7044 7091
f 7043 7091 7090
f 7044 7045 7092
f 7044 7092 7091
f 7045 7046 7093
f 7045 7093 7092
f 7046 7047 7094
f 7046 7094 7093
f 7047 7048 7095
f 7047 7095 7094
f 7048 7049 7096
f 7048 7096 7095
f 7049 7050 7097
f 7049 7097 7096
f 7050 7051 7098
f 7050 7098 7097
f 7051 7052 7099
f 7051 7099 7098
f 7052 7053 7100
f 7052 7100 7099
f 7053 7054 7101
f 7053 7101 7100
f 7054 7055 7102
f 7054 7102 7101
f 7055 7056 7103
f 7055 7103 7102
f 7056 7057 7104
f 7056 7104 7103
f 7057 7058 7105
f 7057 7105 7104
f 7058 7059 7106
f 7058 7106 7105
f 7060 7061 7108
f 7060 7108 7107
f 7061 7062 7109
f 7061 7109 7108
f 7062 7063 7110
f 7062 7110 7109
f 7063 7064 7111
f 7063 7111 7110
f 7064 7065 7112
f 7064 7112 7111
f 7065 7066 7113
f 7065 7113 7112
f 7066 7067 7114
f 7066 7114 7113
f 7067 7068 7115
f 7067 7115 7114
f 7068 7069 7116
f 7068 7116 7115
f 7069 7070 7117
f 7069 7117 7116
f 7070 7071 7118
f 7070 7118 7117
f 7071 7072 7119
f 7071 7119 7118
f 7072 7073 7120
f 7072 7120 7119
f 7073 7074 7121
f 7073 7121 7120
f 7074 7075 7122
f 7074 7122 7121
f 7075 7076 7123
f 7075 7123 7122
f 7076 7077 7124
f 7076 7124 7123
f 7077 7078 7125
f 7077 7125 7124
f 7078 7079 7126
f 7078 7126 7125
f 7079 7080 7127
f 7079 7127 7126
f 7080 7081 7128
f 7080 7128 7127
f 7081 7082 7129
f 7081 7129 7128
f 7082 7083 7130
f 7082 7130 7129
f 7083 7084 7131
f 7083 7131 7130
f 7084 7085 7132
f 7084 7132 7131
f 7085 7086 7133
f 7085 7133 7132
f 7086 7087 7134
f 7086 7134 7133
f 7087 7088 7135
f 7087 7135 7134
f 7088 7089 7136
f 7088 7136 7135
f 7089 7090 7137
f 7089 7137 7136
f 7090 7091 7138
f 7090 7138 7137
f 7091 7092 7139
f 7091 7139 7138
f 7092 7093 7140
f 7092 7140 7139
f 7093 7094 7141
f 7093 7141 7140
f 7094 7095 7142
f 7094 7142 7141
f 7095 7096 7143
f 7095 7143 7142
f 7096 7097 7144
f 7096 7144 7143
f 7097 7098 7145
f 7097 7145 7144
f 7098 7099 7146
f 7098 7146 7145
f 7099 7100 7147
f 7099 7147 7146
f 7100 7101 7148
f 7100 7148 7147
f 7101 7102 7149
f 7101 7149 7148
f 7102 7103 7150
f 7102 7150 7149
f 7103 7104 7151
f 7103 7151 7150
f 7104 7105 7152
f 7104 7152 7151
f 7105 7106 7153
f 7105 7153 7152
f 7107 7108 7155
f 7107 7155 7154
f 7108 7109 7156
f 7108 7156 7155
f 7109 7110 7157
f 7109 7157 7156
f 7110 7111 7158
f 7110 7158 7157
f 7111 7112 7159
f 7111 7159 7158
f 7112 7113 7160
f 7112 7160 7159
f 7113 7114 7161
f 7113 7161 7160
f 7114 7115 7162
f 7114 7162 7161
f 7115 7116 7163
f 7115 7163 7162
f 7116 7117 7164
f 7116 7164 7163
f 7117 7118 7165
f 7117 7165 7164
f 7118 7119 7166
f 7118 7166 7165
f 7119 7120 7167
f 7119 7167 7166
f 7120 7121 7168
f 7120 7168 7167
f 7121 7122 7169
f 7121 7169 7168
f 7122 7123 7170
f 7122 7170 7169
f 7123 7124 7171
f 7123 7171 7170
f 7124 7125 7172
f 7124 7172 7171
f 7125 7126 7173
f 7125 7173 7172
f 7126 7127 7174
f 7126 7174 7173
f 7127 7128 7175
f 7127 7175 7174
f 7128 7129 7176
f 7128 7176 7175
f 7129 7130 7177
f 7129 7177 7176
f 7130 7131 7178
f 7130 7178 7177
f 7131 7132 7179
f 7131 7179 7178
f 7132 7133 7180
f 7132 7180 7179
f 7133 7134 7181
f 7133 7181 7180
f 7134 7135 7182
f 7134 7182 7181
f 7135 7136 7183
f 7135 7183 7182
f 7136 7137 7184
f 7136 7184 7183
f 7137 7138 7185
f 7137 7185 7184
f 7138 7139 7186
f 7138 7186 7185
f 7139 7140 7187
f 7139 7187 7186
f 7140 7141 7188
f 7140 7188 7187
f 7141 7142 7189
f 7141 7189 7188
f 7142 7143 7190
f 7142 7190 7189
f 7143 7144 7191
f 7143 7191 7190
f 7144 7145 7192
f 7144 7192 7191
f 7145 7146 7193
f 7145 7193 7192
f 7146 7147 7194
f 7146 7194 7193
f 7147 7148 7195
f 7147 7195 7194
f 7148 7149 7196
f 7148 7196 7195
f 7149 7150 7197
f 7149 7197 7196
f 7150 7151 7198
f 7150 7198 7197
f 7151 7152 7199
f 7151 7199 7198
f 7152 7153 7200
f 7152 7200 7199
f 7154 7155 7202
f 7154 7202 7201
f 7155 7156 7203
f 7155 7203 7202
f 7156 7157 7204
f 7156 7204 7203
f 7157 7158 7205
f 7157 7205 7204
f 7158 7159 7206
f 7158 7206 7205
f 7159 7160 7207
f 7159 7207 7206
f 7160 7161 7208
f 7160 7208 7207
f 7161 7162 7209
f 7161 7209 7208
f 7162 7163 7210
f 7162 7210 7209
f 7163 7164 7211
f 7163 7211 7210
f 7164 7165 7212
f 7164 7212 7211
f 7165 7166 7213
f 7165 7213 7212
f 7166 7167 7214
f 7166 7214 7213
f 7167 7168 7215
f 7167 7215 7214
f 7168 7169 7216
f 7168 7216 7215
f 7169 7170 7217
f 7169 7217 7216
f 7170 7171 7218
f 7170 7218 7217
f 7171 7172 7219
f 7171 7219 7218
f 7172 7173 7220
f 7172 7220 7219
f 7173 7174 7221
f 7173 7221 7220
f 7174 7175 7222
f 7174 7222 7221
f 7175 7176 7223
f 7175 7223 7222
f 7176 7177 7224
f 7176 7224 7223
f 7177 7178 7225
f 7177 7225 7224
f 7178 7179 7226
f 7178 7226 7225
f 7179 7180 7227
f 7179 7227 7226
f 7180 7181 7228
f 7180 7228 7227
f 7181 7182 7229
f 7181 7229 7228
f 7182 7183 7230
f 7182 7230 7229
f 7183 7184 7231
f 7183 7231 7230
f 7184 7185 7232
f 7184 7232 7231
f 7185 7186 7233
f 7185 7233 7232
f 7186 7187 7234
f 7186 7234 7233
f 7187 7188 7235
f 7187 7235 7234
f 7188 7189 7236
f 7188 7236 7235
f 7189 7190 7237
f 7189 7237 7236
f 7190 7191 7238
f 7190 7238 7237
f 7191 7192 7239
f 7191 7239 7238
f 7192 7193 7240
f 7192 7240 7239
f 7193 7194 7241
f 7193 7241 7240
f 7194 7195 7242
f 7194 7242 7241
f 7195 7196 7243
f 7195 7243 7242
f 7196 7197 7244
f 7196 7244 7243
f 7197 7198 7245
f 7197 7245 7244
f 7198 7199 7246
f 7198 7246 7245
f 7199 7200 7247
f 7199 7247 7246
f 7201 7202 7249
f 7201 7249 7248
f 7202 7203 7250
f 7202 7250 7249
f 7203 7204 7251
f 7203 7251 7250
f 7204 7205 7252
f 7204 7252 7251
f 7205 7206 7253
f 7205 7253 7252
f 7206 7207 7254
f 7206 7254 7253
f 7207 7208 7255
f 7207 7255 7254
f 7208 7209 7256
f 7208 7256 7255
f 7209 7210 7257
f 7209 7257 7256
f 7210 7211 7258
f 7210 7258 7257
f 7211 7212 7259
f 7211 7259 7258
f 7212 7213 7260
f 7212 7260 7259
f 7213 7214 7261
f 7213 7261 7260
f 7214 7215 7262
f 7214 7262 7261
f 7215 7216 7263
f 7215 7263 7262
f 7216 7217 7264
f 7216 7264 7263
f 7217 7218 7265
f 7217 7265 7264
f 7218 7219 7266
f 7218 7266 7265
f 7219 7220 7267
f 7219 7267 7266
f 7220 7221 7268
f 7220 7268 7267
f 7221 7222 7269
f 7221 7269 7268
f 7222 7223 7270
f 7222 7270 7269
f 7223 7224 7271
f 7223 7271 7270
f 7224 7225 7272
f 7224 7272 7271
f 7225 7226 7273
f 7225 7273 7272
f 7226 7227 7274
f 7226 7274 7273
f 7227 7228 7275
f 7227 7275 7274
f 7228 7229 7276
f 7228 7276 7275
f 7229 7230 7277
f 7229 7277 7276
f 7230 7231 7278
f 7230 7278 7277
f 7231 7232 7279
f 7231 7279 7278
f 7232 7233 7280
f 7232 7280 7279
f 7233 7234 7281
f 7233 7281 7280
f 7234 7235 7282
f 7234 7282 7281
f 7235 7236 7283
f 7235 7283 7282
f 7236 7237 7284
f 7236 7284 7283
f 7237 7238 7285
f 7237 7285 7284
f 7238 7239 7286
f 7238 7286 7285
f 7239 7240 7287
f 7239 7287 7286
f 7240 7241 7288
f 7240 7288 7287
f 7241 7242 7289
f 7241 7289 7288
f 7242 7243 7290
f 7242 7290 7289
f 7243 7244 7291
f 7243 7291 7290
f 7244 7245 7292
f 7244 7292 7291
f 7245 7246 7293
f 7245 7293 7292
f 7246 7247 7294
f 7246 7294 7293
f 7248 7249 7296
f 7248 7296 7295
f 7249 7250 7297
f 7249 7297 7296
f 7250 7251 7298
f 7250 7298 7297
f 7251 7252 7299
f 7251 7299 7298
f 7252 7253 7300
f 7252 7300 7299
f 7253 7254 7301
f 7253 7301 7300
f 7254 7255 7302
f 7254 7302 7301
f 7255 7256 7303
f 7255 7303 7302
f 7256 7257 7304
f 7256 7304 7303
f 7257 7258 7305
f 7257 7305 7304
f 7258 7259 7306
f 7258 7306 7305
f 7259 7260 7307
f 7259 7307 7306
f 7260 7261 7308
f 7260 7308 7307
f 7261 7262 7309
f 7261 7309 7308
f 7262 7263 7310
f 7262 7310 7309
f 7263 7264 7311
f 7263 7311 7310
f 7264 7265 7312
f 7264 7312 7311
f 7265 7266 7313
f 7265 7313 7312
f 7266 7267 7314
f 7266 7314 7313
f 7267 7268 7315
f 7267 7315 7314
f 7268 7269 7316
f 7268 7316 7315
f 7269 7270 7317
f 7269 7317 7316
f 7270 7271 7318
f 7270 7318 7317
f 7271 7272 7319
f 7271 7319 7318
f 7272 7273 7320
f 7272 7320 7319
f 7273 7274 7321
f 7273 7321 7320
f 7274 7275 7322
f 7274 7322 7321
f 7275 7276 7323
f 7275 7323 7322
f 7276 7277 7324
f 7276 7324 7323
f 7277 7278 7325
f 7277 7325 7324
f 7278 7279 7326
f 7278 7326 7325
f 7279 7280 7327
f 7279 7327 7326
f 7280 7281 7328
f 7280 7328 7327
f 7281 7282 7329
f 7281 7329 7328
f 7282 7283 7330
f 7282 7330 7329
f 7283 7284 7331
f 7283 7331 7330
f 7284 7285 7332
f 7284 7332 7331
f 7285 7286 7333
f 7285 7333 7332
f 7286 7287 7334
f 7286 7334 7333
f 7287 7288 7335
f 7287 7335 7334
f 7288 7289 7336
f 7288 7336 7335
f 7289 7290 7337
f 7289 7337 7336
f 7290 7291 7338
f 7290 7338 7337
f 7291 7292 7339
f 7291 7339 7338
f 7292 7293 7340
f 7292 7340 7339
f 7293 7294 7341
f 7293 7341 7340
f 7295 7296 7343
f 7295 7343 7342
f 7296 7297 7344
f 7296 7344 7343
f 7297 7298 7345
f 7297 7345 7344
f 7298 7299 7346
f 7298 7346 7345
f 7299 7300 7347
f 7299 7347 7346
f 7300 7301 7348
f 7300 7348 7347
f 7301 7302 7349
f 7301 7349 7348
f 7302 7303 7350
f 7302 7350 7349
f 7303 7304 7351
f 7303 7351 7350
f 7304 7305 7352
f 7304 7352 7351
f 7305 7306 7353
f 7305 7353 7352
f 7306 7307 7354
f 7306 7354 7353
f 7307 7308 7355
f 7307 7355 7354
f 7308 7309 7356
f 7308 7356 7355
f 7309 7310 7357
f 7309 7357 7356
f 7310 7311 7358
f 7310 7358 7357
f 7311 7312 7359
f 7311 7359 7358
f 7312 7313 7360
f 7312 7360 7359
f 7313 7314 7361
f 7313 7361 7360
f 7314 7315 7362
f 7314 7362 7361
f 7315 7316 7363
f 7315 7363 7362
f 7316 7317 7364
f 7316 7364 7363
f 7317 7318 7365
f 7317 7365 7364
f 7318 7319 7366
f 7318 7366 7365
f 7319 7320 7367
f 7319 7367 7366
f 7320 7321 7368
f 7320 7368 7367
f 7321 7322 7369
f 7321 7369 7368
f 7322 7323 7370
f 7322 7370 7369
f 7323 7324 7371
f 7323 7371 7370
f 7324 7325 7372
f 7324 7372 7371
f 7325 7326 7373
f 7325 7373 7372
f 7326 7327 7374
f 7326 7374 7373
f 7327 7328 7375
f 7327 7375 7374
f 7328 7329 7376
f 7328 7376 7375
f 7329 7330 7377
f 7329 7377 7376
f 7330 7331 7378
f 7330 7378 7377
f 7331 7332 7379
f 7331 7379 7378
f 7332 7333 7380
f 7332 7380 7379
f 7333 7334 7381
f 7333 7381 7380
f 7334 7335 7382
f 7334 7382 7381
f 7335 7336 7383
f 7335 7383 7382
f 7336 7337 7384
f 7336 7384 7383
f 7337 7338 7385
f 7337 7385 7384
f 7338 7339 7386
f 7338 7386 7385
f 7339 7340 7387
f 7339 7387 7386
f 7340 7341 7388
f 7340 7388 7387
f 7342 7343 7389
f 7343 7344 7390
f 7343 7390 7389
f 7344 7345 7391
f 7344 7391 7390
f 7345 7346 7392
f 7345 7392 7391
f 7346 7347 7393
f 7346 7393 7392
f 7347 7348 7394
f 7347 7394 7393
f 7348 7349 7395
f 7348 7395 7394
f 7349 7350 7396
f 7349 7396 7395
f 7350 7351 7397
f 7350 7397 7396
f 7351 7352 7398
f 7351 7398 7397
f 7352 7353 7399
f 7352 7399 7398
f 7353 7354 7400
f 7353 7400 7399
f 7354 7355 7401
f 7354 7401 7400
f 7355 7356 7402
f 7355 7402 7401
f 7356 7357 7403
f 7356 7403 7402
f 7357 7358 7404
f 7357 7404 7403
f 7358 7359 7405
f 7358 7405 7404
f 7359 7360 7406
f 7359 7406 7405
f 7360 7361 7407
f 7360 7407 7406
f 7361 7362 7408
f 7361 7408 7407
f 7362 7363 7409
f 7362 7409 7408
f 7363 7364 7410
f 7363 7410 7409
f 7364 7365 7411
f 7364 7411 7410
f 7365 7366 7412
f 7365 7412 7411
f 7366 7367 7413
f 7366 7413 7412
f 7367 7368 7414
f 7367 7414 7413
f 7368 7369 7415
f 7368 7415 7414
f 7369 7370 7416
f 7369 7416 7415
f 7370 7371 7417
f 7370 7417 7416
f 7371 7372 7418
f 7371 7418 7417
f 7372 7373 7419
f 7372 7419 7418
f 7373 7374 7420
f 7373 7420 7419
f 7374 7375 7421
f 7374 7421 7420
f 7375 7376 7422
f 7375 7422 7421
f 7376 7377 7423
f 7376 7423 7422
f 7377 7378 7424
f 7377 7424 7423
f 7378 7379 7425
f 7378 7425 7424
f 7379 7380 7426
f 7379 7426 7425
f 7380 7381 7427
f 7380 7427 7426
f 7381 7382 7428
f 7381 7428 7427
f 7382 7383 7429
f 7382 7429 7428
f 7383 7384 7430
f 7383 7430 7429
f 7384 7385 7431
f 7384 7431 7430
f 7385 7386 7432
f 7385 7432 7431
f 7386 7387 7433
f 7386 7433 7432
f 7387 7388 7434
f 7387 7434 7433
f 7389 7390 7436
f 7389 7436 7435
f 7390 7391 7437
f 7390 7437 7436
f 7391 7392 7438
f 7391 7438 7437
f 7392 7393 7439
f 7392 7439 7438
f 7393 7394 7440
f 7393 7440 7439
f 7394 7395 7441
f 7394 7441 7440
f 7395 7396 7442
f 7395 7442 7441
f 7396 7397 7443
f 7396 7443 7442
f 7397 7398 7444
f 7397 7444 7443
f 7398 7399 7445
f 7398 7445 7444
f 7399 7400 7446
f 7399 7446 7445
f 7400 7401 7447
f 7400 7447 7446
f 7401 7402 7448
f 7401 7448 7447
f 7402 7403 7449
f 7402 7449 7448
f 7403 7404 7450
f 7403 7450 7449
f 7404 7405 7451
f 7404 7451 7450
f 7405 7406 7452
f 7405 7452 7451
f 7406 7407 7453
f 7406 7453 7452
f 7407 7408 7454
f 7407 7454 7453
f 7408 7409 7455
f 7408 7455 7454
f 7409 7410 7456
f 7409 7456 7455
f 7410 7411 7457
f 7410 7457 7456
f 7411 7412 7458
f 7411 7458 7457
f 7412 7413 7459
f 7412 7459 7458
f 7413 7414 7460
f 7413 7460 7459
f 7414 7415 7461
f 7414 7461 7460
f 7415 7416 7462
f 7415 7462 7461
f 7416 7417 7463
f 7416 7463 7462
f 7417 7418 7464
f 7417 7464 7463
f 7418 7419 7465
f 7418 7465 7464
f 7419 7420 7466
f 7419 7466 7465
f 7420 7421 7467
f 7420 7467 7466
f 7421 7422 7468
f 7421 7468 7467
f 7422 7423 7469
f 7422 7469 7468
f 7423 7424 7470
f 7423 7470 7469
f 7424 7425 7471
f 7424 7471 7470
f 7425 7426 7472
f 7425 7472 7471
f 7426 7427 7473
f 7426 7473 7472
f 7427 7428 7474
f 7427 7474 7473
f 7428 7429 7475
f 7428 7475 7474
f 7429 7430 7476
f 7429 7476 7475
f 7430 7431 7477
f 7430 7477 7476
f 7431 7432 7478
f 7431 7478 7477
f 7432 7433 7479
f 7432 7479 7478
f 7435 7436 7481
f 7435 7481 7480
f 7436 7437 7482
f 7436 7482 7481
f 7437 7438 7483
f 7437 7483 7482
f 7438 7439 7484
f 7438 7484 7483
f 7439 7440 7485
f 7439 7485 7484
f 7440 7441 7486
f 7440 7486 7485
f 7441 7442 7487
f 7441 7487 7486
f 7442 7443 7488
f 7442 7488 7487
f 7443 7444 7489
f 7443 7489 7488
f 7444 7445 7490
f 7444 7490 7489
f 7445 7446 7491
f 7445 7491 7490
f 7446 7447 7492
f 7446 7492 7491
f 7447 7448 7493
f 7447 7493 7492
f 7448 7449 7494
f 7448 7494 7493
f 7449 7450 7495
f 7449 7495 7494
f 7450 7451 7496
f 7450 7496 7495
f 7451 7452 7497
f 7451 7497 7496
f 7452 7453 7498
f 7452 7498 7497
f 7453 7454 7499
f 7453 7499 7498
f 7454 7455 7500
f 7454 7500 7499
f 7455 7456 7501
f 7455 7501 7500
f 7456 7457 7502
f 7456 7502 7501
f 7457 7458 7503
f 7457 7503 7502
f 7458 7459 7504
f 7458 7504 7503
f 7459 7460 7505
f 7459 7505 7504
f 7460 7461 7506
f 7460 7506 7505
f 7461 7462 7507
f 7461 7507 7506
f 7462 7463 7508
f 7462 7508 7507
f 7463 7464 7509
f 7463 7509 7508
f 7464 7465 7510
f 7464 7510 7509
f 7465 7466 7511
f 7465 7511 7510
f 7466 7467 7512
f 7466 7512 7511
f 7467 7468 7513
f 7467 7513 7512
f 7468 7469 7514
f 7468 7514 7513
f 7469 7470 7515
f 7469 7515 7514
f 7470 7471 7516
f 7470 7516 7515
f 7471 7472 7517
f 7471 7517 7516
f 7472 7473 7518
f 7472 7518 7517
f 7473 7474 7519
f 7473 7519 7518
f 7474 7475 7520
f 7474 7520 7519
f 7475 7476 7521
f 7475 7521 7520
f 7476 7477 7522
f 7476 7522 7521
f 7477 7478 7523
f 7477 7523 7522
f 7478 7479 7524
f 7478 7524 7523
f 7480 7481 7526
f 7480 7526 7525
f 7481 7482 7527
f 7481 7527 7526
f 7482 7483 7528
f 7482 7528 7527
f 7483 7484 7529
f 7483 7529 7528
f 7484 7485 7530
f 7484 7530 7529
f 7485 7486 7531
f 7485 7531 7530
f 7486 7487 7532
f 7486 7532 7531
f 7487 7488 7533
f 7487 7533 7532
f 7488 7489 7534
f 7488 7534 7533
f 7489 7490 7535
f 7489 7535 7534
f 7490 7491 7536
f 7490 7536 7535
f 7491 7492 7537
f 7491 7537 7536
f 7492 7493 7538
f 7492 7538 7537
f 7493 7494 7539
f 7493 7539 7538
f 7494 7495 7540
f 7494 7540 7539
f 7495 7496 7541
f 7495 7541 7540
f 7496 7497 7542
f 7496 7542 7541
f 7497 7498 7543
f 7497 7543 7542
f 7498 7499 7544
f 7498 7544 7543
f 7499 7500 7545
f 7499 7545 7544
f 7500 7501 7546
f 7500 7546 7545
f 7501 7502 7547
f 7501 7547 7546
f 7502 7503 7548
f 7502 7548 7547
f 7503 7504 7549
f 7503 7549 7548
f 7504 7505 7550
f 7504 7550 7549
f 7505 7506 7551
f 7505 7551 7550
f 7506 7507 7552
f 7506 7552 7551
f 7507 7508 7553
f 7507 7553 7552
f 7508 7509 7554
f 7508 7554 7553
f 7509 7510 7555
f 7509 7555 7554
f 7510 7511 7556
f 7510 7556 7555
f 7511 7512 7557
f 7511 7557 7556
f 7512 7513 7558
f 7512 7558 7557
f 7513 7514 7559
f 7513 7559 7558
f 7514 7515 7560
f 7514 7560 7559
f 7515 7516 7561
f 7515 7561 7560
f 7516 7517 7562
f 7516 7562 7561
f 7517 7518 7563
f 7517 7563 7562
f 7518 7519 7564
f 7518 7564 7563
f 7519 7520 7565
f 7519 7565 7564
f 7520 7521 7566
f 7520 7566 7565
f 7521 7522 7567
f 7521 7567 7566
f 7522 7523 7568
f 7522 7568 7567
f 7523 7524 7569
f 7523 7569 7568
f 7525 7526 7570
f 7526 7527 7571
f 7526 7571 7570
f 7527 7528 7572
f 7527 7572 7571
f 7528 7529 7573
f 7528 7573 7572
f 7529 7530 7574
f 7529 7574 7573
f 7530 7531 7575
f 7530 7575 7574
f 7531 7532 7576
f 7531 7576 7575
f 7532 7533 7577
f 7532 7577 7576
f 7533 7534 7578
f 7533 7578 7577
f 7534 7535 7579
f 7534 7579 7578
f 7535 7536 7580
f 7535 7580 7579
f 7536 7537 7581
f 7536 7581 7580
f 7537 7538 7582
f 7537 7582 7581
f 7538 7539 7583
f 7538 7583 7582
f 7539 7540 7584
f 7539 7584 7583
f 7540 7541 7585
f 7540 7585 7584
f 7541 7542 7586
f 7541 7586 7585
f 7542 7543 7587
f 7542 7587 7586
f 7543 7544 7588
f 7543 7588 7587
f 7544 7545 7589
f 7544 7589 7588
f 7545 7546 7590
f 7545 7590 7589
f 7546 7547 7591
f 7546 7591 7590
f 7547 7548 7592
f 7547 7592 7591
f 7548 7549 7593
f 7548 7593 7592
f 7549 7550 7594
f 7549 7594 7593
f 7550 7551 7595
f 7550 7595 7594
f 7551 7552 7596
f 7551 7596 7595
f 7552 7553 7597
f 7552 7597 7596
f 7553 7554 7598
f 7553 7598 7597
f 7554 7555 7599
f 7554 7599 7598
f 7555 7556 7600
f 7555 7600 7599
f 7556 7557 7601
f 7556 7601 7600
f 7557 7558 7602
f 7557 7602 7601
f 7558 7559 7603
f 7558 7603 7602
f 7559 7560 7604
f 7559 7604 7603
f 7560 7561 7605
f 7560 7605 7604
f 7561 7562 7606
f 7561 7606 7605
f 7562 7563 7607
f 7562 7607 7606
f 7563 7564 7608
f 7563 7608 7607
f 7564 7565 7609
f 7564 7609 7608
f 7565 7566 7610
f 7565 7610 7609
f 7566 7567 7611
f 7566 7611 7610
f 7567 7568 7612
f 7567 7612 7611
f 7568 7569 7613
f 7568 7613 7612
f 7570 7571 7615
f 7570 7615 7614
f 7571 7572 7616
f 7571 7616 7615
f 7572 7573 7617
f 7572 7617 7616
f 7573 7574 7618
f 7573 7618 7617
f 7574 7575 7619
f 7574 7619 7618
f 7575 7576 7620
f 7575 7620 7619
f 7576 7577 7621
f 7576 7621 7620
f 7577 7578 7622
f 7577 7622 7621
f 7578 7579 7623
f 7578 7623 7622
f 7579 7580 7624
f 7579 7624 7623
f 7580 7581 7625
f 7580 7625 7624
f 7581 7582 7626
f 7581 7626 7625
f 7582 7583 7627
f 7582 7627 7626
f 7583 7584 7628
f 7583 7628 7627
f 7584 7585 7629
f 7584 7629 7628
f 7585 7586 7630
f 7585 7630 7629
f 7586 7587 7631
f 7586 7631 7630
f 7587 7588 7632
f 7587 7632 7631
f 7588 7589 7633
f 7588 7633 7632
f 7589 7590 7634
f 7589 7634 7633
f 7590 7591 7635
f 7590 7635 7634
f 7591 7592 7636
f 7591 7636 7635
f 7592 7593 7637
f 7592 7637 7636
f 7593 7594 7638
f 7593 7638 7637
f 7594 7595 7639
f 7594 7639 7638
f 7595 7596 7640
f 7595 7640 7639
f 7596 7597 7641
f 7596 7641 7640
f 7597 7598 7642
f 7597 7642 7641
f 7598 7599 7643
f 7598 7643 7642
f 7599 7600 7644
f 7599 7644 7643
f 7600 7601 7645
f 7600 7645 7644
f 7601 7602 7646
f 7601 7646 7645
f 7602 7603 7647
f 7602 7647 7646
f 7603 7604 7648
f 7603 7648 7647
f 7604 7605 7649
f 7604 7649 7648
f 7605 7606 7650
f 7605 7650 7649
f 7606 7607 7651
f 7606 7651 7650
f 7607 7608 7652
f 7607 7652 7651
f 7608 7609 7653
f 7608 7653 7652
f 7609 7610 7654
f 7609 7654 7653
f 7610 7611 7655
f 7610 7655 7654
f 7611 7612 7656
f 7611 7656 7655
f 7614 7615 7657
f 7615 7616 7658
f 7615 7658 7657
f 7616 7617 7659
f 7616 7659 7658
f 7617 7618 7660
f 7617 7660 7659
f 7618 7619 7661
f 7618 7661 7660
f 7619 7620 7662
f 7619 7662 7661
f 7620 7621 7663
f 7620 7663 7662
f 7621 7622 7664
f 7621 7664 7663
f 7622 7623 7665
f 7622 7665 7664
f 7623 7624 7666
f 7623 7666 7665
f 7624 7625 7667
f 7624 7667 7666
f 7625 7626 7668
f 7625 7668 7667
f 7626 7627 7669
f 7626 7669 7668
f 7627 7628 7670
f 7627 7670 7669
f 7628 7629 7671
f 7628 7671 7670
f 7629 7630 7672
f 7629 7672 7671
f 7630 7631 7673
f 7630 7673 7672
f 7631 7632 7674
f 7631 7674 7673
f 7632 7633 7675
f 7632 7675 7674
f 7633 7634 7676
f 7633 7676 7675
f 7634 7635 7677
f 7634 7677 7676
f 7635 7636 7678
f 7635 7678 7677
f 7636 7637 7679
f 7636 7679 7678
f 7637 7638 7680
f 7637 7680 7679
f 7638 7639 7681
f 7638 7681 7680
f 7639 7640 7682
f 7639 7682 7681
f 7640 7641 7683
f 7640 7683 7682
f 7641 7642 7684
f 7641 7684 7683
f 7642 7643 7685
f 7642 7685 7684
f 7643 7644 7686
f 7643 7686 7685
f 7644 7645 7687
f 7644 7687 7686
f 7645 7646 7688
f 7645 7688 7687
f 7646 7647 7689
f 7646 7689 7688
f 7647 7648 7690
f 7647 7690 7689
f 7648 7649 7691
f 7648 7691 7690
f 7649 7650 7692
f 7649 7692 7691
f 7650 7651 7693
f 7650 7693 7692
f 7651 7652 7694
f 7651 7694 7693
f 7652 7653 7695
f 7652 7695 7694
f 7653 7654 7696
f 7653 7696 7695
f 7654 7655 7697
f 7654 7697 7696
f 7655 7656 7698
f 7655 7698 7697
f 7657 7658 7700
f 7657 7700 7699
f 7658 7659 7701
f 7658 7701 7700
f 7659 7660 7702
f 7659 7702 7701
f 7660 7661 7703
f 7660 7703 7702
f 7661 7662 7704
f 7661 7704 7703
f 7662 7663 7705
f 7662 7705 7704
f 7663 7664 7706
f 7663 7706 7705
f 7664 7665 7707
f 7664 7707 7706
f 7665 7666 7708
f 7665 7708 7707
f 7666 7667 7709
f 7666 7709 7708
f 7667 7668 7710
f 7667 7710 7709
f 7668 7669 7711
f 7668 7711 7710
f 7669 7670 7712
f 7669 7712 7711
f 7670 7671 7713
f 7670 7713 7712
f 7671 7672 7714
f 7671 7714 7713
f 7672 7673 7715
f 7672 7715 7714
f 7673 7674 7716
f 7673 7716 7715
f 7674 7675 7717
f 7674 7717 7716
f 7675 7676 7718
f 7675 7718 7717
f 7676 7677 7719
f 7676 7719 7718
f 7677 7678 7720
f 7677 7720 7719
f 7678 7679 7721
f 7678 7721 7720
f 7679 7680 7722
f 7679 7722 7721
f 7680 7681 7723
f 7680 7723 7722
f 7681 7682 7724
f 7681 7724 7723
f 7682 7683 7725
f 7682 7725 7724
f 7683 7684 7726
f 7683 7726 7725
f 7684 7685 7727
f 7684 7727 7726
f 7685 7686 7728
f 7685 7728 7727
f 7686 7687 7729
f 7686 7729 7728
f 7687 7688 7730
f 7687 7730 7729
f 7688 7689 7731
f 7688 7731 7730
f 7689 7690 7732
f 7689 7732 7731
f 7690 7691 7733
f 7690 7733 7732
f 7691 7692 7734
f 7691 7734 7733
f 7692 7693 7735
f 7692 7735 7734
f 7693 7694 7736
f 7693 7736 7735
f 7694 7695 7737
f 7694 7737 7736
f 7695 7696 7738
f 7695 7738 7737
f 7696 7697 7739
f 7696 7739 7738
f 7699 7700 7740
f 7700 7701 7741
f 7700 7741 7740
f 7701 7702 7742
f 7701 7742 7741
f 7702 7703 7743
f 7702 7743 7742
f 7703 7704 7744
f 7703 7744 7743
f 7704 7705 7745
f 7704 7745 7744
f 7705 7706 7746
f 7705 7746 7745
f 7706 7707 7747
f 7706 7747 7746
f 7707 7708 7748
f 7707 7748 7747
f 7708 7709 7749
f 7708 7749 7748
f 7709 7710 7750
f 7709 7750 7749
f 7710 7711 7751
f 7710 7751 7750
f 7711 7712 7752
f 7711 7752 7751
f 7712 7713 7753
f 7712 7753 7752
f 7713 7714 7754
f 7713 7754 7753
f 7714 7715 7755
f 7714 7755 7754
f 7715 7716 7756
f 7715 7756 7755
f 7716 7717 7757
f 7716 7757 7756
f 7717 7718 7758
f 7717 7758 7757
f 7718 7719 7759
f 7718 7759 7758
f 7719 7720 7760
f 7719 7760 7759
f 7720 7721 7761
f 7720 7761 7760
f 7721 7722 7762
f 7721 7762 7761
f 7722 7723 7763
f 7722 7763 7762
f 7723 7724 7764
f 7723 7764 7763
f 7724 7725 7765
f 7724 7765 7764
f 7725 7726 7766
f 7725 7766 7765
f 7726 7727 7767
f 7726 7767 7766
f 7727 7728 7768
f 7727 7768 7767
f 7728 7729 7769
f 7728 7769 7768
f 7729 7730 7770
f 7729 7770 7769
f 7730 7731 7771
f 7730 7771 7770
f 7731 7732 7772
f 7731 7772 7771
f 7732 7733 7773
f 7732 7773 7772
f 7733 7734 7774
f 7733 7774 7773
f 7734 7735 7775
f 7734 7775 7774
f 7735 7736 7776
f 7735 7776 7775
f 7736 7737 7777
f 7736 7777 7776
f 7737 7738 7778
f 7737 7778 7777
f 7738 7739 7779
f 7738 7779 7778
f 7740 7741 7781
f 7740 7781 7780
f 7741 7742 7782
f 7741 7782 7781
f 7742 7743 7783
f 7742 7783 7782
f 7743 7744 7784
f 7743 7784 7783
f 7744 7745 7785
f 7744 7785 7784
f 7745 7746 7786
f 7745 7786 7785
f 7746 7747 7787
f 7746 7787 7786
f 7747 7748 7788
f 7747 7788 7787
f 7748 7749 7789
f 7748 7789 7788
f 7749 7750 7790
f 7749 7790 7789
f 7750 7751 7791
f 7750 7791 7790
f 7751 7752 7792
f 7751 7792 7791
f 7752 7753 7793
f 7752 7793 7792
f 7753 7754 7794
f 7753 7794 7793
f 7754 7755 7795
f 7754 7795 7794
f 7755 7756 7796
f 7755 7796 7795
f 7756 7757 7797
f 7756 7797 7796
f 7757 7758 7798
f 7757 7798 7797
f 7758 7759 7799
f 7758 7799 7798
f 7759 7760 7800
f 7759 7800 7799
f 7760 7761 7801
f 7760 7801 7800
f 7761 7762 7802
f 7761 7802 7801
f 7762 7763 7803
f 7762 7803 7802
f 7763 7764 7804
f 7763 7804 7803
f 7764 7765 7805
f 7764 7805 7804
f 7765 7766 7806
f 7765 7806 7805
f 7766 7767 7807
f 7766 7807 7806
f 7767 7768 7808
f 7767 7808 7807
f 7768 7769 7809
f 7768 7809 7808
f 7769 7770 7810
f 7769 7810 7809
f 7770 7771 7811
f 7770 7811 7810
f 7771 7772 7812
f 7771 7812 7811
f 7772 7773 7813
f 7772 7813 7812
f 7773 7774 7814
f 7773 7814 7813
f 7774 7775 7815
f 7774 7815 7814
f 7775 7776 7816
f 7775 7816 7815
f 7776 7777 7817
f 7776 7817 7816
f 7777 7778 7818
f 7777 7818 7817
f 7780 7781 7819
f 7781 7782 7820
f 7781 7820 7819
f 7782 7783 7821
f 7782 7821 7820
f 7783 7784 7822
f 7783 7822 7821
f 7784 7785 7823
f 7784 7823 7822
f 7785 7786 7824
f 7785 7824 7823
f 7786 7787 7825
f 7786 7825 7824
f 7787 7788 7826
f 7787 7826 7825
f 7788 7789 7827
f 7788 7827 7826
f 7789 7790 7828
f 7789 7828 7827
f 7790 7791 7829
f 7790 7829 7828
f 7791 7792 7830
f 7791 7830 7829
f 7792 7793 7831
f 7792 7831 7830
f 7793 7794 7832
f 7793 7832 7831
f 7794 7795 7833
f 7794 7833 7832
f 7795 7796 7834
f 7795 7834 7833
f 7796 7797 7835
f 7796 7835 7834
f 7797 7798 7836
f 7797 7836 7835
f 7798 7799 7837
f 7798 7837 7836
f 7799 7800 7838
f 7799 7838 7837
f 7800 7801 7839
f 7800 7839 7838
f 7801 7802 7840
f 7801 7840 7839
f 7802 7803 7841
f 7802 7841 7840
f 7803 7804 7842
f 7803 7842 7841
f 7804 7805 7843
f 7804 7843 7842
f 7805 7806 7844
f 7805 7844 7843
f 7806 7807 7845
f 7806 7845 7844
f 7807 7808 7846
f 7807 7846 7845
f 7808 7809 7847
f 7808 7847 7846
f 7809 7810 7848
f 7809 7848 7847
f 7810 7811 7849
f 7810 7849 7848
f 7811 7812 7850
f 7811 7850 7849
f 7812 7813 7851
f 7812 7851 7850
f 7813 7814 7852
f 7813 7852 7851
f 7814 7815 7853
f 7814 7853 7852
f 7815 7816 7854
f 7815 7854 7853
f 7816 7817 7855
f 7816 7855 7854
f 7819 7820 7856
f 7820 7821 7857
f 7820 7857 7856
f 7821 7822 7858
f 7821 7858 7857
f 7822 7823 7859
f 7822 7859 7858
f 7823 7824 7860
f 7823 7860 7859
f 7824 7825 7861
f 7824 7861 7860
f 7825 7826 7862
f 7825 7862 7861
f 7826 7827 7863
f 7826 7863 7862
f 7827 7828 7864
f 7827 7864 7863
f 7828 7829 7865
f 7828 7865 7864
f 7829 7830 7866
f 7829 7866 7865
f 7830 7831 7867
f 7830 7867 7866
f 7831 7832 7868
f 7831 7868 7867
f 7832 7833 7869
f 7832 7869 7868
f 7833 7834 7870
f 7833 7870 7869
f 7834 7835 7871
f 7834 7871 7870
f 7835 7836 7872
f 7835 7872 7871
f 7836 7837 7873
f 7836 7873 7872
f 7837 7838 7874
f 7837 7874 7873
f 7838 7839 7875
f 7838 7875 7874
f 7839 7840 7876
f 7839 7876 7875
f 7840 7841 7877
f 7840 7877 7876
f 7841 7842 7878
f 7841 7878 7877
f 7842 7843 7879
f 7842 7879 7878
f 7843 7844 7880
f 7843 7880 7879
f 7844 7845 7881
f 7844 7881 7880
f 7845 7846 7882
f 7845 7882 7881
f 7846 7847 7883
f 7846 7883 7882
f 7847 7848 7884
f 7847 7884 7883
f 7848 7849 7885
f 7848 7885 7884
f 7849 7850 7886
f 7849 7886 7885
f 7850 7851 7887
f 7850 7887 7886
f 7851 7852 7888
f 7851 7888 7887
f 7852 7853 7889
f 7852 7889 7888
f 7853 7854 7890
f 7853 7890 7889
f 7857 7858 7891
f 7858 7859 7892
f 7858 7892 7891
f 7859 7860 7893
f 7859 7893 7892
f 7860 7861 7894
f 7860 7894 7893
f 7861 7862 7895
f 7861 7895 7894
f 7862 7863 7896
f 7862 7896 7895
f 7863 7864 7897
f 7863 7897 7896
f 7864 7865 7898
f 7864 7898 7897
f 7865 7866 7899
f 7865 7899 7898
f 7866 7867 7900
f 7866 7900 7899
f 7867 7868 7901
f 7867 7901 7900
f 7868 7869 7902
f 7868 7902 7901
f 7869 7870 7903
f 7869 7903 7902
f 7870 7871 7904
f 7870 7904 7903
f 7871 7872 7905
f 7871 7905 7904
f 7872 7873 7906
f 7872 7906 7905
f 7873 7874 7907
f 7873 7907 7906
f 7874 7875 7908
f 7874 7908 7907
f 7875 7876 7909
f 7875 7909 7908
f 7876 7877 7910
f 7876 7910 7909
f 7877 7878 7911
f 7877 7911 7910
f 7878 7879 7912
f 7878 7912 7911
f 7879 7880 7913
f 7879 7913 7912
f 7880 7881 7914
f 7880 7914 7913
f 7881 7882 7915
f 7881 7915 7914
f 7882 7883 7916
f 7882 7916 7915
f 7883 7884 7917
f 7883 7917 7916
f 7884 7885 7918
f 7884 7918 7917
f 7885 7886 7919
f 7885 7919 7918
f 7886 7887 7920
f 7886 7920 7919
f 7887 7888 7921
f 7887 7921 7920
f 7888 7889 7922
f 7888 7922 7921
f 7892 7893 7923
f 7893 7894 7924
f 7893 7924 7923
f 7894 7895 7925
f 7894 7925 7924
f 7895 7896 7926
f 7895 7926 7925
f 7896 7897 7927
f 7896 7927 7926
f 7897 7898 7928
f 7897 7928 7927
f 7898 7899 7929
f 7898 7929 7928
f 7899 7900 7930
f 7899 7930 7929
f 7900 7901 7931
f 7900 7931 7930
f 7901 7902 7932
f 7901 7932 7931
f 7902 7903 7933
f 7902 7933 7932
f 7903 7904 7934
f 7903 7934 7933
f 7904 7905 7935
f 7904 7935 7934
f 7905 7906 7936
f 7905 7936 7935
f 7906 7907 7937
f 7906 7937 7936
f 7907 7908 7938
f 7907 7938 7937
f 7908 7909 7939
f 7908 7939 7938
f 7909 7910 7940
f 7909 7940 7939
f 7910 7911 7941
f 7910 7941 7940
f 7911 7912 7942
f 7911 7942 7941
f 7912 7913 7943
f 7912 7943 7942
f 7913 7914 7944
f 7913 7944 7943
f 7914 7915 7945
f 7914 7945 7944
f 7915 7916 7946
f 7915 7946 7945
f 7916 7917 7947
f 7916 7947 7946
f 7917 7918 7948
f 7917 7948 7947
f 7918 7919 7949
f 7918 7949 7948
f 7929 7930 7950
f 7930 7931 7951
f 7930 7951 7950
f 7931 7932 7952
f 7931 7952 7951
f 7932 7933 7953
f 7932 7953 7952
f 7933 7934 7954
f 7933 7954 7953
f 7934 7935 7955
f 7934 7955 7954
f 7935 7936 7956
f 7935 7956 7955
f 7936 7937 7957
f 7936 7957 7956
f 7937 7938 7958
f 7937 7958 7957
f 7938 7939 7959
f 7938 7959 7958
f 7939 7940 7960
f 7939 7960 7959
f 7940 7941 7961
f 7940 7961 7960
f 7941 7942 7962
f 7941 7962 7961
f 1 7963 7964
f 1 7984 7963
f 2 7965 7966
f 3 7967 7968
f 4 7969 7970
f 5 7971 7972
f 6 7973 7974
f 6 7974 7987
f 7 7975 7976
f 7 7998 7975
f 8 7977 7978
f 9 7979 7980
f 10 7981 7982
f 11 7983 7985
f 19 7989 7990
f 20 7991 7992
f 21 7993 7994
f 21 7994 8001
f 22 7995 7996
f 22 8008 7995
f 23 7997 7999
f 40 8003 8004
f 40 8004 8011
f 41 8005 8006
f 41 8016 8005
f 42 8007 8009
f 63 8013 8014
f 63 8014 8019
f 64 8015 8017
f 64 8021 8015
f 88 8020 8023
f 89 8026 8022
f 114 8024 8029
f 115 8025 8027
f 115 8032 8025
f 114 8029 8030
f 142 8031 8033
f 142 8037 8031
f 170 8036 8039
f 171 8042 8038
f 170 8039 8040
f 200 8041 8043
f 200 8047 8041
f 230 8046 8049
f 231 8051 8048
f 230 8049 8050
f 262 8055 8052
f 261 8053 8054
f 293 8060 8056
f 292 8057 8058
f 324 8059 8061
f 324 8065 8059
f 356 8064 8067
f 357 8069 8066
f 356 8067 8068
f 390 8074 8070
f 389 8071 8072
f 423 8073 8075
f 423 8079 8073
f 457 8078 8081
f 458 8083 8080
f 457 8081 8082
f 493 8087 8084
f 492 8085 8086
f 528 8091 8088
f 527 8089 8090
f 563 8095 8092
f 562 8093 8094
f 598 8099 8096
f 597 8097 8098
f 633 8103 8100
f 632 8101 8102
f 668 8107 8104
f 667 8105 8106
f 703 8111 8108
f 702 8109 8110
f 738 8115 8112
f 737 8113 8114
f 773 8119 8116
f 772 8117 8118
f 808 8123 8120
f 807 8121 8122
f 843 8127 8124
f 842 8125 8126
f 878 8131 8128
f 877 8129 8130
f 913 8135 8132
f 912 8133 8134
f 948 8139 8136
f 947 8137 8138
f 983 8143 8140
f 982 8141 8142
f 1018 8147 8144
f 1017 8145 8146
f 1053 8151 8148
f 1052 8149 8150
f 1088 8155 8152
f 1087 8153 8154
f 1123 8159 8156
f 1122 8157 8158
f 1158 8163 8160
f 1157 8161 8162
f 1193 8167 8164
f 1192 8165 8166
f 1228 8171 8168
f 1227 8169 8170
f 1263 8175 8172
f 1262 8173 8174
f 1298 8179 8176
f 1297 8177 8178
f 1333 8183 8180
f 1332 8181 8182
f 1368 8187 8184
f 1367 8185 8186
f 1403 8191 8188
f 1402 8189 8190
f 1438 8195 8192
f 1437 8193 8194
f 1473 8199 8196
f 1472 8197 8198
f 1508 8203 8200
f 1507 8201 8202
f 1543 8207 8204
f 1542 8205 8206
f 1578 8211 8208
f 1577 8209 8210
f 1613 8215 8212
f 1612 8213 8214
f 1648 8219 8216
f 1647 8217 8218
f 1683 8223 8220
f 1682 8221 8222
f 1718 8227 8224
f 1717 8225 8226
f 1753 8231 8228
f 1752 8229 8230
f 1788 8235 8232
f 1787 8233 8234
f 1823 8239 8236
f 1822 8237 8238
f 1858 8243 8240
f 1857 8241 8242
f 1893 8247 8244
f 1892 8245 8246
f 1928 8251 8248
f 1927 8249 8250
f 1963 8255 8252
f 1962 8253 8254
f 1998 8259 8256
f 1997 8257 8258
f 2033 8263 8260
f 2032 8261 8262
f 2068 8267 8264
f 2067 8265 8266
f 2103 8271 8268
f 2102 8269 8270
f 2138 8275 8272
f 2137 8273 8274
f 2173 8279 8276
f 2172 8277 8278
f 2208 8283 8280
f 2207 8281 8282
f 2243 8287 8284
f 2242 8285 8286
f 2278 8291 8288
f 2277 8289 8290
f 2313 8295 8292
f 2312 8293 8294
f 2348 8299 8296
f 2347 8297 8298
f 2383 8303 8300
f 2382 8301 8302
f 2418 8307 8304
f 2417 8305 8306
f 2453 8311 8308
f 2452 8309 8310
f 2488 8315 8312
f 2487 8313 8314
f 2523 8319 8316
f 2522 8317 8318
f 2558 8323 8320
f 2557 8321 8322
f 2593 8327 8324
f 2592 8325 8326
f 2628 8331 8328
f 2627 8329 8330
f 2663 8335 8332
f 2662 8333 8334
f 2698 8339 8336
f 2697 8337 8338
f 2733 8343 8340
f 2732 8341 8342
f 2768 8347 8344
f 2767 8345 8346
f 2803 8352 8348
f 2802 8349 8350
f 2838 8351 8353
f 2838 8357 8351
f 2874 8356 8359
f 2875 8361 8358
f 2874 8359 8360
f 2912 8365 8362
f 2911 8363 8364
f 2949 8369 8366
f 2948 8367 8368
f 2986 8373 8370
f 2985 8371 8372
f 3023 8377 8374
f 3022 8375 8376
f 3060 8381 8378
f 3059 8379 8380
f 3097 8385 8382
f 3096 8383 8384
f 3134 8390 8386
f 3133 8387 8388
f 3171 8389 8391
f 3171 8395 8389
f 3170 8393 8394
f 3209 8399 8396
f 3208 8397 8398
f 3247 8403 8400
f 3246 8401 8402
f 3285 8407 8404
f 3323 8406 8409
f 3324 8411 8408
f 3323 8409 8410
f 3363 8415 8412
f 3362 8413 8414
f 3402 8419 8416
f 3401 8417 8418
f 3441 8423 8420
f 3440 8421 8422
f 3480 8428 8424
f 3479 8425 8426
f 3519 8427 8429
f 3519 8433 8427
f 3518 8431 8432
f 3559 8437 8434
f 3558 8435 8436
f 3599 8441 8438
f 3639 8440 8443
f 3640 8445 8442
f 3639 8443 8444
f 3681 8449 8446
f 3680 8447 8448
f 3722 8453 8450
f 3721 8451 8452
f 3763 8458 8454
f 3762 8455 8456
f 3804 8457 8459
f 3804 8463 8457
f 3803 8461 8462
f 3846 8467 8464
f 3845 8465 8466
f 3888 8471 8468
f 3887 8469 8470
f 3930 8475 8472
f 3972 8474 8477
f 3973 8479 8476
f 3972 8477 8478
f 4016 8483 8480
f 4015 8481 8482
f 4059 8487 8484
f 4058 8485 8486
f 4102 8492 8488
f 4101 8489 8490
f 4145 8491 8493
f 4145 8497 8491
f 4144 8495 8496
f 4189 8501 8498
f 4233 8500 8503
f 4234 8505 8502
f 4233 8503 8504
f 4279 8509 8506
f 4278 8507 8508
f 4324 8513 8510
f 4323 8511 8512
f 4369 8517 8514
f 4368 8515 8516
f 4414 8522 8518
f 4413 8519 8520
f 4459 8521 8523
f 4459 8527 8521
f 4458 8525 8526
f 4505 8531 8528
f 4504 8529 8530
f 4551 8535 8532
f 4550 8533 8534
f 4597 8539 8536
f 4596 8537 8538
f 4643 8543 8540
f 4689 8542 8545
f 4690 8547 8544
f 4689 8545 8546
f 4737 8551 8548
f 4736 8549 8550
f 4784 8555 8552
f 4783 8553 8554
f 4831 8559 8556
f 4830 8557 8558
f 4878 8563 8560
f 4877 8561 8562
f 4925 8567 8564
f 4924 8565 8566
f 4972 8571 8568
f 4971 8569 8570
f 5019 8575 8572
f 5018 8573 8574
f 5066 8579 8576
f 5065 8577 8578
f 5113 8584 8580
f 5160 8582 8587
f 5161 8583 8585
f 5161 8589 8583
f 5160 8587 8588
f 5210 8593 8590
f 5209 8591 8592
f 5259 8597 8594
f 5258 8595 8596
f 5308 8601 8598
f 5307 8599 8600
f 5357 8605 8602
f 5356 8603 8604
f 5406 8609 8606
f 5405 8607 8608
f 5455 8613 8610
f 5454 8611 8612
f 5504 8617 8614
f 5503 8615 8616
f 5553 8621 8618
f 5552 8619 8620
f 5602 8625 8622
f 5601 8623 8624
f 5651 8629 8626
f 5650 8627 8628
f 5700 8633 8630
f 5699 8631 8632
f 5749 8637 8634
f 5748 8635 8636
f 5798 8641 8638
f 5797 8639 8640
f 5847 8645 8642
f 5846 8643 8644
f 5896 8649 8646
f 5895 8647 8648
f 5945 8653 8650
f 5944 8651 8652
f 5994 8657 8654
f 5993 8655 8656
f 6043 8661 8658
f 6042 8659 8660
f 6092 8665 8662
f 6091 8663 8664
f 6141 8669 8666
f 6140 8667 8668
f 6190 8673 8670
f 6189 8671 8672
f 6239 8677 8674
f 6238 8675 8676
f 6288 8681 8678
f 6287 8679 8680
f 6337 8685 8682
f 6336 8683 8684
f 6386 8689 8686
f 6385 8687 8688
f 6435 8693 8690
f 6434 8691 8692
f 6484 8697 8694
f 6483 8695 8696
f 6533 8701 8698
f 6532 8699 8700
f 6582 8705 8702
f 6581 8703 8704
f 6631 8709 8706
f 6630 8707 8708
f 6631 8710 8709
f 6679 8711 8712
f 6728 8717 8714
f 6727 8715 8716
f 6776 8721 8718
f 6775 8719 8720
f 6824 8725 8722
f 6823 8723 8724
f 6872 8731 8726
f 6871 8728 8730
f 6871 8730 8729
f 6919 8735 8732
f 6918 8733 8734
f 6966 8739 8736
f 6965 8737 8738
f 7013 8743 8740
f 7012 8741 8742
f 7060 8747 8744
f 7059 8745 8746
f 7107 8751 8748
f 7106 8749 8750
f 7154 8755 8752
f 7153 8753 8754
f 7201 8759 8756
f 7200 8757 8758
f 7248 8763 8760
f 7247 8761 8762
f 7295 8767 8764
f 7294 8765 8766
f 7342 8771 8768
f 7341 8769 8770
f 7342 8772 8771
f 7388 8773 8774
f 7435 8781 8776
f 7434 8778 8780
f 7434 8780 8779
f 7480 8785 8782
f 7479 8783 8784
f 7525 8789 8786
f 7524 8787 8788
f 7525 8790 8789
f 7569 8791 8792
f 7614 8799 8794
f 7613 8796 8798
f 7613 8798 8797
f 7614 8800 8799
f 7656 8801 8802
f 7699 8809 8804
f 7698 8806 8808
f 7698 8808 8807
f 7699 8810 8809
f 7739 8811 8812
f 7780 8819 8814
f 7779 8816 8818
f 7779 8818 8817
f 7780 8820 8819
f 7818 8822 8824
f 7818 8824 8823
f 7819 8826 8825
f 7855 8828 8830
f 7855 8830 8829
f 7856 8832 8831
f 7856 8833 8832
f 7890 8836 8838
f 7890 8838 8837
f 7891 8840 8839
f 7891 8841 8840
f 7920 8845 8844
f 7921 8847 8846
f 7922 8848 8850
f 7922 8850 8849
f 7923 8852 8851
f 7923 8853 8852
f 7924 8855 8854
f 7925 8857 8856
f 7926 8859 8858
f 7927 8861 8860
f 7928 8863 8862
f 7943 8867 8866
f 7944 8869 8868
f 7945 8871 8870
f 7946 8873 8872
f 7947 8875 8874
f 7948 8877 8876
f 7949 8878 8880
f 7949 8880 8879
f 7950 8882 8881
f 7950 8883 8882
f 7951 8885 8884
f 7952 8887 8886
f 7953 8889 8888
f 7954 8891 8890
f 7955 8893 8892
f 7956 8895 8894
f 7957 8897 8896
f 7958 8899 8898
f 7959 8901 8900
f 7960 8903 8902
f 7961 8905 8904
f 7962 8906 8908
f 7962 8908 8907
f 7965 2 1
f 7967 3 2
f 7969 4 3
f 7971 5 4
f 7973 6 5
f 7977 8 7
f 7979 9 8
f 7981 10 9
f 7983 11 10
f 7984 1 12
f 7986 12 11
f 7988 18 6
f 7989 19 18
f 7991 20 19
f 7993 21 20
f 7997 23 22
f 7998 7 24
f 8000 24 23
f 8002 39 21
f 8003 40 39
f 8007 42 41
f 8008 22 43
f 8010 43 42
f 8012 62 40
f 8013 63 62
f 8016 41 65
f 8018 65 64
f 8020 88 63
f 8021 64 89
f 8024 114 88
f 8026 89 116
f 8028 116 115
f 8035 141 114
f 8032 115 143
f 8034 143 142
f 8036 170 141
f 8037 142 171
f 8045 199 170
f 8042 171 201
f 8044 201 200
f 8046 230 199
f 8047 200 231
f 8053 261 230
f 8051 231 262
f 8057 292 261
f 8055 262 293
f 8063 323 292
f 8060 293 325
f 8062 325 324
f 8064 356 323
f 8065 324 357
f 8071 389 356
f 8069 357 390
f 8077 422 389
f 8074 390 424
f 8076 424 423
f 8078 457 422
f 8079 423 458
f 8085 492 457
f 8083 458 493
f 8089 527 492
f 8087 493 528
f 8093 562 527
f 8091 528 563
f 8097 597 562
f 8095 563 598
f 8101 632 597
f 8099 598 633
f 8105 667 632
f 8103 633 668
f 8109 702 667
f 8107 668 703
f 8113 737 702
f 8111 703 738
f 8117 772 737
f 8115 738 773
f 8121 807 772
f 8119 773 808
f 8125 842 807
f 8123 808 843
f 8129 877 842
f 8127 843 878
f 8133 912 877
f 8131 878 913
f 8137 947 912
f 8135 913 948
f 8141 982 947
f 8139 948 983
f 8145 1017 982
f 8143 983 1018
f 8149 1052 1017
f 8147 1018 1053
f 8153 1087 1052
f 8151 1053 1088
f 8157 1122 1087
f 8155 1088 1123
f 8161 1157 1122
f 8159 1123 1158
f 8165 1192 1157
f 8163 1158 1193
f 8169 1227 1192
f 8167 1193 1228
f 8173 1262 1227
f 8171 1228 1263
f 8177 1297 1262
f 8175 1263 1298
f 8181 1332 1297
f 8179 1298 1333
f 8185 1367 1332
f 8183 1333 1368
f 8189 1402 1367
f 8187 1368 1403
f 8193 1437 1402
f 8191 1403 1438
f 8197 1472 1437
f 8195 1438 1473
f 8201 1507 1472
f 8199 1473 1508
f 8205 1542 1507
f 8203 1508 1543
f 8209 1577 1542
f 8207 1543 1578
f 8213 1612 1577
f 8211 1578 1613
f 8217 1647 1612
f 8215 1613 1648
f 8221 1682 1647
f 8219 1648 1683
f 8225 1717 1682
f 8223 1683 1718
f 8229 1752 1717
f 8227 1718 1753
f 8233 1787 1752
f 8231 1753 1788
f 8237 1822 1787
f 8235 1788 1823
f 8241 1857 1822
f 8239 1823 1858
f 8245 1892 1857
f 8243 1858 1893
f 8249 1927 1892
f 8247 1893 1928
f 8253 1962 1927
f 8251 1928 1963
f 8257 1997 1962
f 8255 1963 1998
f 8261 2032 1997
f 8259 1998 2033
f 8265 2067 2032
f 8263 2033 2068
f 8269 2102 2067
f 8267 2068 2103
f 8273 2137 2102
f 8271 2103 2138
f 8277 2172 2137
f 8275 2138 2173
f 8281 2207 2172
f 8279 2173 2208
f 8285 2242 2207
f 8283 2208 2243
f 8289 2277 2242
f 8287 2243 2278
f 8293 2312 2277
f 8291 2278 2313
f 8297 2347 2312
f 8295 2313 2348
f 8301 2382 2347
f 8299 2348 2383
f 8305 2417 2382
f 8303 2383 2418
f 8309 2452 2417
f 8307 2418 2453
f 8313 2487 2452
f 8311 2453 2488
f 8317 2522 2487
f 8315 2488 2523
f 8321 2557 2522
f 8319 2523 2558
f 8325 2592 2557
f 8323 2558 2593
f 8329 2627 2592
f 8327 2593 2628
f 8333 2662 2627
f 8331 2628 2663
f 8337 2697 2662
f 8335 2663 2698
f 8341 2732 2697
f 8339 2698 2733
f 8345 2767 2732
f 8343 2733 2768
f 8349 2802 2767
f 8347 2768 2803
f 8355 2837 2802
f 8352 2803 2839
f 8354 2839 2838
f 8356 2874 2837
f 8357 2838 2875
f 8363 2911 2874
f 8361 2875 2912
f 8367 2948 2911
f 8365 2912 2949
f 8371 2985 2948
f 8369 2949 2986
f 8375 3022 2985
f 8373 2986 3023
f 8379 3059 3022
f 8377 3023 3060
f 8383 3096 3059
f 8381 3060 3097
f 8387 3133 3096
f 8385 3097 3134
f 8393 3170 3133
f 8390 3134 3172
f 8392 3172 3171
f 8397 3208 3170
f 8395 3171 3209
f 8401 3246 3208
f 8399 3209 3247
f 8405 3284 3246
f 8403 3247 3285
f 8406 3323 3284
f 8407 3285 3324
f 8413 3362 3323
f 8411 3324 3363
f 8417 3401 3362
f 8415 3363 3402
f 8421 3440 3401
f 8419 3402 3441
f 8425 3479 3440
f 8423 3441 3480
f 8431 3518 3479
f 8428 3480 3520
f 8430 3520 3519
f 8435 3558 3518
f 8433 3519 3559
f 8439 3598 3558
f 8437 3559 3599
f 8440 3639 3598
f 8441 3599 3640
f 8447 3680 3639
f 8445 3640 3681
f 8451 3721 3680
f 8449 3681 3722
f 8455 3762 3721
f 8453 3722 3763
f 8461 3803 3762
f 8458 3763 3805
f 8460 3805 3804
f 8465 3845 3803
f 8463 3804 3846
f 8469 3887 3845
f 8467 3846 3888
f 8473 3929 3887
f 8471 3888 3930
f 8474 3972 3929
f 8475 3930 3973
f 8481 4015 3972
f 8479 3973 4016
f 8485 4058 4015
f 8483 4016 4059
f 8489 4101 4058
f 8487 4059 4102
f 8495 4144 4101
f 8492 4102 4146
f 8494 4146 4145
f 8499 4188 4144
f 8497 4145 4189
f 8500 4233 4188
f 8501 4189 4234
f 8507 4278 4233
f 8505 4234 4279
f 8511 4323 4278
f 8509 4279 4324
f 8515 4368 4323
f 8513 4324 4369
f 8519 4413 4368
f 8517 4369 4414
f 8525 4458 4413
f 8522 4414 4460
f 8524 4460 4459
f 8529 4504 4458
f 8527 4459 4505
f 8533 4550 4504
f 8531 4505 4551
f 8537 4596 4550
f 8535 4551 4597
f 8541 4642 4596
f 8539 4597 4643
f 8542 4689 4642
f 8543 4643 4690
f 8549 4736 4689
f 8547 4690 4737
f 8553 4783 4736
f 8551 4737 4784
f 8557 4830 4783
f 8555 4784 4831
f 8561 4877 4830
f 8559 4831 4878
f 8565 4924 4877
f 8563 4878 4925
f 8569 4971 4924
f 8567 4925 4972
f 8573 5018 4971
f 8571 4972 5019
f 8577 5065 5018
f 8575 5019 5066
f 8581 5112 5065
f 8579 5066 5113
f 8582 5160 5112
f 8584 5113 5162
f 8586 5162 5161
f 8591 5209 5160
f 8589 5161 5210
f 8595 5258 5209
f 8593 5210 5259
f 8599 5307 5258
f 8597 5259 5308
f 8603 5356 5307
f 8601 5308 5357
f 8607 5405 5356
f 8605 5357 5406
f 8611 5454 5405
f 8609 5406 5455
f 8615 5503 5454
f 8613 5455 5504
f 8619 5552 5503
f 8617 5504 5553
f 8623 5601 5552
f 8621 5553 5602
f 8627 5650 5601
f 8625 5602 5651
f 8631 5699 5650
f 8629 5651 5700
f 8635 5748 5699
f 8633 5700 5749
f 8639 5797 5748
f 8637 5749 5798
f 8643 5846 5797
f 8641 5798 5847
f 8647 5895 5846
f 8645 5847 5896
f 8651 5944 5895
f 8649 5896 5945
f 8655 5993 5944
f 8653 5945 5994
f 8659 6042 5993
f 8657 5994 6043
f 8663 6091 6042
f 8661 6043 6092
f 8667 6140 6091
f 8665 6092 6141
f 8671 6189 6140
f 8669 6141 6190
f 8675 6238 6189
f 8673 6190 6239
f 8679 6287 6238
f 8677 6239 6288
f 8683 6336 6287
f 8681 6288 6337
f 8687 6385 6336
f 8685 6337 6386
f 8691 6434 6385
f 8689 6386 6435
f 8695 6483 6434
f 8693 6435 6484
f 8699 6532 6483
f 8697 6484 6533
f 8703 6581 6532
f 8701 6533 6582
f 8707 6630 6581
f 8705 6582 6631
f 8711 6679 6630
f 8710 6631 6680
f 8715 6727 6679
f 8713 6680 6728
f 8719 6775 6727
f 8717 6728 6776
f 8723 6823 6775
f 8721 6776 6824
f 8728 6871 6823
f 8725 6824 6872
f 8727 6870 6871
f 8733 6918 6870
f 8731 6872 6919
f 8737 6965 6918
f 8735 6919 6966
f 8741 7012 6965
f 8739 6966 7013
f 8745 7059 7012
f 8743 7013 7060
f 8749 7106 7059
f 8747 7060 7107
f 8753 7153 7106
f 8751 7107 7154
f 8757 7200 7153
f 8755 7154 7201
f 8761 7247 7200
f 8759 7201 7248
f 8765 7294 7247
f 8763 7248 7295
f 8769 7341 7294
f 8767 7295 7342
f 8773 7388 7341
f 8772 7342 7389
f 8778 7434 7388
f 8775 7389 7435
f 8777 7433 7434
f 8783 7479 7433
f 8781 7435 7480
f 8787 7524 7479
f 8785 7480 7525
f 8791 7569 7524
f 8790 7525 7570
f 8796 7613 7569
f 8793 7570 7614
f 8795 7612 7613
f 8801 7656 7612
f 8800 7614 7657
f 8806 7698 7656
f 8803 7657 7699
f 8805 7697 7698
f 8811 7739 7697
f 8810 7699 7740
f 8816 7779 7739
f 8813 7740 7780
f 8815 7778 7779
f 8822 7818 7778
f 8820 7780 7819
f 8821 7817 7818
f 8828 7855 7817
f 8826 7819 7856
f 8827 7854 7855
f 8836 7890 7854
f 8833 7856 7857
f 8834 7857 7891
f 8835 7889 7890
f 8848 7922 7889
f 8841 7891 7892
f 8842 7892 7923
f 8843 7919 7920
f 8878 7949 7919
f 8845 7920 7921
f 8847 7921 7922
f 8853 7923 7924
f 8855 7924 7925
f 8857 7925 7926
f 8859 7926 7927
f 8861 7927 7928
f 8863 7928 7929
f 8864 7929 7950
f 8865 7942 7943
f 8906 7962 7942
f 8867 7943 7944
f 8869 7944 7945
f 8871 7945 7946
f 8873 7946 7947
f 8875 7947 7948
f 8877 7948 7949
f 8883 7950 7951
f 8885 7951 7952
f 8887 7952 7953
f 8889 7953 7954
f 8891 7954 7955
f 8893 7955 7956
f 8895 7956 7957
f 8897 7957 7958
f 8899 7958 7959
f 8901 7959 7960
f 8903 7960 7961
f 8905 7961 7962
f 7965 1 7964
f 7967 2 7966
f 7969 3 7968
f 7971 4 7970
f 7973 5 7972
f 7977 7 7976
f 7979 8 7978
f 7981 9 7980
f 7983 10 7982
f 7984 12 7986
f 7986 11 7985
f 7988 6 7987
f 7989 18 7988
f 7991 19 7990
f 7993 20 7992
f 7997 22 7996
f 7998 24 8000
f 8000 23 7999
f 8002 21 8001
f 8003 39 8002
f 8007 41 8006
f 8008 43 8010
f 8010 42 8009
f 8012 40 8011
f 8013 62 8012
f 8016 65 8018
f 8018 64 8017
f 8020 63 8019
f 8021 89 8022
f 8024 88 8023
f 8026 116 8028
f 8028 115 8027
f 8035 114 8030
f 8032 143 8034
f 8034 142 8033
f 8036 141 8035
f 8037 171 8038
f 8045 170 8040
f 8042 201 8044
f 8044 200 8043
f 8046 199 8045
f 8047 231 8048
f 8053 230 8050
f 8051 262 8052
f 8057 261 8054
f 8055 293 8056
f 8063 292 8058
f 8060 325 8062
f 8062 324 8061
f 8064 323 8063
f 8065 357 8066
f 8071 356 8068
f 8069 390 8070
f 8077 389 8072
f 8074 424 8076
f 8076 423 8075
f 8078 422 8077
f 8079 458 8080
f 8085 457 8082
f 8083 493 8084
f 8089 492 8086
f 8087 528 8088
f 8093 527 8090
f 8091 563 8092
f 8097 562 8094
f 8095 598 8096
f 8101 597 8098
f 8099 633 8100
f 8105 632 8102
f 8103 668 8104
f 8109 667 8106
f 8107 703 8108
f 8113 702 8110
f 8111 738 8112
f 8117 737 8114
f 8115 773 8116
f 8121 772 8118
f 8119 808 8120
f 8125 807 8122
f 8123 843 8124
f 8129 842 8126
f 8127 878 8128
f 8133 877 8130
f 8131 913 8132
f 8137 912 8134
f 8135 948 8136
f 8141 947 8138
f 8139 983 8140
f 8145 982 8142
f 8143 1018 8144
f 8149 1017 8146
f 8147 1053 8148
f 8153 1052 8150
f 8151 1088 8152
f 8157 1087 8154
f 8155 1123 8156
f 8161 1122 8158
f 8159 1158 8160
f 8165 1157 8162
f 8163 1193 8164
f 8169 1192 8166
f 8167 1228 8168
f 8173 1227 8170
f 8171 1263 8172
f 8177 1262 8174
f 8175 1298 8176
f 8181 1297 8178
f 8179 1333 8180
f 8185 1332 8182
f 8183 1368 8184
f 8189 1367 8186
f 8187 1403 8188
f 8193 1402 8190
f 8191 1438 8192
f 8197 1437 8194
f 8195 1473 8196
f 8201 1472 8198
f 8199 1508 8200
f 8205 1507 8202
f 8203 1543 8204
f 8209 1542 8206
f 8207 1578 8208
f 8213 1577 8210
f 8211 1613 8212
f 8217 1612 8214
f 8215 1648 8216
f 8221 1647 8218
f 8219 1683 8220
f 8225 1682 8222
f 8223 1718 8224
f 8229 1717 8226
f 8227 1753 8228
f 8233 1752 8230
f 8231 1788 8232
f 8237 1787 8234
f 8235 1823 8236
f 8241 1822 8238
f 8239 1858 8240
f 8245 1857 8242
f 8243 1893 8244
f 8249 1892 8246
f 8247 1928 8248
f 8253 1927 8250
f 8251 1963 8252
f 8257 1962 8254
f 8255 1998 8256
f 8261 1997 8258
f 8259 2033 8260
f 8265 2032 8262
f 8263 2068 8264
f 8269 2067 8266
f 8267 2103 8268
f 8273 2102 8270
f 8271 2138 8272
f 8277 2137 8274
f 8275 2173 8276
f 8281 2172 8278
f 8279 2208 8280
f 8285 2207 8282
f 8283 2243 8284
f 8289 2242 8286
f 8287 2278 8288
f 8293 2277 8290
f 8291 2313 8292
f 8297 2312 8294
f 8295 2348 8296
f 8301 2347 8298
f 8299 2383 8300
f 8305 2382 8302
f 8303 2418 8304
f 8309 2417 8306
f 8307 2453 8308
f 8313 2452 8310
f 8311 2488 8312
f 8317 2487 8314
f 8315 2523 8316
f 8321 2522 8318
f 8319 2558 8320
f 8325 2557 8322
f 8323 2593 8324
f 8329 2592 8326
f 8327 2628 8328
f 8333 2627 8330
f 8331 2663 8332
f 8337 2662 8334
f 8335 2698 8336
f 8341 2697 8338
f 8339 2733 8340
f 8345 2732 8342
f 8343 2768 8344
f 8349 2767 8346
f 8347 2803 8348
f 8355 2802 8350
f 8352 2839 8354
f 8354 2838 8353
f 8356 2837 8355
f 8357 2875 8358
f 8363 2874 8360
f 8361 2912 8362
f 8367 2911 8364
f 8365 2949 8366
f 8371 2948 8368
f 8369 2986 8370
f 8375 2985 8372
f 8373 3023 8374
f 8379 3022 8376
f 8377 3060 8378
f 8383 3059 8380
f 8381 3097 8382
f 8387 3096 8384
f 8385 3134 8386
f 8393 3133 8388
f 8390 3172 8392
f 8392 3171 8391
f 8397 3170 8394
f 8395 3209 8396
f 8401 3208 8398
f 8399 3247 8400
f 8405 3246 8402
f 8403 3285 8404
f 8406 3284 8405
f 8407 3324 8408
f 8413 3323 8410
f 8411 3363 8412
f 8417 3362 8414
f 8415 3402 8416
f 8421 3401 8418
f 8419 3441 8420
f 8425 3440 8422
f 8423 3480 8424
f 8431 3479 8426
f 8428 3520 8430
f 8430 3519 8429
f 8435 3518 8432
f 8433 3559 8434
f 8439 3558 8436
f 8437 3599 8438
f 8440 3598 8439
f 8441 3640 8442
f 8447 3639 8444
f 8445 3681 8446
f 8451 3680 8448
f 8449 3722 8450
f 8455 3721 8452
f 8453 3763 8454
f 8461 3762 8456
f 8458 3805 8460
f 8460 3804 8459
f 8465 3803 8462
f 8463 3846 8464
f 8469 3845 8466
f 8467 3888 8468
f 8473 3887 8470
f 8471 3930 8472
f 8474 3929 8473
f 8475 3973 8476
f 8481 3972 8478
f 8479 4016 8480
f 8485 4015 8482
f 8483 4059 8484
f 8489 4058 8486
f 8487 4102 8488
f 8495 4101 8490
f 8492 4146 8494
f 8494 4145 8493
f 8499 4144 8496
f 8497 4189 8498
f 8500 4188 8499
f 8501 4234 8502
f 8507 4233 8504
f 8505 4279 8506
f 8511 4278 8508
f 8509 4324 8510
f 8515 4323 8512
f 8513 4369 8514
f 8519 4368 8516
f 8517 4414 8518
f 8525 4413 8520
f 8522 4460 8524
f 8524 4459 8523
f 8529 4458 8526
f 8527 4505 8528
f 8533 4504 8530
f 8531 4551 8532
f 8537 4550 8534
f 8535 4597 8536
f 8541 4596 8538
f 8539 4643 8540
f 8542 4642 8541
f 8543 4690 8544
f 8549 4689 8546
f 8547 4737 8548
f 8553 4736 8550
f 8551 4784 8552
f 8557 4783 8554
f 8555 4831 8556
f 8561 4830 8558
f 8559 4878 8560
f 8565 4877 8562
f 8563 4925 8564
f 8569 4924 8566
f 8567 4972 8568
f 8573 4971 8570
f 8571 5019 8572
f 8577 5018 8574
f 8575 5066 8576
f 8581 5065 8578
f 8579 5113 8580
f 8582 5112 8581
f 8584 5162 8586
f 8586 5161 8585
f 8591 5160 8588
f 8589 5210 8590
f 8595 5209 8592
f 8593 5259 8594
f 8599 5258 8596
f 8597 5308 8598
f 8603 5307 8600
f 8601 5357 8602
f 8607 5356 8604
f 8605 5406 8606
f 8611 5405 8608
f 8609 5455 8610
f 8615 5454 8612
f 8613 5504 8614
f 8619 5503 8616
f 8617 5553 8618
f 8623 5552 8620
f 8621 5602 8622
f 8627 5601 8624
f 8625 5651 8626
f 8631 5650 8628
f 8629 5700 8630
f 8635 5699 8632
f 8633 5749 8634
f 8639 5748 8636
f 8637 5798 8638
f 8643 5797 8640
f 8641 5847 8642
f 8647 5846 8644
f 8645 5896 8646
f 8651 5895 8648
f 8649 5945 8650
f 8655 5944 8652
f 8653 5994 8654
f 8659 5993 8656
f 8657 6043 8658
f 8663 6042 8660
f 8661 6092 8662
f 8667 6091 8664
f 8665 6141 8666
f 8671 6140 8668
f 8669 6190 8670
f 8675 6189 8672
f 8673 6239 8674
f 8679 6238 8676
f 8677 6288 8678
f 8683 6287 8680
f 8681 6337 8682
f 8687 6336 8684
f 8685 6386 8686
f 8691 6385 8688
f 8689 6435 8690
f 8695 6434 8692
f 8693 6484 8694
f 8699 6483 8696
f 8697 6533 8698
f 8703 6532 8700
f 8701 6582 8702
f 8707 6581 8704
f 8705 6631 8706
f 8711 6630 8708
f 8710 6680 8713
f 8715 6679 8712
f 8713 6728 8714
f 8719 6727 8716
f 8717 6776 8718
f 8723 6775 8720
f 8721 6824 8722
f 8728 6823 8724
f 8725 6872 8726
f 8727 6871 8729
f 8733 6870 8727
f 8731 6919 8732
f 8737 6918 8734
f 8735 6966 8736
f 8741 6965 8738
f 8739 7013 8740
f 8745 7012 8742
f 8743 7060 8744
f 8749 7059 8746
f 8747 7107 8748
f 8753 7106 8750
f 8751 7154 8752
f 8757 7153 8754
f 8755 7201 8756
f 8761 7200 8758
f 8759 7248 8760
f 8765 7247 8762
f 8763 7295 8764
f 8769 7294 8766
f 8767 7342 8768
f 8773 7341 8770
f 8772 7389 8775
f 8778 7388 8774
f 8775 7435 8776
f 8777 7434 8779
f 8783 7433 8777
f 8781 7480 8782
f 8787 7479 8784
f 8785 7525 8786
f 8791 7524 8788
f 8790 7570 8793
f 8796 7569 8792
f 8793 7614 8794
f 8795 7613 8797
f 8801 7612 8795
f 8800 7657 8803
f 8806 7656 8802
f 8803 7699 8804
f 8805 7698 8807
f 8811 7697 8805
f 8810 7740 8813
f 8816 7739 8812
f 8813 7780 8814
f 8815 7779 8817
f 8822 7778 8815
f 8820 7819 8825
f 8821 7818 8823
f 8828 7817 8821
f 8826 7856 8831
f 8827 7855 8829
f 8836 7854 8827
f 8833 7857 8834
f 8834 7891 8839
f 8835 7890 8837
f 8848 7889 8835
f 8841 7892 8842
f 8842 7923 8851
f 8843 7920 8844
f 8878 7919 8843
f 8845 7921 8846
f 8847 7922 8849
f 8853 7924 8854
f 8855 7925 8856
f 8857 7926 8858
f 8859 7927 8860
f 8861 7928 8862
f 8863 7929 8864
f 8864 7950 8881
f 8865 7943 8866
f 8906 7942 8865
f 8867 7944 8868
f 8869 7945 8870
f 8871 7946 8872
f 8873 7947 8874
f 8875 7948 8876
f 8877 7949 8879
f 8883 7951 8884
f 8885 7952 8886
f 8887 7953 8888
f 8889 7954 8890
f 8891 7955 8892
f 8893 7956 8894
f 8895 7957 8896
f 8897 7958 8898
f 8899 7959 8900
f 8901 7960 8902
f 8903 7961 8904
f 8905 7962 8907

